  0
SECTION
  2
HEADER
  9
$ACADVER
  1
AC1027
  9
$ACADMAINTVER
 70
105
  9
$DWGCODEPAGE
  3
ANSI_1252
  9
$LASTSAVEDBY
  1
ezdxf
  9
$REQUIREDVERSIONS
160
0
  9
$INSBASE
 10
0.0
 20
0.0
 30
0.0
  9
$EXTMIN
 10
1e+20
 20
1e+20
 30
1e+20
  9
$EXTMAX
 10
-1e+20
 20
-1e+20
 30
-1e+20
  9
$LIMMIN
 10
0.0
 20
0.0
  9
$LIMMAX
 10
420.0
 20
297.0
  9
$ORTHOMODE
 70
0
  9
$REGENMODE
 70
1
  9
$FILLMODE
 70
1
  9
$QTEXTMODE
 70
0
  9
$MIRRTEXT
 70
1
  9
$LTSCALE
 40
1.0
  9
$ATTMODE
 70
1
  9
$TEXTSIZE
 40
2.5
  9
$TRACEWID
 40
1.0
  9
$TEXTSTYLE
  7
Standard
  9
$CLAYER
  8
0
  9
$CELTYPE
  6
ByLayer
  9
$CECOLOR
 62
256
  9
$CELTSCALE
 40
1.0
  9
$DISPSILH
 70
0
  9
$DIMSCALE
 40
1.0
  9
$DIMASZ
 40
2.5
  9
$DIMEXO
 40
0.625
  9
$DIMDLI
 40
3.75
  9
$DIMRND
 40
0.0
  9
$DIMDLE
 40
0.0
  9
$DIMEXE
 40
1.25
  9
$DIMTP
 40
0.0
  9
$DIMTM
 40
0.0
  9
$DIMTXT
 40
2.5
  9
$DIMCEN
 40
2.5
  9
$DIMTSZ
 40
0.0
  9
$DIMTOL
 70
0
  9
$DIMLIM
 70
0
  9
$DIMTIH
 70
0
  9
$DIMTOH
 70
0
  9
$DIMSE1
 70
0
  9
$DIMSE2
 70
0
  9
$DIMTAD
 70
1
  9
$DIMZIN
 70
8
  9
$DIMBLK
  1

  9
$DIMASO
 70
1
  9
$DIMSHO
 70
1
  9
$DIMPOST
  1

  9
$DIMAPOST
  1

  9
$DIMALT
 70
0
  9
$DIMALTD
 70
3
  9
$DIMALTF
 40
0.03937007874
  9
$DIMLFAC
 40
1.0
  9
$DIMTOFL
 70
1
  9
$DIMTVP
 40
0.0
  9
$DIMTIX
 70
0
  9
$DIMSOXD
 70
0
  9
$DIMSAH
 70
0
  9
$DIMBLK1
  1

  9
$DIMBLK2
  1

  9
$DIMSTYLE
  2
ISO-25
  9
$DIMCLRD
 70
0
  9
$DIMCLRE
 70
0
  9
$DIMCLRT
 70
0
  9
$DIMTFAC
 40
1.0
  9
$DIMGAP
 40
0.625
  9
$DIMJUST
 70
0
  9
$DIMSD1
 70
0
  9
$DIMSD2
 70
0
  9
$DIMTOLJ
 70
0
  9
$DIMTZIN
 70
8
  9
$DIMALTZ
 70
0
  9
$DIMALTTZ
 70
0
  9
$DIMUPT
 70
0
  9
$DIMDEC
 70
2
  9
$DIMTDEC
 70
2
  9
$DIMALTU
 70
2
  9
$DIMALTTD
 70
3
  9
$DIMTXSTY
  7
Standard
  9
$DIMAUNIT
 70
0
  9
$DIMADEC
 70
0
  9
$DIMALTRND
 40
0.0
  9
$DIMAZIN
 70
0
  9
$DIMDSEP
 70
44
  9
$DIMATFIT
 70
3
  9
$DIMFRAC
 70
0
  9
$DIMLDRBLK
  1

  9
$DIMLUNIT
 70
2
  9
$DIMLWD
 70
-2
  9
$DIMLWE
 70
-2
  9
$DIMTMOVE
 70
0
  9
$DIMFXL
 40
1.0
  9
$DIMFXLON
 70
0
  9
$DIMJOGANG
 40
0.785398163397
  9
$DIMTFILL
 70
0
  9
$DIMTFILLCLR
 70
0
  9
$DIMARCSYM
 70
0
  9
$DIMLTYPE
  6

  9
$DIMLTEX1
  6

  9
$DIMLTEX2
  6

  9
$DIMTXTDIRECTION
 70
0
  9
$LUNITS
 70
2
  9
$LUPREC
 70
4
  9
$SKETCHINC
 40
1.0
  9
$FILLETRAD
 40
10.0
  9
$AUNITS
 70
0
  9
$AUPREC
 70
2
  9
$MENU
  1
.
  9
$ELEVATION
 40
0.0
  9
$PELEVATION
 40
0.0
  9
$THICKNESS
 40
0.0
  9
$LIMCHECK
 70
0
  9
$CHAMFERA
 40
0.0
  9
$CHAMFERB
 40
0.0
  9
$CHAMFERC
 40
0.0
  9
$CHAMFERD
 40
0.0
  9
$SKPOLY
 70
0
  9
$TDCREATE
 40
2461246.532349537
  9
$TDUCREATE
 40
2458532.153996898
  9
$TDUPDATE
 40
2461246.532349537
  9
$TDUUPDATE
 40
2458532.1544311
  9
$TDINDWG
 40
0.0
  9
$TDUSRTIMER
 40
0.0
  9
$USRTIMER
 70
1
  9
$ANGBASE
 50
0.0
  9
$ANGDIR
 70
0
  9
$PDMODE
 70
0
  9
$PDSIZE
 40
0.0
  9
$PLINEWID
 40
0.0
  9
$SPLFRAME
 70
0
  9
$SPLINETYPE
 70
6
  9
$SPLINESEGS
 70
8
  9
$HANDSEED
  5
976
  9
$SURFTAB1
 70
6
  9
$SURFTAB2
 70
6
  9
$SURFTYPE
 70
6
  9
$SURFU
 70
6
  9
$SURFV
 70
6
  9
$UCSBASE
  2

  9
$UCSNAME
  2

  9
$UCSORG
 10
0.0
 20
0.0
 30
0.0
  9
$UCSXDIR
 10
1.0
 20
0.0
 30
0.0
  9
$UCSYDIR
 10
0.0
 20
1.0
 30
0.0
  9
$UCSORTHOREF
  2

  9
$UCSORTHOVIEW
 70
0
  9
$UCSORGTOP
 10
0.0
 20
0.0
 30
0.0
  9
$UCSORGBOTTOM
 10
0.0
 20
0.0
 30
0.0
  9
$UCSORGLEFT
 10
0.0
 20
0.0
 30
0.0
  9
$UCSORGRIGHT
 10
0.0
 20
0.0
 30
0.0
  9
$UCSORGFRONT
 10
0.0
 20
0.0
 30
0.0
  9
$UCSORGBACK
 10
0.0
 20
0.0
 30
0.0
  9
$PUCSBASE
  2

  9
$PUCSNAME
  2

  9
$PUCSORG
 10
0.0
 20
0.0
 30
0.0
  9
$PUCSXDIR
 10
1.0
 20
0.0
 30
0.0
  9
$PUCSYDIR
 10
0.0
 20
1.0
 30
0.0
  9
$PUCSORTHOREF
  2

  9
$PUCSORTHOVIEW
 70
0
  9
$PUCSORGTOP
 10
0.0
 20
0.0
 30
0.0
  9
$PUCSORGBOTTOM
 10
0.0
 20
0.0
 30
0.0
  9
$PUCSORGLEFT
 10
0.0
 20
0.0
 30
0.0
  9
$PUCSORGRIGHT
 10
0.0
 20
0.0
 30
0.0
  9
$PUCSORGFRONT
 10
0.0
 20
0.0
 30
0.0
  9
$PUCSORGBACK
 10
0.0
 20
0.0
 30
0.0
  9
$USERI1
 70
0
  9
$USERI2
 70
0
  9
$USERI3
 70
0
  9
$USERI4
 70
0
  9
$USERI5
 70
0
  9
$USERR1
 40
0.0
  9
$USERR2
 40
0.0
  9
$USERR3
 40
0.0
  9
$USERR4
 40
0.0
  9
$USERR5
 40
0.0
  9
$WORLDVIEW
 70
1
  9
$SHADEDGE
 70
3
  9
$SHADEDIF
 70
70
  9
$TILEMODE
 70
1
  9
$MAXACTVP
 70
64
  9
$PINSBASE
 10
0.0
 20
0.0
 30
0.0
  9
$PLIMCHECK
 70
0
  9
$PEXTMIN
 10
1e+20
 20
1e+20
 30
1e+20
  9
$PEXTMAX
 10
-1e+20
 20
-1e+20
 30
-1e+20
  9
$PLIMMIN
 10
0.0
 20
0.0
  9
$PLIMMAX
 10
420.0
 20
297.0
  9
$UNITMODE
 70
0
  9
$VISRETAIN
 70
1
  9
$PLINEGEN
 70
0
  9
$PSLTSCALE
 70
1
  9
$TREEDEPTH
 70
3020
  9
$CMLSTYLE
  2
Standard
  9
$CMLJUST
 70
0
  9
$CMLSCALE
 40
20.0
  9
$PROXYGRAPHICS
 70
1
  9
$MEASUREMENT
 70
1
  9
$CELWEIGHT
370
-1
  9
$ENDCAPS
280
0
  9
$JOINSTYLE
280
0
  9
$LWDISPLAY
290
0
  9
$INSUNITS
 70
4
  9
$HYPERLINKBASE
  1

  9
$STYLESHEET
  1

  9
$XEDIT
290
1
  9
$CEPSNTYPE
380
0
  9
$PSTYLEMODE
290
1
  9
$FINGERPRINTGUID
  2
{23A60B82-60F6-4364-9D10-E4E290EDDB7F}
  9
$VERSIONGUID
  2
{5F32C2FB-1265-43A0-AD82-8F22EB08BA14}
  9
$EXTNAMES
290
1
  9
$PSVPSCALE
 40
0.0
  9
$OLESTARTUP
290
0
  9
$SORTENTS
280
127
  9
$INDEXCTL
280
0
  9
$HIDETEXT
280
1
  9
$XCLIPFRAME
280
1
  9
$HALOGAP
280
0
  9
$OBSCOLOR
 70
257
  9
$OBSLTYPE
280
0
  9
$INTERSECTIONDISPLAY
280
0
  9
$INTERSECTIONCOLOR
 70
257
  9
$DIMASSOC
280
2
  9
$PROJECTNAME
  1

  9
$CAMERADISPLAY
290
0
  9
$LENSLENGTH
 40
50.0
  9
$CAMERAHEIGHT
 40
0.0
  9
$STEPSPERSEC
 40
24.0
  9
$STEPSIZE
 40
100.0
  9
$3DDWFPREC
 40
2.0
  9
$PSOLWIDTH
 40
0.005
  9
$PSOLHEIGHT
 40
0.08
  9
$LOFTANG1
 40
1.570796326795
  9
$LOFTANG2
 40
1.570796326795
  9
$LOFTMAG1
 40
0.0
  9
$LOFTMAG2
 40
0.0
  9
$LOFTPARAM
 70
7
  9
$LOFTNORMALS
280
1
  9
$LATITUDE
 40
37.795
  9
$LONGITUDE
 40
-122.394
  9
$NORTHDIRECTION
 40
0.0
  9
$TIMEZONE
 70
-8000
  9
$LIGHTGLYPHDISPLAY
280
1
  9
$TILEMODELIGHTSYNCH
280
1
  9
$CMATERIAL
347
20
  9
$SOLIDHIST
280
0
  9
$SHOWHIST
280
1
  9
$DWFFRAME
280
2
  9
$DGNFRAME
280
2
  9
$REALWORLDSCALE
290
1
  9
$INTERFERECOLOR
 62
256
  9
$CSHADOW
280
0
  9
$SHADOWPLANELOCATION
 40
0.0
  0
ENDSEC
  0
SECTION
  2
CLASSES
  0
CLASS
  1
ACDBDICTIONARYWDFLT
  2
AcDbDictionaryWithDefault
  3
ObjectDBX Classes
 90
0
 91
0
280
0
281
0
  0
CLASS
  1
SUN
  2
AcDbSun
  3
SCENEOE
 90
1153
 91
0
280
0
281
0
  0
CLASS
  1
VISUALSTYLE
  2
AcDbVisualStyle
  3
ObjectDBX Classes
 90
4095
 91
0
280
0
281
0
  0
CLASS
  1
MATERIAL
  2
AcDbMaterial
  3
ObjectDBX Classes
 90
1153
 91
0
280
0
281
0
  0
CLASS
  1
SCALE
  2
AcDbScale
  3
ObjectDBX Classes
 90
1153
 91
0
280
0
281
0
  0
CLASS
  1
TABLESTYLE
  2
AcDbTableStyle
  3
ObjectDBX Classes
 90
4095
 91
0
280
0
281
0
  0
CLASS
  1
MLEADERSTYLE
  2
AcDbMLeaderStyle
  3
ACDB_MLEADERSTYLE_CLASS
 90
4095
 91
0
280
0
281
0
  0
CLASS
  1
DICTIONARYVAR
  2
AcDbDictionaryVar
  3
ObjectDBX Classes
 90
0
 91
0
280
0
281
0
  0
CLASS
  1
CELLSTYLEMAP
  2
AcDbCellStyleMap
  3
ObjectDBX Classes
 90
1152
 91
0
280
0
281
0
  0
CLASS
  1
MENTALRAYRENDERSETTINGS
  2
AcDbMentalRayRenderSettings
  3
SCENEOE
 90
1024
 91
0
280
0
281
0
  0
CLASS
  1
ACDBDETAILVIEWSTYLE
  2
AcDbDetailViewStyle
  3
ObjectDBX Classes
 90
1025
 91
0
280
0
281
0
  0
CLASS
  1
ACDBSECTIONVIEWSTYLE
  2
AcDbSectionViewStyle
  3
ObjectDBX Classes
 90
1025
 91
0
280
0
281
0
  0
CLASS
  1
RASTERVARIABLES
  2
AcDbRasterVariables
  3
ISM
 90
0
 91
0
280
0
281
0
  0
CLASS
  1
ACDBPLACEHOLDER
  2
AcDbPlaceHolder
  3
ObjectDBX Classes
 90
0
 91
0
280
0
281
0
  0
CLASS
  1
LAYOUT
  2
AcDbLayout
  3
ObjectDBX Classes
 90
0
 91
0
280
0
281
0
  0
ENDSEC
  0
SECTION
  2
TABLES
  0
TABLE
  2
VPORT
  5
8
330
0
100
AcDbSymbolTable
 70
1
  0
VPORT
  5
23
330
8
100
AcDbSymbolTableRecord
100
AcDbViewportTableRecord
  2
*Active
 70
0
 10
0.0
 20
0.0
 11
1.0
 21
1.0
 12
0.0
 22
0.0
 13
0.0
 23
0.0
 14
0.5
 24
0.5
 15
0.5
 25
0.5
 16
0.0
 26
0.0
 36
1.0
 17
0.0
 27
0.0
 37
0.0
 40
1000.0
 41
1.34
 42
50.0
 43
0.0
 44
0.0
 50
0.0
 51
0.0
 71
0
 72
1000
 73
1
 74
3
 75
0
 76
0
 77
0
 78
0
281
0
 65
0
146
0.0
  0
ENDTAB
  0
TABLE
  2
LTYPE
  5
2
330
0
100
AcDbSymbolTable
 70
3
  0
LTYPE
  5
24
330
2
100
AcDbSymbolTableRecord
100
AcDbLinetypeTableRecord
  2
ByBlock
 70
0
  3

 72
65
 73
0
 40
0.0
  0
LTYPE
  5
25
330
2
100
AcDbSymbolTableRecord
100
AcDbLinetypeTableRecord
  2
ByLayer
 70
0
  3

 72
65
 73
0
 40
0.0
  0
LTYPE
  5
26
330
2
100
AcDbSymbolTableRecord
100
AcDbLinetypeTableRecord
  2
Continuous
 70
0
  3

 72
65
 73
0
 40
0.0
  0
ENDTAB
  0
TABLE
  2
LAYER
  5
1
330
0
100
AcDbSymbolTable
 70
8
  0
LAYER
  5
27
330
1
100
AcDbSymbolTableRecord
100
AcDbLayerTableRecord
  2
0
 70
0
 62
7
  6
Continuous
370
-3
390
13
347
21
  0
LAYER
  5
28
330
1
100
AcDbSymbolTableRecord
100
AcDbLayerTableRecord
  2
Defpoints
 70
0
 62
7
  6
Continuous
290
0
370
-3
390
13
347
21
  0
LAYER
  5
2F
330
1
100
AcDbSymbolTableRecord
100
AcDbLayerTableRecord
  2
CUT
 70
0
 62
7
  6
Continuous
370
-3
390
13
347
21
  0
LAYER
  5
30
330
1
100
AcDbSymbolTableRecord
100
AcDbLayerTableRecord
  2
POCKET
 70
0
 62
7
  6
Continuous
370
-3
390
13
347
21
  0
LAYER
  5
31
330
1
100
AcDbSymbolTableRecord
100
AcDbLayerTableRecord
  2
CHAMFER
 70
0
 62
7
  6
Continuous
370
-3
390
13
347
21
  0
LAYER
  5
32
330
1
100
AcDbSymbolTableRecord
100
AcDbLayerTableRecord
  2
COUNTERSINK
 70
0
 62
7
  6
Continuous
370
-3
390
13
347
21
  0
LAYER
  5
33
330
1
100
AcDbSymbolTableRecord
100
AcDbLayerTableRecord
  2
ANNOTATION
 70
0
 62
7
  6
Continuous
370
-3
390
13
347
21
  0
LAYER
  5
34
330
1
100
AcDbSymbolTableRecord
100
AcDbLayerTableRecord
  2
DIMENSION
 70
0
 62
7
  6
Continuous
370
-3
390
13
347
21
  0
ENDTAB
  0
TABLE
  2
STYLE
  5
5
330
0
100
AcDbSymbolTable
 70
1
  0
STYLE
  5
29
330
5
100
AcDbSymbolTableRecord
100
AcDbTextStyleTableRecord
  2
Standard
 70
0
 40
0.0
 41
1.0
 50
0.0
 71
0
 42
2.5
  3
txt
  4

  0
ENDTAB
  0
TABLE
  2
VIEW
  5
7
330
0
100
AcDbSymbolTable
 70
0
  0
ENDTAB
  0
TABLE
  2
UCS
  5
6
330
0
100
AcDbSymbolTable
 70
0
  0
ENDTAB
  0
TABLE
  2
APPID
  5
3
330
0
100
AcDbSymbolTable
 70
3
  0
APPID
  5
2A
330
3
100
AcDbSymbolTableRecord
100
AcDbRegAppTableRecord
  2
ACAD
 70
0
  0
APPID
  5
973
330
3
100
AcDbSymbolTableRecord
100
AcDbRegAppTableRecord
  2
HATCHBACKGROUNDCOLOR
 70
0
  0
APPID
  5
974
330
3
100
AcDbSymbolTableRecord
100
AcDbRegAppTableRecord
  2
EZDXF
 70
0
  0
ENDTAB
  0
TABLE
  2
DIMSTYLE
  5
4
330
0
100
AcDbSymbolTable
 70
1
100
AcDbDimStyleTable
  0
DIMSTYLE
105
2B
330
4
100
AcDbSymbolTableRecord
100
AcDbDimStyleTableRecord
  2
Standard
 70
0
 40
1.0
 41
2.5
 42
0.625
 43
3.75
 44
1.25
 45
0.0
 46
0.0
 47
0.0
 48
0.0
 49
2.5
140
2.5
141
2.5
142
0.0
143
0.03937007874
144
1.0
145
0.0
146
1.0
147
0.625
148
0.0
 69
0
 70
0
 71
0
 72
0
 73
0
 74
0
 75
0
 76
0
 77
1
 78
8
 79
3
170
0
171
3
172
1
173
0
174
0
175
0
176
0
177
0
178
0
179
2
271
2
272
2
273
2
274
3
275
0
276
0
277
2
278
44
279
0
280
0
281
0
282
0
283
0
284
8
285
0
286
0
288
0
289
3
290
0
371
-2
372
-2
  0
ENDTAB
  0
TABLE
  2
BLOCK_RECORD
  5
9
330
0
100
AcDbSymbolTable
 70
2
  0
BLOCK_RECORD
  5
17
330
9
100
AcDbSymbolTableRecord
100
AcDbBlockTableRecord
  2
*Model_Space
340
1A
 70
0
280
1
281
0
  0
BLOCK_RECORD
  5
1B
330
9
100
AcDbSymbolTableRecord
100
AcDbBlockTableRecord
  2
*Paper_Space
340
1E
 70
0
280
1
281
0
  0
ENDTAB
  0
ENDSEC
  0
SECTION
  2
BLOCKS
  0
BLOCK
  5
18
330
17
100
AcDbEntity
  8
0
100
AcDbBlockBegin
  2
*Model_Space
 70
0
 10
0.0
 20
0.0
 30
0.0
  3
*Model_Space
  1

  0
ENDBLK
  5
19
330
17
100
AcDbEntity
  8
0
100
AcDbBlockEnd
  0
BLOCK
  5
1C
330
1B
100
AcDbEntity
  8
0
100
AcDbBlockBegin
  2
*Paper_Space
 70
0
 10
0.0
 20
0.0
 30
0.0
  3
*Paper_Space
  1

  0
ENDBLK
  5
1D
330
1B
100
AcDbEntity
  8
0
100
AcDbBlockEnd
  0
ENDSEC
  0
SECTION
  2
ENTITIES
  0
LINE
  5
35
330
17
100
AcDbEntity
  8
ANNOTATION
100
AcDbLine
 10
0.0
 20
409.708806432025
 30
0.0
 11
1090.000971295535
 21
409.7088064320253
 31
0.0
  0
MTEXT
  5
36
102
{ACAD_XDICTIONARY
360
37
102
}
330
17
100
AcDbEntity
  8
CUT
  6
JIS_09_08
100
AcDbMText
 10
384.9358439796995
 20
317.0345978421383
 30
0.0
 40
10.0
 41
327.756144
 46
0.0
 71
1
 72
5
  1
{\fISOCPEUR|b0|i0|c0|p34;3mm (x1)}
1001
ACAD
1000
ACAD_MTEXT_COLUMN_INFO_BEGIN
1070
75
1070
2
1070
79
1070
0
1070
76
1070
1
1070
78
1070
0
1070
48
1040
327.756144
1070
49
1040
12.5
1070
50
1070
1
1040
0.0
1000
ACAD_MTEXT_COLUMN_INFO_END
1000
ACAD_MTEXT_COLUMNS_BEGIN
1070
47
1070
1
1000
ACAD_MTEXT_COLUMNS_END
  0
MTEXT
  5
39
102
{ACAD_XDICTIONARY
360
3A
102
}
330
17
100
AcDbEntity
  8
CUT
  6
JIS_09_08
100
AcDbMText
 10
588.7264002041319
 20
317.0345978421383
 30
0.0
 40
10.0
 41
327.756144
 46
0.0
 71
1
 72
5
  1
{\fISOCPEUR|b0|i0|c0|p34;2.5mm (x1)}
1001
ACAD
1000
ACAD_MTEXT_COLUMN_INFO_BEGIN
1070
75
1070
2
1070
79
1070
0
1070
76
1070
1
1070
78
1070
0
1070
48
1040
327.756144
1070
49
1040
12.5
1070
50
1070
1
1040
0.0
1000
ACAD_MTEXT_COLUMN_INFO_END
1000
ACAD_MTEXT_COLUMNS_BEGIN
1070
47
1070
1
1000
ACAD_MTEXT_COLUMNS_END
  0
MTEXT
  5
3C
102
{ACAD_XDICTIONARY
360
3D
102
}
330
17
100
AcDbEntity
  8
CUT
  6
JIS_09_08
100
AcDbMText
 10
794.9050888253103
 20
317.0345978421383
 30
0.0
 40
10.0
 41
327.756144
 46
0.0
 71
1
 72
5
  1
{\fISOCPEUR|b0|i0|c0|p34;2.5mm (x1)}
1001
ACAD
1000
ACAD_MTEXT_COLUMN_INFO_BEGIN
1070
75
1070
2
1070
79
1070
0
1070
76
1070
1
1070
78
1070
0
1070
48
1040
327.756144
1070
49
1040
12.5
1070
50
1070
1
1040
0.0
1000
ACAD_MTEXT_COLUMN_INFO_END
1000
ACAD_MTEXT_COLUMNS_BEGIN
1070
47
1070
1
1000
ACAD_MTEXT_COLUMNS_END
  0
LINE
  5
3F
330
17
100
AcDbEntity
  8
ANNOTATION
100
AcDbLine
 10
0.0
 20
-37.96956012515807
 30
0.0
 11
1090.000971295535
 21
-37.96956012515807
 31
0.0
  0
MTEXT
  5
40
102
{ACAD_XDICTIONARY
360
41
102
}
330
17
100
AcDbEntity
  8
CUT
  6
JIS_09_08
100
AcDbMText
 10
386.2243699796995
 20
334.6467641792747
 30
0.0
 40
10.0
 41
327.756144
 46
0.0
 71
1
 72
5
  1
{\fISOCPEUR|b0|i0|c0|p34;Bottom}
1001
ACAD
1000
ACAD_MTEXT_COLUMN_INFO_BEGIN
1070
75
1070
2
1070
79
1070
0
1070
76
1070
1
1070
78
1070
0
1070
48
1040
327.756144
1070
49
1040
12.5
1070
50
1070
1
1040
0.0
1000
ACAD_MTEXT_COLUMN_INFO_END
1000
ACAD_MTEXT_COLUMNS_BEGIN
1070
47
1070
1
1000
ACAD_MTEXT_COLUMNS_END
  0
MTEXT
  5
43
102
{ACAD_XDICTIONARY
360
44
102
}
330
17
100
AcDbEntity
  8
CUT
  6
JIS_09_08
100
AcDbMText
 10
590.0813532041318
 20
334.6467641792747
 30
0.0
 40
10.0
 41
327.756144
 46
0.0
 71
1
 72
5
  1
{\fISOCPEUR|b0|i0|c0|p34;Top 01}
1001
ACAD
1000
ACAD_MTEXT_COLUMN_INFO_BEGIN
1070
75
1070
2
1070
79
1070
0
1070
76
1070
1
1070
78
1070
0
1070
48
1040
327.756144
1070
49
1040
12.5
1070
50
1070
1
1040
0.0
1000
ACAD_MTEXT_COLUMN_INFO_END
1000
ACAD_MTEXT_COLUMNS_BEGIN
1070
47
1070
1
1000
ACAD_MTEXT_COLUMNS_END
  0
MTEXT
  5
46
102
{ACAD_XDICTIONARY
360
47
102
}
330
17
100
AcDbEntity
  8
CUT
  6
JIS_09_08
100
AcDbMText
 10
790.5784608253103
 20
334.6467641792747
 30
0.0
 40
10.0
 41
327.756144
 46
0.0
 71
1
 72
5
  1
{\fISOCPEUR|b0|i0|c0|p34;Mid plate}
1001
ACAD
1000
ACAD_MTEXT_COLUMN_INFO_BEGIN
1070
75
1070
2
1070
79
1070
0
1070
76
1070
1
1070
78
1070
0
1070
48
1040
327.756144
1070
49
1040
12.5
1070
50
1070
1
1040
0.0
1000
ACAD_MTEXT_COLUMN_INFO_END
1000
ACAD_MTEXT_COLUMNS_BEGIN
1070
47
1070
1
1000
ACAD_MTEXT_COLUMNS_END
  0
MTEXT
  5
49
102
{ACAD_XDICTIONARY
360
4A
102
}
330
17
100
AcDbEntity
  8
CUT
  6
JIS_09_08
100
AcDbMText
 10
-439.5279040655378
 20
546.8908267669112
 30
0.0
 40
100.0
 41
327.756144
 46
0.0
 71
1
 72
5
  1
{\fISOCPEUR|b0|i0|c0|p34;7"\PV1.1.1}
1001
ACAD
1000
ACAD_MTEXT_COLUMN_INFO_BEGIN
1070
75
1070
2
1070
79
1070
0
1070
76
1070
1
1070
78
1070
0
1070
48
1040
327.756144
1070
49
1040
12.5
1070
50
1070
1
1040
0.0
1000
ACAD_MTEXT_COLUMN_INFO_END
1000
ACAD_MTEXT_COLUMNS_BEGIN
1070
47
1070
1
1000
ACAD_MTEXT_COLUMNS_END
  0
MTEXT
  5
4C
102
{ACAD_XDICTIONARY
360
4D
102
}
330
17
100
AcDbEntity
  8
CHAMFER
100
AcDbMText
 10
657.5001648253103
 20
51.04389294456314
 30
0.0
 40
10.0
 41
327.756144
 46
0.0
 71
1
 72
5
  1
\pi133.87807;{\fISOCPEUR|b0|i0|c0|p34;chamfered\P\pi116.87807;(2sides : 0.8mm)}
1001
ACAD
1000
ACAD_MTEXT_COLUMN_INFO_BEGIN
1070
75
1070
2
1070
79
1070
0
1070
76
1070
1
1070
78
1070
0
1070
48
1040
327.756144
1070
49
1040
12.5
1070
50
1070
1
1040
0.0
1000
ACAD_MTEXT_COLUMN_INFO_END
1000
ACAD_MTEXT_COLUMNS_BEGIN
1070
47
1070
1
1000
ACAD_MTEXT_COLUMNS_END
  0
MTEXT
  5
4F
102
{ACAD_XDICTIONARY
360
50
102
}
330
17
100
AcDbEntity
  8
CUT
  6
JIS_09_08
100
AcDbMText
 10
177.6904953500236
 20
317.0345978421383
 30
0.0
 40
10.0
 41
327.756144
 46
0.0
 71
1
 72
5
  1
{\fISOCPEUR|b0|i0|c0|p34;6mm (x1)}
1001
ACAD
1000
ACAD_MTEXT_COLUMN_INFO_BEGIN
1070
75
1070
2
1070
79
1070
0
1070
76
1070
1
1070
78
1070
0
1070
48
1040
327.756144
1070
49
1040
12.5
1070
50
1070
1
1040
0.0
1000
ACAD_MTEXT_COLUMN_INFO_END
1000
ACAD_MTEXT_COLUMNS_BEGIN
1070
47
1070
1
1000
ACAD_MTEXT_COLUMNS_END
  0
MTEXT
  5
52
102
{ACAD_XDICTIONARY
360
53
102
}
330
17
100
AcDbEntity
  8
CUT
  6
JIS_09_08
100
AcDbMText
 10
183.8528233500236
 20
334.6467641792747
 30
0.0
 40
10.0
 41
327.756144
 46
0.0
 71
1
 72
5
  1
{\fISOCPEUR|b0|i0|c0|p34;Key}
1001
ACAD
1000
ACAD_MTEXT_COLUMN_INFO_BEGIN
1070
75
1070
2
1070
79
1070
0
1070
76
1070
1
1070
78
1070
0
1070
48
1040
327.756144
1070
49
1040
12.5
1070
50
1070
1
1040
0.0
1000
ACAD_MTEXT_COLUMN_INFO_END
1000
ACAD_MTEXT_COLUMNS_BEGIN
1070
47
1070
1
1000
ACAD_MTEXT_COLUMNS_END
  0
MTEXT
  5
55
102
{ACAD_XDICTIONARY
360
56
102
}
330
17
100
AcDbEntity
  8
CUT
  6
JIS_09_08
100
AcDbMText
 10
36.942726
 20
464.2092988729078
 30
0.0
 40
20.0
 41
689.506779511229
 46
0.0
 71
1
 72
5
  1
{\fISOCPEUR|b0|i0|c0|p34;FRAME JeNo 7" v1.1.1_ all versions}
1001
ACAD
1000
ACAD_MTEXT_COLUMN_INFO_BEGIN
1070
75
1070
2
1070
79
1070
0
1070
76
1070
1
1070
78
1070
0
1070
48
1040
689.506779511229
1070
49
1040
12.5
1070
50
1070
1
1040
0.0
1000
ACAD_MTEXT_COLUMN_INFO_END
1000
ACAD_MTEXT_COLUMNS_BEGIN
1070
47
1070
1
1000
ACAD_MTEXT_COLUMNS_END
  0
LINE
  5
58
330
17
100
AcDbEntity
  8
ANNOTATION
100
AcDbLine
 10
0.0
 20
495.9987168062298
 30
0.0
 11
1509.182016451868
 21
495.9987168062302
 31
0.0
  0
LINE
  5
59
330
17
100
AcDbEntity
  8
CUT
100
AcDbLine
 10
393.3982489116779
 20
180.7147379196926
 30
0.0
 11
356.208139106911
 21
176.6249811679844
 31
0.0
  0
LINE
  5
5A
330
17
100
AcDbEntity
  8
CUT
100
AcDbLine
 10
356.208139106911
 20
176.6249811679844
 30
0.0
 11
351.117716128822
 21
176.6249811679844
 31
0.0
  0
MTEXT
  5
5B
102
{ACAD_XDICTIONARY
360
5C
102
}
330
17
100
AcDbEntity
  8
CUT
  6
JIS_09_08
100
AcDbMText
 10
502.0233520948295
 20
180.1086870395287
 30
0.0
 40
5.0
 41
327.756144
 46
0.0
 71
3
 72
5
  1
{\fISOCPEUR|b0|i0|c0|p34;pockets \Pdepth 0.5mm }
1001
ACAD
1000
ACAD_MTEXT_COLUMN_INFO_BEGIN
1070
75
1070
2
1070
79
1070
0
1070
76
1070
1
1070
78
1070
0
1070
48
1040
327.756144
1070
49
1040
12.5
1070
50
1070
1
1040
0.0
1000
ACAD_MTEXT_COLUMN_INFO_END
1000
ACAD_MTEXT_COLUMNS_BEGIN
1070
47
1070
1
1000
ACAD_MTEXT_COLUMNS_END
  0
LINE
  5
5E
330
17
100
AcDbEntity
  8
CUT
100
AcDbLine
 10
356.6455841239967
 20
174.9158861882517
 30
0.0
 11
389.501453754428
 21
170.4894189412648
 31
0.0
  0
LINE
  5
5F
330
17
100
AcDbEntity
  8
CUT
100
AcDbLine
 10
356.8362477475221
 20
173.2083185567808
 30
0.0
 11
392.8028670687431
 21
165.1882621215382
 31
0.0
  0
LINE
  5
60
330
17
100
AcDbEntity
  8
CUT
100
AcDbLine
 10
356.6455841239967
 20
174.9158861882517
 30
0.0
 11
351.3818664447667
 21
174.9158861882517
 31
0.0
  0
LINE
  5
61
330
17
100
AcDbEntity
  8
CUT
100
AcDbLine
 10
356.8362477475221
 20
173.2083185567808
 30
0.0
 11
351.3818664447667
 21
173.2083185567808
 31
0.0
  0
MTEXT
  5
62
102
{ACAD_XDICTIONARY
360
63
102
}
330
17
100
AcDbEntity
  8
CHAMFER
100
AcDbMText
 10
225.3803721967575
 20
32.70626643986668
 30
0.0
 40
10.0
 41
327.756144
 46
0.0
 71
1
 72
5
  1
\pi88.87807;{\fISOCPEUR|b0|i0|c0|p34;chamfered (top side:1mm)}
1001
ACAD
1000
ACAD_MTEXT_COLUMN_INFO_BEGIN
1070
75
1070
2
1070
79
1070
0
1070
76
1070
1
1070
78
1070
0
1070
48
1040
327.756144
1070
49
1040
12.5
1070
50
1070
1
1040
0.0
1000
ACAD_MTEXT_COLUMN_INFO_END
1000
ACAD_MTEXT_COLUMNS_BEGIN
1070
47
1070
1
1000
ACAD_MTEXT_COLUMNS_END
  0
MTEXT
  5
65
102
{ACAD_XDICTIONARY
360
66
102
}
330
17
100
AcDbEntity
  8
CHAMFER
100
AcDbMText
 10
443.3773007775728
 20
42.78242965214462
 30
0.0
 40
10.0
 41
327.756144
 46
0.0
 71
1
 72
5
  1
\pi133.87807;{\fISOCPEUR|b0|i0|c0|p34;chamfered\P\pi119.87807;(2 sides:0.8mm)}
1001
ACAD
1000
ACAD_MTEXT_COLUMN_INFO_BEGIN
1070
75
1070
2
1070
79
1070
0
1070
76
1070
1
1070
78
1070
0
1070
48
1040
327.756144
1070
49
1040
12.5
1070
50
1070
1
1040
0.0
1000
ACAD_MTEXT_COLUMN_INFO_END
1000
ACAD_MTEXT_COLUMNS_BEGIN
1070
47
1070
1
1000
ACAD_MTEXT_COLUMNS_END
  0
LINE
  5
68
330
17
100
AcDbEntity
  8
CUT
100
AcDbLine
 10
609.2724119675368
 20
194.7971043719353
 30
0.0
 11
562.7616410960377
 21
191.5653819073845
 31
0.0
  0
MTEXT
  5
69
102
{ACAD_XDICTIONARY
360
6A
102
}
330
17
100
AcDbEntity
  8
CUT
  6
JIS_09_08
100
AcDbMText
 10
713.6672770620452
 20
195.0490877789287
 30
0.0
 40
5.0
 41
327.756144
 46
0.0
 71
3
 72
5
  1
{\fISOCPEUR|b0|i0|c0|p34;pockets \Pdepth 0.5mm\P(red lines) }
1001
ACAD
1000
ACAD_MTEXT_COLUMN_INFO_BEGIN
1070
75
1070
2
1070
79
1070
0
1070
76
1070
1
1070
78
1070
0
1070
48
1040
327.756144
1070
49
1040
12.5
1070
50
1070
1
1040
0.0
1000
ACAD_MTEXT_COLUMN_INFO_END
1000
ACAD_MTEXT_COLUMNS_BEGIN
1070
47
1070
1
1000
ACAD_MTEXT_COLUMNS_END
  0
LINE
  5
6C
330
17
100
AcDbEntity
  8
CUT
100
AcDbLine
 10
596.0215491802772
 20
471.2563826491634
 30
0.0
 11
698.2581175793947
 21
471.2563826491634
 31
0.0
  0
LINE
  5
6D
330
17
100
AcDbEntity
  8
CHAMFER
100
AcDbLine
 10
596.0215491802772
 20
458.3642936806281
 30
0.0
 11
698.2581175793947
 21
458.3642936806281
 31
0.0
  0
LINE
  5
6E
330
17
100
AcDbEntity
  8
POCKET
100
AcDbLine
 10
596.0215491802772
 20
445.4722047120928
 30
0.0
 11
698.2581175793947
 21
445.4722047120928
 31
0.0
  0
LINE
  5
6F
330
17
100
AcDbEntity
  8
COUNTERSINK
100
AcDbLine
 10
596.0215491802772
 20
432.5801157435575
 30
0.0
 11
698.2581175793947
 21
432.5801157435575
 31
0.0
  0
MTEXT
  5
70
102
{ACAD_XDICTIONARY
360
71
102
}
330
17
100
AcDbEntity
  8
CUT
100
AcDbMText
 10
738.8645675439392
 20
473.9745584611577
 30
0.0
 40
5.0
 41
327.756144
 46
0.0
 71
3
 72
5
  1
{\fISOCPEUR|b0|i0|c0|p34;cut}
1001
ACAD
1000
ACAD_MTEXT_COLUMN_INFO_BEGIN
1070
75
1070
2
1070
79
1070
0
1070
76
1070
1
1070
78
1070
0
1070
48
1040
327.756144
1070
49
1040
12.5
1070
50
1070
1
1040
0.0
1000
ACAD_MTEXT_COLUMN_INFO_END
1000
ACAD_MTEXT_COLUMNS_BEGIN
1070
47
1070
1
1000
ACAD_MTEXT_COLUMNS_END
  0
MTEXT
  5
73
102
{ACAD_XDICTIONARY
360
74
102
}
330
17
100
AcDbEntity
  8
CHAMFER
100
AcDbMText
 10
738.8645675439392
 20
461.7731552138533
 30
0.0
 40
5.0
 41
327.756144
 46
0.0
 71
3
 72
5
  1
{\fISOCPEUR|b0|i0|c0|p34;chamfer}
1001
ACAD
1000
ACAD_MTEXT_COLUMN_INFO_BEGIN
1070
75
1070
2
1070
79
1070
0
1070
76
1070
1
1070
78
1070
0
1070
48
1040
327.756144
1070
49
1040
12.5
1070
50
1070
1
1040
0.0
1000
ACAD_MTEXT_COLUMN_INFO_END
1000
ACAD_MTEXT_COLUMNS_BEGIN
1070
47
1070
1
1000
ACAD_MTEXT_COLUMNS_END
  0
MTEXT
  5
76
102
{ACAD_XDICTIONARY
360
77
102
}
330
17
100
AcDbEntity
  8
POCKET
100
AcDbMText
 10
738.8645675439392
 20
449.3853460481903
 30
0.0
 40
5.0
 41
327.756144
 46
0.0
 71
3
 72
5
  1
{\fISOCPEUR|b0|i0|c0|p34;pocket}
1001
ACAD
1000
ACAD_MTEXT_COLUMN_INFO_BEGIN
1070
75
1070
2
1070
79
1070
0
1070
76
1070
1
1070
78
1070
0
1070
48
1040
327.756144
1070
49
1040
12.5
1070
50
1070
1
1040
0.0
1000
ACAD_MTEXT_COLUMN_INFO_END
1000
ACAD_MTEXT_COLUMNS_BEGIN
1070
47
1070
1
1000
ACAD_MTEXT_COLUMNS_END
  0
MTEXT
  5
79
102
{ACAD_XDICTIONARY
360
7A
102
}
330
17
100
AcDbEntity
  8
COUNTERSINK
100
AcDbMText
 10
738.8645675439392
 20
435.3991084779208
 30
0.0
 40
5.0
 41
327.756144
 46
0.0
 71
3
 72
5
  1
{\fISOCPEUR|b0|i0|c0|p34;countersunk}
1001
ACAD
1000
ACAD_MTEXT_COLUMN_INFO_BEGIN
1070
75
1070
2
1070
79
1070
0
1070
76
1070
1
1070
78
1070
0
1070
48
1040
327.756144
1070
49
1040
12.5
1070
50
1070
1
1040
0.0
1000
ACAD_MTEXT_COLUMN_INFO_END
1000
ACAD_MTEXT_COLUMNS_BEGIN
1070
47
1070
1
1000
ACAD_MTEXT_COLUMNS_END
  0
CIRCLE
  5
7C
330
17
100
AcDbEntity
  8
CUT
100
AcDbCircle
 10
369.7038037069156
 20
129.3131172293274
 30
0.0
 40
1.5
  0
CIRCLE
  5
7D
330
17
100
AcDbEntity
  8
CUT
100
AcDbCircle
 10
373.3498964826081
 20
244.07003701228
 30
0.0
 40
1.5
  0
LWPOLYLINE
  5
7E
330
17
100
AcDbEntity
  8
CUT
100
AcDbPolyline
 90
81
 70
0
 10
407.2302702108553
 20
274.2967287109786
 10
407.2302702108553
 20
275.0192455945416
 10
411.0641184378123
 20
273.741317771311
 42
-0.3228242048989219
 10
411.7478954790508
 20
272.7926328708555
 10
411.7478954790508
 20
256.2912435564296
 42
0.192429923772448
 10
412.5742652532258
 20
254.2235560458573
 10
417.8424618540861
 20
248.6854313008569
 42
-0.1924299237724283
 10
418.6688316282611
 20
246.6177437902848
 10
418.6688316282611
 20
241.5595837465464
 42
-0.2144574455153475
 10
417.6599579846019
 20
239.3156105218641
 10
414.8582047694449
 20
236.8295538215034
 42
0.2144574455153393
 10
413.8493311257857
 20
234.5855805968213
 10
413.8493311257857
 20
225.1926350508809
 42
0.1989123673796171
 10
414.7280107822257
 20
223.0713147073215
 10
424.1051283291394
 20
213.6941971604059
 42
0.1255757172341736
 10
427.0819985320354
 20
211.9277138929767
 10
434.8082611460973
 20
209.6581420962902
 42
-0.1581890958761813
 10
438.3759169659292
 20
207.220052677919
 10
440.4414291021963
 20
204.5450502691614
 42
-0.3948651666360341
 10
439.5377994772657
 20
195.0229480156606
 10
420.2645058419451
 20
177.9807917071743
 42
0.4506319876262991
 10
420.264505841947
 20
162.998046175354
 10
439.5377994772675
 20
145.9558898668683
 42
-0.3948651666360344
 10
440.4414291021944
 20
136.4337876133675
 10
438.3759169659292
 20
133.7587852046107
 42
-0.1581890958761813
 10
434.8082611460973
 20
131.3206957862394
 10
427.0819985320354
 20
129.051123989553
 42
0.1255757172341736
 10
424.1051283291394
 20
127.2846407221237
 10
414.7280107822257
 20
117.9075231752081
 42
0.1989123673796368
 10
413.8493311257857
 20
115.7862028316485
 10
413.8493311257857
 20
63.70545534864596
 42
-0.4142135623730951
 10
410.8493311257857
 20
60.70545534864596
 10
403.5696136066703
 20
60.70545534864596
 42
0.0530223810717736
 10
403.148995437104
 20
60.66072524189121
 10
399.2629842653892
 20
59.8247655047694
 42
-0.0530223810720016
 10
398.8423660958229
 20
59.78003539801455
 10
397.7828611297096
 20
59.78003539801455
 42
-0.2196847197506809
 10
397.0217670078505
 20
60.13139394260656
 10
394.5971290921457
 20
62.97638272630194
 42
0.2196847197506765
 10
393.8360349702866
 20
63.32774127089385
 10
393.4302702115542
 20
63.32774127089385
 10
393.0245054527927
 20
63.32774127089385
 42
0.2196847197506765
 10
392.2634113309337
 20
62.97638272630194
 10
389.8387734152288
 20
60.13139394260656
 42
-0.2196847197506809
 10
389.0776792933698
 20
59.78003539801455
 10
388.0181743272565
 20
59.78003539801455
 42
-0.0530223810720016
 10
387.5975561576902
 20
59.8247655047694
 10
383.7115449859752
 20
60.66072524189121
 42
0.0530223810717736
 10
383.2909268164089
 20
60.70545534864596
 10
376.0112092972936
 20
60.70545534864596
 42
-0.4142135623730951
 10
373.0112092972936
 20
63.70545534864596
 10
373.0112092972936
 20
115.7862028316485
 42
0.1989123673796368
 10
372.1325296408536
 20
117.9075231752081
 10
362.7554120939399
 20
127.2846407221237
 42
0.1255757172341736
 10
359.7785418910439
 20
129.051123989553
 10
352.0522792769821
 20
131.3206957862394
 42
-0.1581890958761813
 10
348.4846234571501
 20
133.7587852046107
 10
346.4191113208831
 20
136.4337876133682
 42
-0.3948651666360752
 10
347.3227409458136
 20
145.955889866869
 10
366.596034581134
 20
162.9980461753552
 42
0.4506319876263103
 10
366.5960345811322
 20
177.9807917071756
 10
347.3227409458118
 20
195.0229480156614
 42
-0.3948651666360344
 10
346.4191113208849
 20
204.5450502691621
 10
348.4846234571501
 20
207.220052677919
 42
-0.1581890958761813
 10
352.0522792769821
 20
209.6581420962902
 10
359.7785418910439
 20
211.9277138929767
 42
0.1255757172341736
 10
362.7554120939399
 20
213.6941971604059
 10
372.1325296408536
 20
223.0713147073215
 42
0.1989123673796171
 10
373.0112092972936
 20
225.1926350508809
 10
373.0112092972936
 20
234.5855805968213
 42
0.2144574455153393
 10
372.0023356536344
 20
236.8295538215034
 10
369.2005824384773
 20
239.3156105218641
 42
-0.2144574455153475
 10
368.1917087948182
 20
241.5595837465464
 10
368.1917087948182
 20
246.6177437902848
 42
-0.1924299237724283
 10
369.0180785689932
 20
248.6854313008569
 10
374.2862751698535
 20
254.2235560458573
 42
0.192429923772448
 10
375.1126449440285
 20
256.2912435564296
 10
375.1126449440285
 20
272.7926328708555
 42
-0.3228242048989219
 10
375.796421985267
 20
273.741317771311
 10
379.6304349824228
 20
275.0193005170136
 10
379.6304349824227
 20
274.3129646331521
  0
CIRCLE
  5
7F
330
17
100
AcDbEntity
  8
CUT
100
AcDbCircle
 10
369.7038037069156
 20
211.6657206532031
 30
0.0
 40
1.5
  0
CIRCLE
  5
80
330
17
100
AcDbEntity
  8
CUT
100
AcDbCircle
 10
379.0195535881662
 20
66.49701867452313
 30
0.0
 40
1.5
  0
CIRCLE
  5
81
330
17
100
AcDbEntity
  8
CUT
100
AcDbCircle
 10
393.4302702115397
 20
229.4935431239032
 30
0.0
 40
1.5
  0
CIRCLE
  5
82
330
17
100
AcDbEntity
  8
CUT
100
AcDbCircle
 10
382.460363614407
 20
178.9598693363386
 30
0.0
 40
1.5
  0
CIRCLE
  5
83
330
17
100
AcDbEntity
  8
CUT
100
AcDbCircle
 10
367.5669078707392
 20
190.4599014442629
 30
0.0
 40
1.5
  0
CIRCLE
  5
84
330
17
100
AcDbEntity
  8
CUT
100
AcDbCircle
 10
352.6734521270714
 20
201.9599335521872
 30
0.0
 40
2.149999999999999
  0
CIRCLE
  5
85
330
17
100
AcDbEntity
  8
CUT
100
AcDbCircle
 10
383.4302702115415
 20
123.0141403522307
 30
0.0
 40
1.1
  0
CIRCLE
  5
86
330
17
100
AcDbEntity
  8
CUT
100
AcDbCircle
 10
383.4302702115415
 20
103.0141403522307
 30
0.0
 40
1.1
  0
CIRCLE
  5
87
330
17
100
AcDbEntity
  8
CUT
100
AcDbCircle
 10
403.4302702115414
 20
123.0141403522307
 30
0.0
 40
1.1
  0
CIRCLE
  5
88
330
17
100
AcDbEntity
  8
CUT
100
AcDbCircle
 10
403.4302702115414
 20
103.0141403522307
 30
0.0
 40
1.1
  0
CIRCLE
  5
89
330
17
100
AcDbEntity
  8
CUT
100
AcDbCircle
 10
380.6802702115415
 20
125.7641403522307
 30
0.0
 40
0.85
  0
CIRCLE
  5
8A
330
17
100
AcDbEntity
  8
CUT
100
AcDbCircle
 10
406.1802702115414
 20
125.7641403522307
 30
0.0
 40
0.85
  0
CIRCLE
  5
8B
330
17
100
AcDbEntity
  8
CUT
100
AcDbCircle
 10
406.1802702115414
 20
100.2641403522307
 30
0.0
 40
0.85
  0
CIRCLE
  5
8C
330
17
100
AcDbEntity
  8
CUT
100
AcDbCircle
 10
380.6802702115415
 20
100.2641403522307
 30
0.0
 40
0.85
  0
CIRCLE
  5
8D
330
17
100
AcDbEntity
  8
CUT
100
AcDbCircle
 10
382.460363614407
 20
162.018968546191
 30
0.0
 40
1.5
  0
CIRCLE
  5
8E
330
17
100
AcDbEntity
  8
CUT
100
AcDbCircle
 10
367.5669078707392
 20
150.5189364382668
 30
0.0
 40
1.5
  0
CIRCLE
  5
8F
330
17
100
AcDbEntity
  8
CUT
100
AcDbCircle
 10
352.6734521270714
 20
139.0189043303424
 30
0.0
 40
2.149999999999999
  0
LWPOLYLINE
  5
90
330
17
100
AcDbEntity
  8
CUT
100
AcDbPolyline
 90
4
 70
0
 10
393.4302702115797
 20
276.8540249191137
 10
387.9755412347417
 20
276.8540249191136
 42
0.0691074597333032
 10
387.4305400356657
 20
276.7783361447226
 10
383.550270211586
 20
275.679370614239
  0
CIRCLE
  5
91
330
17
100
AcDbEntity
  8
CUT
100
AcDbCircle
 10
417.1567367161637
 20
129.3131172293274
 30
0.0
 40
1.5
  0
CIRCLE
  5
92
330
17
100
AcDbEntity
  8
CUT
100
AcDbCircle
 10
413.5106439404713
 20
244.07003701228
 30
0.0
 40
1.5
  0
CIRCLE
  5
93
330
17
100
AcDbEntity
  8
CUT
100
AcDbCircle
 10
417.1567367161637
 20
211.6657206532031
 30
0.0
 40
1.5
  0
CIRCLE
  5
94
330
17
100
AcDbEntity
  8
CUT
100
AcDbCircle
 10
407.840986834913
 20
66.49701867452313
 30
0.0
 40
1.5
  0
CIRCLE
  5
95
330
17
100
AcDbEntity
  8
CUT
100
AcDbCircle
 10
404.4001768086722
 20
178.9598693363386
 30
0.0
 40
1.5
  0
CIRCLE
  5
96
330
17
100
AcDbEntity
  8
CUT
100
AcDbCircle
 10
419.2936325523401
 20
190.4599014442629
 30
0.0
 40
1.5
  0
CIRCLE
  5
97
330
17
100
AcDbEntity
  8
CUT
100
AcDbCircle
 10
434.1870882960079
 20
201.9599335521872
 30
0.0
 40
2.149999999999999
  0
CIRCLE
  5
98
330
17
100
AcDbEntity
  8
CUT
100
AcDbCircle
 10
404.4001768086722
 20
162.018968546191
 30
0.0
 40
1.5
  0
CIRCLE
  5
99
330
17
100
AcDbEntity
  8
CUT
100
AcDbCircle
 10
419.2936325523401
 20
150.5189364382668
 30
0.0
 40
1.5
  0
CIRCLE
  5
9A
330
17
100
AcDbEntity
  8
CUT
100
AcDbCircle
 10
434.1870882960079
 20
139.0189043303424
 30
0.0
 40
2.149999999999999
  0
LWPOLYLINE
  5
9B
330
17
100
AcDbEntity
  8
CUT
100
AcDbPolyline
 90
4
 70
0
 10
393.4302702114996
 20
276.8540249191137
 10
398.8849991883376
 20
276.8540249191136
 42
-0.0691074597333032
 10
399.4300003874137
 20
276.7783361447226
 10
403.3102702114933
 20
275.679370614239
  0
LWPOLYLINE
  5
9C
330
17
100
AcDbEntity
  8
CUT
100
AcDbPolyline
 90
8
 70
1
 10
383.5502701937544
 20
252.8275400929139
 42
1.000000022967015
 10
383.5502702305016
 20
254.4275400929131
 10
380.4302701937518
 20
254.4275400929131
 42
0.9999999999999998
 10
380.4302701937518
 20
252.8275400929139
 10
380.4302701937518
 20
249.9275569835193
 42
0.9999999999999998
 10
380.4302701937518
 20
248.3275569835201
 10
383.5502702305016
 20
248.3275569835201
 42
1.000000022969288
 10
383.5502701937508
 20
249.9275569835193
  0
LWPOLYLINE
  5
9D
330
17
100
AcDbEntity
  8
CUT
100
AcDbPolyline
 90
8
 70
1
 10
383.5502702122062
 20
266.4116906832098
 42
1.000000022967015
 10
383.5502702489534
 20
268.011690683209
 10
380.4302702122036
 20
268.011690683209
 42
0.9999999999999998
 10
380.4302702122036
 20
266.4116906832098
 10
380.4302702122036
 20
263.5117075738151
 42
0.9999999999999998
 10
380.4302702122036
 20
261.9117075738159
 10
383.5502702489534
 20
261.9117075738159
 42
1.000000022969288
 10
383.5502702122026
 20
263.5117075738151
  0
ARC
  5
9E
330
17
100
AcDbEntity
  8
CUT
100
AcDbCircle
 10
393.430270211547
 20
258.2333989603709
 30
0.0
 40
0.9999999999992844
100
AcDbArc
 50
220.6524411945598
 51
319.3475588054407
  0
LINE
  5
9F
330
17
100
AcDbEntity
  8
CUT
100
AcDbLine
 10
392.6715948572578
 20
257.5819300763915
 30
0.0
 11
386.1715948578235
 21
265.1515775664119
 31
0.0
  0
ARC
  5
A0
330
17
100
AcDbEntity
  8
CUT
100
AcDbCircle
 10
386.9302702121126
 20
265.8030464503923
 30
0.0
 40
1.0
100
AcDbArc
 50
180.0
 51
220.6524411945794
  0
LINE
  5
A1
330
17
100
AcDbEntity
  8
CUT
100
AcDbLine
 10
386.5417731755929
 20
269.8365129408043
 30
0.0
 11
390.0498563825836
 21
271.3155730849385
 31
0.0
  0
ARC
  5
A2
330
17
100
AcDbEntity
  8
CUT
100
AcDbCircle
 10
386.9302702121126
 20
268.9150629678725
 30
0.0
 40
1.0
100
AcDbArc
 50
112.8610129017369
 51
180.0
  0
ARC
  5
A3
330
17
100
AcDbEntity
  8
CUT
100
AcDbCircle
 10
390.4383534191016
 20
270.3941231120086
 30
0.0
 40
0.9999999999979284
100
AcDbArc
 50
90.0
 51
112.8610129017298
  0
LINE
  5
A4
330
17
100
AcDbEntity
  8
CUT
100
AcDbLine
 10
390.4383534191016
 20
271.3941231120064
 30
0.0
 11
393.430270211536
 21
271.3941231120062
 31
0.0
  0
LINE
  5
A5
330
17
100
AcDbEntity
  8
CUT
100
AcDbLine
 10
385.9302702121127
 20
265.8030464503923
 30
0.0
 11
385.9302702121127
 21
268.9150629678725
 31
0.0
  0
ARC
  5
A6
330
17
100
AcDbEntity
  8
CUT
100
AcDbCircle
 10
396.4221870039705
 20
270.3941231120205
 30
0.0
 40
0.9999999999979284
100
AcDbArc
 50
67.13898709849636
 51
90.00000000020843
  0
LINE
  5
A7
330
17
100
AcDbEntity
  8
CUT
100
AcDbLine
 10
396.4221870039705
 20
271.3941231120184
 30
0.0
 11
393.4302702115324
 21
271.3941231120062
 31
0.0
  0
LINE
  5
A8
330
17
100
AcDbEntity
  8
CUT
100
AcDbLine
 10
385.9302702121127
 20
247.1704017705122
 30
0.0
 11
385.9302702121127
 21
254.567641621027
 31
0.0
  0
LINE
  5
A9
330
17
100
AcDbEntity
  8
CUT
100
AcDbLine
 10
387.6889455664018
 20
255.2191105050064
 30
0.0
 11
391.1889455664018
 21
251.1431464715551
 31
0.0
  0
ARC
  5
AA
330
17
100
AcDbEntity
  8
CUT
100
AcDbCircle
 10
386.9302702121126
 20
254.567641621027
 30
0.0
 40
1.0
100
AcDbArc
 50
40.65244119454479
 51
180.0
  0
ARC
  5
AB
330
17
100
AcDbEntity
  8
CUT
100
AcDbCircle
 10
390.4302702121126
 20
250.491677587575
 30
0.0
 40
1.000000000000024
100
AcDbArc
 50
1.95413e-11
 51
40.65244119456911
  0
LINE
  5
AC
330
17
100
AcDbEntity
  8
CUT
100
AcDbLine
 10
391.4302702121127
 20
250.4916775875754
 30
0.0
 11
391.4302702121127
 21
241.5008739238157
 31
0.0
  0
ARC
  5
AD
330
17
100
AcDbEntity
  8
CUT
100
AcDbCircle
 10
390.4302702121126
 20
241.5008739238158
 30
0.0
 40
1.0
100
AcDbArc
 50
319.3475588054308
 51
359.9999999999935
  0
LINE
  5
AE
330
17
100
AcDbEntity
  8
CUT
100
AcDbLine
 10
391.1889455664018
 20
240.8494050398358
 30
0.0
 11
384.8505054218072
 21
233.4679038805439
 31
0.0
  0
ARC
  5
AF
330
17
100
AcDbEntity
  8
CUT
100
AcDbCircle
 10
384.091830067518
 20
234.1193727645239
 30
0.0
 40
1.0
100
AcDbArc
 50
180.0
 51
319.3475588054308
  0
LINE
  5
B0
330
17
100
AcDbEntity
  8
CUT
100
AcDbLine
 10
383.091830067518
 20
243.124001491738
 30
0.0
 11
383.091830067518
 21
234.1193727645239
 31
0.0
  0
ARC
  5
B1
330
17
100
AcDbEntity
  8
CUT
100
AcDbCircle
 10
384.091830067518
 20
243.124001491738
 30
0.0
 40
1.0
100
AcDbArc
 50
139.3475588054309
 51
180.0
  0
LINE
  5
B2
330
17
100
AcDbEntity
  8
CUT
100
AcDbLine
 10
383.3331547132289
 20
243.7754703757177
 30
0.0
 11
385.6889455664018
 21
246.5189328865319
 31
0.0
  0
ARC
  5
B3
330
17
100
AcDbEntity
  8
CUT
100
AcDbCircle
 10
384.9302702121126
 20
247.1704017705122
 30
0.0
 40
1.0
100
AcDbArc
 50
319.3475588054208
 51
0.0
  0
ARC
  5
B4
330
17
100
AcDbEntity
  8
CUT
100
AcDbCircle
 10
393.4302702115579
 20
72.96624911263825
 30
0.0
 40
0.9999999999993178
100
AcDbArc
 50
90.0
 51
139.5607484237042
  0
LINE
  5
B5
330
17
100
AcDbEntity
  8
CUT
100
AcDbLine
 10
392.6691760896988
 20
73.61489056804533
 30
0.0
 11
389.6734803035774
 21
70.09984163818694
 31
0.0
  0
ARC
  5
B6
330
17
100
AcDbEntity
  8
CUT
100
AcDbCircle
 10
390.4345744254328
 20
69.45120018277974
 30
0.0
 40
1.0
100
AcDbArc
 50
139.560748423674
 51
220.2334884031491
  0
LINE
  5
B7
330
17
100
AcDbEntity
  8
CUT
100
AcDbLine
 10
387.0441513809942
 20
67.01467529439572
 30
0.0
 11
385.4616631047333
 21
65.15783664350545
 31
0.0
  0
ARC
  5
B8
330
17
100
AcDbEntity
  8
CUT
100
AcDbCircle
 10
386.2227572265924
 20
64.50919518809849
 30
0.0
 40
1.0
100
AcDbArc
 50
139.560748423674
 51
180.0
  0
LINE
  5
B9
330
17
100
AcDbEntity
  8
CUT
100
AcDbLine
 10
391.4302702115542
 20
97.90243482771291
 30
0.0
 11
391.4302702115542
 21
80.34327000333076
 31
0.0
  0
ARC
  5
BA
330
17
100
AcDbEntity
  8
CUT
100
AcDbCircle
 10
390.4302702115542
 20
80.3432700033294
 30
0.0
 40
1.0
100
AcDbArc
 50
319.5607484237116
 51
7.81653e-11
  0
LINE
  5
BB
330
17
100
AcDbEntity
  8
CUT
100
AcDbLine
 10
391.1913643334133
 20
79.69462854792323
 30
0.0
 11
385.1913643333987
 21
72.65442984787497
 31
0.0
  0
ARC
  5
BC
330
17
100
AcDbEntity
  8
CUT
100
AcDbCircle
 10
384.4302702115415
 20
73.30307130328262
 30
0.0
 40
1.0
100
AcDbArc
 50
180.0
 51
319.560748423588
  0
LINE
  5
BD
330
17
100
AcDbEntity
  8
CUT
100
AcDbLine
 10
386.4302702115524
 20
99.28272805489271
 30
0.0
 11
386.4302702115542
 21
101.2027474947337
 31
0.0
  0
ARC
  5
BE
330
17
100
AcDbEntity
  8
CUT
100
AcDbCircle
 10
385.4302702115524
 20
99.28272805489291
 30
0.0
 40
1.0
100
AcDbArc
 50
313.7275391565992
 51
359.999999999987
  0
LINE
  5
BF
330
17
100
AcDbEntity
  8
CUT
100
AcDbLine
 10
388.1702420053493
 20
101.8753853946401
 30
0.0
 11
391.1702420053493
 21
98.57507272761929
 31
0.0
  0
ARC
  5
C0
330
17
100
AcDbEntity
  8
CUT
100
AcDbCircle
 10
387.4302702115542
 20
101.2027474947337
 30
0.0
 40
1.0
100
AcDbArc
 50
42.27098710998633
 51
180.0
  0
ARC
  5
C1
330
17
100
AcDbEntity
  8
CUT
100
AcDbCircle
 10
390.4302702115542
 20
97.90243482771542
 30
0.0
 40
0.999999999999723
100
AcDbArc
 50
359.9999999998567
 51
42.27098710978785
  0
ARC
  5
C2
330
17
100
AcDbEntity
  8
CUT
100
AcDbCircle
 10
393.4302702115979
 20
72.96624911263882
 30
0.0
 40
0.9999999999987494
100
AcDbArc
 50
40.43925157649446
 51
90.0
  0
LINE
  5
C3
330
17
100
AcDbEntity
  8
CUT
100
AcDbLine
 10
393.4302702115542
 20
65.82774127089385
 30
0.0
 11
392.6541987917785
 21
65.82774127089385
 31
0.0
  0
ARC
  5
C4
330
17
100
AcDbEntity
  8
CUT
100
AcDbCircle
 10
392.6541987917785
 20
66.82774127089385
 30
0.0
 40
1.0
100
AcDbArc
 50
220.2334884031491
 51
270.0
  0
LINE
  5
C5
330
17
100
AcDbEntity
  8
CUT
100
AcDbLine
 10
389.9355128655384
 20
64.09911417622607
 30
0.0
 11
388.7240235633994
 21
62.67759327455087
 31
0.0
  0
ARC
  5
C6
330
17
100
AcDbEntity
  8
CUT
100
AcDbCircle
 10
389.1744187436793
 20
64.74775563163337
 30
0.0
 40
1.0
100
AcDbArc
 50
319.5607484237015
 51
40.2334884031491
  0
ARC
  5
C7
330
17
100
AcDbEntity
  8
CUT
100
AcDbCircle
 10
387.962929441544
 20
63.32623472995897
 30
0.0
 40
1.0
100
AcDbArc
 50
257.8595339882443
 51
319.5607484236662
  0
LINE
  5
C8
330
17
100
AcDbEntity
  8
CUT
100
AcDbLine
 10
387.7526203567591
 20
62.34859978333634
 30
0.0
 11
386.0124481418111
 21
62.72294608422817
 31
0.0
  0
ARC
  5
C9
330
17
100
AcDbEntity
  8
CUT
100
AcDbCircle
 10
386.2227572265924
 20
63.7005810308508
 30
0.0
 40
1.0
100
AcDbArc
 50
180.0
 51
257.8595339882443
  0
LINE
  5
CA
330
17
100
AcDbEntity
  8
CUT
100
AcDbLine
 10
385.2227572265924
 20
63.7005810308508
 30
0.0
 11
385.2227572265924
 21
64.50919518809849
 31
0.0
  0
LINE
  5
CB
330
17
100
AcDbEntity
  8
CUT
100
AcDbLine
 10
394.1913643334315
 20
73.61489056804226
 30
0.0
 11
397.1870601195201
 21
70.09984163818717
 31
0.0
  0
ARC
  5
CC
330
17
100
AcDbEntity
  8
CUT
100
AcDbCircle
 10
396.425965997661
 20
69.45120018278283
 30
0.0
 40
1.0
100
AcDbArc
 50
319.7665115972089
 51
40.43925157608259
  0
LINE
  5
CD
330
17
100
AcDbEntity
  8
CUT
100
AcDbLine
 10
393.4302702115433
 20
65.82774127089385
 30
0.0
 11
394.2063416313408
 21
65.82774127089078
 31
0.0
  0
LINE
  5
CE
330
17
100
AcDbEntity
  8
CUT
100
AcDbLine
 10
389.6711557862232
 20
68.80529617961713
 30
0.0
 11
391.8907801525652
 21
66.18183726773157
 31
0.0
  0
LINE
  5
CF
330
17
100
AcDbEntity
  8
CUT
100
AcDbLine
 10
388.568664142063
 20
67.01193784215172
 30
0.0
 11
389.9378373828963
 21
65.39365963479622
 31
0.0
  0
ARC
  5
D0
330
17
100
AcDbEntity
  8
CUT
100
AcDbCircle
 10
387.8052455028533
 20
66.36603383898898
 30
0.0
 40
1.0
100
AcDbArc
 50
40.2334884031491
 51
139.5607484236768
  0
LINE
  5
D1
330
17
100
AcDbEntity
  8
CUT
100
AcDbLine
 10
397.189384636878
 20
68.8052961796252
 30
0.0
 11
394.9697602705578
 21
66.18183726773405
 31
0.0
  0
ARC
  5
D2
330
17
100
AcDbEntity
  8
CUT
100
AcDbCircle
 10
394.2063416313408
 20
66.82774127089078
 30
0.0
 40
1.0
100
AcDbArc
 50
269.9999999997916
 51
319.7665115972089
  0
LINE
  5
D3
330
17
100
AcDbEntity
  8
CUT
100
AcDbLine
 10
399.8163890420851
 20
67.01467529439572
 30
0.0
 11
401.3988773183459
 21
65.15783664350545
 31
0.0
  0
ARC
  5
D4
330
17
100
AcDbEntity
  8
CUT
100
AcDbCircle
 10
400.6377831964869
 20
64.50919518809849
 30
0.0
 40
1.0
100
AcDbArc
 50
0.0
 51
40.43925157631089
  0
LINE
  5
D5
330
17
100
AcDbEntity
  8
CUT
100
AcDbLine
 10
396.9250275575409
 20
64.09911417622607
 30
0.0
 11
398.1365168596799
 21
62.67759327455087
 31
0.0
  0
ARC
  5
D6
330
17
100
AcDbEntity
  8
CUT
100
AcDbCircle
 10
397.6861216794
 20
64.74775563163337
 30
0.0
 40
1.0
100
AcDbArc
 50
139.7665115968509
 51
220.4392515762886
  0
ARC
  5
D7
330
17
100
AcDbEntity
  8
CUT
100
AcDbCircle
 10
398.8976109815353
 20
63.32623472995897
 30
0.0
 40
1.0
100
AcDbArc
 50
220.4392515763136
 51
282.1404660117557
  0
LINE
  5
D8
330
17
100
AcDbEntity
  8
CUT
100
AcDbLine
 10
399.1079200663203
 20
62.34859978333634
 30
0.0
 11
400.8480922812682
 21
62.72294608422817
 31
0.0
  0
ARC
  5
D9
330
17
100
AcDbEntity
  8
CUT
100
AcDbCircle
 10
400.6377831964869
 20
63.7005810308508
 30
0.0
 40
1.0
100
AcDbArc
 50
282.1404660117557
 51
0.0
  0
LINE
  5
DA
330
17
100
AcDbEntity
  8
CUT
100
AcDbLine
 10
401.6377831964868
 20
63.7005810308508
 30
0.0
 11
401.6377831964868
 21
64.50919518809849
 31
0.0
  0
LINE
  5
DB
330
17
100
AcDbEntity
  8
CUT
100
AcDbLine
 10
398.2918762810164
 20
67.01193784215172
 30
0.0
 11
396.922703040183
 21
65.39365963479622
 31
0.0
  0
ARC
  5
DC
330
17
100
AcDbEntity
  8
CUT
100
AcDbCircle
 10
399.0552949202261
 20
66.36603383898898
 30
0.0
 40
1.0
100
AcDbArc
 50
40.43925157631089
 51
139.7665115968509
  0
LINE
  5
DD
330
17
100
AcDbEntity
  8
CUT
100
AcDbLine
 10
380.2374213057788
 20
214.3350441563582
 30
0.0
 11
387.7401307024734
 21
223.0724080575931
 31
0.0
  0
ARC
  5
DE
330
17
100
AcDbEntity
  8
CUT
100
AcDbCircle
 10
381.375434337207
 20
213.3578408303881
 30
0.0
 40
1.5
100
AcDbArc
 50
139.3475588054309
 51
198.9037505681128
  0
LINE
  5
DF
330
17
100
AcDbEntity
  8
CUT
100
AcDbLine
 10
379.9563381073435
 20
212.8718718083476
 30
0.0
 11
387.4912520645935
 21
194.5842051567993
 31
0.0
  0
LINE
  5
E0
330
17
100
AcDbEntity
  8
CUT
100
AcDbLine
 10
390.3781437339071
 20
222.0952047316227
 30
0.0
 11
390.3781437339071
 21
195.1556345028957
 31
0.0
  0
ARC
  5
E1
330
17
100
AcDbEntity
  8
CUT
100
AcDbCircle
 10
388.8781437339071
 20
195.1556345028957
 30
0.0
 40
1.5
100
AcDbArc
 50
202.3927198087501
 51
0.0
  0
ARC
  5
E2
330
17
100
AcDbEntity
  8
CUT
100
AcDbCircle
 10
388.8781437339071
 20
222.0952047316227
 30
0.0
 40
1.5
100
AcDbArc
 50
0.0
 51
139.3475588054309
  0
CIRCLE
  5
E3
330
17
100
AcDbEntity
  8
CUT
100
AcDbCircle
 10
393.4302702115397
 20
139.4978563767968
 30
0.0
 40
1.5
  0
LINE
  5
E4
330
17
100
AcDbEntity
  8
CUT
100
AcDbLine
 10
377.4302702115433
 20
115.5628210950076
 30
0.0
 11
377.4302702115433
 21
112.0469903045601
 31
0.0
  0
LINE
  5
E5
330
17
100
AcDbEntity
  8
CUT
100
AcDbLine
 10
379.4302702115415
 20
115.5628210950076
 30
0.0
 11
379.4302702115415
 21
112.04699030456
 31
0.0
  0
ARC
  5
E6
330
17
100
AcDbEntity
  8
CUT
100
AcDbCircle
 10
378.4302702115415
 20
115.5628210950076
 30
0.0
 40
1.0
100
AcDbArc
 50
0.0
 51
180.0
  0
ARC
  5
E7
330
17
100
AcDbEntity
  8
CUT
100
AcDbCircle
 10
378.4302702115415
 20
112.04699030456
 30
0.0
 40
1.0
100
AcDbArc
 50
180.0
 51
0.0
  0
LINE
  5
E8
330
17
100
AcDbEntity
  8
CUT
100
AcDbLine
 10
377.4302702115433
 20
88.4328037631799
 30
0.0
 11
377.4302702115433
 21
84.91697297273242
 31
0.0
  0
LINE
  5
E9
330
17
100
AcDbEntity
  8
CUT
100
AcDbLine
 10
379.4302702115415
 20
88.4328037631799
 30
0.0
 11
379.4302702115415
 21
84.91697297273232
 31
0.0
  0
ARC
  5
EA
330
17
100
AcDbEntity
  8
CUT
100
AcDbCircle
 10
378.4302702115415
 20
88.4328037631799
 30
0.0
 40
1.0
100
AcDbArc
 50
0.0
 51
180.0
  0
ARC
  5
EB
330
17
100
AcDbEntity
  8
CUT
100
AcDbCircle
 10
378.4302702115415
 20
84.91697297273232
 30
0.0
 40
1.0
100
AcDbArc
 50
180.0
 51
0.0
  0
LINE
  5
EC
330
17
100
AcDbEntity
  8
CUT
100
AcDbLine
 10
409.430270211536
 20
115.5628210950076
 30
0.0
 11
409.430270211536
 21
112.0469903045601
 31
0.0
  0
LINE
  5
ED
330
17
100
AcDbEntity
  8
CUT
100
AcDbLine
 10
407.4302702115378
 20
115.5628210950076
 30
0.0
 11
407.4302702115378
 21
112.04699030456
 31
0.0
  0
ARC
  5
EE
330
17
100
AcDbEntity
  8
CUT
100
AcDbCircle
 10
408.4302702115378
 20
115.5628210950076
 30
0.0
 40
1.0
100
AcDbArc
 50
0.0
 51
180.0
  0
ARC
  5
EF
330
17
100
AcDbEntity
  8
CUT
100
AcDbCircle
 10
408.4302702115378
 20
112.04699030456
 30
0.0
 40
1.0
100
AcDbArc
 50
180.0
 51
0.0
  0
LINE
  5
F0
330
17
100
AcDbEntity
  8
CUT
100
AcDbLine
 10
409.430270211536
 20
88.4328037631799
 30
0.0
 11
409.430270211536
 21
84.91697297273242
 31
0.0
  0
LINE
  5
F1
330
17
100
AcDbEntity
  8
CUT
100
AcDbLine
 10
407.4302702115378
 20
88.4328037631799
 30
0.0
 11
407.4302702115378
 21
84.91697297273232
 31
0.0
  0
ARC
  5
F2
330
17
100
AcDbEntity
  8
CUT
100
AcDbCircle
 10
408.4302702115378
 20
88.4328037631799
 30
0.0
 40
1.0
100
AcDbArc
 50
0.0
 51
180.0
  0
ARC
  5
F3
330
17
100
AcDbEntity
  8
CUT
100
AcDbCircle
 10
408.4302702115378
 20
84.91697297273232
 30
0.0
 40
1.0
100
AcDbArc
 50
180.0
 51
0.0
  0
LINE
  5
F4
330
17
100
AcDbEntity
  8
CUT
100
AcDbLine
 10
394.1889455658215
 20
257.5819300763915
 30
0.0
 11
400.6889455652558
 21
265.1515775664119
 31
0.0
  0
ARC
  5
F5
330
17
100
AcDbEntity
  8
CUT
100
AcDbCircle
 10
399.9302702109667
 20
265.8030464503923
 30
0.0
 40
1.0
100
AcDbArc
 50
319.3475588054202
 51
0.0
  0
LINE
  5
F6
330
17
100
AcDbEntity
  8
CUT
100
AcDbLine
 10
400.3187672474864
 20
269.8365129408043
 30
0.0
 11
396.8106840404957
 21
271.3155730849385
 31
0.0
  0
ARC
  5
F7
330
17
100
AcDbEntity
  8
CUT
100
AcDbCircle
 10
399.9302702109667
 20
268.9150629678725
 30
0.0
 40
1.0
100
AcDbArc
 50
0.0
 51
67.13898709826663
  0
LINE
  5
F8
330
17
100
AcDbEntity
  8
CUT
100
AcDbLine
 10
400.9302702109667
 20
265.8030464503923
 30
0.0
 11
400.9302702109667
 21
268.9150629678725
 31
0.0
  0
LINE
  5
F9
330
17
100
AcDbEntity
  8
CUT
100
AcDbLine
 10
400.9302702109684
 20
247.1704017705166
 30
0.0
 11
400.9302702109648
 21
254.5676416210314
 31
0.0
  0
LINE
  5
FA
330
17
100
AcDbEntity
  8
CUT
100
AcDbLine
 10
399.1715948566757
 20
255.2191105050098
 30
0.0
 11
395.6715948566775
 21
251.1431464715564
 31
0.0
  0
ARC
  5
FB
330
17
100
AcDbEntity
  8
CUT
100
AcDbCircle
 10
399.9302702109649
 20
254.5676416210309
 30
0.0
 40
1.0
100
AcDbArc
 50
3.25689e-11
 51
139.3475588054552
  0
ARC
  5
FC
330
17
100
AcDbEntity
  8
CUT
100
AcDbCircle
 10
396.4302702109685
 20
250.4916775875768
 30
0.0
 40
1.000000000000024
100
AcDbArc
 50
139.3475588054407
 51
180.0000000000129
  0
LINE
  5
FD
330
17
100
AcDbEntity
  8
CUT
100
AcDbLine
 10
395.4302702109685
 20
250.4916775875765
 30
0.0
 11
395.4302702109794
 21
241.5008739238169
 31
0.0
  0
ARC
  5
FE
330
17
100
AcDbEntity
  8
CUT
100
AcDbCircle
 10
396.4302702109794
 20
241.5008739238176
 30
0.0
 40
1.0
100
AcDbArc
 50
180.0000000000389
 51
220.6524411945794
  0
LINE
  5
FF
330
17
100
AcDbEntity
  8
CUT
100
AcDbLine
 10
395.6715948566903
 20
240.849405039837
 30
0.0
 11
402.0100350012885
 21
233.467903880549
 31
0.0
  0
ARC
  5
100
330
17
100
AcDbEntity
  8
CUT
100
AcDbCircle
 10
402.7687103555776
 20
234.1193727645294
 30
0.0
 40
1.0
100
AcDbArc
 50
220.6524411945794
 51
3.25689e-11
  0
LINE
  5
101
330
17
100
AcDbEntity
  8
CUT
100
AcDbLine
 10
403.7687103555668
 20
243.1240014917441
 30
0.0
 11
403.7687103555777
 21
234.11937276453
 31
0.0
  0
ARC
  5
102
330
17
100
AcDbEntity
  8
CUT
100
AcDbCircle
 10
402.7687103555668
 20
243.1240014917435
 30
0.0
 40
1.0
100
AcDbArc
 50
3.25689e-11
 51
40.65244119457944
  0
LINE
  5
103
330
17
100
AcDbEntity
  8
CUT
100
AcDbLine
 10
403.5273857098559
 20
243.7754703757237
 30
0.0
 11
401.1715948566793
 21
246.5189328865364
 31
0.0
  0
ARC
  5
104
330
17
100
AcDbEntity
  8
CUT
100
AcDbCircle
 10
401.9302702109684
 20
247.1704017705172
 30
0.0
 40
1.0
100
AcDbArc
 50
180.0000000000324
 51
220.6524411945841
  0
LWPOLYLINE
  5
105
330
17
100
AcDbEntity
  8
CUT
100
AcDbPolyline
 90
8
 70
1
 10
403.3102702293231
 20
252.827540092913
 42
-1.000000022967015
 10
403.3102701925758
 20
254.4275400929122
 10
406.4302702293257
 20
254.4275400929119
 42
-0.9999999999999998
 10
406.4302702293257
 20
252.8275400929127
 10
406.4302702293257
 20
249.9275569835181
 42
-0.9999999999999998
 10
406.4302702293257
 20
248.3275569835188
 10
403.3102701925758
 20
248.3275569835191
 42
-1.000000022969288
 10
403.3102702293267
 20
249.9275569835183
  0
LWPOLYLINE
  5
106
330
17
100
AcDbEntity
  8
CUT
100
AcDbPolyline
 90
8
 70
1
 10
403.3102702108731
 20
266.4116906832088
 42
-1.000000022967015
 10
403.3102701741277
 20
268.011690683208
 10
406.4302702108775
 20
268.0116906832077
 42
-0.9999999999999998
 10
406.4302702108757
 20
266.4116906832085
 10
406.4302702108757
 20
263.5117075738139
 42
-0.9999999999999998
 10
406.4302702108757
 20
261.9117075738147
 10
403.3102701741259
 20
261.911707573815
 42
-1.000000022969288
 10
403.3102702108767
 20
263.5117075738142
  0
LINE
  5
107
330
17
100
AcDbEntity
  8
CUT
100
AcDbLine
 10
406.6231191173005
 20
214.3350441563582
 30
0.0
 11
399.1204097206059
 21
223.0724080575931
 31
0.0
  0
ARC
  5
108
330
17
100
AcDbEntity
  8
CUT
100
AcDbCircle
 10
405.4851060858722
 20
213.3578408303881
 30
0.0
 40
1.5
100
AcDbArc
 50
341.0962494318986
 51
40.65244119456911
  0
LINE
  5
109
330
17
100
AcDbEntity
  8
CUT
100
AcDbLine
 10
406.9042023157358
 20
212.8718718083476
 30
0.0
 11
399.3692883584858
 21
194.5842051567993
 31
0.0
  0
LINE
  5
10A
330
17
100
AcDbEntity
  8
CUT
100
AcDbLine
 10
396.4823966891722
 20
222.0952047316227
 30
0.0
 11
396.4823966891722
 21
195.1556345028957
 31
0.0
  0
ARC
  5
10B
330
17
100
AcDbEntity
  8
CUT
100
AcDbCircle
 10
397.9823966891722
 20
195.1556345028957
 30
0.0
 40
1.5
100
AcDbArc
 50
180.0
 51
337.6072801912441
  0
ARC
  5
10C
330
17
100
AcDbEntity
  8
CUT
100
AcDbCircle
 10
397.9823966891722
 20
222.0952047316227
 30
0.0
 40
1.5
100
AcDbArc
 50
40.65244119456911
 51
180.0
  0
LINE
  5
10D
330
17
100
AcDbEntity
  8
CUT
100
AcDbLine
 10
383.4302702115415
 20
95.55853830482083
 30
0.0
 11
383.4302702115415
 21
73.30307130328262
 31
0.0
  0
ARC
  5
10E
330
17
100
AcDbEntity
  8
CUT
100
AcDbCircle
 10
384.4302702115415
 20
95.55853830482083
 30
0.0
 40
1.0
100
AcDbArc
 50
133.7275391565992
 51
180.0
  0
LINE
  5
10F
330
17
100
AcDbEntity
  8
CUT
100
AcDbLine
 10
383.739040386879
 20
96.28117329532287
 30
0.0
 11
386.1215000362149
 21
98.56009306439086
 31
0.0
  0
LINE
  5
110
330
17
100
AcDbEntity
  8
CUT
100
AcDbLine
 10
395.4302702115287
 20
97.90243482771243
 30
0.0
 11
395.4302702115251
 21
80.34327000333028
 31
0.0
  0
ARC
  5
111
330
17
100
AcDbEntity
  8
CUT
100
AcDbCircle
 10
396.4302702115251
 20
80.34327000332868
 30
0.0
 40
1.0
100
AcDbArc
 50
179.9999999999088
 51
220.4392515762884
  0
LINE
  5
112
330
17
100
AcDbEntity
  8
CUT
100
AcDbLine
 10
395.669176089666
 20
79.69462854792269
 30
0.0
 11
401.6691760896769
 21
72.65442984787302
 31
0.0
  0
ARC
  5
113
330
17
100
AcDbEntity
  8
CUT
100
AcDbCircle
 10
402.430270211536
 20
73.30307130328049
 30
0.0
 40
1.0
100
AcDbArc
 50
220.4392515764241
 51
359.999999999987
  0
LINE
  5
114
330
17
100
AcDbEntity
  8
CUT
100
AcDbLine
 10
400.4302702115324
 20
99.28272805489104
 30
0.0
 11
400.4302702115305
 21
101.202747494732
 31
0.0
  0
ARC
  5
115
330
17
100
AcDbEntity
  8
CUT
100
AcDbCircle
 10
401.4302702115323
 20
99.282728054891
 30
0.0
 40
1.0
100
AcDbArc
 50
180.0
 51
226.2724608433829
  0
LINE
  5
116
330
17
100
AcDbEntity
  8
CUT
100
AcDbLine
 10
398.6902984177373
 20
101.8753853946389
 30
0.0
 11
395.6902984177355
 21
98.57507272761873
 31
0.0
  0
ARC
  5
117
330
17
100
AcDbEntity
  8
CUT
100
AcDbCircle
 10
399.4302702115306
 20
101.2027474947322
 30
0.0
 40
1.0
100
AcDbArc
 50
359.999999999987
 51
137.7290128899216
  0
ARC
  5
118
330
17
100
AcDbEntity
  8
CUT
100
AcDbCircle
 10
396.4302702115288
 20
97.90243482771471
 30
0.0
 40
0.999999999999723
100
AcDbArc
 50
137.7290128902119
 51
180.0000000001301
  0
LINE
  5
119
330
17
100
AcDbEntity
  8
CUT
100
AcDbLine
 10
403.4302702115414
 20
95.55853830481846
 30
0.0
 11
403.4302702115359
 21
73.30307130328023
 31
0.0
  0
ARC
  5
11A
330
17
100
AcDbEntity
  8
CUT
100
AcDbCircle
 10
402.4302702115415
 20
95.5585383048187
 30
0.0
 40
1.0
100
AcDbArc
 50
359.999999999987
 51
46.27246084338289
  0
LINE
  5
11B
330
17
100
AcDbEntity
  8
CUT
100
AcDbLine
 10
403.1215000362039
 20
96.28117329532058
 30
0.0
 11
400.739040386868
 21
98.56009306438914
 31
0.0
  0
LINE
  5
11C
330
17
100
AcDbEntity
  8
POCKET
100
AcDbLine
 10
397.511165430225
 20
184.6890529428284
 30
0.0
 11
391.01092985887
 21
180.8815038575302
 31
0.0
  0
LINE
  5
11D
330
17
100
AcDbEntity
  8
POCKET
100
AcDbLine
 10
390.5091364162813
 20
179.6690676577888
 30
0.0
 11
388.8562783442008
 21
178.7166820541005
 31
0.0
  0
LINE
  5
11E
330
17
100
AcDbEntity
  8
POCKET
100
AcDbLine
 10
389.0651418650573
 20
176.7594726006473
 30
0.0
 11
397.4350798885184
 21
174.0772952822278
 31
0.0
  0
ARC
  5
11F
330
17
100
AcDbEntity
  8
POCKET
100
AcDbCircle
 10
389.3935409387646
 20
177.7842668508287
 30
0.0
 40
1.07612694735063
100
AcDbArc
 50
119.9507747631106
 51
252.2317528249828
  0
ARC
  5
120
330
17
100
AcDbEntity
  8
POCKET
100
AcDbCircle
 10
397.7634789622221
 20
175.1020895324093
 30
0.0
 40
1.07612694735063
100
AcDbArc
 50
252.2317528249828
 51
0.0
  0
LINE
  5
121
330
17
100
AcDbEntity
  8
POCKET
100
AcDbLine
 10
398.8396059095735
 20
175.1020895324093
 30
0.0
 11
398.8396059095735
 21
175.3733338193801
 31
0.0
  0
ARC
  5
122
330
17
100
AcDbEntity
  8
POCKET
100
AcDbCircle
 10
397.7634789622221
 20
175.3733338193801
 30
0.0
 40
1.07612694735063
100
AcDbArc
 50
0.0
 51
72.73089671965788
  0
LINE
  5
123
330
17
100
AcDbEntity
  8
POCKET
100
AcDbLine
 10
398.0829379826259
 20
176.4009500615127
 30
0.0
 11
392.7965670551798
 21
178.0443445591218
 31
0.0
  0
LINE
  5
124
330
17
100
AcDbEntity
  8
POCKET
100
AcDbLine
 10
392.7965670551762
 20
178.0443445591218
 30
0.0
 11
394.0460548028655
 21
178.8368665746192
 31
0.0
  0
LINE
  5
125
330
17
100
AcDbEntity
  8
POCKET
100
AcDbLine
 10
394.0460548028691
 20
178.8368665746216
 30
0.0
 11
397.4117287601052
 21
177.6727975678596
 31
0.0
  0
ARC
  5
126
330
17
100
AcDbEntity
  8
POCKET
100
AcDbCircle
 10
397.7634789622221
 20
178.689813301328
 30
0.0
 40
1.07612694735063
100
AcDbArc
 50
250.9212853575641
 51
0.0
  0
LINE
  5
127
330
17
100
AcDbEntity
  8
POCKET
100
AcDbLine
 10
398.8396059095735
 20
178.689813301328
 30
0.0
 11
398.8396059095735
 21
178.9782605906614
 31
0.0
  0
ARC
  5
128
330
17
100
AcDbEntity
  8
POCKET
100
AcDbCircle
 10
397.7634789622221
 20
178.9782605906614
 30
0.0
 40
1.07612694735063
100
AcDbArc
 50
0.0
 51
71.67108797827899
  0
LINE
  5
129
330
17
100
AcDbEntity
  8
POCKET
100
AcDbLine
 10
398.1018902235023
 20
179.999792296019
 30
0.0
 11
395.9483879844643
 21
180.7132008031278
 31
0.0
  0
LINE
  5
12A
330
17
100
AcDbEntity
  8
POCKET
100
AcDbLine
 10
395.9483879844643
 20
180.7132008031254
 30
0.0
 11
398.5966519555127
 21
182.2555443856949
 31
0.0
  0
ARC
  5
12B
330
17
100
AcDbEntity
  8
POCKET
100
AcDbCircle
 10
398.0550718689751
 20
183.1854584767154
 30
0.0
 40
1.07612694735063
100
AcDbArc
 50
300.216435219405
 51
0.0
  0
LINE
  5
12C
330
17
100
AcDbEntity
  8
POCKET
100
AcDbLine
 10
399.1311988163229
 20
183.1854584767154
 30
0.0
 11
399.1311988163229
 21
183.7604976172275
 31
0.0
  0
ARC
  5
12D
330
17
100
AcDbEntity
  8
POCKET
100
AcDbCircle
 10
398.0550718689751
 20
183.7604976172275
 30
0.0
 40
1.07612694735063
100
AcDbArc
 50
0.0
 51
120.3598759371611
  0
LINE
  5
12E
330
17
100
AcDbEntity
  8
POCKET
100
AcDbLine
 10
386.9940488590523
 20
173.9848909902489
 30
0.0
 11
386.9940488590523
 21
173.8679419336435
 31
0.0
  0
LINE
  5
12F
330
17
100
AcDbEntity
  8
POCKET
100
AcDbLine
 10
388.9858305921312
 20
171.2598493148052
 30
0.0
 11
387.3414139789688
 21
169.6562157339933
 31
0.0
  0
ARC
  5
130
330
17
100
AcDbEntity
  8
POCKET
100
AcDbCircle
 10
388.0927369763135
 20
168.8857853604528
 30
0.0
 40
1.07612694735063
100
AcDbArc
 50
134.2806229267517
 51
180.0
  0
LINE
  5
131
330
17
100
AcDbEntity
  8
POCKET
100
AcDbLine
 10
387.0166100289621
 20
168.8857853604528
 30
0.0
 11
387.0166100289621
 21
168.3363411236047
 31
0.0
  0
LINE
  5
132
330
17
100
AcDbEntity
  8
POCKET
100
AcDbLine
 10
388.3906435895674
 20
167.3022710792689
 30
0.0
 11
397.3611919454175
 21
169.8866082761209
 31
0.0
  0
ARC
  5
133
330
17
100
AcDbEntity
  8
POCKET
100
AcDbCircle
 10
388.0927369763135
 20
168.3363411236047
 30
0.0
 40
1.07612694735063
100
AcDbArc
 50
180.0
 51
286.0712323950729
  0
ARC
  5
134
330
17
100
AcDbEntity
  8
POCKET
100
AcDbCircle
 10
397.0632853321599
 20
170.9206783204566
 30
0.0
 40
1.07612694735063
100
AcDbArc
 50
286.0712323950729
 51
0.0
  0
LINE
  5
135
330
17
100
AcDbEntity
  8
POCKET
100
AcDbLine
 10
398.1394122795114
 20
170.9206783204566
 30
0.0
 11
398.1394122795114
 21
171.5211315364413
 31
0.0
  0
ARC
  5
136
330
17
100
AcDbEntity
  8
POCKET
100
AcDbCircle
 10
397.0632853321599
 20
171.5211315364413
 30
0.0
 40
1.07612694735063
100
AcDbArc
 50
0.0
 51
73.85253683642281
  0
LINE
  5
137
330
17
100
AcDbEntity
  8
POCKET
100
AcDbLine
 10
397.3625674886766
 20
172.5548043074886
 30
0.0
 11
388.3694579629205
 21
175.158604357221
 31
0.0
  0
ARC
  5
138
330
17
100
AcDbEntity
  8
POCKET
100
AcDbCircle
 10
388.0701758064038
 20
174.1249315861736
 30
0.0
 40
1.07612694735063
100
AcDbArc
 50
73.85253683642281
 51
180.0
  0
LINE
  5
139
330
17
100
AcDbEntity
  8
POCKET
100
AcDbLine
 10
391.2551194561033
 20
170.5855120162005
 30
0.0
 11
390.8774168128198
 21
170.1965222472692
 31
0.0
  0
LINE
  5
13A
330
17
100
AcDbEntity
  8
POCKET
100
AcDbLine
 10
390.8774168128161
 20
170.1965222472668
 30
0.0
 11
394.3451431629742
 21
171.2451162307415
 31
0.0
  0
LINE
  5
13B
330
17
100
AcDbEntity
  8
POCKET
100
AcDbLine
 10
394.3451431629742
 20
171.2451162307415
 30
0.0
 11
387.8009221982552
 21
172.9363133509437
 31
0.0
  0
ARC
  5
13C
330
17
100
AcDbEntity
  8
POCKET
100
AcDbCircle
 10
388.0701758064038
 20
173.9782114751938
 30
0.0
 40
1.07612694735063
100
AcDbArc
 50
180.0
 51
255.510287062719
  0
LINE
  5
13D
330
17
100
AcDbEntity
  8
POCKET
100
AcDbLine
 10
391.0665687871601
 20
171.2573437023209
 30
0.0
 11
390.006407197628
 21
171.5313170655123
 31
0.0
  0
ARC
  5
13E
330
17
100
AcDbEntity
  8
POCKET
100
AcDbCircle
 10
389.7371535894759
 20
170.4894189412648
 30
0.0
 40
1.07612694735063
100
AcDbArc
 50
75.51028706250372
 51
134.2806229267517
  0
ARC
  5
13F
330
17
100
AcDbEntity
  8
POCKET
100
AcDbCircle
 10
390.9655986841039
 20
170.8666319057278
 30
0.0
 40
0.4035476052564863
100
AcDbArc
 50
315.8434385646317
 51
75.51028706271902
  0
LINE
  5
140
330
17
100
AcDbEntity
  8
POCKET
100
AcDbLine
 10
387.8951612063625
 20
163.3628900193202
 30
0.0
 11
388.3041217300574
 21
163.128541933768
 31
0.0
  0
ARC
  5
141
330
17
100
AcDbEntity
  8
POCKET
100
AcDbCircle
 10
388.8391594773507
 20
164.0622355750567
 30
0.0
 40
1.07612694735063
100
AcDbArc
 50
240.1858456691883
 51
285.8742168900409
  0
LINE
  5
142
330
17
100
AcDbEntity
  8
POCKET
100
AcDbLine
 10
389.1335086149752
 20
163.0271472735131
 30
0.0
 11
391.3058473162978
 21
163.6795970889321
 31
0.0
  0
LINE
  5
143
330
17
100
AcDbEntity
  8
POCKET
100
AcDbLine
 10
391.3058473162978
 20
163.6795970889346
 30
0.0
 11
391.3058473162978
 21
162.4490959398059
 31
0.0
  0
ARC
  5
144
330
17
100
AcDbEntity
  8
POCKET
100
AcDbCircle
 10
392.3819742636492
 20
162.4490959398059
 30
0.0
 40
1.07612694735063
100
AcDbArc
 50
180.0
 51
242.2366792485938
  0
LINE
  5
145
330
17
100
AcDbEntity
  8
POCKET
100
AcDbLine
 10
391.8806925299154
 20
161.4968534128001
 30
0.0
 11
392.6788729650484
 21
161.0766734050745
 31
0.0
  0
ARC
  5
146
330
17
100
AcDbEntity
  8
POCKET
100
AcDbCircle
 10
393.1801546987822
 20
162.0289159320804
 30
0.0
 40
1.07612694735063
100
AcDbArc
 50
242.2366792485938
 51
0.0
  0
LINE
  5
147
330
17
100
AcDbEntity
  8
POCKET
100
AcDbLine
 10
394.2562816461336
 20
162.0289159320804
 30
0.0
 11
394.2562816461336
 21
164.4975066004788
 31
0.0
  0
LINE
  5
148
330
17
100
AcDbEntity
  8
POCKET
100
AcDbLine
 10
394.2562816461336
 20
164.4975066004837
 30
0.0
 11
396.291930215511
 21
165.0954009321405
 31
0.0
  0
LINE
  5
149
330
17
100
AcDbEntity
  8
POCKET
100
AcDbLine
 10
396.291930215511
 20
165.0954009321379
 30
0.0
 11
396.291930215511
 21
159.5580950665415
 31
0.0
  0
ARC
  5
14A
330
17
100
AcDbEntity
  8
POCKET
100
AcDbCircle
 10
397.3680571628624
 20
159.5580950665415
 30
0.0
 40
1.07612694735063
100
AcDbArc
 50
180.0
 51
241.552243571817
  0
LINE
  5
14B
330
17
100
AcDbEntity
  8
POCKET
100
AcDbLine
 10
396.8554363036324
 20
158.611908477387
 30
0.0
 11
397.2726303034192
 21
158.3858829248281
 31
0.0
  0
ARC
  5
14C
330
17
100
AcDbEntity
  8
POCKET
100
AcDbCircle
 10
397.7852511626529
 20
159.3320695139825
 30
0.0
 40
1.07612694735063
100
AcDbArc
 50
241.552243571817
 51
0.0
  0
LINE
  5
14D
330
17
100
AcDbEntity
  8
POCKET
100
AcDbLine
 10
398.8613781100007
 20
159.3320695139825
 30
0.0
 11
398.8613781100007
 21
167.2399398751454
 31
0.0
  0
ARC
  5
14E
330
17
100
AcDbEntity
  8
POCKET
100
AcDbCircle
 10
397.7852511626529
 20
167.2399398751454
 30
0.0
 40
1.07612694735063
100
AcDbArc
 50
0.0
 51
107.4650064936584
  0
LINE
  5
14F
330
17
100
AcDbEntity
  8
POCKET
100
AcDbLine
 10
397.4622804361002
 20
168.2664578324188
 30
0.0
 11
388.107228227103
 21
165.3231016178849
 31
0.0
  0
ARC
  5
150
330
17
100
AcDbEntity
  8
POCKET
100
AcDbCircle
 10
388.4301989536557
 20
164.2965836606114
 30
0.0
 40
1.07612694735063
100
AcDbArc
 50
107.4650064936584
 51
240.1858456691883
  0
ARC
  5
151
330
17
100
AcDbEntity
  8
POCKET
100
AcDbCircle
 10
391.5481924534374
 20
179.949088654256
 30
0.0
 40
1.07612694735063
100
AcDbArc
 50
119.9507747631106
 51
195.0826336398903
  0
LINE
  5
152
330
17
100
AcDbEntity
  8
POCKET
100
AcDbLine
 10
386.9940488590523
 20
173.9782114751938
 30
0.0
 11
386.9940488590523
 21
174.1249315861736
 31
0.0
  0
LWPOLYLINE
  5
153
330
17
100
AcDbEntity
  8
CUT
100
AcDbPolyline
 90
5
 70
0
 10
379.6304349824228
 20
274.3129646331537
 42
0.4201707815994295
 10
380.4302702122236
 20
273.496728710979
 10
383.5502702489734
 20
273.496728710979
 42
1.000000022969288
 10
383.5502702122226
 20
275.0967287109783
 10
383.5502702122244
 20
275.6793706144198
  0
LWPOLYLINE
  5
154
330
17
100
AcDbEntity
  8
CUT
100
AcDbPolyline
 90
5
 70
0
 10
407.2302702108553
 20
274.2967287109786
 42
-0.4142135623730951
 10
406.4302702108557
 20
273.496728710979
 10
403.3102701741058
 20
273.496728710979
 42
-1.000000022969288
 10
403.3102702108567
 20
275.0967287109783
 10
403.3102702108549
 20
275.6793706144198
  0
CIRCLE
  5
155
330
17
100
AcDbEntity
  8
CUT
100
AcDbCircle
 10
584.1693840773372
 20
137.8264820652796
 30
0.0
 40
1.5
  0
CIRCLE
  5
156
330
17
100
AcDbEntity
  8
COUNTERSINK
100
AcDbCircle
 10
584.1693840773372
 20
137.8264820652796
 30
0.0
 40
3.0
  0
CIRCLE
  5
157
330
17
100
AcDbEntity
  8
CUT
100
AcDbCircle
 10
587.8154768530298
 20
252.5834018482322
 30
0.0
 40
1.5
  0
CIRCLE
  5
158
330
17
100
AcDbEntity
  8
CUT
100
AcDbCircle
 10
584.1693840773372
 20
220.1790854891553
 30
0.0
 40
1.5
  0
CIRCLE
  5
159
330
17
100
AcDbEntity
  8
CUT
100
AcDbCircle
 10
593.485133958588
 20
75.01038351047532
 30
0.0
 40
1.5
  0
CIRCLE
  5
15A
330
17
100
AcDbEntity
  8
COUNTERSINK
100
AcDbCircle
 10
593.485133958588
 20
75.01038351047532
 30
0.0
 40
3.0
  0
CIRCLE
  5
15B
330
17
100
AcDbEntity
  8
CUT
100
AcDbCircle
 10
631.6223170865856
 20
137.8264820652796
 30
0.0
 40
1.5
  0
CIRCLE
  5
15C
330
17
100
AcDbEntity
  8
COUNTERSINK
100
AcDbCircle
 10
631.6223170865856
 20
137.8264820652796
 30
0.0
 40
3.0
  0
CIRCLE
  5
15D
330
17
100
AcDbEntity
  8
CUT
100
AcDbCircle
 10
627.976224310893
 20
252.5834018482322
 30
0.0
 40
1.5
  0
CIRCLE
  5
15E
330
17
100
AcDbEntity
  8
CUT
100
AcDbCircle
 10
631.6223170865856
 20
220.1790854891553
 30
0.0
 40
1.5
  0
CIRCLE
  5
15F
330
17
100
AcDbEntity
  8
CUT
100
AcDbCircle
 10
622.3065672053349
 20
75.01038351047532
 30
0.0
 40
1.5
  0
CIRCLE
  5
160
330
17
100
AcDbEntity
  8
COUNTERSINK
100
AcDbCircle
 10
622.3065672053349
 20
75.01038351047532
 30
0.0
 40
3.0
  0
CIRCLE
  5
161
330
17
100
AcDbEntity
  8
CUT
100
AcDbCircle
 10
607.8958505819614
 20
147.9332259266532
 30
0.0
 40
1.5
  0
CIRCLE
  5
162
330
17
100
AcDbEntity
  8
COUNTERSINK
100
AcDbCircle
 10
607.8958505819614
 20
147.9332259266532
 30
0.0
 40
3.0
  0
LWPOLYLINE
  5
163
330
17
100
AcDbEntity
  8
CUT
100
AcDbPolyline
 90
8
 70
1
 10
622.3753114886863
 20
191.502783777217
 10
620.8753114886863
 20
191.502783777217
 42
0.4142135623730951
 10
619.8753114886862
 20
190.502783777217
 10
619.8753114886862
 20
167.502783777217
 42
0.4142135623730951
 10
620.8753114886863
 20
166.502783777217
 10
622.3753114886863
 20
166.502783777217
 42
0.4142135623730951
 10
623.3753114886862
 20
167.502783777217
 10
623.3753114886862
 20
190.502783777217
 42
0.4142135623730951
  0
LWPOLYLINE
  5
164
330
17
100
AcDbEntity
  8
CUT
100
AcDbPolyline
 90
8
 70
1
 10
619.0195536844408
 20
128.3296700585608
 10
617.5195536844407
 20
128.3296700585608
 42
0.4142135623730951
 10
616.5195536844407
 20
127.3296700585608
 10
616.5195536844407
 20
104.3296700585608
 42
0.4142135623730951
 10
617.5195536844407
 20
103.3296700585608
 10
619.0195536844408
 20
103.3296700585608
 42
0.4142135623730951
 10
620.0195536844407
 20
104.3296700585608
 10
620.0195536844407
 20
127.3296700585608
 42
0.4142135623730951
  0
LWPOLYLINE
  5
165
330
17
100
AcDbEntity
  8
CUT
100
AcDbPolyline
 90
8
 70
1
 10
596.7721474794821
 20
128.3296700585608
 10
598.272147479482
 20
128.3296700585608
 42
-0.4142135623730951
 10
599.272147479482
 20
127.3296700585608
 10
599.272147479482
 20
104.3296700585608
 42
-0.4142135623730951
 10
598.272147479482
 20
103.3296700585608
 10
596.7721474794821
 20
103.3296700585608
 42
-0.4142135623730951
 10
595.7721474794821
 20
104.3296700585608
 10
595.7721474794821
 20
127.3296700585608
 42
-0.4142135623730951
  0
LWPOLYLINE
  5
166
330
17
100
AcDbEntity
  8
POCKET
100
AcDbPolyline
 90
8
 70
1
 10
606.741245389167
 20
168.3337127967763
 10
608.9042632464211
 20
168.3337127967763
 42
-0.4142135623730951
 10
610.3462751512566
 20
166.8917008919404
 10
610.3462751512566
 20
159.3060694359872
 42
-0.4142135623730951
 10
608.9042632464211
 20
157.8640575311508
 10
606.741245389167
 20
157.8640575311508
 42
-0.4142135623730951
 10
605.2992334843316
 20
159.3060694359872
 10
605.2992334843316
 20
166.8917008919404
 42
-0.4142135623730951
  0
LWPOLYLINE
  5
167
330
17
100
AcDbEntity
  8
POCKET
100
AcDbPolyline
 90
8
 70
1
 10
606.741245389167
 20
228.051123592551
 10
608.9042632464229
 20
228.051123592551
 42
-0.4142135623730951
 10
610.3462751512566
 20
226.6091116877151
 10
610.3462751512566
 20
225.1673359858555
 42
-0.4142135623730951
 10
608.9042632464229
 20
223.7253240810192
 10
606.741245389167
 20
223.7253240810192
 42
-0.4142135623730951
 10
605.2992334843334
 20
225.1673359858555
 10
605.2992334843334
 20
226.6091116877151
 42
-0.4142135623730951
  0
LWPOLYLINE
  5
168
330
17
100
AcDbEntity
  8
POCKET
100
AcDbPolyline
 90
5
 70
0
 10
613.542987799749
 20
214.8828096338407
 10
606.0306634840567
 20
214.8828096338407
 42
-0.2450663637303342
 10
603.949493993336
 20
215.9680348506572
 42
-0.113398850918212
 10
603.4367063984104
 20
217.2384304187203
 42
-0.0371575522549479
 10
603.2211805875708
 20
219.8126494628855
 42
-0.049183095109329
  0
LWPOLYLINE
  5
169
330
17
100
AcDbEntity
  8
POCKET
100
AcDbPolyline
 90
5
 70
0
 10
613.542987799749
 20
217.1900286815762
 10
606.0306634840567
 20
217.1900286815762
 42
-0.2450663637312717
 10
605.841292761736
 20
217.2887759888535
 42
-0.1133988509190671
 10
605.715255223215
 20
217.6010252162673
 42
-0.037157552254976
 10
605.5283009518066
 20
219.8339886092858
  0
LINE
  5
16A
330
17
100
AcDbEntity
  8
POCKET
100
AcDbLine
 10
603.5209331211013
 20
199.4037660361159
 30
0.0
 11
612.2707680428216
 21
199.4037660361159
 31
0.0
  0
LINE
  5
16B
330
17
100
AcDbEntity
  8
POCKET
100
AcDbLine
 10
613.146220662115
 20
197.4988924808076
 30
0.0
 11
606.031040723436
 21
189.2075293203706
 31
0.0
  0
ARC
  5
16C
330
17
100
AcDbEntity
  8
POCKET
100
AcDbCircle
 10
612.2707680428216
 20
198.2501565122479
 30
0.0
 40
1.153609523868798
100
AcDbArc
 50
319.3656689924009
 51
90.0
  0
LWPOLYLINE
  5
16D
330
17
100
AcDbEntity
  8
POCKET
100
AcDbPolyline
 90
5
 70
0
 10
603.5209331211013
 20
197.0965469883804
 10
609.7606604404831
 20
197.0965469883804
 10
602.6454805018114
 20
188.8051838279429
 42
0.6409682668034211
 10
603.5209331211013
 20
186.9003102726296
 10
612.2707680428216
 20
186.9003102726401
  0
LINE
  5
16E
330
17
100
AcDbEntity
  8
POCKET
100
AcDbLine
 10
606.0310407234396
 20
189.2075293203706
 30
0.0
 11
612.2707680428216
 21
189.2075293203756
 31
0.0
  0
LINE
  5
16F
330
17
100
AcDbEntity
  8
POCKET
100
AcDbLine
 10
612.452632513458
 20
181.5125724071877
 30
0.0
 11
612.452632513458
 21
176.4929951472463
 31
0.0
  0
ARC
  5
170
330
17
100
AcDbEntity
  8
POCKET
100
AcDbCircle
 10
609.568608703787
 20
181.5125724071877
 30
0.0
 40
2.884023809671997
100
AcDbArc
 50
0.0
 51
90.0
  0
LINE
  5
171
330
17
100
AcDbEntity
  8
POCKET
100
AcDbLine
 10
609.568608703787
 20
173.6089713375745
 30
0.0
 11
606.0768999318029
 21
173.6089713375745
 31
0.0
  0
ARC
  5
172
330
17
100
AcDbEntity
  8
POCKET
100
AcDbCircle
 10
609.568608703787
 20
176.4929951472463
 30
0.0
 40
2.884023809671997
100
AcDbArc
 50
270.0
 51
0.0
  0
LINE
  5
173
330
17
100
AcDbEntity
  8
POCKET
100
AcDbLine
 10
609.568608703787
 20
184.3965962168599
 30
0.0
 11
606.0768999318029
 21
184.3965962168599
 31
0.0
  0
ARC
  5
174
330
17
100
AcDbEntity
  8
POCKET
100
AcDbCircle
 10
606.0768999318029
 20
181.5125724071877
 30
0.0
 40
2.884023809671997
100
AcDbArc
 50
90.0
 51
180.0
  0
ARC
  5
175
330
17
100
AcDbEntity
  8
POCKET
100
AcDbCircle
 10
609.5686087037907
 20
204.5333999327627
 30
0.0
 40
2.884023809671997
100
AcDbArc
 50
270.0
 51
0.0
  0
LINE
  5
176
330
17
100
AcDbEntity
  8
POCKET
100
AcDbLine
 10
609.5686087037907
 20
212.6149455229847
 30
0.0
 11
606.1114259746467
 21
212.6149455229847
 31
0.0
  0
ARC
  5
177
330
17
100
AcDbEntity
  8
POCKET
100
AcDbCircle
 10
606.1114259746467
 20
209.7309217133129
 30
0.0
 40
2.884023809671997
100
AcDbArc
 50
90.0
 51
180.0
  0
ARC
  5
178
330
17
100
AcDbEntity
  8
POCKET
100
AcDbCircle
 10
606.1114259746467
 20
209.7309217133129
 30
0.0
 40
0.5768047619343993
100
AcDbArc
 50
90.0
 51
180.0
  0
ARC
  5
179
330
17
100
AcDbEntity
  8
POCKET
100
AcDbCircle
 10
609.5686087037907
 20
209.7309217133129
 30
0.0
 40
2.884023809671997
100
AcDbArc
 50
0.0
 51
90.0
  0
LWPOLYLINE
  5
17A
330
17
100
AcDbEntity
  8
POCKET
100
AcDbPolyline
 90
5
 70
0
 10
606.1114259746467
 20
210.3077264752492
 10
606.5928152710953
 20
210.3077264752492
 10
606.5928152711316
 20
202.8029856469534
 42
0.4142135623714801
 10
607.7464247949978
 20
201.6493761230909
 10
609.5686087037907
 20
201.6493761230909
  0
LINE
  5
17B
330
17
100
AcDbEntity
  8
POCKET
100
AcDbLine
 10
603.227402164976
 20
209.7309217133129
 30
0.0
 11
603.227402164976
 21
205.0623993003069
 31
0.0
  0
LINE
  5
17C
330
17
100
AcDbEntity
  8
POCKET
100
AcDbLine
 10
605.534621212712
 20
209.7309217133129
 30
0.0
 11
605.534621212712
 21
205.0623993003069
 31
0.0
  0
LINE
  5
17D
330
17
100
AcDbEntity
  8
POCKET
100
AcDbLine
 10
612.4526325134616
 20
209.7309217133129
 30
0.0
 11
612.4526325134616
 21
204.5333999327627
 31
0.0
  0
ARC
  5
17E
330
17
100
AcDbEntity
  8
POCKET
100
AcDbCircle
 10
606.0768999318029
 20
176.4929951472463
 30
0.0
 40
2.884023809671997
100
AcDbArc
 50
180.0
 51
270.0
  0
LINE
  5
17F
330
17
100
AcDbEntity
  8
POCKET
100
AcDbLine
 10
603.192876122132
 20
181.5125724071877
 30
0.0
 11
603.192876122132
 21
176.4929951472463
 31
0.0
  0
LINE
  5
180
330
17
100
AcDbEntity
  8
POCKET
100
AcDbLine
 10
603.2641158501506
 20
205.0623993003069
 30
0.0
 11
603.227402164976
 21
205.0623993003069
 31
0.0
  0
ARC
  5
181
330
17
100
AcDbEntity
  8
POCKET
100
AcDbCircle
 10
604.3747407696869
 20
219.8233190360829
 30
0.0
 40
1.153609523868666
100
AcDbArc
 50
0.5299282095855171
 51
180.5299282095854
  0
ARC
  5
182
330
17
100
AcDbEntity
  8
POCKET
100
AcDbCircle
 10
613.542987799749
 20
216.0364191577087
 30
0.0
 40
1.153609523867749
100
AcDbArc
 50
270.0
 51
90.0
  0
ARC
  5
183
330
17
100
AcDbEntity
  8
POCKET
100
AcDbCircle
 10
612.2707680428216
 20
188.0539197965081
 30
0.0
 40
1.153609523867749
100
AcDbArc
 50
270.0
 51
90.0
  0
ARC
  5
184
330
17
100
AcDbEntity
  8
POCKET
100
AcDbCircle
 10
603.5209331211013
 20
198.2501565122479
 30
0.0
 40
1.153609523867749
100
AcDbArc
 50
90.0
 51
270.0
  0
ARC
  5
185
330
17
100
AcDbEntity
  8
POCKET
100
AcDbCircle
 10
604.3993685314312
 20
205.0623993003069
 30
0.0
 40
1.135252681282604
100
AcDbArc
 50
180.0
 51
0.0
  0
LINE
  5
186
330
17
100
AcDbEntity
  8
POCKET
100
AcDbLine
 10
610.1454134657218
 20
181.5125724071877
 30
0.0
 11
610.1454134657218
 21
176.4929951472463
 31
0.0
  0
ARC
  5
187
330
17
100
AcDbEntity
  8
POCKET
100
AcDbCircle
 10
609.568608703787
 20
181.5125724071877
 30
0.0
 40
0.5768047619343993
100
AcDbArc
 50
0.0
 51
90.0
  0
LINE
  5
188
330
17
100
AcDbEntity
  8
POCKET
100
AcDbLine
 10
609.568608703787
 20
175.9161903853101
 30
0.0
 11
606.0768999318029
 21
175.9161903853101
 31
0.0
  0
ARC
  5
189
330
17
100
AcDbEntity
  8
POCKET
100
AcDbCircle
 10
609.568608703787
 20
176.4929951472463
 30
0.0
 40
0.5768047619343993
100
AcDbArc
 50
270.0
 51
0.0
  0
LINE
  5
18A
330
17
100
AcDbEntity
  8
POCKET
100
AcDbLine
 10
609.568608703787
 20
182.0893771691244
 30
0.0
 11
606.0768999318029
 21
182.0893771691244
 31
0.0
  0
ARC
  5
18B
330
17
100
AcDbEntity
  8
POCKET
100
AcDbCircle
 10
606.0768999318029
 20
181.5125724071877
 30
0.0
 40
0.5768047619343993
100
AcDbArc
 50
90.0
 51
180.0
  0
ARC
  5
18C
330
17
100
AcDbEntity
  8
POCKET
100
AcDbCircle
 10
606.0768999318029
 20
176.4929951472463
 30
0.0
 40
0.5768047619343993
100
AcDbArc
 50
180.0
 51
270.0
  0
LINE
  5
18D
330
17
100
AcDbEntity
  8
POCKET
100
AcDbLine
 10
605.500095169868
 20
181.5125724071877
 30
0.0
 11
605.500095169868
 21
176.4929951472463
 31
0.0
  0
ARC
  5
18E
330
17
100
AcDbEntity
  8
POCKET
100
AcDbCircle
 10
609.5686087037907
 20
204.5333999327627
 30
0.0
 40
0.5768047619343993
100
AcDbArc
 50
270.0
 51
0.0
  0
ARC
  5
18F
330
17
100
AcDbEntity
  8
POCKET
100
AcDbCircle
 10
609.5686087037907
 20
209.7309217133129
 30
0.0
 40
0.5768047619343993
100
AcDbArc
 50
0.0
 51
90.0
  0
LWPOLYLINE
  5
190
330
17
100
AcDbEntity
  8
POCKET
100
AcDbPolyline
 90
4
 70
0
 10
609.5686087037907
 20
210.3077264752492
 10
608.9000343188277
 20
210.3077264752492
 10
608.9000343188604
 20
203.9565951708264
 10
609.5686087037907
 20
203.9565951708264
  0
LINE
  5
191
330
17
100
AcDbEntity
  8
POCKET
100
AcDbLine
 10
610.1454134657256
 20
209.7309217133129
 30
0.0
 11
610.1454134657256
 21
204.5333999327627
 31
0.0
  0
CIRCLE
  5
192
330
17
100
AcDbEntity
  8
CUT
100
AcDbCircle
 10
607.8958505819614
 20
238.0069079598554
 30
0.0
 40
1.5
  0
CIRCLE
  5
193
330
17
100
AcDbEntity
  8
COUNTERSINK
100
AcDbCircle
 10
607.8958505819614
 20
238.0069079598554
 30
0.0
 40
3.0
  0
LWPOLYLINE
  5
194
330
17
100
AcDbEntity
  8
CUT
100
AcDbPolyline
 90
39
 70
0
 10
607.8958505819614
 20
81.69873178955709
 42
-0.2196847197508813
 10
609.4180388256777
 20
80.99601470037192
 10
618.5568026636433
 20
70.2728958183759
 42
0.2196847197508729
 10
620.8400850292169
 20
69.21882018459814
 10
624.3149114962075
 20
69.21882018459814
 42
0.4142135623730951
 10
627.3149114962075
 20
72.21882018459814
 10
627.3149114962075
 20
123.2995676676007
 42
-0.1989123673796368
 10
628.1935911526475
 20
125.4208880111603
 10
635.9050025764722
 20
133.1322994349853
 42
0.1989123673796368
 10
636.7836822329122
 20
135.2536197785448
 10
636.7836822329122
 20
140.3369353310124
 42
0.2144574455153521
 10
635.7748085892531
 20
142.5809085556946
 10
630.9730553740997
 20
146.8416088520023
 42
-0.2144574455155652
 10
629.9641817304368
 20
149.0855820766858
 10
629.9641817304368
 20
208.9199854777457
 42
-0.2144574455155453
 10
630.9730553740997
 20
211.163958702429
 10
635.7748085892531
 20
215.4246589987397
 42
0.2144574455153474
 10
636.7836822329122
 20
217.668632223422
 10
636.7836822329122
 20
222.7519477758895
 42
0.1989123673796242
 10
635.9050025764722
 20
224.8732681194488
 10
629.1935911526475
 20
231.5846795432737
 42
-0.1989123673796171
 10
628.3149114962075
 20
233.7059998868331
 10
628.3149114962075
 20
243.0989454327735
 42
-0.2144574455153393
 10
629.3237851398666
 20
245.3429186574556
 10
632.1255383550237
 20
247.8289753578163
 42
0.2144574455153475
 10
633.1344119986829
 20
250.0729485824986
 10
633.1344119986829
 20
255.2028509958398
 42
0.2400149751937002
 10
631.8983531938488
 20
257.6294765252521
 10
622.4838309982518
 20
264.4729978400719
 42
0.6128837473819786
 10
620.8958505998639
 20
263.6641226636011
 10
620.8958505998639
 20
260.4516384499377
 42
-0.9999999999999998
 10
620.8958505998639
 20
258.8516384499385
 10
617.7758505631141
 20
258.8516384499385
 42
-0.9999999999999998
 10
617.7758505808456
 20
260.451638449938
 10
617.775850581846
 20
261.5193520676946
 42
0.5814902120399227
 10
617.0205016287478
 20
261.9492321813739
 10
612.094852367602
 20
259.0233946231685
 42
-0.134806905723887
 10
609.5413628365973
 20
258.3221957601192
 10
607.8758505818736
 20
258.3221957601174
  0
LWPOLYLINE
  5
195
330
17
100
AcDbEntity
  8
CUT
100
AcDbPolyline
 90
8
 70
1
 10
598.015850564176
 20
251.9312722170909
 42
1.000000022967015
 10
598.0158506009233
 20
253.5312722170902
 10
594.8958505641735
 20
253.5312722170902
 42
0.9999999999999998
 10
594.8958505641735
 20
251.9312722170909
 10
594.8958505641735
 20
249.0312891076962
 42
0.9999999999999998
 10
594.8958505641735
 20
247.431289107697
 10
598.0158506009233
 20
247.431289107697
 42
1.000000022969288
 10
598.0158505641725
 20
249.0312891076962
  0
LWPOLYLINE
  5
196
330
17
100
AcDbEntity
  8
CUT
100
AcDbPolyline
 90
8
 70
1
 10
617.7758505997449
 20
251.9312722170898
 42
-1.000000022967015
 10
617.7758505629976
 20
253.5312722170893
 10
620.8958505997475
 20
253.5312722170888
 42
-0.9999999999999998
 10
620.8958505997475
 20
251.9312722170896
 10
620.8958505997475
 20
249.0312891076951
 42
-0.9999999999999998
 10
620.8958505997475
 20
247.4312891076959
 10
617.7758505629976
 20
247.4312891076961
 42
-1.000000022969288
 10
617.7758505997485
 20
249.0312891076953
  0
LWPOLYLINE
  5
197
330
17
100
AcDbEntity
  8
CUT
100
AcDbPolyline
 90
8
 70
1
 10
593.4163896752365
 20
191.502783777217
 10
594.9163896752366
 20
191.502783777217
 42
-0.4142135623730951
 10
595.9163896752365
 20
190.502783777217
 10
595.9163896752365
 20
167.502783777217
 42
-0.4142135623730951
 10
594.9163896752366
 20
166.502783777217
 10
593.4163896752365
 20
166.502783777217
 42
-0.4142135623730951
 10
592.4163896752365
 20
167.502783777217
 10
592.4163896752365
 20
190.502783777217
 42
-0.4142135623730951
  0
LWPOLYLINE
  5
198
330
17
100
AcDbEntity
  8
CUT
100
AcDbPolyline
 90
39
 70
0
 10
607.8958505819614
 20
81.69873178955709
 42
0.2196847197508813
 10
606.3736623382451
 20
80.99601470037192
 10
597.2348985002795
 20
70.2728958183759
 42
-0.2196847197508729
 10
594.951616134706
 20
69.21882018459814
 10
591.4767896677154
 20
69.21882018459814
 42
-0.4142135623730951
 10
588.4767896677153
 20
72.21882018459814
 10
588.4767896677153
 20
123.2995676676007
 42
0.1989123673796368
 10
587.5981100112753
 20
125.4208880111603
 10
579.8866985874505
 20
133.1322994349853
 42
-0.1989123673796368
 10
579.0080189310105
 20
135.2536197785448
 10
579.0080189310105
 20
140.3369353310124
 42
-0.2144574455153521
 10
580.0168925746698
 20
142.5809085556946
 10
584.8186457898232
 20
146.8416088520023
 42
0.2144574455155652
 10
585.827519433486
 20
149.0855820766858
 10
585.827519433486
 20
208.9199854777457
 42
0.2144574455155453
 10
584.8186457898232
 20
211.163958702429
 10
580.0168925746698
 20
215.4246589987397
 42
-0.2144574455153474
 10
579.0080189310105
 20
217.668632223422
 10
579.0080189310105
 20
222.7519477758895
 42
-0.1989123673796242
 10
579.8866985874505
 20
224.8732681194488
 10
586.5981100112754
 20
231.5846795432737
 42
0.1989123673796171
 10
587.4767896677154
 20
233.7059998868331
 10
587.4767896677154
 20
243.0989454327735
 42
0.2144574455153393
 10
586.4679160240561
 20
245.3429186574556
 10
583.666162808899
 20
247.8289753578163
 42
-0.2144574455153475
 10
582.65728916524
 20
250.0729485824986
 10
582.65728916524
 20
255.2028509958398
 42
-0.2400149751937002
 10
583.893347970074
 20
257.6294765252521
 10
593.3078701656709
 20
264.4729978400719
 42
-0.6128837473819786
 10
594.895850564059
 20
263.6641226636011
 10
594.895850564059
 20
260.4516384499377
 42
0.9999999999999998
 10
594.895850564059
 20
258.8516384499385
 10
598.0158506008088
 20
258.8516384499385
 42
0.9999999999999998
 10
598.0158505830773
 20
260.451638449938
 10
598.0158505820768
 20
261.5193520676946
 42
-0.5814902120399227
 10
598.7711995351751
 20
261.9492321813739
 10
603.6968487963208
 20
259.0233946231685
 42
0.134806905723887
 10
606.2503383273256
 20
258.3221957601192
 10
607.9158505820491
 20
258.3221957601174
  0
LINE
  5
199
330
17
100
AcDbEntity
  8
CUT
100
AcDbLine
 10
203.9867665506208
 20
181.6088239063262
 30
0.0
 11
208.4381957211672
 21
181.2044695445468
 31
0.0
  0
LINE
  5
19A
330
17
100
AcDbEntity
  8
CUT
100
AcDbLine
 10
209.1766724849458
 20
185.4469546304332
 30
0.0
 11
209.984831579537
 21
183.2074859267642
 31
0.0
  0
ARC
  5
19B
330
17
100
AcDbEntity
  8
CUT
100
AcDbCircle
 10
208.573892493102
 20
182.698319063771
 30
0.0
 40
1.5
100
AcDbArc
 50
264.8096691686661
 51
19.84303821955767
  0
LINE
  5
19C
330
17
100
AcDbEntity
  8
CUT
100
AcDbLine
 10
203.9867665506208
 20
176.3079133512592
 30
0.0
 11
208.4381957211672
 21
176.7122677130385
 31
0.0
  0
LINE
  5
19D
330
17
100
AcDbEntity
  8
CUT
100
AcDbLine
 10
209.1766724849449
 20
172.469782627152
 30
0.0
 11
209.984831579537
 21
174.709251330821
 31
0.0
  0
ARC
  5
19E
330
17
100
AcDbEntity
  8
CUT
100
AcDbCircle
 10
208.573892493102
 20
175.2184181938142
 30
0.0
 40
1.5
100
AcDbArc
 50
340.1569617804423
 51
95.19033083133397
  0
LINE
  5
19F
330
17
100
AcDbEntity
  8
CUT
100
AcDbLine
 10
222.848084656639
 20
181.6088239063259
 30
0.0
 11
218.3966554860936
 21
181.2044695445468
 31
0.0
  0
LINE
  5
1A0
330
17
100
AcDbEntity
  8
CUT
100
AcDbLine
 10
217.6581787223158
 20
185.4469546304332
 30
0.0
 11
216.8500196277237
 21
183.2074859267642
 31
0.0
  0
ARC
  5
1A1
330
17
100
AcDbEntity
  8
CUT
100
AcDbCircle
 10
218.2609587141588
 20
182.698319063771
 30
0.0
 40
1.5
100
AcDbArc
 50
160.1569617804423
 51
275.1903308313863
  0
LINE
  5
1A2
330
17
100
AcDbEntity
  8
CUT
100
AcDbLine
 10
222.848084656639
 20
176.3079133512592
 30
0.0
 11
218.3966554860936
 21
176.7122677130385
 31
0.0
  0
LINE
  5
1A3
330
17
100
AcDbEntity
  8
CUT
100
AcDbLine
 10
217.6581787223149
 20
172.469782627152
 30
0.0
 11
216.8500196277237
 21
174.709251330821
 31
0.0
  0
ARC
  5
1A4
330
17
100
AcDbEntity
  8
CUT
100
AcDbCircle
 10
218.2609587141588
 20
175.2184181938142
 30
0.0
 40
1.5
100
AcDbArc
 50
84.80966916861371
 51
199.8430382195576
  0
ARC
  5
1A5
330
17
100
AcDbEntity
  8
CUT
100
AcDbCircle
 10
199.7299481935506
 20
178.9583686287927
 30
0.0
 40
4.22977136196743
100
AcDbArc
 50
332.9288151920913
 51
27.07118480787972
  0
ARC
  5
1A6
330
17
100
AcDbEntity
  8
CUT
100
AcDbCircle
 10
203.9415342933098
 20
181.1108740665845
 30
0.0
 40
0.5
100
AcDbArc
 50
84.80966916871834
 51
207.0711848079159
  0
ARC
  5
1A7
330
17
100
AcDbEntity
  8
CUT
100
AcDbCircle
 10
203.9415342933098
 20
176.8058631910006
 30
0.0
 40
0.5
100
AcDbArc
 50
152.9288151920841
 51
275.1903308312817
  0
ARC
  5
1A8
330
17
100
AcDbEntity
  8
CUT
100
AcDbCircle
 10
213.4174256036303
 20
179.312073035311
 30
0.0
 40
7.846036250514979
100
AcDbArc
 50
59.11865536605029
 51
120.8813446339497
  0
ARC
  5
1A9
330
17
100
AcDbEntity
  8
CUT
100
AcDbCircle
 10
217.1878656935041
 20
185.6166769180975
 30
0.0
 40
0.5
100
AcDbArc
 50
340.156961780456
 51
59.11865536604839
  0
ARC
  5
1AA
330
17
100
AcDbEntity
  8
CUT
100
AcDbCircle
 10
209.6469855137566
 20
185.6166769180975
 30
0.0
 40
0.5
100
AcDbArc
 50
120.8813446339516
 51
199.8430382195755
  0
ARC
  5
1AB
330
17
100
AcDbEntity
  8
CUT
100
AcDbCircle
 10
213.4174256036303
 20
178.6046642222737
 30
0.0
 40
7.846036250514979
100
AcDbArc
 50
239.1186553660503
 51
300.8813446339497
  0
ARC
  5
1AC
330
17
100
AcDbEntity
  8
CUT
100
AcDbCircle
 10
209.6469855137566
 20
172.3000603394877
 30
0.0
 40
0.5
100
AcDbArc
 50
160.1569617804561
 51
239.1186553660503
  0
ARC
  5
1AD
330
17
100
AcDbEntity
  8
CUT
100
AcDbCircle
 10
217.1878656935041
 20
172.3000603394877
 30
0.0
 40
0.5
100
AcDbArc
 50
300.8813446339497
 51
19.84303821957558
  0
ARC
  5
1AE
330
17
100
AcDbEntity
  8
CUT
100
AcDbCircle
 10
227.1049030137101
 20
178.9583686287927
 30
0.0
 40
4.22977136196743
100
AcDbArc
 50
152.9288151921202
 51
207.0711848079087
  0
ARC
  5
1AF
330
17
100
AcDbEntity
  8
CUT
100
AcDbCircle
 10
222.8933169139509
 20
176.8058631910006
 30
0.0
 40
0.5
100
AcDbArc
 50
264.8096691686137
 51
27.07118480791591
  0
ARC
  5
1B0
330
17
100
AcDbEntity
  8
CUT
100
AcDbCircle
 10
222.8933169139509
 20
181.1108740665845
 30
0.0
 40
0.5
100
AcDbArc
 50
332.9288151920841
 51
95.19033083138628
  0
CIRCLE
  5
1B1
330
17
100
AcDbEntity
  8
CUT
100
AcDbCircle
 10
801.1546989513266
 20
201.4396257350882
 30
0.0
 40
1.5
  0
CIRCLE
  5
1B2
330
17
100
AcDbEntity
  8
COUNTERSINK
100
AcDbCircle
 10
801.1546989513266
 20
201.4396257350882
 30
0.0
 40
3.5
  0
CIRCLE
  5
1B3
330
17
100
AcDbEntity
  8
CUT
100
AcDbCircle
 10
801.1546989513266
 20
170.9396257350892
 30
0.0
 40
1.5
  0
CIRCLE
  5
1B4
330
17
100
AcDbEntity
  8
COUNTERSINK
100
AcDbCircle
 10
801.1546989513266
 20
170.9396257350892
 30
0.0
 40
3.5
  0
CIRCLE
  5
1B5
330
17
100
AcDbEntity
  8
CUT
100
AcDbCircle
 10
831.6546989513266
 20
201.4396257350882
 30
0.0
 40
1.5
  0
CIRCLE
  5
1B6
330
17
100
AcDbEntity
  8
COUNTERSINK
100
AcDbCircle
 10
831.6546989513266
 20
201.4396257350882
 30
0.0
 40
3.5
  0
CIRCLE
  5
1B7
330
17
100
AcDbEntity
  8
CUT
100
AcDbCircle
 10
831.6546989513266
 20
170.9396257350892
 30
0.0
 40
1.5
  0
CIRCLE
  5
1B8
330
17
100
AcDbEntity
  8
COUNTERSINK
100
AcDbCircle
 10
831.6546989513266
 20
170.9396257350892
 30
0.0
 40
3.5
  0
CIRCLE
  5
1B9
330
17
100
AcDbEntity
  8
CUT
100
AcDbCircle
 10
806.4046989513267
 20
196.0501634983204
 30
0.0
 40
1.5
  0
CIRCLE
  5
1BA
330
17
100
AcDbEntity
  8
COUNTERSINK
100
AcDbCircle
 10
806.4046989513267
 20
196.0501634983204
 30
0.0
 40
3.5
  0
CIRCLE
  5
1BB
330
17
100
AcDbEntity
  8
CUT
100
AcDbCircle
 10
806.4046989513267
 20
176.0501634983204
 30
0.0
 40
1.5
  0
CIRCLE
  5
1BC
330
17
100
AcDbEntity
  8
COUNTERSINK
100
AcDbCircle
 10
806.4046989513267
 20
176.0501634983204
 30
0.0
 40
3.5
  0
CIRCLE
  5
1BD
330
17
100
AcDbEntity
  8
CUT
100
AcDbCircle
 10
826.4046989513268
 20
176.0501634983204
 30
0.0
 40
1.5
  0
CIRCLE
  5
1BE
330
17
100
AcDbEntity
  8
COUNTERSINK
100
AcDbCircle
 10
826.4046989513268
 20
176.0501634983204
 30
0.0
 40
3.5
  0
CIRCLE
  5
1BF
330
17
100
AcDbEntity
  8
CUT
100
AcDbCircle
 10
826.4046989513268
 20
196.0501634983204
 30
0.0
 40
1.5
  0
CIRCLE
  5
1C0
330
17
100
AcDbEntity
  8
COUNTERSINK
100
AcDbCircle
 10
826.4046989513268
 20
196.0501634983204
 30
0.0
 40
3.5
  0
CIRCLE
  5
1C1
330
17
100
AcDbEntity
  8
CUT
100
AcDbCircle
 10
775.6478808668593
 20
217.6601403460109
 30
0.0
 40
1.5
  0
CIRCLE
  5
1C2
330
17
100
AcDbEntity
  8
CUT
100
AcDbCircle
 10
775.6478808668593
 20
154.7191111241664
 30
0.0
 40
1.5
  0
CIRCLE
  5
1C3
330
17
100
AcDbEntity
  8
CUT
100
AcDbCircle
 10
857.161517035794
 20
217.6601403460109
 30
0.0
 40
1.5
  0
CIRCLE
  5
1C4
330
17
100
AcDbEntity
  8
CUT
100
AcDbCircle
 10
857.161517035794
 20
154.7191111241664
 30
0.0
 40
1.5
  0
MTEXT
  5
1C5
102
{ACAD_XDICTIONARY
360
1C6
102
}
330
17
100
AcDbEntity
  8
CUT
  6
JIS_09_08
100
AcDbMText
 10
53.24450508651352
 20
317.0345978421383
 30
0.0
 40
10.0
 41
327.756144
 46
0.0
 71
1
 72
5
  1
{\fISOCPEUR|b0|i0|c0|p34;8mm (x4)}
1001
ACAD
1000
ACAD_MTEXT_COLUMN_INFO_BEGIN
1070
75
1070
2
1070
79
1070
0
1070
76
1070
1
1070
78
1070
0
1070
48
1040
327.756144
1070
49
1040
12.5
1070
50
1070
1
1040
0.0
1000
ACAD_MTEXT_COLUMN_INFO_END
1000
ACAD_MTEXT_COLUMNS_BEGIN
1070
47
1070
1
1000
ACAD_MTEXT_COLUMNS_END
  0
MTEXT
  5
1C8
102
{ACAD_XDICTIONARY
360
1C9
102
}
330
17
100
AcDbEntity
  8
CUT
  6
JIS_09_08
100
AcDbMText
 10
57.94496808651354
 20
334.6467641792747
 30
0.0
 40
10.0
 41
327.756144
 46
0.0
 71
1
 72
5
  1
{\fISOCPEUR|b0|i0|c0|p34;Arm 02}
1001
ACAD
1000
ACAD_MTEXT_COLUMN_INFO_BEGIN
1070
75
1070
2
1070
79
1070
0
1070
76
1070
1
1070
78
1070
0
1070
48
1040
327.756144
1070
49
1040
12.5
1070
50
1070
1
1040
0.0
1000
ACAD_MTEXT_COLUMN_INFO_END
1000
ACAD_MTEXT_COLUMNS_BEGIN
1070
47
1070
1
1000
ACAD_MTEXT_COLUMNS_END
  0
MTEXT
  5
1CB
102
{ACAD_XDICTIONARY
360
1CC
102
}
330
17
100
AcDbEntity
  8
POCKET
100
AcDbMText
 10
-82.62851091348645
 20
13.71721314204012
 30
0.0
 40
10.0
 41
327.756144
 46
0.0
 71
1
 72
5
  1
\pi110.37807;{\fISOCPEUR|b0|i0|c0|p34;+ 2 pressnuts M3}
1001
ACAD
1000
ACAD_MTEXT_COLUMN_INFO_BEGIN
1070
75
1070
2
1070
79
1070
0
1070
76
1070
1
1070
78
1070
0
1070
48
1040
327.756144
1070
49
1040
12.5
1070
50
1070
1
1040
0.0
1000
ACAD_MTEXT_COLUMN_INFO_END
1000
ACAD_MTEXT_COLUMNS_BEGIN
1070
47
1070
1
1000
ACAD_MTEXT_COLUMNS_END
  0
MTEXT
  5
1CE
102
{ACAD_XDICTIONARY
360
1CF
102
}
330
17
100
AcDbEntity
  8
POCKET
100
AcDbMText
 10
16.95681120585459
 20
-7.572180120905386
 30
0.0
 40
5.0
 41
126.9168601109813
 46
0.0
 71
1
 72
5
  1
\pi36.45843;{\fISOCPEUR|b0|i0|c0|p34;pressnuts depth : \P\pi43.70843;∅6.4 = 2.5mm\P\pi47.45843;∅4.3= 4mm}
1001
ACAD
1000
ACAD_MTEXT_COLUMN_INFO_BEGIN
1070
75
1070
2
1070
79
1070
0
1070
76
1070
1
1070
78
1070
0
1070
48
1040
126.9168601109813
1070
49
1040
12.5
1070
50
1070
1
1040
0.0
1000
ACAD_MTEXT_COLUMN_INFO_END
1000
ACAD_MTEXT_COLUMNS_BEGIN
1070
47
1070
1
1000
ACAD_MTEXT_COLUMNS_END
  0
CIRCLE
  5
1D1
330
17
100
AcDbEntity
  8
POCKET
100
AcDbCircle
 10
79.1565011981047
 20
106.9985049456276
 30
0.0
 40
2.149999999999999
  0
CIRCLE
  5
1D2
330
17
100
AcDbEntity
  8
POCKET
100
AcDbCircle
 10
79.1565011981047
 20
106.9985049456276
 30
0.0
 40
3.2
  0
CIRCLE
  5
1D3
330
17
100
AcDbEntity
  8
CUT
100
AcDbCircle
 10
79.1565011981047
 20
106.9985049456276
 30
0.0
 40
1.5
  0
ARC
  5
1D4
330
17
100
AcDbEntity
  8
CUT
100
AcDbCircle
 10
73.49964694860549
 20
249.898662513413
 30
0.0
 40
1.500000000000322
100
AcDbArc
 50
225.0000000000686
 51
45.0000000000686
  0
ARC
  5
1D5
330
17
100
AcDbEntity
  8
CUT
100
AcDbCircle
 10
72.43898677682469
 20
250.9593226851924
 30
0.0
 40
1.500000000000322
100
AcDbArc
 50
45.0000000000686
 51
225.0000000000686
  0
LINE
  5
1D6
330
17
100
AcDbEntity
  8
CUT
100
AcDbLine
 10
72.43898677682574
 20
248.8380023416333
 30
0.0
 11
71.3783266050454
 21
249.898662513412
 31
0.0
  0
LINE
  5
1D7
330
17
100
AcDbEntity
  8
CUT
100
AcDbLine
 10
74.56030712038336
 20
250.9593226851958
 30
0.0
 11
73.49964694860239
 21
252.019982856974
 31
0.0
  0
ARC
  5
1D8
330
17
100
AcDbEntity
  8
CUT
100
AcDbCircle
 10
84.81335544759605
 20
249.8986625134151
 30
0.0
 40
1.500000000000322
100
AcDbArc
 50
134.9999999999474
 51
314.9999999999475
  0
ARC
  5
1D9
330
17
100
AcDbEntity
  8
CUT
100
AcDbCircle
 10
85.87401561937642
 20
250.9593226851941
 30
0.0
 40
1.500000000000322
100
AcDbArc
 50
314.9999999999475
 51
134.9999999999474
  0
LINE
  5
1DA
330
17
100
AcDbEntity
  8
CUT
100
AcDbLine
 10
85.8740156193764
 20
248.8380023416342
 30
0.0
 11
86.93467579115477
 21
249.8986625134128
 31
0.0
  0
LINE
  5
1DB
330
17
100
AcDbEntity
  8
CUT
100
AcDbLine
 10
83.75269527581673
 20
250.9593226851968
 30
0.0
 11
84.81335544759776
 21
252.0199828569753
 31
0.0
  0
ARC
  5
1DC
330
17
100
AcDbEntity
  8
CUT
100
AcDbCircle
 10
73.4996469486134
 20
238.5849540144298
 30
0.0
 40
1.500000000000322
100
AcDbArc
 50
315.0000000000578
 51
135.0000000000578
  0
ARC
  5
1DD
330
17
100
AcDbEntity
  8
CUT
100
AcDbCircle
 10
72.43898677683197
 20
237.5242938426488
 30
0.0
 40
1.500000000000322
100
AcDbArc
 50
135.0000000000578
 51
315.0000000000578
  0
LINE
  5
1DE
330
17
100
AcDbEntity
  8
CUT
100
AcDbLine
 10
72.43898677682981
 20
239.6456141862082
 30
0.0
 11
71.37832660505273
 21
238.5849540144282
 31
0.0
  0
LINE
  5
1DF
330
17
100
AcDbEntity
  8
CUT
100
AcDbLine
 10
74.56030712039185
 20
237.5242938426485
 30
0.0
 11
73.49964694861274
 21
236.4636336708704
 31
0.0
  0
ARC
  5
1E0
330
17
100
AcDbEntity
  8
CUT
100
AcDbCircle
 10
84.81335544760356
 20
238.584954014443
 30
0.0
 40
1.500000000000322
100
AcDbArc
 50
45.00000000017428
 51
225.0000000001726
  0
ARC
  5
1E1
330
17
100
AcDbEntity
  8
CUT
100
AcDbCircle
 10
85.8740156193851
 20
237.5242938426664
 30
0.0
 40
1.500000000000322
100
AcDbArc
 50
225.0000000001726
 51
45.00000000017428
  0
LINE
  5
1E2
330
17
100
AcDbEntity
  8
CUT
100
AcDbLine
 10
85.87401561938267
 20
239.6456141862258
 30
0.0
 11
86.93467579116265
 21
238.5849540144479
 31
0.0
  0
LINE
  5
1E3
330
17
100
AcDbEntity
  8
CUT
100
AcDbLine
 10
83.75269527582583
 20
237.5242938426592
 30
0.0
 11
84.81335544760847
 21
236.4636336708811
 31
0.0
  0
CIRCLE
  5
1E4
330
17
100
AcDbEntity
  8
CUT
100
AcDbCircle
 10
79.1565011981042
 20
244.2418082639272
 30
0.0
 40
3.5
  0
LINE
  5
1E5
330
17
100
AcDbEntity
  8
CUT
100
AcDbLine
 10
78.42933207595718
 20
265.1844778931295
 30
0.0
 11
71.75156029286981
 21
258.1106773667985
 31
0.0
  0
LINE
  5
1E6
330
17
100
AcDbEntity
  8
CUT
100
AcDbLine
 10
72.02886023127289
 20
255.9856616620144
 30
0.0
 11
78.70663201436469
 21
252.6219371400721
 31
0.0
  0
ARC
  5
1E7
330
17
100
AcDbEntity
  8
CUT
100
AcDbCircle
 10
72.47872941500941
 20
256.8787561237174
 30
0.0
 40
1.0
100
AcDbArc
 50
179.9999999999735
 51
243.2647087747511
  0
LINE
  5
1E8
330
17
100
AcDbEntity
  8
CUT
100
AcDbLine
 10
79.88367032024085
 20
265.184477893128
 30
0.0
 11
86.56144210333399
 21
258.1106773668012
 31
0.0
  0
ARC
  5
1E9
330
17
100
AcDbEntity
  8
CUT
100
AcDbCircle
 10
79.1565011980978
 20
264.4980195420211
 30
0.0
 40
1.0
100
AcDbArc
 50
43.3504064014579
 51
136.6495935985116
  0
LINE
  5
1EA
330
17
100
AcDbEntity
  8
CUT
100
AcDbLine
 10
71.47872941500987
 20
257.4242190156923
 30
0.0
 11
71.47872941500941
 21
256.8787561237189
 31
0.0
  0
ARC
  5
1EB
330
17
100
AcDbEntity
  8
CUT
100
AcDbCircle
 10
72.47872941500975
 20
257.424219015692
 30
0.0
 40
1.0
100
AcDbArc
 50
136.6495935985495
 51
179.9999999999735
  0
LINE
  5
1EC
330
17
100
AcDbEntity
  8
CUT
100
AcDbLine
 10
86.28414216493158
 20
255.985661662013
 30
0.0
 11
79.60637038183842
 21
252.6219371400724
 31
0.0
  0
ARC
  5
1ED
330
17
100
AcDbEntity
  8
CUT
100
AcDbCircle
 10
85.8342729811938
 20
256.8787561237165
 30
0.0
 40
1.0
100
AcDbArc
 50
296.7352912252507
 51
3.90827e-11
  0
ARC
  5
1EE
330
17
100
AcDbEntity
  8
CUT
100
AcDbCircle
 10
79.1565011981005
 20
253.5150316017757
 30
0.0
 40
1.0
100
AcDbArc
 50
243.2647087746945
 51
296.7352912253273
  0
LINE
  5
1EF
330
17
100
AcDbEntity
  8
CUT
100
AcDbLine
 10
86.8342729811941
 20
257.4242190156942
 30
0.0
 11
86.83427298119454
 21
256.8787561237168
 31
0.0
  0
ARC
  5
1F0
330
17
100
AcDbEntity
  8
CUT
100
AcDbCircle
 10
85.83427298119332
 20
257.4242190156939
 30
0.0
 40
1.0
100
AcDbArc
 50
3.46044e-11
 51
43.3504064014579
  0
LWPOLYLINE
  5
1F1
330
17
100
AcDbEntity
  8
CUT
100
AcDbPolyline
 90
28
 70
1
 10
89.5430397474909
 20
259.3225123706
 42
-0.1914404405762833
 10
90.90719413678669
 20
255.8902206150645
 10
90.9071941367898
 20
237.8867428615727
 42
-0.1095940617168931
 10
90.62573526481505
 20
236.6180686972435
 10
87.03289367793315
 20
228.9192537492763
 42
0.1095940617168931
 10
85.15650119810823
 20
220.4614259870953
 10
85.15650119812256
 20
189.3994135497522
 42
0.0166086377531002
 10
85.3770569805194
 20
182.761453650385
 10
87.88789686059644
 20
145.0194046549362
 42
-0.0387901474190217
 10
87.87928851171606
 20
144.2448151171341
 10
84.46651527302905
 20
105.8504685739811
 42
-0.1201447341834747
 10
83.70389076925986
 20
103.607890166502
 10
80.42182300557357
 20
98.45276362822614
 42
-0.548808224759756
 10
77.89117939063561
 20
98.4527636282261
 10
74.60911162695021
 20
103.6078901665008
 42
-0.1201447341835987
 10
73.84648712318102
 20
105.8504685739812
 10
70.4337138844931
 20
144.2448151171356
 42
-0.0387901474188965
 10
70.42510553561227
 20
145.0194046549359
 10
72.9359454157186
 20
182.7614536508239
 42
0.016608637753249
 10
73.15650119811548
 20
189.3994135502506
 10
73.15650119811136
 20
220.4614259870922
 42
0.1095940617164661
 10
71.28010871828678
 20
228.9192537492589
 10
67.68726713139527
 20
236.6180686972398
 42
-0.1095940617164629
 10
67.40580825941933
 20
237.8867428615678
 10
67.40580825941714
 20
255.8902206150555
 42
-0.1914404405765
 10
68.76996264871124
 20
259.3225123705922
 10
76.9749938316758
 20
268.0141472131637
 42
-0.431181192030744
 10
81.3380085645212
 20
268.014147213163
  0
CIRCLE
  5
1F2
330
17
100
AcDbEntity
  8
POCKET
100
AcDbCircle
 10
79.15650119810462
 20
125.8151402046703
 30
0.0
 40
2.149999999999999
  0
CIRCLE
  5
1F3
330
17
100
AcDbEntity
  8
POCKET
100
AcDbCircle
 10
79.15650119810462
 20
125.8151402046703
 30
0.0
 40
3.2
  0
CIRCLE
  5
1F4
330
17
100
AcDbEntity
  8
CUT
100
AcDbCircle
 10
79.15650119810462
 20
125.8151402046703
 30
0.0
 40
1.5
  0
CIRCLE
  5
1F5
330
17
100
AcDbEntity
  8
CUT
100
AcDbCircle
 10
79.15650119810464
 20
144.6317754637132
 30
0.0
 40
1.5
  0
LINE
  5
1F6
330
17
100
AcDbEntity
  8
CUT
100
AcDbLine
 10
381.3996134395233
 20
130.7016513737421
 30
0.0
 11
389.7231634303675
 21
122.3781013828959
 31
0.0
  0
ARC
  5
1F7
330
17
100
AcDbEntity
  8
CUT
100
AcDbCircle
 10
390.4302702115542
 20
123.0852081640823
 30
0.0
 40
1.0
100
AcDbArc
 50
224.9999999999944
 51
0.0
  0
ARC
  5
1F8
330
17
100
AcDbEntity
  8
CUT
100
AcDbCircle
 10
389.9302702115542
 20
133.6749496117834
 30
0.0
 40
1.5
100
AcDbArc
 50
0.0
 51
44.99999999999044
  0
LINE
  5
1F9
330
17
100
AcDbEntity
  8
CUT
100
AcDbLine
 10
381.4666514412361
 20
132.8860174604078
 30
0.0
 11
386.4461924707571
 21
137.2891110974025
 31
0.0
  0
ARC
  5
1FA
330
17
100
AcDbEntity
  8
CUT
100
AcDbCircle
 10
382.4602736113025
 20
131.7623115455214
 30
0.0
 40
1.5
100
AcDbArc
 50
131.4842987053404
 51
224.9999999999944
  0
LINE
  5
1FB
330
17
100
AcDbEntity
  8
CUT
100
AcDbLine
 10
388.5004748126025
 20
137.2260653542946
 30
0.0
 11
390.9909303833333
 21
134.7356097835626
 31
0.0
  0
ARC
  5
1FC
330
17
100
AcDbEntity
  8
CUT
100
AcDbCircle
 10
387.4398146408235
 20
136.1654051825158
 30
0.0
 40
1.5
100
AcDbArc
 50
44.99999999999044
 51
131.4842987053406
  0
LINE
  5
1FD
330
17
100
AcDbEntity
  8
CUT
100
AcDbLine
 10
405.4609269835559
 20
130.7016513737421
 30
0.0
 11
397.1373769927118
 21
122.3781013828959
 31
0.0
  0
LINE
  5
1FE
330
17
100
AcDbEntity
  8
CUT
100
AcDbLine
 10
395.4302702115251
 20
133.6749496117834
 30
0.0
 11
395.4302702115251
 21
123.0852081640823
 31
0.0
  0
ARC
  5
1FF
330
17
100
AcDbEntity
  8
CUT
100
AcDbCircle
 10
396.4302702115251
 20
123.0852081640823
 30
0.0
 40
1.0
100
AcDbArc
 50
180.0
 51
314.999999999899
  0
ARC
  5
200
330
17
100
AcDbEntity
  8
CUT
100
AcDbCircle
 10
396.9302702115251
 20
133.6749496117834
 30
0.0
 40
1.5
100
AcDbArc
 50
134.999999999899
 51
180.0
  0
LINE
  5
201
330
17
100
AcDbEntity
  8
CUT
100
AcDbLine
 10
405.3938889818432
 20
132.8860174604078
 30
0.0
 11
400.4143479523222
 21
137.2891110974025
 31
0.0
  0
ARC
  5
202
330
17
100
AcDbEntity
  8
CUT
100
AcDbCircle
 10
404.4002668117768
 20
131.7623115455214
 30
0.0
 40
1.5
100
AcDbArc
 50
314.999999999899
 51
48.51570129476821
  0
LINE
  5
203
330
17
100
AcDbEntity
  8
CUT
100
AcDbLine
 10
398.3600656104768
 20
137.2260653542946
 30
0.0
 11
395.869610039746
 21
134.7356097835626
 31
0.0
  0
ARC
  5
204
330
17
100
AcDbEntity
  8
CUT
100
AcDbCircle
 10
399.4207257822559
 20
136.1654051825158
 30
0.0
 40
1.5
100
AcDbArc
 50
48.51570129476821
 51
134.999999999899
  0
LINE
  5
205
330
17
100
AcDbEntity
  8
CUT
100
AcDbLine
 10
391.4302702115542
 20
133.6749496117834
 30
0.0
 11
391.4302702115542
 21
123.0852081640823
 31
0.0
  0
LWPOLYLINE
  5
206
330
17
100
AcDbEntity
  8
CUT
100
AcDbPolyline
 90
16
 70
0
 10
816.4046989513276
 20
160.993240020341
 10
811.9278473254066
 20
160.9932400203411
 42
0.1081513794407491
 10
807.750682559908
 20
160.0790143143615
 10
779.9757520565659
 20
147.3095510514389
 42
-0.3492981555884725
 10
771.5112036354753
 20
149.3914517398897
 10
769.3935400606648
 20
152.1339944071998
 42
-0.3948651666360871
 10
770.2971696855952
 20
161.6560966607015
 10
789.5704633209192
 20
178.6982529691853
 42
0.4506319876263047
 10
789.5704633209202
 20
193.6809985010045
 10
770.2971696856051
 20
210.7231548094925
 42
-0.3948651666360353
 10
769.3935400606765
 20
220.245257062993
 10
771.5112036354755
 20
222.9877997302871
 42
-0.3492981555884724
 10
779.9757520565659
 20
225.0697004187379
 10
807.7506825599087
 20
212.3002371558151
 42
0.1081513794407491
 10
811.9278473254057
 20
211.386011449836
 10
816.4046989513266
 20
211.386011449836
  0
LWPOLYLINE
  5
207
330
17
100
AcDbEntity
  8
CUT
100
AcDbPolyline
 90
16
 70
0
 10
816.4046989513276
 20
160.993240020341
 10
820.8815505772486
 20
160.9932400203411
 42
-0.108151379440749
 10
825.0587153427472
 20
160.0790143143615
 10
852.8336458460893
 20
147.3095510514389
 42
0.3492981555884724
 10
861.29819426718
 20
149.3914517398897
 10
863.4158578419841
 20
152.133994407191
 42
0.3948651666360408
 10
862.5122282170545
 20
161.6560966606915
 10
843.2389345817332
 20
178.6982529691792
 42
-0.4506319876263106
 10
843.2389345817342
 20
193.6809985009996
 10
862.5122282170536
 20
210.7231548094853
 42
0.3948651666360408
 10
863.4158578419825
 20
220.2452570629859
 10
861.298194267178
 20
222.9877997302871
 42
0.3492981555884724
 10
852.8336458460875
 20
225.0697004187379
 10
825.0587153427446
 20
212.3002371558151
 42
-0.1081513794407491
 10
820.8815505772477
 20
211.386011449836
 10
816.4046989513266
 20
211.386011449836
  0
MTEXT
  5
208
102
{ACAD_XDICTIONARY
360
209
102
}
330
17
100
AcDbEntity
  8
CUT
  6
JIS_09_08
100
AcDbMText
 10
55.52058299999999
 20
-87.18672241210218
 30
0.0
 40
10.0
 41
327.756144
 46
0.0
 71
1
 72
5
  1
{\fISOCPEUR|b0|i0|c0|p34;6mm (x4)}
1001
ACAD
1000
ACAD_MTEXT_COLUMN_INFO_BEGIN
1070
75
1070
2
1070
79
1070
0
1070
76
1070
1
1070
78
1070
0
1070
48
1040
327.756144
1070
49
1040
12.5
1070
50
1070
1
1040
0.0
1000
ACAD_MTEXT_COLUMN_INFO_END
1000
ACAD_MTEXT_COLUMNS_BEGIN
1070
47
1070
1
1000
ACAD_MTEXT_COLUMNS_END
  0
MTEXT
  5
20B
102
{ACAD_XDICTIONARY
360
20C
102
}
330
17
100
AcDbEntity
  8
CUT
  6
JIS_09_08
100
AcDbMText
 10
384.3313665419735
 20
-87.18672241210218
 30
0.0
 40
10.0
 41
327.756144
 46
0.0
 71
1
 72
5
  1
{\fISOCPEUR|b0|i0|c0|p34;3mm (x1)}
1001
ACAD
1000
ACAD_MTEXT_COLUMN_INFO_BEGIN
1070
75
1070
2
1070
79
1070
0
1070
76
1070
1
1070
78
1070
0
1070
48
1040
327.756144
1070
49
1040
12.5
1070
50
1070
1
1040
0.0
1000
ACAD_MTEXT_COLUMN_INFO_END
1000
ACAD_MTEXT_COLUMNS_BEGIN
1070
47
1070
1
1000
ACAD_MTEXT_COLUMNS_END
  0
MTEXT
  5
20E
102
{ACAD_XDICTIONARY
360
20F
102
}
330
17
100
AcDbEntity
  8
CUT
  6
JIS_09_08
100
AcDbMText
 10
591.080450454693
 20
-87.18672241210218
 30
0.0
 40
10.0
 41
327.756144
 46
0.0
 71
1
 72
5
  1
{\fISOCPEUR|b0|i0|c0|p34;2.5mm (x1)}
1001
ACAD
1000
ACAD_MTEXT_COLUMN_INFO_BEGIN
1070
75
1070
2
1070
79
1070
0
1070
76
1070
1
1070
78
1070
0
1070
48
1040
327.756144
1070
49
1040
12.5
1070
50
1070
1
1040
0.0
1000
ACAD_MTEXT_COLUMN_INFO_END
1000
ACAD_MTEXT_COLUMNS_BEGIN
1070
47
1070
1
1000
ACAD_MTEXT_COLUMNS_END
  0
MTEXT
  5
211
102
{ACAD_XDICTIONARY
360
212
102
}
330
17
100
AcDbEntity
  8
CUT
  6
JIS_09_08
100
AcDbMText
 10
804.9870760085422
 20
-87.18672241210218
 30
0.0
 40
10.0
 41
327.756144
 46
0.0
 71
1
 72
5
  1
{\fISOCPEUR|b0|i0|c0|p34;2.5mm (x1)}
1001
ACAD
1000
ACAD_MTEXT_COLUMN_INFO_BEGIN
1070
75
1070
2
1070
79
1070
0
1070
76
1070
1
1070
78
1070
0
1070
48
1040
327.756144
1070
49
1040
12.5
1070
50
1070
1
1040
0.0
1000
ACAD_MTEXT_COLUMN_INFO_END
1000
ACAD_MTEXT_COLUMNS_BEGIN
1070
47
1070
1
1000
ACAD_MTEXT_COLUMNS_END
  0
MTEXT
  5
214
102
{ACAD_XDICTIONARY
360
215
102
}
330
17
100
AcDbEntity
  8
CUT
  6
JIS_09_08
100
AcDbMText
 10
60.22104599999999
 20
-69.57455607496581
 30
0.0
 40
10.0
 41
327.756144
 46
0.0
 71
1
 72
5
  1
{\fISOCPEUR|b0|i0|c0|p34;Arm 01}
1001
ACAD
1000
ACAD_MTEXT_COLUMN_INFO_BEGIN
1070
75
1070
2
1070
79
1070
0
1070
76
1070
1
1070
78
1070
0
1070
48
1040
327.756144
1070
49
1040
12.5
1070
50
1070
1
1040
0.0
1000
ACAD_MTEXT_COLUMN_INFO_END
1000
ACAD_MTEXT_COLUMNS_BEGIN
1070
47
1070
1
1000
ACAD_MTEXT_COLUMNS_END
  0
MTEXT
  5
217
102
{ACAD_XDICTIONARY
360
218
102
}
330
17
100
AcDbEntity
  8
CUT
  6
JIS_09_08
100
AcDbMText
 10
385.6198925419735
 20
-69.57455607496581
 30
0.0
 40
10.0
 41
327.756144
 46
0.0
 71
1
 72
5
  1
{\fISOCPEUR|b0|i0|c0|p34;Bottom}
1001
ACAD
1000
ACAD_MTEXT_COLUMN_INFO_BEGIN
1070
75
1070
2
1070
79
1070
0
1070
76
1070
1
1070
78
1070
0
1070
48
1040
327.756144
1070
49
1040
12.5
1070
50
1070
1
1040
0.0
1000
ACAD_MTEXT_COLUMN_INFO_END
1000
ACAD_MTEXT_COLUMNS_BEGIN
1070
47
1070
1
1000
ACAD_MTEXT_COLUMNS_END
  0
MTEXT
  5
21A
102
{ACAD_XDICTIONARY
360
21B
102
}
330
17
100
AcDbEntity
  8
CUT
  6
JIS_09_08
100
AcDbMText
 10
592.435403454693
 20
-69.57455607496581
 30
0.0
 40
10.0
 41
327.756144
 46
0.0
 71
1
 72
5
  1
{\fISOCPEUR|b0|i0|c0|p34;Top 01}
1001
ACAD
1000
ACAD_MTEXT_COLUMN_INFO_BEGIN
1070
75
1070
2
1070
79
1070
0
1070
76
1070
1
1070
78
1070
0
1070
48
1040
327.756144
1070
49
1040
12.5
1070
50
1070
1
1040
0.0
1000
ACAD_MTEXT_COLUMN_INFO_END
1000
ACAD_MTEXT_COLUMNS_BEGIN
1070
47
1070
1
1000
ACAD_MTEXT_COLUMNS_END
  0
MTEXT
  5
21D
102
{ACAD_XDICTIONARY
360
21E
102
}
330
17
100
AcDbEntity
  8
CUT
  6
JIS_09_08
100
AcDbMText
 10
800.6604480085421
 20
-69.57455607496581
 30
0.0
 40
10.0
 41
327.756144
 46
0.0
 71
1
 72
5
  1
{\fISOCPEUR|b0|i0|c0|p34;Mid plate}
1001
ACAD
1000
ACAD_MTEXT_COLUMN_INFO_BEGIN
1070
75
1070
2
1070
79
1070
0
1070
76
1070
1
1070
78
1070
0
1070
48
1040
327.756144
1070
49
1040
12.5
1070
50
1070
1
1040
0.0
1000
ACAD_MTEXT_COLUMN_INFO_END
1000
ACAD_MTEXT_COLUMNS_BEGIN
1070
47
1070
1
1000
ACAD_MTEXT_COLUMNS_END
  0
MTEXT
  5
220
102
{ACAD_XDICTIONARY
360
221
102
}
330
17
100
AcDbEntity
  8
CUT
  6
JIS_09_08
100
AcDbMText
 10
204.0776286439316
 20
-87.18672241210218
 30
0.0
 40
10.0
 41
327.756144
 46
0.0
 71
1
 72
5
  1
{\fISOCPEUR|b0|i0|c0|p34;6mm (x1)}
1001
ACAD
1000
ACAD_MTEXT_COLUMN_INFO_BEGIN
1070
75
1070
2
1070
79
1070
0
1070
76
1070
1
1070
78
1070
0
1070
48
1040
327.756144
1070
49
1040
12.5
1070
50
1070
1
1040
0.0
1000
ACAD_MTEXT_COLUMN_INFO_END
1000
ACAD_MTEXT_COLUMNS_BEGIN
1070
47
1070
1
1000
ACAD_MTEXT_COLUMNS_END
  0
MTEXT
  5
223
102
{ACAD_XDICTIONARY
360
224
102
}
330
17
100
AcDbEntity
  8
CUT
  6
JIS_09_08
100
AcDbMText
 10
210.2399566439315
 20
-69.57455607496581
 30
0.0
 40
10.0
 41
327.756144
 46
0.0
 71
1
 72
5
  1
{\fISOCPEUR|b0|i0|c0|p34;Key}
1001
ACAD
1000
ACAD_MTEXT_COLUMN_INFO_BEGIN
1070
75
1070
2
1070
79
1070
0
1070
76
1070
1
1070
78
1070
0
1070
48
1040
327.756144
1070
49
1040
12.5
1070
50
1070
1
1040
0.0
1000
ACAD_MTEXT_COLUMN_INFO_END
1000
ACAD_MTEXT_COLUMNS_BEGIN
1070
47
1070
1
1000
ACAD_MTEXT_COLUMNS_END
  0
LINE
  5
226
330
17
100
AcDbEntity
  8
CUT
100
AcDbLine
 10
611.6264622180978
 20
-209.4242158823051
 30
0.0
 11
565.1156913465989
 21
-212.655938346856
 31
0.0
  0
MTEXT
  5
227
102
{ACAD_XDICTIONARY
360
228
102
}
330
17
100
AcDbEntity
  8
CUT
  6
JIS_09_08
100
AcDbMText
 10
716.0213273126064
 20
-209.1722324753118
 30
0.0
 40
5.0
 41
327.756144
 46
0.0
 71
3
 72
5
  1
{\fISOCPEUR|b0|i0|c0|p34;pockets \Pdepth 0.5mm\P(red lines) }
1001
ACAD
1000
ACAD_MTEXT_COLUMN_INFO_BEGIN
1070
75
1070
2
1070
79
1070
0
1070
76
1070
1
1070
78
1070
0
1070
48
1040
327.756144
1070
49
1040
12.5
1070
50
1070
1
1040
0.0
1000
ACAD_MTEXT_COLUMN_INFO_END
1000
ACAD_MTEXT_COLUMNS_BEGIN
1070
47
1070
1
1000
ACAD_MTEXT_COLUMNS_END
  0
CIRCLE
  5
22A
330
17
100
AcDbEntity
  8
CUT
100
AcDbCircle
 10
586.5234343278984
 20
-266.3948381889609
 30
0.0
 40
1.5
  0
CIRCLE
  5
22B
330
17
100
AcDbEntity
  8
COUNTERSINK
100
AcDbCircle
 10
586.5234343278984
 20
-266.3948381889609
 30
0.0
 40
3.0
  0
CIRCLE
  5
22C
330
17
100
AcDbEntity
  8
CUT
100
AcDbCircle
 10
590.169527103591
 20
-151.6379184060083
 30
0.0
 40
1.5
  0
CIRCLE
  5
22D
330
17
100
AcDbEntity
  8
CUT
100
AcDbCircle
 10
586.5234343278984
 20
-184.0422347650851
 30
0.0
 40
1.5
  0
CIRCLE
  5
22E
330
17
100
AcDbEntity
  8
CUT
100
AcDbCircle
 10
595.8391842091492
 20
-329.2109367437652
 30
0.0
 40
1.5
  0
CIRCLE
  5
22F
330
17
100
AcDbEntity
  8
COUNTERSINK
100
AcDbCircle
 10
595.8391842091492
 20
-329.2109367437652
 30
0.0
 40
3.0
  0
CIRCLE
  5
230
330
17
100
AcDbEntity
  8
CUT
100
AcDbCircle
 10
633.9763673371467
 20
-266.3948381889609
 30
0.0
 40
1.5
  0
CIRCLE
  5
231
330
17
100
AcDbEntity
  8
COUNTERSINK
100
AcDbCircle
 10
633.9763673371467
 20
-266.3948381889609
 30
0.0
 40
3.0
  0
CIRCLE
  5
232
330
17
100
AcDbEntity
  8
CUT
100
AcDbCircle
 10
630.3302745614542
 20
-151.6379184060083
 30
0.0
 40
1.5
  0
CIRCLE
  5
233
330
17
100
AcDbEntity
  8
CUT
100
AcDbCircle
 10
633.9763673371467
 20
-184.0422347650851
 30
0.0
 40
1.5
  0
CIRCLE
  5
234
330
17
100
AcDbEntity
  8
CUT
100
AcDbCircle
 10
624.660617455896
 20
-329.2109367437652
 30
0.0
 40
1.5
  0
CIRCLE
  5
235
330
17
100
AcDbEntity
  8
COUNTERSINK
100
AcDbCircle
 10
624.660617455896
 20
-329.2109367437652
 30
0.0
 40
3.0
  0
CIRCLE
  5
236
330
17
100
AcDbEntity
  8
CUT
100
AcDbCircle
 10
610.2499008325225
 20
-256.2880943275873
 30
0.0
 40
1.5
  0
CIRCLE
  5
237
330
17
100
AcDbEntity
  8
COUNTERSINK
100
AcDbCircle
 10
610.2499008325225
 20
-256.2880943275873
 30
0.0
 40
3.0
  0
LWPOLYLINE
  5
238
330
17
100
AcDbEntity
  8
CUT
100
AcDbPolyline
 90
8
 70
1
 10
624.7293617392475
 20
-212.7185364770235
 10
623.2293617392475
 20
-212.7185364770235
 42
0.4142135623730951
 10
622.2293617392475
 20
-213.7185364770235
 10
622.2293617392475
 20
-236.7185364770235
 42
0.4142135623730951
 10
623.2293617392475
 20
-237.7185364770235
 10
624.7293617392475
 20
-237.7185364770235
 42
0.4142135623730951
 10
625.7293617392475
 20
-236.7185364770235
 10
625.7293617392475
 20
-213.7185364770235
 42
0.4142135623730951
  0
LWPOLYLINE
  5
239
330
17
100
AcDbEntity
  8
CUT
100
AcDbPolyline
 90
8
 70
1
 10
621.3736039350019
 20
-275.8916501956796
 10
619.8736039350019
 20
-275.8916501956796
 42
0.4142135623730951
 10
618.8736039350019
 20
-276.8916501956796
 10
618.8736039350019
 20
-299.8916501956797
 42
0.4142135623730951
 10
619.8736039350019
 20
-300.8916501956796
 10
621.3736039350019
 20
-300.8916501956796
 42
0.4142135623730951
 10
622.3736039350019
 20
-299.8916501956797
 10
622.3736039350019
 20
-276.8916501956796
 42
0.4142135623730951
  0
LWPOLYLINE
  5
23A
330
17
100
AcDbEntity
  8
CUT
100
AcDbPolyline
 90
8
 70
1
 10
599.1261977300431
 20
-275.8916501956796
 10
600.6261977300431
 20
-275.8916501956796
 42
-0.4142135623730951
 10
601.6261977300431
 20
-276.8916501956796
 10
601.6261977300431
 20
-299.8916501956797
 42
-0.4142135623730951
 10
600.6261977300431
 20
-300.8916501956796
 10
599.1261977300431
 20
-300.8916501956796
 42
-0.4142135623730951
 10
598.1261977300431
 20
-299.8916501956797
 10
598.1261977300431
 20
-276.8916501956796
 42
-0.4142135623730951
  0
LWPOLYLINE
  5
23B
330
17
100
AcDbEntity
  8
POCKET
100
AcDbPolyline
 90
8
 70
1
 10
609.0952956397281
 20
-235.8876074574641
 10
611.2583134969822
 20
-235.8876074574641
 42
-0.4142135623730951
 10
612.7003254018177
 20
-237.3296193623001
 10
612.7003254018177
 20
-244.9152508182533
 42
-0.4142135623730951
 10
611.2583134969822
 20
-246.3572627230897
 10
609.0952956397281
 20
-246.3572627230897
 42
-0.4142135623730951
 10
607.6532837348927
 20
-244.9152508182533
 10
607.6532837348927
 20
-237.3296193623001
 42
-0.4142135623730951
  0
LWPOLYLINE
  5
23C
330
17
100
AcDbEntity
  8
POCKET
100
AcDbPolyline
 90
8
 70
1
 10
609.0952956397281
 20
-176.1701966616895
 10
611.2583134969841
 20
-176.1701966616895
 42
-0.4142135623730951
 10
612.7003254018177
 20
-177.6122085665254
 10
612.7003254018177
 20
-179.0539842683849
 42
-0.4142135623730951
 10
611.2583134969841
 20
-180.4959961732213
 10
609.0952956397281
 20
-180.4959961732213
 42
-0.4142135623730951
 10
607.6532837348946
 20
-179.0539842683849
 10
607.6532837348946
 20
-177.6122085665254
 42
-0.4142135623730951
  0
LWPOLYLINE
  5
23D
330
17
100
AcDbEntity
  8
POCKET
100
AcDbPolyline
 90
5
 70
0
 10
615.8970380503101
 20
-189.3385106203998
 10
608.3847137346179
 20
-189.3385106203998
 42
-0.2450663637303342
 10
606.3035442438972
 20
-188.2532854035833
 42
-0.113398850918212
 10
605.7907566489716
 20
-186.9828898355201
 42
-0.0371575522549479
 10
605.575230838132
 20
-184.408670791355
 42
-0.049183095109329
  0
LWPOLYLINE
  5
23E
330
17
100
AcDbEntity
  8
POCKET
100
AcDbPolyline
 90
5
 70
0
 10
615.8970380503101
 20
-187.0312915726642
 10
608.3847137346179
 20
-187.0312915726642
 42
-0.2450663637312717
 10
608.1953430122971
 20
-186.9325442653869
 42
-0.1133988509190671
 10
608.0693054737762
 20
-186.6202950379731
 42
-0.037157552254976
 10
607.8823512023677
 20
-184.3873316449546
  0
LINE
  5
23F
330
17
100
AcDbEntity
  8
POCKET
100
AcDbLine
 10
605.8749833716624
 20
-204.8175542181245
 30
0.0
 11
614.6248182933828
 21
-204.8175542181245
 31
0.0
  0
LINE
  5
240
330
17
100
AcDbEntity
  8
POCKET
100
AcDbLine
 10
615.5002709126761
 20
-206.7224277734328
 30
0.0
 11
608.3850909739972
 21
-215.0137909338698
 31
0.0
  0
ARC
  5
241
330
17
100
AcDbEntity
  8
POCKET
100
AcDbCircle
 10
614.6248182933828
 20
-205.9711637419925
 30
0.0
 40
1.153609523868798
100
AcDbArc
 50
319.3656689924003
 51
90.0
  0
LWPOLYLINE
  5
242
330
17
100
AcDbEntity
  8
POCKET
100
AcDbPolyline
 90
5
 70
0
 10
605.8749833716624
 20
-207.1247732658601
 10
612.1147106910443
 20
-207.1247732658601
 10
604.9995307523727
 20
-215.4161364262975
 42
0.6409682668034211
 10
605.8749833716624
 20
-217.3210099816108
 10
614.6248182933828
 20
-217.3210099816003
  0
LINE
  5
243
330
17
100
AcDbEntity
  8
POCKET
100
AcDbLine
 10
608.3850909740008
 20
-215.0137909338698
 30
0.0
 11
614.6248182933828
 21
-215.0137909338648
 31
0.0
  0
LINE
  5
244
330
17
100
AcDbEntity
  8
POCKET
100
AcDbLine
 10
614.8066827640191
 20
-222.7087478470528
 30
0.0
 11
614.8066827640191
 21
-227.7283251069941
 31
0.0
  0
ARC
  5
245
330
17
100
AcDbEntity
  8
POCKET
100
AcDbCircle
 10
611.9226589543481
 20
-222.7087478470528
 30
0.0
 40
2.884023809671997
100
AcDbArc
 50
0.0
 51
90.0
  0
LINE
  5
246
330
17
100
AcDbEntity
  8
POCKET
100
AcDbLine
 10
611.9226589543481
 20
-230.6123489166659
 30
0.0
 11
608.430950182364
 21
-230.6123489166659
 31
0.0
  0
ARC
  5
247
330
17
100
AcDbEntity
  8
POCKET
100
AcDbCircle
 10
611.9226589543481
 20
-227.7283251069941
 30
0.0
 40
2.884023809671997
100
AcDbArc
 50
270.0
 51
0.0
  0
LINE
  5
248
330
17
100
AcDbEntity
  8
POCKET
100
AcDbLine
 10
611.9226589543481
 20
-219.8247240373805
 30
0.0
 11
608.430950182364
 21
-219.8247240373805
 31
0.0
  0
ARC
  5
249
330
17
100
AcDbEntity
  8
POCKET
100
AcDbCircle
 10
608.430950182364
 20
-222.7087478470528
 30
0.0
 40
2.884023809671997
100
AcDbArc
 50
90.0
 51
180.0
  0
ARC
  5
24A
330
17
100
AcDbEntity
  8
POCKET
100
AcDbCircle
 10
611.9226589543518
 20
-199.6879203214778
 30
0.0
 40
2.884023809671997
100
AcDbArc
 50
270.0
 51
0.0
  0
LINE
  5
24B
330
17
100
AcDbEntity
  8
POCKET
100
AcDbLine
 10
611.9226589543518
 20
-191.6063747312557
 30
0.0
 11
608.465476225208
 21
-191.6063747312557
 31
0.0
  0
ARC
  5
24C
330
17
100
AcDbEntity
  8
POCKET
100
AcDbCircle
 10
608.465476225208
 20
-194.4903985409276
 30
0.0
 40
2.884023809671997
100
AcDbArc
 50
90.0
 51
180.0
  0
ARC
  5
24D
330
17
100
AcDbEntity
  8
POCKET
100
AcDbCircle
 10
608.465476225208
 20
-194.4903985409276
 30
0.0
 40
0.5768047619343993
100
AcDbArc
 50
90.0
 51
180.0
  0
ARC
  5
24E
330
17
100
AcDbEntity
  8
POCKET
100
AcDbCircle
 10
611.9226589543518
 20
-194.4903985409276
 30
0.0
 40
2.884023809671997
100
AcDbArc
 50
0.0
 51
90.0
  0
LWPOLYLINE
  5
24F
330
17
100
AcDbEntity
  8
POCKET
100
AcDbPolyline
 90
5
 70
0
 10
608.465476225208
 20
-193.9135937789913
 10
608.9468655216564
 20
-193.9135937789913
 10
608.9468655216928
 20
-201.4183346072871
 42
0.4142135623714801
 10
610.100475045559
 20
-202.5719441311496
 10
611.9226589543518
 20
-202.5719441311496
  0
LINE
  5
250
330
17
100
AcDbEntity
  8
POCKET
100
AcDbLine
 10
605.5814524155371
 20
-194.4903985409276
 30
0.0
 11
605.5814524155371
 21
-199.1589209539336
 31
0.0
  0
LINE
  5
251
330
17
100
AcDbEntity
  8
POCKET
100
AcDbLine
 10
607.8886714632731
 20
-194.4903985409276
 30
0.0
 11
607.8886714632731
 21
-199.1589209539336
 31
0.0
  0
LINE
  5
252
330
17
100
AcDbEntity
  8
POCKET
100
AcDbLine
 10
614.8066827640228
 20
-194.4903985409276
 30
0.0
 11
614.8066827640228
 21
-199.6879203214778
 31
0.0
  0
ARC
  5
253
330
17
100
AcDbEntity
  8
POCKET
100
AcDbCircle
 10
608.430950182364
 20
-227.7283251069941
 30
0.0
 40
2.884023809671997
100
AcDbArc
 50
180.0
 51
270.0
  0
LINE
  5
254
330
17
100
AcDbEntity
  8
POCKET
100
AcDbLine
 10
605.5469263726932
 20
-222.7087478470528
 30
0.0
 11
605.5469263726932
 21
-227.7283251069941
 31
0.0
  0
LINE
  5
255
330
17
100
AcDbEntity
  8
POCKET
100
AcDbLine
 10
605.6181661007117
 20
-199.1589209539336
 30
0.0
 11
605.5814524155371
 21
-199.1589209539336
 31
0.0
  0
ARC
  5
256
330
17
100
AcDbEntity
  8
POCKET
100
AcDbCircle
 10
606.728791020248
 20
-184.3980012181575
 30
0.0
 40
1.153609523868666
100
AcDbArc
 50
0.5299282095855065
 51
180.5299282095855
  0
ARC
  5
257
330
17
100
AcDbEntity
  8
POCKET
100
AcDbCircle
 10
615.8970380503101
 20
-188.1849010965318
 30
0.0
 40
1.153609523867749
100
AcDbArc
 50
270.0
 51
90.0
  0
ARC
  5
258
330
17
100
AcDbEntity
  8
POCKET
100
AcDbCircle
 10
614.6248182933828
 20
-216.1674004577323
 30
0.0
 40
1.153609523867749
100
AcDbArc
 50
270.0
 51
90.0
  0
ARC
  5
259
330
17
100
AcDbEntity
  8
POCKET
100
AcDbCircle
 10
605.8749833716624
 20
-205.9711637419925
 30
0.0
 40
1.153609523867749
100
AcDbArc
 50
90.0
 51
270.0
  0
ARC
  5
25A
330
17
100
AcDbEntity
  8
POCKET
100
AcDbCircle
 10
606.7534187819924
 20
-199.1589209539336
 30
0.0
 40
1.135252681282604
100
AcDbArc
 50
180.0
 51
0.0
  0
LINE
  5
25B
330
17
100
AcDbEntity
  8
POCKET
100
AcDbLine
 10
612.499463716283
 20
-222.7087478470528
 30
0.0
 11
612.499463716283
 21
-227.7283251069941
 31
0.0
  0
ARC
  5
25C
330
17
100
AcDbEntity
  8
POCKET
100
AcDbCircle
 10
611.9226589543481
 20
-222.7087478470528
 30
0.0
 40
0.5768047619343993
100
AcDbArc
 50
0.0
 51
90.0
  0
LINE
  5
25D
330
17
100
AcDbEntity
  8
POCKET
100
AcDbLine
 10
611.9226589543481
 20
-228.3051298689304
 30
0.0
 11
608.430950182364
 21
-228.3051298689304
 31
0.0
  0
ARC
  5
25E
330
17
100
AcDbEntity
  8
POCKET
100
AcDbCircle
 10
611.9226589543481
 20
-227.7283251069941
 30
0.0
 40
0.5768047619343993
100
AcDbArc
 50
270.0
 51
0.0
  0
LINE
  5
25F
330
17
100
AcDbEntity
  8
POCKET
100
AcDbLine
 10
611.9226589543481
 20
-222.1319430851161
 30
0.0
 11
608.430950182364
 21
-222.1319430851161
 31
0.0
  0
ARC
  5
260
330
17
100
AcDbEntity
  8
POCKET
100
AcDbCircle
 10
608.430950182364
 20
-222.7087478470528
 30
0.0
 40
0.5768047619343993
100
AcDbArc
 50
90.0
 51
180.0
  0
ARC
  5
261
330
17
100
AcDbEntity
  8
POCKET
100
AcDbCircle
 10
608.430950182364
 20
-227.7283251069941
 30
0.0
 40
0.5768047619343993
100
AcDbArc
 50
180.0
 51
270.0
  0
LINE
  5
262
330
17
100
AcDbEntity
  8
POCKET
100
AcDbLine
 10
607.8541454204291
 20
-222.7087478470528
 30
0.0
 11
607.8541454204291
 21
-227.7283251069941
 31
0.0
  0
ARC
  5
263
330
17
100
AcDbEntity
  8
POCKET
100
AcDbCircle
 10
611.9226589543518
 20
-199.6879203214778
 30
0.0
 40
0.5768047619343993
100
AcDbArc
 50
270.0
 51
0.0
  0
ARC
  5
264
330
17
100
AcDbEntity
  8
POCKET
100
AcDbCircle
 10
611.9226589543518
 20
-194.4903985409276
 30
0.0
 40
0.5768047619343993
100
AcDbArc
 50
0.0
 51
90.0
  0
LWPOLYLINE
  5
265
330
17
100
AcDbEntity
  8
POCKET
100
AcDbPolyline
 90
4
 70
0
 10
611.9226589543518
 20
-193.9135937789913
 10
611.2540845693889
 20
-193.9135937789913
 10
611.2540845694216
 20
-200.2647250834141
 10
611.9226589543518
 20
-200.2647250834141
  0
LINE
  5
266
330
17
100
AcDbEntity
  8
POCKET
100
AcDbLine
 10
612.4994637162868
 20
-194.4903985409276
 30
0.0
 11
612.4994637162868
 21
-199.6879203214778
 31
0.0
  0
CIRCLE
  5
267
330
17
100
AcDbEntity
  8
CUT
100
AcDbCircle
 10
610.2499008325225
 20
-166.214412294385
 30
0.0
 40
1.5
  0
CIRCLE
  5
268
330
17
100
AcDbEntity
  8
COUNTERSINK
100
AcDbCircle
 10
610.2499008325225
 20
-166.214412294385
 30
0.0
 40
3.0
  0
LWPOLYLINE
  5
269
330
17
100
AcDbEntity
  8
CUT
100
AcDbPolyline
 90
39
 70
0
 10
610.2499008325225
 20
-322.5225884646834
 42
-0.2196847197508813
 10
611.7720890762389
 20
-323.2253055538686
 10
620.9108529142045
 20
-333.9484244358646
 42
0.2196847197508729
 10
623.194135279778
 20
-335.0025000696423
 10
626.6689617467687
 20
-335.0025000696423
 42
0.4142135623730951
 10
629.6689617467686
 20
-332.0025000696424
 10
629.6689617467686
 20
-280.9217525866397
 42
-0.1989123673796368
 10
630.5476414032086
 20
-278.8004322430802
 10
638.2590528270334
 20
-271.0890208192552
 42
0.1989123673796368
 10
639.1377324834734
 20
-268.9677004756957
 10
639.1377324834734
 20
-263.884384923228
 42
0.2144574455153521
 10
638.1288588398143
 20
-261.6404116985459
 10
633.3271056246608
 20
-257.3797114022382
 42
-0.2144574455155652
 10
632.318231980998
 20
-255.1357381775547
 10
632.318231980998
 20
-195.3013347764947
 42
-0.2144574455155453
 10
633.3271056246608
 20
-193.0573615518115
 10
638.1288588398143
 20
-188.7966612555008
 42
0.2144574455153474
 10
639.1377324834734
 20
-186.5526880308184
 10
639.1377324834734
 20
-181.469372478351
 42
0.1989123673796242
 10
638.2590528270334
 20
-179.3480521347917
 10
631.5476414032087
 20
-172.6366407109667
 42
-0.1989123673796171
 10
630.6689617467687
 20
-170.5153203674074
 10
630.6689617467687
 20
-161.122374821467
 42
-0.2144574455153393
 10
631.6778353904278
 20
-158.8784015967849
 10
634.4795886055849
 20
-156.3923448964242
 42
0.2144574455153475
 10
635.488462249244
 20
-154.1483716717418
 10
635.488462249244
 20
-149.0184692584007
 42
0.2400149751937002
 10
634.25240344441
 20
-146.5918437289883
 10
624.8378812488131
 20
-139.7483224141685
 42
0.6128837473819786
 10
623.2499008504251
 20
-140.5571975906393
 10
623.2499008504251
 20
-143.7696818043027
 42
-0.9999999999999998
 10
623.2499008504251
 20
-145.369681804302
 10
620.1299008136752
 20
-145.369681804302
 42
-0.9999999999999998
 10
620.1299008314066
 20
-143.7696818043025
 10
620.1299008324071
 20
-142.7019681865458
 42
0.5814902120399227
 10
619.3745518793089
 20
-142.2720880728666
 10
614.4489026181632
 20
-145.1979256310719
 42
-0.134806905723887
 10
611.8954130871584
 20
-145.8991244941212
 10
610.2299008324349
 20
-145.899124494123
  0
LWPOLYLINE
  5
26A
330
17
100
AcDbEntity
  8
CUT
100
AcDbPolyline
 90
8
 70
1
 10
600.3699008147373
 20
-152.2900480371495
 42
1.000000022967015
 10
600.3699008514845
 20
-150.6900480371503
 10
597.2499008147346
 20
-150.6900480371503
 42
0.9999999999999998
 10
597.2499008147346
 20
-152.2900480371495
 10
597.2499008147346
 20
-155.1900311465442
 42
0.9999999999999998
 10
597.2499008147346
 20
-156.7900311465434
 10
600.3699008514845
 20
-156.7900311465434
 42
1.000000022969288
 10
600.3699008147337
 20
-155.1900311465442
  0
LWPOLYLINE
  5
26B
330
17
100
AcDbEntity
  8
CUT
100
AcDbPolyline
 90
8
 70
1
 10
620.1299008503061
 20
-152.2900480371506
 42
-1.000000022967015
 10
620.1299008135588
 20
-150.6900480371512
 10
623.2499008503086
 20
-150.6900480371516
 42
-0.9999999999999998
 10
623.2499008503086
 20
-152.2900480371509
 10
623.2499008503086
 20
-155.1900311465454
 42
-0.9999999999999998
 10
623.2499008503086
 20
-156.7900311465446
 10
620.1299008135588
 20
-156.7900311465443
 42
-1.000000022969288
 10
620.1299008503097
 20
-155.1900311465451
  0
LWPOLYLINE
  5
26C
330
17
100
AcDbEntity
  8
CUT
100
AcDbPolyline
 90
8
 70
1
 10
595.7704399257977
 20
-212.7185364770235
 10
597.2704399257977
 20
-212.7185364770235
 42
-0.4142135623730951
 10
598.2704399257977
 20
-213.7185364770235
 10
598.2704399257977
 20
-236.7185364770235
 42
-0.4142135623730951
 10
597.2704399257977
 20
-237.7185364770235
 10
595.7704399257977
 20
-237.7185364770235
 42
-0.4142135623730951
 10
594.7704399257977
 20
-236.7185364770235
 10
594.7704399257977
 20
-213.7185364770235
 42
-0.4142135623730951
  0
LWPOLYLINE
  5
26D
330
17
100
AcDbEntity
  8
CUT
100
AcDbPolyline
 90
39
 70
0
 10
610.2499008325225
 20
-322.5225884646834
 42
0.2196847197508813
 10
608.7277125888062
 20
-323.2253055538686
 10
599.5889487508407
 20
-333.9484244358646
 42
-0.2196847197508729
 10
597.3056663852672
 20
-335.0025000696423
 10
593.8308399182765
 20
-335.0025000696423
 42
-0.4142135623730951
 10
590.8308399182764
 20
-332.0025000696424
 10
590.8308399182764
 20
-280.9217525866397
 42
0.1989123673796368
 10
589.9521602618365
 20
-278.8004322430802
 10
582.2407488380117
 20
-271.0890208192552
 42
-0.1989123673796368
 10
581.3620691815717
 20
-268.9677004756957
 10
581.3620691815717
 20
-263.884384923228
 42
-0.2144574455153521
 10
582.3709428252309
 20
-261.6404116985459
 10
587.1726960403844
 20
-257.3797114022382
 42
0.2144574455155652
 10
588.1815696840472
 20
-255.1357381775547
 10
588.1815696840472
 20
-195.3013347764947
 42
0.2144574455155453
 10
587.1726960403844
 20
-193.0573615518115
 10
582.3709428252309
 20
-188.7966612555008
 42
-0.2144574455153474
 10
581.3620691815717
 20
-186.5526880308184
 10
581.3620691815717
 20
-181.469372478351
 42
-0.1989123673796242
 10
582.2407488380117
 20
-179.3480521347917
 10
588.9521602618365
 20
-172.6366407109667
 42
0.1989123673796171
 10
589.8308399182765
 20
-170.5153203674074
 10
589.8308399182765
 20
-161.122374821467
 42
0.2144574455153393
 10
588.8219662746174
 20
-158.8784015967849
 10
586.0202130594602
 20
-156.3923448964242
 42
-0.2144574455153475
 10
585.0113394158011
 20
-154.1483716717418
 10
585.0113394158011
 20
-149.0184692584007
 42
-0.2400149751937002
 10
586.2473982206352
 20
-146.5918437289883
 10
595.661920416232
 20
-139.7483224141685
 42
-0.6128837473819786
 10
597.2499008146201
 20
-140.5571975906393
 10
597.2499008146201
 20
-143.7696818043027
 42
0.9999999999999998
 10
597.2499008146201
 20
-145.369681804302
 10
600.36990085137
 20
-145.369681804302
 42
0.9999999999999998
 10
600.3699008336384
 20
-143.7696818043025
 10
600.3699008326379
 20
-142.7019681865458
 42
-0.5814902120399227
 10
601.1252497857363
 20
-142.2720880728666
 10
606.050899046882
 20
-145.1979256310719
 42
0.134806905723887
 10
608.6043885778868
 20
-145.8991244941212
 10
610.2699008326103
 20
-145.899124494123
  0
LINE
  5
26E
330
17
100
AcDbEntity
  8
CUT
100
AcDbLine
 10
207.5652337124848
 20
-222.6124963479143
 30
0.0
 11
212.0166628830311
 21
-223.0168507096937
 31
0.0
  0
LINE
  5
26F
330
17
100
AcDbEntity
  8
CUT
100
AcDbLine
 10
212.7551396468098
 20
-218.7743656238073
 30
0.0
 11
213.563298741401
 21
-221.0138343274763
 31
0.0
  0
ARC
  5
270
330
17
100
AcDbEntity
  8
CUT
100
AcDbCircle
 10
212.152359654966
 20
-221.5230011904695
 30
0.0
 40
1.5
100
AcDbArc
 50
264.8096691686661
 51
19.84303821955623
  0
LINE
  5
271
330
17
100
AcDbEntity
  8
CUT
100
AcDbLine
 10
207.5652337124848
 20
-227.9134069029812
 30
0.0
 11
212.0166628830311
 21
-227.509052541202
 31
0.0
  0
LINE
  5
272
330
17
100
AcDbEntity
  8
CUT
100
AcDbLine
 10
212.7551396468088
 20
-231.7515376270885
 30
0.0
 11
213.563298741401
 21
-229.5120689234194
 31
0.0
  0
ARC
  5
273
330
17
100
AcDbEntity
  8
CUT
100
AcDbCircle
 10
212.152359654966
 20
-229.0029020604262
 30
0.0
 40
1.5
100
AcDbArc
 50
340.1569617804438
 51
95.19033083133382
  0
LINE
  5
274
330
17
100
AcDbEntity
  8
CUT
100
AcDbLine
 10
226.4265518185029
 20
-222.6124963479145
 30
0.0
 11
221.9751226479575
 21
-223.0168507096937
 31
0.0
  0
LINE
  5
275
330
17
100
AcDbEntity
  8
CUT
100
AcDbLine
 10
221.2366458841798
 20
-218.7743656238073
 30
0.0
 11
220.4284867895876
 21
-221.0138343274763
 31
0.0
  0
ARC
  5
276
330
17
100
AcDbEntity
  8
CUT
100
AcDbCircle
 10
221.8394258760227
 20
-221.5230011904695
 30
0.0
 40
1.5
100
AcDbArc
 50
160.1569617804437
 51
275.1903308313863
  0
LINE
  5
277
330
17
100
AcDbEntity
  8
CUT
100
AcDbLine
 10
226.4265518185029
 20
-227.9134069029812
 30
0.0
 11
221.9751226479575
 21
-227.509052541202
 31
0.0
  0
LINE
  5
278
330
17
100
AcDbEntity
  8
CUT
100
AcDbLine
 10
221.2366458841789
 20
-231.7515376270885
 30
0.0
 11
220.4284867895876
 21
-229.5120689234194
 31
0.0
  0
ARC
  5
279
330
17
100
AcDbEntity
  8
CUT
100
AcDbCircle
 10
221.8394258760227
 20
-229.0029020604262
 30
0.0
 40
1.5
100
AcDbArc
 50
84.80966916861367
 51
199.8430382195562
  0
ARC
  5
27A
330
17
100
AcDbEntity
  8
CUT
100
AcDbCircle
 10
203.3084153554146
 20
-225.2629516254477
 30
0.0
 40
4.22977136196743
100
AcDbArc
 50
332.928815192091
 51
27.07118480787976
  0
ARC
  5
27B
330
17
100
AcDbEntity
  8
CUT
100
AcDbCircle
 10
207.5200014551738
 20
-223.1104461876559
 30
0.0
 40
0.5
100
AcDbArc
 50
84.80966916871834
 51
207.0711848079163
  0
ARC
  5
27C
330
17
100
AcDbEntity
  8
CUT
100
AcDbCircle
 10
207.5200014551738
 20
-227.4154570632398
 30
0.0
 40
0.5
100
AcDbArc
 50
152.9288151920837
 51
275.1903308312817
  0
ARC
  5
27D
330
17
100
AcDbEntity
  8
CUT
100
AcDbCircle
 10
216.9958927654943
 20
-224.9092472189294
 30
0.0
 40
7.846036250514979
100
AcDbArc
 50
59.11865536605096
 51
120.881344633949
  0
ARC
  5
27E
330
17
100
AcDbEntity
  8
CUT
100
AcDbCircle
 10
220.7663328553681
 20
-218.604643336143
 30
0.0
 40
0.5
100
AcDbArc
 50
340.1569617804542
 51
59.11865536604799
  0
ARC
  5
27F
330
17
100
AcDbEntity
  8
CUT
100
AcDbCircle
 10
213.2254526756205
 20
-218.604643336143
 30
0.0
 40
0.5
100
AcDbArc
 50
120.881344633952
 51
199.843038219577
  0
ARC
  5
280
330
17
100
AcDbEntity
  8
CUT
100
AcDbCircle
 10
216.9958927654943
 20
-225.6166560319667
 30
0.0
 40
7.846036250514979
100
AcDbArc
 50
239.1186553660509
 51
300.8813446339491
  0
ARC
  5
281
330
17
100
AcDbEntity
  8
CUT
100
AcDbCircle
 10
213.2254526756205
 20
-231.9212599147528
 30
0.0
 40
0.5
100
AcDbArc
 50
160.1569617804542
 51
239.1186553660509
  0
ARC
  5
282
330
17
100
AcDbEntity
  8
CUT
100
AcDbCircle
 10
220.7663328553681
 20
-231.9212599147528
 30
0.0
 40
0.5
100
AcDbArc
 50
300.8813446339491
 51
19.843038219577
  0
ARC
  5
283
330
17
100
AcDbEntity
  8
CUT
100
AcDbCircle
 10
230.6833701755741
 20
-225.2629516254477
 30
0.0
 40
4.22977136196743
100
AcDbArc
 50
152.9288151921202
 51
207.071184807909
  0
ARC
  5
284
330
17
100
AcDbEntity
  8
CUT
100
AcDbCircle
 10
226.4717840758148
 20
-227.4154570632398
 30
0.0
 40
0.5
100
AcDbArc
 50
264.8096691686137
 51
27.07118480791633
  0
ARC
  5
285
330
17
100
AcDbEntity
  8
CUT
100
AcDbCircle
 10
226.4717840758148
 20
-223.1104461876559
 30
0.0
 40
0.5
100
AcDbArc
 50
332.9288151920836
 51
95.1903308313863
  0
CIRCLE
  5
286
330
17
100
AcDbEntity
  8
CUT
100
AcDbCircle
 10
1021.553142042347
 20
-158.0781803766057
 30
0.0
 40
2.149999999999999
  0
LWPOLYLINE
  5
287
330
17
100
AcDbEntity
  8
CUT
100
AcDbPolyline
 90
10
 70
0
 10
1018.219185498298
 20
-224.3913032038798
 10
1018.219185498298
 20
-180.9940967196169
 42
-0.0641821577282455
 10
1018.31724037471
 20
-180.2333638494959
 10
1021.886384104598
 20
-166.6182570897563
 42
-0.1006256272678737
 10
1022.413815048796
 20
-165.5455008238649
 10
1026.241582708336
 20
-160.5882374267335
 42
0.1989123673799454
 10
1026.441913875065
 20
-159.8495535557405
 10
1026.157113037857
 20
-157.6344197428915
 42
0.1989123673796066
 10
1025.205430918221
 20
-155.9744599908712
 10
1023.934996377564
 20
-154.9934896734389
  0
CIRCLE
  5
288
330
17
100
AcDbEntity
  8
CUT
100
AcDbCircle
 10
1014.219185498298
 20
-167.5762370941663
 30
0.0
 40
2.149999999999999
  0
LWPOLYLINE
  5
289
330
17
100
AcDbEntity
  8
CUT
100
AcDbPolyline
 90
10
 70
0
 10
1023.934996377564
 20
-154.9934896734363
 10
1022.664561836911
 20
-154.0125193560056
 42
0.1989123673796103
 10
1020.817852159431
 20
-153.5116914391814
 10
1018.602718346575
 20
-153.7964922763862
 42
0.1989123673796175
 10
1017.938734445767
 20
-154.1771651242409
 10
1009.53074483231
 20
-165.066180044034
 42
0.1989123673796149
 10
1009.330413665582
 20
-165.8048639150261
 10
1010.21102139149
 20
-172.6540851766758
 42
-0.0319781421483755
 10
1010.219185498298
 20
-172.7816060023305
 10
1010.219185498298
 20
-224.39130320388
  0
CIRCLE
  5
28A
330
17
100
AcDbEntity
  8
CUT
100
AcDbCircle
 10
1021.553142042347
 20
-290.704426031154
 30
0.0
 40
2.149999999999999
  0
CIRCLE
  5
28B
330
17
100
AcDbEntity
  8
CUT
100
AcDbCircle
 10
1014.219185498298
 20
-281.2063693135933
 30
0.0
 40
2.149999999999999
  0
LWPOLYLINE
  5
28C
330
17
100
AcDbEntity
  8
CUT
100
AcDbPolyline
 90
10
 70
0
 10
1023.934996377564
 20
-293.7891167343233
 10
1022.664561836911
 20
-294.770087051754
 42
-0.1989123673796103
 10
1020.817852159431
 20
-295.2709149685783
 10
1018.602718346575
 20
-294.9861141313735
 42
-0.1989123673796175
 10
1017.938734445767
 20
-294.6054412835188
 10
1009.53074483231
 20
-283.7164263637257
 42
-0.1989123673796149
 10
1009.330413665582
 20
-282.9777424927335
 10
1010.21102139149
 20
-276.1285212310838
 42
0.0319781421483755
 10
1010.219185498298
 20
-276.0010004054292
 10
1010.219185498298
 20
-224.3913032038797
  0
LWPOLYLINE
  5
28D
330
17
100
AcDbEntity
  8
CUT
100
AcDbPolyline
 90
10
 70
0
 10
1018.219185498298
 20
-224.3913032038798
 10
1018.219185498297
 20
-267.7885096881428
 42
0.0641821577282455
 10
1018.317240374709
 20
-268.5492425582637
 10
1021.886384104596
 20
-282.1643493180033
 42
0.1006256272678737
 10
1022.413815048794
 20
-283.2371055838948
 10
1026.241582708334
 20
-288.1943689810264
 42
-0.1989123673799454
 10
1026.441913875063
 20
-288.9330528520194
 10
1026.157113037855
 20
-291.1481866648684
 42
-0.1989123673796066
 10
1025.205430918219
 20
-292.8081464168886
 10
1023.934996377562
 20
-293.7891167343208
  0
MTEXT
  5
28E
102
{ACAD_XDICTIONARY
360
28F
102
}
330
17
100
AcDbEntity
  8
CUT
  6
JIS_09_08
100
AcDbMText
 10
999.608950342106
 20
-87.18672241210218
 30
0.0
 40
10.0
 41
327.756144
 46
0.0
 71
1
 72
5
  1
{\fISOCPEUR|b0|i0|c0|p34;4mm (x2)}
1001
ACAD
1000
ACAD_MTEXT_COLUMN_INFO_BEGIN
1070
75
1070
2
1070
79
1070
0
1070
76
1070
1
1070
78
1070
0
1070
48
1040
327.756144
1070
49
1040
12.5
1070
50
1070
1
1040
0.0
1000
ACAD_MTEXT_COLUMN_INFO_END
1000
ACAD_MTEXT_COLUMNS_BEGIN
1070
47
1070
1
1000
ACAD_MTEXT_COLUMNS_END
  0
MTEXT
  5
291
102
{ACAD_XDICTIONARY
360
292
102
}
330
17
100
AcDbEntity
  8
CUT
  6
JIS_09_08
100
AcDbMText
 10
995.2823223421061
 20
-69.57455607496581
 30
0.0
 40
10.0
 41
327.756144
 46
0.0
 71
1
 72
5
  1
{\fISOCPEUR|b0|i0|c0|p34;Rod}
1001
ACAD
1000
ACAD_MTEXT_COLUMN_INFO_BEGIN
1070
75
1070
2
1070
79
1070
0
1070
76
1070
1
1070
78
1070
0
1070
48
1040
327.756144
1070
49
1040
12.5
1070
50
1070
1
1040
0.0
1000
ACAD_MTEXT_COLUMN_INFO_END
1000
ACAD_MTEXT_COLUMNS_BEGIN
1070
47
1070
1
1000
ACAD_MTEXT_COLUMNS_END
  0
CIRCLE
  5
294
330
17
100
AcDbEntity
  8
CUT
100
AcDbCircle
 10
91.74393943313252
 20
-205.9594185443128
 30
0.0
 40
1.5
  0
ARC
  5
295
330
17
100
AcDbEntity
  8
CUT
100
AcDbCircle
 10
80.08708518362089
 20
-149.9323866971423
 30
0.0
 40
1.500000000000322
100
AcDbArc
 50
225.000000000069
 51
45.00000000006898
  0
ARC
  5
296
330
17
100
AcDbEntity
  8
CUT
100
AcDbCircle
 10
79.02642501184017
 20
-148.8717265253628
 30
0.0
 40
1.500000000000322
100
AcDbArc
 50
45.00000000006898
 51
225.000000000069
  0
LINE
  5
297
330
17
100
AcDbEntity
  8
CUT
100
AcDbLine
 10
79.02642501184116
 20
-150.993046868922
 30
0.0
 11
77.96576484006104
 21
-149.9323866971432
 31
0.0
  0
LINE
  5
298
330
17
100
AcDbEntity
  8
CUT
100
AcDbLine
 10
81.1477453553988
 20
-148.8717265253594
 30
0.0
 11
80.08708518361792
 21
-147.8110663535812
 31
0.0
  0
ARC
  5
299
330
17
100
AcDbEntity
  8
CUT
100
AcDbCircle
 10
91.40079368261144
 20
-149.9323866971403
 30
0.0
 40
1.500000000000322
100
AcDbArc
 50
134.9999999999454
 51
314.9999999999454
  0
ARC
  5
29A
330
17
100
AcDbEntity
  8
CUT
100
AcDbCircle
 10
92.4614538543919
 20
-148.8717265253612
 30
0.0
 40
1.500000000000322
100
AcDbArc
 50
314.9999999999454
 51
134.9999999999454
  0
LINE
  5
29B
330
17
100
AcDbEntity
  8
CUT
100
AcDbLine
 10
92.461453854392
 20
-150.9930468689211
 30
0.0
 11
93.52211402617029
 21
-149.9323866971425
 31
0.0
  0
LINE
  5
29C
330
17
100
AcDbEntity
  8
CUT
100
AcDbLine
 10
90.34013351083236
 20
-148.8717265253584
 30
0.0
 11
91.40079368261323
 21
-147.8110663535801
 31
0.0
  0
ARC
  5
29D
330
17
100
AcDbEntity
  8
CUT
100
AcDbCircle
 10
80.08708518362874
 20
-161.2460951961255
 30
0.0
 40
1.500000000000322
100
AcDbArc
 50
315.0000000000559
 51
135.0000000000559
  0
ARC
  5
29E
330
17
100
AcDbEntity
  8
CUT
100
AcDbCircle
 10
79.0264250118474
 20
-162.3067553679065
 30
0.0
 40
1.500000000000322
100
AcDbArc
 50
135.0000000000559
 51
315.0000000000559
  0
LINE
  5
29F
330
17
100
AcDbEntity
  8
CUT
100
AcDbLine
 10
79.02642501184536
 20
-160.1854350243469
 30
0.0
 11
77.96576484006815
 21
-161.246095196127
 31
0.0
  0
LINE
  5
2A0
330
17
100
AcDbEntity
  8
CUT
100
AcDbLine
 10
81.1477453554073
 20
-162.3067553679067
 30
0.0
 11
80.08708518362809
 21
-163.3674155396849
 31
0.0
  0
ARC
  5
2A1
330
17
100
AcDbEntity
  8
CUT
100
AcDbCircle
 10
91.40079368261897
 20
-161.2460951961122
 30
0.0
 40
1.500000000000322
100
AcDbArc
 50
45.00000000017434
 51
225.0000000001743
  0
ARC
  5
2A2
330
17
100
AcDbEntity
  8
CUT
100
AcDbCircle
 10
92.46145385440053
 20
-162.3067553678888
 30
0.0
 40
1.500000000000322
100
AcDbArc
 50
225.0000000001743
 51
45.00000000017434
  0
LINE
  5
2A3
330
17
100
AcDbEntity
  8
CUT
100
AcDbLine
 10
92.46145385439814
 20
-160.1854350243296
 30
0.0
 11
93.52211402617806
 21
-161.2460951961073
 31
0.0
  0
LINE
  5
2A4
330
17
100
AcDbEntity
  8
CUT
100
AcDbLine
 10
90.3401335108413
 20
-162.3067553678961
 30
0.0
 11
91.40079368262396
 21
-163.3674155396741
 31
0.0
  0
CIRCLE
  5
2A5
330
17
100
AcDbEntity
  8
CUT
100
AcDbCircle
 10
85.74393943311958
 20
-155.5892409466282
 30
0.0
 40
3.5
  0
LINE
  5
2A6
330
17
100
AcDbEntity
  8
CUT
100
AcDbLine
 10
85.01677031097276
 20
-134.6465713174258
 30
0.0
 11
78.33899852788537
 21
-141.7203718437567
 31
0.0
  0
LINE
  5
2A7
330
17
100
AcDbEntity
  8
CUT
100
AcDbLine
 10
78.61629846628853
 20
-143.8453875485408
 30
0.0
 11
85.29407024938023
 21
-147.2091120704832
 31
0.0
  0
ARC
  5
2A8
330
17
100
AcDbEntity
  8
CUT
100
AcDbCircle
 10
79.06616765002505
 20
-142.9522930868377
 30
0.0
 40
1.0
100
AcDbArc
 50
179.9999999999739
 51
243.2647087747518
  0
LINE
  5
2A9
330
17
100
AcDbEntity
  8
CUT
100
AcDbLine
 10
86.47110855525634
 20
-134.6465713174273
 30
0.0
 11
93.14888033834956
 21
-141.7203718437541
 31
0.0
  0
ARC
  5
2AA
330
17
100
AcDbEntity
  8
CUT
100
AcDbCircle
 10
85.74393943311347
 20
-135.3330296685341
 30
0.0
 40
1.0
100
AcDbArc
 50
43.35040640145769
 51
136.6495935985114
  0
LINE
  5
2AB
330
17
100
AcDbEntity
  8
CUT
100
AcDbLine
 10
78.06616765002533
 20
-142.4068301948629
 30
0.0
 11
78.06616765002505
 21
-142.9522930868363
 31
0.0
  0
ARC
  5
2AC
330
17
100
AcDbEntity
  8
CUT
100
AcDbCircle
 10
79.0661676500253
 20
-142.4068301948632
 30
0.0
 40
1.0
100
AcDbArc
 50
136.6495935985484
 51
179.9999999999739
  0
LINE
  5
2AD
330
17
100
AcDbEntity
  8
CUT
100
AcDbLine
 10
92.87158039994702
 20
-143.8453875485423
 30
0.0
 11
86.19380861685403
 21
-147.2091120704828
 31
0.0
  0
ARC
  5
2AE
330
17
100
AcDbEntity
  8
CUT
100
AcDbCircle
 10
92.42171121620936
 20
-142.9522930868388
 30
0.0
 40
1.0
100
AcDbArc
 50
296.7352912252501
 51
3.90827e-11
  0
ARC
  5
2AF
330
17
100
AcDbEntity
  8
CUT
100
AcDbCircle
 10
85.743939433116
 20
-146.3160176087796
 30
0.0
 40
1.0
100
AcDbArc
 50
243.264708774693
 51
296.7352912253271
  0
LINE
  5
2B0
330
17
100
AcDbEntity
  8
CUT
100
AcDbLine
 10
93.42171121620973
 20
-142.406830194861
 30
0.0
 11
93.42171121621007
 21
-142.9522930868386
 31
0.0
  0
ARC
  5
2B1
330
17
100
AcDbEntity
  8
CUT
100
AcDbCircle
 10
92.42171121620883
 20
-142.4068301948614
 30
0.0
 40
1.0
100
AcDbArc
 50
3.90827e-11
 51
43.35040640145769
  0
LWPOLYLINE
  5
2B2
330
17
100
AcDbEntity
  8
CUT
100
AcDbPolyline
 90
47
 70
0
 10
76.9848527758131
 20
-255.1778595886951
 10
79.74393943313504
 20
-213.7542797517979
 10
79.74393943313581
 20
-212.6186091642922
 10
79.74393943313581
 20
-212.6186091642922
 42
0.1989123673797
 10
79.15815299551033
 20
-211.2043956019201
 10
76.9324772504626
 20
-208.9787198568697
 42
-0.1989123673796287
 10
76.34669081283639
 20
-207.5645062944959
 10
76.34669081283454
 20
-205.9594185443164
 10
76.34669081283636
 20
-204.3543307941398
 42
-0.1989123673796287
 10
76.93247725045978
 20
-202.9401172317641
 10
79.15815299550863
 20
-200.7144414867144
 42
0.1989123673797
 10
79.74393943313413
 20
-199.3002279243417
 10
79.74393943312921
 20
-199.3002279243421
 10
79.74393943312671
 20
-179.369623223463
 42
0.1095940617164439
 10
77.86754695330225
 20
-170.9117954612964
 10
74.27470536641073
 20
-163.2129805133154
 42
-0.1095940617164409
 10
73.99324649443477
 20
-161.9443063489876
 10
73.99324649443258
 20
-143.9408285954998
 42
-0.1914404405765231
 10
75.35740088372683
 20
-140.508536839963
 10
83.56243206669139
 20
-131.8169019973916
 42
-0.4311811920307428
 10
87.92544679953681
 20
-131.8169019973923
 10
96.13047798250525
 20
-140.508536839954
 42
-0.1914404405762635
 10
97.49463237180282
 20
-143.9408285954888
 10
97.49463237180564
 20
-161.9443063489839
 42
-0.1095940617169131
 10
97.21317349983165
 20
-163.2129805133109
 10
93.62033191295097
 20
-170.9117954612717
 42
0.109594061716913
 10
91.74393943312376
 20
-179.3696232234694
 10
91.74393943312808
 20
-199.3002279243387
 10
91.74393943312808
 20
-199.3002279243387
 42
0.1989123673797
 10
92.32972587075498
 20
-200.714441486712
 10
94.55540161580382
 20
-202.9401172317604
 42
-0.1989123673796287
 10
95.14118805342889
 20
-204.3543307941339
 10
95.14118805342858
 20
-205.9594185443128
 10
95.14118805343006
 20
-207.5645062944914
 42
-0.1989123673796287
 10
94.55540161580424
 20
-208.9787198568644
 10
92.32972587075866
 20
-211.2043956019161
 42
0.1989123673797
 10
91.74393943313304
 20
-212.6186091642889
 10
91.74393943313304
 20
-212.6186091642889
 10
91.7439394331038
 20
-213.754279751789
 10
94.50112264180788
 20
-255.1992737468422
 10
91.05395350804409
 20
-293.9805806365744
 42
-0.1201447341834726
 10
90.29132900427471
 20
-296.2231590440536
 10
87.00926124058847
 20
-301.3782855823293
 42
-0.5488082247597563
 10
84.47861762565063
 20
-301.3782855823296
 10
81.19654986196403
 20
-296.223159044053
 42
-0.1201447341836135
 10
80.43392535819493
 20
-293.9805806365725
 10
76.98675622443096
 20
-255.1992737468411
  0
CIRCLE
  5
2B3
330
17
100
AcDbEntity
  8
CUT
100
AcDbCircle
 10
79.74393943313255
 20
-205.959418544316
 30
0.0
 40
1.499999999999999
  0
CIRCLE
  5
2B4
330
17
100
AcDbEntity
  8
CUT
100
AcDbCircle
 10
85.74393943311951
 20
-292.8325442649277
 30
0.0
 40
1.5
  0
CIRCLE
  5
2B5
330
17
100
AcDbEntity
  8
CUT
100
AcDbCircle
 10
85.74393943311951
 20
-274.0159090058849
 30
0.0
 40
1.5
  0
CIRCLE
  5
2B6
330
17
100
AcDbEntity
  8
CUT
100
AcDbCircle
 10
85.74393943311951
 20
-255.1992737468422
 30
0.0
 40
1.5
  0
CIRCLE
  5
2B7
330
17
100
AcDbEntity
  8
POCKET
100
AcDbCircle
 10
85.74393943311951
 20
-292.8325442649277
 30
0.0
 40
2.149999999999999
  0
CIRCLE
  5
2B8
330
17
100
AcDbEntity
  8
POCKET
100
AcDbCircle
 10
85.74393943311951
 20
-292.8325442649277
 30
0.0
 40
3.2
  0
CIRCLE
  5
2B9
330
17
100
AcDbEntity
  8
POCKET
100
AcDbCircle
 10
85.74393943311944
 20
-274.0159090058849
 30
0.0
 40
2.149999999999999
  0
CIRCLE
  5
2BA
330
17
100
AcDbEntity
  8
POCKET
100
AcDbCircle
 10
85.74393943311944
 20
-274.0159090058849
 30
0.0
 40
3.2
  0
LINE
  5
2BB
330
17
100
AcDbEntity
  8
CUT
100
AcDbLine
 10
399.8120626706514
 20
-215.7022165646319
 30
0.0
 11
362.6219528658844
 21
-219.7919733163401
 31
0.0
  0
LINE
  5
2BC
330
17
100
AcDbEntity
  8
CUT
100
AcDbLine
 10
362.6219528658844
 20
-219.7919733163401
 30
0.0
 11
357.5315298877954
 21
-219.7919733163401
 31
0.0
  0
MTEXT
  5
2BD
102
{ACAD_XDICTIONARY
360
2BE
102
}
330
17
100
AcDbEntity
  8
CUT
  6
JIS_09_08
100
AcDbMText
 10
508.437165853803
 20
-216.3082674447958
 30
0.0
 40
5.0
 41
327.756144
 46
0.0
 71
3
 72
5
  1
{\fISOCPEUR|b0|i0|c0|p34;pockets \Pdepth 0.5mm }
1001
ACAD
1000
ACAD_MTEXT_COLUMN_INFO_BEGIN
1070
75
1070
2
1070
79
1070
0
1070
76
1070
1
1070
78
1070
0
1070
48
1040
327.756144
1070
49
1040
12.5
1070
50
1070
1
1040
0.0
1000
ACAD_MTEXT_COLUMN_INFO_END
1000
ACAD_MTEXT_COLUMNS_BEGIN
1070
47
1070
1
1000
ACAD_MTEXT_COLUMNS_END
  0
LINE
  5
2C0
330
17
100
AcDbEntity
  8
CUT
100
AcDbLine
 10
363.0593978829702
 20
-221.5010682960728
 30
0.0
 11
395.9152675134014
 21
-225.9275355430597
 31
0.0
  0
LINE
  5
2C1
330
17
100
AcDbEntity
  8
CUT
100
AcDbLine
 10
363.2500615064955
 20
-223.2086359275438
 30
0.0
 11
399.2166808277166
 21
-231.2286923627864
 31
0.0
  0
LINE
  5
2C2
330
17
100
AcDbEntity
  8
CUT
100
AcDbLine
 10
363.0593978829702
 20
-221.5010682960728
 30
0.0
 11
357.7956802037402
 21
-221.5010682960728
 31
0.0
  0
LINE
  5
2C3
330
17
100
AcDbEntity
  8
CUT
100
AcDbLine
 10
363.2500615064955
 20
-223.2086359275438
 30
0.0
 11
357.7956802037402
 21
-223.2086359275438
 31
0.0
  0
CIRCLE
  5
2C4
330
17
100
AcDbEntity
  8
CUT
100
AcDbCircle
 10
376.117617465889
 20
-267.1038372549972
 30
0.0
 40
1.5
  0
CIRCLE
  5
2C5
330
17
100
AcDbEntity
  8
CUT
100
AcDbCircle
 10
379.7637102415815
 20
-152.3469174720446
 30
0.0
 40
1.5
  0
LWPOLYLINE
  5
2C6
330
17
100
AcDbEntity
  8
CUT
100
AcDbPolyline
 90
81
 70
0
 10
413.6440839698288
 20
-122.1202257733459
 10
413.6440839698288
 20
-121.3977088897829
 10
417.4779321967857
 20
-122.6756367130136
 42
-0.3228242048989219
 10
418.1617092380243
 20
-123.624321613469
 10
418.1617092380243
 20
-140.1257109278949
 42
0.192429923772448
 10
418.9880790121992
 20
-142.1933984384672
 10
424.2562756130596
 20
-147.7315231834676
 42
-0.1924299237724283
 10
425.0826453872345
 20
-149.7992106940397
 10
425.0826453872345
 20
-154.8573707377781
 42
-0.2144574455153475
 10
424.0737717435754
 20
-157.1013439624604
 10
421.2720185284183
 20
-159.5874006628211
 42
0.2144574455153393
 10
420.2631448847592
 20
-161.8313738875033
 10
420.2631448847592
 20
-171.2243194334436
 42
0.1989123673796171
 10
421.1418245411992
 20
-173.345639777003
 10
430.5189420881129
 20
-182.7227573239186
 42
0.1255757172341736
 10
433.4958122910088
 20
-184.4892405913478
 10
441.2220749050707
 20
-186.7588123880343
 42
-0.1581890958761813
 10
444.7897307249027
 20
-189.1969018064056
 10
446.8552428611697
 20
-191.8719042151631
 42
-0.3948651666360341
 10
445.9516132362391
 20
-201.3940064686639
 10
426.6783196009185
 20
-218.4361627771502
 42
0.4506319876262991
 10
426.6783196009205
 20
-233.4189083089705
 10
445.9516132362409
 20
-250.4610646174563
 42
-0.3948651666360344
 10
446.8552428611679
 20
-259.983166870957
 10
444.7897307249027
 20
-262.6581692797138
 42
-0.1581890958761813
 10
441.2220749050707
 20
-265.0962586980851
 10
433.4958122910088
 20
-267.3658304947716
 42
0.1255757172341736
 10
430.5189420881129
 20
-269.1323137622008
 10
421.1418245411992
 20
-278.5094313091164
 42
0.1989123673796368
 10
420.2631448847592
 20
-280.630751652676
 10
420.2631448847592
 20
-332.7114991356786
 42
-0.4142135623730951
 10
417.2631448847591
 20
-335.7114991356786
 10
409.9834273656438
 20
-335.7114991356786
 42
0.0530223810717736
 10
409.5628091960775
 20
-335.7562292424333
 10
405.6767980243625
 20
-336.5921889795552
 42
-0.0530223810720016
 10
405.2561798547962
 20
-336.63691908631
 10
404.196674888683
 20
-336.63691908631
 42
-0.2196847197506809
 10
403.4355807668239
 20
-336.285560541718
 10
401.010942851119
 20
-333.4405717580226
 42
0.2196847197506765
 10
400.2498487292601
 20
-333.0892132134307
 10
399.8440839705277
 20
-333.0892132134307
 10
399.4383192117662
 20
-333.0892132134307
 42
0.2196847197506765
 10
398.6772250899071
 20
-333.4405717580226
 10
396.2525871742023
 20
-336.285560541718
 42
-0.2196847197506809
 10
395.4914930523433
 20
-336.63691908631
 10
394.4319880862299
 20
-336.63691908631
 42
-0.0530223810720016
 10
394.0113699166636
 20
-336.5921889795552
 10
390.1253587449487
 20
-335.7562292424333
 42
0.0530223810717736
 10
389.7047405753824
 20
-335.7114991356786
 10
382.425023056267
 20
-335.7114991356786
 42
-0.4142135623730951
 10
379.4250230562671
 20
-332.7114991356786
 10
379.4250230562671
 20
-280.630751652676
 42
0.1989123673796368
 10
378.546343399827
 20
-278.5094313091164
 10
369.1692258529133
 20
-269.1323137622008
 42
0.1255757172341736
 10
366.1923556500174
 20
-267.3658304947716
 10
358.4660930359555
 20
-265.0962586980851
 42
-0.1581890958761813
 10
354.8984372161235
 20
-262.6581692797138
 10
352.8329250798565
 20
-259.9831668709563
 42
-0.3948651666360752
 10
353.7365547047871
 20
-250.4610646174555
 10
373.0098483401075
 20
-233.4189083089694
 42
0.4506319876263103
 10
373.0098483401057
 20
-218.4361627771489
 10
353.7365547047853
 20
-201.3940064686632
 42
-0.3948651666360344
 10
352.8329250798583
 20
-191.8719042151624
 10
354.8984372161235
 20
-189.1969018064056
 42
-0.1581890958761813
 10
358.4660930359555
 20
-186.7588123880343
 10
366.1923556500174
 20
-184.4892405913478
 42
0.1255757172341736
 10
369.1692258529133
 20
-182.7227573239186
 10
378.546343399827
 20
-173.345639777003
 42
0.1989123673796171
 10
379.4250230562671
 20
-171.2243194334436
 10
379.4250230562671
 20
-161.8313738875033
 42
0.2144574455153393
 10
378.4161494126079
 20
-159.5874006628211
 10
375.6143961974508
 20
-157.1013439624604
 42
-0.2144574455153475
 10
374.6055225537916
 20
-154.8573707377781
 10
374.6055225537916
 20
-149.7992106940397
 42
-0.1924299237724283
 10
375.4318923279666
 20
-147.7315231834676
 10
380.700088928827
 20
-142.1933984384672
 42
0.192429923772448
 10
381.5264587030019
 20
-140.1257109278949
 10
381.5264587030019
 20
-123.624321613469
 42
-0.3228242048989219
 10
382.2102357442404
 20
-122.6756367130136
 10
386.0442487413962
 20
-121.397653967311
 10
386.0442487413962
 20
-122.1039898511724
  0
CIRCLE
  5
2C7
330
17
100
AcDbEntity
  8
CUT
100
AcDbCircle
 10
376.117617465889
 20
-184.7512338311214
 30
0.0
 40
1.5
  0
CIRCLE
  5
2C8
330
17
100
AcDbEntity
  8
CUT
100
AcDbCircle
 10
385.4333673471397
 20
-329.9199358098014
 30
0.0
 40
1.5
  0
CIRCLE
  5
2C9
330
17
100
AcDbEntity
  8
CUT
100
AcDbCircle
 10
399.8440839705131
 20
-166.9234113604213
 30
0.0
 40
1.5
  0
CIRCLE
  5
2CA
330
17
100
AcDbEntity
  8
CUT
100
AcDbCircle
 10
388.8741773733805
 20
-217.4570851479859
 30
0.0
 40
1.5
  0
CIRCLE
  5
2CB
330
17
100
AcDbEntity
  8
CUT
100
AcDbCircle
 10
373.9807216297127
 20
-205.9570530400617
 30
0.0
 40
1.5
  0
CIRCLE
  5
2CC
330
17
100
AcDbEntity
  8
CUT
100
AcDbCircle
 10
359.0872658860448
 20
-194.4570209321373
 30
0.0
 40
2.149999999999999
  0
CIRCLE
  5
2CD
330
17
100
AcDbEntity
  8
CUT
100
AcDbCircle
 10
389.8440839705149
 20
-273.4028141320938
 30
0.0
 40
1.1
  0
CIRCLE
  5
2CE
330
17
100
AcDbEntity
  8
CUT
100
AcDbCircle
 10
389.8440839705149
 20
-293.4028141320938
 30
0.0
 40
1.1
  0
CIRCLE
  5
2CF
330
17
100
AcDbEntity
  8
CUT
100
AcDbCircle
 10
409.8440839705149
 20
-273.4028141320938
 30
0.0
 40
1.1
  0
CIRCLE
  5
2D0
330
17
100
AcDbEntity
  8
CUT
100
AcDbCircle
 10
409.8440839705149
 20
-293.4028141320938
 30
0.0
 40
1.1
  0
CIRCLE
  5
2D1
330
17
100
AcDbEntity
  8
CUT
100
AcDbCircle
 10
387.0940839705149
 20
-270.6528141320938
 30
0.0
 40
0.85
  0
CIRCLE
  5
2D2
330
17
100
AcDbEntity
  8
CUT
100
AcDbCircle
 10
412.5940839705149
 20
-270.6528141320938
 30
0.0
 40
0.85
  0
CIRCLE
  5
2D3
330
17
100
AcDbEntity
  8
CUT
100
AcDbCircle
 10
412.5940839705149
 20
-296.1528141320938
 30
0.0
 40
0.85
  0
CIRCLE
  5
2D4
330
17
100
AcDbEntity
  8
CUT
100
AcDbCircle
 10
387.0940839705149
 20
-296.1528141320938
 30
0.0
 40
0.85
  0
CIRCLE
  5
2D5
330
17
100
AcDbEntity
  8
CUT
100
AcDbCircle
 10
388.8741773733805
 20
-234.3979859381335
 30
0.0
 40
1.5
  0
CIRCLE
  5
2D6
330
17
100
AcDbEntity
  8
CUT
100
AcDbCircle
 10
373.9807216297127
 20
-245.8980180460577
 30
0.0
 40
1.5
  0
CIRCLE
  5
2D7
330
17
100
AcDbEntity
  8
CUT
100
AcDbCircle
 10
359.0872658860448
 20
-257.3980501539821
 30
0.0
 40
2.149999999999999
  0
LWPOLYLINE
  5
2D8
330
17
100
AcDbEntity
  8
CUT
100
AcDbPolyline
 90
4
 70
0
 10
399.8440839705531
 20
-119.5629295652108
 10
394.3893549937152
 20
-119.5629295652109
 42
0.0691074597333032
 10
393.8443537946391
 20
-119.6386183396019
 10
389.9640839705594
 20
-120.7375838700855
  0
CIRCLE
  5
2D9
330
17
100
AcDbEntity
  8
CUT
100
AcDbCircle
 10
423.5705504751372
 20
-267.1038372549972
 30
0.0
 40
1.5
  0
CIRCLE
  5
2DA
330
17
100
AcDbEntity
  8
CUT
100
AcDbCircle
 10
419.9244576994447
 20
-152.3469174720446
 30
0.0
 40
1.5
  0
CIRCLE
  5
2DB
330
17
100
AcDbEntity
  8
CUT
100
AcDbCircle
 10
423.5705504751372
 20
-184.7512338311214
 30
0.0
 40
1.5
  0
CIRCLE
  5
2DC
330
17
100
AcDbEntity
  8
CUT
100
AcDbCircle
 10
414.2548005938865
 20
-329.9199358098014
 30
0.0
 40
1.5
  0
CIRCLE
  5
2DD
330
17
100
AcDbEntity
  8
CUT
100
AcDbCircle
 10
410.8139905676457
 20
-217.4570851479859
 30
0.0
 40
1.5
  0
CIRCLE
  5
2DE
330
17
100
AcDbEntity
  8
CUT
100
AcDbCircle
 10
425.7074463113135
 20
-205.9570530400617
 30
0.0
 40
1.5
  0
CIRCLE
  5
2DF
330
17
100
AcDbEntity
  8
CUT
100
AcDbCircle
 10
440.6009020549813
 20
-194.4570209321373
 30
0.0
 40
2.149999999999999
  0
CIRCLE
  5
2E0
330
17
100
AcDbEntity
  8
CUT
100
AcDbCircle
 10
410.8139905676457
 20
-234.3979859381335
 30
0.0
 40
1.5
  0
CIRCLE
  5
2E1
330
17
100
AcDbEntity
  8
CUT
100
AcDbCircle
 10
425.7074463113135
 20
-245.8980180460577
 30
0.0
 40
1.5
  0
CIRCLE
  5
2E2
330
17
100
AcDbEntity
  8
CUT
100
AcDbCircle
 10
440.6009020549813
 20
-257.3980501539821
 30
0.0
 40
2.149999999999999
  0
LWPOLYLINE
  5
2E3
330
17
100
AcDbEntity
  8
CUT
100
AcDbPolyline
 90
4
 70
0
 10
399.8440839704731
 20
-119.5629295652108
 10
405.298812947311
 20
-119.5629295652109
 42
-0.0691074597333032
 10
405.8438141463871
 20
-119.6386183396019
 10
409.7240839704668
 20
-120.7375838700855
  0
LWPOLYLINE
  5
2E4
330
17
100
AcDbEntity
  8
CUT
100
AcDbPolyline
 90
8
 70
1
 10
389.9640839527279
 20
-143.5894143914106
 42
1.000000022967015
 10
389.9640839894751
 20
-141.9894143914114
 10
386.8440839527252
 20
-141.9894143914114
 42
0.9999999999999998
 10
386.8440839527252
 20
-143.5894143914106
 10
386.8440839527252
 20
-146.4893975008052
 42
0.9999999999999998
 10
386.8440839527252
 20
-148.0893975008044
 10
389.9640839894751
 20
-148.0893975008044
 42
1.000000022969288
 10
389.9640839527242
 20
-146.4893975008052
  0
LWPOLYLINE
  5
2E5
330
17
100
AcDbEntity
  8
CUT
100
AcDbPolyline
 90
8
 70
1
 10
389.9640839711797
 20
-130.0052638011148
 42
1.000000022967015
 10
389.9640840079269
 20
-128.4052638011155
 10
386.844083971177
 20
-128.4052638011155
 42
0.9999999999999998
 10
386.844083971177
 20
-130.0052638011148
 10
386.844083971177
 20
-132.9052469105094
 42
0.9999999999999998
 10
386.844083971177
 20
-134.5052469105086
 10
389.9640840079269
 20
-134.5052469105086
 42
1.000000022969288
 10
389.964083971176
 20
-132.9052469105094
  0
ARC
  5
2E6
330
17
100
AcDbEntity
  8
CUT
100
AcDbCircle
 10
399.8440839705204
 20
-138.1835555239536
 30
0.0
 40
0.9999999999992844
100
AcDbArc
 50
220.6524411945593
 51
319.3475588054407
  0
LINE
  5
2E7
330
17
100
AcDbEntity
  8
CUT
100
AcDbLine
 10
399.0854086162313
 20
-138.835024407933
 30
0.0
 11
392.5854086167969
 21
-131.2653769179127
 31
0.0
  0
ARC
  5
2E8
330
17
100
AcDbEntity
  8
CUT
100
AcDbCircle
 10
393.3440839710861
 20
-130.6139080339322
 30
0.0
 40
1.0
100
AcDbArc
 50
180.0
 51
220.6524411945802
  0
LINE
  5
2E9
330
17
100
AcDbEntity
  8
CUT
100
AcDbLine
 10
392.9555869345663
 20
-126.5804415435202
 30
0.0
 11
396.4636701415571
 21
-125.101381399386
 31
0.0
  0
ARC
  5
2EA
330
17
100
AcDbEntity
  8
CUT
100
AcDbCircle
 10
393.3440839710861
 20
-127.5018915164521
 30
0.0
 40
1.0
100
AcDbArc
 50
112.8610129017365
 51
180.0
  0
ARC
  5
2EB
330
17
100
AcDbEntity
  8
CUT
100
AcDbCircle
 10
396.852167178075
 20
-126.022831372316
 30
0.0
 40
0.9999999999979284
100
AcDbArc
 50
90.0
 51
112.8610129017292
  0
LINE
  5
2EC
330
17
100
AcDbEntity
  8
CUT
100
AcDbLine
 10
396.852167178075
 20
-125.0228313723181
 30
0.0
 11
399.8440839705095
 21
-125.0228313723183
 31
0.0
  0
LINE
  5
2ED
330
17
100
AcDbEntity
  8
CUT
100
AcDbLine
 10
392.3440839710861
 20
-130.6139080339322
 30
0.0
 11
392.3440839710861
 21
-127.5018915164521
 31
0.0
  0
ARC
  5
2EE
330
17
100
AcDbEntity
  8
CUT
100
AcDbCircle
 10
402.8360007629439
 20
-126.022831372304
 30
0.0
 40
0.9999999999979284
100
AcDbArc
 50
67.13898709849703
 51
90.00000000020843
  0
LINE
  5
2EF
330
17
100
AcDbEntity
  8
CUT
100
AcDbLine
 10
402.8360007629439
 20
-125.0228313723062
 30
0.0
 11
399.8440839705058
 21
-125.0228313723183
 31
0.0
  0
LINE
  5
2F0
330
17
100
AcDbEntity
  8
CUT
100
AcDbLine
 10
392.3440839710861
 20
-149.2465527138123
 30
0.0
 11
392.3440839710861
 21
-141.8493128632975
 31
0.0
  0
LINE
  5
2F1
330
17
100
AcDbEntity
  8
CUT
100
AcDbLine
 10
394.1027593253752
 20
-141.1978439793182
 30
0.0
 11
397.6027593253752
 21
-145.2738080127694
 31
0.0
  0
ARC
  5
2F2
330
17
100
AcDbEntity
  8
CUT
100
AcDbCircle
 10
393.3440839710861
 20
-141.8493128632975
 30
0.0
 40
1.0
100
AcDbArc
 50
40.65244119454539
 51
180.0
  0
ARC
  5
2F3
330
17
100
AcDbEntity
  8
CUT
100
AcDbCircle
 10
396.8440839710861
 20
-145.9252768967495
 30
0.0
 40
1.000000000000024
100
AcDbArc
 50
1.95413e-11
 51
40.65244119456841
  0
LINE
  5
2F4
330
17
100
AcDbEntity
  8
CUT
100
AcDbLine
 10
397.8440839710861
 20
-145.9252768967492
 30
0.0
 11
397.8440839710861
 21
-154.9160805605088
 31
0.0
  0
ARC
  5
2F5
330
17
100
AcDbEntity
  8
CUT
100
AcDbCircle
 10
396.8440839710861
 20
-154.9160805605087
 30
0.0
 40
1.0
100
AcDbArc
 50
319.3475588054313
 51
359.9999999999935
  0
LINE
  5
2F6
330
17
100
AcDbEntity
  8
CUT
100
AcDbLine
 10
397.6027593253752
 20
-155.5675494444888
 30
0.0
 11
391.2643191807806
 21
-162.9490506037806
 31
0.0
  0
ARC
  5
2F7
330
17
100
AcDbEntity
  8
CUT
100
AcDbCircle
 10
390.5056438264915
 20
-162.2975817198006
 30
0.0
 40
1.0
100
AcDbArc
 50
180.0
 51
319.3475588054313
  0
LINE
  5
2F8
330
17
100
AcDbEntity
  8
CUT
100
AcDbLine
 10
389.5056438264914
 20
-153.2929529925866
 30
0.0
 11
389.5056438264914
 21
-162.2975817198006
 31
0.0
  0
ARC
  5
2F9
330
17
100
AcDbEntity
  8
CUT
100
AcDbCircle
 10
390.5056438264915
 20
-153.2929529925866
 30
0.0
 40
1.0
100
AcDbArc
 50
139.3475588054316
 51
180.0
  0
LINE
  5
2FA
330
17
100
AcDbEntity
  8
CUT
100
AcDbLine
 10
389.7469684722023
 20
-152.6414841086068
 30
0.0
 11
392.1027593253752
 21
-149.8980215977927
 31
0.0
  0
ARC
  5
2FB
330
17
100
AcDbEntity
  8
CUT
100
AcDbCircle
 10
391.3440839710861
 20
-149.2465527138123
 30
0.0
 40
1.0
100
AcDbArc
 50
319.3475588054198
 51
0.0
  0
ARC
  5
2FC
330
17
100
AcDbEntity
  8
CUT
100
AcDbCircle
 10
399.8440839705313
 20
-323.4507053716863
 30
0.0
 40
0.9999999999993178
100
AcDbArc
 50
90.0
 51
139.5607484237074
  0
LINE
  5
2FD
330
17
100
AcDbEntity
  8
CUT
100
AcDbLine
 10
399.0829898486722
 20
-322.8020639162792
 30
0.0
 11
396.0872940625509
 21
-326.3171128461376
 31
0.0
  0
ARC
  5
2FE
330
17
100
AcDbEntity
  8
CUT
100
AcDbCircle
 10
396.8483881844063
 20
-326.9657543015448
 30
0.0
 40
1.0
100
AcDbArc
 50
139.5607484236774
 51
220.2334884031493
  0
LINE
  5
2FF
330
17
100
AcDbEntity
  8
CUT
100
AcDbLine
 10
393.4579651399677
 20
-329.4022791899288
 30
0.0
 11
391.8754768637068
 21
-331.2591178408191
 31
0.0
  0
ARC
  5
300
330
17
100
AcDbEntity
  8
CUT
100
AcDbCircle
 10
392.6365709855659
 20
-331.9077592962261
 30
0.0
 40
1.0
100
AcDbArc
 50
139.5607484236774
 51
180.0
  0
LINE
  5
301
330
17
100
AcDbEntity
  8
CUT
100
AcDbLine
 10
397.8440839705277
 20
-298.5145196566116
 30
0.0
 11
397.8440839705277
 21
-316.0736844809938
 31
0.0
  0
ARC
  5
302
330
17
100
AcDbEntity
  8
CUT
100
AcDbCircle
 10
396.8440839705277
 20
-316.0736844809952
 30
0.0
 40
1.0
100
AcDbArc
 50
319.5607484237122
 51
7.81653e-11
  0
LINE
  5
303
330
17
100
AcDbEntity
  8
CUT
100
AcDbLine
 10
397.6051780923867
 20
-316.7223259364013
 30
0.0
 11
391.6051780923721
 21
-323.7625246364496
 31
0.0
  0
ARC
  5
304
330
17
100
AcDbEntity
  8
CUT
100
AcDbCircle
 10
390.844083970515
 20
-323.113883181042
 30
0.0
 40
1.0
100
AcDbArc
 50
180.0
 51
319.5607484235876
  0
LINE
  5
305
330
17
100
AcDbEntity
  8
CUT
100
AcDbLine
 10
392.8440839705258
 20
-297.1342264294318
 30
0.0
 11
392.8440839705277
 21
-295.2142069895909
 31
0.0
  0
ARC
  5
306
330
17
100
AcDbEntity
  8
CUT
100
AcDbCircle
 10
391.8440839705258
 20
-297.1342264294317
 30
0.0
 40
1.0
100
AcDbArc
 50
313.7275391565994
 51
359.999999999987
  0
LINE
  5
307
330
17
100
AcDbEntity
  8
CUT
100
AcDbLine
 10
394.5840557643228
 20
-294.5415690896844
 30
0.0
 11
397.5840557643228
 21
-297.8418817567053
 31
0.0
  0
ARC
  5
308
330
17
100
AcDbEntity
  8
CUT
100
AcDbCircle
 10
393.8440839705277
 20
-295.2142069895909
 30
0.0
 40
1.0
100
AcDbArc
 50
42.27098710998554
 51
180.0
  0
ARC
  5
309
330
17
100
AcDbEntity
  8
CUT
100
AcDbCircle
 10
396.8440839705277
 20
-298.5145196566092
 30
0.0
 40
0.999999999999723
100
AcDbArc
 50
359.9999999998567
 51
42.2709871097874
  0
ARC
  5
30A
330
17
100
AcDbEntity
  8
CUT
100
AcDbCircle
 10
399.8440839705713
 20
-323.4507053716857
 30
0.0
 40
0.9999999999987494
100
AcDbArc
 50
40.43925157649369
 51
90.0
  0
LINE
  5
30B
330
17
100
AcDbEntity
  8
CUT
100
AcDbLine
 10
399.8440839705277
 20
-330.5892132134307
 30
0.0
 11
399.068012550752
 21
-330.5892132134307
 31
0.0
  0
ARC
  5
30C
330
17
100
AcDbEntity
  8
CUT
100
AcDbCircle
 10
399.068012550752
 20
-329.5892132134307
 30
0.0
 40
1.0
100
AcDbArc
 50
220.2334884031493
 51
270.0
  0
LINE
  5
30D
330
17
100
AcDbEntity
  8
CUT
100
AcDbLine
 10
396.3493266245118
 20
-332.3178403080985
 30
0.0
 11
395.1378373223729
 21
-333.7393612097737
 31
0.0
  0
ARC
  5
30E
330
17
100
AcDbEntity
  8
CUT
100
AcDbCircle
 10
395.5882325026528
 20
-331.6691988526912
 30
0.0
 40
1.0
100
AcDbArc
 50
319.5607484237003
 51
40.23348840314933
  0
ARC
  5
30F
330
17
100
AcDbEntity
  8
CUT
100
AcDbCircle
 10
394.3767432005174
 20
-333.0907197543656
 30
0.0
 40
1.0
100
AcDbArc
 50
257.8595339882438
 51
319.5607484236652
  0
LINE
  5
310
330
17
100
AcDbEntity
  8
CUT
100
AcDbLine
 10
394.1664341157325
 20
-334.0683547009882
 30
0.0
 11
392.4262619007846
 21
-333.6940084000964
 31
0.0
  0
ARC
  5
311
330
17
100
AcDbEntity
  8
CUT
100
AcDbCircle
 10
392.6365709855659
 20
-332.7163734534738
 30
0.0
 40
1.0
100
AcDbArc
 50
180.0
 51
257.8595339882438
  0
LINE
  5
312
330
17
100
AcDbEntity
  8
CUT
100
AcDbLine
 10
391.6365709855659
 20
-332.7163734534738
 30
0.0
 11
391.6365709855659
 21
-331.9077592962261
 31
0.0
  0
LINE
  5
313
330
17
100
AcDbEntity
  8
CUT
100
AcDbLine
 10
400.6051780924049
 20
-322.8020639162823
 30
0.0
 11
403.6008738784935
 21
-326.3171128461374
 31
0.0
  0
ARC
  5
314
330
17
100
AcDbEntity
  8
CUT
100
AcDbCircle
 10
402.8397797566344
 20
-326.9657543015417
 30
0.0
 40
1.0
100
AcDbArc
 50
319.766511597209
 51
40.43925157608234
  0
LINE
  5
315
330
17
100
AcDbEntity
  8
CUT
100
AcDbLine
 10
399.8440839705168
 20
-330.5892132134307
 30
0.0
 11
400.6201553903142
 21
-330.5892132134338
 31
0.0
  0
LINE
  5
316
330
17
100
AcDbEntity
  8
CUT
100
AcDbLine
 10
396.0849695451966
 20
-327.6116583047074
 30
0.0
 11
398.3045939115386
 21
-330.235117216593
 31
0.0
  0
LINE
  5
317
330
17
100
AcDbEntity
  8
CUT
100
AcDbLine
 10
394.9824779010364
 20
-329.4050166421728
 30
0.0
 11
396.3516511418697
 21
-331.0232948495283
 31
0.0
  0
ARC
  5
318
330
17
100
AcDbEntity
  8
CUT
100
AcDbCircle
 10
394.2190592618267
 20
-330.0509206453356
 30
0.0
 40
1.0
100
AcDbArc
 50
40.23348840314933
 51
139.5607484236774
  0
LINE
  5
319
330
17
100
AcDbEntity
  8
CUT
100
AcDbLine
 10
403.6031983958514
 20
-327.6116583046993
 30
0.0
 11
401.3835740295312
 21
-330.2351172165905
 31
0.0
  0
ARC
  5
31A
330
17
100
AcDbEntity
  8
CUT
100
AcDbCircle
 10
400.6201553903142
 20
-329.5892132134337
 30
0.0
 40
1.0
100
AcDbArc
 50
269.9999999997916
 51
319.766511597209
  0
LINE
  5
31B
330
17
100
AcDbEntity
  8
CUT
100
AcDbLine
 10
406.2302028010585
 20
-329.4022791899288
 30
0.0
 11
407.8126910773193
 21
-331.2591178408191
 31
0.0
  0
ARC
  5
31C
330
17
100
AcDbEntity
  8
CUT
100
AcDbCircle
 10
407.0515969554604
 20
-331.9077592962261
 30
0.0
 40
1.0
100
AcDbArc
 50
0.0
 51
40.43925157630913
  0
LINE
  5
31D
330
17
100
AcDbEntity
  8
CUT
100
AcDbLine
 10
403.3388413165144
 20
-332.3178403080985
 30
0.0
 11
404.5503306186533
 21
-333.7393612097737
 31
0.0
  0
ARC
  5
31E
330
17
100
AcDbEntity
  8
CUT
100
AcDbCircle
 10
404.0999354383734
 20
-331.6691988526912
 30
0.0
 40
1.0
100
AcDbArc
 50
139.7665115968506
 51
220.4392515762878
  0
ARC
  5
31F
330
17
100
AcDbEntity
  8
CUT
100
AcDbCircle
 10
405.3114247405087
 20
-333.0907197543656
 30
0.0
 40
1.0
100
AcDbArc
 50
220.4392515763134
 51
282.1404660117559
  0
LINE
  5
320
330
17
100
AcDbEntity
  8
CUT
100
AcDbLine
 10
405.5217338252937
 20
-334.0683547009882
 30
0.0
 11
407.2619060402416
 21
-333.6940084000964
 31
0.0
  0
ARC
  5
321
330
17
100
AcDbEntity
  8
CUT
100
AcDbCircle
 10
407.0515969554604
 20
-332.7163734534738
 30
0.0
 40
1.0
100
AcDbArc
 50
282.1404660117559
 51
0.0
  0
LINE
  5
322
330
17
100
AcDbEntity
  8
CUT
100
AcDbLine
 10
408.0515969554603
 20
-332.7163734534738
 30
0.0
 11
408.0515969554603
 21
-331.9077592962261
 31
0.0
  0
LINE
  5
323
330
17
100
AcDbEntity
  8
CUT
100
AcDbLine
 10
404.7056900399898
 20
-329.4050166421728
 30
0.0
 11
403.3365167991564
 21
-331.0232948495283
 31
0.0
  0
ARC
  5
324
330
17
100
AcDbEntity
  8
CUT
100
AcDbCircle
 10
405.4691086791994
 20
-330.0509206453356
 30
0.0
 40
1.0
100
AcDbArc
 50
40.43925157630913
 51
139.7665115968506
  0
LINE
  5
325
330
17
100
AcDbEntity
  8
CUT
100
AcDbLine
 10
386.6512350647522
 20
-182.0819103279663
 30
0.0
 11
394.1539444614468
 21
-173.3445464267315
 31
0.0
  0
ARC
  5
326
330
17
100
AcDbEntity
  8
CUT
100
AcDbCircle
 10
387.7892480961805
 20
-183.0591136539364
 30
0.0
 40
1.5
100
AcDbArc
 50
139.3475588054316
 51
198.9037505681132
  0
LINE
  5
327
330
17
100
AcDbEntity
  8
CUT
100
AcDbLine
 10
386.370151866317
 20
-183.5450826759769
 30
0.0
 11
393.9050658235669
 21
-201.8327493275253
 31
0.0
  0
LINE
  5
328
330
17
100
AcDbEntity
  8
CUT
100
AcDbLine
 10
396.7919574928806
 20
-174.3217497527018
 30
0.0
 11
396.7919574928806
 21
-201.2613199814288
 31
0.0
  0
ARC
  5
329
330
17
100
AcDbEntity
  8
CUT
100
AcDbCircle
 10
395.2919574928806
 20
-201.2613199814288
 30
0.0
 40
1.5
100
AcDbArc
 50
202.3927198087504
 51
0.0
  0
ARC
  5
32A
330
17
100
AcDbEntity
  8
CUT
100
AcDbCircle
 10
395.2919574928806
 20
-174.3217497527018
 30
0.0
 40
1.5
100
AcDbArc
 50
0.0
 51
139.3475588054316
  0
CIRCLE
  5
32B
330
17
100
AcDbEntity
  8
CUT
100
AcDbCircle
 10
399.8440839705131
 20
-256.9190981075278
 30
0.0
 40
1.5
  0
LINE
  5
32C
330
17
100
AcDbEntity
  8
CUT
100
AcDbLine
 10
383.8440839705167
 20
-280.8541333893169
 30
0.0
 11
383.8440839705167
 21
-284.3699641797644
 31
0.0
  0
LINE
  5
32D
330
17
100
AcDbEntity
  8
CUT
100
AcDbLine
 10
385.8440839705149
 20
-280.8541333893169
 30
0.0
 11
385.8440839705149
 21
-284.3699641797645
 31
0.0
  0
ARC
  5
32E
330
17
100
AcDbEntity
  8
CUT
100
AcDbCircle
 10
384.8440839705149
 20
-280.8541333893169
 30
0.0
 40
1.0
100
AcDbArc
 50
0.0
 51
180.0
  0
ARC
  5
32F
330
17
100
AcDbEntity
  8
CUT
100
AcDbCircle
 10
384.8440839705149
 20
-284.3699641797645
 30
0.0
 40
1.0
100
AcDbArc
 50
180.0
 51
0.0
  0
LINE
  5
330
330
17
100
AcDbEntity
  8
CUT
100
AcDbLine
 10
383.8440839705167
 20
-307.9841507211447
 30
0.0
 11
383.8440839705167
 21
-311.4999815115921
 31
0.0
  0
LINE
  5
331
330
17
100
AcDbEntity
  8
CUT
100
AcDbLine
 10
385.8440839705149
 20
-307.9841507211447
 30
0.0
 11
385.8440839705149
 21
-311.4999815115922
 31
0.0
  0
ARC
  5
332
330
17
100
AcDbEntity
  8
CUT
100
AcDbCircle
 10
384.8440839705149
 20
-307.9841507211447
 30
0.0
 40
1.0
100
AcDbArc
 50
0.0
 51
180.0
  0
ARC
  5
333
330
17
100
AcDbEntity
  8
CUT
100
AcDbCircle
 10
384.8440839705149
 20
-311.4999815115922
 30
0.0
 40
1.0
100
AcDbArc
 50
180.0
 51
0.0
  0
LINE
  5
334
330
17
100
AcDbEntity
  8
CUT
100
AcDbLine
 10
415.8440839705094
 20
-280.8541333893169
 30
0.0
 11
415.8440839705094
 21
-284.3699641797644
 31
0.0
  0
LINE
  5
335
330
17
100
AcDbEntity
  8
CUT
100
AcDbLine
 10
413.8440839705112
 20
-280.8541333893169
 30
0.0
 11
413.8440839705112
 21
-284.3699641797645
 31
0.0
  0
ARC
  5
336
330
17
100
AcDbEntity
  8
CUT
100
AcDbCircle
 10
414.8440839705113
 20
-280.8541333893169
 30
0.0
 40
1.0
100
AcDbArc
 50
0.0
 51
180.0
  0
ARC
  5
337
330
17
100
AcDbEntity
  8
CUT
100
AcDbCircle
 10
414.8440839705113
 20
-284.3699641797645
 30
0.0
 40
1.0
100
AcDbArc
 50
180.0
 51
0.0
  0
LINE
  5
338
330
17
100
AcDbEntity
  8
CUT
100
AcDbLine
 10
415.8440839705094
 20
-307.9841507211447
 30
0.0
 11
415.8440839705094
 21
-311.4999815115921
 31
0.0
  0
LINE
  5
339
330
17
100
AcDbEntity
  8
CUT
100
AcDbLine
 10
413.8440839705112
 20
-307.9841507211447
 30
0.0
 11
413.8440839705112
 21
-311.4999815115922
 31
0.0
  0
ARC
  5
33A
330
17
100
AcDbEntity
  8
CUT
100
AcDbCircle
 10
414.8440839705113
 20
-307.9841507211447
 30
0.0
 40
1.0
100
AcDbArc
 50
0.0
 51
180.0
  0
ARC
  5
33B
330
17
100
AcDbEntity
  8
CUT
100
AcDbCircle
 10
414.8440839705113
 20
-311.4999815115922
 30
0.0
 40
1.0
100
AcDbArc
 50
180.0
 51
0.0
  0
LINE
  5
33C
330
17
100
AcDbEntity
  8
CUT
100
AcDbLine
 10
400.6027593247949
 20
-138.835024407933
 30
0.0
 11
407.1027593242292
 21
-131.2653769179127
 31
0.0
  0
ARC
  5
33D
330
17
100
AcDbEntity
  8
CUT
100
AcDbCircle
 10
406.3440839699401
 20
-130.6139080339322
 30
0.0
 40
1.0
100
AcDbArc
 50
319.3475588054198
 51
0.0
  0
LINE
  5
33E
330
17
100
AcDbEntity
  8
CUT
100
AcDbLine
 10
406.7325810064598
 20
-126.5804415435202
 30
0.0
 11
403.2244977994691
 21
-125.101381399386
 31
0.0
  0
ARC
  5
33F
330
17
100
AcDbEntity
  8
CUT
100
AcDbCircle
 10
406.3440839699401
 20
-127.5018915164521
 30
0.0
 40
1.0
100
AcDbArc
 50
0.0
 51
67.13898709826643
  0
LINE
  5
340
330
17
100
AcDbEntity
  8
CUT
100
AcDbLine
 10
407.3440839699401
 20
-130.6139080339322
 30
0.0
 11
407.3440839699401
 21
-127.5018915164521
 31
0.0
  0
LINE
  5
341
330
17
100
AcDbEntity
  8
CUT
100
AcDbLine
 10
407.3440839699419
 20
-149.2465527138079
 30
0.0
 11
407.3440839699383
 21
-141.8493128632931
 31
0.0
  0
LINE
  5
342
330
17
100
AcDbEntity
  8
CUT
100
AcDbLine
 10
405.5854086156491
 20
-141.1978439793147
 30
0.0
 11
402.0854086156509
 21
-145.2738080127681
 31
0.0
  0
ARC
  5
343
330
17
100
AcDbEntity
  8
CUT
100
AcDbCircle
 10
406.3440839699382
 20
-141.8493128632936
 30
0.0
 40
1.0
100
AcDbArc
 50
3.25689e-11
 51
139.3475588054546
  0
ARC
  5
344
330
17
100
AcDbEntity
  8
CUT
100
AcDbCircle
 10
402.8440839699419
 20
-145.9252768967478
 30
0.0
 40
1.000000000000024
100
AcDbArc
 50
139.3475588054407
 51
180.000000000013
  0
LINE
  5
345
330
17
100
AcDbEntity
  8
CUT
100
AcDbLine
 10
401.8440839699419
 20
-145.9252768967481
 30
0.0
 11
401.8440839699528
 21
-154.9160805605076
 31
0.0
  0
ARC
  5
346
330
17
100
AcDbEntity
  8
CUT
100
AcDbCircle
 10
402.8440839699528
 20
-154.9160805605069
 30
0.0
 40
1.0
100
AcDbArc
 50
180.0000000000391
 51
220.6524411945802
  0
LINE
  5
347
330
17
100
AcDbEntity
  8
CUT
100
AcDbLine
 10
402.0854086156637
 20
-155.5675494444875
 30
0.0
 11
408.4238487602619
 21
-162.9490506037755
 31
0.0
  0
ARC
  5
348
330
17
100
AcDbEntity
  8
CUT
100
AcDbCircle
 10
409.1825241145511
 20
-162.2975817197951
 30
0.0
 40
1.0
100
AcDbArc
 50
220.6524411945802
 51
3.25689e-11
  0
LINE
  5
349
330
17
100
AcDbEntity
  8
CUT
100
AcDbLine
 10
410.1825241145402
 20
-153.2929529925804
 30
0.0
 11
410.1825241145511
 21
-162.2975817197945
 31
0.0
  0
ARC
  5
34A
330
17
100
AcDbEntity
  8
CUT
100
AcDbCircle
 10
409.1825241145402
 20
-153.2929529925811
 30
0.0
 40
1.0
100
AcDbArc
 50
3.25689e-11
 51
40.6524411945802
  0
LINE
  5
34B
330
17
100
AcDbEntity
  8
CUT
100
AcDbLine
 10
409.9411994688294
 20
-152.6414841086008
 30
0.0
 11
407.5854086156527
 21
-149.8980215977881
 31
0.0
  0
ARC
  5
34C
330
17
100
AcDbEntity
  8
CUT
100
AcDbCircle
 10
408.3440839699419
 20
-149.2465527138073
 30
0.0
 40
1.0
100
AcDbArc
 50
180.0000000000325
 51
220.6524411945843
  0
LWPOLYLINE
  5
34D
330
17
100
AcDbEntity
  8
CUT
100
AcDbPolyline
 90
8
 70
1
 10
409.7240839882966
 20
-143.5894143914116
 42
-1.000000022967015
 10
409.7240839515493
 20
-141.9894143914123
 10
412.8440839882991
 20
-141.9894143914126
 42
-0.9999999999999998
 10
412.8440839882991
 20
-143.5894143914119
 10
412.8440839882991
 20
-146.4893975008065
 42
-0.9999999999999998
 10
412.8440839882991
 20
-148.0893975008057
 10
409.7240839515493
 20
-148.0893975008054
 42
-1.000000022969288
 10
409.7240839883002
 20
-146.4893975008062
  0
LWPOLYLINE
  5
34E
330
17
100
AcDbEntity
  8
CUT
100
AcDbPolyline
 90
8
 70
1
 10
409.7240839698465
 20
-130.0052638011157
 42
-1.000000022967015
 10
409.7240839331012
 20
-128.4052638011165
 10
412.844083969851
 20
-128.4052638011168
 42
-0.9999999999999998
 10
412.8440839698491
 20
-130.005263801116
 10
412.8440839698491
 20
-132.9052469105106
 42
-0.9999999999999998
 10
412.8440839698491
 20
-134.5052469105098
 10
409.7240839330993
 20
-134.5052469105096
 42
-1.000000022969288
 10
409.7240839698502
 20
-132.9052469105103
  0
LINE
  5
34F
330
17
100
AcDbEntity
  8
CUT
100
AcDbLine
 10
413.036932876274
 20
-182.0819103279663
 30
0.0
 11
405.5342234795793
 21
-173.3445464267315
 31
0.0
  0
ARC
  5
350
330
17
100
AcDbEntity
  8
CUT
100
AcDbCircle
 10
411.8989198448457
 20
-183.0591136539364
 30
0.0
 40
1.5
100
AcDbArc
 50
341.0962494318972
 51
40.65244119456841
  0
LINE
  5
351
330
17
100
AcDbEntity
  8
CUT
100
AcDbLine
 10
413.3180160747092
 20
-183.5450826759769
 30
0.0
 11
405.7831021174592
 21
-201.8327493275253
 31
0.0
  0
LINE
  5
352
330
17
100
AcDbEntity
  8
CUT
100
AcDbLine
 10
402.8962104481456
 20
-174.3217497527018
 30
0.0
 11
402.8962104481456
 21
-201.2613199814288
 31
0.0
  0
ARC
  5
353
330
17
100
AcDbEntity
  8
CUT
100
AcDbCircle
 10
404.3962104481456
 20
-201.2613199814288
 30
0.0
 40
1.5
100
AcDbArc
 50
180.0
 51
337.6072801912457
  0
ARC
  5
354
330
17
100
AcDbEntity
  8
CUT
100
AcDbCircle
 10
404.3962104481456
 20
-174.3217497527018
 30
0.0
 40
1.5
100
AcDbArc
 50
40.65244119456841
 51
180.0
  0
LINE
  5
355
330
17
100
AcDbEntity
  8
CUT
100
AcDbLine
 10
389.8440839705149
 20
-300.8584161795037
 30
0.0
 11
389.8440839705149
 21
-323.113883181042
 31
0.0
  0
ARC
  5
356
330
17
100
AcDbEntity
  8
CUT
100
AcDbCircle
 10
390.844083970515
 20
-300.8584161795037
 30
0.0
 40
1.0
100
AcDbArc
 50
133.7275391565996
 51
180.0
  0
LINE
  5
357
330
17
100
AcDbEntity
  8
CUT
100
AcDbLine
 10
390.1528541458524
 20
-300.1357811890017
 30
0.0
 11
392.5353137951884
 21
-297.8568614199337
 31
0.0
  0
LINE
  5
358
330
17
100
AcDbEntity
  8
CUT
100
AcDbLine
 10
401.8440839705021
 20
-298.5145196566122
 30
0.0
 11
401.8440839704985
 21
-316.0736844809943
 31
0.0
  0
ARC
  5
359
330
17
100
AcDbEntity
  8
CUT
100
AcDbCircle
 10
402.8440839704985
 20
-316.0736844809959
 30
0.0
 40
1.0
100
AcDbArc
 50
179.9999999999088
 51
220.4392515762878
  0
LINE
  5
35A
330
17
100
AcDbEntity
  8
CUT
100
AcDbLine
 10
402.0829898486395
 20
-316.7223259364018
 30
0.0
 11
408.0829898486504
 21
-323.7625246364515
 31
0.0
  0
ARC
  5
35B
330
17
100
AcDbEntity
  8
CUT
100
AcDbCircle
 10
408.8440839705095
 20
-323.1138831810441
 30
0.0
 40
1.0
100
AcDbArc
 50
220.4392515764247
 51
359.999999999987
  0
LINE
  5
35C
330
17
100
AcDbEntity
  8
CUT
100
AcDbLine
 10
406.8440839705058
 20
-297.1342264294335
 30
0.0
 11
406.844083970504
 21
-295.2142069895925
 31
0.0
  0
ARC
  5
35D
330
17
100
AcDbEntity
  8
CUT
100
AcDbCircle
 10
407.8440839705057
 20
-297.1342264294335
 30
0.0
 40
1.0
100
AcDbArc
 50
180.0
 51
226.2724608433821
  0
LINE
  5
35E
330
17
100
AcDbEntity
  8
CUT
100
AcDbLine
 10
405.1041121767107
 20
-294.5415690896857
 30
0.0
 11
402.1041121767089
 21
-297.8418817567058
 31
0.0
  0
ARC
  5
35F
330
17
100
AcDbEntity
  8
CUT
100
AcDbCircle
 10
405.844083970504
 20
-295.2142069895923
 30
0.0
 40
1.0
100
AcDbArc
 50
359.999999999987
 51
137.7290128899221
  0
ARC
  5
360
330
17
100
AcDbEntity
  8
CUT
100
AcDbCircle
 10
402.8440839705021
 20
-298.5145196566099
 30
0.0
 40
0.999999999999723
100
AcDbArc
 50
137.729012890212
 51
180.0000000001302
  0
LINE
  5
361
330
17
100
AcDbEntity
  8
CUT
100
AcDbLine
 10
409.8440839705149
 20
-300.8584161795061
 30
0.0
 11
409.8440839705094
 21
-323.1138831810444
 31
0.0
  0
ARC
  5
362
330
17
100
AcDbEntity
  8
CUT
100
AcDbCircle
 10
408.8440839705149
 20
-300.8584161795059
 30
0.0
 40
1.0
100
AcDbArc
 50
359.999999999987
 51
46.2724608433823
  0
LINE
  5
363
330
17
100
AcDbEntity
  8
CUT
100
AcDbLine
 10
409.5353137951774
 20
-300.135781189004
 30
0.0
 11
407.1528541458414
 21
-297.8568614199354
 31
0.0
  0
LWPOLYLINE
  5
364
330
17
100
AcDbEntity
  8
CUT
100
AcDbPolyline
 90
5
 70
0
 10
386.0442487413962
 20
-122.1039898511708
 42
0.4201707815994295
 10
386.8440839711971
 20
-122.9202257733455
 10
389.9640840079469
 20
-122.9202257733455
 42
1.000000022969288
 10
389.9640839711961
 20
-121.3202257733463
 10
389.9640839711978
 20
-120.7375838699047
  0
LWPOLYLINE
  5
365
330
17
100
AcDbEntity
  8
CUT
100
AcDbPolyline
 90
5
 70
0
 10
413.6440839698288
 20
-122.1202257733459
 42
-0.4142135623730951
 10
412.8440839698291
 20
-122.9202257733455
 10
409.7240839330793
 20
-122.9202257733455
 42
-1.000000022969288
 10
409.7240839698302
 20
-121.3202257733463
 10
409.7240839698283
 20
-120.7375838699047
  0
LINE
  5
366
330
17
100
AcDbEntity
  8
POCKET
100
AcDbLine
 10
403.9249791891984
 20
-211.7279015414961
 30
0.0
 11
397.4247436178434
 21
-215.5354506267944
 31
0.0
  0
LINE
  5
367
330
17
100
AcDbEntity
  8
POCKET
100
AcDbLine
 10
396.9229501752548
 20
-216.7478868265358
 30
0.0
 11
395.2700921031742
 21
-217.7002724302241
 31
0.0
  0
LINE
  5
368
330
17
100
AcDbEntity
  8
POCKET
100
AcDbLine
 10
395.4789556240307
 20
-219.6574818836772
 30
0.0
 11
403.8488936474919
 21
-222.3396592020967
 31
0.0
  0
ARC
  5
369
330
17
100
AcDbEntity
  8
POCKET
100
AcDbCircle
 10
395.807354697738
 20
-218.6326876334958
 30
0.0
 40
1.07612694735063
100
AcDbArc
 50
119.9507747631099
 51
252.231752824983
  0
ARC
  5
36A
330
17
100
AcDbEntity
  8
POCKET
100
AcDbCircle
 10
404.1772927211955
 20
-221.3148649519153
 30
0.0
 40
1.07612694735063
100
AcDbArc
 50
252.231752824983
 51
0.0
  0
LINE
  5
36B
330
17
100
AcDbEntity
  8
POCKET
100
AcDbLine
 10
405.2534196685469
 20
-221.3148649519153
 30
0.0
 11
405.2534196685469
 21
-221.0436206649444
 31
0.0
  0
ARC
  5
36C
330
17
100
AcDbEntity
  8
POCKET
100
AcDbCircle
 10
404.1772927211955
 20
-221.0436206649444
 30
0.0
 40
1.07612694735063
100
AcDbArc
 50
0.0
 51
72.73089671965832
  0
LINE
  5
36D
330
17
100
AcDbEntity
  8
POCKET
100
AcDbLine
 10
404.4967517415994
 20
-220.0160044228118
 30
0.0
 11
399.2103808141533
 21
-218.3726099252027
 31
0.0
  0
LINE
  5
36E
330
17
100
AcDbEntity
  8
POCKET
100
AcDbLine
 10
399.2103808141497
 20
-218.3726099252027
 30
0.0
 11
400.4598685618389
 21
-217.5800879097053
 31
0.0
  0
LINE
  5
36F
330
17
100
AcDbEntity
  8
POCKET
100
AcDbLine
 10
400.4598685618425
 20
-217.580087909703
 30
0.0
 11
403.8255425190786
 21
-218.7441569164649
 31
0.0
  0
ARC
  5
370
330
17
100
AcDbEntity
  8
POCKET
100
AcDbCircle
 10
404.1772927211955
 20
-217.7271411829965
 30
0.0
 40
1.07612694735063
100
AcDbArc
 50
250.9212853575642
 51
0.0
  0
LINE
  5
371
330
17
100
AcDbEntity
  8
POCKET
100
AcDbLine
 10
405.2534196685469
 20
-217.7271411829965
 30
0.0
 11
405.2534196685469
 21
-217.4386938936631
 31
0.0
  0
ARC
  5
372
330
17
100
AcDbEntity
  8
POCKET
100
AcDbCircle
 10
404.1772927211955
 20
-217.4386938936631
 30
0.0
 40
1.07612694735063
100
AcDbArc
 50
0.0
 51
71.67108797827876
  0
LINE
  5
373
330
17
100
AcDbEntity
  8
POCKET
100
AcDbLine
 10
404.5157039824757
 20
-216.4171621883056
 30
0.0
 11
402.3622017434377
 21
-215.7037536811967
 31
0.0
  0
LINE
  5
374
330
17
100
AcDbEntity
  8
POCKET
100
AcDbLine
 10
402.3622017434377
 20
-215.7037536811991
 30
0.0
 11
405.0104657144861
 21
-214.1614100986296
 31
0.0
  0
ARC
  5
375
330
17
100
AcDbEntity
  8
POCKET
100
AcDbCircle
 10
404.4688856279485
 20
-213.2314960076091
 30
0.0
 40
1.07612694735063
100
AcDbArc
 50
300.2164352194045
 51
0.0
  0
LINE
  5
376
330
17
100
AcDbEntity
  8
POCKET
100
AcDbLine
 10
405.5450125752964
 20
-213.2314960076091
 30
0.0
 11
405.5450125752964
 21
-212.656456867097
 31
0.0
  0
ARC
  5
377
330
17
100
AcDbEntity
  8
POCKET
100
AcDbCircle
 10
404.4688856279485
 20
-212.656456867097
 30
0.0
 40
1.07612694735063
100
AcDbArc
 50
0.0
 51
120.3598759371608
  0
LINE
  5
378
330
17
100
AcDbEntity
  8
POCKET
100
AcDbLine
 10
393.4078626180258
 20
-222.4320634940756
 30
0.0
 11
393.4078626180258
 21
-222.5490125506811
 31
0.0
  0
LINE
  5
379
330
17
100
AcDbEntity
  8
POCKET
100
AcDbLine
 10
395.3996443511046
 20
-225.1571051695193
 30
0.0
 11
393.7552277379423
 21
-226.7607387503312
 31
0.0
  0
ARC
  5
37A
330
17
100
AcDbEntity
  8
POCKET
100
AcDbCircle
 10
394.506550735287
 20
-227.5311691238717
 30
0.0
 40
1.07612694735063
100
AcDbArc
 50
134.2806229267506
 51
180.0
  0
LINE
  5
37B
330
17
100
AcDbEntity
  8
POCKET
100
AcDbLine
 10
393.4304237879355
 20
-227.5311691238717
 30
0.0
 11
393.4304237879355
 21
-228.0806133607198
 31
0.0
  0
LINE
  5
37C
330
17
100
AcDbEntity
  8
POCKET
100
AcDbLine
 10
394.8044573485408
 20
-229.1146834050556
 30
0.0
 11
403.7750057043909
 21
-226.5303462082036
 31
0.0
  0
ARC
  5
37D
330
17
100
AcDbEntity
  8
POCKET
100
AcDbCircle
 10
394.506550735287
 20
-228.0806133607198
 30
0.0
 40
1.07612694735063
100
AcDbArc
 50
180.0
 51
286.0712323950731
  0
ARC
  5
37E
330
17
100
AcDbEntity
  8
POCKET
100
AcDbCircle
 10
403.4770990911333
 20
-225.4962761638679
 30
0.0
 40
1.07612694735063
100
AcDbArc
 50
286.0712323950731
 51
0.0
  0
LINE
  5
37F
330
17
100
AcDbEntity
  8
POCKET
100
AcDbLine
 10
404.5532260384848
 20
-225.4962761638679
 30
0.0
 11
404.5532260384848
 21
-224.8958229478832
 31
0.0
  0
ARC
  5
380
330
17
100
AcDbEntity
  8
POCKET
100
AcDbCircle
 10
403.4770990911333
 20
-224.8958229478832
 30
0.0
 40
1.07612694735063
100
AcDbArc
 50
0.0
 51
73.85253683642304
  0
LINE
  5
381
330
17
100
AcDbEntity
  8
POCKET
100
AcDbLine
 10
403.7763812476501
 20
-223.8621501768359
 30
0.0
 11
394.7832717218939
 21
-221.2583501271035
 31
0.0
  0
ARC
  5
382
330
17
100
AcDbEntity
  8
POCKET
100
AcDbCircle
 10
394.4839895653772
 20
-222.2920228981509
 30
0.0
 40
1.07612694735063
100
AcDbArc
 50
73.85253683642304
 51
180.0
  0
LINE
  5
383
330
17
100
AcDbEntity
  8
POCKET
100
AcDbLine
 10
397.6689332150768
 20
-225.8314424681241
 30
0.0
 11
397.2912305717932
 21
-226.2204322370554
 31
0.0
  0
LINE
  5
384
330
17
100
AcDbEntity
  8
POCKET
100
AcDbLine
 10
397.2912305717896
 20
-226.2204322370578
 30
0.0
 11
400.7589569219476
 21
-225.1718382535831
 31
0.0
  0
LINE
  5
385
330
17
100
AcDbEntity
  8
POCKET
100
AcDbLine
 10
400.7589569219476
 20
-225.1718382535831
 30
0.0
 11
394.2147359572286
 21
-223.4806411333809
 31
0.0
  0
ARC
  5
386
330
17
100
AcDbEntity
  8
POCKET
100
AcDbCircle
 10
394.4839895653772
 20
-222.4387430091308
 30
0.0
 40
1.07612694735063
100
AcDbArc
 50
180.0
 51
255.5102870627192
  0
LINE
  5
387
330
17
100
AcDbEntity
  8
POCKET
100
AcDbLine
 10
397.4803825461336
 20
-225.1596107820037
 30
0.0
 11
396.4202209566015
 21
-224.8856374188122
 31
0.0
  0
ARC
  5
388
330
17
100
AcDbEntity
  8
POCKET
100
AcDbCircle
 10
396.1509673484493
 20
-225.9275355430597
 30
0.0
 40
1.07612694735063
100
AcDbArc
 50
75.5102870625035
 51
134.2806229267506
  0
ARC
  5
389
330
17
100
AcDbEntity
  8
POCKET
100
AcDbCircle
 10
397.3794124430774
 20
-225.5503225785968
 30
0.0
 40
0.4035476052564863
100
AcDbArc
 50
315.8434385646336
 51
75.51028706271921
  0
LINE
  5
38A
330
17
100
AcDbEntity
  8
POCKET
100
AcDbLine
 10
394.3089749653359
 20
-233.0540644650043
 30
0.0
 11
394.7179354890309
 21
-233.2884125505565
 31
0.0
  0
ARC
  5
38B
330
17
100
AcDbEntity
  8
POCKET
100
AcDbCircle
 10
395.2529732363241
 20
-232.3547189092678
 30
0.0
 40
1.07612694735063
100
AcDbArc
 50
240.1858456691889
 51
285.8742168900411
  0
LINE
  5
38C
330
17
100
AcDbEntity
  8
POCKET
100
AcDbLine
 10
395.5473223739486
 20
-233.3898072108114
 30
0.0
 11
397.7196610752713
 21
-232.7373573953924
 31
0.0
  0
LINE
  5
38D
330
17
100
AcDbEntity
  8
POCKET
100
AcDbLine
 10
397.7196610752713
 20
-232.7373573953899
 30
0.0
 11
397.7196610752713
 21
-233.9678585445186
 31
0.0
  0
ARC
  5
38E
330
17
100
AcDbEntity
  8
POCKET
100
AcDbCircle
 10
398.7957880226227
 20
-233.9678585445186
 30
0.0
 40
1.07612694735063
100
AcDbArc
 50
180.0
 51
242.2366792485934
  0
LINE
  5
38F
330
17
100
AcDbEntity
  8
POCKET
100
AcDbLine
 10
398.2945062888889
 20
-234.9201010715245
 30
0.0
 11
399.0926867240219
 21
-235.34028107925
 31
0.0
  0
ARC
  5
390
330
17
100
AcDbEntity
  8
POCKET
100
AcDbCircle
 10
399.5939684577556
 20
-234.3880385522441
 30
0.0
 40
1.07612694735063
100
AcDbArc
 50
242.2366792485934
 51
0.0
  0
LINE
  5
391
330
17
100
AcDbEntity
  8
POCKET
100
AcDbLine
 10
400.670095405107
 20
-234.3880385522441
 30
0.0
 11
400.670095405107
 21
-231.9194478838458
 31
0.0
  0
LINE
  5
392
330
17
100
AcDbEntity
  8
POCKET
100
AcDbLine
 10
400.670095405107
 20
-231.9194478838408
 30
0.0
 11
402.7057439744844
 21
-231.3215535521841
 31
0.0
  0
LINE
  5
393
330
17
100
AcDbEntity
  8
POCKET
100
AcDbLine
 10
402.7057439744844
 20
-231.3215535521866
 30
0.0
 11
402.7057439744844
 21
-236.858859417783
 31
0.0
  0
ARC
  5
394
330
17
100
AcDbEntity
  8
POCKET
100
AcDbCircle
 10
403.7818709218359
 20
-236.858859417783
 30
0.0
 40
1.07612694735063
100
AcDbArc
 50
180.0
 51
241.5522435718176
  0
LINE
  5
395
330
17
100
AcDbEntity
  8
POCKET
100
AcDbLine
 10
403.2692500626057
 20
-237.8050460069375
 30
0.0
 11
403.6864440623926
 21
-238.0310715594964
 31
0.0
  0
ARC
  5
396
330
17
100
AcDbEntity
  8
POCKET
100
AcDbCircle
 10
404.1990649216264
 20
-237.084884970342
 30
0.0
 40
1.07612694735063
100
AcDbArc
 50
241.5522435718176
 51
0.0
  0
LINE
  5
397
330
17
100
AcDbEntity
  8
POCKET
100
AcDbLine
 10
405.2751918689741
 20
-237.084884970342
 30
0.0
 11
405.2751918689741
 21
-229.1770146091792
 31
0.0
  0
ARC
  5
398
330
17
100
AcDbEntity
  8
POCKET
100
AcDbCircle
 10
404.1990649216264
 20
-229.1770146091792
 30
0.0
 40
1.07612694735063
100
AcDbArc
 50
0.0
 51
107.4650064936588
  0
LINE
  5
399
330
17
100
AcDbEntity
  8
POCKET
100
AcDbLine
 10
403.8760941950735
 20
-228.1504966519057
 30
0.0
 11
394.5210419860764
 21
-231.0938528664396
 31
0.0
  0
ARC
  5
39A
330
17
100
AcDbEntity
  8
POCKET
100
AcDbCircle
 10
394.8440127126291
 20
-232.1203708237131
 30
0.0
 40
1.07612694735063
100
AcDbArc
 50
107.4650064936588
 51
240.1858456691889
  0
ARC
  5
39B
330
17
100
AcDbEntity
  8
POCKET
100
AcDbCircle
 10
397.9620062124109
 20
-216.4678658300685
 30
0.0
 40
1.07612694735063
100
AcDbArc
 50
119.9507747631099
 51
195.0826336398907
  0
LINE
  5
39C
330
17
100
AcDbEntity
  8
POCKET
100
AcDbLine
 10
393.4078626180258
 20
-222.4387430091308
 30
0.0
 11
393.4078626180258
 21
-222.2920228981509
 31
0.0
  0
LINE
  5
39D
330
17
100
AcDbEntity
  8
CUT
100
AcDbLine
 10
387.8134271984968
 20
-265.7153031105824
 30
0.0
 11
396.136977189341
 21
-274.0388531014286
 31
0.0
  0
ARC
  5
39E
330
17
100
AcDbEntity
  8
CUT
100
AcDbCircle
 10
396.8440839705277
 20
-273.3317463202422
 30
0.0
 40
1.0
100
AcDbArc
 50
224.9999999999948
 51
0.0
  0
ARC
  5
39F
330
17
100
AcDbEntity
  8
CUT
100
AcDbCircle
 10
396.3440839705277
 20
-262.7420048725411
 30
0.0
 40
1.5
100
AcDbArc
 50
0.0
 51
44.99999999999091
  0
LINE
  5
3A0
330
17
100
AcDbEntity
  8
CUT
100
AcDbLine
 10
387.8804652002095
 20
-263.5309370239168
 30
0.0
 11
392.8600062297305
 21
-259.127843386922
 31
0.0
  0
ARC
  5
3A1
330
17
100
AcDbEntity
  8
CUT
100
AcDbCircle
 10
388.8740873702759
 20
-264.6546429388031
 30
0.0
 40
1.5
100
AcDbArc
 50
131.4842987053405
 51
224.9999999999948
  0
LINE
  5
3A2
330
17
100
AcDbEntity
  8
CUT
100
AcDbLine
 10
394.914288571576
 20
-259.19088913003
 30
0.0
 11
397.4047441423067
 21
-261.6813447007619
 31
0.0
  0
ARC
  5
3A3
330
17
100
AcDbEntity
  8
CUT
100
AcDbCircle
 10
393.8536283997969
 20
-260.2515493018087
 30
0.0
 40
1.5
100
AcDbArc
 50
44.99999999999091
 51
131.4842987053411
  0
LINE
  5
3A4
330
17
100
AcDbEntity
  8
CUT
100
AcDbLine
 10
411.8747407425294
 20
-265.7153031105824
 30
0.0
 11
403.5511907516852
 21
-274.0388531014286
 31
0.0
  0
LINE
  5
3A5
330
17
100
AcDbEntity
  8
CUT
100
AcDbLine
 10
401.8440839704985
 20
-262.7420048725411
 30
0.0
 11
401.8440839704985
 21
-273.3317463202422
 31
0.0
  0
ARC
  5
3A6
330
17
100
AcDbEntity
  8
CUT
100
AcDbCircle
 10
402.8440839704985
 20
-273.3317463202422
 30
0.0
 40
1.0
100
AcDbArc
 50
180.0
 51
314.9999999998986
  0
ARC
  5
3A7
330
17
100
AcDbEntity
  8
CUT
100
AcDbCircle
 10
403.3440839704985
 20
-262.7420048725411
 30
0.0
 40
1.5
100
AcDbArc
 50
134.9999999998986
 51
180.0
  0
LINE
  5
3A8
330
17
100
AcDbEntity
  8
CUT
100
AcDbLine
 10
411.8077027408166
 20
-263.5309370239168
 30
0.0
 11
406.8281617112956
 21
-259.127843386922
 31
0.0
  0
ARC
  5
3A9
330
17
100
AcDbEntity
  8
CUT
100
AcDbCircle
 10
410.8140805707503
 20
-264.6546429388031
 30
0.0
 40
1.5
100
AcDbArc
 50
314.9999999998986
 51
48.51570129476762
  0
LINE
  5
3AA
330
17
100
AcDbEntity
  8
CUT
100
AcDbLine
 10
404.7738793694502
 20
-259.19088913003
 30
0.0
 11
402.2834237987194
 21
-261.6813447007619
 31
0.0
  0
ARC
  5
3AB
330
17
100
AcDbEntity
  8
CUT
100
AcDbCircle
 10
405.8345395412293
 20
-260.2515493018087
 30
0.0
 40
1.5
100
AcDbArc
 50
48.51570129476762
 51
134.9999999998986
  0
LINE
  5
3AC
330
17
100
AcDbEntity
  8
CUT
100
AcDbLine
 10
397.8440839705277
 20
-262.7420048725411
 30
0.0
 11
397.8440839705277
 21
-273.3317463202422
 31
0.0
  0
CIRCLE
  5
3AD
330
17
100
AcDbEntity
  8
CUT
100
AcDbCircle
 10
814.4032768046399
 20
-202.3394897947739
 30
0.0
 40
1.5
  0
CIRCLE
  5
3AE
330
17
100
AcDbEntity
  8
COUNTERSINK
100
AcDbCircle
 10
814.4032768046399
 20
-202.3394897947739
 30
0.0
 40
3.5
  0
LWPOLYLINE
  5
3AF
330
17
100
AcDbEntity
  8
CUT
100
AcDbPolyline
 90
16
 70
0
 10
829.6532768046409
 20
-242.7858755095211
 10
825.1764251787198
 20
-242.785875509521
 42
0.1081513794407491
 10
820.9992604132212
 20
-243.7001012155006
 10
793.224329909879
 20
-256.4695644784232
 42
-0.3492981555884725
 10
784.7597814887885
 20
-254.3876637899724
 10
782.642117913978
 20
-251.6451211226623
 42
-0.3948651666360871
 10
783.5457475389085
 20
-242.1230188691605
 10
802.8190411742326
 20
-225.0808625606768
 42
0.4506319876263047
 10
802.8190411742333
 20
-210.0981170288576
 10
783.5457475389182
 20
-193.0559607203696
 42
-0.3948651666360353
 10
782.6421179139898
 20
-183.5338584668691
 10
784.7597814887887
 20
-180.7913157995749
 42
-0.3492981555884724
 10
793.224329909879
 20
-178.7094151111241
 10
820.9992604132221
 20
-191.4788783740469
 42
0.1081513794407491
 10
825.1764251787189
 20
-192.3931040800261
 10
829.65327680464
 20
-192.3931040800261
  0
LWPOLYLINE
  5
3B0
330
17
100
AcDbEntity
  8
CUT
100
AcDbPolyline
 90
16
 70
0
 10
829.6532768046409
 20
-242.7858755095211
 10
834.1301284305619
 20
-242.785875509521
 42
-0.108151379440749
 10
838.3072931960604
 20
-243.7001012155006
 10
866.0822236994024
 20
-256.4695644784232
 42
0.3492981555884724
 10
874.5467721204931
 20
-254.3876637899724
 10
876.6644356952974
 20
-251.645121122671
 42
0.3948651666360408
 10
875.7608060703677
 20
-242.1230188691705
 10
856.4875124350464
 20
-225.0808625606829
 42
-0.4506319876263106
 10
856.4875124350473
 20
-210.0981170288625
 10
875.7608060703669
 20
-193.0559607203768
 42
0.3948651666360408
 10
876.6644356952957
 20
-183.5338584668761
 10
874.5467721204913
 20
-180.7913157995749
 42
0.3492981555884724
 10
866.0822236994007
 20
-178.7094151111241
 10
838.307293196058
 20
-191.4788783740469
 42
-0.1081513794407491
 10
834.130128430561
 20
-192.3931040800261
 10
829.65327680464
 20
-192.3931040800261
  0
CIRCLE
  5
3B1
330
17
100
AcDbEntity
  8
CUT
100
AcDbCircle
 10
814.4032768046399
 20
-232.8394897947729
 30
0.0
 40
1.5
  0
CIRCLE
  5
3B2
330
17
100
AcDbEntity
  8
COUNTERSINK
100
AcDbCircle
 10
814.4032768046399
 20
-232.8394897947729
 30
0.0
 40
3.5
  0
CIRCLE
  5
3B3
330
17
100
AcDbEntity
  8
CUT
100
AcDbCircle
 10
844.90327680464
 20
-202.3394897947739
 30
0.0
 40
1.5
  0
CIRCLE
  5
3B4
330
17
100
AcDbEntity
  8
COUNTERSINK
100
AcDbCircle
 10
844.90327680464
 20
-202.3394897947739
 30
0.0
 40
3.5
  0
CIRCLE
  5
3B5
330
17
100
AcDbEntity
  8
CUT
100
AcDbCircle
 10
844.90327680464
 20
-232.8394897947729
 30
0.0
 40
1.5
  0
CIRCLE
  5
3B6
330
17
100
AcDbEntity
  8
COUNTERSINK
100
AcDbCircle
 10
844.90327680464
 20
-232.8394897947729
 30
0.0
 40
3.5
  0
CIRCLE
  5
3B7
330
17
100
AcDbEntity
  8
CUT
100
AcDbCircle
 10
819.6532768046399
 20
-207.7289520315417
 30
0.0
 40
1.5
  0
CIRCLE
  5
3B8
330
17
100
AcDbEntity
  8
COUNTERSINK
100
AcDbCircle
 10
819.6532768046399
 20
-207.7289520315417
 30
0.0
 40
3.5
  0
CIRCLE
  5
3B9
330
17
100
AcDbEntity
  8
CUT
100
AcDbCircle
 10
819.6532768046399
 20
-227.7289520315417
 30
0.0
 40
1.5
  0
CIRCLE
  5
3BA
330
17
100
AcDbEntity
  8
COUNTERSINK
100
AcDbCircle
 10
819.6532768046399
 20
-227.7289520315417
 30
0.0
 40
3.5
  0
CIRCLE
  5
3BB
330
17
100
AcDbEntity
  8
CUT
100
AcDbCircle
 10
839.65327680464
 20
-227.7289520315417
 30
0.0
 40
1.5
  0
CIRCLE
  5
3BC
330
17
100
AcDbEntity
  8
COUNTERSINK
100
AcDbCircle
 10
839.65327680464
 20
-227.7289520315417
 30
0.0
 40
3.5
  0
CIRCLE
  5
3BD
330
17
100
AcDbEntity
  8
CUT
100
AcDbCircle
 10
839.65327680464
 20
-207.7289520315417
 30
0.0
 40
1.5
  0
CIRCLE
  5
3BE
330
17
100
AcDbEntity
  8
COUNTERSINK
100
AcDbCircle
 10
839.65327680464
 20
-207.7289520315417
 30
0.0
 40
3.5
  0
CIRCLE
  5
3BF
330
17
100
AcDbEntity
  8
CUT
100
AcDbCircle
 10
788.8964587201726
 20
-186.1189751838512
 30
0.0
 40
1.5
  0
CIRCLE
  5
3C0
330
17
100
AcDbEntity
  8
CUT
100
AcDbCircle
 10
788.8964587201726
 20
-249.0600044056957
 30
0.0
 40
1.5
  0
CIRCLE
  5
3C1
330
17
100
AcDbEntity
  8
CUT
100
AcDbCircle
 10
870.4100948891072
 20
-186.1189751838512
 30
0.0
 40
1.5
  0
CIRCLE
  5
3C2
330
17
100
AcDbEntity
  8
CUT
100
AcDbCircle
 10
870.4100948891072
 20
-249.0600044056957
 30
0.0
 40
1.5
  0
MTEXT
  5
3C3
102
{ACAD_XDICTIONARY
360
3C4
102
}
330
17
100
AcDbEntity
  8
CUT
  6
JIS_09_08
100
AcDbMText
 10
49.40985541327066
 20
398.3504847728296
 30
0.0
 40
30.0
 41
327.756144
 46
0.0
 71
1
 72
5
  1
{\fISOCPEUR|b0|i0|c0|p34;ARM}
1001
ACAD
1000
ACAD_MTEXT_COLUMN_INFO_BEGIN
1070
75
1070
2
1070
79
1070
0
1070
76
1070
1
1070
78
1070
0
1070
48
1040
327.756144
1070
49
1040
12.5
1070
50
1070
1
1040
0.0
1000
ACAD_MTEXT_COLUMN_INFO_END
1000
ACAD_MTEXT_COLUMNS_BEGIN
1070
47
1070
1
1000
ACAD_MTEXT_COLUMNS_END
  0
MTEXT
  5
3C6
102
{ACAD_XDICTIONARY
360
3C7
102
}
330
17
100
AcDbEntity
  8
CUT
  6
JIS_09_08
100
AcDbMText
 10
183.6881966068968
 20
400.2598527837622
 30
0.0
 40
30.0
 41
327.756144
 46
0.0
 71
1
 72
5
  1
{\fISOCPEUR|b0|i0|c0|p34;KEY}
1001
ACAD
1000
ACAD_MTEXT_COLUMN_INFO_BEGIN
1070
75
1070
2
1070
79
1070
0
1070
76
1070
1
1070
78
1070
0
1070
48
1040
327.756144
1070
49
1040
12.5
1070
50
1070
1
1040
0.0
1000
ACAD_MTEXT_COLUMN_INFO_END
1000
ACAD_MTEXT_COLUMNS_BEGIN
1070
47
1070
1
1000
ACAD_MTEXT_COLUMNS_END
  0
MTEXT
  5
3C9
102
{ACAD_XDICTIONARY
360
3CA
102
}
330
17
100
AcDbEntity
  8
CUT
  6
JIS_09_08
100
AcDbMText
 10
321.3649701008017
 20
393.8435143592256
 30
0.0
 40
30.0
 41
327.756144
 46
0.0
 71
1
 72
5
  1
{\fISOCPEUR|b0|i0|c0|p34;BOTTOM}
1001
ACAD
1000
ACAD_MTEXT_COLUMN_INFO_BEGIN
1070
75
1070
2
1070
79
1070
0
1070
76
1070
1
1070
78
1070
0
1070
48
1040
327.756144
1070
49
1040
12.5
1070
50
1070
1
1040
0.0
1000
ACAD_MTEXT_COLUMN_INFO_END
1000
ACAD_MTEXT_COLUMNS_BEGIN
1070
47
1070
1
1000
ACAD_MTEXT_COLUMNS_END
  0
MTEXT
  5
3CC
102
{ACAD_XDICTIONARY
360
3CD
102
}
330
17
100
AcDbEntity
  8
CUT
  6
JIS_09_08
100
AcDbMText
 10
587.526393227572
 20
397.3161651287551
 30
0.0
 40
30.0
 41
327.756144
 46
0.0
 71
1
 72
5
  1
{\fISOCPEUR|b0|i0|c0|p34;TOP}
1001
ACAD
1000
ACAD_MTEXT_COLUMN_INFO_BEGIN
1070
75
1070
2
1070
79
1070
0
1070
76
1070
1
1070
78
1070
0
1070
48
1040
327.756144
1070
49
1040
12.5
1070
50
1070
1
1040
0.0
1000
ACAD_MTEXT_COLUMN_INFO_END
1000
ACAD_MTEXT_COLUMNS_BEGIN
1070
47
1070
1
1000
ACAD_MTEXT_COLUMNS_END
  0
MTEXT
  5
3CF
102
{ACAD_XDICTIONARY
360
3D0
102
}
330
17
100
AcDbEntity
  8
CUT
  6
JIS_09_08
100
AcDbMText
 10
784.8130944002696
 20
393.9655439525873
 30
0.0
 40
30.0
 41
327.756144
 46
0.0
 71
1
 72
5
  1
{\fISOCPEUR|b0|i0|c0|p34;MID}
1001
ACAD
1000
ACAD_MTEXT_COLUMN_INFO_BEGIN
1070
75
1070
2
1070
79
1070
0
1070
76
1070
1
1070
78
1070
0
1070
48
1040
327.756144
1070
49
1040
12.5
1070
50
1070
1
1040
0.0
1000
ACAD_MTEXT_COLUMN_INFO_END
1000
ACAD_MTEXT_COLUMNS_BEGIN
1070
47
1070
1
1000
ACAD_MTEXT_COLUMNS_END
  0
MTEXT
  5
3D2
102
{ACAD_XDICTIONARY
360
3D3
102
}
330
17
100
AcDbEntity
  8
CUT
  6
JIS_09_08
100
AcDbMText
 10
1245.828551261448
 20
395.3673897333797
 30
0.0
 40
30.0
 41
327.756144
 46
0.0
 71
1
 72
5
  1
{\fISOCPEUR|b0|i0|c0|p34;CAM PLATES}
1001
ACAD
1000
ACAD_MTEXT_COLUMN_INFO_BEGIN
1070
75
1070
2
1070
79
1070
0
1070
76
1070
1
1070
78
1070
0
1070
48
1040
327.756144
1070
49
1040
12.5
1070
50
1070
1
1040
0.0
1000
ACAD_MTEXT_COLUMN_INFO_END
1000
ACAD_MTEXT_COLUMNS_BEGIN
1070
47
1070
1
1000
ACAD_MTEXT_COLUMNS_END
  0
MTEXT
  5
3D5
102
{ACAD_XDICTIONARY
360
3D6
102
}
330
17
100
AcDbEntity
  8
CUT
  6
JIS_09_08
100
AcDbMText
 10
-73.54422934047437
 20
60.89956203291468
 30
0.0
 40
30.0
 41
327.756144
 46
0.0
 71
1
 72
5
  1
{\fISOCPEUR|b0|i0|c0|p34;ARM 8mm}
 11
1e-16
 21
1.0
 31
0.0
1001
ACAD
1000
ACAD_MTEXT_COLUMN_INFO_BEGIN
1070
75
1070
2
1070
79
1070
0
1070
76
1070
1
1070
78
1070
0
1070
48
1040
327.756144
1070
49
1040
12.5
1070
50
1070
1
1040
0.0
1000
ACAD_MTEXT_COLUMN_INFO_END
1000
ACAD_MTEXT_COLUMNS_BEGIN
1070
47
1070
1
1000
ACAD_MTEXT_COLUMNS_END
  0
LINE
  5
3D7
330
17
100
AcDbEntity
  8
ANNOTATION
100
AcDbLine
 10
0.0
 20
344.9014306541935
 30
0.0
 11
1090.000971295535
 21
344.9014306541938
 31
0.0
  0
MTEXT
  5
3D8
102
{ACAD_XDICTIONARY
360
3D9
102
}
330
17
100
AcDbEntity
  8
CUT
  6
JIS_09_08
100
AcDbMText
 10
983.1169496721305
 20
393.9655439525873
 30
0.0
 40
30.0
 41
327.756144
 46
0.0
 71
1
 72
5
  1
{\fISOCPEUR|b0|i0|c0|p34;ROD}
1001
ACAD
1000
ACAD_MTEXT_COLUMN_INFO_BEGIN
1070
75
1070
2
1070
79
1070
0
1070
76
1070
1
1070
78
1070
0
1070
48
1040
327.756144
1070
49
1040
12.5
1070
50
1070
1
1040
0.0
1000
ACAD_MTEXT_COLUMN_INFO_END
1000
ACAD_MTEXT_COLUMNS_BEGIN
1070
47
1070
1
1000
ACAD_MTEXT_COLUMNS_END
  0
LINE
  5
3DB
330
17
100
AcDbEntity
  8
ANNOTATION
100
AcDbLine
 10
920.2324908165783
 20
409.7088064320253
 30
0.0
 11
920.2324908165781
 21
-458.355885273567
 31
0.0
  0
LINE
  5
3DC
330
17
100
AcDbEntity
  8
ANNOTATION
100
AcDbLine
 10
718.1620257084687
 20
409.7088064320253
 30
0.0
 11
718.1620257084687
 21
-458.355885273567
 31
0.0
  0
LINE
  5
3DD
330
17
100
AcDbEntity
  8
ANNOTATION
100
AcDbLine
 10
512.6520627093523
 20
409.7088064320253
 30
0.0
 11
512.6520627093523
 21
-458.355885273567
 31
0.0
  0
LINE
  5
3DE
330
17
100
AcDbEntity
  8
ANNOTATION
100
AcDbLine
 10
286.373106355486
 20
409.7088064320253
 30
0.0
 11
286.373106355486
 21
-458.355885273567
 31
0.0
  0
LINE
  5
3DF
330
17
100
AcDbEntity
  8
ANNOTATION
100
AcDbLine
 10
148.5608486235433
 20
409.7088064320253
 30
0.0
 11
148.5608486235433
 21
-458.355885273567
 31
0.0
  0
LINE
  5
3E0
330
17
100
AcDbEntity
  8
ANNOTATION
100
AcDbLine
 10
0.0
 20
409.708806432025
 30
0.0
 11
0.0
 21
-458.355885273567
 31
0.0
  0
LINE
  5
3E1
330
17
100
AcDbEntity
  8
ANNOTATION
100
AcDbLine
 10
0.0
 20
-458.355885273567
 30
0.0
 11
1090.000971295535
 21
-458.355885273567
 31
0.0
  0
LINE
  5
3E2
330
17
100
AcDbEntity
  8
ANNOTATION
100
AcDbLine
 10
0.0
 20
-628.7450270280717
 30
0.0
 11
1090.000971295535
 21
-628.7450270280715
 31
0.0
  0
MTEXT
  5
3E3
102
{ACAD_XDICTIONARY
360
3E4
102
}
330
17
100
AcDbEntity
  8
CUT
  6
JIS_09_08
100
AcDbMText
 10
-73.54422934047437
 20
-289.6551476423369
 30
0.0
 40
30.0
 41
327.756144
 46
0.0
 71
1
 72
5
  1
{\fISOCPEUR|b0|i0|c0|p34;ARM 6mm}
 11
1e-16
 21
1.0
 31
0.0
1001
ACAD
1000
ACAD_MTEXT_COLUMN_INFO_BEGIN
1070
75
1070
2
1070
79
1070
0
1070
76
1070
1
1070
78
1070
0
1070
48
1040
327.756144
1070
49
1040
12.5
1070
50
1070
1
1040
0.0
1000
ACAD_MTEXT_COLUMN_INFO_END
1000
ACAD_MTEXT_COLUMNS_BEGIN
1070
47
1070
1
1000
ACAD_MTEXT_COLUMNS_END
  0
MTEXT
  5
3E5
102
{ACAD_XDICTIONARY
360
3E6
102
}
330
17
100
AcDbEntity
  8
CUT
  6
JIS_09_08
100
AcDbMText
 10
-73.54422934047437
 20
-950.7373336242306
 30
0.0
 40
30.0
 41
327.756144
 46
0.0
 71
1
 72
5
  1
{\fISOCPEUR|b0|i0|c0|p34;ARM 8" 8mm}
 11
1e-16
 21
1.0
 31
0.0
1001
ACAD
1000
ACAD_MTEXT_COLUMN_INFO_BEGIN
1070
75
1070
2
1070
79
1070
0
1070
76
1070
1
1070
78
1070
0
1070
48
1040
327.756144
1070
49
1040
12.5
1070
50
1070
1
1040
0.0
1000
ACAD_MTEXT_COLUMN_INFO_END
1000
ACAD_MTEXT_COLUMNS_BEGIN
1070
47
1070
1
1000
ACAD_MTEXT_COLUMNS_END
  0
MTEXT
  5
3E7
102
{ACAD_XDICTIONARY
360
3E8
102
}
330
17
100
AcDbEntity
  8
CUT
  6
JIS_09_08
100
AcDbMText
 10
-73.54422934047437
 20
-1352.068190012664
 30
0.0
 40
30.0
 41
327.756144
 46
0.0
 71
1
 72
5
  1
{\fISOCPEUR|b0|i0|c0|p34;TOP XT60}
 11
1e-16
 21
1.0
 31
0.0
1001
ACAD
1000
ACAD_MTEXT_COLUMN_INFO_BEGIN
1070
75
1070
2
1070
79
1070
0
1070
76
1070
1
1070
78
1070
0
1070
48
1040
327.756144
1070
49
1040
12.5
1070
50
1070
1
1040
0.0
1000
ACAD_MTEXT_COLUMN_INFO_END
1000
ACAD_MTEXT_COLUMNS_BEGIN
1070
47
1070
1
1000
ACAD_MTEXT_COLUMNS_END
  0
LINE
  5
3E9
330
17
100
AcDbEntity
  8
ANNOTATION
100
AcDbLine
 10
0.0
 20
-695.7609787117287
 30
0.0
 11
1090.000971295535
 21
-695.7609787117287
 31
0.0
  0
MTEXT
  5
3EA
102
{ACAD_XDICTIONARY
360
3EB
102
}
330
17
100
AcDbEntity
  8
CUT
  6
JIS_09_08
100
AcDbMText
 10
49.4098554132706
 20
-638.036533720028
 30
0.0
 40
30.0
 41
327.756144
 46
0.0
 71
1
 72
5
  1
{\fISOCPEUR|b0|i0|c0|p34;EXTRAS}
1001
ACAD
1000
ACAD_MTEXT_COLUMN_INFO_BEGIN
1070
75
1070
2
1070
79
1070
0
1070
76
1070
1
1070
78
1070
0
1070
48
1040
327.756144
1070
49
1040
12.5
1070
50
1070
1
1040
0.0
1000
ACAD_MTEXT_COLUMN_INFO_END
1000
ACAD_MTEXT_COLUMNS_BEGIN
1070
47
1070
1
1000
ACAD_MTEXT_COLUMNS_END
  0
LINE
  5
3ED
330
17
100
AcDbEntity
  8
ANNOTATION
100
AcDbLine
 10
1090.000971295535
 20
409.7088064320253
 30
0.0
 11
1090.000971295535
 21
-458.3558852735669
 31
0.0
  0
MTEXT
  5
3EE
102
{ACAD_XDICTIONARY
360
3EF
102
}
330
17
100
AcDbEntity
  8
CUT
  6
JIS_09_08
100
AcDbMText
 10
53.24450508651352
 20
-721.9223520488652
 30
0.0
 40
10.0
 41
327.756144
 46
0.0
 71
1
 72
5
  1
{\fISOCPEUR|b0|i0|c0|p34;8mm (x4)}
1001
ACAD
1000
ACAD_MTEXT_COLUMN_INFO_BEGIN
1070
75
1070
2
1070
79
1070
0
1070
76
1070
1
1070
78
1070
0
1070
48
1040
327.756144
1070
49
1040
12.5
1070
50
1070
1
1040
0.0
1000
ACAD_MTEXT_COLUMN_INFO_END
1000
ACAD_MTEXT_COLUMNS_BEGIN
1070
47
1070
1
1000
ACAD_MTEXT_COLUMNS_END
  0
MTEXT
  5
3F1
102
{ACAD_XDICTIONARY
360
3F2
102
}
330
17
100
AcDbEntity
  8
CUT
  6
JIS_09_08
100
AcDbMText
 10
57.94496808651354
 20
-704.3101857117286
 30
0.0
 40
10.0
 41
327.756144
 46
0.0
 71
1
 72
5
  1
{\fISOCPEUR|b0|i0|c0|p34;Arm 8"}
1001
ACAD
1000
ACAD_MTEXT_COLUMN_INFO_BEGIN
1070
75
1070
2
1070
79
1070
0
1070
76
1070
1
1070
78
1070
0
1070
48
1040
327.756144
1070
49
1040
12.5
1070
50
1070
1
1040
0.0
1000
ACAD_MTEXT_COLUMN_INFO_END
1000
ACAD_MTEXT_COLUMNS_BEGIN
1070
47
1070
1
1000
ACAD_MTEXT_COLUMNS_END
  0
CIRCLE
  5
3F4
330
17
100
AcDbEntity
  8
CUT
100
AcDbCircle
 10
77.9122109386293
 20
-940.7123435341553
 30
0.0
 40
1.5
  0
CIRCLE
  5
3F5
330
17
100
AcDbEntity
  8
CUT
100
AcDbCircle
 10
77.91221093862907
 20
-921.8957082751117
 30
0.0
 40
1.5
  0
CIRCLE
  5
3F6
330
17
100
AcDbEntity
  8
POCKET
100
AcDbCircle
 10
77.91221093862985
 20
-940.7123435341548
 30
0.0
 40
2.149999999999999
  0
CIRCLE
  5
3F7
330
17
100
AcDbEntity
  8
POCKET
100
AcDbCircle
 10
77.91221093862985
 20
-940.7123435341548
 30
0.0
 40
3.2
  0
ARC
  5
3F8
330
17
100
AcDbEntity
  8
CUT
100
AcDbCircle
 10
72.2553566891346
 20
-775.3080796555947
 30
0.0
 40
1.500000000000322
100
AcDbArc
 50
225.000000000067
 51
45.00000000006701
  0
ARC
  5
3F9
330
17
100
AcDbEntity
  8
CUT
100
AcDbCircle
 10
71.1946965173538
 20
-774.2474194838153
 30
0.0
 40
1.500000000000322
100
AcDbArc
 50
45.00000000006701
 51
225.000000000067
  0
LINE
  5
3FA
330
17
100
AcDbEntity
  8
CUT
100
AcDbLine
 10
71.19469651735481
 20
-776.3687398273743
 30
0.0
 11
70.13403634557505
 21
-775.3080796555964
 31
0.0
  0
LINE
  5
3FB
330
17
100
AcDbEntity
  8
CUT
100
AcDbLine
 10
73.31601686091244
 20
-774.2474194838118
 30
0.0
 11
72.25535668913209
 21
-773.1867593120344
 31
0.0
  0
ARC
  5
3FC
330
17
100
AcDbEntity
  8
CUT
100
AcDbCircle
 10
83.56906518812514
 20
-775.3080796555928
 30
0.0
 40
1.500000000000322
100
AcDbArc
 50
134.9999999999532
 51
314.9999999999532
  0
ARC
  5
3FD
330
17
100
AcDbEntity
  8
CUT
100
AcDbCircle
 10
84.62972535990605
 20
-774.2474194838145
 30
0.0
 40
1.500000000000322
100
AcDbArc
 50
314.9999999999532
 51
134.9999999999532
  0
LINE
  5
3FE
330
17
100
AcDbEntity
  8
CUT
100
AcDbLine
 10
84.62972535990491
 20
-776.3687398273731
 30
0.0
 11
85.69038553168446
 21
-775.3080796555957
 31
0.0
  0
LINE
  5
3FF
330
17
100
AcDbEntity
  8
CUT
100
AcDbLine
 10
82.50840501634639
 20
-774.2474194838117
 30
0.0
 11
83.56906518812747
 21
-773.1867593120332
 31
0.0
  0
ARC
  5
400
330
17
100
AcDbEntity
  8
CUT
100
AcDbCircle
 10
72.2553566891417
 20
-786.6217881545772
 30
0.0
 40
1.500000000000322
100
AcDbArc
 50
315.0000000000549
 51
135.0000000000549
  0
ARC
  5
401
330
17
100
AcDbEntity
  8
CUT
100
AcDbCircle
 10
71.19469651736131
 20
-787.6824483263597
 30
0.0
 40
1.500000000000322
100
AcDbArc
 50
135.0000000000549
 51
315.0000000000549
  0
LINE
  5
402
330
17
100
AcDbEntity
  8
CUT
100
AcDbLine
 10
71.1946965173587
 20
-785.5611279827995
 30
0.0
 11
70.13403634558153
 21
-786.6217881545793
 31
0.0
  0
LINE
  5
403
330
17
100
AcDbEntity
  8
CUT
100
AcDbLine
 10
73.31601686092012
 20
-787.6824483263586
 30
0.0
 11
72.25535668914154
 21
-788.7431084981373
 31
0.0
  0
ARC
  5
404
330
17
100
AcDbEntity
  8
CUT
100
AcDbCircle
 10
83.56906518813292
 20
-786.6217881545655
 30
0.0
 40
1.500000000000322
100
AcDbArc
 50
45.00000000017352
 51
225.0000000001735
  0
ARC
  5
405
330
17
100
AcDbEntity
  8
CUT
100
AcDbCircle
 10
84.6297253599134
 20
-787.6824483263407
 30
0.0
 40
1.500000000000322
100
AcDbArc
 50
225.0000000001735
 51
45.00000000017352
  0
LINE
  5
406
330
17
100
AcDbEntity
  8
CUT
100
AcDbLine
 10
84.62972535991156
 20
-785.5611279827821
 30
0.0
 11
85.6903855316915
 21
-786.62178815456
 31
0.0
  0
LINE
  5
407
330
17
100
AcDbEntity
  8
CUT
100
AcDbLine
 10
82.50840501635469
 20
-787.6824483263487
 30
0.0
 11
83.5690651881373
 21
-788.7431084981268
 31
0.0
  0
CIRCLE
  5
408
330
17
100
AcDbEntity
  8
CUT
100
AcDbCircle
 10
77.91221093863317
 20
-780.9649339050807
 30
0.0
 40
3.5
  0
LINE
  5
409
330
17
100
AcDbEntity
  8
CUT
100
AcDbLine
 10
77.18504181648655
 20
-760.0222642758783
 30
0.0
 11
70.5072700333991
 21
-767.0960648022091
 31
0.0
  0
LINE
  5
40A
330
17
100
AcDbEntity
  8
CUT
100
AcDbLine
 10
70.78456997180263
 20
-769.2210805069939
 30
0.0
 11
77.46234175489326
 21
-772.5848050289351
 31
0.0
  0
ARC
  5
40B
330
17
100
AcDbEntity
  8
CUT
100
AcDbCircle
 10
71.23443915553867
 20
-768.3279860452902
 30
0.0
 40
1.0
100
AcDbArc
 50
179.9999999999739
 51
243.264708774705
  0
LINE
  5
40C
330
17
100
AcDbEntity
  8
CUT
100
AcDbLine
 10
78.6393800607708
 20
-760.0222642758804
 30
0.0
 11
85.31715184386269
 21
-767.096064802206
 31
0.0
  0
ARC
  5
40D
330
17
100
AcDbEntity
  8
CUT
100
AcDbCircle
 10
77.91221093862657
 20
-760.708722626986
 30
0.0
 40
1.0
100
AcDbArc
 50
43.3504064014572
 51
136.649593598509
  0
LINE
  5
40E
330
17
100
AcDbEntity
  8
CUT
100
AcDbLine
 10
70.23443915553963
 20
-767.782523153316
 30
0.0
 11
70.23443915553918
 21
-768.3279860452894
 31
0.0
  0
ARC
  5
40F
330
17
100
AcDbEntity
  8
CUT
100
AcDbCircle
 10
71.23443915553958
 20
-767.7825231533164
 30
0.0
 40
1.0
100
AcDbArc
 50
136.64959359855
 51
179.9999999999739
  0
LINE
  5
410
330
17
100
AcDbEntity
  8
CUT
100
AcDbLine
 10
85.03985190546018
 20
-769.2210805069942
 30
0.0
 11
78.36208012236699
 21
-772.5848050289347
 31
0.0
  0
ARC
  5
411
330
17
100
AcDbEntity
  8
CUT
100
AcDbCircle
 10
84.58998272172244
 20
-768.3279860452906
 30
0.0
 40
1.0
100
AcDbArc
 50
296.7352912252402
 51
359.9999999999935
  0
ARC
  5
412
330
17
100
AcDbEntity
  8
CUT
100
AcDbCircle
 10
77.91221093862907
 20
-771.6917105672313
 30
0.0
 40
1.0
100
AcDbArc
 50
243.2647087746905
 51
296.7352912253153
  0
LINE
  5
413
330
17
100
AcDbEntity
  8
CUT
100
AcDbLine
 10
85.58998272172278
 20
-767.7825231533132
 30
0.0
 11
85.58998272172317
 21
-768.3279860452905
 31
0.0
  0
ARC
  5
414
330
17
100
AcDbEntity
  8
CUT
100
AcDbCircle
 10
84.58998272172198
 20
-767.7825231533134
 30
0.0
 40
1.0
100
AcDbArc
 50
359.9999999999935
 51
43.3504064014572
  0
LWPOLYLINE
  5
415
330
17
100
AcDbEntity
  8
CUT
100
AcDbPolyline
 90
28
 70
1
 10
80.09371830505006
 20
-757.1925949558441
 10
88.29874948801898
 20
-765.8842297984066
 42
-0.1914404405763514
 10
89.66290387731641
 20
-769.3165215539443
 10
89.6629038773184
 20
-787.319999307436
 42
-0.1095940617168086
 10
89.38144500534268
 20
-788.5886734717678
 10
86.28860341845507
 20
-795.2160781220957
 42
0.109594061716849
 10
84.4122109386218
 20
-803.6739058842803
 10
84.41221093861623
 20
-846.9066223847873
 42
0.0120837431955328
 10
84.41804990730009
 20
-847.1481914086501
 10
87.10538158569233
 20
-902.7056752777141
 42
-0.0373313313658185
 10
87.08577833145017
 20
-903.4510050806758
 10
83.1849727361523
 20
-941.9708415108587
 42
-0.1170343454676061
 10
82.42815431730997
 20
-944.1523506820654
 10
79.1775327460976
 20
-949.2580848515549
 42
-0.5488082247599645
 10
76.64688913115998
 20
-949.2580848515556
 10
73.39626755995016
 20
-944.1523506820644
 42
-0.1170343454677889
 10
72.6394491411072
 20
-941.9708415108566
 10
68.7386435458119
 20
-903.4510050806746
 42
-0.0373313313657221
 10
68.71904029157025
 20
-902.7056752777124
 10
71.40637196996113
 20
-847.1481914086494
 42
0.0120837431955208
 10
71.41221093864613
 20
-846.9066223847876
 10
71.4122109386401
 20
-803.6739058842803
 42
0.1095940617168231
 10
69.5358184588107
 20
-795.2160781220972
 10
66.44297687192466
 20
-788.5886734717685
 42
-0.109594061716643
 10
66.1615179999485
 20
-787.319999307439
 10
66.16151799994634
 20
-769.316521553952
 42
-0.1914404405764511
 10
67.52567238924155
 20
-765.8842297984166
 10
75.73070357220467
 20
-757.1925949558433
 42
-0.4311811920307055
  0
CIRCLE
  5
416
330
17
100
AcDbEntity
  8
POCKET
100
AcDbCircle
 10
77.91221093862958
 20
-921.8957082751112
 30
0.0
 40
2.149999999999999
  0
CIRCLE
  5
417
330
17
100
AcDbEntity
  8
POCKET
100
AcDbCircle
 10
77.91221093862958
 20
-921.8957082751112
 30
0.0
 40
3.2
  0
CIRCLE
  5
418
330
17
100
AcDbEntity
  8
CUT
100
AcDbCircle
 10
77.91221093862936
 20
-903.0790730160676
 30
0.0
 40
1.5
  0
LINE
  5
419
330
17
100
AcDbEntity
  8
ANNOTATION
100
AcDbLine
 10
0.0
 20
-1090.570809963943
 30
0.0
 11
1090.000971295535
 21
-1090.570809963943
 31
0.0
  0
MTEXT
  5
41A
102
{ACAD_XDICTIONARY
360
41B
102
}
330
17
100
AcDbEntity
  8
CUT
  6
JIS_09_08
100
AcDbMText
 10
604.8527508229934
 20
-1116.732183301079
 30
0.0
 40
10.0
 41
327.756144
 46
0.0
 71
1
 72
5
  1
{\fISOCPEUR|b0|i0|c0|p34;2.5mm (x1)}
1001
ACAD
1000
ACAD_MTEXT_COLUMN_INFO_BEGIN
1070
75
1070
2
1070
79
1070
0
1070
76
1070
1
1070
78
1070
0
1070
48
1040
327.756144
1070
49
1040
12.5
1070
50
1070
1
1040
0.0
1000
ACAD_MTEXT_COLUMN_INFO_END
1000
ACAD_MTEXT_COLUMNS_BEGIN
1070
47
1070
1
1000
ACAD_MTEXT_COLUMNS_END
  0
MTEXT
  5
41D
102
{ACAD_XDICTIONARY
360
41E
102
}
330
17
100
AcDbEntity
  8
CUT
  6
JIS_09_08
100
AcDbMText
 10
606.2077038229935
 20
-1099.120016963943
 30
0.0
 40
10.0
 41
327.756144
 46
0.0
 71
1
 72
5
  1
{\fISOCPEUR|b0|i0|c0|p34;Top 01}
1001
ACAD
1000
ACAD_MTEXT_COLUMN_INFO_BEGIN
1070
75
1070
2
1070
79
1070
0
1070
76
1070
1
1070
78
1070
0
1070
48
1040
327.756144
1070
49
1040
12.5
1070
50
1070
1
1040
0.0
1000
ACAD_MTEXT_COLUMN_INFO_END
1000
ACAD_MTEXT_COLUMNS_BEGIN
1070
47
1070
1
1000
ACAD_MTEXT_COLUMNS_END
  0
LINE
  5
420
330
17
100
AcDbEntity
  8
CUT
100
AcDbLine
 10
625.3987625863983
 20
-1243.306914038869
 30
0.0
 11
578.8879917148992
 21
-1242.201399235833
 31
0.0
  0
MTEXT
  5
421
102
{ACAD_XDICTIONARY
360
422
102
}
330
17
100
AcDbEntity
  8
CUT
  6
JIS_09_08
100
AcDbMText
 10
729.7936276809068
 20
-1238.717693364289
 30
0.0
 40
5.0
 41
327.756144
 46
0.0
 71
3
 72
5
  1
{\fISOCPEUR|b0|i0|c0|p34;pockets \Pdepth 0.5mm\P(red lines) }
1001
ACAD
1000
ACAD_MTEXT_COLUMN_INFO_BEGIN
1070
75
1070
2
1070
79
1070
0
1070
76
1070
1
1070
78
1070
0
1070
48
1040
327.756144
1070
49
1040
12.5
1070
50
1070
1
1040
0.0
1000
ACAD_MTEXT_COLUMN_INFO_END
1000
ACAD_MTEXT_COLUMNS_BEGIN
1070
47
1070
1
1000
ACAD_MTEXT_COLUMNS_END
  0
CIRCLE
  5
424
330
17
100
AcDbEntity
  8
CUT
100
AcDbCircle
 10
600.2957346961989
 20
-1295.940299077938
 30
0.0
 40
1.5
  0
CIRCLE
  5
425
330
17
100
AcDbEntity
  8
COUNTERSINK
100
AcDbCircle
 10
600.2957346961989
 20
-1295.940299077938
 30
0.0
 40
3.0
  0
CIRCLE
  5
426
330
17
100
AcDbEntity
  8
CUT
100
AcDbCircle
 10
603.9418274718914
 20
-1181.183379294985
 30
0.0
 40
1.5
  0
CIRCLE
  5
427
330
17
100
AcDbEntity
  8
CUT
100
AcDbCircle
 10
600.2957346961989
 20
-1213.587695654062
 30
0.0
 40
1.5
  0
CIRCLE
  5
428
330
17
100
AcDbEntity
  8
CUT
100
AcDbCircle
 10
609.6114845774495
 20
-1358.756397632742
 30
0.0
 40
1.5
  0
CIRCLE
  5
429
330
17
100
AcDbEntity
  8
COUNTERSINK
100
AcDbCircle
 10
609.6114845774495
 20
-1358.756397632742
 30
0.0
 40
3.0
  0
CIRCLE
  5
42A
330
17
100
AcDbEntity
  8
CUT
100
AcDbCircle
 10
647.7486677054471
 20
-1295.940299077938
 30
0.0
 40
1.5
  0
CIRCLE
  5
42B
330
17
100
AcDbEntity
  8
COUNTERSINK
100
AcDbCircle
 10
647.7486677054471
 20
-1295.940299077938
 30
0.0
 40
3.0
  0
CIRCLE
  5
42C
330
17
100
AcDbEntity
  8
CUT
100
AcDbCircle
 10
644.1025749297546
 20
-1181.183379294985
 30
0.0
 40
1.5
  0
CIRCLE
  5
42D
330
17
100
AcDbEntity
  8
CUT
100
AcDbCircle
 10
647.7486677054471
 20
-1213.587695654062
 30
0.0
 40
1.5
  0
CIRCLE
  5
42E
330
17
100
AcDbEntity
  8
CUT
100
AcDbCircle
 10
638.4329178241964
 20
-1358.756397632742
 30
0.0
 40
1.5
  0
CIRCLE
  5
42F
330
17
100
AcDbEntity
  8
COUNTERSINK
100
AcDbCircle
 10
638.4329178241964
 20
-1358.756397632742
 30
0.0
 40
3.0
  0
CIRCLE
  5
430
330
17
100
AcDbEntity
  8
CUT
100
AcDbCircle
 10
624.022201200823
 20
-1285.833555216564
 30
0.0
 40
1.5
  0
CIRCLE
  5
431
330
17
100
AcDbEntity
  8
COUNTERSINK
100
AcDbCircle
 10
624.022201200823
 20
-1285.833555216564
 30
0.0
 40
3.0
  0
LWPOLYLINE
  5
432
330
17
100
AcDbEntity
  8
CUT
100
AcDbPolyline
 90
8
 70
1
 10
638.5016621075479
 20
-1242.263997366001
 10
637.0016621075478
 20
-1242.263997366001
 42
0.4142135623730951
 10
636.0016621075478
 20
-1243.263997366001
 10
636.0016621075478
 20
-1266.263997366001
 42
0.4142135623730951
 10
637.0016621075478
 20
-1267.263997366001
 10
638.5016621075479
 20
-1267.263997366001
 42
0.4142135623730951
 10
639.5016621075479
 20
-1266.263997366001
 10
639.5016621075479
 20
-1243.263997366001
 42
0.4142135623730951
  0
LWPOLYLINE
  5
433
330
17
100
AcDbEntity
  8
CUT
100
AcDbPolyline
 90
8
 70
1
 10
635.1459043033022
 20
-1305.437111084657
 10
633.6459043033022
 20
-1305.437111084657
 42
0.4142135623730951
 10
632.6459043033024
 20
-1306.437111084657
 10
632.6459043033024
 20
-1329.437111084657
 42
0.4142135623730951
 10
633.6459043033022
 20
-1330.437111084657
 10
635.1459043033022
 20
-1330.437111084657
 42
0.4142135623730951
 10
636.1459043033022
 20
-1329.437111084657
 10
636.1459043033022
 20
-1306.437111084657
 42
0.4142135623730951
  0
LWPOLYLINE
  5
434
330
17
100
AcDbEntity
  8
CUT
100
AcDbPolyline
 90
8
 70
1
 10
612.8984980983436
 20
-1305.437111084657
 10
614.3984980983437
 20
-1305.437111084657
 42
-0.4142135623730951
 10
615.3984980983437
 20
-1306.437111084657
 10
615.3984980983437
 20
-1329.437111084657
 42
-0.4142135623730951
 10
614.3984980983437
 20
-1330.437111084657
 10
612.8984980983436
 20
-1330.437111084657
 42
-0.4142135623730951
 10
611.8984980983436
 20
-1329.437111084657
 10
611.8984980983436
 20
-1306.437111084657
 42
-0.4142135623730951
  0
CIRCLE
  5
435
330
17
100
AcDbEntity
  8
CUT
100
AcDbCircle
 10
624.022201200823
 20
-1195.759873183362
 30
0.0
 40
1.5
  0
CIRCLE
  5
436
330
17
100
AcDbEntity
  8
COUNTERSINK
100
AcDbCircle
 10
624.022201200823
 20
-1195.759873183362
 30
0.0
 40
3.0
  0
LWPOLYLINE
  5
437
330
17
100
AcDbEntity
  8
CUT
100
AcDbPolyline
 90
39
 70
0
 10
624.022201200823
 20
-1352.06804935366
 42
-0.2196847197508813
 10
625.5443894445392
 20
-1352.770766442846
 10
634.6831532825049
 20
-1363.493885324842
 42
0.2196847197508729
 10
636.9664356480783
 20
-1364.547960958619
 10
640.441262115069
 20
-1364.547960958619
 42
0.4142135623730951
 10
643.441262115069
 20
-1361.547960958619
 10
643.441262115069
 20
-1310.467213475617
 42
-0.1989123673796368
 10
644.319941771509
 20
-1308.345893132057
 10
652.0313531953338
 20
-1300.634481708232
 42
0.1989123673796368
 10
652.9100328517738
 20
-1298.513161364673
 10
652.9100328517738
 20
-1293.429845812205
 42
0.2144574455153521
 10
651.9011592081146
 20
-1291.185872587523
 10
647.0994059929612
 20
-1286.925172291215
 42
-0.2144574455155652
 10
646.0905323492984
 20
-1284.681199066532
 10
646.0905323492984
 20
-1224.846795665472
 42
-0.2144574455155453
 10
647.0994059929612
 20
-1222.602822440788
 10
651.9011592081146
 20
-1218.342122144478
 42
0.2144574455153474
 10
652.9100328517738
 20
-1216.098148919795
 10
652.9100328517738
 20
-1211.014833367328
 42
0.1989123673796242
 10
652.0313531953338
 20
-1208.893513023769
 10
645.319941771509
 20
-1202.182101599944
 42
-0.1989123673796171
 10
644.441262115069
 20
-1200.060781256384
 10
644.441262115069
 20
-1190.667835710444
 42
-0.2144574455153393
 10
645.4501357587282
 20
-1188.423862485762
 10
648.2518889738853
 20
-1185.937805785401
 42
0.2144574455153475
 10
649.2607626175445
 20
-1183.693832560719
 10
649.2607626175445
 20
-1178.563930147378
 42
0.2400149751937002
 10
648.0247038127104
 20
-1176.137304617965
 10
638.6101816171135
 20
-1169.293783303146
 42
0.6128837473819786
 10
637.0222012187255
 20
-1170.102658479616
 10
637.0222012187255
 20
-1173.31514269328
 42
-0.9999999999999998
 10
637.0222012187255
 20
-1174.915142693279
 10
633.9022011819756
 20
-1174.915142693279
 42
-0.9999999999999998
 10
633.9022011997071
 20
-1173.315142693279
 10
633.9022012007076
 20
-1172.247429075523
 42
0.5814902120399227
 10
633.1468522476093
 20
-1171.817548961844
 10
628.2212029864636
 20
-1174.743386520049
 42
-0.134806905723887
 10
625.6677134554589
 20
-1175.444585383098
 10
624.0022012007353
 20
-1175.4445853831
  0
LWPOLYLINE
  5
438
330
17
100
AcDbEntity
  8
CUT
100
AcDbPolyline
 90
8
 70
1
 10
614.1422011830377
 20
-1181.835508926126
 42
1.000000022967015
 10
614.142201219785
 20
-1180.235508926127
 10
611.0222011830351
 20
-1180.235508926127
 42
0.9999999999999998
 10
611.0222011830351
 20
-1181.835508926126
 10
611.0222011830351
 20
-1184.735492035521
 42
0.9999999999999998
 10
611.0222011830351
 20
-1186.33549203552
 10
614.142201219785
 20
-1186.33549203552
 42
1.000000022969288
 10
614.1422011830341
 20
-1184.735492035521
  0
LWPOLYLINE
  5
439
330
17
100
AcDbEntity
  8
CUT
100
AcDbPolyline
 90
8
 70
1
 10
633.9022012186064
 20
-1181.835508926128
 42
-1.000000022967015
 10
633.9022011818593
 20
-1180.235508926128
 10
637.0222012186091
 20
-1180.235508926129
 42
-0.9999999999999998
 10
637.0222012186091
 20
-1181.835508926128
 10
637.0222012186091
 20
-1184.735492035522
 42
-0.9999999999999998
 10
637.0222012186091
 20
-1186.335492035522
 10
633.9022011818593
 20
-1186.335492035522
 42
-1.000000022969288
 10
633.90220121861
 20
-1184.735492035522
  0
LWPOLYLINE
  5
43A
330
17
100
AcDbEntity
  8
CUT
100
AcDbPolyline
 90
8
 70
1
 10
609.542740294098
 20
-1242.263997366001
 10
611.042740294098
 20
-1242.263997366001
 42
-0.4142135623730951
 10
612.0427402940982
 20
-1243.263997366001
 10
612.0427402940982
 20
-1266.263997366001
 42
-0.4142135623730951
 10
611.042740294098
 20
-1267.263997366001
 10
609.542740294098
 20
-1267.263997366001
 42
-0.4142135623730951
 10
608.5427402940982
 20
-1266.263997366001
 10
608.5427402940982
 20
-1243.263997366001
 42
-0.4142135623730951
  0
LWPOLYLINE
  5
43B
330
17
100
AcDbEntity
  8
CUT
100
AcDbPolyline
 90
39
 70
0
 10
624.022201200823
 20
-1352.06804935366
 42
0.2196847197508813
 10
622.5000129571067
 20
-1352.770766442846
 10
613.3612491191411
 20
-1363.493885324842
 42
-0.2196847197508729
 10
611.0779667535675
 20
-1364.547960958619
 10
607.603140286577
 20
-1364.547960958619
 42
-0.4142135623730951
 10
604.603140286577
 20
-1361.547960958619
 10
604.603140286577
 20
-1310.467213475617
 42
0.1989123673796368
 10
603.724460630137
 20
-1308.345893132057
 10
596.0130492063122
 20
-1300.634481708232
 42
-0.1989123673796368
 10
595.1343695498722
 20
-1298.513161364673
 10
595.1343695498722
 20
-1293.429845812205
 42
-0.2144574455153521
 10
596.1432431935312
 20
-1291.185872587523
 10
600.9449964086847
 20
-1286.925172291215
 42
0.2144574455155652
 10
601.9538700523476
 20
-1284.681199066532
 10
601.9538700523476
 20
-1224.846795665472
 42
0.2144574455155453
 10
600.9449964086847
 20
-1222.602822440788
 10
596.1432431935312
 20
-1218.342122144478
 42
-0.2144574455153474
 10
595.1343695498722
 20
-1216.098148919795
 10
595.1343695498722
 20
-1211.014833367328
 42
-0.1989123673796242
 10
596.0130492063122
 20
-1208.893513023769
 10
602.724460630137
 20
-1202.182101599944
 42
0.1989123673796171
 10
603.603140286577
 20
-1200.060781256384
 10
603.603140286577
 20
-1190.667835710444
 42
0.2144574455153393
 10
602.5942666429178
 20
-1188.423862485762
 10
599.7925134277607
 20
-1185.937805785401
 42
-0.2144574455153475
 10
598.7836397841014
 20
-1183.693832560719
 10
598.7836397841014
 20
-1178.563930147378
 42
-0.2400149751937002
 10
600.0196985889356
 20
-1176.137304617965
 10
609.4342207845325
 20
-1169.293783303146
 42
-0.6128837473819786
 10
611.0222011829205
 20
-1170.102658479616
 10
611.0222011829205
 20
-1173.31514269328
 42
0.9999999999999998
 10
611.0222011829205
 20
-1174.915142693279
 10
614.1422012196703
 20
-1174.915142693279
 42
0.9999999999999998
 10
614.1422012019387
 20
-1173.315142693279
 10
614.1422012009384
 20
-1172.247429075523
 42
-0.5814902120399227
 10
614.8975501540367
 20
-1171.817548961844
 10
619.8231994151824
 20
-1174.743386520049
 42
0.134806905723887
 10
622.3766889461871
 20
-1175.444585383098
 10
624.0422012009108
 20
-1175.4445853831
  0
LWPOLYLINE
  5
43C
330
17
100
AcDbEntity
  8
POCKET
100
AcDbPolyline
 90
5
 70
0
 10
628.0221066417502
 20
-1240.809356633377
 10
622.701076578996
 20
-1240.809356633377
 42
-0.2450663637303342
 10
621.2269701692562
 20
-1240.040684281003
 42
-0.113398850918212
 10
620.8637592516019
 20
-1239.140854517912
 42
-0.0371575522549479
 10
620.7111008637871
 20
-1237.317517778641
 42
-0.049183095109329
  0
LWPOLYLINE
  5
43D
330
17
100
AcDbEntity
  8
POCKET
100
AcDbPolyline
 90
5
 70
0
 10
628.0221066417502
 20
-1239.175137795312
 10
622.701076578996
 20
-1239.175137795312
 42
-0.2450663637312717
 10
622.5669440170709
 20
-1239.105194410474
 42
-0.1133988509190671
 10
622.477670777083
 20
-1238.884026173279
 42
-0.037157552254976
 10
622.3452498036635
 20
-1237.302403117088
  0
LINE
  5
43E
330
17
100
AcDbEntity
  8
POCKET
100
AcDbLine
 10
620.9234176082823
 20
-1251.773267783237
 30
0.0
 11
627.1209847933637
 21
-1251.773267783237
 31
0.0
  0
LINE
  5
43F
330
17
100
AcDbEntity
  8
POCKET
100
AcDbLine
 10
627.7410737977802
 20
-1253.122502590948
 30
0.0
 11
622.7013437801974
 21
-1258.995331130278
 31
0.0
  0
ARC
  5
440
330
17
100
AcDbEntity
  8
POCKET
100
AcDbCircle
 10
627.1209847933637
 20
-1252.59037720227
 30
0.0
 40
0.8171094190334095
100
AcDbArc
 50
319.3656689924027
 51
90.0
  0
LWPOLYLINE
  5
441
330
17
100
AcDbEntity
  8
POCKET
100
AcDbPolyline
 90
5
 70
0
 10
620.9234176082823
 20
-1253.407486621302
 10
625.3430586214467
 20
-1253.407486621302
 10
620.3033286038694
 20
-1259.280315160633
 42
0.6409682668034211
 10
620.9234176082823
 20
-1260.629549968347
 10
627.1209847933637
 20
-1260.62954996834
  0
LINE
  5
442
330
17
100
AcDbEntity
  8
POCKET
100
AcDbLine
 10
622.7013437801993
 20
-1258.995331130278
 30
0.0
 11
627.1209847933637
 21
-1258.995331130274
 31
0.0
  0
LINE
  5
443
330
17
100
AcDbEntity
  8
POCKET
100
AcDbLine
 10
627.2498006265118
 20
-1264.44572109562
 30
0.0
 11
627.2498006265118
 21
-1268.001121578887
 31
0.0
  0
ARC
  5
444
330
17
100
AcDbEntity
  8
POCKET
100
AcDbCircle
 10
625.2070270789277
 20
-1264.44572109562
 30
0.0
 40
2.042773547583523
100
AcDbArc
 50
0.0
 51
90.0
  0
LINE
  5
445
330
17
100
AcDbEntity
  8
POCKET
100
AcDbLine
 10
625.2070270789277
 20
-1270.04389512647
 30
0.0
 11
622.733826167288
 21
-1270.04389512647
 31
0.0
  0
ARC
  5
446
330
17
100
AcDbEntity
  8
POCKET
100
AcDbCircle
 10
625.2070270789277
 20
-1268.001121578887
 30
0.0
 40
2.042773547583523
100
AcDbArc
 50
270.0
 51
0.0
  0
LINE
  5
447
330
17
100
AcDbEntity
  8
POCKET
100
AcDbLine
 10
625.2070270789277
 20
-1262.402947548037
 30
0.0
 11
622.733826167288
 21
-1262.402947548037
 31
0.0
  0
ARC
  5
448
330
17
100
AcDbEntity
  8
POCKET
100
AcDbCircle
 10
622.733826167288
 20
-1264.44572109562
 30
0.0
 40
2.042773547583523
100
AcDbArc
 50
90.0
 51
180.0
  0
ARC
  5
449
330
17
100
AcDbEntity
  8
POCKET
100
AcDbCircle
 10
625.2070270789295
 20
-1248.139913440698
 30
0.0
 40
2.042773547583523
100
AcDbArc
 50
270.0
 51
0.0
  0
LINE
  5
44A
330
17
100
AcDbEntity
  8
POCKET
100
AcDbLine
 10
625.2070270789295
 20
-1242.415700103786
 30
0.0
 11
622.7582811966763
 21
-1242.415700103786
 31
0.0
  0
ARC
  5
44B
330
17
100
AcDbEntity
  8
POCKET
100
AcDbCircle
 10
622.7582811966763
 20
-1244.45847365137
 30
0.0
 40
2.042773547583523
100
AcDbArc
 50
90.0
 51
180.0
  0
ARC
  5
44C
330
17
100
AcDbEntity
  8
POCKET
100
AcDbCircle
 10
622.7582811966763
 20
-1244.45847365137
 30
0.0
 40
0.4085547095167046
100
AcDbArc
 50
90.0
 51
180.0
  0
ARC
  5
44D
330
17
100
AcDbEntity
  8
POCKET
100
AcDbCircle
 10
625.2070270789295
 20
-1244.45847365137
 30
0.0
 40
2.042773547583523
100
AcDbArc
 50
0.0
 51
90.0
  0
LWPOLYLINE
  5
44E
330
17
100
AcDbEntity
  8
POCKET
100
AcDbPolyline
 90
5
 70
0
 10
622.7582811966763
 20
-1244.049918941852
 10
623.099252487405
 20
-1244.049918941852
 10
623.0992524874304
 20
-1249.365577569253
 42
0.4142135623714801
 10
623.9163619064616
 20
-1250.182686988281
 10
625.2070270789295
 20
-1250.182686988281
  0
LINE
  5
44F
330
17
100
AcDbEntity
  8
POCKET
100
AcDbLine
 10
620.715507649094
 20
-1244.45847365137
 30
0.0
 11
620.715507649094
 21
-1247.76521961498
 31
0.0
  0
LINE
  5
450
330
17
100
AcDbEntity
  8
POCKET
100
AcDbLine
 10
622.349726487158
 20
-1244.45847365137
 30
0.0
 11
622.349726487158
 21
-1247.76521961498
 31
0.0
  0
LINE
  5
451
330
17
100
AcDbEntity
  8
POCKET
100
AcDbLine
 10
627.2498006265135
 20
-1244.45847365137
 30
0.0
 11
627.2498006265135
 21
-1248.139913440698
 31
0.0
  0
ARC
  5
452
330
17
100
AcDbEntity
  8
POCKET
100
AcDbCircle
 10
622.733826167288
 20
-1268.001121578887
 30
0.0
 40
2.042773547583523
100
AcDbArc
 50
180.0
 51
270.0
  0
LINE
  5
453
330
17
100
AcDbEntity
  8
POCKET
100
AcDbLine
 10
620.6910526197057
 20
-1264.44572109562
 30
0.0
 11
620.6910526197057
 21
-1268.001121578887
 31
0.0
  0
LINE
  5
454
330
17
100
AcDbEntity
  8
POCKET
100
AcDbLine
 10
620.7415122003252
 20
-1247.76521961498
 30
0.0
 11
620.715507649094
 21
-1247.76521961498
 31
0.0
  0
ARC
  5
455
330
17
100
AcDbEntity
  8
POCKET
100
AcDbCircle
 10
621.5281753337235
 20
-1237.309960447867
 30
0.0
 40
0.817109419033316
100
AcDbArc
 50
0.5299282095855113
 51
180.5299282095855
  0
ARC
  5
456
330
17
100
AcDbEntity
  8
POCKET
100
AcDbCircle
 10
628.0221066417502
 20
-1239.992247214344
 30
0.0
 40
0.8171094190326662
100
AcDbArc
 50
270.0
 51
90.0
  0
ARC
  5
457
330
17
100
AcDbEntity
  8
POCKET
100
AcDbCircle
 10
627.1209847933637
 20
-1259.812440549306
 30
0.0
 40
0.8171094190326662
100
AcDbArc
 50
270.0
 51
90.0
  0
ARC
  5
458
330
17
100
AcDbEntity
  8
POCKET
100
AcDbCircle
 10
620.9234176082823
 20
-1252.59037720227
 30
0.0
 40
0.8171094190326662
100
AcDbArc
 50
90.0
 51
270.0
  0
ARC
  5
459
330
17
100
AcDbEntity
  8
POCKET
100
AcDbCircle
 10
621.5456193437416
 20
-1247.76521961498
 30
0.0
 40
0.8041071434188753
100
AcDbArc
 50
180.0
 51
0.0
  0
LINE
  5
45A
330
17
100
AcDbEntity
  8
POCKET
100
AcDbLine
 10
625.615581788446
 20
-1264.44572109562
 30
0.0
 11
625.615581788446
 21
-1268.001121578887
 31
0.0
  0
ARC
  5
45B
330
17
100
AcDbEntity
  8
POCKET
100
AcDbCircle
 10
625.2070270789277
 20
-1264.44572109562
 30
0.0
 40
0.4085547095167046
100
AcDbArc
 50
0.0
 51
90.0
  0
LINE
  5
45C
330
17
100
AcDbEntity
  8
POCKET
100
AcDbLine
 10
625.2070270789277
 20
-1268.409676288405
 30
0.0
 11
622.733826167288
 21
-1268.409676288405
 31
0.0
  0
ARC
  5
45D
330
17
100
AcDbEntity
  8
POCKET
100
AcDbCircle
 10
625.2070270789277
 20
-1268.001121578887
 30
0.0
 40
0.4085547095167046
100
AcDbArc
 50
270.0
 51
0.0
  0
LINE
  5
45E
330
17
100
AcDbEntity
  8
POCKET
100
AcDbLine
 10
625.2070270789277
 20
-1264.037166386102
 30
0.0
 11
622.733826167288
 21
-1264.037166386102
 31
0.0
  0
ARC
  5
45F
330
17
100
AcDbEntity
  8
POCKET
100
AcDbCircle
 10
622.733826167288
 20
-1264.44572109562
 30
0.0
 40
0.4085547095167046
100
AcDbArc
 50
90.0
 51
180.0
  0
ARC
  5
460
330
17
100
AcDbEntity
  8
POCKET
100
AcDbCircle
 10
622.733826167288
 20
-1268.001121578887
 30
0.0
 40
0.4085547095167046
100
AcDbArc
 50
180.0
 51
270.0
  0
LINE
  5
461
330
17
100
AcDbEntity
  8
POCKET
100
AcDbLine
 10
622.3252714577696
 20
-1264.44572109562
 30
0.0
 11
622.3252714577696
 21
-1268.001121578887
 31
0.0
  0
ARC
  5
462
330
17
100
AcDbEntity
  8
POCKET
100
AcDbCircle
 10
625.2070270789295
 20
-1248.139913440698
 30
0.0
 40
0.4085547095167046
100
AcDbArc
 50
270.0
 51
0.0
  0
ARC
  5
463
330
17
100
AcDbEntity
  8
POCKET
100
AcDbCircle
 10
625.2070270789295
 20
-1244.45847365137
 30
0.0
 40
0.4085547095167046
100
AcDbArc
 50
0.0
 51
90.0
  0
LWPOLYLINE
  5
464
330
17
100
AcDbEntity
  8
POCKET
100
AcDbPolyline
 90
4
 70
0
 10
625.2070270789295
 20
-1244.049918941852
 10
624.7334713254672
 20
-1244.049918941852
 10
624.7334713254908
 20
-1248.548468150216
 10
625.2070270789295
 20
-1248.548468150216
  0
LINE
  5
465
330
17
100
AcDbEntity
  8
POCKET
100
AcDbLine
 10
625.6155817884478
 20
-1244.45847365137
 30
0.0
 11
625.6155817884478
 21
-1248.139913440698
 31
0.0
  0
LWPOLYLINE
  5
466
330
17
100
AcDbEntity
  8
CUT
100
AcDbPolyline
 90
12
 70
1
 10
622.487399808902
 20
-1202.273142715257
 10
625.5570025927441
 20
-1202.273142715257
 42
-0.1989123673799034
 10
626.2641093739325
 20
-1202.566035934071
 10
628.7293079820078
 20
-1205.031234542148
 42
-0.198912367379765
 10
629.0222012008229
 20
-1205.738341323334
 10
629.0222012008229
 20
-1219.273142715257
 42
-0.4142135623730951
 10
628.022201200823
 20
-1220.273142715257
 10
620.022201200823
 20
-1220.273142715257
 42
-0.4142135623730951
 10
619.022201200823
 20
-1219.273142715257
 10
619.022201200823
 20
-1205.738341323335
 42
-0.1989123673795905
 10
619.3150944196381
 20
-1205.031234542149
 10
621.7802930277171
 20
-1202.566035934071
 42
-0.1989123673798319
  0
CIRCLE
  5
467
330
17
100
AcDbEntity
  8
CUT
100
AcDbCircle
 10
624.022201200823
 20
-1224.156529233622
 30
0.0
 40
1.5
  0
LINE
  5
468
330
17
100
AcDbEntity
  8
ANNOTATION
100
AcDbLine
 10
0.0
 20
-1467.464492667302
 30
0.0
 11
1090.000971295535
 21
-1467.464492667302
 31
0.0
  0
LINE
  5
469
330
17
100
AcDbEntity
  8
ANNOTATION
100
AcDbLine
 10
1090.000971295535
 20
-628.7450270280715
 30
0.0
 11
1090.000971295535
 21
-1467.464492667302
 31
0.0
  0
LINE
  5
46A
330
17
100
AcDbEntity
  8
ANNOTATION
100
AcDbLine
 10
920.2324908165781
 20
-695.7609787117287
 30
0.0
 11
920.2324908165783
 21
-1467.464492667302
 31
0.0
  0
LINE
  5
46B
330
17
100
AcDbEntity
  8
ANNOTATION
100
AcDbLine
 10
718.1620257084687
 20
-695.7609787117287
 30
0.0
 11
718.1620257084687
 21
-1467.464492667302
 31
0.0
  0
LINE
  5
46C
330
17
100
AcDbEntity
  8
ANNOTATION
100
AcDbLine
 10
512.6520627093523
 20
-695.7609787117287
 30
0.0
 11
512.6520627093523
 21
-1467.464492667302
 31
0.0
  0
LINE
  5
46D
330
17
100
AcDbEntity
  8
ANNOTATION
100
AcDbLine
 10
286.373106355486
 20
-695.7609787117287
 30
0.0
 11
286.373106355486
 21
-1467.464492667302
 31
0.0
  0
LINE
  5
46E
330
17
100
AcDbEntity
  8
ANNOTATION
100
AcDbLine
 10
148.5608486235432
 20
-695.7609787117287
 30
0.0
 11
148.5608486235433
 21
-1467.464492667302
 31
0.0
  0
LINE
  5
46F
330
17
100
AcDbEntity
  8
ANNOTATION
100
AcDbLine
 10
0.0
 20
-628.7450270280717
 30
0.0
 11
0.0
 21
-1467.464492667302
 31
0.0
  0
LINE
  5
470
330
17
100
AcDbEntity
  8
ANNOTATION
100
AcDbLine
 10
1217.514495771718
 20
409.7088064320253
 30
0.0
 11
1217.514495771718
 21
-1175.21048331899
 31
0.0
  0
LINE
  5
471
330
17
100
AcDbEntity
  8
ANNOTATION
100
AcDbLine
 10
1504.622550573722
 20
409.7088064320253
 30
0.0
 11
1504.622550573722
 21
-1175.21048331899
 31
0.0
  0
LINE
  5
472
330
17
100
AcDbEntity
  8
ANNOTATION
100
AcDbLine
 10
1217.514495771718
 20
409.7088064320253
 30
0.0
 11
1504.622550573722
 21
409.7088064320254
 31
0.0
  0
LINE
  5
473
330
17
100
AcDbEntity
  8
ANNOTATION
100
AcDbLine
 10
1217.514495771718
 20
344.9014306541938
 30
0.0
 11
1504.622550573722
 21
344.9014306541938
 31
0.0
  0
MTEXT
  5
474
102
{ACAD_XDICTIONARY
360
475
102
}
330
17
100
AcDbEntity
  8
CHAMFER
100
AcDbMText
 10
-82.62851091348645
 20
54.83995358064191
 30
0.0
 40
10.0
 41
327.756144
 46
0.0
 71
1
 72
5
  1
\pi133.87807;{\fISOCPEUR|b0|i0|c0|p34;chamfered\P\pi125.87807;(2 sides:1mm)}
1001
ACAD
1000
ACAD_MTEXT_COLUMN_INFO_BEGIN
1070
75
1070
2
1070
79
1070
0
1070
76
1070
1
1070
78
1070
0
1070
48
1040
327.756144
1070
49
1040
12.5
1070
50
1070
1
1040
0.0
1000
ACAD_MTEXT_COLUMN_INFO_END
1000
ACAD_MTEXT_COLUMNS_BEGIN
1070
47
1070
1
1000
ACAD_MTEXT_COLUMNS_END
  0
MTEXT
  5
477
102
{ACAD_XDICTIONARY
360
478
102
}
330
17
100
AcDbEntity
  8
POCKET
100
AcDbMText
 10
225.3803721967575
 20
6.327198340697009
 30
0.0
 40
10.0
 41
327.756144
 46
0.0
 71
1
 72
5
  1
\pi126.87807;{\fISOCPEUR|b0|i0|c0|p34;+3 pockets :\P\pi127.37807;depth 0.5mm }
1001
ACAD
1000
ACAD_MTEXT_COLUMN_INFO_BEGIN
1070
75
1070
2
1070
79
1070
0
1070
76
1070
1
1070
78
1070
0
1070
48
1040
327.756144
1070
49
1040
12.5
1070
50
1070
1
1040
0.0
1000
ACAD_MTEXT_COLUMN_INFO_END
1000
ACAD_MTEXT_COLUMNS_BEGIN
1070
47
1070
1
1000
ACAD_MTEXT_COLUMNS_END
  0
MTEXT
  5
47A
102
{ACAD_XDICTIONARY
360
47B
102
}
330
17
100
AcDbEntity
  8
COUNTERSINK
100
AcDbMText
 10
443.3773007775728
 20
5.855938347444634
 30
0.0
 40
10.0
 41
327.756144
 46
0.0
 71
1
 72
5
  1
\pi117.87807;{\fISOCPEUR|b0|i0|c0|p34;+6 countersunk}
1001
ACAD
1000
ACAD_MTEXT_COLUMN_INFO_BEGIN
1070
75
1070
2
1070
79
1070
0
1070
76
1070
1
1070
78
1070
0
1070
48
1040
327.756144
1070
49
1040
12.5
1070
50
1070
1
1040
0.0
1000
ACAD_MTEXT_COLUMN_INFO_END
1000
ACAD_MTEXT_COLUMNS_BEGIN
1070
47
1070
1
1000
ACAD_MTEXT_COLUMNS_END
  0
MTEXT
  5
47D
102
{ACAD_XDICTIONARY
360
47E
102
}
330
17
100
AcDbEntity
  8
POCKET
100
AcDbMText
 10
443.3773007775728
 20
1.968931668623326
 30
0.0
 40
10.0
 41
327.756144
 46
0.0
 71
1
 72
5
  1
\pi163.87807;{\fISOCPEUR|b0|i0|c0|p34;\P\pi83.87807;+ 6 pockets (depth 0.5mm)}
1001
ACAD
1000
ACAD_MTEXT_COLUMN_INFO_BEGIN
1070
75
1070
2
1070
79
1070
0
1070
76
1070
1
1070
78
1070
0
1070
48
1040
327.756144
1070
49
1040
12.5
1070
50
1070
1
1040
0.0
1000
ACAD_MTEXT_COLUMN_INFO_END
1000
ACAD_MTEXT_COLUMNS_BEGIN
1070
47
1070
1
1000
ACAD_MTEXT_COLUMNS_END
  0
MTEXT
  5
480
102
{ACAD_XDICTIONARY
360
481
102
}
330
17
100
AcDbEntity
  8
COUNTERSINK
100
AcDbMText
 10
657.5001648253103
 20
14.16849278798554
 30
0.0
 40
10.0
 41
327.756144
 46
0.0
 71
1
 72
5
  1
\pi163.87807;{\fISOCPEUR|b0|i0|c0|p34;\P\pi106.87807;+8 countersunk M3}
1001
ACAD
1000
ACAD_MTEXT_COLUMN_INFO_BEGIN
1070
75
1070
2
1070
79
1070
0
1070
76
1070
1
1070
78
1070
0
1070
48
1040
327.756144
1070
49
1040
12.5
1070
50
1070
1
1040
0.0
1000
ACAD_MTEXT_COLUMN_INFO_END
1000
ACAD_MTEXT_COLUMNS_BEGIN
1070
47
1070
1
1000
ACAD_MTEXT_COLUMNS_END
  0
MTEXT
  5
483
102
{ACAD_XDICTIONARY
360
484
102
}
330
17
100
AcDbEntity
  8
CHAMFER
100
AcDbMText
 10
657.5001648253103
 20
-369.3424322038459
 30
0.0
 40
10.0
 41
327.756144
 46
0.0
 71
1
 72
5
  1
\pi133.87807;{\fISOCPEUR|b0|i0|c0|p34;chamfered\P\pi116.87807;(2sides : 0.8mm)}
1001
ACAD
1000
ACAD_MTEXT_COLUMN_INFO_BEGIN
1070
75
1070
2
1070
79
1070
0
1070
76
1070
1
1070
78
1070
0
1070
48
1040
327.756144
1070
49
1040
12.5
1070
50
1070
1
1040
0.0
1000
ACAD_MTEXT_COLUMN_INFO_END
1000
ACAD_MTEXT_COLUMNS_BEGIN
1070
47
1070
1
1000
ACAD_MTEXT_COLUMNS_END
  0
MTEXT
  5
486
102
{ACAD_XDICTIONARY
360
487
102
}
330
17
100
AcDbEntity
  8
CHAMFER
100
AcDbMText
 10
225.3803721967575
 20
-387.6800587085424
 30
0.0
 40
10.0
 41
327.756144
 46
0.0
 71
1
 72
5
  1
\pi88.87807;{\fISOCPEUR|b0|i0|c0|p34;chamfered (top side:1mm)}
1001
ACAD
1000
ACAD_MTEXT_COLUMN_INFO_BEGIN
1070
75
1070
2
1070
79
1070
0
1070
76
1070
1
1070
78
1070
0
1070
48
1040
327.756144
1070
49
1040
12.5
1070
50
1070
1
1040
0.0
1000
ACAD_MTEXT_COLUMN_INFO_END
1000
ACAD_MTEXT_COLUMNS_BEGIN
1070
47
1070
1
1000
ACAD_MTEXT_COLUMNS_END
  0
MTEXT
  5
489
102
{ACAD_XDICTIONARY
360
48A
102
}
330
17
100
AcDbEntity
  8
CHAMFER
100
AcDbMText
 10
443.3773007775728
 20
-377.6038954962644
 30
0.0
 40
10.0
 41
327.756144
 46
0.0
 71
1
 72
5
  1
\pi133.87807;{\fISOCPEUR|b0|i0|c0|p34;chamfered\P\pi119.87807;(2 sides:0.8mm)}
1001
ACAD
1000
ACAD_MTEXT_COLUMN_INFO_BEGIN
1070
75
1070
2
1070
79
1070
0
1070
76
1070
1
1070
78
1070
0
1070
48
1040
327.756144
1070
49
1040
12.5
1070
50
1070
1
1040
0.0
1000
ACAD_MTEXT_COLUMN_INFO_END
1000
ACAD_MTEXT_COLUMNS_BEGIN
1070
47
1070
1
1000
ACAD_MTEXT_COLUMNS_END
  0
MTEXT
  5
48C
102
{ACAD_XDICTIONARY
360
48D
102
}
330
17
100
AcDbEntity
  8
POCKET
100
AcDbMText
 10
-82.62851091348645
 20
-406.6691120063689
 30
0.0
 40
10.0
 41
327.756144
 46
0.0
 71
1
 72
5
  1
\pi110.37807;{\fISOCPEUR|b0|i0|c0|p34;+ 2 pressnuts M3}
1001
ACAD
1000
ACAD_MTEXT_COLUMN_INFO_BEGIN
1070
75
1070
2
1070
79
1070
0
1070
76
1070
1
1070
78
1070
0
1070
48
1040
327.756144
1070
49
1040
12.5
1070
50
1070
1
1040
0.0
1000
ACAD_MTEXT_COLUMN_INFO_END
1000
ACAD_MTEXT_COLUMNS_BEGIN
1070
47
1070
1
1000
ACAD_MTEXT_COLUMNS_END
  0
MTEXT
  5
48F
102
{ACAD_XDICTIONARY
360
490
102
}
330
17
100
AcDbEntity
  8
POCKET
100
AcDbMText
 10
16.95681120585459
 20
-427.9585052693144
 30
0.0
 40
5.0
 41
126.9168601109813
 46
0.0
 71
1
 72
5
  1
\pi36.45843;{\fISOCPEUR|b0|i0|c0|p34;pressnuts depth : \P\pi43.70843;∅6.4 = 2.5mm\P\pi47.45843;∅4.3= 4mm}
1001
ACAD
1000
ACAD_MTEXT_COLUMN_INFO_BEGIN
1070
75
1070
2
1070
79
1070
0
1070
76
1070
1
1070
78
1070
0
1070
48
1040
126.9168601109813
1070
49
1040
12.5
1070
50
1070
1
1040
0.0
1000
ACAD_MTEXT_COLUMN_INFO_END
1000
ACAD_MTEXT_COLUMNS_BEGIN
1070
47
1070
1
1000
ACAD_MTEXT_COLUMNS_END
  0
MTEXT
  5
492
102
{ACAD_XDICTIONARY
360
493
102
}
330
17
100
AcDbEntity
  8
CHAMFER
100
AcDbMText
 10
-82.62851091348645
 20
-365.5463715677671
 30
0.0
 40
10.0
 41
327.756144
 46
0.0
 71
1
 72
5
  1
\pi133.87807;{\fISOCPEUR|b0|i0|c0|p34;chamfered\P\pi125.87807;(2 sides:1mm)}
1001
ACAD
1000
ACAD_MTEXT_COLUMN_INFO_BEGIN
1070
75
1070
2
1070
79
1070
0
1070
76
1070
1
1070
78
1070
0
1070
48
1040
327.756144
1070
49
1040
12.5
1070
50
1070
1
1040
0.0
1000
ACAD_MTEXT_COLUMN_INFO_END
1000
ACAD_MTEXT_COLUMNS_BEGIN
1070
47
1070
1
1000
ACAD_MTEXT_COLUMNS_END
  0
MTEXT
  5
495
102
{ACAD_XDICTIONARY
360
496
102
}
330
17
100
AcDbEntity
  8
POCKET
100
AcDbMText
 10
225.3803721967575
 20
-414.059126807712
 30
0.0
 40
10.0
 41
327.756144
 46
0.0
 71
1
 72
5
  1
\pi126.87807;{\fISOCPEUR|b0|i0|c0|p34;+3 pockets :\P\pi127.37807;depth 0.5mm }
1001
ACAD
1000
ACAD_MTEXT_COLUMN_INFO_BEGIN
1070
75
1070
2
1070
79
1070
0
1070
76
1070
1
1070
78
1070
0
1070
48
1040
327.756144
1070
49
1040
12.5
1070
50
1070
1
1040
0.0
1000
ACAD_MTEXT_COLUMN_INFO_END
1000
ACAD_MTEXT_COLUMNS_BEGIN
1070
47
1070
1
1000
ACAD_MTEXT_COLUMNS_END
  0
MTEXT
  5
498
102
{ACAD_XDICTIONARY
360
499
102
}
330
17
100
AcDbEntity
  8
COUNTERSINK
100
AcDbMText
 10
443.3773007775728
 20
-414.5303868009643
 30
0.0
 40
10.0
 41
327.756144
 46
0.0
 71
1
 72
5
  1
\pi117.87807;{\fISOCPEUR|b0|i0|c0|p34;+6 countersunk}
1001
ACAD
1000
ACAD_MTEXT_COLUMN_INFO_BEGIN
1070
75
1070
2
1070
79
1070
0
1070
76
1070
1
1070
78
1070
0
1070
48
1040
327.756144
1070
49
1040
12.5
1070
50
1070
1
1040
0.0
1000
ACAD_MTEXT_COLUMN_INFO_END
1000
ACAD_MTEXT_COLUMNS_BEGIN
1070
47
1070
1
1000
ACAD_MTEXT_COLUMNS_END
  0
MTEXT
  5
49B
102
{ACAD_XDICTIONARY
360
49C
102
}
330
17
100
AcDbEntity
  8
POCKET
100
AcDbMText
 10
443.3773007775728
 20
-418.4173934797857
 30
0.0
 40
10.0
 41
327.756144
 46
0.0
 71
1
 72
5
  1
\pi163.87807;{\fISOCPEUR|b0|i0|c0|p34;\P\pi83.87807;+ 6 pockets (depth 0.5mm)}
1001
ACAD
1000
ACAD_MTEXT_COLUMN_INFO_BEGIN
1070
75
1070
2
1070
79
1070
0
1070
76
1070
1
1070
78
1070
0
1070
48
1040
327.756144
1070
49
1040
12.5
1070
50
1070
1
1040
0.0
1000
ACAD_MTEXT_COLUMN_INFO_END
1000
ACAD_MTEXT_COLUMNS_BEGIN
1070
47
1070
1
1000
ACAD_MTEXT_COLUMNS_END
  0
MTEXT
  5
49E
102
{ACAD_XDICTIONARY
360
49F
102
}
330
17
100
AcDbEntity
  8
COUNTERSINK
100
AcDbMText
 10
657.5001648253103
 20
-406.2178323604234
 30
0.0
 40
10.0
 41
327.756144
 46
0.0
 71
1
 72
5
  1
\pi163.87807;{\fISOCPEUR|b0|i0|c0|p34;\P\pi106.87807;+8 countersunk M3}
1001
ACAD
1000
ACAD_MTEXT_COLUMN_INFO_BEGIN
1070
75
1070
2
1070
79
1070
0
1070
76
1070
1
1070
78
1070
0
1070
48
1040
327.756144
1070
49
1040
12.5
1070
50
1070
1
1040
0.0
1000
ACAD_MTEXT_COLUMN_INFO_END
1000
ACAD_MTEXT_COLUMNS_BEGIN
1070
47
1070
1
1000
ACAD_MTEXT_COLUMNS_END
  0
MTEXT
  5
4A1
102
{ACAD_XDICTIONARY
360
4A2
102
}
330
17
100
AcDbEntity
  8
POCKET
100
AcDbMText
 10
-82.62851091348645
 20
-1033.162307131792
 30
0.0
 40
10.0
 41
327.756144
 46
0.0
 71
1
 72
5
  1
\pi110.37807;{\fISOCPEUR|b0|i0|c0|p34;+ 2 pressnuts M3}
1001
ACAD
1000
ACAD_MTEXT_COLUMN_INFO_BEGIN
1070
75
1070
2
1070
79
1070
0
1070
76
1070
1
1070
78
1070
0
1070
48
1040
327.756144
1070
49
1040
12.5
1070
50
1070
1
1040
0.0
1000
ACAD_MTEXT_COLUMN_INFO_END
1000
ACAD_MTEXT_COLUMNS_BEGIN
1070
47
1070
1
1000
ACAD_MTEXT_COLUMNS_END
  0
MTEXT
  5
4A4
102
{ACAD_XDICTIONARY
360
4A5
102
}
330
17
100
AcDbEntity
  8
POCKET
100
AcDbMText
 10
16.95681120585459
 20
-1054.451700394738
 30
0.0
 40
5.0
 41
126.9168601109813
 46
0.0
 71
1
 72
5
  1
\pi36.45843;{\fISOCPEUR|b0|i0|c0|p34;pressnuts depth : \P\pi43.70843;∅6.4 = 2.5mm\P\pi47.45843;∅4.3= 4mm}
1001
ACAD
1000
ACAD_MTEXT_COLUMN_INFO_BEGIN
1070
75
1070
2
1070
79
1070
0
1070
76
1070
1
1070
78
1070
0
1070
48
1040
126.9168601109813
1070
49
1040
12.5
1070
50
1070
1
1040
0.0
1000
ACAD_MTEXT_COLUMN_INFO_END
1000
ACAD_MTEXT_COLUMNS_BEGIN
1070
47
1070
1
1000
ACAD_MTEXT_COLUMNS_END
  0
MTEXT
  5
4A7
102
{ACAD_XDICTIONARY
360
4A8
102
}
330
17
100
AcDbEntity
  8
CHAMFER
100
AcDbMText
 10
-82.62851091348645
 20
-992.0395666931909
 30
0.0
 40
10.0
 41
327.756144
 46
0.0
 71
1
 72
5
  1
\pi133.87807;{\fISOCPEUR|b0|i0|c0|p34;chamfered\P\pi125.87807;(2 sides:1mm)}
1001
ACAD
1000
ACAD_MTEXT_COLUMN_INFO_BEGIN
1070
75
1070
2
1070
79
1070
0
1070
76
1070
1
1070
78
1070
0
1070
48
1040
327.756144
1070
49
1040
12.5
1070
50
1070
1
1040
0.0
1000
ACAD_MTEXT_COLUMN_INFO_END
1000
ACAD_MTEXT_COLUMNS_BEGIN
1070
47
1070
1
1000
ACAD_MTEXT_COLUMNS_END
  0
MTEXT
  5
4AA
102
{ACAD_XDICTIONARY
360
4AB
102
}
330
17
100
AcDbEntity
  8
CHAMFER
100
AcDbMText
 10
443.3773007775728
 20
-1386.712502889999
 30
0.0
 40
10.0
 41
327.756144
 46
0.0
 71
1
 72
5
  1
\pi133.87807;{\fISOCPEUR|b0|i0|c0|p34;chamfered\P\pi119.87807;(2 sides:0.8mm)}
1001
ACAD
1000
ACAD_MTEXT_COLUMN_INFO_BEGIN
1070
75
1070
2
1070
79
1070
0
1070
76
1070
1
1070
78
1070
0
1070
48
1040
327.756144
1070
49
1040
12.5
1070
50
1070
1
1040
0.0
1000
ACAD_MTEXT_COLUMN_INFO_END
1000
ACAD_MTEXT_COLUMNS_BEGIN
1070
47
1070
1
1000
ACAD_MTEXT_COLUMNS_END
  0
MTEXT
  5
4AD
102
{ACAD_XDICTIONARY
360
4AE
102
}
330
17
100
AcDbEntity
  8
COUNTERSINK
100
AcDbMText
 10
443.3773007775728
 20
-1423.638994194699
 30
0.0
 40
10.0
 41
327.756144
 46
0.0
 71
1
 72
5
  1
\pi117.87807;{\fISOCPEUR|b0|i0|c0|p34;+6 countersunk}
1001
ACAD
1000
ACAD_MTEXT_COLUMN_INFO_BEGIN
1070
75
1070
2
1070
79
1070
0
1070
76
1070
1
1070
78
1070
0
1070
48
1040
327.756144
1070
49
1040
12.5
1070
50
1070
1
1040
0.0
1000
ACAD_MTEXT_COLUMN_INFO_END
1000
ACAD_MTEXT_COLUMNS_BEGIN
1070
47
1070
1
1000
ACAD_MTEXT_COLUMNS_END
  0
MTEXT
  5
4B0
102
{ACAD_XDICTIONARY
360
4B1
102
}
330
17
100
AcDbEntity
  8
POCKET
100
AcDbMText
 10
443.3773007775728
 20
-1427.526000873521
 30
0.0
 40
10.0
 41
327.756144
 46
0.0
 71
1
 72
5
  1
\pi163.87807;{\fISOCPEUR|b0|i0|c0|p34;\P\pi83.87807;+ 6 pockets (depth 0.5mm)}
1001
ACAD
1000
ACAD_MTEXT_COLUMN_INFO_BEGIN
1070
75
1070
2
1070
79
1070
0
1070
76
1070
1
1070
78
1070
0
1070
48
1040
327.756144
1070
49
1040
12.5
1070
50
1070
1
1040
0.0
1000
ACAD_MTEXT_COLUMN_INFO_END
1000
ACAD_MTEXT_COLUMNS_BEGIN
1070
47
1070
1
1000
ACAD_MTEXT_COLUMNS_END
  0
MTEXT
  5
4B3
102
{ACAD_XDICTIONARY
360
4B4
102
}
330
17
100
AcDbEntity
  8
CUT
  6
JIS_09_08
100
AcDbMText
 10
536.4761995234239
 20
-638.036533720028
 30
0.0
 40
30.0
 41
327.756144
 46
0.0
 71
1
 72
5
  1
{\fISOCPEUR|b0|i0|c0|p34;EXTRAS}
1001
ACAD
1000
ACAD_MTEXT_COLUMN_INFO_BEGIN
1070
75
1070
2
1070
79
1070
0
1070
76
1070
1
1070
78
1070
0
1070
48
1040
327.756144
1070
49
1040
12.5
1070
50
1070
1
1040
0.0
1000
ACAD_MTEXT_COLUMN_INFO_END
1000
ACAD_MTEXT_COLUMNS_BEGIN
1070
47
1070
1
1000
ACAD_MTEXT_COLUMNS_END
  0
MTEXT
  5
4B6
102
{ACAD_XDICTIONARY
360
4B7
102
}
330
17
100
AcDbEntity
  8
CUT
  6
JIS_09_08
100
AcDbMText
 10
1338.64915519199
 20
312.0384526401706
 30
0.0
 40
10.0
 41
327.7561439170822
 46
0.0
 71
1
 72
5
  1
{\fISOCPEUR|b0|i0|c0|p34;3mm (x1)}
1001
ACAD
1000
ACAD_MTEXT_COLUMN_INFO_BEGIN
1070
75
1070
2
1070
79
1070
0
1070
76
1070
1
1070
78
1070
0
1070
48
1040
327.7561439170822
1070
49
1040
12.5
1070
50
1070
1
1040
0.0
1000
ACAD_MTEXT_COLUMN_INFO_END
1000
ACAD_MTEXT_COLUMNS_BEGIN
1070
47
1070
1
1000
ACAD_MTEXT_COLUMNS_END
  0
MTEXT
  5
4B9
102
{ACAD_XDICTIONARY
360
4BA
102
}
330
17
100
AcDbEntity
  8
CUT
  6
JIS_09_08
100
AcDbMText
 10
1295.113671918293
 20
326.2773072580521
 30
0.0
 40
10.0
 41
327.7561439170822
 46
0.0
 71
1
 72
5
  1
{\fISOCPEUR|b0|i0|c0|p34;Side plate 25°_O4 PRO}
1001
ACAD
1000
ACAD_MTEXT_COLUMN_INFO_BEGIN
1070
75
1070
2
1070
79
1070
0
1070
76
1070
1
1070
78
1070
0
1070
48
1040
327.7561439170822
1070
49
1040
12.5
1070
50
1070
1
1040
0.0
1000
ACAD_MTEXT_COLUMN_INFO_END
1000
ACAD_MTEXT_COLUMNS_BEGIN
1070
47
1070
1
1000
ACAD_MTEXT_COLUMNS_END
  0
MTEXT
  5
4BC
102
{ACAD_XDICTIONARY
360
4BD
102
}
330
17
100
AcDbEntity
  8
POCKET
100
AcDbMText
 10
1460.375784387203
 20
261.4010228063092
 30
0.0
 40
5.0
 41
327.756144
 46
0.0
 71
3
 72
5
  1
{\fISOCPEUR|b0|i0|c0|p34;pocket \Pdepth 1.2mm }
1001
ACAD
1000
ACAD_MTEXT_COLUMN_INFO_BEGIN
1070
75
1070
2
1070
79
1070
0
1070
76
1070
1
1070
78
1070
0
1070
48
1040
327.756144
1070
49
1040
12.5
1070
50
1070
1
1040
0.0
1000
ACAD_MTEXT_COLUMN_INFO_END
1000
ACAD_MTEXT_COLUMNS_BEGIN
1070
47
1070
1
1000
ACAD_MTEXT_COLUMNS_END
  0
LWPOLYLINE
  5
4BF
330
17
100
AcDbEntity
  8
POCKET
100
AcDbPolyline
 90
2
 70
0
 10
1312.027634103879
 20
254.4365931071102
 10
1367.332636823988
 20
254.4365931071102
  0
MTEXT
  5
4C0
102
{ACAD_XDICTIONARY
360
4C1
102
}
330
17
100
AcDbEntity
  8
CUT
  6
JIS_09_08
100
AcDbMText
 10
1218.304348793956
 20
126.880529939069
 30
0.0
 40
10.0
 41
327.756144
 46
0.0
 71
1
 72
5
  1
\pi137.87807;{\fISOCPEUR|b0|i0|c0|p34;1 pocket:\P\pi125.37807;depth 1.2 mm }
1001
ACAD
1000
ACAD_MTEXT_COLUMN_INFO_BEGIN
1070
75
1070
2
1070
79
1070
0
1070
76
1070
1
1070
78
1070
0
1070
48
1040
327.756144
1070
49
1040
12.5
1070
50
1070
1
1040
0.0
1000
ACAD_MTEXT_COLUMN_INFO_END
1000
ACAD_MTEXT_COLUMNS_BEGIN
1070
47
1070
1
1000
ACAD_MTEXT_COLUMNS_END
  0
MTEXT
  5
4C3
102
{ACAD_XDICTIONARY
360
4C4
102
}
330
17
100
AcDbEntity
  8
CUT
  6
JIS_09_08
100
AcDbMText
 10
1333.728967728327
 20
22.16274522334925
 30
0.0
 40
10.0
 41
327.7561439170822
 46
0.0
 71
1
 72
5
  1
{\fISOCPEUR|b0|i0|c0|p34;3mm (x1)}
1001
ACAD
1000
ACAD_MTEXT_COLUMN_INFO_BEGIN
1070
75
1070
2
1070
79
1070
0
1070
76
1070
1
1070
78
1070
0
1070
48
1040
327.7561439170822
1070
49
1040
12.5
1070
50
1070
1
1040
0.0
1000
ACAD_MTEXT_COLUMN_INFO_END
1000
ACAD_MTEXT_COLUMNS_BEGIN
1070
47
1070
1
1000
ACAD_MTEXT_COLUMNS_END
  0
MTEXT
  5
4C6
102
{ACAD_XDICTIONARY
360
4C7
102
}
330
17
100
AcDbEntity
  8
POCKET
100
AcDbMText
 10
1486.062079740889
 20
-20.4041827496996
 30
0.0
 40
5.0
 41
327.756144
 46
0.0
 71
3
 72
5
  1
{\fISOCPEUR|b0|i0|c0|p34;pocket \Pdepth 1.2mm }
1001
ACAD
1000
ACAD_MTEXT_COLUMN_INFO_BEGIN
1070
75
1070
2
1070
79
1070
0
1070
76
1070
1
1070
78
1070
0
1070
48
1040
327.756144
1070
49
1040
12.5
1070
50
1070
1
1040
0.0
1000
ACAD_MTEXT_COLUMN_INFO_END
1000
ACAD_MTEXT_COLUMNS_BEGIN
1070
47
1070
1
1000
ACAD_MTEXT_COLUMNS_END
  0
LWPOLYLINE
  5
4C9
330
17
100
AcDbEntity
  8
POCKET
100
AcDbPolyline
 90
2
 70
0
 10
1337.713929457565
 20
-27.36861244889861
 10
1361.72702964117
 20
-27.36861244889861
  0
MTEXT
  5
4CA
102
{ACAD_XDICTIONARY
360
4CB
102
}
330
17
100
AcDbEntity
  8
CUT
  6
JIS_09_08
100
AcDbMText
 10
1205.667853425211
 20
-177.2841066888859
 30
0.0
 40
10.0
 41
327.756144
 46
0.0
 71
1
 72
5
  1
\pi137.87807;{\fISOCPEUR|b0|i0|c0|p34;1 pocket:\P\pi125.37807;depth 1.2 mm }
1001
ACAD
1000
ACAD_MTEXT_COLUMN_INFO_BEGIN
1070
75
1070
2
1070
79
1070
0
1070
76
1070
1
1070
78
1070
0
1070
48
1040
327.756144
1070
49
1040
12.5
1070
50
1070
1
1040
0.0
1000
ACAD_MTEXT_COLUMN_INFO_END
1000
ACAD_MTEXT_COLUMNS_BEGIN
1070
47
1070
1
1000
ACAD_MTEXT_COLUMNS_END
  0
MTEXT
  5
4CD
102
{ACAD_XDICTIONARY
360
4CE
102
}
330
17
100
AcDbEntity
  8
CUT
  6
JIS_09_08
100
AcDbMText
 10
1334.964108346954
 20
-294.8255113537269
 30
0.0
 40
10.0
 41
327.7561439170822
 46
0.0
 71
1
 72
5
  1
{\fISOCPEUR|b0|i0|c0|p34;3mm (x1)}
1001
ACAD
1000
ACAD_MTEXT_COLUMN_INFO_BEGIN
1070
75
1070
2
1070
79
1070
0
1070
76
1070
1
1070
78
1070
0
1070
48
1040
327.7561439170822
1070
49
1040
12.5
1070
50
1070
1
1040
0.0
1000
ACAD_MTEXT_COLUMN_INFO_END
1000
ACAD_MTEXT_COLUMNS_BEGIN
1070
47
1070
1
1000
ACAD_MTEXT_COLUMNS_END
  0
LINE
  5
4D0
330
17
100
AcDbEntity
  8
CUT
100
AcDbLine
 10
1401.339296268755
 20
-967.421973721391
 30
0.0
 11
1401.339296268755
 21
-964.8032490470741
 31
0.0
  0
ARC
  5
4D1
330
17
100
AcDbEntity
  8
CUT
100
AcDbCircle
 10
1399.339296268755
 20
-964.8032490470741
 30
0.0
 40
2.0
100
AcDbArc
 50
0.0
 51
54.21950155934098
  0
LINE
  5
4D2
330
17
100
AcDbEntity
  8
CUT
100
AcDbLine
 10
1384.212884887908
 20
-1000.421973721391
 30
0.0
 11
1389.162867997305
 21
-1000.421973721391
 31
0.0
  0
ARC
  5
4D3
330
17
100
AcDbEntity
  8
CUT
100
AcDbCircle
 10
1384.212884887908
 20
-999.921973721391
 30
0.0
 40
0.5
100
AcDbArc
 50
180.0
 51
270.0
  0
LINE
  5
4D4
330
17
100
AcDbEntity
  8
CUT
100
AcDbLine
 10
1397.796925635282
 20
-1000.421973721391
 30
0.0
 11
1402.746908744678
 21
-1000.421973721391
 31
0.0
  0
ARC
  5
4D5
330
17
100
AcDbEntity
  8
CUT
100
AcDbCircle
 10
1397.796925635282
 20
-999.921973721391
 30
0.0
 40
0.5
100
AcDbArc
 50
180.0
 51
270.0
  0
LINE
  5
4D6
330
17
100
AcDbEntity
  8
CUT
100
AcDbLine
 10
1378.077845885681
 20
-999.921973721391
 30
0.0
 11
1378.077845885681
 21
-997.421973721391
 31
0.0
  0
ARC
  5
4D7
330
17
100
AcDbEntity
  8
CUT
100
AcDbCircle
 10
1377.577845885681
 20
-999.921973721391
 30
0.0
 40
0.5
100
AcDbArc
 50
270.0
 51
0.0
  0
LINE
  5
4D8
330
17
100
AcDbEntity
  8
CUT
100
AcDbLine
 10
1372.404840440212
 20
-1000.421973721391
 30
0.0
 11
1377.577845885681
 21
-1000.421973721391
 31
0.0
  0
ARC
  5
4D9
330
17
100
AcDbEntity
  8
CUT
100
AcDbCircle
 10
1372.404840440212
 20
-998.421973721391
 30
0.0
 40
2.0
100
AcDbArc
 50
219.7673683879526
 51
270.0
  0
LINE
  5
4DA
330
17
100
AcDbEntity
  8
CUT
100
AcDbLine
 10
1383.712884887908
 20
-999.921973721391
 30
0.0
 11
1383.712884887908
 21
-997.421973721391
 31
0.0
  0
LINE
  5
4DB
330
17
100
AcDbEntity
  8
CUT
100
AcDbLine
 10
1389.662867997305
 20
-999.921973721391
 30
0.0
 11
1389.662867997305
 21
-997.421973721391
 31
0.0
  0
ARC
  5
4DC
330
17
100
AcDbEntity
  8
CUT
100
AcDbCircle
 10
1389.162867997305
 20
-999.921973721391
 30
0.0
 40
0.5
100
AcDbArc
 50
270.0
 51
0.0
  0
LINE
  5
4DD
330
17
100
AcDbEntity
  8
CUT
100
AcDbLine
 10
1397.296925635282
 20
-999.921973721391
 30
0.0
 11
1397.296925635282
 21
-997.421973721391
 31
0.0
  0
LINE
  5
4DE
330
17
100
AcDbEntity
  8
CUT
100
AcDbLine
 10
1403.246908744678
 20
-999.921973721391
 30
0.0
 11
1403.246908744678
 21
-997.421973721391
 31
0.0
  0
ARC
  5
4DF
330
17
100
AcDbEntity
  8
CUT
100
AcDbCircle
 10
1402.746908744678
 20
-999.921973721391
 30
0.0
 40
0.5
100
AcDbArc
 50
270.0
 51
0.0
  0
ARC
  5
4E0
330
17
100
AcDbEntity
  8
CUT
100
AcDbCircle
 10
1396.496925635283
 20
-997.421973721391
 30
0.0
 40
0.8
100
AcDbArc
 50
0.0
 51
180.0
  0
ARC
  5
4E1
330
17
100
AcDbEntity
  8
CUT
100
AcDbCircle
 10
1390.462867997304
 20
-997.421973721391
 30
0.0
 40
0.8
100
AcDbArc
 50
0.0
 51
180.0
  0
ARC
  5
4E2
330
17
100
AcDbEntity
  8
CUT
100
AcDbCircle
 10
1382.912884887909
 20
-997.421973721391
 30
0.0
 40
0.8
100
AcDbArc
 50
0.0
 51
180.0
  0
ARC
  5
4E3
330
17
100
AcDbEntity
  8
CUT
100
AcDbCircle
 10
1378.87784588568
 20
-997.421973721391
 30
0.0
 40
0.8
100
AcDbArc
 50
0.0
 51
180.0
  0
ARC
  5
4E4
330
17
100
AcDbEntity
  8
CUT
100
AcDbCircle
 10
1404.046908744677
 20
-997.421973721391
 30
0.0
 40
0.8
100
AcDbArc
 50
0.0
 51
180.0
  0
LINE
  5
4E5
330
17
100
AcDbEntity
  8
CUT
100
AcDbLine
 10
1406.734662501605
 20
-967.421973721391
 30
0.0
 11
1406.734662501605
 21
-965.421973721391
 31
0.0
  0
LINE
  5
4E6
330
17
100
AcDbEntity
  8
CUT
100
AcDbLine
 10
1412.684645611001
 20
-967.421973721391
 30
0.0
 11
1412.684645610997
 21
-965.421973721391
 31
0.0
  0
ARC
  5
4E7
330
17
100
AcDbEntity
  8
CUT
100
AcDbCircle
 10
1412.184645610997
 20
-965.421973721391
 30
0.0
 40
0.5
100
AcDbArc
 50
5.21102e-11
 51
90.0
  0
ARC
  5
4E8
330
17
100
AcDbEntity
  8
CUT
100
AcDbCircle
 10
1405.934662501605
 20
-967.421973721391
 30
0.0
 40
0.8
100
AcDbArc
 50
180.0
 51
0.0
  0
ARC
  5
4E9
330
17
100
AcDbEntity
  8
CUT
100
AcDbCircle
 10
1413.484645611
 20
-967.421973721391
 30
0.0
 40
0.8
100
AcDbArc
 50
180.0
 51
0.0
  0
ARC
  5
4EA
330
17
100
AcDbEntity
  8
CUT
100
AcDbCircle
 10
1402.139296268754
 20
-967.421973721391
 30
0.0
 40
0.8
100
AcDbArc
 50
180.0
 51
0.0
  0
LINE
  5
4EB
330
17
100
AcDbEntity
  8
CUT
100
AcDbLine
 10
1407.108931041284
 20
-990.1954680844987
 30
0.0
 11
1417.197683633684
 21
-968.5600683307835
 31
0.0
  0
ARC
  5
4EC
330
17
100
AcDbEntity
  8
CUT
100
AcDbCircle
 10
1408.015238828321
 20
-990.618086346239
 30
0.0
 40
1.0
100
AcDbArc
 50
155.0000000000004
 51
227.5325287678216
  0
LINE
  5
4ED
330
17
100
AcDbEntity
  8
CUT
100
AcDbLine
 10
1348.233142234957
 20
-969.9320054020617
 30
0.0
 11
1370.268976661987
 21
-943.6707205578412
 31
0.0
  0
ARC
  5
4EE
330
17
100
AcDbEntity
  8
CUT
100
AcDbCircle
 10
1349.765231121194
 20
-971.2175806214348
 30
0.0
 40
2.0
100
AcDbArc
 50
139.999999999979
 51
219.7673683879526
  0
LINE
  5
4EF
330
17
100
AcDbEntity
  8
POCKET
100
AcDbLine
 10
1356.927150464496
 20
-967.3495089947721
 30
0.0
 11
1369.332951331447
 21
-952.5648512425743
 31
0.0
  0
ARC
  5
4F0
330
17
100
AcDbEntity
  8
POCKET
100
AcDbCircle
 10
1355.395061578257
 20
-966.063933775398
 30
0.0
 40
2.0
100
AcDbArc
 50
229.9999999999092
 51
319.9999999999924
  0
LINE
  5
4F1
330
17
100
AcDbEntity
  8
POCKET
100
AcDbLine
 10
1369.086437664581
 20
-949.7471871369631
 30
0.0
 11
1366.788304335228
 21
-947.8188243079038
 31
0.0
  0
ARC
  5
4F2
330
17
100
AcDbEntity
  8
POCKET
100
AcDbCircle
 10
1367.800862445208
 20
-951.2792760232006
 30
0.0
 40
2.0
100
AcDbArc
 50
319.999999999979
 51
49.99999999992831
  0
LINE
  5
4F3
330
17
100
AcDbEntity
  8
CUT
100
AcDbLine
 10
1379.67784588568
 20
-997.421973721391
 30
0.0
 11
1382.11288488791
 21
-997.421973721391
 31
0.0
  0
LINE
  5
4F4
330
17
100
AcDbEntity
  8
CUT
100
AcDbLine
 10
1391.262867997303
 20
-997.421973721391
 30
0.0
 11
1395.696925635283
 21
-997.421973721391
 31
0.0
  0
LINE
  5
4F5
330
17
100
AcDbEntity
  8
CUT
100
AcDbLine
 10
1404.846908744677
 20
-997.421973721391
 30
0.0
 11
1411.968548981496
 21
-997.421973721391
 31
0.0
  0
ARC
  5
4F6
330
17
100
AcDbEntity
  8
CUT
100
AcDbCircle
 10
1411.968548981496
 20
-996.6219737213917
 30
0.0
 40
0.8
100
AcDbArc
 50
270.0
 51
29.26206558728042
  0
LINE
  5
4F7
330
17
100
AcDbEntity
  8
CUT
100
AcDbLine
 10
1402.939296268753
 20
-967.421973721391
 30
0.0
 11
1405.134662501606
 21
-967.421973721391
 31
0.0
  0
LINE
  5
4F8
330
17
100
AcDbEntity
  8
CUT
100
AcDbLine
 10
1407.234662501604
 20
-964.9219737213909
 30
0.0
 11
1412.184645610997
 21
-964.9219737213909
 31
0.0
  0
ARC
  5
4F9
330
17
100
AcDbEntity
  8
CUT
100
AcDbCircle
 10
1407.234662501604
 20
-965.421973721391
 30
0.0
 40
0.5
100
AcDbArc
 50
90.0
 51
180.0
  0
LINE
  5
4FA
330
17
100
AcDbEntity
  8
CUT
100
AcDbLine
 10
1414.284645610999
 20
-967.421973721391
 30
0.0
 11
1416.472637404056
 21
-967.421973721391
 31
0.0
  0
ARC
  5
4FB
330
17
100
AcDbEntity
  8
CUT
100
AcDbCircle
 10
1416.472637404056
 20
-968.2219737213912
 30
0.0
 40
0.8
100
AcDbArc
 50
335.0000000000868
 51
90.0
  0
LINE
  5
4FC
330
17
100
AcDbEntity
  8
CUT
100
AcDbLine
 10
1402.048316158719
 20
-971.6446914169615
 30
0.0
 11
1395.835324021218
 21
-970.1628535799995
 31
0.0
  0
ARC
  5
4FD
330
17
100
AcDbEntity
  8
CUT
100
AcDbCircle
 10
1395.603325105499
 20
-971.1355696244366
 30
0.0
 40
1.0
100
AcDbArc
 50
76.58521511107944
 51
190.1485972591921
  0
LINE
  5
4FE
330
17
100
AcDbEntity
  8
POCKET
100
AcDbLine
 10
1354.109486358882
 20
-967.5960226616339
 30
0.0
 11
1351.811353029526
 21
-965.6676598325745
 31
0.0
  0
LINE
  5
4FF
330
17
100
AcDbEntity
  8
CUT
100
AcDbLine
 10
1409.916255601592
 20
-975.7698567041273
 30
0.0
 11
1397.626925333517
 21
-981.125372437474
 31
0.0
  0
ARC
  5
500
330
17
100
AcDbEntity
  8
CUT
100
AcDbCircle
 10
1397.22742590763
 20
-980.2086389927275
 30
0.0
 40
1.0
100
AcDbArc
 50
190.1485972591921
 51
293.5468889045128
  0
LINE
  5
501
330
17
100
AcDbEntity
  8
CUT
100
AcDbLine
 10
1392.213685375145
 20
-983.4843855922239
 30
0.0
 11
1374.970623689796
 21
-990.9986671789804
 31
0.0
  0
ARC
  5
502
330
17
100
AcDbEntity
  8
CUT
100
AcDbCircle
 10
1374.571124263909
 20
-990.0819337342344
 30
0.0
 40
1.0
100
AcDbArc
 50
219.7673683879526
 51
293.5468889045107
  0
ARC
  5
503
330
17
100
AcDbEntity
  8
CUT
100
AcDbCircle
 10
1391.814185949258
 20
-982.5676521474774
 30
0.0
 40
1.0
100
AcDbArc
 50
293.5468889045128
 51
47.53252876778621
  0
LINE
  5
504
330
17
100
AcDbEntity
  8
CUT
100
AcDbLine
 10
1405.925309222702
 20
-980.7815433764538
 30
0.0
 11
1400.468476161362
 21
-983.1595537868482
 31
0.0
  0
ARC
  5
505
330
17
100
AcDbEntity
  8
CUT
100
AcDbCircle
 10
1400.867975587248
 20
-984.0762872315948
 30
0.0
 40
1.0
100
AcDbArc
 50
113.5468889045128
 51
227.5325287678216
  0
LINE
  5
506
330
17
100
AcDbEntity
  8
CUT
100
AcDbLine
 10
1395.451587398716
 20
-985.3458427151057
 30
0.0
 11
1379.945002839538
 21
-992.1033922125657
 31
0.0
  0
ARC
  5
507
330
17
100
AcDbEntity
  8
CUT
100
AcDbCircle
 10
1395.851086824602
 20
-986.2625761598522
 30
0.0
 40
1.0
100
AcDbArc
 50
47.53252876782164
 51
113.5468889045128
  0
ARC
  5
508
330
17
100
AcDbEntity
  8
CUT
100
AcDbCircle
 10
1380.344502265424
 20
-993.0201256573122
 30
0.0
 40
1.0
100
AcDbArc
 50
113.5468889045128
 51
270.0
  0
LINE
  5
509
330
17
100
AcDbEntity
  8
CUT
100
AcDbLine
 10
1362.911967245617
 20
-964.9980102497933
 30
0.0
 11
1369.80737270261
 21
-970.7819002542445
 31
0.0
  0
LINE
  5
50A
330
17
100
AcDbEntity
  8
CUT
100
AcDbLine
 10
1364.197276135496
 20
-963.4656979260155
 30
0.0
 11
1371.092681592493
 21
-969.2495879304694
 31
0.0
  0
LINE
  5
50B
330
17
100
AcDbEntity
  8
CUT
100
AcDbLine
 10
1368.053202805132
 20
-958.868760954682
 30
0.0
 11
1374.948608262131
 21
-964.6526509591394
 31
0.0
  0
LINE
  5
50C
330
17
100
AcDbEntity
  8
CUT
100
AcDbLine
 10
1366.767893915255
 20
-960.4010732784596
 30
0.0
 11
1373.663299372252
 21
-966.1849632829136
 31
0.0
  0
ARC
  5
50D
330
17
100
AcDbEntity
  8
CUT
100
AcDbCircle
 10
1367.410548360195
 20
-959.6349171165721
 30
0.0
 40
1.000000000001718
100
AcDbArc
 50
50.0099592414768
 51
230.0099592414768
  0
ARC
  5
50E
330
17
100
AcDbEntity
  8
CUT
100
AcDbCircle
 10
1374.30595381719
 20
-965.418807121027
 30
0.0
 40
1.000000000001718
100
AcDbArc
 50
230.0099592414768
 51
50.0099592414768
  0
ARC
  5
50F
330
17
100
AcDbEntity
  8
CUT
100
AcDbCircle
 10
1363.554621690558
 20
-964.2318540879022
 30
0.0
 40
1.000000000001718
100
AcDbArc
 50
50.0099592414768
 51
230.0099592414768
  0
ARC
  5
510
330
17
100
AcDbEntity
  8
CUT
100
AcDbCircle
 10
1370.450027147553
 20
-970.015744092357
 30
0.0
 40
1.000000000001718
100
AcDbArc
 50
230.0099592414768
 51
50.0099592414768
  0
LINE
  5
511
330
17
100
AcDbEntity
  8
CUT
100
AcDbLine
 10
1392.251666029587
 20
-975.1127202433137
 30
0.0
 11
1390.917105617508
 21
-967.6571736546838
 31
0.0
  0
ARC
  5
512
330
17
100
AcDbEntity
  8
CUT
100
AcDbCircle
 10
1389.93275153458
 20
-967.8333753556493
 30
0.0
 40
1.0
100
AcDbArc
 50
10.14859725921202
 51
58.5399420362517
  0
ARC
  5
513
330
17
100
AcDbEntity
  8
CUT
100
AcDbCircle
 10
1391.267311946659
 20
-975.288921944279
 30
0.0
 40
1.0
100
AcDbArc
 50
227.5325287678004
 51
10.14859725921202
  0
LINE
  5
514
330
17
100
AcDbEntity
  8
CUT
100
AcDbLine
 10
1396.243071824702
 20
-980.3848406936916
 30
0.0
 11
1394.618971022571
 21
-971.3117713254026
 31
0.0
  0
CIRCLE
  5
515
330
17
100
AcDbEntity
  8
CUT
100
AcDbCircle
 10
1372.460189885102
 20
-947.5258258508088
 30
0.0
 40
1.5
  0
LINE
  5
516
330
17
100
AcDbEntity
  8
CUT
100
AcDbLine
 10
1384.832727241456
 20
-964.5390771020666
 30
0.0
 11
1382.498663483438
 21
-967.3216881063579
 31
0.0
  0
LINE
  5
517
330
17
100
AcDbEntity
  8
CUT
100
AcDbLine
 10
1379.282385087899
 20
-971.1560527956462
 30
0.0
 11
1373.665587923745
 21
-977.852254450013
 31
0.0
  0
ARC
  5
518
330
17
100
AcDbEntity
  8
CUT
100
AcDbCircle
 10
1380.048541249786
 20
-971.7987072405854
 30
0.0
 40
1.0
100
AcDbArc
 50
47.53252876780044
 51
140.0099592415214
  0
ARC
  5
519
330
17
100
AcDbEntity
  8
CUT
100
AcDbCircle
 10
1354.399487968702
 20
-973.6700106894273
 30
0.0
 40
1.499999999999999
100
AcDbArc
 50
219.7673683876608
 51
39.76736838797924
  0
ARC
  5
51A
330
17
100
AcDbEntity
  8
CUT
100
AcDbCircle
 10
1352.262196328452
 20
-971.1017807729437
 30
0.0
 40
1.499999999999999
100
AcDbArc
 50
39.76736838766078
 51
219.7673683879747
  0
LINE
  5
51B
330
17
100
AcDbEntity
  8
CUT
100
AcDbLine
 10
1353.415168268536
 20
-970.1422727191035
 30
0.0
 11
1355.552459908787
 21
-972.7105026355873
 31
0.0
  0
LINE
  5
51C
330
17
100
AcDbEntity
  8
CUT
100
AcDbLine
 10
1351.109224388373
 20
-972.061288826786
 30
0.0
 11
1353.246516028622
 21
-974.6295187432696
 31
0.0
  0
LINE
  5
51D
330
17
100
AcDbEntity
  8
CUT
100
AcDbLine
 10
1402.280315074438
 20
-971.6719753725241
 30
0.0
 11
1410.533842138918
 21
-971.6719753725241
 31
0.0
  0
ARC
  5
51E
330
17
100
AcDbEntity
  8
CUT
100
AcDbCircle
 10
1402.280315074438
 20
-970.6719753725241
 30
0.0
 40
1.0
100
AcDbArc
 50
256.5852151110794
 51
270.0
  0
LINE
  5
51F
330
17
100
AcDbEntity
  8
CUT
100
AcDbLine
 10
1404.821614420042
 20
-987.2880888303328
 30
0.0
 11
1407.231116435626
 21
-982.1208950829417
 31
0.0
  0
ARC
  5
520
330
17
100
AcDbEntity
  8
CUT
100
AcDbCircle
 10
1403.915306633004
 20
-986.8654705685907
 30
0.0
 40
1.0
100
AcDbArc
 50
227.5325287678216
 51
335.0000000000073
  0
ARC
  5
521
330
17
100
AcDbEntity
  8
CUT
100
AcDbCircle
 10
1406.324808648588
 20
-981.6982768212014
 30
0.0
 40
1.0
100
AcDbArc
 50
335.0000000000073
 51
113.5468889045128
  0
LINE
  5
522
330
17
100
AcDbEntity
  8
CUT
100
AcDbLine
 10
1410.423063962743
 20
-975.2757415211229
 30
0.0
 11
1411.440149925956
 21
-973.0945936342644
 31
0.0
  0
ARC
  5
523
330
17
100
AcDbEntity
  8
CUT
100
AcDbCircle
 10
1409.516756175705
 20
-974.8531232593808
 30
0.0
 40
1.0
100
AcDbArc
 50
293.5468889045128
 51
335.0000000000073
  0
ARC
  5
524
330
17
100
AcDbEntity
  8
CUT
100
AcDbCircle
 10
1410.533842138918
 20
-972.6719753725241
 30
0.0
 40
1.0
100
AcDbArc
 50
335.0000000000073
 51
90.0
  0
LINE
  5
525
330
17
100
AcDbEntity
  8
CUT
100
AcDbLine
 10
1403.234068826424
 20
-994.0201256573121
 30
0.0
 11
1380.344502265424
 21
-994.0201256573121
 31
0.0
  0
LINE
  5
526
330
17
100
AcDbEntity
  8
CUT
100
AcDbLine
 10
1412.666463454939
 20
-996.2309297497471
 30
0.0
 11
1407.340067307047
 21
-991.355747119805
 31
0.0
  0
LINE
  5
527
330
17
100
AcDbEntity
  8
CUT
100
AcDbLine
 10
1403.240135111731
 20
-987.6031313421576
 30
0.0
 11
1400.192804065974
 21
-984.8139480051613
 31
0.0
  0
LINE
  5
528
330
17
100
AcDbEntity
  8
CUT
100
AcDbLine
 10
1390.592140425385
 20
-976.0265827178455
 30
0.0
 11
1382.589648124052
 21
-968.7020033248639
 31
0.0
  0
ARC
  5
529
330
17
100
AcDbEntity
  8
CUT
100
AcDbCircle
 10
1383.264819645326
 20
-967.9643425512974
 30
0.0
 40
1.0
100
AcDbArc
 50
140.0099592415301
 51
227.5325287678004
  0
LINE
  5
52A
330
17
100
AcDbEntity
  8
CUT
100
AcDbLine
 10
1403.909240347698
 20
-992.2824648837444
 30
0.0
 11
1396.526258345876
 21
-985.5249153862859
 31
0.0
  0
LINE
  5
52B
330
17
100
AcDbEntity
  8
CUT
100
AcDbLine
 10
1392.489357470532
 20
-981.82999137391
 30
0.0
 11
1387.905137210567
 21
-977.6341128919742
 31
0.0
  0
ARC
  5
52C
330
17
100
AcDbEntity
  8
CUT
100
AcDbCircle
 10
1387.229965689293
 20
-978.3717736655406
 30
0.0
 40
1.0
100
AcDbArc
 50
47.53252876780504
 51
113.5468889045106
  0
LINE
  5
52D
330
17
100
AcDbEntity
  8
CUT
100
AcDbLine
 10
1383.868236335225
 20
-973.9391888795983
 30
0.0
 11
1380.72371277106
 21
-971.0610464670182
 31
0.0
  0
ARC
  5
52E
330
17
100
AcDbEntity
  8
CUT
100
AcDbCircle
 10
1383.193064813951
 20
-974.676849653165
 30
0.0
 40
1.0
100
AcDbArc
 50
293.5468889045107
 51
47.53252876780044
  0
ARC
  5
52F
330
17
100
AcDbEntity
  8
CUT
100
AcDbCircle
 10
1403.234068826424
 20
-993.0201256573122
 30
0.0
 40
1.0
100
AcDbArc
 50
270.0
 51
47.53252876782164
  0
ARC
  5
530
330
17
100
AcDbEntity
  8
CUT
100
AcDbCircle
 10
1387.181092805396
 20
-959.9364601808559
 30
0.0
 40
1.499999999999999
100
AcDbArc
 50
58.5399420362179
 51
238.5399420362179
  0
LINE
  5
531
330
17
100
AcDbEntity
  8
CUT
100
AcDbLine
 10
1391.691683283637
 20
-960.937739442687
 30
0.0
 11
1387.963948873284
 21
-958.6569538788088
 31
0.0
  0
LINE
  5
532
330
17
100
AcDbEntity
  8
CUT
100
AcDbLine
 10
1390.12597114787
 20
-963.4967520467824
 30
0.0
 11
1386.398236737518
 21
-961.2159664829036
 31
0.0
  0
ARC
  5
533
330
17
100
AcDbEntity
  8
CUT
100
AcDbCircle
 10
1390.908827215756
 20
-962.2172457447346
 30
0.0
 40
1.499999999999999
100
AcDbArc
 50
238.5399420362179
 51
58.5399420362179
  0
LINE
  5
534
330
17
100
AcDbEntity
  8
CUT
100
AcDbLine
 10
1348.227935201086
 20
-972.496924693222
 30
0.0
 11
1370.867544520103
 21
-999.7013177931776
 31
0.0
  0
LINE
  5
535
330
17
100
AcDbEntity
  8
CUT
100
AcDbLine
 10
1370.019916386226
 20
-986.1763750873334
 30
0.0
 11
1373.802476303855
 21
-990.7216057701281
 31
0.0
  0
ARC
  5
536
330
17
100
AcDbEntity
  8
CUT
100
AcDbCircle
 10
1369.728569440734
 20
-992.089867337574
 30
0.0
 40
1.499999999999999
100
AcDbArc
 50
219.7673683876608
 51
39.76736838797924
  0
ARC
  5
537
330
17
100
AcDbEntity
  8
CUT
100
AcDbCircle
 10
1367.591277800483
 20
-989.5216374210903
 30
0.0
 40
1.499999999999999
100
AcDbArc
 50
39.76736838766078
 51
219.7673683879747
  0
LINE
  5
538
330
17
100
AcDbEntity
  8
CUT
100
AcDbLine
 10
1368.744249740567
 20
-988.5621293672501
 30
0.0
 11
1370.881541380818
 21
-991.130359283734
 31
0.0
  0
LINE
  5
539
330
17
100
AcDbEntity
  8
CUT
100
AcDbLine
 10
1366.438305860405
 20
-990.4811454749324
 30
0.0
 11
1368.575597500653
 21
-993.0493753914161
 31
0.0
  0
LINE
  5
53A
330
17
100
AcDbEntity
  8
CUT
100
AcDbLine
 10
1390.454655579836
 20
-966.9803711542842
 30
0.0
 11
1386.1207874486
 21
-964.3287273456413
 31
0.0
  0
ARC
  5
53B
330
17
100
AcDbEntity
  8
CUT
100
AcDbCircle
 10
1385.598883403344
 20
-965.1817315470063
 30
0.0
 40
1.0
100
AcDbArc
 50
58.5399420362517
 51
140.0099592415301
  0
LINE
  5
53C
330
17
100
AcDbEntity
  8
CUT
100
AcDbLine
 10
1383.592564239837
 20
-975.5935830979112
 30
0.0
 11
1374.831243511519
 21
-979.4116423396989
 31
0.0
  0
ARC
  5
53D
330
17
100
AcDbEntity
  8
CUT
100
AcDbCircle
 10
1374.431744085633
 20
-978.4949088949523
 30
0.0
 40
1.0
100
AcDbArc
 50
140.0099592415214
 51
293.5468889045107
  0
LINE
  5
53E
330
17
100
AcDbEntity
  8
CUT
100
AcDbLine
 10
1386.830466263407
 20
-977.4550402207941
 30
0.0
 11
1370.389064920394
 21
-984.6199696066941
 31
0.0
  0
ARC
  5
53F
330
17
100
AcDbEntity
  8
CUT
100
AcDbCircle
 10
1370.788564346281
 20
-985.5367030514404
 30
0.0
 40
1.0
100
AcDbArc
 50
113.5468889045106
 51
219.7673683879526
  0
LINE
  5
540
330
17
100
AcDbEntity
  8
CUT
100
AcDbLine
 10
1394.565876780108
 20
256.9701022967039
 30
0.0
 11
1401.232576847375
 21
259.3957239621967
 31
0.0
  0
ARC
  5
541
330
17
100
AcDbEntity
  8
CUT
100
AcDbCircle
 10
1394.907790036414
 20
256.0303707791089
 30
0.0
 40
1.0
100
AcDbArc
 50
109.9934829239035
 51
154.9999999999814
  0
LINE
  5
542
330
17
100
AcDbEntity
  8
CUT
100
AcDbLine
 10
1392.979802088107
 20
266.0082190326563
 30
0.0
 11
1397.929785197496
 21
266.0082190326563
 31
0.0
  0
ARC
  5
543
330
17
100
AcDbEntity
  8
CUT
100
AcDbCircle
 10
1392.979802088107
 20
265.5082190326563
 30
0.0
 40
0.5
100
AcDbArc
 50
90.0
 51
180.0
  0
LINE
  5
544
330
17
100
AcDbEntity
  8
CUT
100
AcDbLine
 10
1387.084435855254
 20
263.5082190326563
 30
0.0
 11
1387.084435855254
 21
266.758233808219
 31
0.0
  0
ARC
  5
545
330
17
100
AcDbEntity
  8
CUT
100
AcDbCircle
 10
1385.084435855254
 20
266.758233808219
 30
0.0
 40
2.0
100
AcDbArc
 50
0.0
 51
72.72624341552857
  0
ARC
  5
546
330
17
100
AcDbEntity
  8
CUT
100
AcDbCircle
 10
1378.628818869835
 20
267.5428856674531
 30
0.0
 40
1.5
100
AcDbArc
 50
252.7262434155285
 51
72.72624341574682
  0
CIRCLE
  5
547
330
17
100
AcDbEntity
  8
CUT
100
AcDbCircle
 10
1361.254880874509
 20
238.6626237641382
 30
0.0
 40
1.5
  0
LINE
  5
548
330
17
100
AcDbEntity
  8
CUT
100
AcDbLine
 10
1369.958024474411
 20
230.5082190326563
 30
0.0
 11
1374.908007583804
 21
230.5082190326563
 31
0.0
  0
LINE
  5
549
330
17
100
AcDbEntity
  8
CUT
100
AcDbLine
 10
1383.542065221784
 20
230.5082190326563
 30
0.0
 11
1388.492048331177
 21
230.5082190326563
 31
0.0
  0
LINE
  5
54A
330
17
100
AcDbEntity
  8
CUT
100
AcDbLine
 10
1363.82298547218
 20
231.5082190326563
 30
0.0
 11
1363.82298547218
 21
233.5082190326563
 31
0.0
  0
ARC
  5
54B
330
17
100
AcDbEntity
  8
CUT
100
AcDbCircle
 10
1363.32298547218
 20
231.5082190326563
 30
0.0
 40
0.5
100
AcDbArc
 50
270.0
 51
0.0
  0
LINE
  5
54C
330
17
100
AcDbEntity
  8
CUT
100
AcDbLine
 10
1362.529912413019
 20
231.2021648991364
 30
0.0
 11
1357.929170873934
 21
237.1457974904402
 31
0.0
  0
ARC
  5
54D
330
17
100
AcDbEntity
  8
CUT
100
AcDbCircle
 10
1359.51071881114
 20
238.3700140245186
 30
0.0
 40
2.0
100
AcDbArc
 50
154.9999999999922
 51
217.7421010071924
  0
LINE
  5
54E
330
17
100
AcDbEntity
  8
CUT
100
AcDbLine
 10
1369.458024474411
 20
231.0082190326562
 30
0.0
 11
1369.458024474411
 21
233.5082190326563
 31
0.0
  0
ARC
  5
54F
330
17
100
AcDbEntity
  8
CUT
100
AcDbCircle
 10
1369.958024474411
 20
231.0082190326562
 30
0.0
 40
0.5
100
AcDbArc
 50
180.0
 51
270.0
  0
LINE
  5
550
330
17
100
AcDbEntity
  8
CUT
100
AcDbLine
 10
1375.408007583804
 20
231.0082190326562
 30
0.0
 11
1375.408007583804
 21
233.5082190326563
 31
0.0
  0
ARC
  5
551
330
17
100
AcDbEntity
  8
CUT
100
AcDbCircle
 10
1374.908007583804
 20
231.0082190326562
 30
0.0
 40
0.5
100
AcDbArc
 50
270.0
 51
0.0
  0
LINE
  5
552
330
17
100
AcDbEntity
  8
CUT
100
AcDbLine
 10
1383.042065221784
 20
231.0082190326562
 30
0.0
 11
1383.042065221784
 21
233.5082190326563
 31
0.0
  0
ARC
  5
553
330
17
100
AcDbEntity
  8
CUT
100
AcDbCircle
 10
1383.542065221784
 20
231.0082190326562
 30
0.0
 40
0.5
100
AcDbArc
 50
180.0
 51
270.0
  0
LINE
  5
554
330
17
100
AcDbEntity
  8
CUT
100
AcDbLine
 10
1388.992048331177
 20
231.0082190326562
 30
0.0
 11
1388.992048331177
 21
233.9406288799363
 31
0.0
  0
ARC
  5
555
330
17
100
AcDbEntity
  8
CUT
100
AcDbCircle
 10
1388.492048331177
 20
231.0082190326562
 30
0.0
 40
0.5
100
AcDbArc
 50
270.0
 51
0.0
  0
ARC
  5
556
330
17
100
AcDbEntity
  8
CUT
100
AcDbCircle
 10
1382.242065221785
 20
233.5082190326563
 30
0.0
 40
0.8
100
AcDbArc
 50
0.0
 51
180.0
  0
ARC
  5
557
330
17
100
AcDbEntity
  8
CUT
100
AcDbCircle
 10
1376.208007583803
 20
233.5082190326563
 30
0.0
 40
0.8
100
AcDbArc
 50
0.0
 51
180.0
  0
ARC
  5
558
330
17
100
AcDbEntity
  8
CUT
100
AcDbCircle
 10
1368.658024474412
 20
233.5082190326563
 30
0.0
 40
0.8
100
AcDbArc
 50
0.0
 51
180.0
  0
ARC
  5
559
330
17
100
AcDbEntity
  8
CUT
100
AcDbCircle
 10
1364.622985472179
 20
233.5082190326563
 30
0.0
 40
0.8
100
AcDbArc
 50
0.0
 51
180.0
  0
LINE
  5
55A
330
17
100
AcDbEntity
  8
CUT
100
AcDbLine
 10
1357.698103237068
 20
239.2152505479991
 30
0.0
 11
1372.497998925094
 21
270.9537292737929
 31
0.0
  0
LINE
  5
55B
330
17
100
AcDbEntity
  8
CUT
100
AcDbLine
 10
1392.479802088107
 20
263.5082190326563
 30
0.0
 11
1392.479802088107
 21
265.5082190326563
 31
0.0
  0
LINE
  5
55C
330
17
100
AcDbEntity
  8
CUT
100
AcDbLine
 10
1398.4297851975
 20
263.5082190326563
 30
0.0
 11
1398.429785197496
 21
265.5082190326567
 31
0.0
  0
ARC
  5
55D
330
17
100
AcDbEntity
  8
CUT
100
AcDbCircle
 10
1397.929785197496
 20
265.5082190326563
 30
0.0
 40
0.5
100
AcDbArc
 50
5.21102e-11
 51
90.0
  0
ARC
  5
55E
330
17
100
AcDbEntity
  8
CUT
100
AcDbCircle
 10
1391.679802088108
 20
263.5082190326563
 30
0.0
 40
0.8
100
AcDbArc
 50
180.0
 51
0.0
  0
ARC
  5
55F
330
17
100
AcDbEntity
  8
CUT
100
AcDbCircle
 10
1399.229785197495
 20
263.5082190326563
 30
0.0
 40
0.8
100
AcDbArc
 50
180.0
 51
0.0
  0
ARC
  5
560
330
17
100
AcDbEntity
  8
CUT
100
AcDbCircle
 10
1387.884435855253
 20
263.5082190326563
 30
0.0
 40
0.8
100
AcDbArc
 50
180.0
 51
0.0
  0
LINE
  5
561
330
17
100
AcDbEntity
  8
CUT
100
AcDbLine
 10
1401.796971378107
 20
259.9128372180504
 30
0.0
 11
1403.141836557207
 21
262.7969099017854
 31
0.0
  0
ARC
  5
562
330
17
100
AcDbEntity
  8
CUT
100
AcDbCircle
 10
1400.890663591069
 20
260.3354554797915
 30
0.0
 40
1.0
100
AcDbArc
 50
289.9934829239035
 51
335.0000000000731
  0
ARC
  5
563
330
17
100
AcDbEntity
  8
CUT
100
AcDbCircle
 10
1402.688682663688
 20
263.0082190326563
 30
0.0
 40
0.5
100
AcDbArc
 50
335.0000000000879
 51
90.0
  0
LINE
  5
564
330
17
100
AcDbEntity
  8
CUT
100
AcDbLine
 10
1369.589406836357
 20
240.9636384655604
 30
0.0
 11
1375.098809047799
 21
238.3957278156485
 31
0.0
  0
ARC
  5
565
330
17
100
AcDbEntity
  8
CUT
100
AcDbCircle
 10
1369.166946116828
 20
240.0572572320508
 30
0.0
 40
1.0
100
AcDbArc
 50
65.00995924147999
 51
154.9999999999922
  0
LINE
  5
566
330
17
100
AcDbEntity
  8
CUT
100
AcDbLine
 10
1388.864441422979
 20
234.4294338444901
 30
0.0
 11
1386.313579909635
 21
238.9820757441456
 31
0.0
  0
ARC
  5
567
330
17
100
AcDbEntity
  8
CUT
100
AcDbCircle
 10
1387.185973001437
 20
239.4708807086999
 30
0.0
 40
1.0
100
AcDbArc
 50
154.9999999999814
 51
209.2620655871767
  0
ARC
  5
568
330
17
100
AcDbEntity
  8
CUT
100
AcDbCircle
 10
1387.992048331177
 20
233.9406288799363
 30
0.0
 40
1.0
100
AcDbArc
 50
0.0
 51
29.26206558717387
  0
LINE
  5
569
330
17
100
AcDbEntity
  8
CUT
100
AcDbLine
 10
1365.422985472179
 20
233.5082190326563
 30
0.0
 11
1367.858024474412
 21
233.5082190326563
 31
0.0
  0
LINE
  5
56A
330
17
100
AcDbEntity
  8
CUT
100
AcDbLine
 10
1377.008007583802
 20
233.5082190326563
 30
0.0
 11
1381.442065221786
 21
233.5082190326563
 31
0.0
  0
LINE
  5
56B
330
17
100
AcDbEntity
  8
CUT
100
AcDbLine
 10
1388.684435855253
 20
263.5082190326563
 30
0.0
 11
1390.879802088109
 21
263.5082190326563
 31
0.0
  0
LINE
  5
56C
330
17
100
AcDbEntity
  8
CUT
100
AcDbLine
 10
1400.029785197494
 20
263.5082190326563
 30
0.0
 11
1402.688682663688
 21
263.5082190326563
 31
0.0
  0
LINE
  5
56D
330
17
100
AcDbEntity
  8
CUT
100
AcDbLine
 10
1362.925299397321
 20
231.0082190326562
 30
0.0
 11
1363.32298547218
 21
231.0082190326562
 31
0.0
  0
ARC
  5
56E
330
17
100
AcDbEntity
  8
CUT
100
AcDbCircle
 10
1362.925299397321
 20
231.5082190326563
 30
0.0
 40
0.5
100
AcDbArc
 50
217.7421010071882
 51
270.0
  0
ARC
  5
56F
330
17
100
AcDbEntity
  8
CUT
100
AcDbCircle
 10
1375.438288312868
 20
268.5350223639158
 30
0.0
 40
1.5
100
AcDbArc
 50
72.72624341552857
 51
252.7262434157468
  0
LINE
  5
570
330
17
100
AcDbEntity
  8
CUT
100
AcDbLine
 10
1375.883694607853
 20
269.9673677246416
 30
0.0
 11
1379.074225164816
 21
268.9752310281798
 31
0.0
  0
LINE
  5
571
330
17
100
AcDbEntity
  8
CUT
100
AcDbLine
 10
1374.992882017898
 20
267.1026770031878
 30
0.0
 11
1378.183412574862
 21
266.1105403067255
 31
0.0
  0
LINE
  5
572
330
17
100
AcDbEntity
  8
CUT
100
AcDbLine
 10
1367.969509715317
 20
236.4893465821393
 30
0.0
 11
1374.676348328271
 21
236.4893465821393
 31
0.0
  0
ARC
  5
573
330
17
100
AcDbEntity
  8
CUT
100
AcDbCircle
 10
1374.676348328271
 20
237.4893465821393
 30
0.0
 40
1.0
100
AcDbArc
 50
270.0
 51
65.00995924147999
  0
ARC
  5
574
330
17
100
AcDbEntity
  8
CUT
100
AcDbCircle
 10
1367.969509715317
 20
237.4893465821393
 30
0.0
 40
1.0
100
AcDbArc
 50
155.0000000000879
 51
270.0
  0
LINE
  5
575
330
17
100
AcDbEntity
  8
CUT
100
AcDbLine
 10
1367.063201928279
 20
237.9119648438799
 30
0.0
 11
1368.260638329791
 21
240.4798754937918
 31
0.0
  0
LINE
  5
576
330
17
100
AcDbEntity
  8
CUT
100
AcDbLine
 10
1374.904489559133
 20
272.0182865646158
 30
0.0
 11
1385.678310915221
 21
268.6680276225214
 31
0.0
  0
ARC
  5
577
330
17
100
AcDbEntity
  8
CUT
100
AcDbCircle
 10
1374.310614499166
 20
270.1084927503126
 30
0.0
 40
2.0
100
AcDbArc
 50
72.72624341552857
 51
154.9999999999922
  0
LINE
  5
578
330
17
100
AcDbEntity
  8
CUT
100
AcDbLine
 10
1381.097237339404
 20
255.9158901656964
 30
0.0
 11
1388.348287207477
 21
252.536204409484
 31
0.0
  0
LINE
  5
579
330
17
100
AcDbEntity
  8
CUT
100
AcDbLine
 10
1381.942158778461
 20
257.7286526327142
 30
0.0
 11
1389.19320864653
 21
254.3489668765
 31
0.0
  0
ARC
  5
57A
330
17
100
AcDbEntity
  8
CUT
100
AcDbCircle
 10
1381.519698058936
 20
256.8222713992081
 30
0.0
 40
1.000000000001718
100
AcDbArc
 50
65.00995924147999
 51
245.0099592414799
  0
ARC
  5
57B
330
17
100
AcDbEntity
  8
CUT
100
AcDbCircle
 10
1388.770747927005
 20
253.442585642992
 30
0.0
 40
1.000000000001718
100
AcDbArc
 50
245.0099592414799
 51
65.00995924147999
  0
LINE
  5
57C
330
17
100
AcDbEntity
  8
CUT
100
AcDbLine
 10
1386.2796652144
 20
239.8934989704417
 30
0.0
 11
1394.001482249376
 21
256.4529890408506
 31
0.0
  0
LINE
  5
57D
330
17
100
AcDbEntity
  8
CUT
100
AcDbLine
 10
1374.335345151533
 20
241.4149655731178
 30
0.0
 11
1381.586395019606
 21
238.0352798169052
 31
0.0
  0
LINE
  5
57E
330
17
100
AcDbEntity
  8
CUT
100
AcDbLine
 10
1375.18026659059
 20
243.2277280401356
 30
0.0
 11
1382.431316458659
 21
239.8480422839212
 31
0.0
  0
ARC
  5
57F
330
17
100
AcDbEntity
  8
CUT
100
AcDbCircle
 10
1374.757805871065
 20
242.3213468066294
 30
0.0
 40
1.000000000001718
100
AcDbArc
 50
65.00995924147999
 51
245.0099592414799
  0
ARC
  5
580
330
17
100
AcDbEntity
  8
CUT
100
AcDbCircle
 10
1382.008855739134
 20
238.9416610504132
 30
0.0
 40
1.000000000001718
100
AcDbArc
 50
245.0099592414799
 51
65.00995924147999
  0
LINE
  5
581
330
17
100
AcDbEntity
  8
CUT
100
AcDbLine
 10
1370.610899311509
 20
248.53687300478
 30
0.0
 11
1377.861949179581
 21
245.1571872485662
 31
0.0
  0
LINE
  5
582
330
17
100
AcDbEntity
  8
CUT
100
AcDbLine
 10
1371.455820750566
 20
250.3496354717978
 30
0.0
 11
1378.706870618634
 21
246.9699497155822
 31
0.0
  0
LINE
  5
583
330
17
100
AcDbEntity
  8
CUT
100
AcDbLine
 10
1373.990585067728
 20
255.7879228728531
 30
0.0
 11
1381.241634935796
 21
252.4082371166338
 31
0.0
  0
LINE
  5
584
330
17
100
AcDbEntity
  8
CUT
100
AcDbLine
 10
1373.145663628676
 20
253.9751604058352
 30
0.0
 11
1380.396713496743
 21
250.5954746496196
 31
0.0
  0
ARC
  5
585
330
17
100
AcDbEntity
  8
CUT
100
AcDbCircle
 10
1373.5681243482
 20
254.8815416393432
 30
0.0
 40
1.000000000001718
100
AcDbArc
 50
65.00995924147999
 51
245.0099592414799
  0
ARC
  5
586
330
17
100
AcDbEntity
  8
CUT
100
AcDbCircle
 10
1380.819174216268
 20
251.5018558831258
 30
0.0
 40
1.000000000001718
100
AcDbArc
 50
245.0099592414799
 51
65.00995924147999
  0
ARC
  5
587
330
17
100
AcDbEntity
  8
CUT
100
AcDbCircle
 10
1371.033360031041
 20
249.4432542382916
 30
0.0
 40
1.000000000001718
100
AcDbArc
 50
65.00995924147999
 51
245.0099592414799
  0
ARC
  5
588
330
17
100
AcDbEntity
  8
CUT
100
AcDbCircle
 10
1378.284409899109
 20
246.0635684820742
 30
0.0
 40
1.000000000001718
100
AcDbArc
 50
245.0099592414799
 51
65.00995924147999
  0
LINE
  5
589
330
17
100
AcDbEntity
  8
CUT
100
AcDbLine
 10
1381.94962179281
 20
-35.68251085755389
 30
0.0
 11
1392.850998121787
 21
-31.7161385383489
 31
0.0
  0
ARC
  5
58A
330
17
100
AcDbEntity
  8
CUT
100
AcDbCircle
 10
1382.291535049116
 20
-36.62224237514909
 30
0.0
 40
1.0
100
AcDbArc
 50
109.9934829239038
 51
154.9999999999904
  0
LINE
  5
58B
330
17
100
AcDbEntity
  8
CUT
100
AcDbLine
 10
1384.598223362518
 20
-25.10364346788936
 30
0.0
 11
1389.548206471907
 21
-25.10364346788936
 31
0.0
  0
ARC
  5
58C
330
17
100
AcDbEntity
  8
CUT
100
AcDbCircle
 10
1384.598223362518
 20
-25.60364346788936
 30
0.0
 40
0.5
100
AcDbArc
 50
90.0
 51
180.0
  0
LINE
  5
58D
330
17
100
AcDbEntity
  8
CUT
100
AcDbLine
 10
1378.702857129665
 20
-27.60364346788936
 30
0.0
 11
1378.702857129665
 21
-24.7129982391449
 31
0.0
  0
ARC
  5
58E
330
17
100
AcDbEntity
  8
CUT
100
AcDbCircle
 10
1377.702857129665
 20
-24.7129982391449
 30
0.0
 40
1.0
100
AcDbArc
 50
0.0
 51
57.28585462681513
  0
CIRCLE
  5
58F
330
17
100
AcDbEntity
  8
CUT
100
AcDbCircle
 10
1347.578724880033
 20
-46.90673418469453
 30
0.0
 40
1.5
  0
LINE
  5
590
330
17
100
AcDbEntity
  8
CUT
100
AcDbLine
 10
1361.576445748822
 20
-60.60364346788936
 30
0.0
 11
1366.526428858215
 21
-60.60364346788936
 31
0.0
  0
LINE
  5
591
330
17
100
AcDbEntity
  8
CUT
100
AcDbLine
 10
1375.160486496195
 20
-60.60364346788936
 30
0.0
 11
1380.110469605588
 21
-60.60364346788936
 31
0.0
  0
LINE
  5
592
330
17
100
AcDbEntity
  8
CUT
100
AcDbLine
 10
1355.441406746591
 20
-59.60364346788935
 30
0.0
 11
1355.441406746591
 21
-57.60364346788936
 31
0.0
  0
ARC
  5
593
330
17
100
AcDbEntity
  8
CUT
100
AcDbCircle
 10
1354.941406746591
 20
-59.60364346788935
 30
0.0
 40
0.5
100
AcDbArc
 50
270.0
 51
0.0
  0
LINE
  5
594
330
17
100
AcDbEntity
  8
CUT
100
AcDbLine
 10
1352.345324702077
 20
-59.32786000196813
 30
0.0
 11
1343.529677723105
 21
-47.93905099096116
 31
0.0
  0
ARC
  5
595
330
17
100
AcDbEntity
  8
CUT
100
AcDbCircle
 10
1353.926872639284
 20
-58.10364346788936
 30
0.0
 40
2.0
100
AcDbArc
 50
217.7421010071908
 51
270.0
  0
LINE
  5
596
330
17
100
AcDbEntity
  8
CUT
100
AcDbLine
 10
1361.076445748822
 20
-60.10364346788936
 30
0.0
 11
1361.076445748822
 21
-57.60364346788936
 31
0.0
  0
ARC
  5
597
330
17
100
AcDbEntity
  8
CUT
100
AcDbCircle
 10
1361.576445748822
 20
-60.10364346788936
 30
0.0
 40
0.5
100
AcDbArc
 50
180.0
 51
270.0
  0
LINE
  5
598
330
17
100
AcDbEntity
  8
CUT
100
AcDbLine
 10
1367.026428858215
 20
-60.10364346788936
 30
0.0
 11
1367.026428858215
 21
-57.60364346788936
 31
0.0
  0
ARC
  5
599
330
17
100
AcDbEntity
  8
CUT
100
AcDbCircle
 10
1366.526428858215
 20
-60.10364346788936
 30
0.0
 40
0.5
100
AcDbArc
 50
270.0
 51
0.0
  0
LINE
  5
59A
330
17
100
AcDbEntity
  8
CUT
100
AcDbLine
 10
1374.660486496195
 20
-60.10364346788936
 30
0.0
 11
1374.660486496195
 21
-57.60364346788936
 31
0.0
  0
ARC
  5
59B
330
17
100
AcDbEntity
  8
CUT
100
AcDbCircle
 10
1375.160486496195
 20
-60.10364346788936
 30
0.0
 40
0.5
100
AcDbArc
 50
180.0
 51
270.0
  0
LINE
  5
59C
330
17
100
AcDbEntity
  8
CUT
100
AcDbLine
 10
1380.610469605588
 20
-60.10364346788936
 30
0.0
 11
1380.610469605588
 21
-57.17123362060931
 31
0.0
  0
ARC
  5
59D
330
17
100
AcDbEntity
  8
CUT
100
AcDbCircle
 10
1380.110469605588
 20
-60.10364346788936
 30
0.0
 40
0.5
100
AcDbArc
 50
270.0
 51
0.0
  0
ARC
  5
59E
330
17
100
AcDbEntity
  8
CUT
100
AcDbCircle
 10
1373.860486496196
 20
-57.60364346788936
 30
0.0
 40
0.8
100
AcDbArc
 50
0.0
 51
180.0
  0
ARC
  5
59F
330
17
100
AcDbEntity
  8
CUT
100
AcDbCircle
 10
1367.826428858214
 20
-57.60364346788936
 30
0.0
 40
0.8
100
AcDbArc
 50
0.0
 51
180.0
  0
ARC
  5
5A0
330
17
100
AcDbEntity
  8
CUT
100
AcDbCircle
 10
1360.276445748823
 20
-57.60364346788936
 30
0.0
 40
0.8
100
AcDbArc
 50
0.0
 51
180.0
  0
ARC
  5
5A1
330
17
100
AcDbEntity
  8
CUT
100
AcDbCircle
 10
1356.241406746591
 20
-57.60364346788936
 30
0.0
 40
0.8
100
AcDbArc
 50
0.0
 51
180.0
  0
LINE
  5
5A2
330
17
100
AcDbEntity
  8
CUT
100
AcDbLine
 10
1343.579136774075
 20
-45.42925923751011
 30
0.0
 11
1366.341437949275
 21
-18.30220503625458
 31
0.0
  0
ARC
  5
5A3
330
17
100
AcDbEntity
  8
CUT
100
AcDbCircle
 10
1345.111225660312
 20
-46.71483445688261
 30
0.0
 40
2.0
100
AcDbArc
 50
140.0000000000991
 51
217.7421010071908
  0
LINE
  5
5A4
330
17
100
AcDbEntity
  8
CUT
100
AcDbLine
 10
1384.098223362518
 20
-27.60364346788936
 30
0.0
 11
1384.098223362518
 21
-25.60364346788936
 31
0.0
  0
LINE
  5
5A5
330
17
100
AcDbEntity
  8
CUT
100
AcDbLine
 10
1390.048206471911
 20
-27.60364346788936
 30
0.0
 11
1390.048206471907
 21
-25.6036434678889
 31
0.0
  0
ARC
  5
5A6
330
17
100
AcDbEntity
  8
CUT
100
AcDbCircle
 10
1389.548206471907
 20
-25.60364346788936
 30
0.0
 40
0.5
100
AcDbArc
 50
5.21102e-11
 51
90.0
  0
ARC
  5
5A7
330
17
100
AcDbEntity
  8
CUT
100
AcDbCircle
 10
1383.298223362519
 20
-27.60364346788936
 30
0.0
 40
0.8
100
AcDbArc
 50
180.0
 51
0.0
  0
ARC
  5
5A8
330
17
100
AcDbEntity
  8
CUT
100
AcDbCircle
 10
1390.848206471906
 20
-27.60364346788936
 30
0.0
 40
0.8
100
AcDbArc
 50
180.0
 51
0.0
  0
ARC
  5
5A9
330
17
100
AcDbEntity
  8
CUT
100
AcDbCircle
 10
1379.502857129664
 20
-27.60364346788936
 30
0.0
 40
0.8
100
AcDbArc
 50
180.0
 51
0.0
  0
LINE
  5
5AA
330
17
100
AcDbEntity
  8
CUT
100
AcDbLine
 10
1393.415392652518
 20
-31.1990252824952
 30
0.0
 11
1394.760257831618
 21
-28.31495259876021
 31
0.0
  0
ARC
  5
5AB
330
17
100
AcDbEntity
  8
CUT
100
AcDbCircle
 10
1392.50908486548
 20
-30.77640702075417
 30
0.0
 40
1.0
100
AcDbArc
 50
289.9934829239039
 51
335.0000000000749
  0
ARC
  5
5AC
330
17
100
AcDbEntity
  8
CUT
100
AcDbCircle
 10
1394.307103938099
 20
-28.10364346788936
 30
0.0
 40
0.5
100
AcDbArc
 50
335.0000000000894
 51
90.0
  0
LINE
  5
5AD
330
17
100
AcDbEntity
  8
CUT
100
AcDbLine
 10
1359.709158697573
 20
-46.53631746765642
 30
0.0
 11
1365.838407992683
 21
-51.67755302716944
 31
0.0
  0
LINE
  5
5AE
330
17
100
AcDbEntity
  8
CUT
100
AcDbLine
 10
1354.460894915741
 20
-46.0497064265229
 30
0.0
 11
1362.575612602181
 21
-52.85635975651769
 31
0.0
  0
ARC
  5
5AF
330
17
100
AcDbEntity
  8
CUT
100
AcDbCircle
 10
1361.932958157242
 20
-53.62251591840629
 30
0.0
 40
1.0
100
AcDbArc
 50
270.0
 51
50.00995924161459
  0
ARC
  5
5B0
330
17
100
AcDbEntity
  8
CUT
100
AcDbCircle
 10
1353.818240470802
 20
-46.81586258841173
 30
0.0
 40
1.0
100
AcDbArc
 50
50.00995924161459
 51
217.7421010071908
  0
LINE
  5
5B1
330
17
100
AcDbEntity
  8
CUT
100
AcDbLine
 10
1360.994467587454
 20
-45.00400514387968
 30
0.0
 11
1367.123716882557
 21
-50.14524070339451
 31
0.0
  0
ARC
  5
5B2
330
17
100
AcDbEntity
  8
CUT
100
AcDbCircle
 10
1360.351813142515
 20
-45.77016130576578
 30
0.0
 40
1.000000000001718
100
AcDbArc
 50
50.00995924161344
 51
230.0099592416135
  0
ARC
  5
5B3
330
17
100
AcDbEntity
  8
CUT
100
AcDbCircle
 10
1366.481062437622
 20
-50.91139686528243
 30
0.0
 40
1.000000000001718
100
AcDbArc
 50
230.0099592416135
 51
50.00995924161344
  0
ARC
  5
5B4
330
17
100
AcDbEntity
  8
CUT
100
AcDbCircle
 10
1378.008178300268
 20
-48.17413214921486
 30
0.0
 40
2.0
100
AcDbArc
 50
155.0000000000896
 51
209.2620655872793
  0
LINE
  5
5B5
330
17
100
AcDbEntity
  8
CUT
100
AcDbLine
 10
1380.48286269739
 20
-56.68242865605555
 30
0.0
 11
1376.26339211666
 21
-49.15174207832513
 31
0.0
  0
ARC
  5
5B6
330
17
100
AcDbEntity
  8
CUT
100
AcDbCircle
 10
1379.610469605588
 20
-57.17123362060931
 30
0.0
 40
1.0
100
AcDbArc
 50
0.0
 51
29.26206558717152
  0
LINE
  5
5B7
330
17
100
AcDbEntity
  8
CUT
100
AcDbLine
 10
1357.04140674659
 20
-57.60364346788936
 30
0.0
 11
1359.476445748823
 21
-57.60364346788936
 31
0.0
  0
LINE
  5
5B8
330
17
100
AcDbEntity
  8
CUT
100
AcDbLine
 10
1368.626428858213
 20
-57.60364346788936
 30
0.0
 11
1373.060486496197
 21
-57.60364346788936
 31
0.0
  0
LINE
  5
5B9
330
17
100
AcDbEntity
  8
CUT
100
AcDbLine
 10
1380.302857129663
 20
-27.60364346788936
 30
0.0
 11
1382.498223362519
 21
-27.60364346788936
 31
0.0
  0
LINE
  5
5BA
330
17
100
AcDbEntity
  8
CUT
100
AcDbLine
 10
1391.648206471906
 20
-27.60364346788936
 30
0.0
 11
1394.307103938099
 21
-27.60364346788936
 31
0.0
  0
LINE
  5
5BB
330
17
100
AcDbEntity
  8
CUT
100
AcDbLine
 10
1353.926872639284
 20
-60.10364346788936
 30
0.0
 11
1354.941406746591
 21
-60.10364346788936
 31
0.0
  0
LINE
  5
5BC
330
17
100
AcDbEntity
  8
CUT
100
AcDbLine
 10
1359.087013773391
 20
-54.6225159184063
 30
0.0
 11
1361.932958157242
 21
-54.6225159184063
 31
0.0
  0
ARC
  5
5BD
330
17
100
AcDbEntity
  8
CUT
100
AcDbCircle
 10
1359.087013773391
 20
-53.62251591840629
 30
0.0
 40
1.0
100
AcDbArc
 50
217.7421010071908
 51
270.0
  0
LINE
  5
5BE
330
17
100
AcDbEntity
  8
CUT
100
AcDbLine
 10
1368.954422953513
 20
-17.90502549568748
 30
0.0
 11
1378.243305188666
 21
-23.87162085917578
 31
0.0
  0
ARC
  5
5BF
330
17
100
AcDbEntity
  8
CUT
100
AcDbCircle
 10
1367.873526835512
 20
-19.5877802556264
 30
0.0
 40
2.0
100
AcDbArc
 50
57.28585462681513
 51
140.0000000000991
  0
LINE
  5
5C0
330
17
100
AcDbEntity
  8
CUT
100
AcDbLine
 10
1381.385227262079
 20
-36.19962411340828
 30
0.0
 11
1376.195562726196
 21
-47.32889562573416
 31
0.0
  0
LINE
  5
5C1
330
17
100
AcDbEntity
  8
CUT
100
AcDbLine
 10
1358.296239804786
 20
-54.2346241854458
 30
0.0
 11
1353.027466502197
 21
-47.42797085545169
 31
0.0
  0
CIRCLE
  5
5C2
330
17
100
AcDbEntity
  8
CUT
100
AcDbCircle
 10
1368.712541501765
 20
-22.05298236169245
 30
0.0
 40
1.5
  0
LINE
  5
5C3
330
17
100
AcDbEntity
  8
CUT
100
AcDbLine
 10
1371.280414603083
 20
-32.7462316714367
 30
0.0
 11
1377.407876212717
 21
-37.88959771153839
 31
0.0
  0
LINE
  5
5C4
330
17
100
AcDbEntity
  8
CUT
100
AcDbLine
 10
1369.994573093059
 20
-34.27809707384529
 30
0.0
 11
1376.12203470269
 21
-39.42146311394333
 31
0.0
  0
ARC
  5
5C5
330
17
100
AcDbEntity
  8
CUT
100
AcDbCircle
 10
1370.637493848069
 20
-33.512164372641
 30
0.0
 40
1.000000000001718
100
AcDbArc
 50
49.99004075863044
 51
229.9900407586305
  0
ARC
  5
5C6
330
17
100
AcDbEntity
  8
CUT
100
AcDbCircle
 10
1376.764955457707
 20
-38.65553041274268
 30
0.0
 40
1.000000000001718
100
AcDbArc
 50
229.9900407586305
 51
49.99004075863044
  0
LINE
  5
5C7
330
17
100
AcDbEntity
  8
CUT
100
AcDbLine
 10
1359.097380459807
 20
-39.4948672087088
 30
0.0
 11
1365.226629754918
 21
-44.63610276822168
 31
0.0
  0
LINE
  5
5C8
330
17
100
AcDbEntity
  8
CUT
100
AcDbLine
 10
1360.382689349688
 20
-37.96255488493205
 30
0.0
 11
1366.511938644791
 21
-43.10379044444675
 31
0.0
  0
LINE
  5
5C9
330
17
100
AcDbEntity
  8
CUT
100
AcDbLine
 10
1364.238616019324
 20
-33.36561791359907
 30
0.0
 11
1370.36786531443
 21
-38.50685347311571
 31
0.0
  0
LINE
  5
5CA
330
17
100
AcDbEntity
  8
CUT
100
AcDbLine
 10
1362.953307129446
 20
-34.89793023737673
 30
0.0
 11
1369.082556424553
 21
-40.03916579688973
 31
0.0
  0
ARC
  5
5CB
330
17
100
AcDbEntity
  8
CUT
100
AcDbCircle
 10
1363.595961574385
 20
-34.1317740754879
 30
0.0
 40
1.000000000001718
100
AcDbArc
 50
50.00995924161344
 51
230.0099592416135
  0
ARC
  5
5CC
330
17
100
AcDbEntity
  8
CUT
100
AcDbCircle
 10
1369.725210869488
 20
-39.27300963500363
 30
0.0
 40
1.000000000001718
100
AcDbArc
 50
230.0099592416135
 51
50.00995924161344
  0
ARC
  5
5CD
330
17
100
AcDbEntity
  8
CUT
100
AcDbCircle
 10
1359.740034904749
 20
-38.72871104681815
 30
0.0
 40
1.000000000001718
100
AcDbArc
 50
50.00995924161344
 51
230.0099592416135
  0
ARC
  5
5CE
330
17
100
AcDbEntity
  8
CUT
100
AcDbCircle
 10
1365.869284199856
 20
-43.86994660633468
 30
0.0
 40
1.000000000001718
100
AcDbArc
 50
230.0099592416135
 51
50.00995924161344
  0
LINE
  5
5CF
330
17
100
AcDbEntity
  8
POCKET
100
AcDbLine
 10
1365.444285688974
 20
243.9959845078803
 30
0.0
 11
1374.070774022734
 21
262.4955484393341
 31
0.0
  0
LINE
  5
5D0
330
17
100
AcDbEntity
  8
POCKET
100
AcDbLine
 10
1362.786433591417
 20
243.0286054572895
 30
0.0
 11
1360.067510230311
 21
244.2964602425105
 31
0.0
  0
ARC
  5
5D1
330
17
100
AcDbEntity
  8
POCKET
100
AcDbCircle
 10
1363.631670114898
 20
244.8412210313621
 30
0.0
 40
2.0
100
AcDbArc
 50
244.9999999999068
 51
335.0000000000879
  0
LINE
  5
5D2
330
17
100
AcDbEntity
  8
POCKET
100
AcDbLine
 10
1373.103394972143
 20
265.1534005368886
 30
0.0
 11
1370.384471611033
 21
266.4212553221117
 31
0.0
  0
ARC
  5
5D3
330
17
100
AcDbEntity
  8
POCKET
100
AcDbCircle
 10
1372.258158448662
 20
263.3407849628153
 30
0.0
 40
2.0
100
AcDbArc
 50
335.0000000000731
 51
64.99999999990689
  0
LINE
  5
5D4
330
17
100
AcDbEntity
  8
POCKET
100
AcDbLine
 10
1353.111503250289
 20
-41.8476463778636
 30
0.0
 11
1365.517304117238
 21
-27.06298862566325
 31
0.0
  0
LINE
  5
5D5
330
17
100
AcDbEntity
  8
POCKET
100
AcDbLine
 10
1350.293839144677
 20
-42.094160044727
 30
0.0
 11
1347.995705815323
 21
-40.16579721567029
 31
0.0
  0
ARC
  5
5D6
330
17
100
AcDbEntity
  8
POCKET
100
AcDbCircle
 10
1351.579414364049
 20
-40.56207115849008
 30
0.0
 40
2.0
100
AcDbArc
 50
230.0000000000462
 51
320.0000000001017
  0
LINE
  5
5D7
330
17
100
AcDbEntity
  8
POCKET
100
AcDbLine
 10
1365.270790450373
 20
-24.24532452005531
 30
0.0
 11
1362.972657121019
 21
-22.31696169099848
 31
0.0
  0
ARC
  5
5D8
330
17
100
AcDbEntity
  8
POCKET
100
AcDbCircle
 10
1363.985215231001
 20
-25.77741340629188
 30
0.0
 40
2.0
100
AcDbArc
 50
320.0000000000991
 51
50.00000000004625
  0
LINE
  5
5D9
330
17
100
AcDbEntity
  8
CUT
100
AcDbLine
 10
1400.508659433198
 20
-963.1807233031652
 30
0.0
 11
1372.970428712667
 21
-943.3337700333051
 31
0.0
  0
ARC
  5
5DA
330
17
100
AcDbEntity
  8
CUT
100
AcDbCircle
 10
1371.801065548224
 20
-944.9562957772137
 30
0.0
 40
2.0
100
AcDbArc
 50
54.21950155934098
 51
139.999999999979
  0
LINE
  5
5DB
330
17
100
AcDbEntity
  8
CUT
100
AcDbLine
 10
1374.217127254823
 20
-957.5129976195434
 30
0.0
 11
1381.112532711822
 21
-963.2968876240008
 31
0.0
  0
LINE
  5
5DC
330
17
100
AcDbEntity
  8
CUT
100
AcDbLine
 10
1372.931818364946
 20
-959.045309943321
 30
0.0
 11
1379.827223821943
 21
-964.829199947775
 31
0.0
  0
ARC
  5
5DD
330
17
100
AcDbEntity
  8
CUT
100
AcDbCircle
 10
1373.574472809886
 20
-958.2791537814335
 30
0.0
 40
1.000000000001718
100
AcDbArc
 50
50.0099592414768
 51
230.0099592414768
  0
ARC
  5
5DE
330
17
100
AcDbEntity
  8
CUT
100
AcDbCircle
 10
1380.469878266881
 20
-964.0630437858885
 30
0.0
 40
1.000000000001718
100
AcDbArc
 50
230.0099592414768
 51
50.0099592414768
  0
LINE
  5
5DF
330
17
100
AcDbEntity
  8
CUT
100
AcDbLine
 10
1363.93252549984
 20
-969.769708709447
 30
0.0
 11
1370.827930956838
 21
-975.5535987139044
 31
0.0
  0
LINE
  5
5E0
330
17
100
AcDbEntity
  8
CUT
100
AcDbLine
 10
1362.647216609962
 20
-971.3020210332247
 30
0.0
 11
1369.542622066959
 21
-977.0859110376786
 31
0.0
  0
ARC
  5
5E1
330
17
100
AcDbEntity
  8
CUT
100
AcDbCircle
 10
1363.289871054903
 20
-970.5358648713373
 30
0.0
 40
1.000000000001718
100
AcDbArc
 50
50.0099592414768
 51
230.0099592414768
  0
ARC
  5
5E2
330
17
100
AcDbEntity
  8
CUT
100
AcDbCircle
 10
1370.185276511898
 20
-976.319754875792
 30
0.0
 40
1.000000000001718
100
AcDbArc
 50
230.0099592414768
 51
50.0099592414768
  0
LINE
  5
5E3
330
17
100
AcDbEntity
  8
CUT
100
AcDbLine
 10
1416.265436824276
 20
-362.4393025606857
 30
0.0
 11
1416.265436824276
 21
-357.4162619701224
 31
0.0
  0
ARC
  5
5E4
330
17
100
AcDbEntity
  8
CUT
100
AcDbCircle
 10
1414.265436824276
 20
-357.4162619701224
 30
0.0
 40
2.0
100
AcDbArc
 50
0.0
 51
62.46912953543822
  0
LINE
  5
5E5
330
17
100
AcDbEntity
  8
CUT
100
AcDbLine
 10
1399.13902544343
 20
-395.4393025606858
 30
0.0
 11
1404.089008552826
 21
-395.4393025606858
 31
0.0
  0
ARC
  5
5E6
330
17
100
AcDbEntity
  8
CUT
100
AcDbCircle
 10
1399.13902544343
 20
-394.9393025606858
 30
0.0
 40
0.5
100
AcDbArc
 50
180.0
 51
270.0
  0
LINE
  5
5E7
330
17
100
AcDbEntity
  8
CUT
100
AcDbLine
 10
1412.723066190803
 20
-395.4393025606858
 30
0.0
 11
1417.6730493002
 21
-395.4393025606858
 31
0.0
  0
ARC
  5
5E8
330
17
100
AcDbEntity
  8
CUT
100
AcDbCircle
 10
1412.723066190803
 20
-394.9393025606858
 30
0.0
 40
0.5
100
AcDbArc
 50
180.0
 51
270.0
  0
LINE
  5
5E9
330
17
100
AcDbEntity
  8
CUT
100
AcDbLine
 10
1393.003986441203
 20
-394.9393025606858
 30
0.0
 11
1393.003986441203
 21
-392.4393025606858
 31
0.0
  0
ARC
  5
5EA
330
17
100
AcDbEntity
  8
CUT
100
AcDbCircle
 10
1392.503986441203
 20
-394.9393025606858
 30
0.0
 40
0.5
100
AcDbArc
 50
270.0
 51
0.0
  0
LINE
  5
5EB
330
17
100
AcDbEntity
  8
CUT
100
AcDbLine
 10
1389.371724115182
 20
-395.4393025606858
 30
0.0
 11
1392.503986441203
 21
-395.4393025606858
 31
0.0
  0
ARC
  5
5EC
330
17
100
AcDbEntity
  8
CUT
100
AcDbCircle
 10
1389.371724115182
 20
-393.4393025606857
 30
0.0
 40
2.0
100
AcDbArc
 50
226.2418718880904
 51
270.0
  0
LINE
  5
5ED
330
17
100
AcDbEntity
  8
CUT
100
AcDbLine
 10
1398.63902544343
 20
-394.9393025606858
 30
0.0
 11
1398.63902544343
 21
-392.4393025606858
 31
0.0
  0
LINE
  5
5EE
330
17
100
AcDbEntity
  8
CUT
100
AcDbLine
 10
1404.589008552826
 20
-394.9393025606858
 30
0.0
 11
1404.589008552826
 21
-392.4393025606858
 31
0.0
  0
ARC
  5
5EF
330
17
100
AcDbEntity
  8
CUT
100
AcDbCircle
 10
1404.089008552826
 20
-394.9393025606858
 30
0.0
 40
0.5
100
AcDbArc
 50
270.0
 51
0.0
  0
LINE
  5
5F0
330
17
100
AcDbEntity
  8
CUT
100
AcDbLine
 10
1412.223066190803
 20
-394.9393025606858
 30
0.0
 11
1412.223066190803
 21
-392.4393025606858
 31
0.0
  0
LINE
  5
5F1
330
17
100
AcDbEntity
  8
CUT
100
AcDbLine
 10
1418.1730493002
 20
-394.9393025606858
 30
0.0
 11
1418.1730493002
 21
-392.4393025606858
 31
0.0
  0
ARC
  5
5F2
330
17
100
AcDbEntity
  8
CUT
100
AcDbCircle
 10
1417.6730493002
 20
-394.9393025606858
 30
0.0
 40
0.5
100
AcDbArc
 50
270.0
 51
0.0
  0
ARC
  5
5F3
330
17
100
AcDbEntity
  8
CUT
100
AcDbCircle
 10
1411.423066190804
 20
-392.4393025606858
 30
0.0
 40
0.8
100
AcDbArc
 50
0.0
 51
180.0
  0
ARC
  5
5F4
330
17
100
AcDbEntity
  8
CUT
100
AcDbCircle
 10
1405.389008552825
 20
-392.4393025606858
 30
0.0
 40
0.8
100
AcDbArc
 50
0.0
 51
180.0
  0
ARC
  5
5F5
330
17
100
AcDbEntity
  8
CUT
100
AcDbCircle
 10
1397.83902544343
 20
-392.4393025606858
 30
0.0
 40
0.8
100
AcDbArc
 50
0.0
 51
180.0
  0
ARC
  5
5F6
330
17
100
AcDbEntity
  8
CUT
100
AcDbCircle
 10
1393.803986441202
 20
-392.4393025606858
 30
0.0
 40
0.8
100
AcDbArc
 50
0.0
 51
180.0
  0
ARC
  5
5F7
330
17
100
AcDbEntity
  8
CUT
100
AcDbCircle
 10
1418.973049300199
 20
-392.4393025606858
 30
0.0
 40
0.8
100
AcDbArc
 50
0.0
 51
180.0
  0
LINE
  5
5F8
330
17
100
AcDbEntity
  8
CUT
100
AcDbLine
 10
1421.660803057126
 20
-362.4393025606857
 30
0.0
 11
1421.660803057126
 21
-360.4393025606857
 31
0.0
  0
LINE
  5
5F9
330
17
100
AcDbEntity
  8
CUT
100
AcDbLine
 10
1427.610786166522
 20
-362.4393025606857
 30
0.0
 11
1427.610786166519
 21
-360.4393025606857
 31
0.0
  0
ARC
  5
5FA
330
17
100
AcDbEntity
  8
CUT
100
AcDbCircle
 10
1427.110786166518
 20
-360.4393025606857
 30
0.0
 40
0.5
100
AcDbArc
 50
5.21102e-11
 51
90.0
  0
ARC
  5
5FB
330
17
100
AcDbEntity
  8
CUT
100
AcDbCircle
 10
1420.860803057126
 20
-362.4393025606857
 30
0.0
 40
0.8
100
AcDbArc
 50
180.0
 51
0.0
  0
ARC
  5
5FC
330
17
100
AcDbEntity
  8
CUT
100
AcDbCircle
 10
1428.410786166521
 20
-362.4393025606857
 30
0.0
 40
0.8
100
AcDbArc
 50
180.0
 51
0.0
  0
ARC
  5
5FD
330
17
100
AcDbEntity
  8
CUT
100
AcDbCircle
 10
1417.065436824276
 20
-362.4393025606857
 30
0.0
 40
0.8
100
AcDbArc
 50
180.0
 51
0.0
  0
LINE
  5
5FE
330
17
100
AcDbEntity
  8
CUT
100
AcDbLine
 10
1422.035071596805
 20
-385.2127969237934
 30
0.0
 11
1432.123824189206
 21
-363.577397170078
 31
0.0
  0
ARC
  5
5FF
330
17
100
AcDbEntity
  8
CUT
100
AcDbCircle
 10
1422.941379383843
 20
-385.6354151855337
 30
0.0
 40
1.0
100
AcDbArc
 50
155.0000000000065
 51
227.5325287678227
  0
LINE
  5
600
330
17
100
AcDbEntity
  8
CUT
100
AcDbLine
 10
1362.781478518831
 20
-368.867908314066
 30
0.0
 11
1377.10691911526
 21
-338.1469018156761
 31
0.0
  0
ARC
  5
601
330
17
100
AcDbEntity
  8
CUT
100
AcDbCircle
 10
1364.594094092905
 20
-369.7131448375472
 30
0.0
 40
2.0
100
AcDbArc
 50
154.9999999999802
 51
226.2418718880904
  0
LINE
  5
602
330
17
100
AcDbEntity
  8
POCKET
100
AcDbLine
 10
1370.600247025639
 20
-363.9315130571195
 30
0.0
 11
1378.555288011033
 21
-346.8718726109992
 31
0.0
  0
ARC
  5
603
330
17
100
AcDbEntity
  8
POCKET
100
AcDbCircle
 10
1368.787631451563
 20
-363.0862765336378
 30
0.0
 40
2.0
100
AcDbArc
 50
244.9999999999074
 51
335.0000000000006
  0
LINE
  5
604
330
17
100
AcDbEntity
  8
POCKET
100
AcDbLine
 10
1377.587908960442
 20
-344.2140205134446
 30
0.0
 11
1374.868985599332
 21
-342.9461657282218
 31
0.0
  0
ARC
  5
605
330
17
100
AcDbEntity
  8
POCKET
100
AcDbCircle
 10
1376.742672436961
 20
-346.0266360875185
 30
0.0
 40
2.0
100
AcDbArc
 50
335.0000000000006
 51
64.99999999990737
  0
LINE
  5
606
330
17
100
AcDbEntity
  8
CUT
100
AcDbLine
 10
1394.603986441201
 20
-392.4393025606858
 30
0.0
 11
1397.039025443431
 21
-392.4393025606858
 31
0.0
  0
LINE
  5
607
330
17
100
AcDbEntity
  8
CUT
100
AcDbLine
 10
1406.189008552825
 20
-392.4393025606858
 30
0.0
 11
1410.623066190805
 21
-392.4393025606858
 31
0.0
  0
LINE
  5
608
330
17
100
AcDbEntity
  8
CUT
100
AcDbLine
 10
1419.773049300198
 20
-392.4393025606858
 30
0.0
 11
1426.894689537017
 21
-392.4393025606858
 31
0.0
  0
ARC
  5
609
330
17
100
AcDbEntity
  8
CUT
100
AcDbCircle
 10
1426.894689537017
 20
-391.6393025606865
 30
0.0
 40
0.8
100
AcDbArc
 50
270.0
 51
29.26206558727368
  0
LINE
  5
60A
330
17
100
AcDbEntity
  8
CUT
100
AcDbLine
 10
1417.865436824275
 20
-362.4393025606857
 30
0.0
 11
1420.060803057127
 21
-362.4393025606857
 31
0.0
  0
LINE
  5
60B
330
17
100
AcDbEntity
  8
CUT
100
AcDbLine
 10
1422.160803057126
 20
-359.9393025606858
 30
0.0
 11
1427.110786166518
 21
-359.9393025606858
 31
0.0
  0
ARC
  5
60C
330
17
100
AcDbEntity
  8
CUT
100
AcDbCircle
 10
1422.160803057126
 20
-360.4393025606857
 30
0.0
 40
0.5
100
AcDbArc
 50
90.0
 51
180.0
  0
LINE
  5
60D
330
17
100
AcDbEntity
  8
CUT
100
AcDbLine
 10
1429.210786166521
 20
-362.4393025606857
 30
0.0
 11
1431.398777959577
 21
-362.4393025606857
 31
0.0
  0
ARC
  5
60E
330
17
100
AcDbEntity
  8
CUT
100
AcDbCircle
 10
1431.398777959577
 20
-363.2393025606859
 30
0.0
 40
0.8
100
AcDbArc
 50
335.000000000088
 51
90.0
  0
LINE
  5
60F
330
17
100
AcDbEntity
  8
CUT
100
AcDbLine
 10
1416.974456714241
 20
-366.662020256256
 30
0.0
 11
1410.761464576739
 21
-365.1801824192942
 31
0.0
  0
ARC
  5
610
330
17
100
AcDbEntity
  8
CUT
100
AcDbCircle
 10
1410.52946566102
 20
-366.1528984637314
 30
0.0
 40
1.0
100
AcDbArc
 50
76.58521511107966
 51
190.148597259192
  0
LINE
  5
611
330
17
100
AcDbEntity
  8
POCKET
100
AcDbLine
 10
1367.942394928082
 20
-364.8988921077116
 30
0.0
 11
1365.223471566973
 21
-363.6310373224897
 31
0.0
  0
LINE
  5
612
330
17
100
AcDbEntity
  8
CUT
100
AcDbLine
 10
1424.842396157113
 20
-370.7871855434221
 30
0.0
 11
1412.553065889038
 21
-376.1427012767688
 31
0.0
  0
ARC
  5
613
330
17
100
AcDbEntity
  8
CUT
100
AcDbCircle
 10
1412.153566463152
 20
-375.2259678320222
 30
0.0
 40
1.0
100
AcDbArc
 50
190.148597259192
 51
293.5468889045131
  0
LINE
  5
614
330
17
100
AcDbEntity
  8
CUT
100
AcDbLine
 10
1407.139825930666
 20
-378.5017144315186
 30
0.0
 11
1391.356306672223
 21
-385.3799481409476
 31
0.0
  0
ARC
  5
615
330
17
100
AcDbEntity
  8
CUT
100
AcDbCircle
 10
1406.740326504779
 20
-377.584980986772
 30
0.0
 40
1.0
100
AcDbArc
 50
293.5468889045131
 51
47.53252876778592
  0
ARC
  5
616
330
17
100
AcDbEntity
  8
CUT
100
AcDbCircle
 10
1390.55730782045
 20
-383.5464812514549
 30
0.0
 40
2.0
100
AcDbArc
 50
226.2418718880904
 51
293.5468889045131
  0
LINE
  5
617
330
17
100
AcDbEntity
  8
CUT
100
AcDbLine
 10
1420.851449778223
 20
-375.7988722157486
 30
0.0
 11
1415.394616716883
 21
-378.176882626143
 31
0.0
  0
ARC
  5
618
330
17
100
AcDbEntity
  8
CUT
100
AcDbCircle
 10
1415.79411614277
 20
-379.0936160708895
 30
0.0
 40
1.0
100
AcDbArc
 50
113.546888904513
 51
227.5325287678227
  0
LINE
  5
619
330
17
100
AcDbEntity
  8
CUT
100
AcDbLine
 10
1410.377727954237
 20
-380.3631715544004
 30
0.0
 11
1394.871143395059
 21
-387.1207210518603
 31
0.0
  0
ARC
  5
61A
330
17
100
AcDbEntity
  8
CUT
100
AcDbCircle
 10
1410.777227380124
 20
-381.279904999147
 30
0.0
 40
1.0
100
AcDbArc
 50
47.53252876782273
 51
113.546888904513
  0
ARC
  5
61B
330
17
100
AcDbEntity
  8
CUT
100
AcDbCircle
 10
1395.270642820946
 20
-388.0374544966069
 30
0.0
 40
1.0
100
AcDbArc
 50
113.546888904513
 51
270.0
  0
ARC
  5
61C
330
17
100
AcDbEntity
  8
CUT
100
AcDbCircle
 10
1388.03367771106
 20
-388.8639297784828
 30
0.0
 40
1.499999999999999
100
AcDbArc
 50
226.2418718878047
 51
46.24187188810881
  0
ARC
  5
61D
330
17
100
AcDbEntity
  8
CUT
100
AcDbCircle
 10
1385.620421092626
 20
-386.5530829741727
 30
0.0
 40
1.499999999999999
100
AcDbArc
 50
46.2418718878047
 51
226.2418718881088
  0
LINE
  5
61E
330
17
100
AcDbEntity
  8
CUT
100
AcDbLine
 10
1386.657844380199
 20
-385.4696841914499
 30
0.0
 11
1389.071100998633
 21
-387.78053099576
 31
0.0
  0
LINE
  5
61F
330
17
100
AcDbEntity
  8
CUT
100
AcDbLine
 10
1384.582997805057
 20
-387.6364817568972
 30
0.0
 11
1386.996254423491
 21
-389.9473285612073
 31
0.0
  0
LINE
  5
620
330
17
100
AcDbEntity
  8
CUT
100
AcDbLine
 10
1363.21086304281
 20
-371.1576765478435
 30
0.0
 11
1387.988493065088
 21
-394.8838342709826
 31
0.0
  0
LINE
  5
621
330
17
100
AcDbEntity
  8
CUT
100
AcDbLine
 10
1374.717490322124
 20
-372.0388253421837
 30
0.0
 11
1379.994702932834
 21
-377.0920922861044
 31
0.0
  0
ARC
  5
622
330
17
100
AcDbEntity
  8
CUT
100
AcDbCircle
 10
1375.409105847171
 20
-371.3165594870354
 30
0.0
 40
1.0
100
AcDbArc
 50
155.0099592415597
 51
226.2418718880904
  0
ARC
  5
623
330
17
100
AcDbEntity
  8
CUT
100
AcDbCircle
 10
1380.686318457881
 20
-376.3698264309563
 30
0.0
 40
1.0
100
AcDbArc
 50
226.2418718880904
 51
335.0099592415598
  0
LINE
  5
624
330
17
100
AcDbEntity
  8
CUT
100
AcDbLine
 10
1407.177806585103
 20
-370.1300490826038
 30
0.0
 11
1406.648083650849
 21
-367.170742048115
 31
0.0
  0
ARC
  5
625
330
17
100
AcDbEntity
  8
CUT
100
AcDbCircle
 10
1406.193452502175
 20
-370.3062507835686
 30
0.0
 40
1.0
100
AcDbArc
 50
227.5325287678043
 51
10.14859725918563
  0
ARC
  5
626
330
17
100
AcDbEntity
  8
CUT
100
AcDbCircle
 10
1405.663729567921
 20
-367.3469437490799
 30
0.0
 40
1.0
100
AcDbArc
 50
10.14859725918563
 51
124.0115673761381
  0
LINE
  5
627
330
17
100
AcDbEntity
  8
CUT
100
AcDbLine
 10
1405.684722828582
 20
-361.7889088788674
 30
0.0
 11
1405.224562730062
 21
-359.2182159213262
 31
0.0
  0
ARC
  5
628
330
17
100
AcDbEntity
  8
CUT
100
AcDbCircle
 10
1404.240208647134
 20
-359.3944176222917
 30
0.0
 40
1.0
100
AcDbArc
 50
10.14859725921243
 51
62.46912953543822
  0
ARC
  5
629
330
17
100
AcDbEntity
  8
CUT
100
AcDbCircle
 10
1404.700368745654
 20
-361.9651105798328
 30
0.0
 40
1.0
100
AcDbArc
 50
304.0115673761381
 51
10.14859725919846
  0
LINE
  5
62A
330
17
100
AcDbEntity
  8
CUT
100
AcDbLine
 10
1411.169212380224
 20
-375.4021695329864
 30
0.0
 11
1409.545111578092
 21
-366.3291001646974
 31
0.0
  0
CIRCLE
  5
62B
330
17
100
AcDbEntity
  8
CUT
100
AcDbCircle
 10
1379.317966338976
 20
-340.0023404502226
 30
0.0
 40
1.5
  0
ARC
  5
62C
330
17
100
AcDbEntity
  8
CUT
100
AcDbCircle
 10
1368.989586062977
 20
-371.2412138474783
 30
0.0
 40
1.499999999999999
100
AcDbArc
 50
226.2418718878047
 51
46.24187188810881
  0
ARC
  5
62D
330
17
100
AcDbEntity
  8
CUT
100
AcDbCircle
 10
1366.576329444542
 20
-368.9303670431682
 30
0.0
 40
1.499999999999999
100
AcDbArc
 50
46.2418718878047
 51
226.2418718881088
  0
LINE
  5
62E
330
17
100
AcDbEntity
  8
CUT
100
AcDbLine
 10
1367.613752732115
 20
-367.8469682604454
 30
0.0
 11
1370.027009350549
 21
-370.1578150647556
 31
0.0
  0
LINE
  5
62F
330
17
100
AcDbEntity
  8
CUT
100
AcDbLine
 10
1365.538906156973
 20
-370.0137658258928
 30
0.0
 11
1367.952162775407
 21
-372.3246126302029
 31
0.0
  0
LINE
  5
630
330
17
100
AcDbEntity
  8
CUT
100
AcDbLine
 10
1417.206455629959
 20
-366.6893042118188
 30
0.0
 11
1425.459982694439
 21
-366.6893042118188
 31
0.0
  0
ARC
  5
631
330
17
100
AcDbEntity
  8
CUT
100
AcDbCircle
 10
1417.206455629959
 20
-365.6893042118188
 30
0.0
 40
1.0
100
AcDbArc
 50
256.5852151110796
 51
270.0
  0
LINE
  5
632
330
17
100
AcDbEntity
  8
CUT
100
AcDbLine
 10
1419.747754975564
 20
-382.3054176696276
 30
0.0
 11
1422.157256991147
 21
-377.1382239222364
 31
0.0
  0
ARC
  5
633
330
17
100
AcDbEntity
  8
CUT
100
AcDbCircle
 10
1418.841447188526
 20
-381.8827994078854
 30
0.0
 40
1.0
100
AcDbArc
 50
227.5325287678227
 51
335.0000000000065
  0
ARC
  5
634
330
17
100
AcDbEntity
  8
CUT
100
AcDbCircle
 10
1421.25094920411
 20
-376.7156056604961
 30
0.0
 40
1.0
100
AcDbArc
 50
335.0000000000065
 51
113.546888904513
  0
LINE
  5
635
330
17
100
AcDbEntity
  8
CUT
100
AcDbLine
 10
1425.349204518265
 20
-370.2930703604177
 30
0.0
 11
1426.366290481477
 21
-368.1119224735592
 31
0.0
  0
ARC
  5
636
330
17
100
AcDbEntity
  8
CUT
100
AcDbCircle
 10
1424.442896731227
 20
-369.8704520986755
 30
0.0
 40
1.0
100
AcDbArc
 50
293.5468889045131
 51
335.0000000000065
  0
ARC
  5
637
330
17
100
AcDbEntity
  8
CUT
100
AcDbCircle
 10
1425.459982694439
 20
-367.6893042118188
 30
0.0
 40
1.0
100
AcDbArc
 50
335.0000000000065
 51
90.0
  0
LINE
  5
638
330
17
100
AcDbEntity
  8
CUT
100
AcDbLine
 10
1418.160209381946
 20
-389.0374544966069
 30
0.0
 11
1395.270642820946
 21
-389.0374544966069
 31
0.0
  0
LINE
  5
639
330
17
100
AcDbEntity
  8
CUT
100
AcDbLine
 10
1427.59260401046
 20
-391.2482585890418
 30
0.0
 11
1422.266207862569
 21
-386.3730759590997
 31
0.0
  0
LINE
  5
63A
330
17
100
AcDbEntity
  8
CUT
100
AcDbLine
 10
1418.166275667252
 20
-382.6204601814522
 30
0.0
 11
1415.118944621496
 21
-379.831276844456
 31
0.0
  0
LINE
  5
63B
330
17
100
AcDbEntity
  8
CUT
100
AcDbLine
 10
1405.518280980901
 20
-371.0439115571357
 30
0.0
 11
1403.432382588988
 21
-369.1347152965263
 31
0.0
  0
ARC
  5
63C
330
17
100
AcDbEntity
  8
CUT
100
AcDbCircle
 10
1404.107554110262
 20
-368.3970545229592
 30
0.0
 40
1.0
100
AcDbArc
 50
124.0115673761381
 51
227.5325287678043
  0
LINE
  5
63D
330
17
100
AcDbEntity
  8
CUT
100
AcDbLine
 10
1399.638941414261
 20
-365.6626268507521
 30
0.0
 11
1393.933503743537
 21
-360.4405123372605
 31
0.0
  0
ARC
  5
63E
330
17
100
AcDbEntity
  8
CUT
100
AcDbCircle
 10
1400.314112935535
 20
-364.9249660771848
 30
0.0
 40
1.0
100
AcDbArc
 50
227.5325287678043
 51
304.0115673761381
  0
LINE
  5
63F
330
17
100
AcDbEntity
  8
CUT
100
AcDbLine
 10
1418.835380903219
 20
-387.2997937230391
 30
0.0
 11
1411.452398901398
 21
-380.5422442255806
 31
0.0
  0
LINE
  5
640
330
17
100
AcDbEntity
  8
CUT
100
AcDbLine
 10
1407.415498026054
 20
-376.8473202132047
 30
0.0
 11
1400.51995736191
 21
-370.5359195707281
 31
0.0
  0
ARC
  5
641
330
17
100
AcDbEntity
  8
CUT
100
AcDbCircle
 10
1399.844785840636
 20
-371.2735803442952
 30
0.0
 40
1.0
100
AcDbArc
 50
47.53252876778592
 51
124.0115673761381
  0
LINE
  5
642
330
17
100
AcDbEntity
  8
CUT
100
AcDbLine
 10
1396.726516187187
 20
-367.0638311249525
 30
0.0
 11
1392.622732129048
 21
-363.3076897862761
 31
0.0
  0
ARC
  5
643
330
17
100
AcDbEntity
  8
CUT
100
AcDbCircle
 10
1391.947560607774
 20
-364.0453505598434
 30
0.0
 40
1.0
100
AcDbArc
 50
47.53252876780434
 51
155.0099592415656
  0
ARC
  5
644
330
17
100
AcDbEntity
  8
CUT
100
AcDbCircle
 10
1396.051344665913
 20
-367.8014918985196
 30
0.0
 40
1.0
100
AcDbArc
 50
304.0115673761381
 51
47.53252876780434
  0
ARC
  5
645
330
17
100
AcDbEntity
  8
CUT
100
AcDbCircle
 10
1418.160209381946
 20
-388.0374544966069
 30
0.0
 40
1.0
100
AcDbArc
 50
270.0
 51
47.53252876782273
  0
ARC
  5
646
330
17
100
AcDbEntity
  8
CUT
100
AcDbCircle
 10
1404.492622022628
 20
-354.0116700629283
 30
0.0
 40
1.499999999999999
100
AcDbArc
 50
62.46912953533326
 51
242.4691295353333
  0
LINE
  5
647
330
17
100
AcDbEntity
  8
CUT
100
AcDbLine
 10
1409.061221542877
 20
-354.701514281692
 30
0.0
 11
1405.18596171243
 21
-352.6815271854325
 31
0.0
  0
LINE
  5
648
330
17
100
AcDbEntity
  8
CUT
100
AcDbLine
 10
1407.67454216328
 20
-357.3618000366844
 30
0.0
 11
1403.799282332837
 21
-355.341812940424
 31
0.0
  0
ARC
  5
649
330
17
100
AcDbEntity
  8
CUT
100
AcDbCircle
 10
1408.36788185308
 20
-356.0316571591879
 30
0.0
 40
1.499999999999999
100
AcDbArc
 50
242.4691295353333
 51
62.46912953533326
  0
LINE
  5
64A
330
17
100
AcDbEntity
  8
CUT
100
AcDbLine
 10
1385.338385673389
 20
-381.318094613141
 30
0.0
 11
1389.174076770356
 21
-384.9910129617517
 31
0.0
  0
LINE
  5
64B
330
17
100
AcDbEntity
  8
CUT
100
AcDbLine
 10
1388.069931013284
 20
-374.393750420321
 30
0.0
 11
1396.610704931387
 21
-368.6304165593958
 31
0.0
  0
ARC
  5
64C
330
17
100
AcDbEntity
  8
CUT
100
AcDbCircle
 10
1387.51057074781
 20
-373.5648257594448
 30
0.0
 40
1.0
100
AcDbArc
 50
155.0099592415656
 51
304.0115673761381
  0
LINE
  5
64D
330
17
100
AcDbEntity
  8
CUT
100
AcDbLine
 10
1400.873473201011
 20
-365.753890738061
 30
0.0
 11
1405.25972901113
 21
-362.7940352407093
 31
0.0
  0
LINE
  5
64E
330
17
100
AcDbEntity
  8
CUT
100
AcDbLine
 10
1385.470640932963
 20
-379.7669040971161
 30
0.0
 11
1399.285425575162
 21
-370.4446556834184
 31
0.0
  0
LINE
  5
64F
330
17
100
AcDbEntity
  8
CUT
100
AcDbLine
 10
1403.548193844786
 20
-367.568129862083
 30
0.0
 11
1405.104369302448
 21
-366.5180190882031
 31
0.0
  0
ARC
  5
650
330
17
100
AcDbEntity
  8
CUT
100
AcDbCircle
 10
1386.030001198436
 20
-380.5958287579926
 30
0.0
 40
1.0
100
AcDbArc
 50
124.0115673761381
 51
226.2418718880904
  0
LINE
  5
651
330
17
100
AcDbEntity
  8
CUT
100
AcDbLine
 10
1415.189889744006
 20
-355.6427381334613
 30
0.0
 11
1379.843987609063
 21
-337.2186145024962
 31
0.0
  0
ARC
  5
652
330
17
100
AcDbEntity
  8
CUT
100
AcDbCircle
 10
1378.919534689334
 20
-338.9921383391575
 30
0.0
 40
2.0
100
AcDbArc
 50
62.46912953543822
 51
154.9999999999802
  0
LINE
  5
653
330
17
100
AcDbEntity
  8
CUT
100
AcDbLine
 10
1375.230317624195
 20
-359.9343707376859
 30
0.0
 11
1383.38774872577
 21
-363.7365172134264
 31
0.0
  0
LINE
  5
654
330
17
100
AcDbEntity
  8
CUT
100
AcDbLine
 10
1376.075239063248
 20
-358.1216082706681
 30
0.0
 11
1384.232670164827
 21
-361.9237547464104
 31
0.0
  0
LINE
  5
655
330
17
100
AcDbEntity
  8
CUT
100
AcDbLine
 10
1378.61000338041
 20
-352.6833208696128
 30
0.0
 11
1386.76743448199
 21
-356.4854673453587
 31
0.0
  0
LINE
  5
656
330
17
100
AcDbEntity
  8
CUT
100
AcDbLine
 10
1377.765081941357
 20
-354.4960833366306
 30
0.0
 11
1385.922513042937
 21
-358.298229812373
 31
0.0
  0
ARC
  5
657
330
17
100
AcDbEntity
  8
CUT
100
AcDbCircle
 10
1378.187542660886
 20
-353.5897021031226
 30
0.0
 40
1.000000000001718
100
AcDbArc
 50
65.00995924148106
 51
245.009959241481
  0
ARC
  5
658
330
17
100
AcDbEntity
  8
CUT
100
AcDbCircle
 10
1386.344973762461
 20
-357.3918485788667
 30
0.0
 40
1.000000000001718
100
AcDbArc
 50
245.009959241481
 51
65.00995924148106
  0
ARC
  5
659
330
17
100
AcDbEntity
  8
CUT
100
AcDbCircle
 10
1375.652778343723
 20
-359.0279895041742
 30
0.0
 40
1.000000000001718
100
AcDbArc
 50
65.00995924148106
 51
245.009959241481
  0
ARC
  5
65A
330
17
100
AcDbEntity
  8
CUT
100
AcDbCircle
 10
1383.810209445299
 20
-362.8301359799184
 30
0.0
 40
1.000000000001718
100
AcDbArc
 50
245.009959241481
 51
65.00995924148106
  0
LINE
  5
65B
330
17
100
AcDbEntity
  8
CUT
100
AcDbLine
 10
1386.604189514302
 20
-373.1423650399187
 30
0.0
 11
1391.041179374266
 21
-363.6228898403171
 31
0.0
  0
LINE
  5
65C
330
17
100
AcDbEntity
  8
CUT
100
AcDbLine
 10
1379.519398713353
 20
-367.5109181527755
 30
0.0
 11
1384.957686114409
 21
-370.0456824699343
 31
0.0
  0
LINE
  5
65D
330
17
100
AcDbEntity
  8
CUT
100
AcDbLine
 10
1380.36432015241
 20
-365.6981556857577
 30
0.0
 11
1385.802607553461
 21
-368.2329200029183
 31
0.0
  0
ARC
  5
65E
330
17
100
AcDbEntity
  8
CUT
100
AcDbCircle
 10
1379.941859432885
 20
-366.6045369192639
 30
0.0
 40
1.000000000001718
100
AcDbArc
 50
65.00995924148106
 51
245.009959241481
  0
ARC
  5
65F
330
17
100
AcDbEntity
  8
CUT
100
AcDbCircle
 10
1385.380146833937
 20
-369.1393012364263
 30
0.0
 40
1.000000000001718
100
AcDbArc
 50
245.009959241481
 51
65.00995924148106
  0
LINE
  5
660
330
17
100
AcDbEntity
  8
CUT
100
AcDbLine
 10
1386.281818933686
 20
-353.010239598563
 30
0.0
 11
1391.720106334742
 21
-355.5450039157217
 31
0.0
  0
LINE
  5
661
330
17
100
AcDbEntity
  8
CUT
100
AcDbLine
 10
1387.126740372743
 20
-351.1974771315451
 30
0.0
 11
1392.565027773795
 21
-353.7322414487058
 31
0.0
  0
ARC
  5
662
330
17
100
AcDbEntity
  8
CUT
100
AcDbCircle
 10
1386.704279653218
 20
-352.1038583650514
 30
0.0
 40
1.000000000001718
100
AcDbArc
 50
65.00995924148106
 51
245.009959241481
  0
ARC
  5
663
330
17
100
AcDbEntity
  8
CUT
100
AcDbCircle
 10
1392.14256705427
 20
-354.6386226822137
 30
0.0
 40
1.000000000001718
100
AcDbArc
 50
245.009959241481
 51
65.00995924148106
  0
LINE
  5
664
330
17
100
AcDbEntity
  8
CUT
100
AcDbLine
 10
1404.702435106998
 20
-358.5076557039613
 30
0.0
 11
1399.391608065243
 21
-355.7393762687273
 31
0.0
  0
ARC
  5
665
330
17
100
AcDbEntity
  8
CUT
100
AcDbCircle
 10
1398.92938160538
 20
-356.6261381870577
 30
0.0
 40
1.0
100
AcDbArc
 50
62.46912953543822
 51
125.4541259168293
  0
LINE
  5
666
330
17
100
AcDbEntity
  8
CUT
100
AcDbLine
 10
1381.592699691389
 20
-376.792287150483
 30
0.0
 11
1383.217722652362
 21
-373.3058320843269
 31
0.0
  0
ARC
  5
667
330
17
100
AcDbEntity
  8
CUT
100
AcDbCircle
 10
1382.311341418854
 20
-372.8833713648007
 30
0.0
 40
1.0
100
AcDbArc
 50
335.0099592415656
 51
65.00995924159479
  0
LINE
  5
668
330
17
100
AcDbEntity
  8
CUT
100
AcDbLine
 10
1376.463480997363
 20
-369.0544181682337
 30
0.0
 11
1382.73380213838
 21
-371.9769901312919
 31
0.0
  0
ARC
  5
669
330
17
100
AcDbEntity
  8
CUT
100
AcDbCircle
 10
1376.041020277837
 20
-369.9607994017427
 30
0.0
 40
1.0
100
AcDbArc
 50
65.00995924159479
 51
155.0099592415597
  0
LINE
  5
66A
330
17
100
AcDbEntity
  8
CUT
100
AcDbLine
 10
1394.028624319839
 20
-358.8882713643049
 30
0.0
 11
1398.349330660405
 21
-355.8115579876696
 31
0.0
  0
ARC
  5
66B
330
17
100
AcDbEntity
  8
CUT
100
AcDbCircle
 10
1394.608675264811
 20
-359.702851563693
 30
0.0
 40
1.0
100
AcDbArc
 50
125.4541259167316
 51
227.5325287678043
  0
LINE
  5
66C
330
17
100
AcDbEntity
  8
CUT
100
AcDbLine
 10
1374.502724613663
 20
-370.8940987675089
 30
0.0
 11
1375.134639044328
 21
-369.5383386822164
 31
0.0
  0
MTEXT
  5
66D
102
{ACAD_XDICTIONARY
360
66E
102
}
330
17
100
AcDbEntity
  8
CUT
  6
JIS_09_08
100
AcDbMText
 10
1252.515930252204
 20
56.50126844745625
 30
0.0
 40
10.0
 41
231.6733826810705
 46
0.0
 71
1
 72
5
  1
\pi83.83669;{\fISOCPEUR|b0|i0|c0|p34;cam plates\P\pi41.33669;high tilt (40°) _ O4 PRO}
1001
ACAD
1000
ACAD_MTEXT_COLUMN_INFO_BEGIN
1070
75
1070
2
1070
79
1070
0
1070
76
1070
1
1070
78
1070
0
1070
48
1040
231.6733826810705
1070
49
1040
12.5
1070
50
1070
1
1040
0.0
1000
ACAD_MTEXT_COLUMN_INFO_END
1000
ACAD_MTEXT_COLUMNS_BEGIN
1070
47
1070
1
1000
ACAD_MTEXT_COLUMNS_END
  0
MTEXT
  5
670
102
{ACAD_XDICTIONARY
360
671
102
}
330
17
100
AcDbEntity
  8
CUT
  6
JIS_09_08
100
AcDbMText
 10
1245.858543352267
 20
-245.6765429551592
 30
0.0
 40
10.0
 41
240.8960699710369
 46
0.0
 71
1
 72
5
  1
\pi88.44803;{\fISOCPEUR|b0|i0|c0|p34;cam plates\P\pi62.44803;cine (25°)_ O4 PRO\P\pi59.94803;FOV clean in "Wide"}
1001
ACAD
1000
ACAD_MTEXT_COLUMN_INFO_BEGIN
1070
75
1070
2
1070
79
1070
0
1070
76
1070
1
1070
78
1070
0
1070
48
1040
240.8960699710369
1070
49
1040
12.5
1070
50
1070
1
1040
0.0
1000
ACAD_MTEXT_COLUMN_INFO_END
1000
ACAD_MTEXT_COLUMNS_BEGIN
1070
47
1070
1
1000
ACAD_MTEXT_COLUMNS_END
  0
MTEXT
  5
673
102
{ACAD_XDICTIONARY
360
674
102
}
330
17
100
AcDbEntity
  8
POCKET
100
AcDbMText
 10
1243.777414987994
 20
-96.39463057082885
 30
0.0
 40
5.0
 41
327.756144
 46
0.0
 71
1
 72
5
  1
\pi154.37807;{\fISOCPEUR|b0|i0|c0|p34;pocket \P\pi146.12807;depth 1.2mm }
1001
ACAD
1000
ACAD_MTEXT_COLUMN_INFO_BEGIN
1070
75
1070
2
1070
79
1070
0
1070
76
1070
1
1070
78
1070
0
1070
48
1040
327.756144
1070
49
1040
12.5
1070
50
1070
1
1040
0.0
1000
ACAD_MTEXT_COLUMN_INFO_END
1000
ACAD_MTEXT_COLUMNS_BEGIN
1070
47
1070
1
1000
ACAD_MTEXT_COLUMNS_END
  0
LWPOLYLINE
  5
676
330
17
100
AcDbEntity
  8
POCKET
100
AcDbPolyline
 90
2
 70
0
 10
1392.125565271318
 20
-103.3590602700278
 10
1368.112465087713
 20
-103.3590602700278
  0
LINE
  5
677
330
17
100
AcDbEntity
  8
CUT
100
AcDbLine
 10
1347.889872936073
 20
-111.6729586786831
 30
0.0
 11
1336.988496607097
 21
-107.7065863594781
 31
0.0
  0
ARC
  5
678
330
17
100
AcDbEntity
  8
CUT
100
AcDbCircle
 10
1347.547959679767
 20
-112.6126901962783
 30
0.0
 40
1.0
100
AcDbArc
 50
25.00000000000958
 51
70.00651707609622
  0
LINE
  5
679
330
17
100
AcDbEntity
  8
CUT
100
AcDbLine
 10
1345.241271366365
 20
-101.0940912890186
 30
0.0
 11
1340.291288256976
 21
-101.0940912890186
 31
0.0
  0
ARC
  5
67A
330
17
100
AcDbEntity
  8
CUT
100
AcDbCircle
 10
1345.241271366365
 20
-101.5940912890186
 30
0.0
 40
0.5
100
AcDbArc
 50
0.0
 51
90.0
  0
LINE
  5
67B
330
17
100
AcDbEntity
  8
CUT
100
AcDbLine
 10
1351.136637599218
 20
-103.5940912890186
 30
0.0
 11
1351.136637599218
 21
-100.7034460602741
 31
0.0
  0
ARC
  5
67C
330
17
100
AcDbEntity
  8
CUT
100
AcDbCircle
 10
1352.136637599218
 20
-100.7034460602741
 30
0.0
 40
1.0
100
AcDbArc
 50
122.7141453731848
 51
180.0
  0
CIRCLE
  5
67D
330
17
100
AcDbEntity
  8
CUT
100
AcDbCircle
 10
1382.26076984885
 20
-122.8971820058237
 30
0.0
 40
1.5
  0
LINE
  5
67E
330
17
100
AcDbEntity
  8
CUT
100
AcDbLine
 10
1368.263048980061
 20
-136.5940912890186
 30
0.0
 11
1363.313065870668
 21
-136.5940912890186
 31
0.0
  0
LINE
  5
67F
330
17
100
AcDbEntity
  8
CUT
100
AcDbLine
 10
1354.679008232688
 20
-136.5940912890186
 30
0.0
 11
1349.729025123295
 21
-136.5940912890186
 31
0.0
  0
LINE
  5
680
330
17
100
AcDbEntity
  8
CUT
100
AcDbLine
 10
1374.398087982292
 20
-135.5940912890186
 30
0.0
 11
1374.398087982292
 21
-133.5940912890186
 31
0.0
  0
ARC
  5
681
330
17
100
AcDbEntity
  8
CUT
100
AcDbCircle
 10
1374.898087982292
 20
-135.5940912890186
 30
0.0
 40
0.5
100
AcDbArc
 50
180.0
 51
270.0
  0
LINE
  5
682
330
17
100
AcDbEntity
  8
CUT
100
AcDbLine
 10
1377.494170026806
 20
-135.3183078230973
 30
0.0
 11
1386.309817005778
 21
-123.9294988120904
 31
0.0
  0
ARC
  5
683
330
17
100
AcDbEntity
  8
CUT
100
AcDbCircle
 10
1375.9126220896
 20
-134.0940912890186
 30
0.0
 40
2.0
100
AcDbArc
 50
270.0
 51
322.2578989928102
  0
LINE
  5
684
330
17
100
AcDbEntity
  8
CUT
100
AcDbLine
 10
1368.763048980061
 20
-136.0940912890186
 30
0.0
 11
1368.763048980061
 21
-133.5940912890186
 31
0.0
  0
ARC
  5
685
330
17
100
AcDbEntity
  8
CUT
100
AcDbCircle
 10
1368.263048980061
 20
-136.0940912890186
 30
0.0
 40
0.5
100
AcDbArc
 50
270.0
 51
0.0
  0
LINE
  5
686
330
17
100
AcDbEntity
  8
CUT
100
AcDbLine
 10
1362.813065870668
 20
-136.0940912890186
 30
0.0
 11
1362.813065870668
 21
-133.5940912890186
 31
0.0
  0
ARC
  5
687
330
17
100
AcDbEntity
  8
CUT
100
AcDbCircle
 10
1363.313065870668
 20
-136.0940912890186
 30
0.0
 40
0.5
100
AcDbArc
 50
180.0
 51
270.0
  0
LINE
  5
688
330
17
100
AcDbEntity
  8
CUT
100
AcDbLine
 10
1355.179008232688
 20
-136.0940912890186
 30
0.0
 11
1355.179008232688
 21
-133.5940912890186
 31
0.0
  0
ARC
  5
689
330
17
100
AcDbEntity
  8
CUT
100
AcDbCircle
 10
1354.679008232688
 20
-136.0940912890186
 30
0.0
 40
0.5
100
AcDbArc
 50
270.0
 51
0.0
  0
LINE
  5
68A
330
17
100
AcDbEntity
  8
CUT
100
AcDbLine
 10
1349.229025123295
 20
-136.0940912890186
 30
0.0
 11
1349.229025123295
 21
-133.1616814417385
 31
0.0
  0
ARC
  5
68B
330
17
100
AcDbEntity
  8
CUT
100
AcDbCircle
 10
1349.729025123295
 20
-136.0940912890186
 30
0.0
 40
0.5
100
AcDbArc
 50
180.0
 51
270.0
  0
ARC
  5
68C
330
17
100
AcDbEntity
  8
CUT
100
AcDbCircle
 10
1355.979008232687
 20
-133.5940912890186
 30
0.0
 40
0.8
100
AcDbArc
 50
0.0
 51
180.0
  0
ARC
  5
68D
330
17
100
AcDbEntity
  8
CUT
100
AcDbCircle
 10
1362.013065870669
 20
-133.5940912890186
 30
0.0
 40
0.8
100
AcDbArc
 50
0.0
 51
180.0
  0
ARC
  5
68E
330
17
100
AcDbEntity
  8
CUT
100
AcDbCircle
 10
1369.56304898006
 20
-133.5940912890186
 30
0.0
 40
0.8
100
AcDbArc
 50
0.0
 51
180.0
  0
ARC
  5
68F
330
17
100
AcDbEntity
  8
CUT
100
AcDbCircle
 10
1373.598087982293
 20
-133.5940912890186
 30
0.0
 40
0.8
100
AcDbArc
 50
0.0
 51
180.0
  0
LINE
  5
690
330
17
100
AcDbEntity
  8
CUT
100
AcDbLine
 10
1386.260357954808
 20
-121.4197070586393
 30
0.0
 11
1363.498056779608
 21
-94.29265285738381
 31
0.0
  0
ARC
  5
691
330
17
100
AcDbEntity
  8
CUT
100
AcDbCircle
 10
1384.728269068572
 20
-122.7052822780118
 30
0.0
 40
2.0
100
AcDbArc
 50
322.2578989928102
 51
39.99999999990087
  0
LINE
  5
692
330
17
100
AcDbEntity
  8
CUT
100
AcDbLine
 10
1345.741271366365
 20
-103.5940912890186
 30
0.0
 11
1345.741271366365
 21
-101.5940912890186
 31
0.0
  0
LINE
  5
693
330
17
100
AcDbEntity
  8
CUT
100
AcDbLine
 10
1339.791288256973
 20
-103.5940912890186
 30
0.0
 11
1339.791288256976
 21
-101.5940912890181
 31
0.0
  0
ARC
  5
694
330
17
100
AcDbEntity
  8
CUT
100
AcDbCircle
 10
1340.291288256976
 20
-101.5940912890186
 30
0.0
 40
0.5
100
AcDbArc
 50
90.0
 51
179.9999999999479
  0
ARC
  5
695
330
17
100
AcDbEntity
  8
CUT
100
AcDbCircle
 10
1346.541271366364
 20
-103.5940912890186
 30
0.0
 40
0.8
100
AcDbArc
 50
180.0
 51
0.0
  0
ARC
  5
696
330
17
100
AcDbEntity
  8
CUT
100
AcDbCircle
 10
1338.991288256977
 20
-103.5940912890186
 30
0.0
 40
0.8
100
AcDbArc
 50
180.0
 51
0.0
  0
ARC
  5
697
330
17
100
AcDbEntity
  8
CUT
100
AcDbCircle
 10
1350.336637599219
 20
-103.5940912890186
 30
0.0
 40
0.8
100
AcDbArc
 50
180.0
 51
0.0
  0
LINE
  5
698
330
17
100
AcDbEntity
  8
CUT
100
AcDbLine
 10
1336.424102076366
 20
-107.1894731036244
 30
0.0
 11
1335.079236897265
 21
-104.3054004198894
 31
0.0
  0
ARC
  5
699
330
17
100
AcDbEntity
  8
CUT
100
AcDbCircle
 10
1337.330409863403
 20
-106.7668548418834
 30
0.0
 40
1.0
100
AcDbArc
 50
204.9999999999251
 51
250.0065170760961
  0
ARC
  5
69A
330
17
100
AcDbEntity
  8
CUT
100
AcDbCircle
 10
1335.532390790784
 20
-104.0940912890186
 30
0.0
 40
0.5
100
AcDbArc
 50
90.0
 51
204.9999999999105
  0
LINE
  5
69B
330
17
100
AcDbEntity
  8
CUT
100
AcDbLine
 10
1370.13033603131
 20
-122.5267652887856
 30
0.0
 11
1364.0010867362
 21
-127.6680008482987
 31
0.0
  0
LINE
  5
69C
330
17
100
AcDbEntity
  8
CUT
100
AcDbLine
 10
1375.378599813142
 20
-122.0401542476521
 30
0.0
 11
1367.263882126703
 21
-128.8468075776469
 31
0.0
  0
ARC
  5
69D
330
17
100
AcDbEntity
  8
CUT
100
AcDbCircle
 10
1367.906536571641
 20
-129.6129637395355
 30
0.0
 40
1.0
100
AcDbArc
 50
129.9900407583854
 51
270.0
  0
ARC
  5
69E
330
17
100
AcDbEntity
  8
CUT
100
AcDbCircle
 10
1376.021254258081
 20
-122.8063104095409
 30
0.0
 40
1.0
100
AcDbArc
 50
322.2578989928102
 51
129.9900407583854
  0
LINE
  5
69F
330
17
100
AcDbEntity
  8
CUT
100
AcDbLine
 10
1368.845027141429
 20
-120.9944529650089
 30
0.0
 11
1362.715777846326
 21
-126.1356885245237
 31
0.0
  0
ARC
  5
6A0
330
17
100
AcDbEntity
  8
CUT
100
AcDbCircle
 10
1369.487681586368
 20
-121.760609126895
 30
0.0
 40
1.000000000001718
100
AcDbArc
 50
309.9900407583866
 51
129.9900407583865
  0
ARC
  5
6A1
330
17
100
AcDbEntity
  8
CUT
100
AcDbCircle
 10
1363.358432291261
 20
-126.9018446864116
 30
0.0
 40
1.000000000001718
100
AcDbArc
 50
129.9900407583865
 51
309.9900407583866
  0
ARC
  5
6A2
330
17
100
AcDbEntity
  8
CUT
100
AcDbCircle
 10
1351.831316428615
 20
-124.1645799703441
 30
0.0
 40
2.0
100
AcDbArc
 50
330.7379344127174
 51
24.99999999991036
  0
LINE
  5
6A3
330
17
100
AcDbEntity
  8
CUT
100
AcDbLine
 10
1349.356632031493
 20
-132.6728764771848
 30
0.0
 11
1353.576102612223
 21
-125.1421898994543
 31
0.0
  0
ARC
  5
6A4
330
17
100
AcDbEntity
  8
CUT
100
AcDbCircle
 10
1350.229025123295
 20
-133.1616814417385
 30
0.0
 40
1.0
100
AcDbArc
 50
150.7379344128285
 51
180.0
  0
LINE
  5
6A5
330
17
100
AcDbEntity
  8
CUT
100
AcDbLine
 10
1372.798087982293
 20
-133.5940912890186
 30
0.0
 11
1370.36304898006
 21
-133.5940912890186
 31
0.0
  0
LINE
  5
6A6
330
17
100
AcDbEntity
  8
CUT
100
AcDbLine
 10
1361.21306587067
 20
-133.5940912890186
 30
0.0
 11
1356.779008232686
 21
-133.5940912890186
 31
0.0
  0
LINE
  5
6A7
330
17
100
AcDbEntity
  8
CUT
100
AcDbLine
 10
1349.53663759922
 20
-103.5940912890186
 30
0.0
 11
1347.341271366364
 21
-103.5940912890186
 31
0.0
  0
LINE
  5
6A8
330
17
100
AcDbEntity
  8
CUT
100
AcDbLine
 10
1338.191288256977
 20
-103.5940912890186
 30
0.0
 11
1335.532390790784
 21
-103.5940912890186
 31
0.0
  0
LINE
  5
6A9
330
17
100
AcDbEntity
  8
CUT
100
AcDbLine
 10
1375.9126220896
 20
-136.0940912890186
 30
0.0
 11
1374.898087982292
 21
-136.0940912890186
 31
0.0
  0
LINE
  5
6AA
330
17
100
AcDbEntity
  8
CUT
100
AcDbLine
 10
1370.752480955492
 20
-130.6129637395355
 30
0.0
 11
1367.906536571641
 21
-130.6129637395355
 31
0.0
  0
ARC
  5
6AB
330
17
100
AcDbEntity
  8
CUT
100
AcDbCircle
 10
1370.752480955492
 20
-129.6129637395355
 30
0.0
 40
1.0
100
AcDbArc
 50
270.0
 51
322.2578989928102
  0
LINE
  5
6AC
330
17
100
AcDbEntity
  8
CUT
100
AcDbLine
 10
1360.88507177537
 20
-93.89547331681672
 30
0.0
 11
1351.596189540218
 21
-99.86206868030501
 31
0.0
  0
ARC
  5
6AD
330
17
100
AcDbEntity
  8
CUT
100
AcDbCircle
 10
1361.965967893371
 20
-95.57822807675564
 30
0.0
 40
2.0
100
AcDbArc
 50
39.99999999990087
 51
122.7141453731848
  0
LINE
  5
6AE
330
17
100
AcDbEntity
  8
CUT
100
AcDbLine
 10
1348.454267466804
 20
-112.1900719345375
 30
0.0
 11
1353.643932002687
 21
-123.3193434468634
 31
0.0
  0
LINE
  5
6AF
330
17
100
AcDbEntity
  8
CUT
100
AcDbLine
 10
1371.543254924098
 20
-130.225072006575
 30
0.0
 11
1376.812028226686
 21
-123.4184186765809
 31
0.0
  0
CIRCLE
  5
6B0
330
17
100
AcDbEntity
  8
CUT
100
AcDbCircle
 10
1361.126953227118
 20
-98.04343018282168
 30
0.0
 40
1.5
  0
LINE
  5
6B1
330
17
100
AcDbEntity
  8
CUT
100
AcDbLine
 10
1358.5590801258
 20
-108.7366794925659
 30
0.0
 11
1352.431618516166
 21
-113.8800455326676
 31
0.0
  0
LINE
  5
6B2
330
17
100
AcDbEntity
  8
CUT
100
AcDbLine
 10
1359.844921635824
 20
-110.2685448949745
 30
0.0
 11
1353.717460026193
 21
-115.4119109350725
 31
0.0
  0
ARC
  5
6B3
330
17
100
AcDbEntity
  8
CUT
100
AcDbCircle
 10
1359.202000880814
 20
-109.5026121937702
 30
0.0
 40
1.000000000001718
100
AcDbArc
 50
310.0099592413694
 51
130.0099592413696
  0
ARC
  5
6B4
330
17
100
AcDbEntity
  8
CUT
100
AcDbCircle
 10
1353.074539271176
 20
-114.6459782338719
 30
0.0
 40
1.000000000001718
100
AcDbArc
 50
130.0099592413696
 51
310.0099592413694
  0
LINE
  5
6B5
330
17
100
AcDbEntity
  8
CUT
100
AcDbLine
 10
1370.742114269076
 20
-115.485315029838
 30
0.0
 11
1364.612864973966
 21
-120.6265505893509
 31
0.0
  0
LINE
  5
6B6
330
17
100
AcDbEntity
  8
CUT
100
AcDbLine
 10
1369.456805379195
 20
-113.9530027060613
 30
0.0
 11
1363.327556084092
 21
-119.094238265576
 31
0.0
  0
LINE
  5
6B7
330
17
100
AcDbEntity
  8
CUT
100
AcDbLine
 10
1365.60087870956
 20
-109.3560657347283
 30
0.0
 11
1359.471629414453
 21
-114.4973012942449
 31
0.0
  0
LINE
  5
6B8
330
17
100
AcDbEntity
  8
CUT
100
AcDbLine
 10
1366.886187599437
 20
-110.8883780585059
 30
0.0
 11
1360.75693830433
 21
-116.029613618019
 31
0.0
  0
ARC
  5
6B9
330
17
100
AcDbEntity
  8
CUT
100
AcDbCircle
 10
1366.243533154498
 20
-110.1222218966171
 30
0.0
 40
1.000000000001718
100
AcDbArc
 50
309.9900407583866
 51
129.9900407583865
  0
ARC
  5
6BA
330
17
100
AcDbEntity
  8
CUT
100
AcDbCircle
 10
1360.114283859395
 20
-115.2634574561328
 30
0.0
 40
1.000000000001718
100
AcDbArc
 50
129.9900407583865
 51
309.9900407583866
  0
ARC
  5
6BB
330
17
100
AcDbEntity
  8
CUT
100
AcDbCircle
 10
1370.099459824134
 20
-114.7191588679474
 30
0.0
 40
1.000000000001718
100
AcDbArc
 50
309.9900407583866
 51
129.9900407583865
  0
ARC
  5
6BC
330
17
100
AcDbEntity
  8
CUT
100
AcDbCircle
 10
1363.970210529027
 20
-119.8603944274639
 30
0.0
 40
1.000000000001718
100
AcDbArc
 50
129.9900407583865
 51
309.9900407583866
  0
LINE
  5
6BD
330
17
100
AcDbEntity
  8
POCKET
100
AcDbLine
 10
1376.727991478594
 20
-117.8380941989928
 30
0.0
 11
1364.322190611645
 21
-103.0534364467925
 31
0.0
  0
LINE
  5
6BE
330
17
100
AcDbEntity
  8
POCKET
100
AcDbLine
 10
1379.545655584206
 20
-118.0846078658562
 30
0.0
 11
1381.84378891356
 21
-116.1562450367995
 31
0.0
  0
ARC
  5
6BF
330
17
100
AcDbEntity
  8
POCKET
100
AcDbCircle
 10
1378.260080364835
 20
-116.5525189796193
 30
0.0
 40
2.0
100
AcDbArc
 50
219.9999999998983
 51
309.9999999999537
  0
LINE
  5
6C0
330
17
100
AcDbEntity
  8
POCKET
100
AcDbLine
 10
1364.56870427851
 20
-100.2357723411845
 30
0.0
 11
1366.866837607864
 21
-98.30740951212773
 31
0.0
  0
ARC
  5
6C1
330
17
100
AcDbEntity
  8
POCKET
100
AcDbCircle
 10
1365.854279497882
 20
-101.7678612274211
 30
0.0
 40
2.0
100
AcDbArc
 50
129.9999999999526
 51
219.9999999999008
  0
MTEXT
  5
6C2
102
{ACAD_XDICTIONARY
360
6C3
102
}
330
17
100
AcDbEntity
  8
CUT
  6
JIS_09_08
100
AcDbMText
 10
1212.088343707483
 20
-512.1197657816822
 30
0.0
 40
10.0
 41
327.756144
 46
0.0
 71
1
 72
5
  1
\pi137.87807;{\fISOCPEUR|b0|i0|c0|p34;1 pocket:\P\pi125.37807;depth 1.2 mm }
1001
ACAD
1000
ACAD_MTEXT_COLUMN_INFO_BEGIN
1070
75
1070
2
1070
79
1070
0
1070
76
1070
1
1070
78
1070
0
1070
48
1040
327.756144
1070
49
1040
12.5
1070
50
1070
1
1040
0.0
1000
ACAD_MTEXT_COLUMN_INFO_END
1000
ACAD_MTEXT_COLUMNS_BEGIN
1070
47
1070
1
1000
ACAD_MTEXT_COLUMNS_END
  0
MTEXT
  5
6C5
102
{ACAD_XDICTIONARY
360
6C6
102
}
330
17
100
AcDbEntity
  8
CUT
  6
JIS_09_08
100
AcDbMText
 10
1197.459273781787
 20
-1117.102436942387
 30
0.0
 40
10.0
 41
327.756144
 46
0.0
 71
1
 72
5
  1
\pi137.87807;{\fISOCPEUR|b0|i0|c0|p34;1 pocket:\P\pi125.37807;depth 1.2 mm }
1001
ACAD
1000
ACAD_MTEXT_COLUMN_INFO_BEGIN
1070
75
1070
2
1070
79
1070
0
1070
76
1070
1
1070
78
1070
0
1070
48
1040
327.756144
1070
49
1040
12.5
1070
50
1070
1
1040
0.0
1000
ACAD_MTEXT_COLUMN_INFO_END
1000
ACAD_MTEXT_COLUMNS_BEGIN
1070
47
1070
1
1000
ACAD_MTEXT_COLUMNS_END
  0
MTEXT
  5
6C8
102
{ACAD_XDICTIONARY
360
6C9
102
}
330
17
100
AcDbEntity
  8
CUT
  6
JIS_09_08
100
AcDbMText
 10
1334.229371780312
 20
-922.3406432920187
 30
0.0
 40
10.0
 41
327.7561439170822
 46
0.0
 71
1
 72
5
  1
{\fISOCPEUR|b0|i0|c0|p34;3mm (x1)}
1001
ACAD
1000
ACAD_MTEXT_COLUMN_INFO_BEGIN
1070
75
1070
2
1070
79
1070
0
1070
76
1070
1
1070
78
1070
0
1070
48
1040
327.7561439170822
1070
49
1040
12.5
1070
50
1070
1
1040
0.0
1000
ACAD_MTEXT_COLUMN_INFO_END
1000
ACAD_MTEXT_COLUMNS_BEGIN
1070
47
1070
1
1000
ACAD_MTEXT_COLUMNS_END
  0
MTEXT
  5
6CB
102
{ACAD_XDICTIONARY
360
6CC
102
}
330
17
100
AcDbEntity
  8
POCKET
100
AcDbMText
 10
1493.955131969849
 20
-346.6813253691087
 30
0.0
 40
5.0
 41
327.756144
 46
0.0
 71
3
 72
5
  1
{\fISOCPEUR|b0|i0|c0|p34;pocket \Pdepth 1.2mm }
1001
ACAD
1000
ACAD_MTEXT_COLUMN_INFO_BEGIN
1070
75
1070
2
1070
79
1070
0
1070
76
1070
1
1070
78
1070
0
1070
48
1040
327.756144
1070
49
1040
12.5
1070
50
1070
1
1040
0.0
1000
ACAD_MTEXT_COLUMN_INFO_END
1000
ACAD_MTEXT_COLUMNS_BEGIN
1070
47
1070
1
1000
ACAD_MTEXT_COLUMNS_END
  0
LWPOLYLINE
  5
6CE
330
17
100
AcDbEntity
  8
POCKET
100
AcDbPolyline
 90
2
 70
0
 10
1345.606981686525
 20
-353.6457550683077
 10
1372.949682790488
 20
-353.6457550683077
  0
LINE
  5
6CF
330
17
100
AcDbEntity
  8
CUT
100
AcDbLine
 10
1333.733585114853
 20
-453.6853137029656
 30
0.0
 11
1333.733585114853
 21
-448.6622731124023
 31
0.0
  0
ARC
  5
6D0
330
17
100
AcDbEntity
  8
CUT
100
AcDbCircle
 10
1335.733585114853
 20
-448.6622731124023
 30
0.0
 40
2.0
100
AcDbArc
 50
117.5308704645618
 51
180.0
  0
LINE
  5
6D1
330
17
100
AcDbEntity
  8
CUT
100
AcDbLine
 10
1350.859996495699
 20
-486.6853137029656
 30
0.0
 11
1345.910013386303
 21
-486.6853137029656
 31
0.0
  0
ARC
  5
6D2
330
17
100
AcDbEntity
  8
CUT
100
AcDbCircle
 10
1350.859996495699
 20
-486.1853137029656
 30
0.0
 40
0.5
100
AcDbArc
 50
270.0
 51
0.0
  0
LINE
  5
6D3
330
17
100
AcDbEntity
  8
CUT
100
AcDbLine
 10
1337.275955748326
 20
-486.6853137029656
 30
0.0
 11
1332.32597263893
 21
-486.6853137029656
 31
0.0
  0
ARC
  5
6D4
330
17
100
AcDbEntity
  8
CUT
100
AcDbCircle
 10
1337.275955748326
 20
-486.1853137029656
 30
0.0
 40
0.5
100
AcDbArc
 50
270.0
 51
0.0
  0
LINE
  5
6D5
330
17
100
AcDbEntity
  8
CUT
100
AcDbLine
 10
1356.995035497926
 20
-486.1853137029656
 30
0.0
 11
1356.995035497926
 21
-483.6853137029656
 31
0.0
  0
ARC
  5
6D6
330
17
100
AcDbEntity
  8
CUT
100
AcDbCircle
 10
1357.495035497926
 20
-486.1853137029656
 30
0.0
 40
0.5
100
AcDbArc
 50
180.0
 51
270.0
  0
LINE
  5
6D7
330
17
100
AcDbEntity
  8
CUT
100
AcDbLine
 10
1360.627297823947
 20
-486.6853137029656
 30
0.0
 11
1357.495035497926
 21
-486.6853137029656
 31
0.0
  0
ARC
  5
6D8
330
17
100
AcDbEntity
  8
CUT
100
AcDbCircle
 10
1360.627297823947
 20
-484.6853137029657
 30
0.0
 40
2.0
100
AcDbArc
 50
270.0
 51
313.7581281119096
  0
LINE
  5
6D9
330
17
100
AcDbEntity
  8
CUT
100
AcDbLine
 10
1351.359996495699
 20
-486.1853137029656
 30
0.0
 11
1351.359996495699
 21
-483.6853137029656
 31
0.0
  0
LINE
  5
6DA
330
17
100
AcDbEntity
  8
CUT
100
AcDbLine
 10
1345.410013386303
 20
-486.1853137029656
 30
0.0
 11
1345.410013386303
 21
-483.6853137029656
 31
0.0
  0
ARC
  5
6DB
330
17
100
AcDbEntity
  8
CUT
100
AcDbCircle
 10
1345.910013386303
 20
-486.1853137029656
 30
0.0
 40
0.5
100
AcDbArc
 50
180.0
 51
270.0
  0
LINE
  5
6DC
330
17
100
AcDbEntity
  8
CUT
100
AcDbLine
 10
1337.775955748326
 20
-486.1853137029656
 30
0.0
 11
1337.775955748326
 21
-483.6853137029656
 31
0.0
  0
LINE
  5
6DD
330
17
100
AcDbEntity
  8
CUT
100
AcDbLine
 10
1331.825972638929
 20
-486.1853137029656
 30
0.0
 11
1331.825972638929
 21
-483.6853137029656
 31
0.0
  0
ARC
  5
6DE
330
17
100
AcDbEntity
  8
CUT
100
AcDbCircle
 10
1332.32597263893
 20
-486.1853137029656
 30
0.0
 40
0.5
100
AcDbArc
 50
180.0
 51
270.0
  0
ARC
  5
6DF
330
17
100
AcDbEntity
  8
CUT
100
AcDbCircle
 10
1338.575955748325
 20
-483.6853137029656
 30
0.0
 40
0.8
100
AcDbArc
 50
0.0
 51
180.0
  0
ARC
  5
6E0
330
17
100
AcDbEntity
  8
CUT
100
AcDbCircle
 10
1344.610013386304
 20
-483.6853137029656
 30
0.0
 40
0.8
100
AcDbArc
 50
0.0
 51
180.0
  0
ARC
  5
6E1
330
17
100
AcDbEntity
  8
CUT
100
AcDbCircle
 10
1352.159996495698
 20
-483.6853137029656
 30
0.0
 40
0.8
100
AcDbArc
 50
0.0
 51
180.0
  0
ARC
  5
6E2
330
17
100
AcDbEntity
  8
CUT
100
AcDbCircle
 10
1356.195035497927
 20
-483.6853137029656
 30
0.0
 40
0.8
100
AcDbArc
 50
0.0
 51
180.0
  0
ARC
  5
6E3
330
17
100
AcDbEntity
  8
CUT
100
AcDbCircle
 10
1331.02597263893
 20
-483.6853137029656
 30
0.0
 40
0.8
100
AcDbArc
 50
0.0
 51
180.0
  0
LINE
  5
6E4
330
17
100
AcDbEntity
  8
CUT
100
AcDbLine
 10
1328.338218882003
 20
-453.6853137029656
 30
0.0
 11
1328.338218882003
 21
-451.6853137029657
 31
0.0
  0
LINE
  5
6E5
330
17
100
AcDbEntity
  8
CUT
100
AcDbLine
 10
1322.388235772607
 20
-453.6853137029656
 30
0.0
 11
1322.38823577261
 21
-451.6853137029657
 31
0.0
  0
ARC
  5
6E6
330
17
100
AcDbEntity
  8
CUT
100
AcDbCircle
 10
1322.888235772611
 20
-451.6853137029657
 30
0.0
 40
0.5
100
AcDbArc
 50
90.0
 51
179.9999999999479
  0
ARC
  5
6E7
330
17
100
AcDbEntity
  8
CUT
100
AcDbCircle
 10
1329.138218882002
 20
-453.6853137029656
 30
0.0
 40
0.8
100
AcDbArc
 50
180.0
 51
0.0
  0
ARC
  5
6E8
330
17
100
AcDbEntity
  8
CUT
100
AcDbCircle
 10
1321.588235772608
 20
-453.6853137029656
 30
0.0
 40
0.8
100
AcDbArc
 50
180.0
 51
0.0
  0
ARC
  5
6E9
330
17
100
AcDbEntity
  8
CUT
100
AcDbCircle
 10
1332.933585114853
 20
-453.6853137029656
 30
0.0
 40
0.8
100
AcDbArc
 50
180.0
 51
0.0
  0
LINE
  5
6EA
330
17
100
AcDbEntity
  8
CUT
100
AcDbLine
 10
1327.963950342324
 20
-476.4588080660733
 30
0.0
 11
1317.875197749923
 21
-454.8234083123579
 31
0.0
  0
ARC
  5
6EB
330
17
100
AcDbEntity
  8
CUT
100
AcDbCircle
 10
1327.057642555286
 20
-476.8814263278136
 30
0.0
 40
1.0
100
AcDbArc
 50
312.4674712321773
 51
24.99999999999344
  0
LINE
  5
6EC
330
17
100
AcDbEntity
  8
CUT
100
AcDbLine
 10
1387.217543420298
 20
-460.1139194563459
 30
0.0
 11
1372.892102823869
 21
-429.3929129579559
 31
0.0
  0
ARC
  5
6ED
330
17
100
AcDbEntity
  8
CUT
100
AcDbCircle
 10
1385.404927846224
 20
-460.959155979827
 30
0.0
 40
2.0
100
AcDbArc
 50
313.7581281119096
 51
25.00000000001981
  0
LINE
  5
6EE
330
17
100
AcDbEntity
  8
POCKET
100
AcDbLine
 10
1379.39877491349
 20
-455.1775241993993
 30
0.0
 11
1371.443733928096
 21
-438.117883753279
 31
0.0
  0
ARC
  5
6EF
330
17
100
AcDbEntity
  8
POCKET
100
AcDbCircle
 10
1381.211390487566
 20
-454.3322876759178
 30
0.0
 40
2.0
100
AcDbArc
 50
204.9999999999994
 51
295.0000000000926
  0
LINE
  5
6F0
330
17
100
AcDbEntity
  8
POCKET
100
AcDbLine
 10
1372.411112978687
 20
-435.4600316557245
 30
0.0
 11
1375.130036339797
 21
-434.1921768705017
 31
0.0
  0
ARC
  5
6F1
330
17
100
AcDbEntity
  8
POCKET
100
AcDbCircle
 10
1373.256349502168
 20
-437.2726472297983
 30
0.0
 40
2.0
100
AcDbArc
 50
115.0000000000926
 51
204.9999999999994
  0
LINE
  5
6F2
330
17
100
AcDbEntity
  8
CUT
100
AcDbLine
 10
1355.395035497928
 20
-483.6853137029656
 30
0.0
 11
1352.959996495698
 21
-483.6853137029656
 31
0.0
  0
LINE
  5
6F3
330
17
100
AcDbEntity
  8
CUT
100
AcDbLine
 10
1343.810013386304
 20
-483.6853137029656
 30
0.0
 11
1339.375955748324
 21
-483.6853137029656
 31
0.0
  0
LINE
  5
6F4
330
17
100
AcDbEntity
  8
CUT
100
AcDbLine
 10
1330.225972638931
 20
-483.6853137029656
 30
0.0
 11
1323.104332402112
 21
-483.6853137029656
 31
0.0
  0
ARC
  5
6F5
330
17
100
AcDbEntity
  8
CUT
100
AcDbCircle
 10
1323.104332402112
 20
-482.8853137029664
 30
0.0
 40
0.8
100
AcDbArc
 50
150.7379344127263
 51
270.0
  0
LINE
  5
6F6
330
17
100
AcDbEntity
  8
CUT
100
AcDbLine
 10
1332.133585114854
 20
-453.6853137029656
 30
0.0
 11
1329.938218882002
 21
-453.6853137029656
 31
0.0
  0
LINE
  5
6F7
330
17
100
AcDbEntity
  8
CUT
100
AcDbLine
 10
1327.838218882003
 20
-451.1853137029657
 30
0.0
 11
1322.888235772611
 21
-451.1853137029657
 31
0.0
  0
ARC
  5
6F8
330
17
100
AcDbEntity
  8
CUT
100
AcDbCircle
 10
1327.838218882003
 20
-451.6853137029657
 30
0.0
 40
0.5
100
AcDbArc
 50
0.0
 51
90.0
  0
LINE
  5
6F9
330
17
100
AcDbEntity
  8
CUT
100
AcDbLine
 10
1320.788235772608
 20
-453.6853137029656
 30
0.0
 11
1318.600243979552
 21
-453.6853137029656
 31
0.0
  0
ARC
  5
6FA
330
17
100
AcDbEntity
  8
CUT
100
AcDbCircle
 10
1318.600243979552
 20
-454.4853137029658
 30
0.0
 40
0.8
100
AcDbArc
 50
90.0
 51
204.9999999999147
  0
LINE
  5
6FB
330
17
100
AcDbEntity
  8
CUT
100
AcDbLine
 10
1333.024565224889
 20
-457.9080313985359
 30
0.0
 11
1339.23755736239
 21
-456.4261935615741
 31
0.0
  0
ARC
  5
6FC
330
17
100
AcDbEntity
  8
CUT
100
AcDbCircle
 10
1339.469556278109
 20
-457.3989096060113
 30
0.0
 40
1.0
100
AcDbArc
 50
349.8514027408079
 51
103.4147848889203
  0
LINE
  5
6FD
330
17
100
AcDbEntity
  8
POCKET
100
AcDbLine
 10
1382.056627011047
 20
-456.1449032499915
 30
0.0
 11
1384.775550372156
 21
-454.8770484647696
 31
0.0
  0
LINE
  5
6FE
330
17
100
AcDbEntity
  8
CUT
100
AcDbLine
 10
1325.156625782016
 20
-462.033196685702
 30
0.0
 11
1337.445956050091
 21
-467.3887124190486
 31
0.0
  0
ARC
  5
6FF
330
17
100
AcDbEntity
  8
CUT
100
AcDbCircle
 10
1337.845455475977
 20
-466.4719789743021
 30
0.0
 40
1.0
100
AcDbArc
 50
246.4531110954869
 51
349.8514027408079
  0
LINE
  5
700
330
17
100
AcDbEntity
  8
CUT
100
AcDbLine
 10
1342.859196008463
 20
-469.7477255737985
 30
0.0
 11
1358.642715266906
 21
-476.6259592832275
 31
0.0
  0
ARC
  5
701
330
17
100
AcDbEntity
  8
CUT
100
AcDbCircle
 10
1343.258695434349
 20
-468.8309921290519
 30
0.0
 40
1.0
100
AcDbArc
 50
132.467471232214
 51
246.4531110954869
  0
ARC
  5
702
330
17
100
AcDbEntity
  8
CUT
100
AcDbCircle
 10
1359.441714118678
 20
-474.7924923937348
 30
0.0
 40
2.0
100
AcDbArc
 50
246.4531110954869
 51
313.7581281119096
  0
LINE
  5
703
330
17
100
AcDbEntity
  8
CUT
100
AcDbLine
 10
1329.147572160906
 20
-467.0448833580285
 30
0.0
 11
1334.604405222246
 21
-469.4228937684228
 31
0.0
  0
ARC
  5
704
330
17
100
AcDbEntity
  8
CUT
100
AcDbCircle
 10
1334.204905796359
 20
-470.3396272131694
 30
0.0
 40
1.0
100
AcDbArc
 50
312.4674712321773
 51
66.45311109548693
  0
LINE
  5
705
330
17
100
AcDbEntity
  8
CUT
100
AcDbLine
 10
1339.621293984892
 20
-471.6091826966803
 30
0.0
 11
1355.12787854407
 21
-478.3667321941402
 31
0.0
  0
ARC
  5
706
330
17
100
AcDbEntity
  8
CUT
100
AcDbCircle
 10
1339.221794559005
 20
-472.5259161414269
 30
0.0
 40
1.0
100
AcDbArc
 50
66.45311109548693
 51
132.4674712321773
  0
ARC
  5
707
330
17
100
AcDbEntity
  8
CUT
100
AcDbCircle
 10
1354.728379118183
 20
-479.2834656388868
 30
0.0
 40
1.0
100
AcDbArc
 50
270.0
 51
66.45311109548693
  0
ARC
  5
708
330
17
100
AcDbEntity
  8
CUT
100
AcDbCircle
 10
1361.965344228069
 20
-480.1099409207627
 30
0.0
 40
1.499999999999999
100
AcDbArc
 50
133.7581281118912
 51
313.7581281121998
  0
ARC
  5
709
330
17
100
AcDbEntity
  8
CUT
100
AcDbCircle
 10
1364.378600846503
 20
-477.7990941164525
 30
0.0
 40
1.499999999999999
100
AcDbArc
 50
313.7581281118912
 51
133.7581281121998
  0
LINE
  5
70A
330
17
100
AcDbEntity
  8
CUT
100
AcDbLine
 10
1363.34117755893
 20
-476.7156953337298
 30
0.0
 11
1360.927920940496
 21
-479.0265421380399
 31
0.0
  0
LINE
  5
70B
330
17
100
AcDbEntity
  8
CUT
100
AcDbLine
 10
1365.416024134072
 20
-478.8824928991771
 30
0.0
 11
1363.002767515638
 21
-481.1933397034872
 31
0.0
  0
LINE
  5
70C
330
17
100
AcDbEntity
  8
CUT
100
AcDbLine
 10
1386.788158896319
 20
-462.4036876901234
 30
0.0
 11
1362.010528874041
 21
-486.1298454132625
 31
0.0
  0
LINE
  5
70D
330
17
100
AcDbEntity
  8
CUT
100
AcDbLine
 10
1375.281531617005
 20
-463.2848364844636
 30
0.0
 11
1370.004319006295
 21
-468.3381034283843
 31
0.0
  0
ARC
  5
70E
330
17
100
AcDbEntity
  8
CUT
100
AcDbCircle
 10
1374.589916091958
 20
-462.5625706293154
 30
0.0
 40
1.0
100
AcDbArc
 50
313.7581281119096
 51
24.99004075844025
  0
ARC
  5
70F
330
17
100
AcDbEntity
  8
CUT
100
AcDbCircle
 10
1369.312703481248
 20
-467.6158375732362
 30
0.0
 40
1.0
100
AcDbArc
 50
204.9900407584402
 51
313.7581281119096
  0
LINE
  5
710
330
17
100
AcDbEntity
  8
CUT
100
AcDbLine
 10
1342.821215354026
 20
-461.3760602248837
 30
0.0
 11
1343.35093828828
 21
-458.416753190395
 31
0.0
  0
ARC
  5
711
330
17
100
AcDbEntity
  8
CUT
100
AcDbCircle
 10
1343.805569436954
 20
-461.5522619258485
 30
0.0
 40
1.0
100
AcDbArc
 50
169.8514027408144
 51
312.4674712321956
  0
ARC
  5
712
330
17
100
AcDbEntity
  8
CUT
100
AcDbCircle
 10
1344.335292371208
 20
-458.5929548913598
 30
0.0
 40
1.0
100
AcDbArc
 50
55.98843262386187
 51
169.8514027408144
  0
LINE
  5
713
330
17
100
AcDbEntity
  8
CUT
100
AcDbLine
 10
1344.314299110547
 20
-453.0349200211474
 30
0.0
 11
1344.774459209067
 21
-450.4642270636061
 31
0.0
  0
ARC
  5
714
330
17
100
AcDbEntity
  8
CUT
100
AcDbCircle
 10
1345.758813291995
 20
-450.6404287645716
 30
0.0
 40
1.0
100
AcDbArc
 50
117.5308704645618
 51
169.8514027407875
  0
ARC
  5
715
330
17
100
AcDbEntity
  8
CUT
100
AcDbCircle
 10
1345.298653193475
 20
-453.2111217221126
 30
0.0
 40
1.0
100
AcDbArc
 50
169.8514027408015
 51
235.9884326238618
  0
LINE
  5
716
330
17
100
AcDbEntity
  8
CUT
100
AcDbLine
 10
1338.829809558905
 20
-466.6481806752662
 30
0.0
 11
1340.453910361037
 21
-457.5751113069773
 31
0.0
  0
CIRCLE
  5
717
330
17
100
AcDbEntity
  8
CUT
100
AcDbCircle
 10
1370.681055600153
 20
-431.2483515925025
 30
0.0
 40
1.5
  0
ARC
  5
718
330
17
100
AcDbEntity
  8
CUT
100
AcDbCircle
 10
1381.009435876152
 20
-462.4872249897582
 30
0.0
 40
1.499999999999999
100
AcDbArc
 50
133.7581281118912
 51
313.7581281121998
  0
ARC
  5
719
330
17
100
AcDbEntity
  8
CUT
100
AcDbCircle
 10
1383.422692494587
 20
-460.1763781854481
 30
0.0
 40
1.499999999999999
100
AcDbArc
 50
313.7581281118912
 51
133.7581281121998
  0
LINE
  5
71A
330
17
100
AcDbEntity
  8
CUT
100
AcDbLine
 10
1382.385269207014
 20
-459.0929794027253
 30
0.0
 11
1379.972012588579
 21
-461.4038262070355
 31
0.0
  0
LINE
  5
71B
330
17
100
AcDbEntity
  8
CUT
100
AcDbLine
 10
1384.460115782156
 20
-461.2597769681726
 30
0.0
 11
1382.046859163722
 21
-463.5706237724828
 31
0.0
  0
LINE
  5
71C
330
17
100
AcDbEntity
  8
CUT
100
AcDbLine
 10
1332.79256630917
 20
-457.9353153540987
 30
0.0
 11
1324.53903924469
 21
-457.9353153540987
 31
0.0
  0
ARC
  5
71D
330
17
100
AcDbEntity
  8
CUT
100
AcDbCircle
 10
1332.79256630917
 20
-456.9353153540987
 30
0.0
 40
1.0
100
AcDbArc
 50
270.0
 51
283.4147848889204
  0
LINE
  5
71E
330
17
100
AcDbEntity
  8
CUT
100
AcDbLine
 10
1330.251266963565
 20
-473.5514288119075
 30
0.0
 11
1327.841764947981
 21
-468.3842350645163
 31
0.0
  0
ARC
  5
71F
330
17
100
AcDbEntity
  8
CUT
100
AcDbCircle
 10
1331.157574750603
 20
-473.1288105501653
 30
0.0
 40
1.0
100
AcDbArc
 50
204.9999999999934
 51
312.4674712321773
  0
ARC
  5
720
330
17
100
AcDbEntity
  8
CUT
100
AcDbCircle
 10
1328.748072735019
 20
-467.9616168027759
 30
0.0
 40
1.0
100
AcDbArc
 50
66.45311109548693
 51
204.9999999999934
  0
LINE
  5
721
330
17
100
AcDbEntity
  8
CUT
100
AcDbLine
 10
1324.649817420864
 20
-461.5390815026976
 30
0.0
 11
1323.632731457652
 21
-459.357933615839
 31
0.0
  0
ARC
  5
722
330
17
100
AcDbEntity
  8
CUT
100
AcDbCircle
 10
1325.556125207902
 20
-461.1164632409554
 30
0.0
 40
1.0
100
AcDbArc
 50
204.9999999999934
 51
246.4531110954869
  0
ARC
  5
723
330
17
100
AcDbEntity
  8
CUT
100
AcDbCircle
 10
1324.53903924469
 20
-458.9353153540987
 30
0.0
 40
1.0
100
AcDbArc
 50
90.0
 51
204.9999999999934
  0
LINE
  5
724
330
17
100
AcDbEntity
  8
CUT
100
AcDbLine
 10
1331.838812557184
 20
-480.2834656388868
 30
0.0
 11
1354.728379118183
 21
-480.2834656388868
 31
0.0
  0
LINE
  5
725
330
17
100
AcDbEntity
  8
CUT
100
AcDbLine
 10
1322.406417928669
 20
-482.4942697313217
 30
0.0
 11
1327.73281407656
 21
-477.6190871013795
 31
0.0
  0
LINE
  5
726
330
17
100
AcDbEntity
  8
CUT
100
AcDbLine
 10
1331.832746271877
 20
-473.8664713237321
 30
0.0
 11
1334.880077317633
 21
-471.0772879867358
 31
0.0
  0
LINE
  5
727
330
17
100
AcDbEntity
  8
CUT
100
AcDbLine
 10
1344.480740958228
 20
-462.2899226994157
 30
0.0
 11
1346.566639350141
 21
-460.3807264388063
 31
0.0
  0
ARC
  5
728
330
17
100
AcDbEntity
  8
CUT
100
AcDbCircle
 10
1345.891467828867
 20
-459.6430656652391
 30
0.0
 40
1.0
100
AcDbArc
 50
312.4674712321956
 51
55.98843262386187
  0
LINE
  5
729
330
17
100
AcDbEntity
  8
CUT
100
AcDbLine
 10
1350.360080524868
 20
-456.908637993032
 30
0.0
 11
1356.065518195592
 21
-451.6865234795404
 31
0.0
  0
ARC
  5
72A
330
17
100
AcDbEntity
  8
CUT
100
AcDbCircle
 10
1349.684909003594
 20
-456.1709772194647
 30
0.0
 40
1.0
100
AcDbArc
 50
235.9884326238618
 51
312.4674712321956
  0
LINE
  5
72B
330
17
100
AcDbEntity
  8
CUT
100
AcDbLine
 10
1331.16364103591
 20
-478.545804865319
 30
0.0
 11
1338.546623037731
 21
-471.7882553678605
 31
0.0
  0
LINE
  5
72C
330
17
100
AcDbEntity
  8
CUT
100
AcDbLine
 10
1342.583523913076
 20
-468.0933313554846
 30
0.0
 11
1349.479064577219
 21
-461.781930713008
 31
0.0
  0
ARC
  5
72D
330
17
100
AcDbEntity
  8
CUT
100
AcDbCircle
 10
1350.154236098493
 20
-462.519591486575
 30
0.0
 40
1.0
100
AcDbArc
 50
55.98843262386187
 51
132.467471232214
  0
LINE
  5
72E
330
17
100
AcDbEntity
  8
CUT
100
AcDbLine
 10
1353.272505751942
 20
-458.3098422672324
 30
0.0
 11
1357.376289810081
 21
-454.553700928556
 31
0.0
  0
ARC
  5
72F
330
17
100
AcDbEntity
  8
CUT
100
AcDbCircle
 10
1358.051461331355
 20
-455.2913617021233
 30
0.0
 40
1.0
100
AcDbArc
 50
24.99004075843434
 51
132.4674712321956
  0
ARC
  5
730
330
17
100
AcDbEntity
  8
CUT
100
AcDbCircle
 10
1353.947677273216
 20
-459.0475030407994
 30
0.0
 40
1.0
100
AcDbArc
 50
132.4674712321956
 51
235.9884326238618
  0
ARC
  5
731
330
17
100
AcDbEntity
  8
CUT
100
AcDbCircle
 10
1331.838812557184
 20
-479.2834656388868
 30
0.0
 40
1.0
100
AcDbArc
 50
132.4674712321773
 51
270.0
  0
ARC
  5
732
330
17
100
AcDbEntity
  8
CUT
100
AcDbCircle
 10
1345.506399916501
 20
-445.2576812052082
 30
0.0
 40
1.499999999999999
100
AcDbArc
 50
297.5308704646668
 51
117.5308704646667
  0
LINE
  5
733
330
17
100
AcDbEntity
  8
CUT
100
AcDbLine
 10
1340.937800396252
 20
-445.9475254239719
 30
0.0
 11
1344.813060226699
 21
-443.9275383277125
 31
0.0
  0
LINE
  5
734
330
17
100
AcDbEntity
  8
CUT
100
AcDbLine
 10
1342.324479775849
 20
-448.6078111789643
 30
0.0
 11
1346.199739606292
 21
-446.5878240827039
 31
0.0
  0
ARC
  5
735
330
17
100
AcDbEntity
  8
CUT
100
AcDbCircle
 10
1341.631140086049
 20
-447.2776683014679
 30
0.0
 40
1.499999999999999
100
AcDbArc
 50
117.5308704646667
 51
297.5308704646668
  0
LINE
  5
736
330
17
100
AcDbEntity
  8
CUT
100
AcDbLine
 10
1364.66063626574
 20
-472.5641057554209
 30
0.0
 11
1360.824945168773
 21
-476.2370241040316
 31
0.0
  0
LINE
  5
737
330
17
100
AcDbEntity
  8
CUT
100
AcDbLine
 10
1361.929090925845
 20
-465.6397615626009
 30
0.0
 11
1353.388317007742
 21
-459.8764277016758
 31
0.0
  0
ARC
  5
738
330
17
100
AcDbEntity
  8
CUT
100
AcDbCircle
 10
1362.488451191319
 20
-464.8108369017247
 30
0.0
 40
1.0
100
AcDbArc
 50
235.9884326238618
 51
24.99004075843434
  0
LINE
  5
739
330
17
100
AcDbEntity
  8
CUT
100
AcDbLine
 10
1349.125548738119
 20
-456.9999018803409
 30
0.0
 11
1344.739292927999
 21
-454.0400463829891
 31
0.0
  0
LINE
  5
73A
330
17
100
AcDbEntity
  8
CUT
100
AcDbLine
 10
1364.528381006166
 20
-471.012915239396
 30
0.0
 11
1350.713596363967
 21
-461.6906668256984
 31
0.0
  0
LINE
  5
73B
330
17
100
AcDbEntity
  8
CUT
100
AcDbLine
 10
1346.450828094343
 20
-458.8141410043629
 30
0.0
 11
1344.894652636682
 21
-457.764030230483
 31
0.0
  0
ARC
  5
73C
330
17
100
AcDbEntity
  8
CUT
100
AcDbCircle
 10
1363.969020740693
 20
-471.8418399002725
 30
0.0
 40
1.0
100
AcDbArc
 50
313.7581281119096
 51
55.98843262386187
  0
LINE
  5
73D
330
17
100
AcDbEntity
  8
CUT
100
AcDbLine
 10
1334.809132195123
 20
-446.8887492757412
 30
0.0
 11
1370.155034330066
 21
-428.4646256447761
 31
0.0
  0
ARC
  5
73E
330
17
100
AcDbEntity
  8
CUT
100
AcDbCircle
 10
1371.079487249795
 20
-430.2381494814373
 30
0.0
 40
2.0
100
AcDbArc
 50
25.00000000001981
 51
117.5308704645618
  0
LINE
  5
73F
330
17
100
AcDbEntity
  8
CUT
100
AcDbLine
 10
1374.768704314934
 20
-451.1803818799657
 30
0.0
 11
1366.611273213359
 21
-454.9825283557063
 31
0.0
  0
LINE
  5
740
330
17
100
AcDbEntity
  8
CUT
100
AcDbLine
 10
1373.923782875881
 20
-449.367619412948
 30
0.0
 11
1365.766351774302
 21
-453.1697658886903
 31
0.0
  0
LINE
  5
741
330
17
100
AcDbEntity
  8
CUT
100
AcDbLine
 10
1371.389018558719
 20
-443.9293320118927
 30
0.0
 11
1363.231587457139
 21
-447.7314784876386
 31
0.0
  0
LINE
  5
742
330
17
100
AcDbEntity
  8
CUT
100
AcDbLine
 10
1372.233939997772
 20
-445.7420944789105
 30
0.0
 11
1364.076508896192
 21
-449.5442409546528
 31
0.0
  0
ARC
  5
743
330
17
100
AcDbEntity
  8
CUT
100
AcDbCircle
 10
1371.811479278243
 20
-444.8357132454025
 30
0.0
 40
1.000000000001718
100
AcDbArc
 50
294.990040758519
 51
114.9900407585189
  0
ARC
  5
744
330
17
100
AcDbEntity
  8
CUT
100
AcDbCircle
 10
1363.654048176668
 20
-448.6378597211467
 30
0.0
 40
1.000000000001718
100
AcDbArc
 50
114.9900407585189
 51
294.990040758519
  0
ARC
  5
745
330
17
100
AcDbEntity
  8
CUT
100
AcDbCircle
 10
1374.346243595406
 20
-450.2740006464541
 30
0.0
 40
1.000000000001718
100
AcDbArc
 50
294.990040758519
 51
114.9900407585189
  0
ARC
  5
746
330
17
100
AcDbEntity
  8
CUT
100
AcDbCircle
 10
1366.18881249383
 20
-454.0761471221983
 30
0.0
 40
1.000000000001718
100
AcDbArc
 50
114.9900407585189
 51
294.990040758519
  0
LINE
  5
747
330
17
100
AcDbEntity
  8
CUT
100
AcDbLine
 10
1363.394832424827
 20
-464.3883761821986
 30
0.0
 11
1358.957842564863
 21
-454.868900982597
 31
0.0
  0
LINE
  5
748
330
17
100
AcDbEntity
  8
CUT
100
AcDbLine
 10
1370.479623225776
 20
-458.7569292950554
 30
0.0
 11
1365.04133582472
 21
-461.2916936122141
 31
0.0
  0
LINE
  5
749
330
17
100
AcDbEntity
  8
CUT
100
AcDbLine
 10
1369.634701786719
 20
-456.9441668280376
 30
0.0
 11
1364.196414385667
 21
-459.4789311451981
 31
0.0
  0
ARC
  5
74A
330
17
100
AcDbEntity
  8
CUT
100
AcDbCircle
 10
1370.057162506244
 20
-457.8505480615437
 30
0.0
 40
1.000000000001718
100
AcDbArc
 50
294.990040758519
 51
114.9900407585189
  0
ARC
  5
74B
330
17
100
AcDbEntity
  8
CUT
100
AcDbCircle
 10
1364.618875105192
 20
-460.3853123787062
 30
0.0
 40
1.000000000001718
100
AcDbArc
 50
114.9900407585189
 51
294.990040758519
  0
LINE
  5
74C
330
17
100
AcDbEntity
  8
CUT
100
AcDbLine
 10
1363.717203005442
 20
-444.2562507408429
 30
0.0
 11
1358.278915604387
 21
-446.7910150580016
 31
0.0
  0
LINE
  5
74D
330
17
100
AcDbEntity
  8
CUT
100
AcDbLine
 10
1362.872281566386
 20
-442.4434882738251
 30
0.0
 11
1357.433994165334
 21
-444.9782525909856
 31
0.0
  0
ARC
  5
74E
330
17
100
AcDbEntity
  8
CUT
100
AcDbCircle
 10
1363.29474228591
 20
-443.3498695073312
 30
0.0
 40
1.000000000001718
100
AcDbArc
 50
294.990040758519
 51
114.9900407585189
  0
ARC
  5
74F
330
17
100
AcDbEntity
  8
CUT
100
AcDbCircle
 10
1357.856454884859
 20
-445.8846338244937
 30
0.0
 40
1.000000000001718
100
AcDbArc
 50
114.9900407585189
 51
294.990040758519
  0
LINE
  5
750
330
17
100
AcDbEntity
  8
CUT
100
AcDbLine
 10
1345.296586832131
 20
-449.7536668462412
 30
0.0
 11
1350.607413873886
 21
-446.9853874110071
 31
0.0
  0
ARC
  5
751
330
17
100
AcDbEntity
  8
CUT
100
AcDbCircle
 10
1351.06964033375
 20
-447.8721493293376
 30
0.0
 40
1.0
100
AcDbArc
 50
54.54587408317067
 51
117.5308704645618
  0
LINE
  5
752
330
17
100
AcDbEntity
  8
CUT
100
AcDbLine
 10
1368.40632224774
 20
-468.0382982927628
 30
0.0
 11
1366.781299286767
 21
-464.5518432266068
 31
0.0
  0
ARC
  5
753
330
17
100
AcDbEntity
  8
CUT
100
AcDbCircle
 10
1367.687680520276
 20
-464.1293825070806
 30
0.0
 40
1.0
100
AcDbArc
 50
114.9900407584052
 51
204.9900407584343
  0
LINE
  5
754
330
17
100
AcDbEntity
  8
CUT
100
AcDbLine
 10
1373.535540941766
 20
-460.3004293105136
 30
0.0
 11
1367.265219800749
 21
-463.2230012735718
 31
0.0
  0
ARC
  5
755
330
17
100
AcDbEntity
  8
CUT
100
AcDbCircle
 10
1373.958001661292
 20
-461.2068105440227
 30
0.0
 40
1.0
100
AcDbArc
 50
24.99004075844025
 51
114.9900407584052
  0
LINE
  5
756
330
17
100
AcDbEntity
  8
CUT
100
AcDbLine
 10
1355.97039761929
 20
-450.1342825065848
 30
0.0
 11
1351.649691278724
 21
-447.0575691299496
 31
0.0
  0
ARC
  5
757
330
17
100
AcDbEntity
  8
CUT
100
AcDbCircle
 10
1355.390346674318
 20
-450.9488627059729
 30
0.0
 40
1.0
100
AcDbArc
 50
312.4674712321956
 51
54.54587408326833
  0
LINE
  5
758
330
17
100
AcDbEntity
  8
CUT
100
AcDbLine
 10
1375.496297325466
 20
-462.1401099097888
 30
0.0
 11
1374.864382894801
 21
-460.7843498244963
 31
0.0
  0
MTEXT
  5
759
102
{ACAD_XDICTIONARY
360
75A
102
}
330
17
100
AcDbEntity
  8
POCKET
100
AcDbMText
 10
1256.04388996928
 20
-437.9273365113887
 30
0.0
 40
5.0
 41
327.756144
 46
0.0
 71
1
 72
5
  1
\pi154.37807;{\fISOCPEUR|b0|i0|c0|p34;pocket \P\pi146.12807;depth 1.2mm }
1001
ACAD
1000
ACAD_MTEXT_COLUMN_INFO_BEGIN
1070
75
1070
2
1070
79
1070
0
1070
76
1070
1
1070
78
1070
0
1070
48
1040
327.756144
1070
49
1040
12.5
1070
50
1070
1
1040
0.0
1000
ACAD_MTEXT_COLUMN_INFO_END
1000
ACAD_MTEXT_COLUMNS_BEGIN
1070
47
1070
1
1000
ACAD_MTEXT_COLUMNS_END
  0
LWPOLYLINE
  5
75C
330
17
100
AcDbEntity
  8
POCKET
100
AcDbPolyline
 90
2
 70
0
 10
1404.392040252604
 20
-444.8917662105876
 10
1377.049339148641
 20
-444.8917662105876
  0
MTEXT
  5
75D
102
{ACAD_XDICTIONARY
360
75E
102
}
330
17
100
AcDbEntity
  8
POCKET
100
AcDbMText
 10
1482.428417298966
 20
-951.6639965298141
 30
0.0
 40
5.0
 41
327.756144
 46
0.0
 71
3
 72
5
  1
{\fISOCPEUR|b0|i0|c0|p34;pocket \Pdepth 1.2mm }
1001
ACAD
1000
ACAD_MTEXT_COLUMN_INFO_BEGIN
1070
75
1070
2
1070
79
1070
0
1070
76
1070
1
1070
78
1070
0
1070
48
1040
327.756144
1070
49
1040
12.5
1070
50
1070
1
1040
0.0
1000
ACAD_MTEXT_COLUMN_INFO_END
1000
ACAD_MTEXT_COLUMNS_BEGIN
1070
47
1070
1
1000
ACAD_MTEXT_COLUMNS_END
  0
LWPOLYLINE
  5
760
330
17
100
AcDbEntity
  8
POCKET
100
AcDbPolyline
 90
2
 70
0
 10
1334.080267015641
 20
-958.628426229013
 10
1361.422968119604
 20
-958.628426229013
  0
LINE
  5
761
330
17
100
AcDbEntity
  8
CUT
100
AcDbLine
 10
1324.516569131933
 20
-1053.849713498344
 30
0.0
 11
1324.516569131933
 21
-1051.230988824027
 31
0.0
  0
ARC
  5
762
330
17
100
AcDbEntity
  8
CUT
100
AcDbCircle
 10
1326.516569131933
 20
-1051.230988824027
 30
0.0
 40
2.0
100
AcDbArc
 50
125.780498440659
 51
180.0
  0
LINE
  5
763
330
17
100
AcDbEntity
  8
CUT
100
AcDbLine
 10
1341.642980512779
 20
-1086.849713498344
 30
0.0
 11
1336.692997403383
 21
-1086.849713498344
 31
0.0
  0
ARC
  5
764
330
17
100
AcDbEntity
  8
CUT
100
AcDbCircle
 10
1341.642980512779
 20
-1086.349713498344
 30
0.0
 40
0.5
100
AcDbArc
 50
270.0
 51
0.0
  0
LINE
  5
765
330
17
100
AcDbEntity
  8
CUT
100
AcDbLine
 10
1328.058939765406
 20
-1086.849713498344
 30
0.0
 11
1323.10895665601
 21
-1086.849713498344
 31
0.0
  0
ARC
  5
766
330
17
100
AcDbEntity
  8
CUT
100
AcDbCircle
 10
1328.058939765406
 20
-1086.349713498344
 30
0.0
 40
0.5
100
AcDbArc
 50
270.0
 51
0.0
  0
LINE
  5
767
330
17
100
AcDbEntity
  8
CUT
100
AcDbLine
 10
1347.778019515006
 20
-1086.349713498344
 30
0.0
 11
1347.778019515006
 21
-1083.849713498344
 31
0.0
  0
ARC
  5
768
330
17
100
AcDbEntity
  8
CUT
100
AcDbCircle
 10
1348.278019515006
 20
-1086.349713498344
 30
0.0
 40
0.5
100
AcDbArc
 50
180.0
 51
270.0
  0
LINE
  5
769
330
17
100
AcDbEntity
  8
CUT
100
AcDbLine
 10
1353.451024960476
 20
-1086.849713498344
 30
0.0
 11
1348.278019515006
 21
-1086.849713498344
 31
0.0
  0
ARC
  5
76A
330
17
100
AcDbEntity
  8
CUT
100
AcDbCircle
 10
1353.451024960476
 20
-1084.849713498344
 30
0.0
 40
2.0
100
AcDbArc
 50
270.0
 51
320.2326316120516
  0
LINE
  5
76B
330
17
100
AcDbEntity
  8
CUT
100
AcDbLine
 10
1342.142980512779
 20
-1086.349713498344
 30
0.0
 11
1342.142980512779
 21
-1083.849713498344
 31
0.0
  0
LINE
  5
76C
330
17
100
AcDbEntity
  8
CUT
100
AcDbLine
 10
1336.192997403383
 20
-1086.349713498344
 30
0.0
 11
1336.192997403383
 21
-1083.849713498344
 31
0.0
  0
ARC
  5
76D
330
17
100
AcDbEntity
  8
CUT
100
AcDbCircle
 10
1336.692997403383
 20
-1086.349713498344
 30
0.0
 40
0.5
100
AcDbArc
 50
180.0
 51
270.0
  0
LINE
  5
76E
330
17
100
AcDbEntity
  8
CUT
100
AcDbLine
 10
1328.558939765406
 20
-1086.349713498344
 30
0.0
 11
1328.558939765406
 21
-1083.849713498344
 31
0.0
  0
LINE
  5
76F
330
17
100
AcDbEntity
  8
CUT
100
AcDbLine
 10
1322.608956656009
 20
-1086.349713498344
 30
0.0
 11
1322.608956656009
 21
-1083.849713498344
 31
0.0
  0
ARC
  5
770
330
17
100
AcDbEntity
  8
CUT
100
AcDbCircle
 10
1323.10895665601
 20
-1086.349713498344
 30
0.0
 40
0.5
100
AcDbArc
 50
180.0
 51
270.0
  0
ARC
  5
771
330
17
100
AcDbEntity
  8
CUT
100
AcDbCircle
 10
1329.358939765405
 20
-1083.849713498344
 30
0.0
 40
0.8
100
AcDbArc
 50
0.0
 51
180.0
  0
ARC
  5
772
330
17
100
AcDbEntity
  8
CUT
100
AcDbCircle
 10
1335.392997403384
 20
-1083.849713498344
 30
0.0
 40
0.8
100
AcDbArc
 50
0.0
 51
180.0
  0
ARC
  5
773
330
17
100
AcDbEntity
  8
CUT
100
AcDbCircle
 10
1342.942980512778
 20
-1083.849713498344
 30
0.0
 40
0.8
100
AcDbArc
 50
0.0
 51
180.0
  0
ARC
  5
774
330
17
100
AcDbEntity
  8
CUT
100
AcDbCircle
 10
1346.978019515007
 20
-1083.849713498344
 30
0.0
 40
0.8
100
AcDbArc
 50
0.0
 51
180.0
  0
ARC
  5
775
330
17
100
AcDbEntity
  8
CUT
100
AcDbCircle
 10
1321.80895665601
 20
-1083.849713498344
 30
0.0
 40
0.8
100
AcDbArc
 50
0.0
 51
180.0
  0
LINE
  5
776
330
17
100
AcDbEntity
  8
CUT
100
AcDbLine
 10
1319.121202899083
 20
-1053.849713498344
 30
0.0
 11
1319.121202899083
 21
-1051.849713498344
 31
0.0
  0
LINE
  5
777
330
17
100
AcDbEntity
  8
CUT
100
AcDbLine
 10
1313.171219789687
 20
-1053.849713498344
 30
0.0
 11
1313.17121978969
 21
-1051.849713498344
 31
0.0
  0
ARC
  5
778
330
17
100
AcDbEntity
  8
CUT
100
AcDbCircle
 10
1313.67121978969
 20
-1051.849713498344
 30
0.0
 40
0.5
100
AcDbArc
 50
90.0
 51
179.9999999999479
  0
ARC
  5
779
330
17
100
AcDbEntity
  8
CUT
100
AcDbCircle
 10
1319.921202899082
 20
-1053.849713498344
 30
0.0
 40
0.8
100
AcDbArc
 50
180.0
 51
0.0
  0
ARC
  5
77A
330
17
100
AcDbEntity
  8
CUT
100
AcDbCircle
 10
1312.371219789688
 20
-1053.849713498344
 30
0.0
 40
0.8
100
AcDbArc
 50
180.0
 51
0.0
  0
ARC
  5
77B
330
17
100
AcDbEntity
  8
CUT
100
AcDbCircle
 10
1323.716569131933
 20
-1053.849713498344
 30
0.0
 40
0.8
100
AcDbArc
 50
180.0
 51
0.0
  0
LINE
  5
77C
330
17
100
AcDbEntity
  8
CUT
100
AcDbLine
 10
1318.746934359404
 20
-1076.623207861452
 30
0.0
 11
1308.658181767003
 21
-1054.987808107737
 31
0.0
  0
ARC
  5
77D
330
17
100
AcDbEntity
  8
CUT
100
AcDbCircle
 10
1317.840626572366
 20
-1077.045826123192
 30
0.0
 40
1.0
100
AcDbArc
 50
312.4674712321783
 51
24.99999999999965
  0
LINE
  5
77E
330
17
100
AcDbEntity
  8
CUT
100
AcDbLine
 10
1377.62272316573
 20
-1056.359745179015
 30
0.0
 11
1355.586888738701
 21
-1030.098460334794
 31
0.0
  0
ARC
  5
77F
330
17
100
AcDbEntity
  8
CUT
100
AcDbCircle
 10
1376.090634279493
 20
-1057.645320398388
 30
0.0
 40
2.0
100
AcDbArc
 50
320.2326316120516
 51
40.00000000002098
  0
LINE
  5
780
330
17
100
AcDbEntity
  8
POCKET
100
AcDbLine
 10
1368.928714936192
 20
-1053.777248771725
 30
0.0
 11
1356.522914069241
 21
-1038.992591019527
 31
0.0
  0
ARC
  5
781
330
17
100
AcDbEntity
  8
POCKET
100
AcDbCircle
 10
1370.460803822431
 20
-1052.491673552351
 30
0.0
 40
2.0
100
AcDbArc
 50
220.0000000000034
 51
310.0000000000908
  0
LINE
  5
782
330
17
100
AcDbEntity
  8
POCKET
100
AcDbLine
 10
1356.769427736106
 20
-1036.174926913916
 30
0.0
 11
1359.06756106546
 21
-1034.246564084857
 31
0.0
  0
ARC
  5
783
330
17
100
AcDbEntity
  8
POCKET
100
AcDbCircle
 10
1358.05500295548
 20
-1037.707015800154
 30
0.0
 40
2.0
100
AcDbArc
 50
130.0000000000717
 51
220.000000000021
  0
LINE
  5
784
330
17
100
AcDbEntity
  8
CUT
100
AcDbLine
 10
1346.178019515008
 20
-1083.849713498344
 30
0.0
 11
1343.742980512778
 21
-1083.849713498344
 31
0.0
  0
LINE
  5
785
330
17
100
AcDbEntity
  8
CUT
100
AcDbLine
 10
1334.592997403384
 20
-1083.849713498344
 30
0.0
 11
1330.158939765404
 21
-1083.849713498344
 31
0.0
  0
LINE
  5
786
330
17
100
AcDbEntity
  8
CUT
100
AcDbLine
 10
1321.008956656011
 20
-1083.849713498344
 30
0.0
 11
1313.887316419192
 21
-1083.849713498344
 31
0.0
  0
ARC
  5
787
330
17
100
AcDbEntity
  8
CUT
100
AcDbCircle
 10
1313.887316419192
 20
-1083.049713498345
 30
0.0
 40
0.8
100
AcDbArc
 50
150.7379344127188
 51
270.0
  0
LINE
  5
788
330
17
100
AcDbEntity
  8
CUT
100
AcDbLine
 10
1322.916569131934
 20
-1053.849713498344
 30
0.0
 11
1320.721202899082
 21
-1053.849713498344
 31
0.0
  0
LINE
  5
789
330
17
100
AcDbEntity
  8
CUT
100
AcDbLine
 10
1318.621202899083
 20
-1051.349713498344
 30
0.0
 11
1313.67121978969
 21
-1051.349713498344
 31
0.0
  0
ARC
  5
78A
330
17
100
AcDbEntity
  8
CUT
100
AcDbCircle
 10
1318.621202899083
 20
-1051.849713498344
 30
0.0
 40
0.5
100
AcDbArc
 50
0.0
 51
90.0
  0
LINE
  5
78B
330
17
100
AcDbEntity
  8
CUT
100
AcDbLine
 10
1311.571219789688
 20
-1053.849713498344
 30
0.0
 11
1309.383227996632
 21
-1053.849713498344
 31
0.0
  0
ARC
  5
78C
330
17
100
AcDbEntity
  8
CUT
100
AcDbCircle
 10
1309.383227996632
 20
-1054.649713498345
 30
0.0
 40
0.8
100
AcDbArc
 50
90.0
 51
204.9999999999132
  0
LINE
  5
78D
330
17
100
AcDbEntity
  8
CUT
100
AcDbLine
 10
1323.807549241968
 20
-1058.072431193915
 30
0.0
 11
1330.02054137947
 21
-1056.590593356953
 31
0.0
  0
ARC
  5
78E
330
17
100
AcDbEntity
  8
CUT
100
AcDbCircle
 10
1330.252540295189
 20
-1057.56330940139
 30
0.0
 40
1.0
100
AcDbArc
 50
349.8514027408012
 51
103.4147848889205
  0
LINE
  5
78F
330
17
100
AcDbEntity
  8
POCKET
100
AcDbLine
 10
1371.746379041806
 20
-1054.023762438587
 30
0.0
 11
1374.044512371162
 21
-1052.095399609528
 31
0.0
  0
LINE
  5
790
330
17
100
AcDbEntity
  8
CUT
100
AcDbLine
 10
1315.939609799096
 20
-1062.197596481081
 30
0.0
 11
1328.228940067171
 21
-1067.553112214427
 31
0.0
  0
ARC
  5
791
330
17
100
AcDbEntity
  8
CUT
100
AcDbCircle
 10
1328.628439493057
 20
-1066.636378769681
 30
0.0
 40
1.0
100
AcDbArc
 50
246.4531110954871
 51
349.8514027408012
  0
LINE
  5
792
330
17
100
AcDbEntity
  8
CUT
100
AcDbLine
 10
1333.642180025543
 20
-1069.912125369177
 30
0.0
 11
1350.885241710892
 21
-1077.426406955933
 31
0.0
  0
ARC
  5
793
330
17
100
AcDbEntity
  8
CUT
100
AcDbCircle
 10
1351.284741136778
 20
-1076.509673511188
 30
0.0
 40
1.0
100
AcDbArc
 50
246.4531110954871
 51
320.2326316120516
  0
ARC
  5
794
330
17
100
AcDbEntity
  8
CUT
100
AcDbCircle
 10
1334.04167945143
 20
-1068.995391924431
 30
0.0
 40
1.0
100
AcDbArc
 50
132.4674712322137
 51
246.4531110954871
  0
LINE
  5
795
330
17
100
AcDbEntity
  8
CUT
100
AcDbLine
 10
1319.930556177986
 20
-1067.209283153407
 30
0.0
 11
1325.387389239326
 21
-1069.587293563801
 31
0.0
  0
ARC
  5
796
330
17
100
AcDbEntity
  8
CUT
100
AcDbCircle
 10
1324.987889813439
 20
-1070.504027008548
 30
0.0
 40
1.0
100
AcDbArc
 50
312.4674712321783
 51
66.45311109548716
  0
LINE
  5
797
330
17
100
AcDbEntity
  8
CUT
100
AcDbLine
 10
1330.404278001972
 20
-1071.773582492059
 30
0.0
 11
1345.91086256115
 21
-1078.531131989519
 31
0.0
  0
ARC
  5
798
330
17
100
AcDbEntity
  8
CUT
100
AcDbCircle
 10
1330.004778576085
 20
-1072.690315936806
 30
0.0
 40
1.0
100
AcDbArc
 50
66.45311109548716
 51
132.4674712321783
  0
ARC
  5
799
330
17
100
AcDbEntity
  8
CUT
100
AcDbCircle
 10
1345.511363135263
 20
-1079.447865434265
 30
0.0
 40
1.0
100
AcDbArc
 50
270.0
 51
66.45311109548716
  0
LINE
  5
79A
330
17
100
AcDbEntity
  8
CUT
100
AcDbLine
 10
1362.94389815507
 20
-1051.425750026746
 30
0.0
 11
1356.048492698077
 21
-1057.209640031198
 31
0.0
  0
LINE
  5
79B
330
17
100
AcDbEntity
  8
CUT
100
AcDbLine
 10
1361.658589265191
 20
-1049.893437702968
 30
0.0
 11
1354.763183808194
 21
-1055.677327707422
 31
0.0
  0
LINE
  5
79C
330
17
100
AcDbEntity
  8
CUT
100
AcDbLine
 10
1357.802662595555
 20
-1045.296500731635
 30
0.0
 11
1350.907257138557
 21
-1051.080390736093
 31
0.0
  0
LINE
  5
79D
330
17
100
AcDbEntity
  8
CUT
100
AcDbLine
 10
1359.087971485433
 20
-1046.828813055413
 30
0.0
 11
1352.192566028436
 21
-1052.612703059867
 31
0.0
  0
ARC
  5
79E
330
17
100
AcDbEntity
  8
CUT
100
AcDbCircle
 10
1358.445317040492
 20
-1046.062656893525
 30
0.0
 40
1.000000000001718
100
AcDbArc
 50
309.9900407585207
 51
129.9900407585207
  0
ARC
  5
79F
330
17
100
AcDbEntity
  8
CUT
100
AcDbCircle
 10
1351.549911583497
 20
-1051.84654689798
 30
0.0
 40
1.000000000001718
100
AcDbArc
 50
129.9900407585207
 51
309.9900407585207
  0
ARC
  5
7A0
330
17
100
AcDbEntity
  8
CUT
100
AcDbCircle
 10
1362.30124371013
 20
-1050.659593864855
 30
0.0
 40
1.000000000001718
100
AcDbArc
 50
309.9900407585207
 51
129.9900407585207
  0
ARC
  5
7A1
330
17
100
AcDbEntity
  8
CUT
100
AcDbCircle
 10
1355.405838253135
 20
-1056.44348386931
 30
0.0
 40
1.000000000001718
100
AcDbArc
 50
129.9900407585207
 51
309.9900407585207
  0
LINE
  5
7A2
330
17
100
AcDbEntity
  8
CUT
100
AcDbLine
 10
1333.604199371101
 20
-1061.540460020267
 30
0.0
 11
1334.938759783179
 21
-1054.084913431637
 31
0.0
  0
ARC
  5
7A3
330
17
100
AcDbEntity
  8
CUT
100
AcDbCircle
 10
1335.923113866107
 20
-1054.261115132603
 30
0.0
 40
1.0
100
AcDbArc
 50
121.4600579637483
 51
169.851402740788
  0
ARC
  5
7A4
330
17
100
AcDbEntity
  8
CUT
100
AcDbCircle
 10
1334.588553454028
 20
-1061.716661721232
 30
0.0
 40
1.0
100
AcDbArc
 50
169.851402740788
 51
312.467471232195
  0
LINE
  5
7A5
330
17
100
AcDbEntity
  8
CUT
100
AcDbLine
 10
1329.612793575985
 20
-1066.812580470645
 30
0.0
 11
1331.236894378117
 21
-1057.739511102356
 31
0.0
  0
CIRCLE
  5
7A6
330
17
100
AcDbEntity
  8
CUT
100
AcDbCircle
 10
1353.395675515585
 20
-1033.953565627762
 30
0.0
 40
1.5
  0
LINE
  5
7A7
330
17
100
AcDbEntity
  8
CUT
100
AcDbLine
 10
1341.023138159231
 20
-1050.96681687902
 30
0.0
 11
1343.35720191725
 21
-1053.749427883311
 31
0.0
  0
LINE
  5
7A8
330
17
100
AcDbEntity
  8
CUT
100
AcDbLine
 10
1346.573480312789
 20
-1057.583792572599
 30
0.0
 11
1352.190277476942
 21
-1064.279994226966
 31
0.0
  0
ARC
  5
7A9
330
17
100
AcDbEntity
  8
CUT
100
AcDbCircle
 10
1345.807324150901
 20
-1058.226447017538
 30
0.0
 40
1.0
100
AcDbArc
 50
39.9900407584874
 51
132.4674712321949
  0
ARC
  5
7AA
330
17
100
AcDbEntity
  8
CUT
100
AcDbCircle
 10
1371.456377431985
 20
-1060.09775046638
 30
0.0
 40
1.499999999999999
100
AcDbArc
 50
140.2326316120165
 51
320.2326316123392
  0
ARC
  5
7AB
330
17
100
AcDbEntity
  8
CUT
100
AcDbCircle
 10
1373.593669072236
 20
-1057.529520549897
 30
0.0
 40
1.499999999999999
100
AcDbArc
 50
320.2326316120166
 51
140.2326316123392
  0
LINE
  5
7AC
330
17
100
AcDbEntity
  8
CUT
100
AcDbLine
 10
1372.440697132151
 20
-1056.570012496057
 30
0.0
 11
1370.303405491901
 21
-1059.138242412541
 31
0.0
  0
LINE
  5
7AD
330
17
100
AcDbEntity
  8
CUT
100
AcDbLine
 10
1374.746641012314
 20
-1058.489028603739
 30
0.0
 11
1372.609349372066
 21
-1061.057258520223
 31
0.0
  0
LINE
  5
7AE
330
17
100
AcDbEntity
  8
CUT
100
AcDbLine
 10
1323.57555032625
 20
-1058.099715149477
 30
0.0
 11
1315.32202326177
 21
-1058.099715149477
 31
0.0
  0
ARC
  5
7AF
330
17
100
AcDbEntity
  8
CUT
100
AcDbCircle
 10
1323.57555032625
 20
-1057.099715149477
 30
0.0
 40
1.0
100
AcDbArc
 50
270.0
 51
283.4147848889206
  0
LINE
  5
7B0
330
17
100
AcDbEntity
  8
CUT
100
AcDbLine
 10
1321.034250980645
 20
-1073.715828607286
 30
0.0
 11
1318.624748965061
 21
-1068.548634859895
 31
0.0
  0
ARC
  5
7B1
330
17
100
AcDbEntity
  8
CUT
100
AcDbCircle
 10
1321.940558767683
 20
-1073.293210345544
 30
0.0
 40
1.0
100
AcDbArc
 50
204.9999999999926
 51
312.4674712321783
  0
ARC
  5
7B2
330
17
100
AcDbEntity
  8
CUT
100
AcDbCircle
 10
1319.531056752099
 20
-1068.126016598155
 30
0.0
 40
1.0
100
AcDbArc
 50
66.45311109548716
 51
204.9999999999926
  0
LINE
  5
7B3
330
17
100
AcDbEntity
  8
CUT
100
AcDbLine
 10
1315.432801437945
 20
-1061.703481298076
 30
0.0
 11
1314.415715474732
 21
-1059.522333411218
 31
0.0
  0
ARC
  5
7B4
330
17
100
AcDbEntity
  8
CUT
100
AcDbCircle
 10
1316.339109224982
 20
-1061.280863036334
 30
0.0
 40
1.0
100
AcDbArc
 50
204.9999999999926
 51
246.4531110954871
  0
ARC
  5
7B5
330
17
100
AcDbEntity
  8
CUT
100
AcDbCircle
 10
1315.32202326177
 20
-1059.099715149477
 30
0.0
 40
1.0
100
AcDbArc
 50
90.0
 51
204.9999999999926
  0
LINE
  5
7B6
330
17
100
AcDbEntity
  8
CUT
100
AcDbLine
 10
1322.621796574264
 20
-1080.447865434265
 30
0.0
 11
1345.511363135263
 21
-1080.447865434265
 31
0.0
  0
LINE
  5
7B7
330
17
100
AcDbEntity
  8
CUT
100
AcDbLine
 10
1313.189401945749
 20
-1082.6586695267
 30
0.0
 11
1318.51579809364
 21
-1077.783486896758
 31
0.0
  0
LINE
  5
7B8
330
17
100
AcDbEntity
  8
CUT
100
AcDbLine
 10
1322.615730288957
 20
-1074.030871119111
 30
0.0
 11
1325.663061334714
 21
-1071.241687782114
 31
0.0
  0
LINE
  5
7B9
330
17
100
AcDbEntity
  8
CUT
100
AcDbLine
 10
1335.263724975302
 20
-1062.454322494799
 30
0.0
 11
1343.266217276636
 21
-1055.129743101817
 31
0.0
  0
ARC
  5
7BA
330
17
100
AcDbEntity
  8
CUT
100
AcDbCircle
 10
1342.591045755362
 20
-1054.39208232825
 30
0.0
 40
1.0
100
AcDbArc
 50
312.467471232195
 51
39.99004075846984
  0
LINE
  5
7BB
330
17
100
AcDbEntity
  8
CUT
100
AcDbLine
 10
1321.94662505299
 20
-1078.710204660698
 30
0.0
 11
1329.329607054811
 21
-1071.952655163239
 31
0.0
  0
LINE
  5
7BC
330
17
100
AcDbEntity
  8
CUT
100
AcDbLine
 10
1333.366507930155
 20
-1068.257731150863
 30
0.0
 11
1337.950728190121
 21
-1064.061852668927
 31
0.0
  0
ARC
  5
7BD
330
17
100
AcDbEntity
  8
CUT
100
AcDbCircle
 10
1338.625899711395
 20
-1064.799513442494
 30
0.0
 40
1.0
100
AcDbArc
 50
66.45311109548716
 51
132.4674712321949
  0
LINE
  5
7BE
330
17
100
AcDbEntity
  8
CUT
100
AcDbLine
 10
1341.987629065463
 20
-1060.366928656552
 30
0.0
 11
1345.132152629627
 21
-1057.488786243971
 31
0.0
  0
ARC
  5
7BF
330
17
100
AcDbEntity
  8
CUT
100
AcDbCircle
 10
1342.662800586737
 20
-1061.104589430118
 30
0.0
 40
1.0
100
AcDbArc
 50
132.4674712321949
 51
246.4531110954871
  0
ARC
  5
7C0
330
17
100
AcDbEntity
  8
CUT
100
AcDbCircle
 10
1322.621796574264
 20
-1079.447865434265
 30
0.0
 40
1.0
100
AcDbArc
 50
132.4674712321783
 51
270.0
  0
ARC
  5
7C1
330
17
100
AcDbEntity
  8
CUT
100
AcDbCircle
 10
1338.674772595292
 20
-1046.364199957809
 30
0.0
 40
1.499999999999999
100
AcDbArc
 50
301.4600579637821
 51
121.4600579637821
  0
LINE
  5
7C2
330
17
100
AcDbEntity
  8
CUT
100
AcDbLine
 10
1334.164182117051
 20
-1047.36547921964
 30
0.0
 11
1337.891916527404
 21
-1045.084693655762
 31
0.0
  0
LINE
  5
7C3
330
17
100
AcDbEntity
  8
CUT
100
AcDbLine
 10
1335.729894252818
 20
-1049.924491823736
 30
0.0
 11
1339.457628663169
 21
-1047.643706259857
 31
0.0
  0
ARC
  5
7C4
330
17
100
AcDbEntity
  8
CUT
100
AcDbCircle
 10
1334.947038184931
 20
-1048.644985521688
 30
0.0
 40
1.499999999999999
100
AcDbArc
 50
121.4600579637821
 51
301.4600579637821
  0
LINE
  5
7C5
330
17
100
AcDbEntity
  8
CUT
100
AcDbLine
 10
1377.627930199602
 20
-1058.924664470175
 30
0.0
 11
1354.988320880584
 21
-1086.129057570131
 31
0.0
  0
LINE
  5
7C6
330
17
100
AcDbEntity
  8
CUT
100
AcDbLine
 10
1355.835949014461
 20
-1072.604114864287
 30
0.0
 11
1352.053389096833
 21
-1077.149345547081
 31
0.0
  0
ARC
  5
7C7
330
17
100
AcDbEntity
  8
CUT
100
AcDbCircle
 10
1356.127295959954
 20
-1078.517607114527
 30
0.0
 40
1.499999999999999
100
AcDbArc
 50
140.2326316120165
 51
320.2326316123392
  0
ARC
  5
7C8
330
17
100
AcDbEntity
  8
CUT
100
AcDbCircle
 10
1358.264587600204
 20
-1075.949377198043
 30
0.0
 40
1.499999999999999
100
AcDbArc
 50
320.2326316120166
 51
140.2326316123392
  0
LINE
  5
7C9
330
17
100
AcDbEntity
  8
CUT
100
AcDbLine
 10
1357.11161566012
 20
-1074.989869144203
 30
0.0
 11
1354.97432401987
 21
-1077.558099060687
 31
0.0
  0
LINE
  5
7CA
330
17
100
AcDbEntity
  8
CUT
100
AcDbLine
 10
1359.417559540283
 20
-1076.908885251885
 30
0.0
 11
1357.280267900034
 21
-1079.477115168369
 31
0.0
  0
LINE
  5
7CB
330
17
100
AcDbEntity
  8
CUT
100
AcDbLine
 10
1335.401209820851
 20
-1053.408110931237
 30
0.0
 11
1339.735077952088
 21
-1050.756467122594
 31
0.0
  0
ARC
  5
7CC
330
17
100
AcDbEntity
  8
CUT
100
AcDbCircle
 10
1340.256981997343
 20
-1051.60947132396
 30
0.0
 40
1.0
100
AcDbArc
 50
39.99004075846984
 51
121.4600579637483
  0
LINE
  5
7CD
330
17
100
AcDbEntity
  8
CUT
100
AcDbLine
 10
1342.263301160851
 20
-1062.021322874864
 30
0.0
 11
1351.024621889168
 21
-1065.839382116652
 31
0.0
  0
ARC
  5
7CE
330
17
100
AcDbEntity
  8
CUT
100
AcDbCircle
 10
1351.424121315054
 20
-1064.922648671906
 30
0.0
 40
1.0
100
AcDbArc
 50
246.4531110954871
 51
39.9900407584874
  0
LINE
  5
7CF
330
17
100
AcDbEntity
  8
CUT
100
AcDbLine
 10
1339.025399137281
 20
-1063.882779997747
 30
0.0
 11
1355.466800480293
 21
-1071.047709383647
 31
0.0
  0
ARC
  5
7D0
330
17
100
AcDbEntity
  8
CUT
100
AcDbCircle
 10
1355.067301054407
 20
-1071.964442828393
 30
0.0
 40
1.0
100
AcDbArc
 50
320.2326316120516
 51
66.45311109548716
  0
LINE
  5
7D1
330
17
100
AcDbEntity
  8
CUT
100
AcDbLine
 10
1325.34720596749
 20
-1049.608463080119
 30
0.0
 11
1352.88543668802
 21
-1029.761509810258
 31
0.0
  0
ARC
  5
7D2
330
17
100
AcDbEntity
  8
CUT
100
AcDbCircle
 10
1354.054799852464
 20
-1031.384035554167
 30
0.0
 40
2.0
100
AcDbArc
 50
40.00000000002098
 51
125.780498440659
  0
LINE
  5
7D3
330
17
100
AcDbEntity
  8
CUT
100
AcDbLine
 10
1351.638738145864
 20
-1043.940737396497
 30
0.0
 11
1344.743332688866
 21
-1049.724627400954
 31
0.0
  0
LINE
  5
7D4
330
17
100
AcDbEntity
  8
CUT
100
AcDbLine
 10
1352.924047035742
 20
-1045.473049720274
 30
0.0
 11
1346.028641578745
 21
-1051.256939724728
 31
0.0
  0
ARC
  5
7D5
330
17
100
AcDbEntity
  8
CUT
100
AcDbCircle
 10
1352.281392590801
 20
-1044.706893558387
 30
0.0
 40
1.000000000001718
100
AcDbArc
 50
309.9900407585207
 51
129.9900407585207
  0
ARC
  5
7D6
330
17
100
AcDbEntity
  8
CUT
100
AcDbCircle
 10
1345.385987133806
 20
-1050.490783562842
 30
0.0
 40
1.000000000001718
100
AcDbArc
 50
129.9900407585207
 51
309.9900407585207
  0
LINE
  5
7D7
330
17
100
AcDbEntity
  8
CUT
100
AcDbLine
 10
1361.923339900848
 20
-1056.1974484864
 30
0.0
 11
1355.02793444385
 21
-1061.981338490858
 31
0.0
  0
LINE
  5
7D8
330
17
100
AcDbEntity
  8
CUT
100
AcDbLine
 10
1363.208648790726
 20
-1057.729760810178
 30
0.0
 11
1356.313243333729
 21
-1063.513650814632
 31
0.0
  0
ARC
  5
7D9
330
17
100
AcDbEntity
  8
CUT
100
AcDbCircle
 10
1362.565994345785
 20
-1056.96360464829
 30
0.0
 40
1.000000000001718
100
AcDbArc
 50
309.9900407585207
 51
129.9900407585207
  0
ARC
  5
7DA
330
17
100
AcDbEntity
  8
CUT
100
AcDbCircle
 10
1355.67058888879
 20
-1062.747494652745
 30
0.0
 40
1.000000000001718
100
AcDbArc
 50
129.9900407585207
 51
309.9900407585207
  0
MTEXT
  5
7DB
102
{ACAD_XDICTIONARY
360
7DC
102
}
330
17
100
AcDbEntity
  8
POCKET
100
AcDbMText
 10
1243.427448101722
 20
-1038.091736306767
 30
0.0
 40
5.0
 41
327.756144
 46
0.0
 71
1
 72
5
  1
\pi154.37807;{\fISOCPEUR|b0|i0|c0|p34;pocket \P\pi146.12807;depth 1.2mm }
1001
ACAD
1000
ACAD_MTEXT_COLUMN_INFO_BEGIN
1070
75
1070
2
1070
79
1070
0
1070
76
1070
1
1070
78
1070
0
1070
48
1040
327.756144
1070
49
1040
12.5
1070
50
1070
1
1040
0.0
1000
ACAD_MTEXT_COLUMN_INFO_END
1000
ACAD_MTEXT_COLUMNS_BEGIN
1070
47
1070
1
1000
ACAD_MTEXT_COLUMNS_END
  0
LWPOLYLINE
  5
7DE
330
17
100
AcDbEntity
  8
POCKET
100
AcDbPolyline
 90
2
 70
0
 10
1391.775598385046
 20
-1045.056166005966
 10
1364.432897281083
 20
-1045.056166005966
  0
MTEXT
  5
7DF
102
{ACAD_XDICTIONARY
360
7E0
102
}
330
17
100
AcDbEntity
  8
POCKET
100
AcDbMText
 10
1259.891437103916
 20
179.4995584824815
 30
0.0
 40
5.0
 41
327.756144
 46
0.0
 71
1
 72
5
  1
\pi154.37807;{\fISOCPEUR|b0|i0|c0|p34;pocket \P\pi146.12807;depth 1.2mm }
1001
ACAD
1000
ACAD_MTEXT_COLUMN_INFO_BEGIN
1070
75
1070
2
1070
79
1070
0
1070
76
1070
1
1070
78
1070
0
1070
48
1040
327.756144
1070
49
1040
12.5
1070
50
1070
1
1040
0.0
1000
ACAD_MTEXT_COLUMN_INFO_END
1000
ACAD_MTEXT_COLUMNS_BEGIN
1070
47
1070
1
1000
ACAD_MTEXT_COLUMNS_END
  0
LWPOLYLINE
  5
7E2
330
17
100
AcDbEntity
  8
POCKET
100
AcDbPolyline
 90
2
 70
0
 10
1408.23958738724
 20
172.5351287832825
 10
1352.934584667132
 20
172.5351287832825
  0
LINE
  5
7E3
330
17
100
AcDbEntity
  8
CUT
100
AcDbLine
 10
1325.701344711012
 20
175.0686379728762
 30
0.0
 11
1319.034644643744
 21
177.494259638369
 31
0.0
  0
ARC
  5
7E4
330
17
100
AcDbEntity
  8
CUT
100
AcDbCircle
 10
1325.359431454705
 20
174.1289064552812
 30
0.0
 40
1.0
100
AcDbArc
 50
25.00000000001858
 51
70.00651707609647
  0
LINE
  5
7E5
330
17
100
AcDbEntity
  8
CUT
100
AcDbLine
 10
1327.287419403013
 20
184.1067547088286
 30
0.0
 11
1322.337436293624
 21
184.1067547088286
 31
0.0
  0
ARC
  5
7E6
330
17
100
AcDbEntity
  8
CUT
100
AcDbCircle
 10
1327.287419403013
 20
183.6067547088286
 30
0.0
 40
0.5
100
AcDbArc
 50
0.0
 51
90.0
  0
LINE
  5
7E7
330
17
100
AcDbEntity
  8
CUT
100
AcDbLine
 10
1333.182785635866
 20
181.6067547088286
 30
0.0
 11
1333.182785635866
 21
184.8567694843913
 31
0.0
  0
ARC
  5
7E8
330
17
100
AcDbEntity
  8
CUT
100
AcDbCircle
 10
1335.182785635866
 20
184.8567694843913
 30
0.0
 40
2.0
100
AcDbArc
 50
107.2737565844714
 51
180.0
  0
ARC
  5
7E9
330
17
100
AcDbEntity
  8
CUT
100
AcDbCircle
 10
1341.638402621284
 20
185.6414213436254
 30
0.0
 40
1.5
100
AcDbArc
 50
107.2737565842531
 51
287.2737565844714
  0
CIRCLE
  5
7EA
330
17
100
AcDbEntity
  8
CUT
100
AcDbCircle
 10
1359.01234061661
 20
156.7611594403105
 30
0.0
 40
1.5
  0
LINE
  5
7EB
330
17
100
AcDbEntity
  8
CUT
100
AcDbLine
 10
1350.309197016709
 20
148.6067547088286
 30
0.0
 11
1345.359213907316
 21
148.6067547088286
 31
0.0
  0
LINE
  5
7EC
330
17
100
AcDbEntity
  8
CUT
100
AcDbLine
 10
1336.725156269335
 20
148.6067547088286
 30
0.0
 11
1331.775173159943
 21
148.6067547088286
 31
0.0
  0
LINE
  5
7ED
330
17
100
AcDbEntity
  8
CUT
100
AcDbLine
 10
1356.444236018939
 20
149.6067547088285
 30
0.0
 11
1356.444236018939
 21
151.6067547088286
 31
0.0
  0
ARC
  5
7EE
330
17
100
AcDbEntity
  8
CUT
100
AcDbCircle
 10
1356.94423601894
 20
149.6067547088285
 30
0.0
 40
0.5
100
AcDbArc
 50
180.0
 51
270.0
  0
LINE
  5
7EF
330
17
100
AcDbEntity
  8
CUT
100
AcDbLine
 10
1357.737309078101
 20
149.3007005753087
 30
0.0
 11
1362.338050617186
 21
155.2443331666126
 31
0.0
  0
ARC
  5
7F0
330
17
100
AcDbEntity
  8
CUT
100
AcDbCircle
 10
1360.756502679979
 20
156.4685497006909
 30
0.0
 40
2.0
100
AcDbArc
 50
322.2578989928071
 51
25.00000000000735
  0
LINE
  5
7F1
330
17
100
AcDbEntity
  8
CUT
100
AcDbLine
 10
1350.809197016709
 20
149.1067547088286
 30
0.0
 11
1350.809197016709
 21
151.6067547088286
 31
0.0
  0
ARC
  5
7F2
330
17
100
AcDbEntity
  8
CUT
100
AcDbCircle
 10
1350.309197016709
 20
149.1067547088286
 30
0.0
 40
0.5
100
AcDbArc
 50
270.0
 51
0.0
  0
LINE
  5
7F3
330
17
100
AcDbEntity
  8
CUT
100
AcDbLine
 10
1344.859213907316
 20
149.1067547088286
 30
0.0
 11
1344.859213907316
 21
151.6067547088286
 31
0.0
  0
ARC
  5
7F4
330
17
100
AcDbEntity
  8
CUT
100
AcDbCircle
 10
1345.359213907316
 20
149.1067547088286
 30
0.0
 40
0.5
100
AcDbArc
 50
180.0
 51
270.0
  0
LINE
  5
7F5
330
17
100
AcDbEntity
  8
CUT
100
AcDbLine
 10
1337.225156269335
 20
149.1067547088286
 30
0.0
 11
1337.225156269335
 21
151.6067547088286
 31
0.0
  0
ARC
  5
7F6
330
17
100
AcDbEntity
  8
CUT
100
AcDbCircle
 10
1336.725156269335
 20
149.1067547088286
 30
0.0
 40
0.5
100
AcDbArc
 50
270.0
 51
0.0
  0
LINE
  5
7F7
330
17
100
AcDbEntity
  8
CUT
100
AcDbLine
 10
1331.275173159943
 20
149.1067547088286
 30
0.0
 11
1331.275173159943
 21
152.0391645561086
 31
0.0
  0
ARC
  5
7F8
330
17
100
AcDbEntity
  8
CUT
100
AcDbCircle
 10
1331.775173159943
 20
149.1067547088286
 30
0.0
 40
0.5
100
AcDbArc
 50
180.0
 51
270.0
  0
ARC
  5
7F9
330
17
100
AcDbEntity
  8
CUT
100
AcDbCircle
 10
1338.025156269335
 20
151.6067547088286
 30
0.0
 40
0.8
100
AcDbArc
 50
0.0
 51
180.0
  0
ARC
  5
7FA
330
17
100
AcDbEntity
  8
CUT
100
AcDbCircle
 10
1344.059213907317
 20
151.6067547088286
 30
0.0
 40
0.8
100
AcDbArc
 50
0.0
 51
180.0
  0
ARC
  5
7FB
330
17
100
AcDbEntity
  8
CUT
100
AcDbCircle
 10
1351.609197016708
 20
151.6067547088286
 30
0.0
 40
0.8
100
AcDbArc
 50
0.0
 51
180.0
  0
ARC
  5
7FC
330
17
100
AcDbEntity
  8
CUT
100
AcDbCircle
 10
1355.64423601894
 20
151.6067547088286
 30
0.0
 40
0.8
100
AcDbArc
 50
0.0
 51
180.0
  0
LINE
  5
7FD
330
17
100
AcDbEntity
  8
CUT
100
AcDbLine
 10
1362.569118254051
 20
157.3137862241714
 30
0.0
 11
1347.769222566026
 21
189.0522649499652
 31
0.0
  0
LINE
  5
7FE
330
17
100
AcDbEntity
  8
CUT
100
AcDbLine
 10
1327.787419403013
 20
181.6067547088286
 30
0.0
 11
1327.787419403013
 21
183.6067547088286
 31
0.0
  0
LINE
  5
7FF
330
17
100
AcDbEntity
  8
CUT
100
AcDbLine
 10
1321.83743629362
 20
181.6067547088286
 30
0.0
 11
1321.837436293624
 21
183.606754708829
 31
0.0
  0
ARC
  5
800
330
17
100
AcDbEntity
  8
CUT
100
AcDbCircle
 10
1322.337436293624
 20
183.6067547088286
 30
0.0
 40
0.5
100
AcDbArc
 50
90.0
 51
179.9999999999479
  0
ARC
  5
801
330
17
100
AcDbEntity
  8
CUT
100
AcDbCircle
 10
1328.587419403012
 20
181.6067547088286
 30
0.0
 40
0.8
100
AcDbArc
 50
180.0
 51
0.0
  0
ARC
  5
802
330
17
100
AcDbEntity
  8
CUT
100
AcDbCircle
 10
1321.037436293625
 20
181.6067547088286
 30
0.0
 40
0.8
100
AcDbArc
 50
180.0
 51
0.0
  0
ARC
  5
803
330
17
100
AcDbEntity
  8
CUT
100
AcDbCircle
 10
1332.382785635866
 20
181.6067547088286
 30
0.0
 40
0.8
100
AcDbArc
 50
180.0
 51
0.0
  0
LINE
  5
804
330
17
100
AcDbEntity
  8
CUT
100
AcDbLine
 10
1318.470250113013
 20
178.0113728942227
 30
0.0
 11
1317.125384933913
 21
180.8954455779577
 31
0.0
  0
ARC
  5
805
330
17
100
AcDbEntity
  8
CUT
100
AcDbCircle
 10
1319.376557900051
 20
178.4339911559638
 30
0.0
 40
1.0
100
AcDbArc
 50
204.9999999999265
 51
250.0065170760963
  0
ARC
  5
806
330
17
100
AcDbEntity
  8
CUT
100
AcDbCircle
 10
1317.578538827431
 20
181.1067547088286
 30
0.0
 40
0.5
100
AcDbArc
 50
90.0
 51
204.9999999999121
  0
LINE
  5
807
330
17
100
AcDbEntity
  8
CUT
100
AcDbLine
 10
1350.677814654763
 20
159.0621741417327
 30
0.0
 11
1345.16841244332
 21
156.4942634918208
 31
0.0
  0
ARC
  5
808
330
17
100
AcDbEntity
  8
CUT
100
AcDbCircle
 10
1351.100275374291
 20
158.1557929082231
 30
0.0
 40
1.0
100
AcDbArc
 50
25.00000000000735
 51
114.9900407585199
  0
LINE
  5
809
330
17
100
AcDbEntity
  8
CUT
100
AcDbLine
 10
1331.40278006814
 20
152.5279695206624
 30
0.0
 11
1333.953641581484
 21
157.0806114203179
 31
0.0
  0
ARC
  5
80A
330
17
100
AcDbEntity
  8
CUT
100
AcDbCircle
 10
1333.081248489682
 20
157.5694163848721
 30
0.0
 40
1.0
100
AcDbArc
 50
330.7379344128233
 51
25.00000000001858
  0
ARC
  5
80B
330
17
100
AcDbEntity
  8
CUT
100
AcDbCircle
 10
1332.275173159943
 20
152.0391645561086
 30
0.0
 40
1.0
100
AcDbArc
 50
150.7379344128261
 51
180.0
  0
LINE
  5
80C
330
17
100
AcDbEntity
  8
CUT
100
AcDbLine
 10
1354.844236018941
 20
151.6067547088286
 30
0.0
 11
1352.409197016707
 21
151.6067547088286
 31
0.0
  0
LINE
  5
80D
330
17
100
AcDbEntity
  8
CUT
100
AcDbLine
 10
1343.259213907318
 20
151.6067547088286
 30
0.0
 11
1338.825156269334
 21
151.6067547088286
 31
0.0
  0
LINE
  5
80E
330
17
100
AcDbEntity
  8
CUT
100
AcDbLine
 10
1331.582785635867
 20
181.6067547088286
 30
0.0
 11
1329.387419403011
 21
181.6067547088286
 31
0.0
  0
LINE
  5
80F
330
17
100
AcDbEntity
  8
CUT
100
AcDbLine
 10
1320.237436293625
 20
181.6067547088286
 30
0.0
 11
1317.578538827431
 21
181.6067547088286
 31
0.0
  0
LINE
  5
810
330
17
100
AcDbEntity
  8
CUT
100
AcDbLine
 10
1357.341922093798
 20
149.1067547088286
 30
0.0
 11
1356.94423601894
 21
149.1067547088286
 31
0.0
  0
ARC
  5
811
330
17
100
AcDbEntity
  8
CUT
100
AcDbCircle
 10
1357.341922093798
 20
149.6067547088285
 30
0.0
 40
0.5
100
AcDbArc
 50
270.0
 51
322.2578989928118
  0
ARC
  5
812
330
17
100
AcDbEntity
  8
CUT
100
AcDbCircle
 10
1344.828933178251
 20
186.6335580400881
 30
0.0
 40
1.5
100
AcDbArc
 50
287.2737565842532
 51
107.2737565844714
  0
LINE
  5
813
330
17
100
AcDbEntity
  8
CUT
100
AcDbLine
 10
1344.383526883267
 20
188.0659034008139
 30
0.0
 11
1341.192996326304
 21
187.0737667043521
 31
0.0
  0
LINE
  5
814
330
17
100
AcDbEntity
  8
CUT
100
AcDbLine
 10
1345.274339473221
 20
185.2012126793601
 30
0.0
 11
1342.083808916258
 21
184.2090759828978
 31
0.0
  0
LINE
  5
815
330
17
100
AcDbEntity
  8
CUT
100
AcDbLine
 10
1352.297711775803
 20
154.5878822583116
 30
0.0
 11
1345.590873162849
 21
154.5878822583116
 31
0.0
  0
ARC
  5
816
330
17
100
AcDbEntity
  8
CUT
100
AcDbCircle
 10
1345.590873162849
 20
155.5878822583116
 30
0.0
 40
1.0
100
AcDbArc
 50
114.9900407585199
 51
270.0
  0
ARC
  5
817
330
17
100
AcDbEntity
  8
CUT
100
AcDbCircle
 10
1352.297711775803
 20
155.5878822583116
 30
0.0
 40
1.0
100
AcDbArc
 50
270.0
 51
24.99999999991212
  0
LINE
  5
818
330
17
100
AcDbEntity
  8
CUT
100
AcDbLine
 10
1353.20401956284
 20
156.0105005200522
 30
0.0
 11
1352.006583161329
 21
158.5784111699642
 31
0.0
  0
LINE
  5
819
330
17
100
AcDbEntity
  8
CUT
100
AcDbLine
 10
1345.362731931986
 20
190.1168222407881
 30
0.0
 11
1334.588910575899
 21
186.7665632986937
 31
0.0
  0
ARC
  5
81A
330
17
100
AcDbEntity
  8
CUT
100
AcDbCircle
 10
1345.956606991953
 20
188.2070284264849
 30
0.0
 40
2.0
100
AcDbArc
 50
25.00000000000735
 51
107.2737565844714
  0
LINE
  5
81B
330
17
100
AcDbEntity
  8
CUT
100
AcDbLine
 10
1339.169984151715
 20
174.0144258418687
 30
0.0
 11
1331.918934283643
 21
170.6347400856563
 31
0.0
  0
LINE
  5
81C
330
17
100
AcDbEntity
  8
CUT
100
AcDbLine
 10
1338.325062712659
 20
175.8271883088865
 30
0.0
 11
1331.07401284459
 21
172.4475025526723
 31
0.0
  0
ARC
  5
81D
330
17
100
AcDbEntity
  8
CUT
100
AcDbCircle
 10
1338.747523432183
 20
174.9208070753804
 30
0.0
 40
1.000000000001718
100
AcDbArc
 50
294.9900407585198
 51
114.9900407585199
  0
ARC
  5
81E
330
17
100
AcDbEntity
  8
CUT
100
AcDbCircle
 10
1331.496473564114
 20
171.5411213191643
 30
0.0
 40
1.000000000001718
100
AcDbArc
 50
114.9900407585199
 51
294.9900407585198
  0
LINE
  5
81F
330
17
100
AcDbEntity
  8
CUT
100
AcDbLine
 10
1333.98755627672
 20
157.992034646614
 30
0.0
 11
1326.265739241743
 21
174.551524717023
 31
0.0
  0
LINE
  5
820
330
17
100
AcDbEntity
  8
CUT
100
AcDbLine
 10
1345.931876339587
 20
159.5135012492901
 30
0.0
 11
1338.680826471514
 21
156.1338154930776
 31
0.0
  0
LINE
  5
821
330
17
100
AcDbEntity
  8
CUT
100
AcDbLine
 10
1345.08695490053
 20
161.3262637163079
 30
0.0
 11
1337.835905032461
 21
157.9465779600935
 31
0.0
  0
ARC
  5
822
330
17
100
AcDbEntity
  8
CUT
100
AcDbCircle
 10
1345.509415620055
 20
160.4198824828017
 30
0.0
 40
1.000000000001718
100
AcDbArc
 50
294.9900407585198
 51
114.9900407585199
  0
ARC
  5
823
330
17
100
AcDbEntity
  8
CUT
100
AcDbCircle
 10
1338.258365751985
 20
157.0401967265856
 30
0.0
 40
1.000000000001718
100
AcDbArc
 50
114.9900407585199
 51
294.9900407585198
  0
LINE
  5
824
330
17
100
AcDbEntity
  8
CUT
100
AcDbLine
 10
1349.65632217961
 20
166.6354086809523
 30
0.0
 11
1342.405272311539
 21
163.2557229247385
 31
0.0
  0
LINE
  5
825
330
17
100
AcDbEntity
  8
CUT
100
AcDbLine
 10
1348.811400740554
 20
168.4481711479701
 30
0.0
 11
1341.560350872486
 21
165.0684853917545
 31
0.0
  0
LINE
  5
826
330
17
100
AcDbEntity
  8
CUT
100
AcDbLine
 10
1346.276636423391
 20
173.8864585490254
 30
0.0
 11
1339.025586555323
 21
170.5067727928061
 31
0.0
  0
LINE
  5
827
330
17
100
AcDbEntity
  8
CUT
100
AcDbLine
 10
1347.121557862444
 20
172.0736960820076
 30
0.0
 11
1339.870507994376
 21
168.6940103257919
 31
0.0
  0
ARC
  5
828
330
17
100
AcDbEntity
  8
CUT
100
AcDbCircle
 10
1346.699097142919
 20
172.9800773155156
 30
0.0
 40
1.000000000001718
100
AcDbArc
 50
294.9900407585198
 51
114.9900407585199
  0
ARC
  5
829
330
17
100
AcDbEntity
  8
CUT
100
AcDbCircle
 10
1339.448047274852
 20
169.6003915592981
 30
0.0
 40
1.000000000001718
100
AcDbArc
 50
114.9900407585199
 51
294.9900407585198
  0
ARC
  5
82A
330
17
100
AcDbEntity
  8
CUT
100
AcDbCircle
 10
1349.233861460078
 20
167.5417899144639
 30
0.0
 40
1.000000000001718
100
AcDbArc
 50
294.9900407585198
 51
114.9900407585199
  0
ARC
  5
82B
330
17
100
AcDbEntity
  8
CUT
100
AcDbCircle
 10
1341.982811592011
 20
164.1621041582465
 30
0.0
 40
1.000000000001718
100
AcDbArc
 50
114.9900407585199
 51
294.9900407585198
  0
LINE
  5
82C
330
17
100
AcDbEntity
  8
POCKET
100
AcDbLine
 10
1354.822935802146
 20
162.0945201840526
 30
0.0
 11
1346.196447468385
 21
180.5940841155064
 31
0.0
  0
LINE
  5
82D
330
17
100
AcDbEntity
  8
POCKET
100
AcDbLine
 10
1357.480787899702
 20
161.1271411334618
 30
0.0
 11
1360.199711260809
 21
162.3949959186828
 31
0.0
  0
ARC
  5
82E
330
17
100
AcDbEntity
  8
POCKET
100
AcDbCircle
 10
1356.635551376222
 20
162.9397567075344
 30
0.0
 40
2.0
100
AcDbArc
 50
204.9999999999121
 51
295.0000000000931
  0
LINE
  5
82F
330
17
100
AcDbEntity
  8
POCKET
100
AcDbLine
 10
1347.163826518977
 20
183.2519362130609
 30
0.0
 11
1349.882749880086
 21
184.519790998284
 31
0.0
  0
ARC
  5
830
330
17
100
AcDbEntity
  8
POCKET
100
AcDbCircle
 10
1348.009063042457
 20
181.4393206389876
 30
0.0
 40
2.0
100
AcDbArc
 50
115.0000000000931
 51
204.9999999999265
  0
LINE
  5
831
330
17
100
AcDbEntity
  8
ANNOTATION
100
AcDbLine
 10
1217.514495771718
 20
67.28907961566688
 30
0.0
 11
1504.622550573722
 21
67.28907961566699
 31
0.0
  0
LINE
  5
832
330
17
100
AcDbEntity
  8
ANNOTATION
100
AcDbLine
 10
1217.514495771718
 20
-236.302329702293
 30
0.0
 11
1504.622550573722
 21
-236.3023297022929
 31
0.0
  0
LINE
  5
833
330
17
100
AcDbEntity
  8
ANNOTATION
100
AcDbLine
 10
1217.514495771718
 20
-562.4341757947552
 30
0.0
 11
1504.622550573722
 21
-562.4341757947551
 31
0.0
  0
LINE
  5
834
330
17
100
AcDbEntity
  8
ANNOTATION
100
AcDbLine
 10
1217.514495771718
 20
-868.8223295568725
 30
0.0
 11
1504.622550573722
 21
-868.8223295568723
 31
0.0
  0
MTEXT
  5
835
102
{ACAD_XDICTIONARY
360
836
102
}
330
17
100
AcDbEntity
  8
CUT
  6
JIS_09_08
100
AcDbMText
 10
1243.982285816401
 20
-871.9454987380482
 30
0.0
 40
10.0
 41
247.1593089761079
 46
0.0
 71
1
 72
5
  1
\pi91.57965;{\fISOCPEUR|b0|i0|c0|p34;cam plates\P\pi37.07965;cine High tilt (40°)_ O4 PRO\P\pi63.07965;FOV clean in "Wide"}
1001
ACAD
1000
ACAD_MTEXT_COLUMN_INFO_BEGIN
1070
75
1070
2
1070
79
1070
0
1070
76
1070
1
1070
78
1070
0
1070
48
1040
247.1593089761079
1070
49
1040
12.5
1070
50
1070
1
1040
0.0
1000
ACAD_MTEXT_COLUMN_INFO_END
1000
ACAD_MTEXT_COLUMNS_BEGIN
1070
47
1070
1
1000
ACAD_MTEXT_COLUMNS_END
  0
LINE
  5
838
330
17
100
AcDbEntity
  8
CUT
100
AcDbLine
 10
1428.809706479233
 20
-696.671307202052
 30
0.0
 11
1428.809706479233
 21
-691.6482666114887
 31
0.0
  0
ARC
  5
839
330
17
100
AcDbEntity
  8
CUT
100
AcDbCircle
 10
1426.809706479233
 20
-691.6482666114887
 30
0.0
 40
2.0
100
AcDbArc
 50
0.0
 51
62.46912953543819
  0
LINE
  5
83A
330
17
100
AcDbEntity
  8
CUT
100
AcDbLine
 10
1411.683295098386
 20
-729.671307202052
 30
0.0
 11
1416.633278207782
 21
-729.671307202052
 31
0.0
  0
ARC
  5
83B
330
17
100
AcDbEntity
  8
CUT
100
AcDbCircle
 10
1411.683295098386
 20
-729.171307202052
 30
0.0
 40
0.5
100
AcDbArc
 50
180.0
 51
270.0
  0
LINE
  5
83C
330
17
100
AcDbEntity
  8
CUT
100
AcDbLine
 10
1425.267335845759
 20
-729.671307202052
 30
0.0
 11
1430.217318955156
 21
-729.671307202052
 31
0.0
  0
ARC
  5
83D
330
17
100
AcDbEntity
  8
CUT
100
AcDbCircle
 10
1425.267335845759
 20
-729.171307202052
 30
0.0
 40
0.5
100
AcDbArc
 50
180.0
 51
270.0
  0
LINE
  5
83E
330
17
100
AcDbEntity
  8
CUT
100
AcDbLine
 10
1405.548256096159
 20
-729.171307202052
 30
0.0
 11
1405.548256096159
 21
-726.671307202052
 31
0.0
  0
ARC
  5
83F
330
17
100
AcDbEntity
  8
CUT
100
AcDbCircle
 10
1405.048256096159
 20
-729.171307202052
 30
0.0
 40
0.5
100
AcDbArc
 50
270.0
 51
0.0
  0
LINE
  5
840
330
17
100
AcDbEntity
  8
CUT
100
AcDbLine
 10
1401.915993770139
 20
-729.671307202052
 30
0.0
 11
1405.048256096159
 21
-729.671307202052
 31
0.0
  0
ARC
  5
841
330
17
100
AcDbEntity
  8
CUT
100
AcDbCircle
 10
1401.915993770139
 20
-727.671307202052
 30
0.0
 40
2.0
100
AcDbArc
 50
226.2418718880904
 51
270.0
  0
LINE
  5
842
330
17
100
AcDbEntity
  8
CUT
100
AcDbLine
 10
1411.183295098386
 20
-729.171307202052
 30
0.0
 11
1411.183295098386
 21
-726.671307202052
 31
0.0
  0
LINE
  5
843
330
17
100
AcDbEntity
  8
CUT
100
AcDbLine
 10
1417.133278207782
 20
-729.171307202052
 30
0.0
 11
1417.133278207782
 21
-726.671307202052
 31
0.0
  0
ARC
  5
844
330
17
100
AcDbEntity
  8
CUT
100
AcDbCircle
 10
1416.633278207782
 20
-729.171307202052
 30
0.0
 40
0.5
100
AcDbArc
 50
270.0
 51
0.0
  0
LINE
  5
845
330
17
100
AcDbEntity
  8
CUT
100
AcDbLine
 10
1424.76733584576
 20
-729.171307202052
 30
0.0
 11
1424.76733584576
 21
-726.671307202052
 31
0.0
  0
LINE
  5
846
330
17
100
AcDbEntity
  8
CUT
100
AcDbLine
 10
1430.717318955156
 20
-729.171307202052
 30
0.0
 11
1430.717318955156
 21
-726.671307202052
 31
0.0
  0
ARC
  5
847
330
17
100
AcDbEntity
  8
CUT
100
AcDbCircle
 10
1430.217318955156
 20
-729.171307202052
 30
0.0
 40
0.5
100
AcDbArc
 50
270.0
 51
0.0
  0
ARC
  5
848
330
17
100
AcDbEntity
  8
CUT
100
AcDbCircle
 10
1423.96733584576
 20
-726.671307202052
 30
0.0
 40
0.8
100
AcDbArc
 50
0.0
 51
180.0
  0
ARC
  5
849
330
17
100
AcDbEntity
  8
CUT
100
AcDbCircle
 10
1417.933278207781
 20
-726.671307202052
 30
0.0
 40
0.8
100
AcDbArc
 50
0.0
 51
180.0
  0
ARC
  5
84A
330
17
100
AcDbEntity
  8
CUT
100
AcDbCircle
 10
1410.383295098387
 20
-726.671307202052
 30
0.0
 40
0.8
100
AcDbArc
 50
0.0
 51
180.0
  0
ARC
  5
84B
330
17
100
AcDbEntity
  8
CUT
100
AcDbCircle
 10
1406.348256096158
 20
-726.671307202052
 30
0.0
 40
0.8
100
AcDbArc
 50
0.0
 51
180.0
  0
ARC
  5
84C
330
17
100
AcDbEntity
  8
CUT
100
AcDbCircle
 10
1431.517318955155
 20
-726.671307202052
 30
0.0
 40
0.8
100
AcDbArc
 50
0.0
 51
180.0
  0
LINE
  5
84D
330
17
100
AcDbEntity
  8
CUT
100
AcDbLine
 10
1434.205072712082
 20
-696.671307202052
 30
0.0
 11
1434.205072712082
 21
-694.671307202052
 31
0.0
  0
LINE
  5
84E
330
17
100
AcDbEntity
  8
CUT
100
AcDbLine
 10
1440.155055821478
 20
-696.671307202052
 30
0.0
 11
1440.155055821475
 21
-694.671307202052
 31
0.0
  0
ARC
  5
84F
330
17
100
AcDbEntity
  8
CUT
100
AcDbCircle
 10
1439.655055821475
 20
-694.671307202052
 30
0.0
 40
0.5
100
AcDbArc
 50
5.21102e-11
 51
90.0
  0
ARC
  5
850
330
17
100
AcDbEntity
  8
CUT
100
AcDbCircle
 10
1433.405072712083
 20
-696.671307202052
 30
0.0
 40
0.8
100
AcDbArc
 50
180.0
 51
0.0
  0
ARC
  5
851
330
17
100
AcDbEntity
  8
CUT
100
AcDbCircle
 10
1440.955055821478
 20
-696.671307202052
 30
0.0
 40
0.8
100
AcDbArc
 50
180.0
 51
0.0
  0
ARC
  5
852
330
17
100
AcDbEntity
  8
CUT
100
AcDbCircle
 10
1429.609706479232
 20
-696.671307202052
 30
0.0
 40
0.8
100
AcDbArc
 50
180.0
 51
0.0
  0
LINE
  5
853
330
17
100
AcDbEntity
  8
CUT
100
AcDbLine
 10
1434.579341251761
 20
-719.4448015651597
 30
0.0
 11
1444.668093844162
 21
-697.8094018114443
 31
0.0
  0
ARC
  5
854
330
17
100
AcDbEntity
  8
CUT
100
AcDbCircle
 10
1435.485649038799
 20
-719.8674198268999
 30
0.0
 40
1.0
100
AcDbArc
 50
155.0000000000057
 51
227.5325287678228
  0
LINE
  5
855
330
17
100
AcDbEntity
  8
CUT
100
AcDbLine
 10
1375.325748173787
 20
-703.0999129554323
 30
0.0
 11
1389.651188770216
 21
-672.3789064570423
 31
0.0
  0
ARC
  5
856
330
17
100
AcDbEntity
  8
CUT
100
AcDbCircle
 10
1377.138363747861
 20
-703.9451494789134
 30
0.0
 40
2.0
100
AcDbArc
 50
154.9999999999839
 51
226.2418718880904
  0
LINE
  5
857
330
17
100
AcDbEntity
  8
POCKET
100
AcDbLine
 10
1383.144516680595
 20
-698.1635176984857
 30
0.0
 11
1391.09955766599
 21
-681.1038772523654
 31
0.0
  0
LINE
  5
858
330
17
100
AcDbEntity
  8
CUT
100
AcDbLine
 10
1387.558164232931
 20
-695.7970247272668
 30
0.0
 11
1392.221038549118
 21
-685.7974584867368
 31
0.0
  0
LINE
  5
859
330
17
100
AcDbEntity
  8
POCKET
100
AcDbLine
 10
1384.150901830833
 20
-693.6391161959439
 30
0.0
 11
1388.37783865492
 21
-684.5744209241329
 31
0.0
  0
ARC
  5
85A
330
17
100
AcDbEntity
  8
CUT
100
AcDbCircle
 10
1388.464472019967
 20
-696.219642989007
 30
0.0
 40
1.0
100
AcDbArc
 50
154.9999999999839
 51
207.9240786565331
  0
ARC
  5
85B
330
17
100
AcDbEntity
  8
CUT
100
AcDbCircle
 10
1393.127346336154
 20
-686.2200767484774
 30
0.0
 40
1.0
100
AcDbArc
 50
102.0759213434505
 51
154.9999999999949
  0
ARC
  5
85C
330
17
100
AcDbEntity
  8
POCKET
100
AcDbCircle
 10
1381.331901106519
 20
-697.3182811750041
 30
0.0
 40
2.0
100
AcDbArc
 50
244.9999999999067
 51
335.0000000000005
  0
LINE
  5
85D
330
17
100
AcDbEntity
  8
POCKET
100
AcDbLine
 10
1390.132178615398
 20
-678.4460251548109
 30
0.0
 11
1387.413255254289
 21
-677.178170369588
 31
0.0
  0
ARC
  5
85E
330
17
100
AcDbEntity
  8
POCKET
100
AcDbCircle
 10
1389.286942091918
 20
-680.2586407288848
 30
0.0
 40
2.0
100
AcDbArc
 50
335.0000000000005
 51
64.99999999990673
  0
LINE
  5
85F
330
17
100
AcDbEntity
  8
CUT
100
AcDbLine
 10
1407.148256096158
 20
-726.671307202052
 30
0.0
 11
1409.583295098387
 21
-726.671307202052
 31
0.0
  0
LINE
  5
860
330
17
100
AcDbEntity
  8
CUT
100
AcDbLine
 10
1418.733278207781
 20
-726.671307202052
 30
0.0
 11
1423.167335845761
 21
-726.671307202052
 31
0.0
  0
LINE
  5
861
330
17
100
AcDbEntity
  8
CUT
100
AcDbLine
 10
1432.317318955154
 20
-726.671307202052
 30
0.0
 11
1439.438959191973
 21
-726.671307202052
 31
0.0
  0
ARC
  5
862
330
17
100
AcDbEntity
  8
CUT
100
AcDbCircle
 10
1439.438959191973
 20
-725.8713072020527
 30
0.0
 40
0.8
100
AcDbArc
 50
270.0
 51
29.26206558727143
  0
LINE
  5
863
330
17
100
AcDbEntity
  8
CUT
100
AcDbLine
 10
1430.409706479231
 20
-696.671307202052
 30
0.0
 11
1432.605072712084
 21
-696.671307202052
 31
0.0
  0
LINE
  5
864
330
17
100
AcDbEntity
  8
CUT
100
AcDbLine
 10
1434.705072712082
 20
-694.171307202052
 30
0.0
 11
1439.655055821475
 21
-694.171307202052
 31
0.0
  0
ARC
  5
865
330
17
100
AcDbEntity
  8
CUT
100
AcDbCircle
 10
1434.705072712082
 20
-694.671307202052
 30
0.0
 40
0.5
100
AcDbArc
 50
90.0
 51
180.0
  0
LINE
  5
866
330
17
100
AcDbEntity
  8
CUT
100
AcDbLine
 10
1441.755055821477
 20
-696.671307202052
 30
0.0
 11
1443.943047614533
 21
-696.671307202052
 31
0.0
  0
ARC
  5
867
330
17
100
AcDbEntity
  8
CUT
100
AcDbCircle
 10
1443.943047614533
 20
-697.4713072020522
 30
0.0
 40
0.8
100
AcDbArc
 50
335.0000000000881
 51
90.0
  0
LINE
  5
868
330
17
100
AcDbEntity
  8
CUT
100
AcDbLine
 10
1429.518726369197
 20
-700.8940248976223
 30
0.0
 11
1423.305734231695
 21
-699.4121870606605
 31
0.0
  0
ARC
  5
869
330
17
100
AcDbEntity
  8
CUT
100
AcDbCircle
 10
1423.073735315976
 20
-700.3849031050976
 30
0.0
 40
1.0
100
AcDbArc
 50
76.58521511108005
 51
190.1485972591936
  0
LINE
  5
86A
330
17
100
AcDbEntity
  8
POCKET
100
AcDbLine
 10
1380.486664583039
 20
-699.1308967490779
 30
0.0
 11
1377.767741221929
 21
-697.863041963856
 31
0.0
  0
LINE
  5
86B
330
17
100
AcDbEntity
  8
CUT
100
AcDbLine
 10
1437.386665812069
 20
-705.0191901847884
 30
0.0
 11
1425.097335543994
 21
-710.374705918135
 31
0.0
  0
ARC
  5
86C
330
17
100
AcDbEntity
  8
CUT
100
AcDbCircle
 10
1424.697836118108
 20
-709.4579724733884
 30
0.0
 40
1.0
100
AcDbArc
 50
190.1485972591936
 51
293.5468889045132
  0
LINE
  5
86D
330
17
100
AcDbEntity
  8
CUT
100
AcDbLine
 10
1419.684095585622
 20
-712.7337190728849
 30
0.0
 11
1403.90057632718
 21
-719.6119527823139
 31
0.0
  0
ARC
  5
86E
330
17
100
AcDbEntity
  8
CUT
100
AcDbCircle
 10
1419.284596159736
 20
-711.8169856281384
 30
0.0
 40
1.0
100
AcDbArc
 50
293.5468889045132
 51
47.53252876779051
  0
ARC
  5
86F
330
17
100
AcDbEntity
  8
CUT
100
AcDbCircle
 10
1403.101577475407
 20
-717.7784858928212
 30
0.0
 40
2.0
100
AcDbArc
 50
226.2418718880904
 51
293.5468889045132
  0
LINE
  5
870
330
17
100
AcDbEntity
  8
CUT
100
AcDbLine
 10
1433.395719433179
 20
-710.0308768571149
 30
0.0
 11
1427.938886371839
 21
-712.4088872675092
 31
0.0
  0
ARC
  5
871
330
17
100
AcDbEntity
  8
CUT
100
AcDbCircle
 10
1428.338385797726
 20
-713.3256207122558
 30
0.0
 40
1.0
100
AcDbArc
 50
113.5468889045132
 51
227.5325287678228
  0
LINE
  5
872
330
17
100
AcDbEntity
  8
CUT
100
AcDbLine
 10
1422.921997609194
 20
-714.5951761957667
 30
0.0
 11
1407.415413050016
 21
-721.3527256932266
 31
0.0
  0
ARC
  5
873
330
17
100
AcDbEntity
  8
CUT
100
AcDbCircle
 10
1423.32149703508
 20
-715.5119096405132
 30
0.0
 40
1.0
100
AcDbArc
 50
47.5325287678228
 51
113.5468889045132
  0
ARC
  5
874
330
17
100
AcDbEntity
  8
CUT
100
AcDbCircle
 10
1407.814912475902
 20
-722.2694591379731
 30
0.0
 40
1.0
100
AcDbArc
 50
113.5468889045132
 51
270.0
  0
ARC
  5
875
330
17
100
AcDbEntity
  8
CUT
100
AcDbCircle
 10
1400.577947366017
 20
-723.095934419849
 30
0.0
 40
1.499999999999999
100
AcDbArc
 50
226.2418718878047
 51
46.2418718881042
  0
ARC
  5
876
330
17
100
AcDbEntity
  8
CUT
100
AcDbCircle
 10
1398.164690747582
 20
-720.7850876155389
 30
0.0
 40
1.499999999999999
100
AcDbArc
 50
46.24187188780468
 51
226.2418718881042
  0
LINE
  5
877
330
17
100
AcDbEntity
  8
CUT
100
AcDbLine
 10
1399.202114035155
 20
-719.7016888328162
 30
0.0
 11
1401.61537065359
 21
-722.0125356371263
 31
0.0
  0
LINE
  5
878
330
17
100
AcDbEntity
  8
CUT
100
AcDbLine
 10
1397.127267460013
 20
-721.8684863982635
 30
0.0
 11
1399.540524078447
 21
-724.1793332025736
 31
0.0
  0
LINE
  5
879
330
17
100
AcDbEntity
  8
CUT
100
AcDbLine
 10
1375.755132697766
 20
-705.3896811892098
 30
0.0
 11
1400.532762720044
 21
-729.1158389123487
 31
0.0
  0
LINE
  5
87A
330
17
100
AcDbEntity
  8
CUT
100
AcDbLine
 10
1388.393643589528
 20
-707.3546805814095
 30
0.0
 11
1392.53897258779
 21
-711.3240969274706
 31
0.0
  0
ARC
  5
87B
330
17
100
AcDbEntity
  8
CUT
100
AcDbCircle
 10
1389.085259114576
 20
-706.6324147262611
 30
0.0
 40
1.0
100
AcDbArc
 50
65.00995924159481
 51
226.2418718880904
  0
ARC
  5
87C
330
17
100
AcDbEntity
  8
CUT
100
AcDbCircle
 10
1393.230588112837
 20
-710.6018310723226
 30
0.0
 40
1.0
100
AcDbArc
 50
226.2418718880904
 51
335.0099592415591
  0
LINE
  5
87D
330
17
100
AcDbEntity
  8
CUT
100
AcDbLine
 10
1419.722076240059
 20
-704.3620537239701
 30
0.0
 11
1419.192353305805
 21
-701.4027466894813
 31
0.0
  0
ARC
  5
87E
330
17
100
AcDbEntity
  8
CUT
100
AcDbCircle
 10
1418.737722157131
 20
-704.5382554249348
 30
0.0
 40
1.0
100
AcDbArc
 50
227.5325287678044
 51
10.14859725918409
  0
ARC
  5
87F
330
17
100
AcDbEntity
  8
CUT
100
AcDbCircle
 10
1418.207999222877
 20
-701.5789483904462
 30
0.0
 40
1.0
100
AcDbArc
 50
10.14859725918409
 51
124.0115673761377
  0
LINE
  5
880
330
17
100
AcDbEntity
  8
CUT
100
AcDbLine
 10
1418.228992483538
 20
-696.0209135202338
 30
0.0
 11
1417.768832385018
 21
-693.4502205626925
 31
0.0
  0
ARC
  5
881
330
17
100
AcDbEntity
  8
CUT
100
AcDbCircle
 10
1416.78447830209
 20
-693.626422263658
 30
0.0
 40
1.0
100
AcDbArc
 50
10.14859725921221
 51
62.46912953543819
  0
ARC
  5
882
330
17
100
AcDbEntity
  8
CUT
100
AcDbCircle
 10
1417.24463840061
 20
-696.197115221199
 30
0.0
 40
1.0
100
AcDbArc
 50
304.0115673761377
 51
10.14859725920042
  0
LINE
  5
883
330
17
100
AcDbEntity
  8
CUT
100
AcDbLine
 10
1423.71348203518
 20
-709.6341741743526
 30
0.0
 11
1422.089381233049
 21
-700.5611048060636
 31
0.0
  0
CIRCLE
  5
884
330
17
100
AcDbEntity
  8
CUT
100
AcDbCircle
 10
1391.862235993932
 20
-674.2343450915889
 30
0.0
 40
1.5
  0
ARC
  5
885
330
17
100
AcDbEntity
  8
CUT
100
AcDbCircle
 10
1381.533855717933
 20
-705.4732184888446
 30
0.0
 40
1.499999999999999
100
AcDbArc
 50
226.2418718878047
 51
46.2418718881042
  0
ARC
  5
886
330
17
100
AcDbEntity
  8
CUT
100
AcDbCircle
 10
1379.120599099498
 20
-703.1623716845345
 30
0.0
 40
1.499999999999999
100
AcDbArc
 50
46.24187188780468
 51
226.2418718881042
  0
LINE
  5
887
330
17
100
AcDbEntity
  8
CUT
100
AcDbLine
 10
1380.158022387071
 20
-702.0789729018117
 30
0.0
 11
1382.571279005506
 21
-704.3898197061219
 31
0.0
  0
LINE
  5
888
330
17
100
AcDbEntity
  8
CUT
100
AcDbLine
 10
1378.083175811929
 20
-704.245770467259
 30
0.0
 11
1380.496432430364
 21
-706.556617271569
 31
0.0
  0
LINE
  5
889
330
17
100
AcDbEntity
  8
CUT
100
AcDbLine
 10
1429.750725284915
 20
-700.9213088531851
 30
0.0
 11
1438.004252349396
 21
-700.9213088531851
 31
0.0
  0
ARC
  5
88A
330
17
100
AcDbEntity
  8
CUT
100
AcDbCircle
 10
1429.750725284915
 20
-699.9213088531851
 30
0.0
 40
1.0
100
AcDbArc
 50
256.5852151110801
 51
270.0
  0
LINE
  5
88B
330
17
100
AcDbEntity
  8
CUT
100
AcDbLine
 10
1432.29202463052
 20
-716.5374223109937
 30
0.0
 11
1434.701526646104
 21
-711.3702285636027
 31
0.0
  0
ARC
  5
88C
330
17
100
AcDbEntity
  8
CUT
100
AcDbCircle
 10
1431.385716843482
 20
-716.1148040492516
 30
0.0
 40
1.0
100
AcDbArc
 50
227.5325287678228
 51
335.0000000000057
  0
ARC
  5
88D
330
17
100
AcDbEntity
  8
CUT
100
AcDbCircle
 10
1433.795218859066
 20
-710.9476103018623
 30
0.0
 40
1.0
100
AcDbArc
 50
335.0000000000057
 51
113.5468889045132
  0
LINE
  5
88E
330
17
100
AcDbEntity
  8
CUT
100
AcDbLine
 10
1437.893474173221
 20
-704.525075001784
 30
0.0
 11
1438.910560136433
 21
-702.3439271149253
 31
0.0
  0
ARC
  5
88F
330
17
100
AcDbEntity
  8
CUT
100
AcDbCircle
 10
1436.987166386183
 20
-704.1024567400418
 30
0.0
 40
1.0
100
AcDbArc
 50
293.5468889045132
 51
335.0000000000057
  0
ARC
  5
890
330
17
100
AcDbEntity
  8
CUT
100
AcDbCircle
 10
1438.004252349396
 20
-701.921308853185
 30
0.0
 40
1.0
100
AcDbArc
 50
335.0000000000057
 51
90.0
  0
LINE
  5
891
330
17
100
AcDbEntity
  8
CUT
100
AcDbLine
 10
1430.704479036902
 20
-723.2694591379732
 30
0.0
 11
1407.814912475902
 21
-723.2694591379732
 31
0.0
  0
LINE
  5
892
330
17
100
AcDbEntity
  8
CUT
100
AcDbLine
 10
1440.136873665417
 20
-725.4802632304081
 30
0.0
 11
1434.810477517525
 21
-720.605080600466
 31
0.0
  0
LINE
  5
893
330
17
100
AcDbEntity
  8
CUT
100
AcDbLine
 10
1430.710545322208
 20
-716.8524648228185
 30
0.0
 11
1427.663214276452
 21
-714.0632814858222
 31
0.0
  0
LINE
  5
894
330
17
100
AcDbEntity
  8
CUT
100
AcDbLine
 10
1418.062550635857
 20
-705.275916198502
 30
0.0
 11
1415.976652243944
 21
-703.3667199378926
 31
0.0
  0
ARC
  5
895
330
17
100
AcDbEntity
  8
CUT
100
AcDbCircle
 10
1416.651823765218
 20
-702.6290591643256
 30
0.0
 40
1.0
100
AcDbArc
 50
124.0115673761377
 51
227.5325287678044
  0
LINE
  5
896
330
17
100
AcDbEntity
  8
CUT
100
AcDbLine
 10
1412.183211069218
 20
-699.8946314921184
 30
0.0
 11
1407.577921338283
 21
-695.6794683914588
 31
0.0
  0
ARC
  5
897
330
17
100
AcDbEntity
  8
CUT
100
AcDbCircle
 10
1408.253092859557
 20
-694.9418076178919
 30
0.0
 40
1.0
100
AcDbArc
 50
155.0099592415539
 51
227.5325287678044
  0
ARC
  5
898
330
17
100
AcDbEntity
  8
CUT
100
AcDbCircle
 10
1412.858382590491
 20
-699.1569707185511
 30
0.0
 40
1.0
100
AcDbArc
 50
227.5325287678044
 51
304.0115673761377
  0
LINE
  5
899
330
17
100
AcDbEntity
  8
CUT
100
AcDbLine
 10
1431.379650558176
 20
-721.5317983644053
 30
0.0
 11
1423.996668556354
 21
-714.7742488669469
 31
0.0
  0
LINE
  5
89A
330
17
100
AcDbEntity
  8
CUT
100
AcDbLine
 10
1419.95976768101
 20
-711.079324854571
 30
0.0
 11
1413.064227016866
 21
-704.7679242120944
 31
0.0
  0
ARC
  5
89B
330
17
100
AcDbEntity
  8
CUT
100
AcDbCircle
 10
1412.389055495592
 20
-705.5055849856614
 30
0.0
 40
1.0
100
AcDbArc
 50
47.53252876779051
 51
124.0115673761377
  0
LINE
  5
89C
330
17
100
AcDbEntity
  8
CUT
100
AcDbLine
 10
1409.270785842143
 20
-701.2958357663186
 30
0.0
 11
1406.713727411576
 21
-698.9553927165886
 31
0.0
  0
ARC
  5
89D
330
17
100
AcDbEntity
  8
CUT
100
AcDbCircle
 10
1406.038555890302
 20
-699.6930534901555
 30
0.0
 40
1.0
100
AcDbArc
 50
47.5325287678044
 51
155.0099592415591
  0
ARC
  5
89E
330
17
100
AcDbEntity
  8
CUT
100
AcDbCircle
 10
1408.595614320869
 20
-702.0334965398858
 30
0.0
 40
1.0
100
AcDbArc
 50
304.0115673761377
 51
47.53252876780099
  0
ARC
  5
89F
330
17
100
AcDbEntity
  8
CUT
100
AcDbCircle
 10
1430.704479036902
 20
-722.2694591379731
 30
0.0
 40
1.0
100
AcDbArc
 50
270.0
 51
47.5325287678228
  0
ARC
  5
8A0
330
17
100
AcDbEntity
  8
CUT
100
AcDbCircle
 10
1417.036891677584
 20
-688.2436747042944
 30
0.0
 40
1.499999999999999
100
AcDbArc
 50
62.46912953533399
 51
242.469129535334
  0
LINE
  5
8A1
330
17
100
AcDbEntity
  8
CUT
100
AcDbLine
 10
1421.605491197833
 20
-688.9335189230583
 30
0.0
 11
1417.730231367386
 21
-686.9135318267987
 31
0.0
  0
LINE
  5
8A2
330
17
100
AcDbEntity
  8
CUT
100
AcDbLine
 10
1420.218811818237
 20
-691.5938046780507
 30
0.0
 11
1416.343551987793
 21
-689.5738175817903
 31
0.0
  0
ARC
  5
8A3
330
17
100
AcDbEntity
  8
CUT
100
AcDbCircle
 10
1420.912151508037
 20
-690.2636618005542
 30
0.0
 40
1.499999999999999
100
AcDbArc
 50
242.469129535334
 51
62.46912953533399
  0
LINE
  5
8A4
330
17
100
AcDbEntity
  8
CUT
100
AcDbLine
 10
1397.882655328345
 20
-715.5500992545072
 30
0.0
 11
1401.718346425312
 21
-719.223017603118
 31
0.0
  0
LINE
  5
8A5
330
17
100
AcDbEntity
  8
CUT
100
AcDbLine
 10
1403.833237954624
 20
-706.4535413056389
 30
0.0
 11
1409.154974586343
 21
-702.862421200762
 31
0.0
  0
ARC
  5
8A6
330
17
100
AcDbEntity
  8
CUT
100
AcDbCircle
 10
1403.273877689151
 20
-705.6246166447625
 30
0.0
 40
1.0
100
AcDbArc
 50
155.0099592415663
 51
304.0115673761377
  0
LINE
  5
8A7
330
17
100
AcDbEntity
  8
CUT
100
AcDbLine
 10
1413.417742855967
 20
-699.9858953794273
 30
0.0
 11
1417.803998666086
 21
-697.0260398820755
 31
0.0
  0
LINE
  5
8A8
330
17
100
AcDbEntity
  8
CUT
100
AcDbLine
 10
1398.014910587919
 20
-713.9989087384824
 30
0.0
 11
1411.829695230119
 21
-704.6766603247847
 31
0.0
  0
LINE
  5
8A9
330
17
100
AcDbEntity
  8
CUT
100
AcDbLine
 10
1416.092463499743
 20
-701.8001345034492
 30
0.0
 11
1417.648638957404
 21
-700.7500237295694
 31
0.0
  0
ARC
  5
8AA
330
17
100
AcDbEntity
  8
CUT
100
AcDbCircle
 10
1398.574270853393
 20
-714.827833399359
 30
0.0
 40
1.0
100
AcDbArc
 50
124.0115673761377
 51
226.2418718880904
  0
LINE
  5
8AB
330
17
100
AcDbEntity
  8
CUT
100
AcDbLine
 10
1427.734159398962
 20
-689.8747427748276
 30
0.0
 11
1392.388257264019
 21
-671.4506191438625
 31
0.0
  0
ARC
  5
8AC
330
17
100
AcDbEntity
  8
CUT
100
AcDbCircle
 10
1391.46380434429
 20
-673.2241429805237
 30
0.0
 40
2.0
100
AcDbArc
 50
62.46912953543819
 51
154.9999999999839
  0
LINE
  5
8AD
330
17
100
AcDbEntity
  8
CUT
100
AcDbLine
 10
1402.367496455643
 20
-705.2021559252364
 30
0.0
 11
1405.132174656794
 21
-699.270592770629
 31
0.0
  0
LINE
  5
8AE
330
17
100
AcDbEntity
  8
CUT
100
AcDbLine
 10
1398.711512889245
 20
-705.9447454255193
 30
0.0
 11
1407.160727206566
 21
-687.817120912415
 31
0.0
  0
LINE
  5
8AF
330
17
100
AcDbEntity
  8
POCKET
100
AcDbLine
 10
1399.67935391721
 20
-708.6024293315901
 30
0.0
 11
1409.818411112637
 21
-686.8492798844507
 31
0.0
  0
ARC
  5
8B0
330
17
100
AcDbEntity
  8
POCKET
100
AcDbCircle
 10
1398.772972683702
 20
-708.1799686120639
 30
0.0
 40
1.0
100
AcDbArc
 50
245.0099592415948
 51
335.0099592415663
  0
ARC
  5
8B1
330
17
100
AcDbEntity
  8
CUT
100
AcDbCircle
 10
1397.805131655738
 20
-705.5222847059932
 30
0.0
 40
1.0
100
AcDbArc
 50
245.0099592415948
 51
335.0099592415663
  0
LINE
  5
8B2
330
17
100
AcDbEntity
  8
CUT
100
AcDbLine
 10
1391.525607555433
 20
-703.6987117892214
 30
0.0
 11
1397.382670936211
 21
-706.4286659395024
 31
0.0
  0
LINE
  5
8B3
330
17
100
AcDbEntity
  8
POCKET
100
AcDbLine
 10
1390.072633228628
 20
-705.2280632025095
 30
0.0
 11
1398.350511964176
 21
-709.086349845573
 31
0.0
  0
ARC
  5
8B4
330
17
100
AcDbEntity
  8
POCKET
100
AcDbCircle
 10
1390.495093948155
 20
-704.3216819690006
 30
0.0
 40
1.0
100
AcDbArc
 50
207.9240786565331
 51
245.0099592415948
  0
ARC
  5
8B5
330
17
100
AcDbEntity
  8
CUT
100
AcDbCircle
 10
1391.94806827496
 20
-702.7923305557124
 30
0.0
 40
1.0
100
AcDbArc
 50
207.9240786565331
 51
245.0099592415948
  0
LINE
  5
8B6
330
17
100
AcDbEntity
  8
CUT
100
AcDbLine
 10
1400.819782646056
 20
-683.758343142633
 30
0.0
 11
1406.676806692585
 21
-686.4882789593796
 31
0.0
  0
LINE
  5
8B7
330
17
100
AcDbEntity
  8
POCKET
100
AcDbLine
 10
1401.057001726504
 20
-681.6623330021379
 30
0.0
 11
1409.334490598656
 21
-685.5204379314159
 31
0.0
  0
ARC
  5
8B8
330
17
100
AcDbEntity
  8
POCKET
100
AcDbCircle
 10
1400.634541006977
 20
-682.5687142356462
 30
0.0
 40
1.0
100
AcDbArc
 50
65.00995924159481
 51
102.0759213434505
  0
ARC
  5
8B9
330
17
100
AcDbEntity
  8
POCKET
100
AcDbCircle
 10
1408.912029879129
 20
-686.4268191649244
 30
0.0
 40
1.0
100
AcDbArc
 50
335.0099592415663
 51
65.00995924159481
  0
ARC
  5
8BA
330
17
100
AcDbEntity
  8
CUT
100
AcDbCircle
 10
1406.254345973058
 20
-687.3946601928885
 30
0.0
 40
1.0
100
AcDbArc
 50
335.0099592415663
 51
65.00995924159481
  0
LINE
  5
8BB
330
17
100
AcDbEntity
  8
CUT
100
AcDbLine
 10
1417.246704761954
 20
-692.7396603453275
 30
0.0
 11
1411.9358777202
 21
-689.9713809100934
 31
0.0
  0
ARC
  5
8BC
330
17
100
AcDbEntity
  8
CUT
100
AcDbCircle
 10
1411.473651260336
 20
-690.8581428284239
 30
0.0
 40
1.0
100
AcDbArc
 50
62.46912953543819
 51
125.4541259168261
  0
LINE
  5
8BD
330
17
100
AcDbEntity
  8
CUT
100
AcDbLine
 10
1394.136969346346
 20
-711.0242917918492
 30
0.0
 11
1394.917070868263
 21
-709.3505991927115
 31
0.0
  0
ARC
  5
8BE
330
17
100
AcDbEntity
  8
CUT
100
AcDbCircle
 10
1394.010689634755
 20
-708.9281384731847
 30
0.0
 40
1.0
100
AcDbArc
 50
335.009959241554
 51
65.00995924159481
  0
LINE
  5
8BF
330
17
100
AcDbEntity
  8
CUT
100
AcDbLine
 10
1389.507719834102
 20
-705.726033492752
 30
0.0
 11
1394.433150354281
 21
-708.0217572396754
 31
0.0
  0
LINE
  5
8C0
330
17
100
AcDbEntity
  8
CUT
100
AcDbLine
 10
1408.922070536613
 20
-691.4474608726534
 30
0.0
 11
1410.893600315361
 21
-690.0435626290359
 31
0.0
  0
ARC
  5
8C1
330
17
100
AcDbEntity
  8
CUT
100
AcDbCircle
 10
1409.502121481588
 20
-692.262041072042
 30
0.0
 40
1.0
100
AcDbArc
 50
125.4541259168261
 51
155.0099592415591
  0
LINE
  5
8C2
330
17
100
AcDbEntity
  8
CUT
100
AcDbLine
 10
1392.918138706949
 20
-685.2422055054789
 30
0.0
 11
1400.188114297325
 21
-683.6868531331429
 31
0.0
  0
LINE
  5
8C3
330
17
100
AcDbEntity
  8
POCKET
100
AcDbLine
 10
1389.074938812751
 20
-684.0191679428751
 30
0.0
 11
1400.425333377772
 21
-681.5908429926478
 31
0.0
  0
ARC
  5
8C4
330
17
100
AcDbEntity
  8
POCKET
100
AcDbCircle
 10
1389.284146441956
 20
-684.9970391858732
 30
0.0
 40
1.0
100
AcDbArc
 50
102.0759213434505
 51
154.9999999999839
  0
ARC
  5
8C5
330
17
100
AcDbEntity
  8
CUT
100
AcDbCircle
 10
1400.39732192653
 20
-684.6647243761412
 30
0.0
 40
1.0
100
AcDbArc
 50
65.00995924159481
 51
102.0759213434505
  0
LINE
  5
8C6
330
17
100
AcDbEntity
  8
CUT
100
AcDbLine
 10
1387.580903116277
 20
-696.6879441660643
 30
0.0
 11
1391.06449937127
 21
-703.2606317327701
 31
0.0
  0
LINE
  5
8C7
330
17
100
AcDbEntity
  8
POCKET
100
AcDbLine
 10
1384.17364071418
 20
-694.5300356347416
 30
0.0
 11
1389.611525044465
 21
-704.7899831460583
 31
0.0
  0
ARC
  5
8C8
330
17
100
AcDbEntity
  8
POCKET
100
AcDbCircle
 10
1385.057209617869
 20
-694.061734457684
 30
0.0
 40
1.0
100
AcDbArc
 50
154.9999999999839
 51
207.9240786565331
  0
LINE
  5
8C9
330
17
100
AcDbEntity
  8
CUT
100
AcDbLine
 10
1407.346711626049
 20
-694.5193468983656
 30
0.0
 11
1408.59574024808
 21
-691.8395803525154
 31
0.0
  0
LINE
  5
8CA
330
17
100
AcDbEntity
  8
ANNOTATION
100
AcDbLine
 10
1217.514495771718
 20
-1175.21048331899
 30
0.0
 11
1504.622550573722
 21
-1175.21048331899
 31
0.0
  0
MTEXT
  5
8CB
102
{ACAD_XDICTIONARY
360
8CC
102
}
330
17
100
AcDbEntity
  8
CUT
  6
JIS_09_08
100
AcDbMText
 10
1334.964108346954
 20
-620.9573574461891
 30
0.0
 40
10.0
 41
327.7561439170822
 46
0.0
 71
1
 72
5
  1
{\fISOCPEUR|b0|i0|c0|p34;3mm (x1)}
1001
ACAD
1000
ACAD_MTEXT_COLUMN_INFO_BEGIN
1070
75
1070
2
1070
79
1070
0
1070
76
1070
1
1070
78
1070
0
1070
48
1040
327.7561439170822
1070
49
1040
12.5
1070
50
1070
1
1040
0.0
1000
ACAD_MTEXT_COLUMN_INFO_END
1000
ACAD_MTEXT_COLUMNS_BEGIN
1070
47
1070
1
1000
ACAD_MTEXT_COLUMNS_END
  0
MTEXT
  5
8CE
102
{ACAD_XDICTIONARY
360
8CF
102
}
330
17
100
AcDbEntity
  8
CUT
  6
JIS_09_08
100
AcDbMText
 10
1245.858543352268
 20
-571.8083890476214
 30
0.0
 40
10.0
 41
240.8960699710369
 46
0.0
 71
1
 72
5
  1
\pi88.44803;{\fISOCPEUR|b0|i0|c0|p34;cam plates\P\pi46.44803;cine soft (25°)_ O4 PRO\P\pi59.94803;FOV clean in "Wide"}
1001
ACAD
1000
ACAD_MTEXT_COLUMN_INFO_BEGIN
1070
75
1070
2
1070
79
1070
0
1070
76
1070
1
1070
78
1070
0
1070
48
1040
240.8960699710369
1070
49
1040
12.5
1070
50
1070
1
1040
0.0
1000
ACAD_MTEXT_COLUMN_INFO_END
1000
ACAD_MTEXT_COLUMNS_BEGIN
1070
47
1070
1
1000
ACAD_MTEXT_COLUMNS_END
  0
MTEXT
  5
8D1
102
{ACAD_XDICTIONARY
360
8D2
102
}
330
17
100
AcDbEntity
  8
POCKET
100
AcDbMText
 10
1508.704914428706
 20
-672.8403821535605
 30
0.0
 40
5.0
 41
327.756144
 46
0.0
 71
3
 72
5
  1
{\fISOCPEUR|b0|i0|c0|p34;pocket \Pdepth 1.2mm }
1001
ACAD
1000
ACAD_MTEXT_COLUMN_INFO_BEGIN
1070
75
1070
2
1070
79
1070
0
1070
76
1070
1
1070
78
1070
0
1070
48
1040
327.756144
1070
49
1040
12.5
1070
50
1070
1
1040
0.0
1000
ACAD_MTEXT_COLUMN_INFO_END
1000
ACAD_MTEXT_COLUMNS_BEGIN
1070
47
1070
1
1000
ACAD_MTEXT_COLUMNS_END
  0
LWPOLYLINE
  5
8D4
330
17
100
AcDbEntity
  8
POCKET
100
AcDbPolyline
 90
2
 70
0
 10
1360.356764145382
 20
-679.8048118527595
 10
1387.699465249345
 20
-679.8048118527595
  0
MTEXT
  5
8D5
102
{ACAD_XDICTIONARY
360
8D6
102
}
330
17
100
AcDbEntity
  8
POCKET
100
AcDbMText
 10
1510.048892007065
 20
-694.7170478819909
 30
0.0
 40
5.0
 41
327.756144
 46
0.0
 71
3
 72
5
  1
{\fISOCPEUR|b0|i0|c0|p34;pocket \Pdepth 1.0mm }
1001
ACAD
1000
ACAD_MTEXT_COLUMN_INFO_BEGIN
1070
75
1070
2
1070
79
1070
0
1070
76
1070
1
1070
78
1070
0
1070
48
1040
327.756144
1070
49
1040
12.5
1070
50
1070
1
1040
0.0
1000
ACAD_MTEXT_COLUMN_INFO_END
1000
ACAD_MTEXT_COLUMNS_BEGIN
1070
47
1070
1
1000
ACAD_MTEXT_COLUMNS_END
  0
LWPOLYLINE
  5
8D8
330
17
100
AcDbEntity
  8
POCKET
100
AcDbPolyline
 90
2
 70
0
 10
1361.700741723741
 20
-701.6814775811899
 10
1389.043442827704
 20
-701.6814775811899
  0
LINE
  5
8D9
330
17
100
AcDbEntity
  8
CUT
100
AcDbLine
 10
1328.787573661151
 20
-787.8155384336224
 30
0.0
 11
1328.787573661151
 21
-782.792497843059
 31
0.0
  0
ARC
  5
8DA
330
17
100
AcDbEntity
  8
CUT
100
AcDbCircle
 10
1330.787573661151
 20
-782.792497843059
 30
0.0
 40
2.0
100
AcDbArc
 50
117.530870464552
 51
180.0
  0
LINE
  5
8DB
330
17
100
AcDbEntity
  8
CUT
100
AcDbLine
 10
1345.913985041998
 20
-820.8155384336222
 30
0.0
 11
1340.964001932601
 21
-820.8155384336222
 31
0.0
  0
ARC
  5
8DC
330
17
100
AcDbEntity
  8
CUT
100
AcDbCircle
 10
1345.913985041998
 20
-820.3155384336224
 30
0.0
 40
0.5
100
AcDbArc
 50
270.0
 51
0.0
  0
LINE
  5
8DD
330
17
100
AcDbEntity
  8
CUT
100
AcDbLine
 10
1332.329944294624
 20
-820.8155384336222
 30
0.0
 11
1327.379961185228
 21
-820.8155384336222
 31
0.0
  0
ARC
  5
8DE
330
17
100
AcDbEntity
  8
CUT
100
AcDbCircle
 10
1332.329944294624
 20
-820.3155384336224
 30
0.0
 40
0.5
100
AcDbArc
 50
270.0
 51
0.0
  0
LINE
  5
8DF
330
17
100
AcDbEntity
  8
CUT
100
AcDbLine
 10
1352.049024044225
 20
-820.3155384336224
 30
0.0
 11
1352.049024044225
 21
-817.8155384336224
 31
0.0
  0
ARC
  5
8E0
330
17
100
AcDbEntity
  8
CUT
100
AcDbCircle
 10
1352.549024044225
 20
-820.3155384336224
 30
0.0
 40
0.5
100
AcDbArc
 50
180.0
 51
270.0
  0
LINE
  5
8E1
330
17
100
AcDbEntity
  8
CUT
100
AcDbLine
 10
1355.681286370245
 20
-820.8155384336222
 30
0.0
 11
1352.549024044225
 21
-820.8155384336222
 31
0.0
  0
ARC
  5
8E2
330
17
100
AcDbEntity
  8
CUT
100
AcDbCircle
 10
1355.681286370245
 20
-818.8155384336224
 30
0.0
 40
2.0
100
AcDbArc
 50
270.0
 51
313.7581281119095
  0
LINE
  5
8E3
330
17
100
AcDbEntity
  8
CUT
100
AcDbLine
 10
1346.413985041998
 20
-820.3155384336224
 30
0.0
 11
1346.413985041998
 21
-817.8155384336224
 31
0.0
  0
LINE
  5
8E4
330
17
100
AcDbEntity
  8
CUT
100
AcDbLine
 10
1340.464001932601
 20
-820.3155384336224
 30
0.0
 11
1340.464001932601
 21
-817.8155384336224
 31
0.0
  0
ARC
  5
8E5
330
17
100
AcDbEntity
  8
CUT
100
AcDbCircle
 10
1340.964001932601
 20
-820.3155384336224
 30
0.0
 40
0.5
100
AcDbArc
 50
180.0
 51
270.0
  0
LINE
  5
8E6
330
17
100
AcDbEntity
  8
CUT
100
AcDbLine
 10
1332.829944294624
 20
-820.3155384336224
 30
0.0
 11
1332.829944294624
 21
-817.8155384336224
 31
0.0
  0
LINE
  5
8E7
330
17
100
AcDbEntity
  8
CUT
100
AcDbLine
 10
1326.879961185228
 20
-820.3155384336224
 30
0.0
 11
1326.879961185228
 21
-817.8155384336224
 31
0.0
  0
ARC
  5
8E8
330
17
100
AcDbEntity
  8
CUT
100
AcDbCircle
 10
1327.379961185228
 20
-820.3155384336224
 30
0.0
 40
0.5
100
AcDbArc
 50
180.0
 51
270.0
  0
ARC
  5
8E9
330
17
100
AcDbEntity
  8
CUT
100
AcDbCircle
 10
1333.629944294624
 20
-817.8155384336224
 30
0.0
 40
0.8
100
AcDbArc
 50
0.0
 51
180.0
  0
ARC
  5
8EA
330
17
100
AcDbEntity
  8
CUT
100
AcDbCircle
 10
1339.664001932602
 20
-817.8155384336224
 30
0.0
 40
0.8
100
AcDbArc
 50
0.0
 51
180.0
  0
ARC
  5
8EB
330
17
100
AcDbEntity
  8
CUT
100
AcDbCircle
 10
1347.213985041997
 20
-817.8155384336224
 30
0.0
 40
0.8
100
AcDbArc
 50
0.0
 51
180.0
  0
ARC
  5
8EC
330
17
100
AcDbEntity
  8
CUT
100
AcDbCircle
 10
1351.249024044226
 20
-817.8155384336224
 30
0.0
 40
0.8
100
AcDbArc
 50
0.0
 51
180.0
  0
ARC
  5
8ED
330
17
100
AcDbEntity
  8
CUT
100
AcDbCircle
 10
1326.079961185229
 20
-817.8155384336224
 30
0.0
 40
0.8
100
AcDbArc
 50
0.0
 51
180.0
  0
LINE
  5
8EE
330
17
100
AcDbEntity
  8
CUT
100
AcDbLine
 10
1323.392207428302
 20
-787.8155384336224
 30
0.0
 11
1323.392207428302
 21
-785.8155384336224
 31
0.0
  0
LINE
  5
8EF
330
17
100
AcDbEntity
  8
CUT
100
AcDbLine
 10
1317.442224318905
 20
-787.8155384336224
 30
0.0
 11
1317.442224318909
 21
-785.8155384336224
 31
0.0
  0
ARC
  5
8F0
330
17
100
AcDbEntity
  8
CUT
100
AcDbCircle
 10
1317.942224318909
 20
-785.8155384336224
 30
0.0
 40
0.5
100
AcDbArc
 50
90.0
 51
179.9999999999479
  0
ARC
  5
8F1
330
17
100
AcDbEntity
  8
CUT
100
AcDbCircle
 10
1324.192207428301
 20
-787.8155384336224
 30
0.0
 40
0.8
100
AcDbArc
 50
180.0
 51
0.0
  0
ARC
  5
8F2
330
17
100
AcDbEntity
  8
CUT
100
AcDbCircle
 10
1316.642224318906
 20
-787.8155384336224
 30
0.0
 40
0.8
100
AcDbArc
 50
180.0
 51
0.0
  0
ARC
  5
8F3
330
17
100
AcDbEntity
  8
CUT
100
AcDbCircle
 10
1327.987573661152
 20
-787.8155384336224
 30
0.0
 40
0.8
100
AcDbArc
 50
180.0
 51
0.0
  0
LINE
  5
8F4
330
17
100
AcDbEntity
  8
CUT
100
AcDbLine
 10
1323.017938888623
 20
-810.58903279673
 30
0.0
 11
1312.929186296222
 21
-788.9536330430146
 31
0.0
  0
ARC
  5
8F5
330
17
100
AcDbEntity
  8
CUT
100
AcDbCircle
 10
1322.111631101585
 20
-811.0116510584703
 30
0.0
 40
1.0
100
AcDbArc
 50
312.4674712321789
 51
24.9999999999898
  0
LINE
  5
8F6
330
17
100
AcDbEntity
  8
CUT
100
AcDbLine
 10
1382.271531966597
 20
-794.2441441870025
 30
0.0
 11
1367.946091370168
 21
-763.5231376886126
 31
0.0
  0
ARC
  5
8F7
330
17
100
AcDbEntity
  8
CUT
100
AcDbCircle
 10
1380.458916392523
 20
-795.0893807104837
 30
0.0
 40
2.0
100
AcDbArc
 50
313.7581281119095
 51
25.00000000001825
  0
LINE
  5
8F8
330
17
100
AcDbEntity
  8
POCKET
100
AcDbLine
 10
1374.452763459789
 20
-789.307748930056
 30
0.0
 11
1366.497722474394
 21
-772.2481084839357
 31
0.0
  0
LINE
  5
8F9
330
17
100
AcDbEntity
  8
CUT
100
AcDbLine
 10
1370.039115907453
 20
-786.9412559588371
 30
0.0
 11
1365.376241591266
 21
-776.9416897183071
 31
0.0
  0
LINE
  5
8FA
330
17
100
AcDbEntity
  8
POCKET
100
AcDbLine
 10
1373.44637830955
 20
-784.7833474275142
 30
0.0
 11
1369.219441485464
 21
-775.7186521557032
 31
0.0
  0
ARC
  5
8FB
330
17
100
AcDbEntity
  8
CUT
100
AcDbCircle
 10
1369.132808120417
 20
-787.3638742205771
 30
0.0
 40
1.0
100
AcDbArc
 50
332.0759213434626
 51
25.00000000001825
  0
ARC
  5
8FC
330
17
100
AcDbEntity
  8
CUT
100
AcDbCircle
 10
1364.46993380423
 20
-777.3643079800477
 30
0.0
 40
1.0
100
AcDbArc
 50
25.00000000000949
 51
77.9240786565495
  0
ARC
  5
8FD
330
17
100
AcDbEntity
  8
POCKET
100
AcDbCircle
 10
1376.265379033865
 20
-788.4625124065744
 30
0.0
 40
2.0
100
AcDbArc
 50
205.0000000000045
 51
295.0000000000932
  0
LINE
  5
8FE
330
17
100
AcDbEntity
  8
POCKET
100
AcDbLine
 10
1367.465101524985
 20
-769.5902563863812
 30
0.0
 11
1370.184024886095
 21
-768.3224016011584
 31
0.0
  0
ARC
  5
8FF
330
17
100
AcDbEntity
  8
POCKET
100
AcDbCircle
 10
1368.310338048466
 20
-771.402871960455
 30
0.0
 40
2.0
100
AcDbArc
 50
115.0000000000932
 51
205.0000000000045
  0
LINE
  5
900
330
17
100
AcDbEntity
  8
CUT
100
AcDbLine
 10
1350.449024044226
 20
-817.8155384336224
 30
0.0
 11
1348.013985041996
 21
-817.8155384336224
 31
0.0
  0
LINE
  5
901
330
17
100
AcDbEntity
  8
CUT
100
AcDbLine
 10
1338.864001932603
 20
-817.8155384336224
 30
0.0
 11
1334.429944294623
 21
-817.8155384336224
 31
0.0
  0
LINE
  5
902
330
17
100
AcDbEntity
  8
CUT
100
AcDbLine
 10
1325.279961185229
 20
-817.8155384336224
 30
0.0
 11
1318.15832094841
 21
-817.8155384336224
 31
0.0
  0
ARC
  5
903
330
17
100
AcDbEntity
  8
CUT
100
AcDbCircle
 10
1318.15832094841
 20
-817.0155384336231
 30
0.0
 40
0.8
100
AcDbArc
 50
150.7379344127248
 51
270.0
  0
LINE
  5
904
330
17
100
AcDbEntity
  8
CUT
100
AcDbLine
 10
1327.187573661153
 20
-787.8155384336224
 30
0.0
 11
1324.9922074283
 21
-787.8155384336224
 31
0.0
  0
LINE
  5
905
330
17
100
AcDbEntity
  8
CUT
100
AcDbLine
 10
1322.892207428302
 20
-785.3155384336224
 30
0.0
 11
1317.942224318909
 21
-785.3155384336224
 31
0.0
  0
ARC
  5
906
330
17
100
AcDbEntity
  8
CUT
100
AcDbCircle
 10
1322.892207428302
 20
-785.8155384336224
 30
0.0
 40
0.5
100
AcDbArc
 50
0.0
 51
90.0
  0
LINE
  5
907
330
17
100
AcDbEntity
  8
CUT
100
AcDbLine
 10
1315.842224318907
 20
-787.8155384336224
 30
0.0
 11
1313.65423252585
 21
-787.8155384336224
 31
0.0
  0
ARC
  5
908
330
17
100
AcDbEntity
  8
CUT
100
AcDbCircle
 10
1313.65423252585
 20
-788.6155384336225
 30
0.0
 40
0.8
100
AcDbArc
 50
90.0
 51
204.9999999999104
  0
LINE
  5
909
330
17
100
AcDbEntity
  8
CUT
100
AcDbLine
 10
1328.078553771187
 20
-792.0382561291926
 30
0.0
 11
1334.291545908689
 21
-790.5564182922307
 31
0.0
  0
ARC
  5
90A
330
17
100
AcDbEntity
  8
CUT
100
AcDbCircle
 10
1334.523544824407
 20
-791.5291343366679
 30
0.0
 40
1.0
100
AcDbArc
 50
349.8514027408053
 51
103.4147848889201
  0
LINE
  5
90B
330
17
100
AcDbEntity
  8
POCKET
100
AcDbLine
 10
1377.110615557345
 20
-790.2751279806482
 30
0.0
 11
1379.829538918455
 21
-789.0072731954263
 31
0.0
  0
LINE
  5
90C
330
17
100
AcDbEntity
  8
CUT
100
AcDbLine
 10
1320.210614328314
 20
-796.1634214163587
 30
0.0
 11
1332.499944596389
 21
-801.5189371497054
 31
0.0
  0
ARC
  5
90D
330
17
100
AcDbEntity
  8
CUT
100
AcDbCircle
 10
1332.899444022276
 20
-800.6022037049588
 30
0.0
 40
1.0
100
AcDbArc
 50
246.4531110954882
 51
349.8514027408053
  0
LINE
  5
90E
330
17
100
AcDbEntity
  8
CUT
100
AcDbLine
 10
1337.913184554762
 20
-803.8779503044551
 30
0.0
 11
1353.696703813204
 21
-810.7561840138842
 31
0.0
  0
ARC
  5
90F
330
17
100
AcDbEntity
  8
CUT
100
AcDbCircle
 10
1338.312683980648
 20
-802.9612168597087
 30
0.0
 40
1.0
100
AcDbArc
 50
132.4674712322123
 51
246.4531110954882
  0
ARC
  5
910
330
17
100
AcDbEntity
  8
CUT
100
AcDbCircle
 10
1354.495702664977
 20
-808.9227171243916
 30
0.0
 40
2.0
100
AcDbArc
 50
246.4531110954882
 51
313.7581281119095
  0
LINE
  5
911
330
17
100
AcDbEntity
  8
CUT
100
AcDbLine
 10
1324.201560707204
 20
-801.1751080886851
 30
0.0
 11
1329.658393768544
 21
-803.5531184990796
 31
0.0
  0
ARC
  5
912
330
17
100
AcDbEntity
  8
CUT
100
AcDbCircle
 10
1329.258894342658
 20
-804.4698519438261
 30
0.0
 40
1.0
100
AcDbArc
 50
312.4674712321789
 51
66.45311109548818
  0
LINE
  5
913
330
17
100
AcDbEntity
  8
CUT
100
AcDbLine
 10
1334.67528253119
 20
-805.739407427337
 30
0.0
 11
1350.181867090368
 21
-812.4969569247969
 31
0.0
  0
ARC
  5
914
330
17
100
AcDbEntity
  8
CUT
100
AcDbCircle
 10
1334.275783105304
 20
-806.6561408720836
 30
0.0
 40
1.0
100
AcDbArc
 50
66.45311109548818
 51
132.4674712321789
  0
ARC
  5
915
330
17
100
AcDbEntity
  8
CUT
100
AcDbCircle
 10
1349.782367664482
 20
-813.4136903695434
 30
0.0
 40
1.0
100
AcDbArc
 50
270.0
 51
66.45311109548818
  0
ARC
  5
916
330
17
100
AcDbEntity
  8
CUT
100
AcDbCircle
 10
1357.019332774367
 20
-814.2401656514193
 30
0.0
 40
1.499999999999999
100
AcDbArc
 50
133.7581281119027
 51
313.7581281121974
  0
ARC
  5
917
330
17
100
AcDbEntity
  8
CUT
100
AcDbCircle
 10
1359.432589392802
 20
-811.9293188471091
 30
0.0
 40
1.499999999999999
100
AcDbArc
 50
313.7581281119027
 51
133.7581281121974
  0
LINE
  5
918
330
17
100
AcDbEntity
  8
CUT
100
AcDbLine
 10
1358.395166105229
 20
-810.8459200643865
 30
0.0
 11
1355.981909486794
 21
-813.1567668686965
 31
0.0
  0
LINE
  5
919
330
17
100
AcDbEntity
  8
CUT
100
AcDbLine
 10
1360.470012680371
 20
-813.0127176298337
 30
0.0
 11
1358.056756061936
 21
-815.3235644341439
 31
0.0
  0
LINE
  5
91A
330
17
100
AcDbEntity
  8
CUT
100
AcDbLine
 10
1381.842147442618
 20
-796.5339124207801
 30
0.0
 11
1357.06451742034
 21
-820.260070143919
 31
0.0
  0
LINE
  5
91B
330
17
100
AcDbEntity
  8
CUT
100
AcDbLine
 10
1369.203636550855
 20
-798.4989118129798
 30
0.0
 11
1365.058307552594
 21
-802.4683281590409
 31
0.0
  0
ARC
  5
91C
330
17
100
AcDbEntity
  8
CUT
100
AcDbCircle
 10
1368.512021025808
 20
-797.7766459578313
 30
0.0
 40
1.0
100
AcDbArc
 50
313.7581281119095
 51
114.9900407584049
  0
ARC
  5
91D
330
17
100
AcDbEntity
  8
CUT
100
AcDbCircle
 10
1364.366692027546
 20
-801.7460623038928
 30
0.0
 40
1.0
100
AcDbArc
 50
204.9900407584454
 51
313.7581281119095
  0
LINE
  5
91E
330
17
100
AcDbEntity
  8
CUT
100
AcDbLine
 10
1337.875203900324
 20
-795.5062849555404
 30
0.0
 11
1338.404926834579
 21
-792.5469779210516
 31
0.0
  0
ARC
  5
91F
330
17
100
AcDbEntity
  8
CUT
100
AcDbCircle
 10
1338.859557983252
 20
-795.6824866565051
 30
0.0
 40
1.0
100
AcDbArc
 50
169.8514027408144
 51
312.4674712321863
  0
ARC
  5
920
330
17
100
AcDbEntity
  8
CUT
100
AcDbCircle
 10
1339.389280917506
 20
-792.7231796220163
 30
0.0
 40
1.0
100
AcDbArc
 50
55.98843262387179
 51
169.8514027408144
  0
LINE
  5
921
330
17
100
AcDbEntity
  8
CUT
100
AcDbLine
 10
1339.368287656845
 20
-787.1651447518041
 30
0.0
 11
1339.828447755366
 21
-784.5944517942627
 31
0.0
  0
ARC
  5
922
330
17
100
AcDbEntity
  8
CUT
100
AcDbCircle
 10
1340.812801838294
 20
-784.7706534952282
 30
0.0
 40
1.0
100
AcDbArc
 50
117.530870464552
 51
169.8514027407871
  0
ARC
  5
923
330
17
100
AcDbEntity
  8
CUT
100
AcDbCircle
 10
1340.352641739773
 20
-787.3413464527692
 30
0.0
 40
1.0
100
AcDbArc
 50
169.8514027407988
 51
235.9884326238718
  0
LINE
  5
924
330
17
100
AcDbEntity
  8
CUT
100
AcDbLine
 10
1333.883798105204
 20
-800.7784054059229
 30
0.0
 11
1335.507898907335
 21
-791.7053360376339
 31
0.0
  0
CIRCLE
  5
925
330
17
100
AcDbEntity
  8
CUT
100
AcDbCircle
 10
1365.735044146451
 20
-765.3785763231592
 30
0.0
 40
1.5
  0
ARC
  5
926
330
17
100
AcDbEntity
  8
CUT
100
AcDbCircle
 10
1376.063424422451
 20
-796.6174497204149
 30
0.0
 40
1.499999999999999
100
AcDbArc
 50
133.7581281119027
 51
313.7581281121974
  0
ARC
  5
927
330
17
100
AcDbEntity
  8
CUT
100
AcDbCircle
 10
1378.476681040885
 20
-794.3066029161047
 30
0.0
 40
1.499999999999999
100
AcDbArc
 50
313.7581281119027
 51
133.7581281121974
  0
LINE
  5
928
330
17
100
AcDbEntity
  8
CUT
100
AcDbLine
 10
1377.439257753312
 20
-793.223204133382
 30
0.0
 11
1375.026001134878
 21
-795.5340509376922
 31
0.0
  0
LINE
  5
929
330
17
100
AcDbEntity
  8
CUT
100
AcDbLine
 10
1379.514104328455
 20
-795.3900016988293
 30
0.0
 11
1377.10084771002
 21
-797.7008485031395
 31
0.0
  0
LINE
  5
92A
330
17
100
AcDbEntity
  8
CUT
100
AcDbLine
 10
1327.846554855468
 20
-792.0655400847554
 30
0.0
 11
1319.593027790988
 21
-792.0655400847554
 31
0.0
  0
ARC
  5
92B
330
17
100
AcDbEntity
  8
CUT
100
AcDbCircle
 10
1327.846554855468
 20
-791.0655400847554
 30
0.0
 40
1.0
100
AcDbArc
 50
270.0
 51
283.4147848889201
  0
LINE
  5
92C
330
17
100
AcDbEntity
  8
CUT
100
AcDbLine
 10
1325.305255509864
 20
-807.6816535425642
 30
0.0
 11
1322.89575349428
 21
-802.5144597951729
 31
0.0
  0
ARC
  5
92D
330
17
100
AcDbEntity
  8
CUT
100
AcDbCircle
 10
1326.211563296902
 20
-807.2590352808219
 30
0.0
 40
1.0
100
AcDbArc
 50
204.9999999999898
 51
312.4674712321789
  0
ARC
  5
92E
330
17
100
AcDbEntity
  8
CUT
100
AcDbCircle
 10
1323.802061281318
 20
-802.0918415334326
 30
0.0
 40
1.0
100
AcDbArc
 50
66.45311109548818
 51
204.9999999999898
  0
LINE
  5
92F
330
17
100
AcDbEntity
  8
CUT
100
AcDbLine
 10
1319.703805967163
 20
-795.6693062333543
 30
0.0
 11
1318.68672000395
 21
-793.4881583464957
 31
0.0
  0
ARC
  5
930
330
17
100
AcDbEntity
  8
CUT
100
AcDbCircle
 10
1320.610113754201
 20
-795.2466879716121
 30
0.0
 40
1.0
100
AcDbArc
 50
204.9999999999898
 51
246.4531110954882
  0
ARC
  5
931
330
17
100
AcDbEntity
  8
CUT
100
AcDbCircle
 10
1319.593027790988
 20
-793.0655400847554
 30
0.0
 40
1.0
100
AcDbArc
 50
90.0
 51
204.9999999999898
  0
LINE
  5
932
330
17
100
AcDbEntity
  8
CUT
100
AcDbLine
 10
1326.892801103482
 20
-814.4136903695434
 30
0.0
 11
1349.782367664482
 21
-814.4136903695434
 31
0.0
  0
LINE
  5
933
330
17
100
AcDbEntity
  8
CUT
100
AcDbLine
 10
1317.460406474967
 20
-816.6244944619784
 30
0.0
 11
1322.786802622859
 21
-811.7493118320363
 31
0.0
  0
LINE
  5
934
330
17
100
AcDbEntity
  8
CUT
100
AcDbLine
 10
1326.886734818176
 20
-807.9966960543888
 30
0.0
 11
1329.934065863932
 21
-805.2075127173925
 31
0.0
  0
LINE
  5
935
330
17
100
AcDbEntity
  8
CUT
100
AcDbLine
 10
1339.534729504527
 20
-796.4201474300723
 30
0.0
 11
1341.62062789644
 21
-794.5109511694629
 31
0.0
  0
ARC
  5
936
330
17
100
AcDbEntity
  8
CUT
100
AcDbCircle
 10
1340.945456375166
 20
-793.7732903958959
 30
0.0
 40
1.0
100
AcDbArc
 50
312.4674712321863
 51
55.98843262387179
  0
LINE
  5
937
330
17
100
AcDbEntity
  8
CUT
100
AcDbLine
 10
1345.414069071166
 20
-791.0388627236886
 30
0.0
 11
1350.019358802101
 21
-786.8236996230291
 31
0.0
  0
ARC
  5
938
330
17
100
AcDbEntity
  8
CUT
100
AcDbCircle
 10
1349.344187280827
 20
-786.0860388494622
 30
0.0
 40
1.0
100
AcDbArc
 50
312.4674712321863
 51
24.99004075844971
  0
ARC
  5
939
330
17
100
AcDbEntity
  8
CUT
100
AcDbCircle
 10
1344.738897549892
 20
-790.3012019501213
 30
0.0
 40
1.0
100
AcDbArc
 50
235.9884326238718
 51
312.4674712321863
  0
LINE
  5
93A
330
17
100
AcDbEntity
  8
CUT
100
AcDbLine
 10
1326.217629582208
 20
-812.6760295959757
 30
0.0
 11
1333.60061158403
 21
-805.9184800985171
 31
0.0
  0
LINE
  5
93B
330
17
100
AcDbEntity
  8
CUT
100
AcDbLine
 10
1337.637512459374
 20
-802.2235560861413
 30
0.0
 11
1344.533053123518
 21
-795.9121554436647
 31
0.0
  0
ARC
  5
93C
330
17
100
AcDbEntity
  8
CUT
100
AcDbCircle
 10
1345.208224644792
 20
-796.6498162172317
 30
0.0
 40
1.0
100
AcDbArc
 50
55.98843262387179
 51
132.4674712322123
  0
LINE
  5
93D
330
17
100
AcDbEntity
  8
CUT
100
AcDbLine
 10
1348.32649429824
 20
-792.440066997889
 30
0.0
 11
1350.883552728808
 21
-790.0996239481588
 31
0.0
  0
ARC
  5
93E
330
17
100
AcDbEntity
  8
CUT
100
AcDbCircle
 10
1351.558724250082
 20
-790.8372847217258
 30
0.0
 40
1.0
100
AcDbArc
 50
24.99004075844537
 51
132.4674712321863
  0
ARC
  5
93F
330
17
100
AcDbEntity
  8
CUT
100
AcDbCircle
 10
1349.001665819514
 20
-793.1777277714561
 30
0.0
 40
1.0
100
AcDbArc
 50
132.4674712322077
 51
235.9884326238718
  0
ARC
  5
940
330
17
100
AcDbEntity
  8
CUT
100
AcDbCircle
 10
1326.892801103482
 20
-813.4136903695434
 30
0.0
 40
1.0
100
AcDbArc
 50
132.4674712321789
 51
270.0
  0
ARC
  5
941
330
17
100
AcDbEntity
  8
CUT
100
AcDbCircle
 10
1340.5603884628
 20
-779.3879059358649
 30
0.0
 40
1.499999999999999
100
AcDbArc
 50
297.5308704646661
 51
117.530870464666
  0
LINE
  5
942
330
17
100
AcDbEntity
  8
CUT
100
AcDbLine
 10
1335.99178894255
 20
-780.0777501546286
 30
0.0
 11
1339.867048772998
 21
-778.0577630583691
 31
0.0
  0
LINE
  5
943
330
17
100
AcDbEntity
  8
CUT
100
AcDbLine
 10
1337.378468322147
 20
-782.738035909621
 30
0.0
 11
1341.253728152591
 21
-780.7180488133606
 31
0.0
  0
ARC
  5
944
330
17
100
AcDbEntity
  8
CUT
100
AcDbCircle
 10
1336.685128632347
 20
-781.4078930321245
 30
0.0
 40
1.499999999999999
100
AcDbArc
 50
117.530870464666
 51
297.5308704646661
  0
LINE
  5
945
330
17
100
AcDbEntity
  8
CUT
100
AcDbLine
 10
1359.714624812039
 20
-806.6943304860775
 30
0.0
 11
1355.878933715072
 21
-810.3672488346884
 31
0.0
  0
LINE
  5
946
330
17
100
AcDbEntity
  8
CUT
100
AcDbLine
 10
1353.764042185759
 20
-797.5977725372092
 30
0.0
 11
1348.442305554041
 21
-794.0066524323324
 31
0.0
  0
ARC
  5
947
330
17
100
AcDbEntity
  8
CUT
100
AcDbCircle
 10
1354.323402451233
 20
-796.7688478763328
 30
0.0
 40
1.0
100
AcDbArc
 50
235.9884326238718
 51
24.99004075842922
  0
LINE
  5
948
330
17
100
AcDbEntity
  8
CUT
100
AcDbLine
 10
1344.179537284417
 20
-791.1301266109976
 30
0.0
 11
1339.793281474298
 21
-788.1702711136458
 31
0.0
  0
LINE
  5
949
330
17
100
AcDbEntity
  8
CUT
100
AcDbLine
 10
1359.582369552465
 20
-805.1431399700527
 30
0.0
 11
1345.767584910265
 21
-795.820891556355
 31
0.0
  0
LINE
  5
94A
330
17
100
AcDbEntity
  8
CUT
100
AcDbLine
 10
1341.504816640641
 20
-792.9443657350195
 30
0.0
 11
1339.94864118298
 21
-791.8942549611397
 31
0.0
  0
ARC
  5
94B
330
17
100
AcDbEntity
  8
CUT
100
AcDbCircle
 10
1359.023009286991
 20
-805.9720646309293
 30
0.0
 40
1.0
100
AcDbArc
 50
313.7581281119095
 51
55.98843262387179
  0
LINE
  5
94C
330
17
100
AcDbEntity
  8
CUT
100
AcDbLine
 10
1329.863120741422
 20
-781.0189740063979
 30
0.0
 11
1365.209022876364
 21
-762.5948503754328
 31
0.0
  0
ARC
  5
94D
330
17
100
AcDbEntity
  8
CUT
100
AcDbCircle
 10
1366.133475796094
 20
-764.368374212094
 30
0.0
 40
2.0
100
AcDbArc
 50
25.00000000001825
 51
117.530870464552
  0
LINE
  5
94E
330
17
100
AcDbEntity
  8
CUT
100
AcDbLine
 10
1355.229783684741
 20
-796.3463871568067
 30
0.0
 11
1352.46510548359
 21
-790.4148240021993
 31
0.0
  0
LINE
  5
94F
330
17
100
AcDbEntity
  8
CUT
100
AcDbLine
 10
1358.885767251138
 20
-797.0889766570897
 30
0.0
 11
1350.436552933817
 21
-778.9613521439853
 31
0.0
  0
LINE
  5
950
330
17
100
AcDbEntity
  8
POCKET
100
AcDbLine
 10
1357.917926223173
 20
-799.7466605631603
 30
0.0
 11
1347.778869027746
 21
-777.993511116021
 31
0.0
  0
ARC
  5
951
330
17
100
AcDbEntity
  8
POCKET
100
AcDbCircle
 10
1358.824307456681
 20
-799.3241998436342
 30
0.0
 40
1.0
100
AcDbArc
 50
204.9900407584292
 51
294.9900407584049
  0
ARC
  5
952
330
17
100
AcDbEntity
  8
CUT
100
AcDbCircle
 10
1359.792148484646
 20
-796.6665159375635
 30
0.0
 40
1.0
100
AcDbArc
 50
204.9900407584292
 51
294.9900407584049
  0
LINE
  5
953
330
17
100
AcDbEntity
  8
CUT
100
AcDbLine
 10
1366.071672584951
 20
-794.8429430207917
 30
0.0
 11
1360.214609204173
 21
-797.5728971710728
 31
0.0
  0
LINE
  5
954
330
17
100
AcDbEntity
  8
POCKET
100
AcDbLine
 10
1367.524646911755
 20
-796.3722944340799
 30
0.0
 11
1359.246768176208
 21
-800.2305810771433
 31
0.0
  0
ARC
  5
955
330
17
100
AcDbEntity
  8
POCKET
100
AcDbCircle
 10
1367.102186192229
 20
-795.4659132005709
 30
0.0
 40
1.0
100
AcDbArc
 50
294.9900407584049
 51
332.0759213434626
  0
ARC
  5
956
330
17
100
AcDbEntity
  8
CUT
100
AcDbCircle
 10
1365.649211865424
 20
-793.9365617872828
 30
0.0
 40
1.0
100
AcDbArc
 50
294.9900407584049
 51
332.0759213434626
  0
LINE
  5
957
330
17
100
AcDbEntity
  8
CUT
100
AcDbLine
 10
1356.777497494327
 20
-774.9025743742033
 30
0.0
 11
1350.920473447799
 21
-777.6325101909499
 31
0.0
  0
LINE
  5
958
330
17
100
AcDbEntity
  8
POCKET
100
AcDbLine
 10
1356.54027841388
 20
-772.8065642337083
 30
0.0
 11
1348.262789541728
 21
-776.6646691629862
 31
0.0
  0
ARC
  5
959
330
17
100
AcDbEntity
  8
POCKET
100
AcDbCircle
 10
1356.962739133407
 20
-773.7129454672165
 30
0.0
 40
1.0
100
AcDbArc
 50
77.9240786565495
 51
114.9900407584049
  0
ARC
  5
95A
330
17
100
AcDbEntity
  8
POCKET
100
AcDbCircle
 10
1348.685250261254
 20
-777.5710503964947
 30
0.0
 40
1.0
100
AcDbArc
 50
114.9900407584049
 51
204.9900407584292
  0
ARC
  5
95B
330
17
100
AcDbEntity
  8
CUT
100
AcDbCircle
 10
1351.342934167325
 20
-778.5388914244588
 30
0.0
 40
1.0
100
AcDbArc
 50
114.9900407584049
 51
204.9900407584292
  0
LINE
  5
95C
330
17
100
AcDbEntity
  8
CUT
100
AcDbLine
 10
1340.35057537843
 20
-783.8838915768978
 30
0.0
 11
1345.661402420184
 21
-781.1156121416637
 31
0.0
  0
ARC
  5
95D
330
17
100
AcDbEntity
  8
CUT
100
AcDbCircle
 10
1346.123628880048
 20
-782.0023740599943
 30
0.0
 40
1.0
100
AcDbArc
 50
54.54587408318329
 51
117.530870464552
  0
LINE
  5
95E
330
17
100
AcDbEntity
  8
CUT
100
AcDbLine
 10
1363.460310794038
 20
-802.1685230234195
 30
0.0
 11
1362.680209272121
 21
-800.4948304242818
 31
0.0
  0
ARC
  5
95F
330
17
100
AcDbEntity
  8
CUT
100
AcDbCircle
 10
1363.586590505629
 20
-800.0723697047551
 30
0.0
 40
1.0
100
AcDbArc
 50
114.9900407584049
 51
204.9900407584497
  0
LINE
  5
960
330
17
100
AcDbEntity
  8
CUT
100
AcDbLine
 10
1368.089560306282
 20
-796.8702647243223
 30
0.0
 11
1363.164129786102
 21
-799.1659884712456
 31
0.0
  0
LINE
  5
961
330
17
100
AcDbEntity
  8
CUT
100
AcDbLine
 10
1348.675209603771
 20
-782.5916921042237
 30
0.0
 11
1346.703679825023
 21
-781.1877938606062
 31
0.0
  0
ARC
  5
962
330
17
100
AcDbEntity
  8
CUT
100
AcDbCircle
 10
1348.095158658796
 20
-783.4062723036124
 30
0.0
 40
1.0
100
AcDbArc
 50
24.99004075844537
 51
54.54587408318329
  0
LINE
  5
963
330
17
100
AcDbEntity
  8
CUT
100
AcDbLine
 10
1364.679141433435
 20
-776.3864367370493
 30
0.0
 11
1357.409165843059
 21
-774.8310843647132
 31
0.0
  0
LINE
  5
964
330
17
100
AcDbEntity
  8
POCKET
100
AcDbLine
 10
1368.522341327632
 20
-775.1633991744454
 30
0.0
 11
1357.171946762611
 21
-772.735074224218
 31
0.0
  0
ARC
  5
965
330
17
100
AcDbEntity
  8
POCKET
100
AcDbCircle
 10
1368.313133698428
 20
-776.1412704174436
 30
0.0
 40
1.0
100
AcDbArc
 50
25.00000000001825
 51
77.9240786565495
  0
ARC
  5
966
330
17
100
AcDbEntity
  8
CUT
100
AcDbCircle
 10
1357.199958213854
 20
-775.8089556077115
 30
0.0
 40
1.0
100
AcDbArc
 50
77.9240786565495
 51
114.9900407584049
  0
LINE
  5
967
330
17
100
AcDbEntity
  8
CUT
100
AcDbLine
 10
1370.016377024107
 20
-787.8321753976345
 30
0.0
 11
1366.532780769114
 21
-794.4048629643404
 31
0.0
  0
LINE
  5
968
330
17
100
AcDbEntity
  8
POCKET
100
AcDbLine
 10
1373.423639426204
 20
-785.6742668663119
 30
0.0
 11
1367.985755095918
 21
-795.9342143776285
 31
0.0
  0
ARC
  5
969
330
17
100
AcDbEntity
  8
POCKET
100
AcDbCircle
 10
1372.540070522515
 20
-785.2059656892543
 30
0.0
 40
1.0
100
AcDbArc
 50
332.0759213434626
 51
25.00000000001825
  0
LINE
  5
96A
330
17
100
AcDbEntity
  8
CUT
100
AcDbLine
 10
1350.250568514335
 20
-785.6635781299359
 30
0.0
 11
1349.001539892304
 21
-782.9838115840857
 31
0.0
  0
MTEXT
  5
96B
102
{ACAD_XDICTIONARY
360
96C
102
}
330
17
100
AcDbEntity
  8
POCKET
100
AcDbMText
 10
1248.892365711678
 20
-763.9846133851308
 30
0.0
 40
5.0
 41
327.756144
 46
0.0
 71
1
 72
5
  1
\pi154.37807;{\fISOCPEUR|b0|i0|c0|p34;pocket \P\pi146.12807;depth 1.2mm }
1001
ACAD
1000
ACAD_MTEXT_COLUMN_INFO_BEGIN
1070
75
1070
2
1070
79
1070
0
1070
76
1070
1
1070
78
1070
0
1070
48
1040
327.756144
1070
49
1040
12.5
1070
50
1070
1
1040
0.0
1000
ACAD_MTEXT_COLUMN_INFO_END
1000
ACAD_MTEXT_COLUMNS_BEGIN
1070
47
1070
1
1000
ACAD_MTEXT_COLUMNS_END
  0
LWPOLYLINE
  5
96E
330
17
100
AcDbEntity
  8
POCKET
100
AcDbPolyline
 90
2
 70
0
 10
1397.240515995002
 20
-770.9490430843297
 10
1369.897814891039
 20
-770.9490430843297
  0
MTEXT
  5
96F
102
{ACAD_XDICTIONARY
360
970
102
}
330
17
100
AcDbEntity
  8
POCKET
100
AcDbMText
 10
1247.548388133319
 20
-785.8612791135612
 30
0.0
 40
5.0
 41
327.756144
 46
0.0
 71
1
 72
5
  1
\pi154.37807;{\fISOCPEUR|b0|i0|c0|p34;pocket \P\pi146.12807;depth 1.0mm }
1001
ACAD
1000
ACAD_MTEXT_COLUMN_INFO_BEGIN
1070
75
1070
2
1070
79
1070
0
1070
76
1070
1
1070
78
1070
0
1070
48
1040
327.756144
1070
49
1040
12.5
1070
50
1070
1
1040
0.0
1000
ACAD_MTEXT_COLUMN_INFO_END
1000
ACAD_MTEXT_COLUMNS_BEGIN
1070
47
1070
1
1000
ACAD_MTEXT_COLUMNS_END
  0
LWPOLYLINE
  5
972
330
17
100
AcDbEntity
  8
POCKET
100
AcDbPolyline
 90
2
 70
0
 10
1395.896538416643
 20
-792.8257088127602
 10
1368.55383731268
 20
-792.8257088127602
  0
ENDSEC
  0
SECTION
  2
OBJECTS
  0
DICTIONARY
  5
A
330
0
100
AcDbDictionary
281
1
  3
ACAD_COLOR
350
B
  3
ACAD_GROUP
350
C
  3
ACAD_LAYOUT
350
D
  3
ACAD_MATERIAL
350
E
  3
ACAD_MLEADERSTYLE
350
F
  3
ACAD_MLINESTYLE
350
10
  3
ACAD_PLOTSETTINGS
350
11
  3
ACAD_PLOTSTYLENAME
350
12
  3
ACAD_SCALELIST
350
14
  3
ACAD_TABLESTYLE
350
15
  3
ACAD_VISUALSTYLE
350
16
  3
EZDXF_META
350
2D
  0
DICTIONARY
  5
B
330
A
100
AcDbDictionary
281
1
  0
DICTIONARY
  5
C
330
A
100
AcDbDictionary
281
1
  0
DICTIONARY
  5
D
330
A
100
AcDbDictionary
281
1
  3
Model
350
1A
  3
Layout1
350
1E
  0
DICTIONARY
  5
E
330
A
100
AcDbDictionary
281
1
  3
ByBlock
350
1F
  3
ByLayer
350
20
  3
Global
350
21
  0
DICTIONARY
  5
F
330
A
100
AcDbDictionary
281
1
  3
Standard
350
2C
  0
DICTIONARY
  5
10
330
A
100
AcDbDictionary
281
1
  3
Standard
350
22
  0
DICTIONARY
  5
11
330
A
100
AcDbDictionary
281
1
  0
ACDBDICTIONARYWDFLT
  5
12
330
A
100
AcDbDictionary
281
1
  3
Normal
350
13
100
AcDbDictionaryWithDefault
340
13
  0
ACDBPLACEHOLDER
  5
13
330
12
  0
DICTIONARY
  5
14
330
A
100
AcDbDictionary
281
1
  0
DICTIONARY
  5
15
330
A
100
AcDbDictionary
281
1
  0
DICTIONARY
  5
16
330
A
100
AcDbDictionary
281
1
  0
LAYOUT
  5
1A
330
D
100
AcDbPlotSettings
  1

  4
A3
  6

 40
7.5
 41
20.0
 42
7.5
 43
20.0
 44
420.0
 45
297.0
 46
0.0
 47
0.0
 48
0.0
 49
0.0
140
0.0
141
0.0
142
1.0
143
1.0
 70
1024
 72
1
 73
0
 74
5
  7

 75
16
 76
0
 77
2
 78
300
147
1.0
148
0.0
149
0.0
100
AcDbLayout
  1
Model
 70
1
 71
0
 10
0.0
 20
0.0
 11
420.0
 21
297.0
 12
0.0
 22
0.0
 32
0.0
 14
1e+20
 24
1e+20
 34
1e+20
 15
-1e+20
 25
-1e+20
 35
-1e+20
146
0.0
 13
0.0
 23
0.0
 33
0.0
 16
1.0
 26
0.0
 36
0.0
 17
0.0
 27
1.0
 37
0.0
 76
1
330
17
  0
LAYOUT
  5
1E
330
D
100
AcDbPlotSettings
  1

  4
A3
  6

 40
7.5
 41
20.0
 42
7.5
 43
20.0
 44
420.0
 45
297.0
 46
0.0
 47
0.0
 48
0.0
 49
0.0
140
0.0
141
0.0
142
1.0
143
1.0
 70
0
 72
1
 73
0
 74
5
  7

 75
16
 76
0
 77
2
 78
300
147
1.0
148
0.0
149
0.0
100
AcDbLayout
  1
Layout1
 70
1
 71
1
 10
0.0
 20
0.0
 11
420.0
 21
297.0
 12
0.0
 22
0.0
 32
0.0
 14
1e+20
 24
1e+20
 34
1e+20
 15
-1e+20
 25
-1e+20
 35
-1e+20
146
0.0
 13
0.0
 23
0.0
 33
0.0
 16
1.0
 26
0.0
 36
0.0
 17
0.0
 27
1.0
 37
0.0
 76
1
330
1B
  0
MATERIAL
  5
1F
102
{ACAD_REACTORS
330
E
102
}
330
E
100
AcDbMaterial
  1
ByBlock
  2

 70
0
 40
1.0
 71
1
 41
1.0
 91
-1023410177
 42
1.0
 72
1
  3

 73
1
 74
1
 75
1
 44
0.5
 73
0
 45
1.0
 46
1.0
 77
1
  4

 78
1
 79
1
170
1
 48
1.0
171
1
  6

172
1
173
1
174
1
140
1.0
141
1.0
175
1
  7

176
1
177
1
178
1
143
1.0
179
1
  8

270
1
271
1
272
1
145
1.0
146
1.0
273
1
  9

274
1
275
1
276
1
 42
1.0
 72
1
  3

 73
1
 74
1
 75
1
 94
63
  0
MATERIAL
  5
20
102
{ACAD_REACTORS
330
E
102
}
330
E
100
AcDbMaterial
  1
ByLayer
  2

 70
0
 40
1.0
 71
1
 41
1.0
 91
-1023410177
 42
1.0
 72
1
  3

 73
1
 74
1
 75
1
 44
0.5
 73
0
 45
1.0
 46
1.0
 77
1
  4

 78
1
 79
1
170
1
 48
1.0
171
1
  6

172
1
173
1
174
1
140
1.0
141
1.0
175
1
  7

176
1
177
1
178
1
143
1.0
179
1
  8

270
1
271
1
272
1
145
1.0
146
1.0
273
1
  9

274
1
275
1
276
1
 42
1.0
 72
1
  3

 73
1
 74
1
 75
1
 94
63
  0
MATERIAL
  5
21
102
{ACAD_REACTORS
330
E
102
}
330
E
100
AcDbMaterial
  1
Global
  2

 70
0
 40
1.0
 71
1
 41
1.0
 91
-1023410177
 42
1.0
 72
1
  3

 73
1
 74
1
 75
1
 44
0.5
 73
0
 45
1.0
 46
1.0
 77
1
  4

 78
1
 79
1
170
1
 48
1.0
171
1
  6

172
1
173
1
174
1
140
1.0
141
1.0
175
1
  7

176
1
177
1
178
1
143
1.0
179
1
  8

270
1
271
1
272
1
145
1.0
146
1.0
273
1
  9

274
1
275
1
276
1
 42
1.0
 72
1
  3

 73
1
 74
1
 75
1
 94
63
  0
MLINESTYLE
  5
22
102
{ACAD_REACTORS
330
10
102
}
330
10
100
AcDbMlineStyle
  2
Standard
 70
0
  3

 62
256
 51
90.0
 52
90.0
 71
2
 49
0.5
 62
256
  6
BYLAYER
 49
-0.5
 62
256
  6
BYLAYER
  0
MLEADERSTYLE
  5
2C
102
{ACAD_REACTORS
330
F
102
}
330
F
100
AcDbMLeaderStyle
179
2
170
2
171
1
172
0
 90
2
 40
0.0
 41
0.0
173
1
 91
-1056964608
 92
-2
290
1
 42
2.0
291
1
 43
8.0
  3
Standard
 44
4.0
300

342
29
174
1
175
1
176
0
178
1
 93
-1056964608
 45
4.0
292
0
297
0
 46
4.0
 94
-1056964608
 47
1.0
 49
1.0
140
1.0
294
1
141
0.0
177
0
142
1.0
295
0
296
0
143
3.75
271
0
272
9
273
9
  0
DICTIONARY
  5
2D
330
A
100
AcDbDictionary
280
1
281
1
  3
CREATED_BY_EZDXF
350
2E
  3
WRITTEN_BY_EZDXF
350
975
  0
DICTIONARYVAR
  5
2E
330
2D
100
DictionaryVariables
280
0
  1
1.4.4 @ 2026-07-24T19:46:35.304083+00:00
  0
XRECORD
  5
38
330
37
100
AcDbXrecord
280
1
 40
47443.0
  1
\pxql;{\fISOCPEUR|b0|i0|c0|p34;3mm (x1)}
  0
DICTIONARY
  5
37
330
36
100
AcDbDictionary
280
1
281
1
  3
ACAD_MTEXT_2008_RT
360
38
  0
XRECORD
  5
3B
330
3A
100
AcDbXrecord
280
1
 40
51393.0
  1
\pxql;{\fISOCPEUR|b0|i0|c0|p34;2.5mm (x1)}
  0
DICTIONARY
  5
3A
330
39
100
AcDbDictionary
280
1
281
1
  3
ACAD_MTEXT_2008_RT
360
3B
  0
XRECORD
  5
3E
330
3D
100
AcDbXrecord
280
1
 40
51393.0
  1
\pxql;{\fISOCPEUR|b0|i0|c0|p34;2.5mm (x1)}
  0
DICTIONARY
  5
3D
330
3C
100
AcDbDictionary
280
1
281
1
  3
ACAD_MTEXT_2008_RT
360
3E
  0
XRECORD
  5
42
330
41
100
AcDbXrecord
280
1
 40
49137.0
  1
\pxql;{\fISOCPEUR|b0|i0|c0|p34;Bottom}
  0
DICTIONARY
  5
41
330
40
100
AcDbDictionary
280
1
281
1
  3
ACAD_MTEXT_2008_RT
360
42
  0
XRECORD
  5
45
330
44
100
AcDbXrecord
280
1
 40
43307.0
  1
\pxql;{\fISOCPEUR|b0|i0|c0|p34;Top 01}
  0
DICTIONARY
  5
44
330
43
100
AcDbDictionary
280
1
281
1
  3
ACAD_MTEXT_2008_RT
360
45
  0
XRECORD
  5
48
330
47
100
AcDbXrecord
280
1
 40
57117.0
  1
\pxql;{\fISOCPEUR|b0|i0|c0|p34;Mid plate}
  0
DICTIONARY
  5
47
330
46
100
AcDbDictionary
280
1
281
1
  3
ACAD_MTEXT_2008_RT
360
48
  0
XRECORD
  5
4B
330
4A
100
AcDbXrecord
280
1
 40
49314.0
  1
\pxql;{\fISOCPEUR|b0|i0|c0|p34;7"\PV1.1.1}
  0
DICTIONARY
  5
4A
330
49
100
AcDbDictionary
280
1
281
1
  3
ACAD_MTEXT_2008_RT
360
4B
  0
XRECORD
  5
4E
330
4D
100
AcDbXrecord
280
1
 40
245740.0
  1
\pxqc;{\fISOCPEUR|b0|i0|c0|p34;chamfered\P(2sides : 0.8mm)}
  0
DICTIONARY
  5
4D
330
4C
100
AcDbDictionary
280
1
281
1
  3
ACAD_MTEXT_2008_RT
360
4E
  0
XRECORD
  5
51
330
50
100
AcDbXrecord
280
1
 40
47521.0
  1
\pxql;{\fISOCPEUR|b0|i0|c0|p34;6mm (x1)}
  0
DICTIONARY
  5
50
330
4F
100
AcDbDictionary
280
1
281
1
  3
ACAD_MTEXT_2008_RT
360
51
  0
XRECORD
  5
54
330
53
100
AcDbXrecord
280
1
 40
38793.0
  1
\pxql;{\fISOCPEUR|b0|i0|c0|p34;Key}
  0
DICTIONARY
  5
53
330
52
100
AcDbDictionary
280
1
281
1
  3
ACAD_MTEXT_2008_RT
360
54
  0
XRECORD
  5
57
330
56
100
AcDbXrecord
280
1
 40
150910.0
  1
\pxql;{\fISOCPEUR|b0|i0|c0|p34;FRAME JeNo 7" v1.1.1_ all versions}
  0
DICTIONARY
  5
56
330
55
100
AcDbDictionary
280
1
281
1
  3
ACAD_MTEXT_2008_RT
360
57
  0
XRECORD
  5
5D
330
5C
100
AcDbXrecord
280
1
 40
101515.0
  1
\pxqc;{\fISOCPEUR|b0|i0|c0|p34;pockets \Pdepth 0.5mm }
  0
DICTIONARY
  5
5C
330
5B
100
AcDbDictionary
280
1
281
1
  3
ACAD_MTEXT_2008_RT
360
5D
  0
XRECORD
  5
64
330
63
100
AcDbXrecord
280
1
 40
170735.0
  1
\pxqc;{\fISOCPEUR|b0|i0|c0|p34;chamfered (top side:1mm)}
  0
DICTIONARY
  5
63
330
62
100
AcDbDictionary
280
1
281
1
  3
ACAD_MTEXT_2008_RT
360
64
  0
XRECORD
  5
67
330
66
100
AcDbXrecord
280
1
 40
243443.0
  1
\pxqc;{\fISOCPEUR|b0|i0|c0|p34;chamfered\P(2 sides:0.8mm)}
  0
DICTIONARY
  5
66
330
65
100
AcDbDictionary
280
1
281
1
  3
ACAD_MTEXT_2008_RT
360
67
  0
XRECORD
  5
6B
330
6A
100
AcDbXrecord
280
1
 40
164040.0
  1
\pxqc;{\fISOCPEUR|b0|i0|c0|p34;pockets \Pdepth 0.5mm\P(red lines) }
  0
DICTIONARY
  5
6A
330
69
100
AcDbDictionary
280
1
281
1
  3
ACAD_MTEXT_2008_RT
360
6B
  0
XRECORD
  5
72
330
71
100
AcDbXrecord
280
1
 40
39709.0
  1
\pxqc;{\fISOCPEUR|b0|i0|c0|p34;cut}
  0
DICTIONARY
  5
71
330
70
100
AcDbDictionary
280
1
281
1
  3
ACAD_MTEXT_2008_RT
360
72
  0
XRECORD
  5
75
330
74
100
AcDbXrecord
280
1
 40
52326.0
  1
\pxqc;{\fISOCPEUR|b0|i0|c0|p34;chamfer}
  0
DICTIONARY
  5
74
330
73
100
AcDbDictionary
280
1
281
1
  3
ACAD_MTEXT_2008_RT
360
75
  0
XRECORD
  5
78
330
77
100
AcDbXrecord
280
1
 40
49513.0
  1
\pxqc;{\fISOCPEUR|b0|i0|c0|p34;pocket}
  0
DICTIONARY
  5
77
330
76
100
AcDbDictionary
280
1
281
1
  3
ACAD_MTEXT_2008_RT
360
78
  0
XRECORD
  5
7B
330
7A
100
AcDbXrecord
280
1
 40
69499.0
  1
\pxqc;{\fISOCPEUR|b0|i0|c0|p34;countersunk}
  0
DICTIONARY
  5
7A
330
79
100
AcDbDictionary
280
1
281
1
  3
ACAD_MTEXT_2008_RT
360
7B
  0
XRECORD
  5
1C7
330
1C6
100
AcDbXrecord
280
1
 40
47669.0
  1
\pxql;{\fISOCPEUR|b0|i0|c0|p34;8mm (x4)}
  0
DICTIONARY
  5
1C6
330
1C5
100
AcDbDictionary
280
1
281
1
  3
ACAD_MTEXT_2008_RT
360
1C7
  0
XRECORD
  5
1CA
330
1C9
100
AcDbXrecord
280
1
 40
42841.0
  1
\pxql;{\fISOCPEUR|b0|i0|c0|p34;Arm 02}
  0
DICTIONARY
  5
1C9
330
1C8
100
AcDbDictionary
280
1
281
1
  3
ACAD_MTEXT_2008_RT
360
1CA
  0
XRECORD
  5
1CD
330
1CC
100
AcDbXrecord
280
1
 40
129641.0
  1
\pxqc;{\fISOCPEUR|b0|i0|c0|p34;+ 2 pressnuts M3}
  0
DICTIONARY
  5
1CC
330
1CB
100
AcDbDictionary
280
1
281
1
  3
ACAD_MTEXT_2008_RT
360
1CD
  0
XRECORD
  5
1D0
330
1CF
100
AcDbXrecord
280
1
 40
1837284.0
  1
\pxqc;{\fISOCPEUR|b0|i0|c0|p34;pressnuts depth : \P%%C6.4 = 2.5mm\P%%C4.3= 4mm}
  0
DICTIONARY
  5
1CF
330
1CE
100
AcDbDictionary
280
1
281
1
  3
ACAD_MTEXT_2008_RT
360
1D0
  0
XRECORD
  5
20A
330
209
100
AcDbXrecord
280
1
 40
47617.0
  1
\pxql;{\fISOCPEUR|b0|i0|c0|p34;6mm (x4)}
  0
DICTIONARY
  5
209
330
208
100
AcDbDictionary
280
1
281
1
  3
ACAD_MTEXT_2008_RT
360
20A
  0
XRECORD
  5
20D
330
20C
100
AcDbXrecord
280
1
 40
47443.0
  1
\pxql;{\fISOCPEUR|b0|i0|c0|p34;3mm (x1)}
  0
DICTIONARY
  5
20C
330
20B
100
AcDbDictionary
280
1
281
1
  3
ACAD_MTEXT_2008_RT
360
20D
  0
XRECORD
  5
210
330
20F
100
AcDbXrecord
280
1
 40
51393.0
  1
\pxql;{\fISOCPEUR|b0|i0|c0|p34;2.5mm (x1)}
  0
DICTIONARY
  5
20F
330
20E
100
AcDbDictionary
280
1
281
1
  3
ACAD_MTEXT_2008_RT
360
210
  0
XRECORD
  5
213
330
212
100
AcDbXrecord
280
1
 40
51393.0
  1
\pxql;{\fISOCPEUR|b0|i0|c0|p34;2.5mm (x1)}
  0
DICTIONARY
  5
212
330
211
100
AcDbDictionary
280
1
281
1
  3
ACAD_MTEXT_2008_RT
360
213
  0
XRECORD
  5
216
330
215
100
AcDbXrecord
280
1
 40
42810.0
  1
\pxql;{\fISOCPEUR|b0|i0|c0|p34;Arm 01}
  0
DICTIONARY
  5
215
330
214
100
AcDbDictionary
280
1
281
1
  3
ACAD_MTEXT_2008_RT
360
216
  0
XRECORD
  5
219
330
218
100
AcDbXrecord
280
1
 40
49137.0
  1
\pxql;{\fISOCPEUR|b0|i0|c0|p34;Bottom}
  0
DICTIONARY
  5
218
330
217
100
AcDbDictionary
280
1
281
1
  3
ACAD_MTEXT_2008_RT
360
219
  0
XRECORD
  5
21C
330
21B
100
AcDbXrecord
280
1
 40
43307.0
  1
\pxql;{\fISOCPEUR|b0|i0|c0|p34;Top 01}
  0
DICTIONARY
  5
21B
330
21A
100
AcDbDictionary
280
1
281
1
  3
ACAD_MTEXT_2008_RT
360
21C
  0
XRECORD
  5
21F
330
21E
100
AcDbXrecord
280
1
 40
57117.0
  1
\pxql;{\fISOCPEUR|b0|i0|c0|p34;Mid plate}
  0
DICTIONARY
  5
21E
330
21D
100
AcDbDictionary
280
1
281
1
  3
ACAD_MTEXT_2008_RT
360
21F
  0
XRECORD
  5
222
330
221
100
AcDbXrecord
280
1
 40
47521.0
  1
\pxql;{\fISOCPEUR|b0|i0|c0|p34;6mm (x1)}
  0
DICTIONARY
  5
221
330
220
100
AcDbDictionary
280
1
281
1
  3
ACAD_MTEXT_2008_RT
360
222
  0
XRECORD
  5
225
330
224
100
AcDbXrecord
280
1
 40
38793.0
  1
\pxql;{\fISOCPEUR|b0|i0|c0|p34;Key}
  0
DICTIONARY
  5
224
330
223
100
AcDbDictionary
280
1
281
1
  3
ACAD_MTEXT_2008_RT
360
225
  0
XRECORD
  5
229
330
228
100
AcDbXrecord
280
1
 40
164040.0
  1
\pxqc;{\fISOCPEUR|b0|i0|c0|p34;pockets \Pdepth 0.5mm\P(red lines) }
  0
DICTIONARY
  5
228
330
227
100
AcDbDictionary
280
1
281
1
  3
ACAD_MTEXT_2008_RT
360
229
  0
XRECORD
  5
290
330
28F
100
AcDbXrecord
280
1
 40
47501.0
  1
\pxql;{\fISOCPEUR|b0|i0|c0|p34;4mm (x2)}
  0
DICTIONARY
  5
28F
330
28E
100
AcDbDictionary
280
1
281
1
  3
ACAD_MTEXT_2008_RT
360
290
  0
XRECORD
  5
293
330
292
100
AcDbXrecord
280
1
 40
38657.0
  1
\pxql;{\fISOCPEUR|b0|i0|c0|p34;Rod}
  0
DICTIONARY
  5
292
330
291
100
AcDbDictionary
280
1
281
1
  3
ACAD_MTEXT_2008_RT
360
293
  0
XRECORD
  5
2BF
330
2BE
100
AcDbXrecord
280
1
 40
101515.0
  1
\pxqc;{\fISOCPEUR|b0|i0|c0|p34;pockets \Pdepth 0.5mm }
  0
DICTIONARY
  5
2BE
330
2BD
100
AcDbDictionary
280
1
281
1
  3
ACAD_MTEXT_2008_RT
360
2BF
  0
XRECORD
  5
3C5
330
3C4
100
AcDbXrecord
280
1
 40
36788.0
  1
\pxql;{\fISOCPEUR|b0|i0|c0|p34;ARM}
  0
DICTIONARY
  5
3C4
330
3C3
100
AcDbDictionary
280
1
281
1
  3
ACAD_MTEXT_2008_RT
360
3C5
  0
XRECORD
  5
3C8
330
3C7
100
AcDbXrecord
280
1
 40
37033.0
  1
\pxql;{\fISOCPEUR|b0|i0|c0|p34;KEY}
  0
DICTIONARY
  5
3C7
330
3C6
100
AcDbDictionary
280
1
281
1
  3
ACAD_MTEXT_2008_RT
360
3C8
  0
XRECORD
  5
3CB
330
3CA
100
AcDbXrecord
280
1
 40
44497.0
  1
\pxql;{\fISOCPEUR|b0|i0|c0|p34;BOTTOM}
  0
DICTIONARY
  5
3CA
330
3C9
100
AcDbDictionary
280
1
281
1
  3
ACAD_MTEXT_2008_RT
360
3CB
  0
XRECORD
  5
3CE
330
3CD
100
AcDbXrecord
280
1
 40
37285.0
  1
\pxql;{\fISOCPEUR|b0|i0|c0|p34;TOP}
  0
DICTIONARY
  5
3CD
330
3CC
100
AcDbDictionary
280
1
281
1
  3
ACAD_MTEXT_2008_RT
360
3CE
  0
XRECORD
  5
3D1
330
3D0
100
AcDbXrecord
280
1
 40
36605.0
  1
\pxql;{\fISOCPEUR|b0|i0|c0|p34;MID}
  0
DICTIONARY
  5
3D0
330
3CF
100
AcDbDictionary
280
1
281
1
  3
ACAD_MTEXT_2008_RT
360
3D1
  0
XRECORD
  5
3D4
330
3D3
100
AcDbXrecord
280
1
 40
53043.0
  1
\pxql;{\fISOCPEUR|b0|i0|c0|p34;CAM PLATES}
  0
DICTIONARY
  5
3D3
330
3D2
100
AcDbDictionary
280
1
281
1
  3
ACAD_MTEXT_2008_RT
360
3D4
  0
DICTIONARY
  5
3D6
330
3D5
100
AcDbDictionary
280
1
281
1
  0
XRECORD
  5
3DA
330
3D9
100
AcDbXrecord
280
1
 40
36897.0
  1
\pxql;{\fISOCPEUR|b0|i0|c0|p34;ROD}
  0
DICTIONARY
  5
3D9
330
3D8
100
AcDbDictionary
280
1
281
1
  3
ACAD_MTEXT_2008_RT
360
3DA
  0
DICTIONARY
  5
3E4
330
3E3
100
AcDbDictionary
280
1
281
1
  0
DICTIONARY
  5
3E6
330
3E5
100
AcDbDictionary
280
1
281
1
  0
DICTIONARY
  5
3E8
330
3E7
100
AcDbDictionary
280
1
281
1
  0
XRECORD
  5
3EC
330
3EB
100
AcDbXrecord
280
1
 40
44526.0
  1
\pxql;{\fISOCPEUR|b0|i0|c0|p34;EXTRAS}
  0
DICTIONARY
  5
3EB
330
3EA
100
AcDbDictionary
280
1
281
1
  3
ACAD_MTEXT_2008_RT
360
3EC
  0
XRECORD
  5
3F0
330
3EF
100
AcDbXrecord
280
1
 40
47669.0
  1
\pxql;{\fISOCPEUR|b0|i0|c0|p34;8mm (x4)}
  0
DICTIONARY
  5
3EF
330
3EE
100
AcDbDictionary
280
1
281
1
  3
ACAD_MTEXT_2008_RT
360
3F0
  0
XRECORD
  5
3F3
330
3F2
100
AcDbXrecord
280
1
 40
42585.0
  1
\pxql;{\fISOCPEUR|b0|i0|c0|p34;Arm 8"}
  0
DICTIONARY
  5
3F2
330
3F1
100
AcDbDictionary
280
1
281
1
  3
ACAD_MTEXT_2008_RT
360
3F3
  0
XRECORD
  5
41C
330
41B
100
AcDbXrecord
280
1
 40
51393.0
  1
\pxql;{\fISOCPEUR|b0|i0|c0|p34;2.5mm (x1)}
  0
DICTIONARY
  5
41B
330
41A
100
AcDbDictionary
280
1
281
1
  3
ACAD_MTEXT_2008_RT
360
41C
  0
XRECORD
  5
41F
330
41E
100
AcDbXrecord
280
1
 40
43307.0
  1
\pxql;{\fISOCPEUR|b0|i0|c0|p34;Top 01}
  0
DICTIONARY
  5
41E
330
41D
100
AcDbDictionary
280
1
281
1
  3
ACAD_MTEXT_2008_RT
360
41F
  0
XRECORD
  5
423
330
422
100
AcDbXrecord
280
1
 40
164040.0
  1
\pxqc;{\fISOCPEUR|b0|i0|c0|p34;pockets \Pdepth 0.5mm\P(red lines) }
  0
DICTIONARY
  5
422
330
421
100
AcDbDictionary
280
1
281
1
  3
ACAD_MTEXT_2008_RT
360
423
  0
XRECORD
  5
476
330
475
100
AcDbXrecord
280
1
 40
235079.0
  1
\pxqc;{\fISOCPEUR|b0|i0|c0|p34;chamfered\P(2 sides:1mm)}
  0
DICTIONARY
  5
475
330
474
100
AcDbDictionary
280
1
281
1
  3
ACAD_MTEXT_2008_RT
360
476
  0
XRECORD
  5
479
330
478
100
AcDbXrecord
280
1
 40
239273.0
  1
\pxqc;{\fISOCPEUR|b0|i0|c0|p34;+3 pockets :\Pdepth 0.5mm }
  0
DICTIONARY
  5
478
330
477
100
AcDbDictionary
280
1
281
1
  3
ACAD_MTEXT_2008_RT
360
479
  0
XRECORD
  5
47C
330
47B
100
AcDbXrecord
280
1
 40
129265.0
  1
\pxqc;{\fISOCPEUR|b0|i0|c0|p34;+6 countersunk}
  0
DICTIONARY
  5
47B
330
47A
100
AcDbDictionary
280
1
281
1
  3
ACAD_MTEXT_2008_RT
360
47C
  0
XRECORD
  5
47F
330
47E
100
AcDbXrecord
280
1
 40
240931.0
  1
\pxqc;{\fISOCPEUR|b0|i0|c0|p34;\P+ 6 pockets (depth 0.5mm)}
  0
DICTIONARY
  5
47E
330
47D
100
AcDbDictionary
280
1
281
1
  3
ACAD_MTEXT_2008_RT
360
47F
  0
XRECORD
  5
482
330
481
100
AcDbXrecord
280
1
 40
208234.0
  1
\pxqc;{\fISOCPEUR|b0|i0|c0|p34;\P+8 countersunk M3}
  0
DICTIONARY
  5
481
330
480
100
AcDbDictionary
280
1
281
1
  3
ACAD_MTEXT_2008_RT
360
482
  0
XRECORD
  5
485
330
484
100
AcDbXrecord
280
1
 40
245740.0
  1
\pxqc;{\fISOCPEUR|b0|i0|c0|p34;chamfered\P(2sides : 0.8mm)}
  0
DICTIONARY
  5
484
330
483
100
AcDbDictionary
280
1
281
1
  3
ACAD_MTEXT_2008_RT
360
485
  0
XRECORD
  5
488
330
487
100
AcDbXrecord
280
1
 40
170735.0
  1
\pxqc;{\fISOCPEUR|b0|i0|c0|p34;chamfered (top side:1mm)}
  0
DICTIONARY
  5
487
330
486
100
AcDbDictionary
280
1
281
1
  3
ACAD_MTEXT_2008_RT
360
488
  0
XRECORD
  5
48B
330
48A
100
AcDbXrecord
280
1
 40
243443.0
  1
\pxqc;{\fISOCPEUR|b0|i0|c0|p34;chamfered\P(2 sides:0.8mm)}
  0
DICTIONARY
  5
48A
330
489
100
AcDbDictionary
280
1
281
1
  3
ACAD_MTEXT_2008_RT
360
48B
  0
XRECORD
  5
48E
330
48D
100
AcDbXrecord
280
1
 40
129641.0
  1
\pxqc;{\fISOCPEUR|b0|i0|c0|p34;+ 2 pressnuts M3}
  0
DICTIONARY
  5
48D
330
48C
100
AcDbDictionary
280
1
281
1
  3
ACAD_MTEXT_2008_RT
360
48E
  0
XRECORD
  5
491
330
490
100
AcDbXrecord
280
1
 40
1837284.0
  1
\pxqc;{\fISOCPEUR|b0|i0|c0|p34;pressnuts depth : \P%%C6.4 = 2.5mm\P%%C4.3= 4mm}
  0
DICTIONARY
  5
490
330
48F
100
AcDbDictionary
280
1
281
1
  3
ACAD_MTEXT_2008_RT
360
491
  0
XRECORD
  5
494
330
493
100
AcDbXrecord
280
1
 40
235079.0
  1
\pxqc;{\fISOCPEUR|b0|i0|c0|p34;chamfered\P(2 sides:1mm)}
  0
DICTIONARY
  5
493
330
492
100
AcDbDictionary
280
1
281
1
  3
ACAD_MTEXT_2008_RT
360
494
  0
XRECORD
  5
497
330
496
100
AcDbXrecord
280
1
 40
239273.0
  1
\pxqc;{\fISOCPEUR|b0|i0|c0|p34;+3 pockets :\Pdepth 0.5mm }
  0
DICTIONARY
  5
496
330
495
100
AcDbDictionary
280
1
281
1
  3
ACAD_MTEXT_2008_RT
360
497
  0
XRECORD
  5
49A
330
499
100
AcDbXrecord
280
1
 40
129265.0
  1
\pxqc;{\fISOCPEUR|b0|i0|c0|p34;+6 countersunk}
  0
DICTIONARY
  5
499
330
498
100
AcDbDictionary
280
1
281
1
  3
ACAD_MTEXT_2008_RT
360
49A
  0
XRECORD
  5
49D
330
49C
100
AcDbXrecord
280
1
 40
240931.0
  1
\pxqc;{\fISOCPEUR|b0|i0|c0|p34;\P+ 6 pockets (depth 0.5mm)}
  0
DICTIONARY
  5
49C
330
49B
100
AcDbDictionary
280
1
281
1
  3
ACAD_MTEXT_2008_RT
360
49D
  0
XRECORD
  5
4A0
330
49F
100
AcDbXrecord
280
1
 40
208234.0
  1
\pxqc;{\fISOCPEUR|b0|i0|c0|p34;\P+8 countersunk M3}
  0
DICTIONARY
  5
49F
330
49E
100
AcDbDictionary
280
1
281
1
  3
ACAD_MTEXT_2008_RT
360
4A0
  0
XRECORD
  5
4A3
330
4A2
100
AcDbXrecord
280
1
 40
129641.0
  1
\pxqc;{\fISOCPEUR|b0|i0|c0|p34;+ 2 pressnuts M3}
  0
DICTIONARY
  5
4A2
330
4A1
100
AcDbDictionary
280
1
281
1
  3
ACAD_MTEXT_2008_RT
360
4A3
  0
XRECORD
  5
4A6
330
4A5
100
AcDbXrecord
280
1
 40
1837284.0
  1
\pxqc;{\fISOCPEUR|b0|i0|c0|p34;pressnuts depth : \P%%C6.4 = 2.5mm\P%%C4.3= 4mm}
  0
DICTIONARY
  5
4A5
330
4A4
100
AcDbDictionary
280
1
281
1
  3
ACAD_MTEXT_2008_RT
360
4A6
  0
XRECORD
  5
4A9
330
4A8
100
AcDbXrecord
280
1
 40
235079.0
  1
\pxqc;{\fISOCPEUR|b0|i0|c0|p34;chamfered\P(2 sides:1mm)}
  0
DICTIONARY
  5
4A8
330
4A7
100
AcDbDictionary
280
1
281
1
  3
ACAD_MTEXT_2008_RT
360
4A9
  0
XRECORD
  5
4AC
330
4AB
100
AcDbXrecord
280
1
 40
243443.0
  1
\pxqc;{\fISOCPEUR|b0|i0|c0|p34;chamfered\P(2 sides:0.8mm)}
  0
DICTIONARY
  5
4AB
330
4AA
100
AcDbDictionary
280
1
281
1
  3
ACAD_MTEXT_2008_RT
360
4AC
  0
XRECORD
  5
4AF
330
4AE
100
AcDbXrecord
280
1
 40
129265.0
  1
\pxqc;{\fISOCPEUR|b0|i0|c0|p34;+6 countersunk}
  0
DICTIONARY
  5
4AE
330
4AD
100
AcDbDictionary
280
1
281
1
  3
ACAD_MTEXT_2008_RT
360
4AF
  0
XRECORD
  5
4B2
330
4B1
100
AcDbXrecord
280
1
 40
240931.0
  1
\pxqc;{\fISOCPEUR|b0|i0|c0|p34;\P+ 6 pockets (depth 0.5mm)}
  0
DICTIONARY
  5
4B1
330
4B0
100
AcDbDictionary
280
1
281
1
  3
ACAD_MTEXT_2008_RT
360
4B2
  0
XRECORD
  5
4B5
330
4B4
100
AcDbXrecord
280
1
 40
44526.0
  1
\pxql;{\fISOCPEUR|b0|i0|c0|p34;EXTRAS}
  0
DICTIONARY
  5
4B4
330
4B3
100
AcDbDictionary
280
1
281
1
  3
ACAD_MTEXT_2008_RT
360
4B5
  0
XRECORD
  5
4B8
330
4B7
100
AcDbXrecord
280
1
 40
47443.0
  1
\pxql;{\fISOCPEUR|b0|i0|c0|p34;3mm (x1)}
  0
DICTIONARY
  5
4B7
330
4B6
100
AcDbDictionary
280
1
281
1
  3
ACAD_MTEXT_2008_RT
360
4B8
  0
XRECORD
  5
4BB
330
4BA
100
AcDbXrecord
280
1
 40
95591.0
  1
\pxql;{\fISOCPEUR|b0|i0|c0|p34;Side plate 25°_O4 PRO}
  0
DICTIONARY
  5
4BA
330
4B9
100
AcDbDictionary
280
1
281
1
  3
ACAD_MTEXT_2008_RT
360
4BB
  0
XRECORD
  5
4BE
330
4BD
100
AcDbXrecord
280
1
 40
96456.0
  1
\pxqc;{\fISOCPEUR|b0|i0|c0|p34;pocket \Pdepth 1.2mm }
  0
DICTIONARY
  5
4BD
330
4BC
100
AcDbDictionary
280
1
281
1
  3
ACAD_MTEXT_2008_RT
360
4BE
  0
XRECORD
  5
4C2
330
4C1
100
AcDbXrecord
280
1
 40
225687.0
  1
\pxqc;{\fISOCPEUR|b0|i0|c0|p34;1 pocket:\Pdepth 1.2 mm }
  0
DICTIONARY
  5
4C1
330
4C0
100
AcDbDictionary
280
1
281
1
  3
ACAD_MTEXT_2008_RT
360
4C2
  0
XRECORD
  5
4C5
330
4C4
100
AcDbXrecord
280
1
 40
47443.0
  1
\pxql;{\fISOCPEUR|b0|i0|c0|p34;3mm (x1)}
  0
DICTIONARY
  5
4C4
330
4C3
100
AcDbDictionary
280
1
281
1
  3
ACAD_MTEXT_2008_RT
360
4C5
  0
XRECORD
  5
4C8
330
4C7
100
AcDbXrecord
280
1
 40
96456.0
  1
\pxqc;{\fISOCPEUR|b0|i0|c0|p34;pocket \Pdepth 1.2mm }
  0
DICTIONARY
  5
4C7
330
4C6
100
AcDbDictionary
280
1
281
1
  3
ACAD_MTEXT_2008_RT
360
4C8
  0
XRECORD
  5
4CC
330
4CB
100
AcDbXrecord
280
1
 40
225687.0
  1
\pxqc;{\fISOCPEUR|b0|i0|c0|p34;1 pocket:\Pdepth 1.2 mm }
  0
DICTIONARY
  5
4CB
330
4CA
100
AcDbDictionary
280
1
281
1
  3
ACAD_MTEXT_2008_RT
360
4CC
  0
XRECORD
  5
4CF
330
4CE
100
AcDbXrecord
280
1
 40
47443.0
  1
\pxql;{\fISOCPEUR|b0|i0|c0|p34;3mm (x1)}
  0
DICTIONARY
  5
4CE
330
4CD
100
AcDbDictionary
280
1
281
1
  3
ACAD_MTEXT_2008_RT
360
4CF
  0
XRECORD
  5
66F
330
66E
100
AcDbXrecord
280
1
 40
295084.0
  1
\pxqc;{\fISOCPEUR|b0|i0|c0|p34;cam plates\Phigh tilt (40°) _ O4 PRO}
  0
DICTIONARY
  5
66E
330
66D
100
AcDbDictionary
280
1
281
1
  3
ACAD_MTEXT_2008_RT
360
66F
  0
XRECORD
  5
672
330
671
100
AcDbXrecord
280
1
 40
496744.0
  1
\pxqc;{\fISOCPEUR|b0|i0|c0|p34;cam plates\Pcine (25°)_ O4 PRO\PFOV clean in "Wide"}
  0
DICTIONARY
  5
671
330
670
100
AcDbDictionary
280
1
281
1
  3
ACAD_MTEXT_2008_RT
360
672
  0
XRECORD
  5
675
330
674
100
AcDbXrecord
280
1
 40
212782.0
  1
\pxqc;{\fISOCPEUR|b0|i0|c0|p34;pocket \Pdepth 1.2mm }
  0
DICTIONARY
  5
674
330
673
100
AcDbDictionary
280
1
281
1
  3
ACAD_MTEXT_2008_RT
360
675
  0
XRECORD
  5
6C4
330
6C3
100
AcDbXrecord
280
1
 40
225687.0
  1
\pxqc;{\fISOCPEUR|b0|i0|c0|p34;1 pocket:\Pdepth 1.2 mm }
  0
DICTIONARY
  5
6C3
330
6C2
100
AcDbDictionary
280
1
281
1
  3
ACAD_MTEXT_2008_RT
360
6C4
  0
XRECORD
  5
6C7
330
6C6
100
AcDbXrecord
280
1
 40
225687.0
  1
\pxqc;{\fISOCPEUR|b0|i0|c0|p34;1 pocket:\Pdepth 1.2 mm }
  0
DICTIONARY
  5
6C6
330
6C5
100
AcDbDictionary
280
1
281
1
  3
ACAD_MTEXT_2008_RT
360
6C7
  0
XRECORD
  5
6CA
330
6C9
100
AcDbXrecord
280
1
 40
47443.0
  1
\pxql;{\fISOCPEUR|b0|i0|c0|p34;3mm (x1)}
  0
DICTIONARY
  5
6C9
330
6C8
100
AcDbDictionary
280
1
281
1
  3
ACAD_MTEXT_2008_RT
360
6CA
  0
XRECORD
  5
6CD
330
6CC
100
AcDbXrecord
280
1
 40
96456.0
  1
\pxqc;{\fISOCPEUR|b0|i0|c0|p34;pocket \Pdepth 1.2mm }
  0
DICTIONARY
  5
6CC
330
6CB
100
AcDbDictionary
280
1
281
1
  3
ACAD_MTEXT_2008_RT
360
6CD
  0
XRECORD
  5
75B
330
75A
100
AcDbXrecord
280
1
 40
212782.0
  1
\pxqc;{\fISOCPEUR|b0|i0|c0|p34;pocket \Pdepth 1.2mm }
  0
DICTIONARY
  5
75A
330
759
100
AcDbDictionary
280
1
281
1
  3
ACAD_MTEXT_2008_RT
360
75B
  0
XRECORD
  5
75F
330
75E
100
AcDbXrecord
280
1
 40
96456.0
  1
\pxqc;{\fISOCPEUR|b0|i0|c0|p34;pocket \Pdepth 1.2mm }
  0
DICTIONARY
  5
75E
330
75D
100
AcDbDictionary
280
1
281
1
  3
ACAD_MTEXT_2008_RT
360
75F
  0
XRECORD
  5
7DD
330
7DC
100
AcDbXrecord
280
1
 40
212782.0
  1
\pxqc;{\fISOCPEUR|b0|i0|c0|p34;pocket \Pdepth 1.2mm }
  0
DICTIONARY
  5
7DC
330
7DB
100
AcDbDictionary
280
1
281
1
  3
ACAD_MTEXT_2008_RT
360
7DD
  0
XRECORD
  5
7E1
330
7E0
100
AcDbXrecord
280
1
 40
212782.0
  1
\pxqc;{\fISOCPEUR|b0|i0|c0|p34;pocket \Pdepth 1.2mm }
  0
DICTIONARY
  5
7E0
330
7DF
100
AcDbDictionary
280
1
281
1
  3
ACAD_MTEXT_2008_RT
360
7E1
  0
XRECORD
  5
837
330
836
100
AcDbXrecord
280
1
 40
595774.0
  1
\pxqc;{\fISOCPEUR|b0|i0|c0|p34;cam plates\Pcine High tilt (40°)_ O4 PRO\PFOV clean in "Wide"}
  0
DICTIONARY
  5
836
330
835
100
AcDbDictionary
280
1
281
1
  3
ACAD_MTEXT_2008_RT
360
837
  0
XRECORD
  5
8CD
330
8CC
100
AcDbXrecord
280
1
 40
47443.0
  1
\pxql;{\fISOCPEUR|b0|i0|c0|p34;3mm (x1)}
  0
DICTIONARY
  5
8CC
330
8CB
100
AcDbDictionary
280
1
281
1
  3
ACAD_MTEXT_2008_RT
360
8CD
  0
XRECORD
  5
8D0
330
8CF
100
AcDbXrecord
280
1
 40
547027.0
  1
\pxqc;{\fISOCPEUR|b0|i0|c0|p34;cam plates\Pcine soft (25°)_ O4 PRO\PFOV clean in "Wide"}
  0
DICTIONARY
  5
8CF
330
8CE
100
AcDbDictionary
280
1
281
1
  3
ACAD_MTEXT_2008_RT
360
8D0
  0
XRECORD
  5
8D3
330
8D2
100
AcDbXrecord
280
1
 40
96456.0
  1
\pxqc;{\fISOCPEUR|b0|i0|c0|p34;pocket \Pdepth 1.2mm }
  0
DICTIONARY
  5
8D2
330
8D1
100
AcDbDictionary
280
1
281
1
  3
ACAD_MTEXT_2008_RT
360
8D3
  0
XRECORD
  5
8D7
330
8D6
100
AcDbXrecord
280
1
 40
96370.0
  1
\pxqc;{\fISOCPEUR|b0|i0|c0|p34;pocket \Pdepth 1.0mm }
  0
DICTIONARY
  5
8D6
330
8D5
100
AcDbDictionary
280
1
281
1
  3
ACAD_MTEXT_2008_RT
360
8D7
  0
XRECORD
  5
96D
330
96C
100
AcDbXrecord
280
1
 40
212782.0
  1
\pxqc;{\fISOCPEUR|b0|i0|c0|p34;pocket \Pdepth 1.2mm }
  0
DICTIONARY
  5
96C
330
96B
100
AcDbDictionary
280
1
281
1
  3
ACAD_MTEXT_2008_RT
360
96D
  0
XRECORD
  5
971
330
970
100
AcDbXrecord
280
1
 40
212644.0
  1
\pxqc;{\fISOCPEUR|b0|i0|c0|p34;pocket \Pdepth 1.0mm }
  0
DICTIONARY
  5
970
330
96F
100
AcDbDictionary
280
1
281
1
  3
ACAD_MTEXT_2008_RT
360
971
  0
DICTIONARYVAR
  5
975
330
2D
100
DictionaryVariables
280
0
  1
1.4.4 @ 2026-07-24T19:46:35.340724+00:00
  0
ENDSEC
  0
EOF
