ISO-10303-21;
HEADER;
FILE_DESCRIPTION(('FreeCAD Model'),'2;1');
FILE_NAME('Open CASCADE Shape Model','2026-07-24T12:46:42',('FreeCAD'),(
    'FreeCAD'),'Open CASCADE STEP processor 7.8','FreeCAD','Unknown');
FILE_SCHEMA(('AUTOMOTIVE_DESIGN { 1 0 10303 214 1 1 1 1 }'));
ENDSEC;
DATA;
#1 = APPLICATION_PROTOCOL_DEFINITION('international standard',
  'automotive_design',2000,#2);
#2 = APPLICATION_CONTEXT(
  'core data for automotive mechanical design processes');
#3 = SHAPE_DEFINITION_REPRESENTATION(#4,#10);
#4 = PRODUCT_DEFINITION_SHAPE('','',#5);
#5 = PRODUCT_DEFINITION('design','',#6,#9);
#6 = PRODUCT_DEFINITION_FORMATION('','',#7);
#7 = PRODUCT('Open CASCADE STEP translator 7.8 7',
  'Open CASCADE STEP translator 7.8 7','',(#8));
#8 = PRODUCT_CONTEXT('',#2,'mechanical');
#9 = PRODUCT_DEFINITION_CONTEXT('part definition',#2,'design');
#10 = ADVANCED_BREP_SHAPE_REPRESENTATION('',(#11,#15),#7230);
#11 = AXIS2_PLACEMENT_3D('',#12,#13,#14);
#12 = CARTESIAN_POINT('',(0.,0.,0.));
#13 = DIRECTION('',(0.,0.,1.));
#14 = DIRECTION('',(1.,0.,-0.));
#15 = MANIFOLD_SOLID_BREP('',#16);
#16 = CLOSED_SHELL('',(#17,#77,#97,#130,#150,#175,#200,#248,#290,#332,
    #379,#426,#457,#490,#523,#573,#604,#635,#666,#699,#732,#765,#787,
    #827,#869,#900,#938,#971,#1002,#1035,#1066,#1097,#1121,#1138,#1163,
    #1187,#1212,#1236,#1261,#1285,#1310,#1334,#1359,#1414,#1468,#1499,
    #1539,#1584,#1620,#1664,#1704,#1737,#1768,#1795,#1827,#1852,#1892,
    #1930,#1967,#2000,#2033,#2055,#2082,#2106,#2139,#2170,#2203,#2234,
    #2267,#2311,#2344,#2379,#2412,#2437,#2468,#2501,#2532,#2565,#2596,
    #2629,#2661,#2694,#2734,#2759,#2780,#2829,#2859,#2890,#2920,#2969,
    #2999,#3030,#3060,#3104,#3134,#3162,#3187,#3231,#3261,#3292,#3316,
    #3351,#3382,#3406,#3466,#3486,#3769,#3802,#3822,#3847,#3872,#3906,
    #3948,#3990,#4037,#4075,#4106,#4139,#4164,#4214,#4245,#4269,#4300,
    #4333,#4358,#4391,#4413,#4586,#4734,#4765,#4789,#4814,#4838,#4869,
    #4894,#4918,#4943,#4967,#4990,#5007,#5024,#5041,#5058,#5075,#5092,
    #5109,#5126,#5143,#5160,#5177,#5189,#5218,#5272,#5303,#5343,#5388,
    #5424,#5468,#5508,#5541,#5572,#5599,#5622,#5640,#5673,#5711,#5748,
    #5769,#5802,#5835,#5861,#5878,#5905,#6073,#6085,#6102,#6127,#6151,
    #6176,#6200,#6225,#6242,#6286,#6319,#6354,#6387,#6412,#6429,#6446,
    #6471,#6495,#6520,#6544,#6569,#6586,#6610,#6635,#6668,#6708,#6733,
    #6754,#6792,#6816,#6838,#6862,#6900,#6924,#6946,#6970,#7004,#7016,
    #7040,#7060,#7078,#7112,#7124,#7148,#7165,#7182,#7201,#7218));
#17 = ADVANCED_FACE('',(#18),#72,.F.);
#18 = FACE_BOUND('',#19,.F.);
#19 = EDGE_LOOP('',(#20,#31,#39,#46,#47,#56,#65));
#20 = ORIENTED_EDGE('',*,*,#21,.F.);
#21 = EDGE_CURVE('',#22,#24,#26,.T.);
#22 = VERTEX_POINT('',#23);
#23 = CARTESIAN_POINT('',(35.482701174927,21.303935849712,0.905022696979
    ));
#24 = VERTEX_POINT('',#25);
#25 = CARTESIAN_POINT('',(35.484374097985,21.399843503979,0.888111589876
    ));
#26 = ELLIPSE('',#27,2.792423182686,2.75);
#27 = AXIS2_PLACEMENT_3D('',#28,#29,#30);
#28 = CARTESIAN_POINT('',(38.232701174927,21.303935849712,0.905022696979
    ));
#29 = DIRECTION('',(0.,-0.173648177667,-0.984807753012));
#30 = DIRECTION('',(0.,-0.984807753012,0.173648177667));
#31 = ORIENTED_EDGE('',*,*,#32,.T.);
#32 = EDGE_CURVE('',#22,#33,#35,.T.);
#33 = VERTEX_POINT('',#34);
#34 = CARTESIAN_POINT('',(35.482701174927,21.303935849712,3.161481382566
    ));
#35 = LINE('',#36,#37);
#36 = CARTESIAN_POINT('',(35.482701174927,21.303935849712,
    -1.838518617434));
#37 = VECTOR('',#38,1.);
#38 = DIRECTION('',(0.,0.,1.));
#39 = ORIENTED_EDGE('',*,*,#40,.T.);
#40 = EDGE_CURVE('',#33,#33,#41,.T.);
#41 = CIRCLE('',#42,2.75);
#42 = AXIS2_PLACEMENT_3D('',#43,#44,#45);
#43 = CARTESIAN_POINT('',(38.232701174927,21.303935849712,3.161481382566
    ));
#44 = DIRECTION('',(0.,0.,-1.));
#45 = DIRECTION('',(1.,0.,0.));
#46 = ORIENTED_EDGE('',*,*,#32,.F.);
#47 = ORIENTED_EDGE('',*,*,#48,.F.);
#48 = EDGE_CURVE('',#49,#22,#51,.T.);
#49 = VERTEX_POINT('',#50);
#50 = CARTESIAN_POINT('',(40.175739756224,19.357888298496,1.248163386));
#51 = ELLIPSE('',#52,2.792423182686,2.75);
#52 = AXIS2_PLACEMENT_3D('',#53,#54,#55);
#53 = CARTESIAN_POINT('',(38.232701174927,21.303935849712,0.905022696979
    ));
#54 = DIRECTION('',(0.,-0.173648177667,-0.984807753012));
#55 = DIRECTION('',(0.,-0.984807753012,0.173648177667));
#56 = ORIENTED_EDGE('',*,*,#57,.F.);
#57 = EDGE_CURVE('',#58,#49,#60,.T.);
#58 = VERTEX_POINT('',#59);
#59 = CARTESIAN_POINT('',(40.667064075053,20.024726222446,1.552087628083
    ));
#60 = B_SPLINE_CURVE_WITH_KNOTS('',3,(#61,#62,#63,#64),.UNSPECIFIED.,.F.
  ,.F.,(4,4),(1.671040720654,1.75582539352),.PIECEWISE_BEZIER_KNOTS.);
#61 = CARTESIAN_POINT('',(40.667064075053,20.024726222446,1.552087628083
    ));
#62 = CARTESIAN_POINT('',(40.543534986653,19.789647761905,1.449749310706
    ));
#63 = CARTESIAN_POINT('',(40.376886203678,19.558723734223,1.347354263722
    ));
#64 = CARTESIAN_POINT('',(40.175739756224,19.357888298496,1.248163386));
#65 = ORIENTED_EDGE('',*,*,#66,.F.);
#66 = EDGE_CURVE('',#24,#58,#67,.T.);
#67 = ELLIPSE('',#68,2.949089302925,2.75);
#68 = AXIS2_PLACEMENT_3D('',#69,#70,#71);
#69 = CARTESIAN_POINT('',(38.232701174927,21.303935849712,1.444757552037
    ));
#70 = DIRECTION('',(0.199376882588,0.301179196946,-0.932491260021));
#71 = DIRECTION('',(0.514731564372,0.777554735472,0.36119253866));
#72 = CYLINDRICAL_SURFACE('',#73,2.75);
#73 = AXIS2_PLACEMENT_3D('',#74,#75,#76);
#74 = CARTESIAN_POINT('',(38.232701174927,21.303935849712,
    -1.838518617434));
#75 = DIRECTION('',(0.,0.,-1.));
#76 = DIRECTION('',(1.,0.,0.));
#77 = ADVANCED_FACE('',(#78,#81),#92,.T.);
#78 = FACE_BOUND('',#79,.T.);
#79 = EDGE_LOOP('',(#80));
#80 = ORIENTED_EDGE('',*,*,#40,.T.);
#81 = FACE_BOUND('',#82,.T.);
#82 = EDGE_LOOP('',(#83));
#83 = ORIENTED_EDGE('',*,*,#84,.T.);
#84 = EDGE_CURVE('',#85,#85,#87,.T.);
#85 = VERTEX_POINT('',#86);
#86 = CARTESIAN_POINT('',(39.732701174927,21.303935849712,3.161481382566
    ));
#87 = CIRCLE('',#88,1.5);
#88 = AXIS2_PLACEMENT_3D('',#89,#90,#91);
#89 = CARTESIAN_POINT('',(38.232701174927,21.303935849712,3.161481382566
    ));
#90 = DIRECTION('',(0.,0.,1.));
#91 = DIRECTION('',(-1.,0.,0.));
#92 = PLANE('',#93);
#93 = AXIS2_PLACEMENT_3D('',#94,#95,#96);
#94 = CARTESIAN_POINT('',(38.232701174927,21.303935849712,3.161481382566
    ));
#95 = DIRECTION('',(0.,0.,-1.));
#96 = DIRECTION('',(1.,0.,0.));
#97 = ADVANCED_FACE('',(#98),#125,.F.);
#98 = FACE_BOUND('',#99,.F.);
#99 = EDGE_LOOP('',(#100,#110,#117,#118));
#100 = ORIENTED_EDGE('',*,*,#101,.T.);
#101 = EDGE_CURVE('',#102,#104,#106,.T.);
#102 = VERTEX_POINT('',#103);
#103 = CARTESIAN_POINT('',(40.982701174927,21.303935849712,
    9.661481382566));
#104 = VERTEX_POINT('',#105);
#105 = CARTESIAN_POINT('',(40.982701174927,21.303935849712,
    8.661481382566));
#106 = LINE('',#107,#108);
#107 = CARTESIAN_POINT('',(40.982701174927,21.303935849712,
    9.161481382566));
#108 = VECTOR('',#109,1.);
#109 = DIRECTION('',(0.,0.,-1.));
#110 = ORIENTED_EDGE('',*,*,#111,.T.);
#111 = EDGE_CURVE('',#104,#104,#112,.T.);
#112 = CIRCLE('',#113,2.75);
#113 = AXIS2_PLACEMENT_3D('',#114,#115,#116);
#114 = CARTESIAN_POINT('',(38.232701174927,21.303935849712,
    8.661481382566));
#115 = DIRECTION('',(0.,0.,1.));
#116 = DIRECTION('',(-1.,0.,0.));
#117 = ORIENTED_EDGE('',*,*,#101,.F.);
#118 = ORIENTED_EDGE('',*,*,#119,.F.);
#119 = EDGE_CURVE('',#102,#102,#120,.T.);
#120 = CIRCLE('',#121,2.75);
#121 = AXIS2_PLACEMENT_3D('',#122,#123,#124);
#122 = CARTESIAN_POINT('',(38.232701174927,21.303935849712,
    9.661481382566));
#123 = DIRECTION('',(0.,0.,1.));
#124 = DIRECTION('',(-1.,0.,0.));
#125 = CYLINDRICAL_SURFACE('',#126,2.75);
#126 = AXIS2_PLACEMENT_3D('',#127,#128,#129);
#127 = CARTESIAN_POINT('',(38.232701174927,21.303935849712,
    9.161481382566));
#128 = DIRECTION('',(0.,0.,1.));
#129 = DIRECTION('',(-1.,0.,0.));
#130 = ADVANCED_FACE('',(#131,#134),#145,.T.);
#131 = FACE_BOUND('',#132,.T.);
#132 = EDGE_LOOP('',(#133));
#133 = ORIENTED_EDGE('',*,*,#111,.T.);
#134 = FACE_BOUND('',#135,.T.);
#135 = EDGE_LOOP('',(#136));
#136 = ORIENTED_EDGE('',*,*,#137,.T.);
#137 = EDGE_CURVE('',#138,#138,#140,.T.);
#138 = VERTEX_POINT('',#139);
#139 = CARTESIAN_POINT('',(39.732701174927,21.303935849712,
    8.661481382566));
#140 = CIRCLE('',#141,1.5);
#141 = AXIS2_PLACEMENT_3D('',#142,#143,#144);
#142 = CARTESIAN_POINT('',(38.232701174927,21.303935849712,
    8.661481382566));
#143 = DIRECTION('',(0.,0.,-1.));
#144 = DIRECTION('',(-1.,0.,0.));
#145 = PLANE('',#146);
#146 = AXIS2_PLACEMENT_3D('',#147,#148,#149);
#147 = CARTESIAN_POINT('',(38.232701174927,21.303935849712,
    8.661481382566));
#148 = DIRECTION('',(0.,0.,1.));
#149 = DIRECTION('',(-1.,0.,0.));
#150 = ADVANCED_FACE('',(#151),#170,.F.);
#151 = FACE_BOUND('',#152,.F.);
#152 = EDGE_LOOP('',(#153,#161,#162,#163));
#153 = ORIENTED_EDGE('',*,*,#154,.T.);
#154 = EDGE_CURVE('',#155,#138,#157,.T.);
#155 = VERTEX_POINT('',#156);
#156 = CARTESIAN_POINT('',(39.732701174927,21.303935849712,
    7.661481382566));
#157 = LINE('',#158,#159);
#158 = CARTESIAN_POINT('',(39.732701174927,21.303935849712,
    -3.338518617434));
#159 = VECTOR('',#160,1.);
#160 = DIRECTION('',(0.,0.,1.));
#161 = ORIENTED_EDGE('',*,*,#137,.T.);
#162 = ORIENTED_EDGE('',*,*,#154,.F.);
#163 = ORIENTED_EDGE('',*,*,#164,.F.);
#164 = EDGE_CURVE('',#155,#155,#165,.T.);
#165 = CIRCLE('',#166,1.5);
#166 = AXIS2_PLACEMENT_3D('',#167,#168,#169);
#167 = CARTESIAN_POINT('',(38.232701174927,21.303935849712,
    7.661481382566));
#168 = DIRECTION('',(0.,0.,-1.));
#169 = DIRECTION('',(-1.,0.,0.));
#170 = CYLINDRICAL_SURFACE('',#171,1.5);
#171 = AXIS2_PLACEMENT_3D('',#172,#173,#174);
#172 = CARTESIAN_POINT('',(38.232701174927,21.303935849712,
    -3.338518617434));
#173 = DIRECTION('',(0.,0.,-1.));
#174 = DIRECTION('',(-1.,0.,0.));
#175 = ADVANCED_FACE('',(#176),#195,.F.);
#176 = FACE_BOUND('',#177,.F.);
#177 = EDGE_LOOP('',(#178,#186,#193,#194));
#178 = ORIENTED_EDGE('',*,*,#179,.T.);
#179 = EDGE_CURVE('',#85,#180,#182,.T.);
#180 = VERTEX_POINT('',#181);
#181 = CARTESIAN_POINT('',(39.732701174927,21.303935849712,
    4.661481382566));
#182 = LINE('',#183,#184);
#183 = CARTESIAN_POINT('',(39.732701174927,21.303935849712,
    -3.338518617434));
#184 = VECTOR('',#185,1.);
#185 = DIRECTION('',(0.,0.,1.));
#186 = ORIENTED_EDGE('',*,*,#187,.F.);
#187 = EDGE_CURVE('',#180,#180,#188,.T.);
#188 = CIRCLE('',#189,1.5);
#189 = AXIS2_PLACEMENT_3D('',#190,#191,#192);
#190 = CARTESIAN_POINT('',(38.232701174927,21.303935849712,
    4.661481382566));
#191 = DIRECTION('',(0.,0.,1.));
#192 = DIRECTION('',(-1.,0.,0.));
#193 = ORIENTED_EDGE('',*,*,#179,.F.);
#194 = ORIENTED_EDGE('',*,*,#84,.T.);
#195 = CYLINDRICAL_SURFACE('',#196,1.5);
#196 = AXIS2_PLACEMENT_3D('',#197,#198,#199);
#197 = CARTESIAN_POINT('',(38.232701174927,21.303935849712,
    -3.338518617434));
#198 = DIRECTION('',(0.,0.,-1.));
#199 = DIRECTION('',(-1.,0.,0.));
#200 = ADVANCED_FACE('',(#201),#243,.F.);
#201 = FACE_BOUND('',#202,.T.);
#202 = EDGE_LOOP('',(#203,#204,#212,#220,#228,#237));
#203 = ORIENTED_EDGE('',*,*,#66,.F.);
#204 = ORIENTED_EDGE('',*,*,#205,.F.);
#205 = EDGE_CURVE('',#206,#24,#208,.T.);
#206 = VERTEX_POINT('',#207);
#207 = CARTESIAN_POINT('',(23.821984551554,26.393825591448,
    7.537806680267E-03));
#208 = LINE('',#209,#210);
#209 = CARTESIAN_POINT('',(40.374869322824,19.305671854638,
    1.257370553889));
#210 = VECTOR('',#211,1.);
#211 = DIRECTION('',(0.917058032382,-0.392695799489,6.924286466079E-02)
  );
#212 = ORIENTED_EDGE('',*,*,#213,.F.);
#213 = EDGE_CURVE('',#214,#206,#216,.T.);
#214 = VERTEX_POINT('',#215);
#215 = CARTESIAN_POINT('',(23.821984551554,31.76321181477,1.74176042105)
  );
#216 = LINE('',#217,#218);
#217 = CARTESIAN_POINT('',(23.821984551554,28.385793677444,
    0.650910430321));
#218 = VECTOR('',#219,1.);
#219 = DIRECTION('',(0.,-0.951596574789,-0.307349896453));
#220 = ORIENTED_EDGE('',*,*,#221,.F.);
#221 = EDGE_CURVE('',#222,#214,#224,.T.);
#222 = VERTEX_POINT('',#223);
#223 = CARTESIAN_POINT('',(44.95879250251,22.712164439521,3.337704276977
    ));
#224 = LINE('',#225,#226);
#225 = CARTESIAN_POINT('',(42.198396002897,23.894200986876,
    3.129279341495));
#226 = VECTOR('',#227,1.);
#227 = DIRECTION('',(-0.917058032382,0.392695799489,-6.924286466079E-02)
  );
#228 = ORIENTED_EDGE('',*,*,#229,.F.);
#229 = EDGE_CURVE('',#230,#222,#232,.T.);
#230 = VERTEX_POINT('',#231);
#231 = CARTESIAN_POINT('',(45.930140000617,21.826119236105,
    3.259211158727));
#232 = ELLIPSE('',#233,2.144792220309,2.);
#233 = AXIS2_PLACEMENT_3D('',#234,#235,#236);
#234 = CARTESIAN_POINT('',(44.171511296725,20.873635597479,
    2.575560605281));
#235 = DIRECTION('',(-0.199376882588,-0.301179196946,0.932491260021));
#236 = DIRECTION('',(0.514731564372,0.777554735472,0.36119253866));
#237 = ORIENTED_EDGE('',*,*,#238,.T.);
#238 = EDGE_CURVE('',#230,#58,#239,.T.);
#239 = LINE('',#240,#241);
#240 = CARTESIAN_POINT('',(36.512148250939,18.602623170209,
    0.204405270559));
#241 = VECTOR('',#242,1.);
#242 = DIRECTION('',(-0.904484088876,-0.309577771955,-0.293377122628));
#243 = PLANE('',#244);
#244 = AXIS2_PLACEMENT_3D('',#245,#246,#247);
#245 = CARTESIAN_POINT('',(41.28663266286,21.599936420757,2.193324947692
    ));
#246 = DIRECTION('',(-0.199376882588,-0.301179196946,0.932491260021));
#247 = DIRECTION('',(0.977897423547,2.775557561563E-17,0.209085219516));
#248 = ADVANCED_FACE('',(#249),#285,.F.);
#249 = FACE_BOUND('',#250,.F.);
#250 = EDGE_LOOP('',(#251,#261,#270,#278));
#251 = ORIENTED_EDGE('',*,*,#252,.F.);
#252 = EDGE_CURVE('',#253,#255,#257,.T.);
#253 = VERTEX_POINT('',#254);
#254 = CARTESIAN_POINT('',(29.837924590253,17.472210167216,
    8.161481382566));
#255 = VERTEX_POINT('',#256);
#256 = CARTESIAN_POINT('',(29.837924590253,17.472210167216,
    7.661481382566));
#257 = LINE('',#258,#259);
#258 = CARTESIAN_POINT('',(29.837924590253,17.472210167216,
    9.661481382566));
#259 = VECTOR('',#260,1.);
#260 = DIRECTION('',(0.,0.,-1.));
#261 = ORIENTED_EDGE('',*,*,#262,.T.);
#262 = EDGE_CURVE('',#253,#263,#265,.T.);
#263 = VERTEX_POINT('',#264);
#264 = CARTESIAN_POINT('',(28.849637235807,17.802806739962,
    8.161481382566));
#265 = CIRCLE('',#266,1.);
#266 = AXIS2_PLACEMENT_3D('',#267,#268,#269);
#267 = CARTESIAN_POINT('',(29.614548433924,18.446942485744,
    8.161481382566));
#268 = DIRECTION('',(0.,0.,-1.));
#269 = DIRECTION('',(0.223376156329,-0.974732318528,0.));
#270 = ORIENTED_EDGE('',*,*,#271,.T.);
#271 = EDGE_CURVE('',#263,#272,#274,.T.);
#272 = VERTEX_POINT('',#273);
#273 = CARTESIAN_POINT('',(28.849637235807,17.802806739962,
    7.661481382566));
#274 = LINE('',#275,#276);
#275 = CARTESIAN_POINT('',(28.849637235807,17.802806739962,
    9.661481382566));
#276 = VECTOR('',#277,1.);
#277 = DIRECTION('',(0.,0.,-1.));
#278 = ORIENTED_EDGE('',*,*,#279,.T.);
#279 = EDGE_CURVE('',#272,#255,#280,.T.);
#280 = CIRCLE('',#281,1.);
#281 = AXIS2_PLACEMENT_3D('',#282,#283,#284);
#282 = CARTESIAN_POINT('',(29.614548433924,18.446942485744,
    7.661481382566));
#283 = DIRECTION('',(0.,0.,1.));
#284 = DIRECTION('',(0.223376156329,-0.974732318528,0.));
#285 = CYLINDRICAL_SURFACE('',#286,1.);
#286 = AXIS2_PLACEMENT_3D('',#287,#288,#289);
#287 = CARTESIAN_POINT('',(29.614548433924,18.446942485744,
    9.661481382566));
#288 = DIRECTION('',(0.,0.,1.));
#289 = DIRECTION('',(0.223376156329,-0.974732318528,0.));
#290 = ADVANCED_FACE('',(#291),#327,.F.);
#291 = FACE_BOUND('',#292,.F.);
#292 = EDGE_LOOP('',(#293,#303,#312,#320));
#293 = ORIENTED_EDGE('',*,*,#294,.T.);
#294 = EDGE_CURVE('',#295,#297,#299,.T.);
#295 = VERTEX_POINT('',#296);
#296 = CARTESIAN_POINT('',(28.849637235807,17.802806739962,
    4.661481382566));
#297 = VERTEX_POINT('',#298);
#298 = CARTESIAN_POINT('',(28.849637235807,17.802806739962,
    3.161481382566));
#299 = LINE('',#300,#301);
#300 = CARTESIAN_POINT('',(28.849637235807,17.802806739962,
    9.661481382566));
#301 = VECTOR('',#302,1.);
#302 = DIRECTION('',(0.,0.,-1.));
#303 = ORIENTED_EDGE('',*,*,#304,.T.);
#304 = EDGE_CURVE('',#297,#305,#307,.T.);
#305 = VERTEX_POINT('',#306);
#306 = CARTESIAN_POINT('',(29.837924590253,17.472210167216,
    3.161481382566));
#307 = CIRCLE('',#308,1.);
#308 = AXIS2_PLACEMENT_3D('',#309,#310,#311);
#309 = CARTESIAN_POINT('',(29.614548433924,18.446942485744,
    3.161481382566));
#310 = DIRECTION('',(0.,0.,1.));
#311 = DIRECTION('',(0.223376156329,-0.974732318528,0.));
#312 = ORIENTED_EDGE('',*,*,#313,.F.);
#313 = EDGE_CURVE('',#314,#305,#316,.T.);
#314 = VERTEX_POINT('',#315);
#315 = CARTESIAN_POINT('',(29.837924590253,17.472210167216,
    4.661481382566));
#316 = LINE('',#317,#318);
#317 = CARTESIAN_POINT('',(29.837924590253,17.472210167216,
    9.661481382566));
#318 = VECTOR('',#319,1.);
#319 = DIRECTION('',(0.,0.,-1.));
#320 = ORIENTED_EDGE('',*,*,#321,.T.);
#321 = EDGE_CURVE('',#314,#295,#322,.T.);
#322 = CIRCLE('',#323,1.);
#323 = AXIS2_PLACEMENT_3D('',#324,#325,#326);
#324 = CARTESIAN_POINT('',(29.614548433924,18.446942485744,
    4.661481382566));
#325 = DIRECTION('',(0.,0.,-1.));
#326 = DIRECTION('',(0.223376156329,-0.974732318528,0.));
#327 = CYLINDRICAL_SURFACE('',#328,1.);
#328 = AXIS2_PLACEMENT_3D('',#329,#330,#331);
#329 = CARTESIAN_POINT('',(29.614548433924,18.446942485744,
    9.661481382566));
#330 = DIRECTION('',(0.,0.,1.));
#331 = DIRECTION('',(0.223376156329,-0.974732318528,0.));
#332 = ADVANCED_FACE('',(#333),#374,.F.);
#333 = FACE_BOUND('',#334,.T.);
#334 = EDGE_LOOP('',(#335,#343,#351,#359,#367,#373));
#335 = ORIENTED_EDGE('',*,*,#336,.F.);
#336 = EDGE_CURVE('',#337,#272,#339,.T.);
#337 = VERTEX_POINT('',#338);
#338 = CARTESIAN_POINT('',(27.872898973648,18.962683426275,
    7.661481382566));
#339 = LINE('',#340,#341);
#340 = CARTESIAN_POINT('',(28.507574216022,18.209006575956,
    7.661481382566));
#341 = VECTOR('',#342,1.);
#342 = DIRECTION('',(0.644135745783,-0.764911198117,0.));
#343 = ORIENTED_EDGE('',*,*,#344,.F.);
#344 = EDGE_CURVE('',#345,#337,#347,.T.);
#345 = VERTEX_POINT('',#346);
#346 = CARTESIAN_POINT('',(27.872898973648,18.962683426275,
    9.661481382566));
#347 = LINE('',#348,#349);
#348 = CARTESIAN_POINT('',(27.872898973648,18.962683426275,
    9.661481382566));
#349 = VECTOR('',#350,1.);
#350 = DIRECTION('',(0.,0.,-1.));
#351 = ORIENTED_EDGE('',*,*,#352,.T.);
#352 = EDGE_CURVE('',#345,#353,#355,.T.);
#353 = VERTEX_POINT('',#354);
#354 = CARTESIAN_POINT('',(28.035619381754,18.769452941649,
    9.661481382566));
#355 = LINE('',#356,#357);
#356 = CARTESIAN_POINT('',(30.598182932174,15.726408725526,
    9.661481382566));
#357 = VECTOR('',#358,1.);
#358 = DIRECTION('',(0.644135745783,-0.764911198117,0.));
#359 = ORIENTED_EDGE('',*,*,#360,.F.);
#360 = EDGE_CURVE('',#361,#353,#363,.T.);
#361 = VERTEX_POINT('',#362);
#362 = CARTESIAN_POINT('',(28.035619381754,18.769452941649,
    8.161481382566));
#363 = LINE('',#364,#365);
#364 = CARTESIAN_POINT('',(28.035619381754,18.769452941649,
    9.661481382566));
#365 = VECTOR('',#366,1.);
#366 = DIRECTION('',(0.,0.,1.));
#367 = ORIENTED_EDGE('',*,*,#368,.F.);
#368 = EDGE_CURVE('',#263,#361,#369,.T.);
#369 = LINE('',#370,#371);
#370 = CARTESIAN_POINT('',(29.725919340611,16.762221740507,
    8.161481382566));
#371 = VECTOR('',#372,1.);
#372 = DIRECTION('',(-0.644135745783,0.764911198117,0.));
#373 = ORIENTED_EDGE('',*,*,#271,.T.);
#374 = PLANE('',#375);
#375 = AXIS2_PLACEMENT_3D('',#376,#377,#378);
#376 = CARTESIAN_POINT('',(28.849637235807,17.802806739962,
    9.661481382566));
#377 = DIRECTION('',(-0.764911198117,-0.644135745783,0.));
#378 = DIRECTION('',(-0.644135745783,0.764911198117,0.));
#379 = ADVANCED_FACE('',(#380),#421,.F.);
#380 = FACE_BOUND('',#381,.T.);
#381 = EDGE_LOOP('',(#382,#390,#391,#399,#407,#415));
#382 = ORIENTED_EDGE('',*,*,#383,.F.);
#383 = EDGE_CURVE('',#295,#384,#386,.T.);
#384 = VERTEX_POINT('',#385);
#385 = CARTESIAN_POINT('',(27.872898973648,18.962683426275,
    4.661481382566));
#386 = LINE('',#387,#388);
#387 = CARTESIAN_POINT('',(28.507574216022,18.209006575956,
    4.661481382566));
#388 = VECTOR('',#389,1.);
#389 = DIRECTION('',(-0.644135745783,0.764911198117,0.));
#390 = ORIENTED_EDGE('',*,*,#294,.T.);
#391 = ORIENTED_EDGE('',*,*,#392,.F.);
#392 = EDGE_CURVE('',#393,#297,#395,.T.);
#393 = VERTEX_POINT('',#394);
#394 = CARTESIAN_POINT('',(28.035619381754,18.769452941649,
    3.161481382566));
#395 = LINE('',#396,#397);
#396 = CARTESIAN_POINT('',(29.725919340611,16.762221740507,
    3.161481382566));
#397 = VECTOR('',#398,1.);
#398 = DIRECTION('',(0.644135745783,-0.764911198117,0.));
#399 = ORIENTED_EDGE('',*,*,#400,.F.);
#400 = EDGE_CURVE('',#401,#393,#403,.T.);
#401 = VERTEX_POINT('',#402);
#402 = CARTESIAN_POINT('',(28.035619381754,18.769452941649,
    1.351920415815));
#403 = LINE('',#404,#405);
#404 = CARTESIAN_POINT('',(28.035619381754,18.769452941649,
    5.411481382566));
#405 = VECTOR('',#406,1.);
#406 = DIRECTION('',(0.,0.,1.));
#407 = ORIENTED_EDGE('',*,*,#408,.F.);
#408 = EDGE_CURVE('',#409,#401,#411,.T.);
#409 = VERTEX_POINT('',#410);
#410 = CARTESIAN_POINT('',(27.872898973648,18.962683426275,
    1.317848667881));
#411 = LINE('',#412,#413);
#412 = CARTESIAN_POINT('',(30.988824387354,15.2625219975,1.97028696075)
  );
#413 = VECTOR('',#414,1.);
#414 = DIRECTION('',(0.638355709116,-0.758047404575,0.133664210083));
#415 = ORIENTED_EDGE('',*,*,#416,.F.);
#416 = EDGE_CURVE('',#384,#409,#417,.T.);
#417 = LINE('',#418,#419);
#418 = CARTESIAN_POINT('',(27.872898973648,18.962683426275,
    9.661481382566));
#419 = VECTOR('',#420,1.);
#420 = DIRECTION('',(0.,0.,-1.));
#421 = PLANE('',#422);
#422 = AXIS2_PLACEMENT_3D('',#423,#424,#425);
#423 = CARTESIAN_POINT('',(28.849637235807,17.802806739962,
    9.661481382566));
#424 = DIRECTION('',(-0.764911198117,-0.644135745783,0.));
#425 = DIRECTION('',(-0.644135745783,0.764911198117,0.));
#426 = ADVANCED_FACE('',(#427),#452,.F.);
#427 = FACE_BOUND('',#428,.T.);
#428 = EDGE_LOOP('',(#429,#437,#438,#446));
#429 = ORIENTED_EDGE('',*,*,#430,.F.);
#430 = EDGE_CURVE('',#255,#431,#433,.T.);
#431 = VERTEX_POINT('',#432);
#432 = CARTESIAN_POINT('',(30.78290779202,17.688768817621,7.661481382566
    ));
#433 = LINE('',#434,#435);
#434 = CARTESIAN_POINT('',(30.812592609848,17.695571588373,
    7.661481382566));
#435 = VECTOR('',#436,1.);
#436 = DIRECTION('',(0.974732318528,0.223376156329,0.));
#437 = ORIENTED_EDGE('',*,*,#252,.F.);
#438 = ORIENTED_EDGE('',*,*,#439,.F.);
#439 = EDGE_CURVE('',#440,#253,#442,.T.);
#440 = VERTEX_POINT('',#441);
#441 = CARTESIAN_POINT('',(30.78290779202,17.688768817621,8.161481382566
    ));
#442 = LINE('',#443,#444);
#443 = CARTESIAN_POINT('',(29.96345633555,17.500977858847,8.161481382566
    ));
#444 = VECTOR('',#445,1.);
#445 = DIRECTION('',(-0.974732318528,-0.223376156329,0.));
#446 = ORIENTED_EDGE('',*,*,#447,.T.);
#447 = EDGE_CURVE('',#440,#431,#448,.T.);
#448 = LINE('',#449,#450);
#449 = CARTESIAN_POINT('',(30.78290779202,17.688768817621,9.661481382566
    ));
#450 = VECTOR('',#451,1.);
#451 = DIRECTION('',(0.,0.,-1.));
#452 = PLANE('',#453);
#453 = AXIS2_PLACEMENT_3D('',#454,#455,#456);
#454 = CARTESIAN_POINT('',(30.78290779202,17.688768817621,9.661481382566
    ));
#455 = DIRECTION('',(0.223376156329,-0.974732318528,0.));
#456 = DIRECTION('',(-0.974732318528,-0.223376156329,0.));
#457 = ADVANCED_FACE('',(#458),#485,.F.);
#458 = FACE_BOUND('',#459,.F.);
#459 = EDGE_LOOP('',(#460,#461,#470,#478));
#460 = ORIENTED_EDGE('',*,*,#344,.F.);
#461 = ORIENTED_EDGE('',*,*,#462,.F.);
#462 = EDGE_CURVE('',#463,#345,#465,.T.);
#463 = VERTEX_POINT('',#464);
#464 = CARTESIAN_POINT('',(27.870166467007,20.247696026489,
    9.661481382566));
#465 = CIRCLE('',#466,1.);
#466 = AXIS2_PLACEMENT_3D('',#467,#468,#469);
#467 = CARTESIAN_POINT('',(28.637810171765,19.606819172058,
    9.661481382566));
#468 = DIRECTION('',(0.,0.,1.));
#469 = DIRECTION('',(-0.764911198117,-0.644135745783,0.));
#470 = ORIENTED_EDGE('',*,*,#471,.T.);
#471 = EDGE_CURVE('',#463,#472,#474,.T.);
#472 = VERTEX_POINT('',#473);
#473 = CARTESIAN_POINT('',(27.870166467007,20.247696026489,
    7.661481382566));
#474 = LINE('',#475,#476);
#475 = CARTESIAN_POINT('',(27.870166467007,20.247696026489,
    9.661481382566));
#476 = VECTOR('',#477,1.);
#477 = DIRECTION('',(0.,0.,-1.));
#478 = ORIENTED_EDGE('',*,*,#479,.T.);
#479 = EDGE_CURVE('',#472,#337,#480,.T.);
#480 = CIRCLE('',#481,1.);
#481 = AXIS2_PLACEMENT_3D('',#482,#483,#484);
#482 = CARTESIAN_POINT('',(28.637810171765,19.606819172058,
    7.661481382566));
#483 = DIRECTION('',(0.,0.,1.));
#484 = DIRECTION('',(-0.764911198117,-0.644135745783,0.));
#485 = CYLINDRICAL_SURFACE('',#486,1.);
#486 = AXIS2_PLACEMENT_3D('',#487,#488,#489);
#487 = CARTESIAN_POINT('',(28.637810171765,19.606819172058,
    9.661481382566));
#488 = DIRECTION('',(0.,0.,1.));
#489 = DIRECTION('',(-0.764911198117,-0.644135745783,0.));
#490 = ADVANCED_FACE('',(#491),#518,.F.);
#491 = FACE_BOUND('',#492,.F.);
#492 = EDGE_LOOP('',(#493,#503,#510,#511));
#493 = ORIENTED_EDGE('',*,*,#494,.T.);
#494 = EDGE_CURVE('',#495,#497,#499,.T.);
#495 = VERTEX_POINT('',#496);
#496 = CARTESIAN_POINT('',(27.870166467007,20.247696026489,
    4.661481382566));
#497 = VERTEX_POINT('',#498);
#498 = CARTESIAN_POINT('',(27.870166467007,20.247696026489,
    1.091266275912));
#499 = LINE('',#500,#501);
#500 = CARTESIAN_POINT('',(27.870166467007,20.247696026489,
    9.661481382566));
#501 = VECTOR('',#502,1.);
#502 = DIRECTION('',(0.,0.,-1.));
#503 = ORIENTED_EDGE('',*,*,#504,.T.);
#504 = EDGE_CURVE('',#497,#409,#505,.T.);
#505 = ELLIPSE('',#506,1.015426611886,1.);
#506 = AXIS2_PLACEMENT_3D('',#507,#508,#509);
#507 = CARTESIAN_POINT('',(28.637810171765,19.606819172058,1.20427015666
    ));
#508 = DIRECTION('',(0.,0.173648177667,0.984807753012));
#509 = DIRECTION('',(6.833476513897E-17,-0.984807753012,0.173648177667)
  );
#510 = ORIENTED_EDGE('',*,*,#416,.F.);
#511 = ORIENTED_EDGE('',*,*,#512,.T.);
#512 = EDGE_CURVE('',#384,#495,#513,.T.);
#513 = CIRCLE('',#514,1.);
#514 = AXIS2_PLACEMENT_3D('',#515,#516,#517);
#515 = CARTESIAN_POINT('',(28.637810171765,19.606819172058,
    4.661481382566));
#516 = DIRECTION('',(0.,0.,-1.));
#517 = DIRECTION('',(-0.764911198117,-0.644135745783,-0.));
#518 = CYLINDRICAL_SURFACE('',#519,1.);
#519 = AXIS2_PLACEMENT_3D('',#520,#521,#522);
#520 = CARTESIAN_POINT('',(28.637810171765,19.606819172058,
    9.661481382566));
#521 = DIRECTION('',(0.,0.,1.));
#522 = DIRECTION('',(-0.764911198117,-0.644135745783,0.));
#523 = ADVANCED_FACE('',(#524),#568,.F.);
#524 = FACE_BOUND('',#525,.F.);
#525 = EDGE_LOOP('',(#526,#536,#545,#553,#560,#561));
#526 = ORIENTED_EDGE('',*,*,#527,.F.);
#527 = EDGE_CURVE('',#528,#530,#532,.T.);
#528 = VERTEX_POINT('',#529);
#529 = CARTESIAN_POINT('',(31.559043752217,18.632267677857,
    9.661481382566));
#530 = VERTEX_POINT('',#531);
#531 = CARTESIAN_POINT('',(31.559043752217,18.632267677857,
    7.661481382566));
#532 = LINE('',#533,#534);
#533 = CARTESIAN_POINT('',(31.559043752217,18.632267677857,
    9.661481382566));
#534 = VECTOR('',#535,1.);
#535 = DIRECTION('',(0.,0.,-1.));
#536 = ORIENTED_EDGE('',*,*,#537,.F.);
#537 = EDGE_CURVE('',#538,#528,#540,.T.);
#538 = VERTEX_POINT('',#539);
#539 = CARTESIAN_POINT('',(31.335619381754,18.032876199749,
    9.661481382566));
#540 = CIRCLE('',#541,1.);
#541 = AXIS2_PLACEMENT_3D('',#542,#543,#544);
#542 = CARTESIAN_POINT('',(30.55953163569,18.663501136149,9.661481382566
    ));
#543 = DIRECTION('',(0.,0.,1.));
#544 = DIRECTION('',(0.999512116526,-3.123345829234E-02,0.));
#545 = ORIENTED_EDGE('',*,*,#546,.T.);
#546 = EDGE_CURVE('',#538,#547,#549,.T.);
#547 = VERTEX_POINT('',#548);
#548 = CARTESIAN_POINT('',(31.335619381754,18.032876199749,
    8.161481382566));
#549 = LINE('',#550,#551);
#550 = CARTESIAN_POINT('',(31.335619381754,18.032876199749,
    9.661481382566));
#551 = VECTOR('',#552,1.);
#552 = DIRECTION('',(0.,0.,-1.));
#553 = ORIENTED_EDGE('',*,*,#554,.T.);
#554 = EDGE_CURVE('',#547,#440,#555,.T.);
#555 = CIRCLE('',#556,1.);
#556 = AXIS2_PLACEMENT_3D('',#557,#558,#559);
#557 = CARTESIAN_POINT('',(30.55953163569,18.663501136149,8.161481382566
    ));
#558 = DIRECTION('',(0.,0.,-1.));
#559 = DIRECTION('',(0.999512116526,-3.123345829234E-02,0.));
#560 = ORIENTED_EDGE('',*,*,#447,.T.);
#561 = ORIENTED_EDGE('',*,*,#562,.T.);
#562 = EDGE_CURVE('',#431,#530,#563,.T.);
#563 = CIRCLE('',#564,1.);
#564 = AXIS2_PLACEMENT_3D('',#565,#566,#567);
#565 = CARTESIAN_POINT('',(30.55953163569,18.663501136149,7.661481382566
    ));
#566 = DIRECTION('',(0.,0.,1.));
#567 = DIRECTION('',(0.999512116526,-3.123345829234E-02,0.));
#568 = CYLINDRICAL_SURFACE('',#569,1.);
#569 = AXIS2_PLACEMENT_3D('',#570,#571,#572);
#570 = CARTESIAN_POINT('',(30.55953163569,18.663501136149,9.661481382566
    ));
#571 = DIRECTION('',(0.,0.,1.));
#572 = DIRECTION('',(0.999512116526,-3.123345829234E-02,0.));
#573 = ADVANCED_FACE('',(#574),#599,.F.);
#574 = FACE_BOUND('',#575,.T.);
#575 = EDGE_LOOP('',(#576,#584,#592,#598));
#576 = ORIENTED_EDGE('',*,*,#577,.F.);
#577 = EDGE_CURVE('',#578,#472,#580,.T.);
#578 = VERTEX_POINT('',#579);
#579 = CARTESIAN_POINT('',(28.741169196493,21.290985010159,
    7.661481382566));
#580 = LINE('',#581,#582);
#581 = CARTESIAN_POINT('',(28.382483513589,20.861350510857,
    7.661481382566));
#582 = VECTOR('',#583,1.);
#583 = DIRECTION('',(-0.640876854431,-0.767643704758,0.));
#584 = ORIENTED_EDGE('',*,*,#585,.F.);
#585 = EDGE_CURVE('',#586,#578,#588,.T.);
#586 = VERTEX_POINT('',#587);
#587 = CARTESIAN_POINT('',(28.741169196493,21.290985010159,
    9.661481382566));
#588 = LINE('',#589,#590);
#589 = CARTESIAN_POINT('',(28.741169196493,21.290985010159,
    9.661481382566));
#590 = VECTOR('',#591,1.);
#591 = DIRECTION('',(0.,0.,-1.));
#592 = ORIENTED_EDGE('',*,*,#593,.T.);
#593 = EDGE_CURVE('',#586,#463,#594,.T.);
#594 = LINE('',#595,#596);
#595 = CARTESIAN_POINT('',(28.259710489304,20.714292712538,
    9.661481382566));
#596 = VECTOR('',#597,1.);
#597 = DIRECTION('',(-0.640876854431,-0.767643704758,0.));
#598 = ORIENTED_EDGE('',*,*,#471,.T.);
#599 = PLANE('',#600);
#600 = AXIS2_PLACEMENT_3D('',#601,#602,#603);
#601 = CARTESIAN_POINT('',(27.870166467007,20.247696026489,
    9.661481382566));
#602 = DIRECTION('',(-0.767643704758,0.640876854431,0.));
#603 = DIRECTION('',(0.640876854431,0.767643704758,0.));
#604 = ADVANCED_FACE('',(#605),#630,.F.);
#605 = FACE_BOUND('',#606,.T.);
#606 = EDGE_LOOP('',(#607,#615,#616,#624));
#607 = ORIENTED_EDGE('',*,*,#608,.F.);
#608 = EDGE_CURVE('',#495,#609,#611,.T.);
#609 = VERTEX_POINT('',#610);
#610 = CARTESIAN_POINT('',(28.741169196493,21.290985010159,
    4.661481382566));
#611 = LINE('',#612,#613);
#612 = CARTESIAN_POINT('',(28.382483513589,20.861350510857,
    4.661481382566));
#613 = VECTOR('',#614,1.);
#614 = DIRECTION('',(0.640876854431,0.767643704758,0.));
#615 = ORIENTED_EDGE('',*,*,#494,.T.);
#616 = ORIENTED_EDGE('',*,*,#617,.F.);
#617 = EDGE_CURVE('',#618,#497,#620,.T.);
#618 = VERTEX_POINT('',#619);
#619 = CARTESIAN_POINT('',(28.741169196493,21.290985010159,
    0.907306279416));
#620 = LINE('',#621,#622);
#621 = CARTESIAN_POINT('',(27.794785893193,20.157405009503,
    1.107187018323));
#622 = VECTOR('',#623,1.);
#623 = DIRECTION('',(-0.635085456376,-0.76070675544,0.134133125391));
#624 = ORIENTED_EDGE('',*,*,#625,.F.);
#625 = EDGE_CURVE('',#609,#618,#626,.T.);
#626 = LINE('',#627,#628);
#627 = CARTESIAN_POINT('',(28.741169196493,21.290985010159,
    9.661481382566));
#628 = VECTOR('',#629,1.);
#629 = DIRECTION('',(0.,0.,-1.));
#630 = PLANE('',#631);
#631 = AXIS2_PLACEMENT_3D('',#632,#633,#634);
#632 = CARTESIAN_POINT('',(27.870166467007,20.247696026489,
    9.661481382566));
#633 = DIRECTION('',(-0.767643704758,0.640876854431,0.));
#634 = DIRECTION('',(0.640876854431,0.767643704758,0.));
#635 = ADVANCED_FACE('',(#636),#661,.F.);
#636 = FACE_BOUND('',#637,.T.);
#637 = EDGE_LOOP('',(#638,#646,#647,#655));
#638 = ORIENTED_EDGE('',*,*,#639,.F.);
#639 = EDGE_CURVE('',#530,#640,#642,.T.);
#640 = VERTEX_POINT('',#641);
#641 = CARTESIAN_POINT('',(31.581306621565,19.344709042938,
    7.661481382566));
#642 = LINE('',#643,#644);
#643 = CARTESIAN_POINT('',(31.596450756847,19.829341470367,
    7.661481382566));
#644 = VECTOR('',#645,1.);
#645 = DIRECTION('',(3.123345829232E-02,0.999512116526,0.));
#646 = ORIENTED_EDGE('',*,*,#527,.F.);
#647 = ORIENTED_EDGE('',*,*,#648,.T.);
#648 = EDGE_CURVE('',#528,#649,#651,.T.);
#649 = VERTEX_POINT('',#650);
#650 = CARTESIAN_POINT('',(31.581306621565,19.344709042938,
    9.661481382566));
#651 = LINE('',#652,#653);
#652 = CARTESIAN_POINT('',(31.528916594651,17.668158652785,
    9.661481382566));
#653 = VECTOR('',#654,1.);
#654 = DIRECTION('',(3.123345829232E-02,0.999512116526,0.));
#655 = ORIENTED_EDGE('',*,*,#656,.T.);
#656 = EDGE_CURVE('',#649,#640,#657,.T.);
#657 = LINE('',#658,#659);
#658 = CARTESIAN_POINT('',(31.581306621565,19.344709042938,
    9.661481382566));
#659 = VECTOR('',#660,1.);
#660 = DIRECTION('',(0.,0.,-1.));
#661 = PLANE('',#662);
#662 = AXIS2_PLACEMENT_3D('',#663,#664,#665);
#663 = CARTESIAN_POINT('',(31.581306621565,19.344709042938,
    9.661481382566));
#664 = DIRECTION('',(0.999512116526,-3.123345829232E-02,0.));
#665 = DIRECTION('',(-3.123345829232E-02,-0.999512116526,0.));
#666 = ADVANCED_FACE('',(#667),#694,.F.);
#667 = FACE_BOUND('',#668,.F.);
#668 = EDGE_LOOP('',(#669,#670,#679,#687));
#669 = ORIENTED_EDGE('',*,*,#585,.F.);
#670 = ORIENTED_EDGE('',*,*,#671,.F.);
#671 = EDGE_CURVE('',#672,#586,#674,.T.);
#672 = VERTEX_POINT('',#673);
#673 = CARTESIAN_POINT('',(30.273724099368,21.294243901511,
    9.661481382566));
#674 = CIRCLE('',#675,1.);
#675 = AXIS2_PLACEMENT_3D('',#676,#677,#678);
#676 = CARTESIAN_POINT('',(29.508812901251,20.650108155728,
    9.661481382566));
#677 = DIRECTION('',(0.,0.,1.));
#678 = DIRECTION('',(-0.767643704758,0.640876854431,0.));
#679 = ORIENTED_EDGE('',*,*,#680,.T.);
#680 = EDGE_CURVE('',#672,#681,#683,.T.);
#681 = VERTEX_POINT('',#682);
#682 = CARTESIAN_POINT('',(30.273724099368,21.294243901511,
    7.661481382566));
#683 = LINE('',#684,#685);
#684 = CARTESIAN_POINT('',(30.273724099368,21.294243901511,
    9.661481382566));
#685 = VECTOR('',#686,1.);
#686 = DIRECTION('',(0.,0.,-1.));
#687 = ORIENTED_EDGE('',*,*,#688,.T.);
#688 = EDGE_CURVE('',#681,#578,#689,.T.);
#689 = CIRCLE('',#690,1.);
#690 = AXIS2_PLACEMENT_3D('',#691,#692,#693);
#691 = CARTESIAN_POINT('',(29.508812901251,20.650108155728,
    7.661481382566));
#692 = DIRECTION('',(0.,0.,1.));
#693 = DIRECTION('',(-0.767643704758,0.640876854431,0.));
#694 = CYLINDRICAL_SURFACE('',#695,1.);
#695 = AXIS2_PLACEMENT_3D('',#696,#697,#698);
#696 = CARTESIAN_POINT('',(29.508812901251,20.650108155728,
    9.661481382566));
#697 = DIRECTION('',(0.,0.,1.));
#698 = DIRECTION('',(-0.767643704758,0.640876854431,0.));
#699 = ADVANCED_FACE('',(#700),#727,.F.);
#700 = FACE_BOUND('',#701,.F.);
#701 = EDGE_LOOP('',(#702,#712,#719,#720));
#702 = ORIENTED_EDGE('',*,*,#703,.T.);
#703 = EDGE_CURVE('',#704,#706,#708,.T.);
#704 = VERTEX_POINT('',#705);
#705 = CARTESIAN_POINT('',(30.273724099368,21.294243901511,
    4.661481382566));
#706 = VERTEX_POINT('',#707);
#707 = CARTESIAN_POINT('',(30.273724099368,21.294243901511,
    0.906731648943));
#708 = LINE('',#709,#710);
#709 = CARTESIAN_POINT('',(30.273724099368,21.294243901511,
    9.661481382566));
#710 = VECTOR('',#711,1.);
#711 = DIRECTION('',(0.,0.,-1.));
#712 = ORIENTED_EDGE('',*,*,#713,.T.);
#713 = EDGE_CURVE('',#706,#618,#714,.T.);
#714 = ELLIPSE('',#715,1.015426611886,1.);
#715 = AXIS2_PLACEMENT_3D('',#716,#717,#718);
#716 = CARTESIAN_POINT('',(29.508812901251,20.650108155728,
    1.020310160163));
#717 = DIRECTION('',(0.,0.173648177667,0.984807753012));
#718 = DIRECTION('',(1.435030067918E-15,0.984807753012,-0.173648177667)
  );
#719 = ORIENTED_EDGE('',*,*,#625,.F.);
#720 = ORIENTED_EDGE('',*,*,#721,.T.);
#721 = EDGE_CURVE('',#609,#704,#722,.T.);
#722 = CIRCLE('',#723,1.);
#723 = AXIS2_PLACEMENT_3D('',#724,#725,#726);
#724 = CARTESIAN_POINT('',(29.508812901251,20.650108155728,
    4.661481382566));
#725 = DIRECTION('',(0.,0.,-1.));
#726 = DIRECTION('',(-0.767643704758,0.640876854431,0.));
#727 = CYLINDRICAL_SURFACE('',#728,1.);
#728 = AXIS2_PLACEMENT_3D('',#729,#730,#731);
#729 = CARTESIAN_POINT('',(29.508812901251,20.650108155728,
    9.661481382566));
#730 = DIRECTION('',(0.,0.,1.));
#731 = DIRECTION('',(-0.767643704758,0.640876854431,0.));
#732 = ADVANCED_FACE('',(#733),#760,.F.);
#733 = FACE_BOUND('',#734,.F.);
#734 = EDGE_LOOP('',(#735,#745,#752,#753));
#735 = ORIENTED_EDGE('',*,*,#736,.F.);
#736 = EDGE_CURVE('',#737,#739,#741,.T.);
#737 = VERTEX_POINT('',#738);
#738 = CARTESIAN_POINT('',(31.346705703155,20.020078247013,
    9.661481382566));
#739 = VERTEX_POINT('',#740);
#740 = CARTESIAN_POINT('',(31.346705703155,20.020078247013,
    7.661481382566));
#741 = LINE('',#742,#743);
#742 = CARTESIAN_POINT('',(31.346705703155,20.020078247013,
    9.661481382566));
#743 = VECTOR('',#744,1.);
#744 = DIRECTION('',(0.,0.,-1.));
#745 = ORIENTED_EDGE('',*,*,#746,.F.);
#746 = EDGE_CURVE('',#649,#737,#747,.T.);
#747 = CIRCLE('',#748,1.);
#748 = AXIS2_PLACEMENT_3D('',#749,#750,#751);
#749 = CARTESIAN_POINT('',(30.581794505038,19.375942501231,
    9.661481382566));
#750 = DIRECTION('',(0.,0.,1.));
#751 = DIRECTION('',(0.764911198117,0.644135745783,-0.));
#752 = ORIENTED_EDGE('',*,*,#656,.T.);
#753 = ORIENTED_EDGE('',*,*,#754,.T.);
#754 = EDGE_CURVE('',#640,#739,#755,.T.);
#755 = CIRCLE('',#756,1.);
#756 = AXIS2_PLACEMENT_3D('',#757,#758,#759);
#757 = CARTESIAN_POINT('',(30.581794505038,19.375942501231,
    7.661481382566));
#758 = DIRECTION('',(0.,0.,1.));
#759 = DIRECTION('',(0.764911198117,0.644135745783,-0.));
#760 = CYLINDRICAL_SURFACE('',#761,1.);
#761 = AXIS2_PLACEMENT_3D('',#762,#763,#764);
#762 = CARTESIAN_POINT('',(30.581794505038,19.375942501231,
    9.661481382566));
#763 = DIRECTION('',(0.,0.,1.));
#764 = DIRECTION('',(0.764911198117,0.644135745783,-0.));
#765 = ADVANCED_FACE('',(#766),#782,.F.);
#766 = FACE_BOUND('',#767,.T.);
#767 = EDGE_LOOP('',(#768,#774,#775,#781));
#768 = ORIENTED_EDGE('',*,*,#769,.F.);
#769 = EDGE_CURVE('',#739,#681,#770,.T.);
#770 = LINE('',#771,#772);
#771 = CARTESIAN_POINT('',(30.496353672808,21.029871283051,
    7.661481382566));
#772 = VECTOR('',#773,1.);
#773 = DIRECTION('',(-0.644135745783,0.764911198117,0.));
#774 = ORIENTED_EDGE('',*,*,#736,.F.);
#775 = ORIENTED_EDGE('',*,*,#776,.T.);
#776 = EDGE_CURVE('',#737,#672,#777,.T.);
#777 = LINE('',#778,#779);
#778 = CARTESIAN_POINT('',(32.586962388959,18.547273432621,
    9.661481382566));
#779 = VECTOR('',#780,1.);
#780 = DIRECTION('',(-0.644135745783,0.764911198117,0.));
#781 = ORIENTED_EDGE('',*,*,#680,.T.);
#782 = PLANE('',#783);
#783 = AXIS2_PLACEMENT_3D('',#784,#785,#786);
#784 = CARTESIAN_POINT('',(30.273724099368,21.294243901511,
    9.661481382566));
#785 = DIRECTION('',(0.764911198117,0.644135745783,0.));
#786 = DIRECTION('',(0.644135745783,-0.764911198117,0.));
#787 = ADVANCED_FACE('',(#788),#822,.T.);
#788 = FACE_BOUND('',#789,.T.);
#789 = EDGE_LOOP('',(#790,#800,#808,#816));
#790 = ORIENTED_EDGE('',*,*,#791,.T.);
#791 = EDGE_CURVE('',#792,#794,#796,.T.);
#792 = VERTEX_POINT('',#793);
#793 = CARTESIAN_POINT('',(44.2410454658,23.019512760411,7.661481382566)
  );
#794 = VERTEX_POINT('',#795);
#795 = CARTESIAN_POINT('',(44.2410454658,23.019512760411,5.661481382566)
  );
#796 = LINE('',#797,#798);
#797 = CARTESIAN_POINT('',(44.2410454658,23.019512760411,8.661481382566)
  );
#798 = VECTOR('',#799,1.);
#799 = DIRECTION('',(0.,0.,-1.));
#800 = ORIENTED_EDGE('',*,*,#801,.F.);
#801 = EDGE_CURVE('',#802,#794,#804,.T.);
#802 = VERTEX_POINT('',#803);
#803 = CARTESIAN_POINT('',(44.2410454658,18.512372523835,5.661481382566)
  );
#804 = LINE('',#805,#806);
#805 = CARTESIAN_POINT('',(44.2410454658,70.818159928794,5.661481382566)
  );
#806 = VECTOR('',#807,1.);
#807 = DIRECTION('',(0.,1.,0.));
#808 = ORIENTED_EDGE('',*,*,#809,.F.);
#809 = EDGE_CURVE('',#810,#802,#812,.T.);
#810 = VERTEX_POINT('',#811);
#811 = CARTESIAN_POINT('',(44.2410454658,18.512372523835,7.661481382566)
  );
#812 = LINE('',#813,#814);
#813 = CARTESIAN_POINT('',(44.2410454658,18.512372523835,7.661481382566)
  );
#814 = VECTOR('',#815,1.);
#815 = DIRECTION('',(0.,0.,-1.));
#816 = ORIENTED_EDGE('',*,*,#817,.T.);
#817 = EDGE_CURVE('',#810,#792,#818,.T.);
#818 = LINE('',#819,#820);
#819 = CARTESIAN_POINT('',(44.2410454658,18.512372523835,7.661481382566)
  );
#820 = VECTOR('',#821,1.);
#821 = DIRECTION('',(0.,1.,0.));
#822 = PLANE('',#823);
#823 = AXIS2_PLACEMENT_3D('',#824,#825,#826);
#824 = CARTESIAN_POINT('',(44.2410454658,18.512372523835,7.661481382566)
  );
#825 = DIRECTION('',(-1.,0.,0.));
#826 = DIRECTION('',(0.,1.,0.));
#827 = ADVANCED_FACE('',(#828),#864,.T.);
#828 = FACE_BOUND('',#829,.T.);
#829 = EDGE_LOOP('',(#830,#840,#849,#857));
#830 = ORIENTED_EDGE('',*,*,#831,.T.);
#831 = EDGE_CURVE('',#832,#834,#836,.T.);
#832 = VERTEX_POINT('',#833);
#833 = CARTESIAN_POINT('',(24.988843432161,17.783299901491,
    5.661481382566));
#834 = VERTEX_POINT('',#835);
#835 = CARTESIAN_POINT('',(25.749937554018,18.4319413569,4.661481382566)
  );
#836 = LINE('',#837,#838);
#837 = CARTESIAN_POINT('',(24.988843432161,17.783299901491,
    5.661481382566));
#838 = VECTOR('',#839,1.);
#839 = DIRECTION('',(0.538174814686,0.458658771678,-0.707106781187));
#840 = ORIENTED_EDGE('',*,*,#841,.T.);
#841 = EDGE_CURVE('',#834,#842,#844,.T.);
#842 = VERTEX_POINT('',#843);
#843 = CARTESIAN_POINT('',(24.227749310302,19.134658446083,
    4.661481382566));
#844 = CIRCLE('',#845,2.000000000002);
#845 = AXIS2_PLACEMENT_3D('',#846,#847,#848);
#846 = CARTESIAN_POINT('',(24.227749310303,17.134658446082,
    4.661481382566));
#847 = DIRECTION('',(0.,0.,1.));
#848 = DIRECTION('',(-7.754907826995E-13,1.,0.));
#849 = ORIENTED_EDGE('',*,*,#850,.F.);
#850 = EDGE_CURVE('',#851,#842,#853,.T.);
#851 = VERTEX_POINT('',#852);
#852 = CARTESIAN_POINT('',(24.227749310302,18.134658446083,
    5.661481382566));
#853 = LINE('',#854,#855);
#854 = CARTESIAN_POINT('',(24.227749310302,18.134658446083,
    5.661481382566));
#855 = VECTOR('',#856,1.);
#856 = DIRECTION('',(0.,0.707106781187,-0.707106781187));
#857 = ORIENTED_EDGE('',*,*,#858,.T.);
#858 = EDGE_CURVE('',#851,#832,#859,.T.);
#859 = CIRCLE('',#860,1.000000000002);
#860 = AXIS2_PLACEMENT_3D('',#861,#862,#863);
#861 = CARTESIAN_POINT('',(24.227749310303,17.134658446082,
    5.661481382566));
#862 = DIRECTION('',(0.,0.,-1.));
#863 = DIRECTION('',(-7.754907826995E-13,1.,0.));
#864 = CONICAL_SURFACE('',#865,1.500000000002,0.785398163397);
#865 = AXIS2_PLACEMENT_3D('',#866,#867,#868);
#866 = CARTESIAN_POINT('',(24.227749310303,17.134658446082,
    5.161481382566));
#867 = DIRECTION('',(0.,0.,-1.));
#868 = DIRECTION('',(-7.754907826995E-13,1.,0.));
#869 = ADVANCED_FACE('',(#870),#895,.T.);
#870 = FACE_BOUND('',#871,.T.);
#871 = EDGE_LOOP('',(#872,#882,#888,#889));
#872 = ORIENTED_EDGE('',*,*,#873,.T.);
#873 = EDGE_CURVE('',#874,#876,#878,.T.);
#874 = VERTEX_POINT('',#875);
#875 = CARTESIAN_POINT('',(27.413481347866,14.938311117796,
    5.661481382566));
#876 = VERTEX_POINT('',#877);
#877 = CARTESIAN_POINT('',(28.174575469723,15.586952573204,
    4.661481382566));
#878 = LINE('',#879,#880);
#879 = CARTESIAN_POINT('',(27.413481347866,14.938311117796,
    5.661481382566));
#880 = VECTOR('',#881,1.);
#881 = DIRECTION('',(0.538174814687,0.458658771678,-0.707106781187));
#882 = ORIENTED_EDGE('',*,*,#883,.T.);
#883 = EDGE_CURVE('',#876,#834,#884,.T.);
#884 = LINE('',#885,#886);
#885 = CARTESIAN_POINT('',(-0.497669939486,49.230003382647,
    4.661481382566));
#886 = VECTOR('',#887,1.);
#887 = DIRECTION('',(-0.648641455408,0.761094121858,0.));
#888 = ORIENTED_EDGE('',*,*,#831,.F.);
#889 = ORIENTED_EDGE('',*,*,#890,.T.);
#890 = EDGE_CURVE('',#832,#874,#891,.T.);
#891 = LINE('',#892,#893);
#892 = CARTESIAN_POINT('',(-1.258764061343,48.581361927239,
    5.661481382566));
#893 = VECTOR('',#894,1.);
#894 = DIRECTION('',(0.648641455408,-0.761094121858,0.));
#895 = PLANE('',#896);
#896 = AXIS2_PLACEMENT_3D('',#897,#898,#899);
#897 = CARTESIAN_POINT('',(-0.878217000415,48.905682654943,
    5.161481382566));
#898 = DIRECTION('',(0.538174814687,0.458658771678,0.707106781187));
#899 = DIRECTION('',(0.795742577202,3.053113317719E-16,-0.60563499802));
#900 = ADVANCED_FACE('',(#901),#933,.T.);
#901 = FACE_BOUND('',#902,.T.);
#902 = EDGE_LOOP('',(#903,#913,#919,#927));
#903 = ORIENTED_EDGE('',*,*,#904,.T.);
#904 = EDGE_CURVE('',#905,#907,#909,.T.);
#905 = VERTEX_POINT('',#906);
#906 = CARTESIAN_POINT('',(29.234080435838,14.586952573204,
    5.661481382566));
#907 = VERTEX_POINT('',#908);
#908 = CARTESIAN_POINT('',(29.234080435838,15.586952573204,
    4.661481382566));
#909 = LINE('',#910,#911);
#910 = CARTESIAN_POINT('',(29.234080435838,14.586952573204,
    5.661481382566));
#911 = VECTOR('',#912,1.);
#912 = DIRECTION('',(0.,0.707106781187,-0.707106781187));
#913 = ORIENTED_EDGE('',*,*,#914,.T.);
#914 = EDGE_CURVE('',#907,#876,#915,.T.);
#915 = LINE('',#916,#917);
#916 = CARTESIAN_POINT('',(25.998280010639,15.586952573204,
    4.661481382566));
#917 = VECTOR('',#918,1.);
#918 = DIRECTION('',(-1.,0.,0.));
#919 = ORIENTED_EDGE('',*,*,#920,.T.);
#920 = EDGE_CURVE('',#876,#921,#923,.T.);
#921 = VERTEX_POINT('',#922);
#922 = CARTESIAN_POINT('',(28.174575469725,14.586952573204,
    5.661481382566));
#923 = LINE('',#924,#925);
#924 = CARTESIAN_POINT('',(28.174575469725,15.586952573204,
    4.661481382566));
#925 = VECTOR('',#926,1.);
#926 = DIRECTION('',(0.,-0.707106781187,0.707106781187));
#927 = ORIENTED_EDGE('',*,*,#928,.T.);
#928 = EDGE_CURVE('',#921,#905,#929,.T.);
#929 = LINE('',#930,#931);
#930 = CARTESIAN_POINT('',(25.998280010639,14.586952573204,
    5.661481382566));
#931 = VECTOR('',#932,1.);
#932 = DIRECTION('',(1.,0.,0.));
#933 = PLANE('',#934);
#934 = AXIS2_PLACEMENT_3D('',#935,#936,#937);
#935 = CARTESIAN_POINT('',(25.998280010639,15.086952573204,
    5.161481382566));
#936 = DIRECTION('',(0.,0.707106781187,0.707106781187));
#937 = DIRECTION('',(1.,0.,-0.));
#938 = ADVANCED_FACE('',(#939),#966,.F.);
#939 = FACE_BOUND('',#940,.F.);
#940 = EDGE_LOOP('',(#941,#950,#951,#960));
#941 = ORIENTED_EDGE('',*,*,#942,.F.);
#942 = EDGE_CURVE('',#905,#943,#945,.T.);
#943 = VERTEX_POINT('',#944);
#944 = CARTESIAN_POINT('',(29.654698605404,14.631682679959,
    5.661481382566));
#945 = CIRCLE('',#946,2.000000000004);
#946 = AXIS2_PLACEMENT_3D('',#947,#948,#949);
#947 = CARTESIAN_POINT('',(29.234080435838,16.586952573207,
    5.661481382566));
#948 = DIRECTION('',(0.,0.,1.));
#949 = DIRECTION('',(1.926236947721E-13,-1.,0.));
#950 = ORIENTED_EDGE('',*,*,#904,.T.);
#951 = ORIENTED_EDGE('',*,*,#952,.F.);
#952 = EDGE_CURVE('',#953,#907,#955,.T.);
#953 = VERTEX_POINT('',#954);
#954 = CARTESIAN_POINT('',(29.444389520621,15.609317626581,
    4.661481382566));
#955 = CIRCLE('',#956,1.000000000004);
#956 = AXIS2_PLACEMENT_3D('',#957,#958,#959);
#957 = CARTESIAN_POINT('',(29.234080435838,16.586952573207,
    4.661481382566));
#958 = DIRECTION('',(0.,0.,-1.));
#959 = DIRECTION('',(1.926236947721E-13,-1.,0.));
#960 = ORIENTED_EDGE('',*,*,#961,.F.);
#961 = EDGE_CURVE('',#943,#953,#962,.T.);
#962 = LINE('',#963,#964);
#963 = CARTESIAN_POINT('',(29.654698605404,14.631682679959,
    5.661481382566));
#964 = VECTOR('',#965,1.);
#965 = DIRECTION('',(-0.148710979995,0.691292300282,-0.707106781187));
#966 = CONICAL_SURFACE('',#967,1.500000000004,0.785398163397);
#967 = AXIS2_PLACEMENT_3D('',#968,#969,#970);
#968 = CARTESIAN_POINT('',(29.234080435838,16.586952573207,
    5.161481382566));
#969 = DIRECTION('',(0.,0.,1.));
#970 = DIRECTION('',(1.926236947721E-13,-1.,0.));
#971 = ADVANCED_FACE('',(#972),#997,.T.);
#972 = FACE_BOUND('',#973,.T.);
#973 = EDGE_LOOP('',(#974,#984,#990,#991));
#974 = ORIENTED_EDGE('',*,*,#975,.T.);
#975 = EDGE_CURVE('',#976,#978,#980,.T.);
#976 = VERTEX_POINT('',#977);
#977 = CARTESIAN_POINT('',(33.540709777119,15.46764241708,5.661481382566
    ));
#978 = VERTEX_POINT('',#979);
#979 = CARTESIAN_POINT('',(33.330400692336,16.445277363703,
    4.661481382566));
#980 = LINE('',#981,#982);
#981 = CARTESIAN_POINT('',(33.540709777119,15.46764241708,5.661481382566
    ));
#982 = VECTOR('',#983,1.);
#983 = DIRECTION('',(-0.148710979995,0.691292300282,-0.707106781187));
#984 = ORIENTED_EDGE('',*,*,#985,.T.);
#985 = EDGE_CURVE('',#978,#953,#986,.T.);
#986 = LINE('',#987,#988);
#987 = CARTESIAN_POINT('',(37.810326455977,17.409000162792,
    4.661481382566));
#988 = VECTOR('',#989,1.);
#989 = DIRECTION('',(-0.977634946623,-0.210309084783,0.));
#990 = ORIENTED_EDGE('',*,*,#961,.F.);
#991 = ORIENTED_EDGE('',*,*,#992,.T.);
#992 = EDGE_CURVE('',#943,#976,#993,.T.);
#993 = LINE('',#994,#995);
#994 = CARTESIAN_POINT('',(38.02063554076,16.43136521617,5.661481382566)
  );
#995 = VECTOR('',#996,1.);
#996 = DIRECTION('',(0.977634946623,0.210309084783,0.));
#997 = PLANE('',#998);
#998 = AXIS2_PLACEMENT_3D('',#999,#1000,#1001);
#999 = CARTESIAN_POINT('',(37.915480998368,16.920182689481,
    5.161481382566));
#1000 = DIRECTION('',(-0.148710979995,0.691292300282,0.707106781187));
#1001 = DIRECTION('',(0.978592618271,1.387778780781E-16,0.205806917924)
  );
#1002 = ADVANCED_FACE('',(#1003),#1030,.T.);
#1003 = FACE_BOUND('',#1004,.T.);
#1004 = EDGE_LOOP('',(#1005,#1015,#1022,#1023));
#1005 = ORIENTED_EDGE('',*,*,#1006,.T.);
#1006 = EDGE_CURVE('',#1007,#1009,#1011,.T.);
#1007 = VERTEX_POINT('',#1008);
#1008 = CARTESIAN_POINT('',(33.961327946686,15.512372523835,
    5.661481382566));
#1009 = VERTEX_POINT('',#1010);
#1010 = CARTESIAN_POINT('',(33.961327946685,16.512372523835,
    4.661481382566));
#1011 = LINE('',#1012,#1013);
#1012 = CARTESIAN_POINT('',(33.961327946686,15.512372523835,
    5.661481382566));
#1013 = VECTOR('',#1014,1.);
#1014 = DIRECTION('',(-1.413083212815E-13,0.707106781187,-0.707106781187
    ));
#1015 = ORIENTED_EDGE('',*,*,#1016,.T.);
#1016 = EDGE_CURVE('',#1009,#978,#1017,.T.);
#1017 = CIRCLE('',#1018,3.000000000013);
#1018 = AXIS2_PLACEMENT_3D('',#1019,#1020,#1021);
#1019 = CARTESIAN_POINT('',(33.961327946686,13.512372523822,
    4.661481382566));
#1020 = DIRECTION('',(0.,0.,1.));
#1021 = DIRECTION('',(-0.210309084782,0.977634946623,0.));
#1022 = ORIENTED_EDGE('',*,*,#975,.F.);
#1023 = ORIENTED_EDGE('',*,*,#1024,.T.);
#1024 = EDGE_CURVE('',#976,#1007,#1025,.T.);
#1025 = CIRCLE('',#1026,2.000000000013);
#1026 = AXIS2_PLACEMENT_3D('',#1027,#1028,#1029);
#1027 = CARTESIAN_POINT('',(33.961327946686,13.512372523822,
    5.661481382566));
#1028 = DIRECTION('',(0.,0.,-1.));
#1029 = DIRECTION('',(-0.210309084782,0.977634946623,0.));
#1030 = CONICAL_SURFACE('',#1031,2.500000000013,0.785398163397);
#1031 = AXIS2_PLACEMENT_3D('',#1032,#1033,#1034);
#1032 = CARTESIAN_POINT('',(33.961327946686,13.512372523822,
    5.161481382566));
#1033 = DIRECTION('',(0.,0.,-1.));
#1034 = DIRECTION('',(-0.210309084782,0.977634946623,0.));
#1035 = ADVANCED_FACE('',(#1036),#1061,.T.);
#1036 = FACE_BOUND('',#1037,.T.);
#1037 = EDGE_LOOP('',(#1038,#1048,#1054,#1055));
#1038 = ORIENTED_EDGE('',*,*,#1039,.T.);
#1039 = EDGE_CURVE('',#1040,#1042,#1044,.T.);
#1040 = VERTEX_POINT('',#1041);
#1041 = CARTESIAN_POINT('',(41.2410454658,15.512372523835,5.661481382566
    ));
#1042 = VERTEX_POINT('',#1043);
#1043 = CARTESIAN_POINT('',(41.2410454658,16.512372523835,4.661481382566
    ));
#1044 = LINE('',#1045,#1046);
#1045 = CARTESIAN_POINT('',(41.2410454658,15.512372523835,5.661481382566
    ));
#1046 = VECTOR('',#1047,1.);
#1047 = DIRECTION('',(0.,0.707106781187,-0.707106781187));
#1048 = ORIENTED_EDGE('',*,*,#1049,.T.);
#1049 = EDGE_CURVE('',#1042,#1009,#1050,.T.);
#1050 = LINE('',#1051,#1052);
#1051 = CARTESIAN_POINT('',(28.89165624912,16.512372523835,
    4.661481382566));
#1052 = VECTOR('',#1053,1.);
#1053 = DIRECTION('',(-1.,0.,0.));
#1054 = ORIENTED_EDGE('',*,*,#1006,.F.);
#1055 = ORIENTED_EDGE('',*,*,#1056,.T.);
#1056 = EDGE_CURVE('',#1007,#1040,#1057,.T.);
#1057 = LINE('',#1058,#1059);
#1058 = CARTESIAN_POINT('',(28.89165624912,15.512372523835,
    5.661481382566));
#1059 = VECTOR('',#1060,1.);
#1060 = DIRECTION('',(1.,0.,0.));
#1061 = PLANE('',#1062);
#1062 = AXIS2_PLACEMENT_3D('',#1063,#1064,#1065);
#1063 = CARTESIAN_POINT('',(28.89165624912,16.012372523835,
    5.161481382566));
#1064 = DIRECTION('',(0.,0.707106781187,0.707106781187));
#1065 = DIRECTION('',(1.,0.,-0.));
#1066 = ADVANCED_FACE('',(#1067),#1092,.F.);
#1067 = FACE_BOUND('',#1068,.F.);
#1068 = EDGE_LOOP('',(#1069,#1076,#1077,#1086));
#1069 = ORIENTED_EDGE('',*,*,#1070,.F.);
#1070 = EDGE_CURVE('',#1040,#802,#1071,.T.);
#1071 = CIRCLE('',#1072,3.);
#1072 = AXIS2_PLACEMENT_3D('',#1073,#1074,#1075);
#1073 = CARTESIAN_POINT('',(41.2410454658,18.512372523835,5.661481382566
    ));
#1074 = DIRECTION('',(0.,0.,1.));
#1075 = DIRECTION('',(4.440892098501E-15,-1.,0.));
#1076 = ORIENTED_EDGE('',*,*,#1039,.T.);
#1077 = ORIENTED_EDGE('',*,*,#1078,.F.);
#1078 = EDGE_CURVE('',#1079,#1042,#1081,.T.);
#1079 = VERTEX_POINT('',#1080);
#1080 = CARTESIAN_POINT('',(43.2410454658,18.512372523835,4.661481382566
    ));
#1081 = CIRCLE('',#1082,2.);
#1082 = AXIS2_PLACEMENT_3D('',#1083,#1084,#1085);
#1083 = CARTESIAN_POINT('',(41.2410454658,18.512372523835,4.661481382566
    ));
#1084 = DIRECTION('',(0.,0.,-1.));
#1085 = DIRECTION('',(4.440892098501E-15,-1.,0.));
#1086 = ORIENTED_EDGE('',*,*,#1087,.F.);
#1087 = EDGE_CURVE('',#802,#1079,#1088,.T.);
#1088 = LINE('',#1089,#1090);
#1089 = CARTESIAN_POINT('',(44.2410454658,18.512372523835,5.661481382566
    ));
#1090 = VECTOR('',#1091,1.);
#1091 = DIRECTION('',(-0.707106781187,0.,-0.707106781187));
#1092 = CONICAL_SURFACE('',#1093,2.5,0.785398163397);
#1093 = AXIS2_PLACEMENT_3D('',#1094,#1095,#1096);
#1094 = CARTESIAN_POINT('',(41.2410454658,18.512372523835,5.161481382566
    ));
#1095 = DIRECTION('',(0.,0.,1.));
#1096 = DIRECTION('',(4.440892098501E-15,-1.,0.));
#1097 = ADVANCED_FACE('',(#1098),#1116,.T.);
#1098 = FACE_BOUND('',#1099,.T.);
#1099 = EDGE_LOOP('',(#1100,#1108,#1114,#1115));
#1100 = ORIENTED_EDGE('',*,*,#1101,.T.);
#1101 = EDGE_CURVE('',#794,#1102,#1104,.T.);
#1102 = VERTEX_POINT('',#1103);
#1103 = CARTESIAN_POINT('',(43.2410454658,23.447725355059,4.661481382566
    ));
#1104 = LINE('',#1105,#1106);
#1105 = CARTESIAN_POINT('',(40.435310406623,24.649176444643,
    1.855746323389));
#1106 = VECTOR('',#1107,1.);
#1107 = DIRECTION('',(-0.67676318534,0.289798519556,-0.67676318534));
#1108 = ORIENTED_EDGE('',*,*,#1109,.T.);
#1109 = EDGE_CURVE('',#1102,#1079,#1110,.T.);
#1110 = LINE('',#1111,#1112);
#1111 = CARTESIAN_POINT('',(43.2410454658,70.818159928794,4.661481382566
    ));
#1112 = VECTOR('',#1113,1.);
#1113 = DIRECTION('',(0.,-1.,0.));
#1114 = ORIENTED_EDGE('',*,*,#1087,.F.);
#1115 = ORIENTED_EDGE('',*,*,#801,.T.);
#1116 = PLANE('',#1117);
#1117 = AXIS2_PLACEMENT_3D('',#1118,#1119,#1120);
#1118 = CARTESIAN_POINT('',(43.7410454658,70.818159928794,5.161481382566
    ));
#1119 = DIRECTION('',(-0.707106781187,0.,0.707106781187));
#1120 = DIRECTION('',(0.707106781187,0.,0.707106781187));
#1121 = ADVANCED_FACE('',(#1122),#1133,.F.);
#1122 = FACE_BOUND('',#1123,.F.);
#1123 = EDGE_LOOP('',(#1124,#1131,#1132));
#1124 = ORIENTED_EDGE('',*,*,#1125,.F.);
#1125 = EDGE_CURVE('',#874,#921,#1126,.T.);
#1126 = CIRCLE('',#1127,1.000000000002);
#1127 = AXIS2_PLACEMENT_3D('',#1128,#1129,#1130);
#1128 = CARTESIAN_POINT('',(28.174575469724,15.586952573205,
    5.661481382566));
#1129 = DIRECTION('',(0.,0.,1.));
#1130 = DIRECTION('',(-0.761094121857,-0.648641455408,0.));
#1131 = ORIENTED_EDGE('',*,*,#873,.T.);
#1132 = ORIENTED_EDGE('',*,*,#920,.T.);
#1133 = CONICAL_SURFACE('',#1134,1.000000000002,0.785398163398);
#1134 = AXIS2_PLACEMENT_3D('',#1135,#1136,#1137);
#1135 = CARTESIAN_POINT('',(28.174575469724,15.586952573205,
    5.661481382566));
#1136 = DIRECTION('',(0.,0.,1.));
#1137 = DIRECTION('',(-0.761094121857,-0.648641455408,0.));
#1138 = ADVANCED_FACE('',(#1139),#1158,.F.);
#1139 = FACE_BOUND('',#1140,.F.);
#1140 = EDGE_LOOP('',(#1141,#1142,#1151,#1157));
#1141 = ORIENTED_EDGE('',*,*,#809,.F.);
#1142 = ORIENTED_EDGE('',*,*,#1143,.F.);
#1143 = EDGE_CURVE('',#1144,#810,#1146,.T.);
#1144 = VERTEX_POINT('',#1145);
#1145 = CARTESIAN_POINT('',(41.2410454658,15.512372523835,7.661481382566
    ));
#1146 = CIRCLE('',#1147,3.);
#1147 = AXIS2_PLACEMENT_3D('',#1148,#1149,#1150);
#1148 = CARTESIAN_POINT('',(41.2410454658,18.512372523835,7.661481382566
    ));
#1149 = DIRECTION('',(0.,0.,1.));
#1150 = DIRECTION('',(4.440892098501E-15,-1.,0.));
#1151 = ORIENTED_EDGE('',*,*,#1152,.T.);
#1152 = EDGE_CURVE('',#1144,#1040,#1153,.T.);
#1153 = LINE('',#1154,#1155);
#1154 = CARTESIAN_POINT('',(41.2410454658,15.512372523835,7.661481382566
    ));
#1155 = VECTOR('',#1156,1.);
#1156 = DIRECTION('',(0.,0.,-1.));
#1157 = ORIENTED_EDGE('',*,*,#1070,.T.);
#1158 = CYLINDRICAL_SURFACE('',#1159,3.);
#1159 = AXIS2_PLACEMENT_3D('',#1160,#1161,#1162);
#1160 = CARTESIAN_POINT('',(41.2410454658,18.512372523835,7.661481382566
    ));
#1161 = DIRECTION('',(0.,0.,1.));
#1162 = DIRECTION('',(4.440892098501E-15,-1.,0.));
#1163 = ADVANCED_FACE('',(#1164),#1182,.T.);
#1164 = FACE_BOUND('',#1165,.T.);
#1165 = EDGE_LOOP('',(#1166,#1167,#1175,#1181));
#1166 = ORIENTED_EDGE('',*,*,#1056,.F.);
#1167 = ORIENTED_EDGE('',*,*,#1168,.F.);
#1168 = EDGE_CURVE('',#1169,#1007,#1171,.T.);
#1169 = VERTEX_POINT('',#1170);
#1170 = CARTESIAN_POINT('',(33.961327946686,15.512372523835,
    7.661481382566));
#1171 = LINE('',#1172,#1173);
#1172 = CARTESIAN_POINT('',(33.961327946686,15.512372523835,
    7.661481382566));
#1173 = VECTOR('',#1174,1.);
#1174 = DIRECTION('',(0.,0.,-1.));
#1175 = ORIENTED_EDGE('',*,*,#1176,.T.);
#1176 = EDGE_CURVE('',#1169,#1144,#1177,.T.);
#1177 = LINE('',#1178,#1179);
#1178 = CARTESIAN_POINT('',(33.961327946686,15.512372523835,
    7.661481382566));
#1179 = VECTOR('',#1180,1.);
#1180 = DIRECTION('',(1.,0.,0.));
#1181 = ORIENTED_EDGE('',*,*,#1152,.T.);
#1182 = PLANE('',#1183);
#1183 = AXIS2_PLACEMENT_3D('',#1184,#1185,#1186);
#1184 = CARTESIAN_POINT('',(33.961327946686,15.512372523835,
    7.661481382566));
#1185 = DIRECTION('',(0.,1.,0.));
#1186 = DIRECTION('',(1.,0.,0.));
#1187 = ADVANCED_FACE('',(#1188),#1207,.T.);
#1188 = FACE_BOUND('',#1189,.T.);
#1189 = EDGE_LOOP('',(#1190,#1191,#1199,#1206));
#1190 = ORIENTED_EDGE('',*,*,#1024,.F.);
#1191 = ORIENTED_EDGE('',*,*,#1192,.F.);
#1192 = EDGE_CURVE('',#1193,#976,#1195,.T.);
#1193 = VERTEX_POINT('',#1194);
#1194 = CARTESIAN_POINT('',(33.540709777119,15.46764241708,
    7.661481382566));
#1195 = LINE('',#1196,#1197);
#1196 = CARTESIAN_POINT('',(33.540709777119,15.46764241708,
    7.661481382566));
#1197 = VECTOR('',#1198,1.);
#1198 = DIRECTION('',(0.,0.,-1.));
#1199 = ORIENTED_EDGE('',*,*,#1200,.T.);
#1200 = EDGE_CURVE('',#1193,#1169,#1201,.T.);
#1201 = CIRCLE('',#1202,2.000000000013);
#1202 = AXIS2_PLACEMENT_3D('',#1203,#1204,#1205);
#1203 = CARTESIAN_POINT('',(33.961327946686,13.512372523822,
    7.661481382566));
#1204 = DIRECTION('',(0.,0.,-1.));
#1205 = DIRECTION('',(-0.210309084782,0.977634946623,0.));
#1206 = ORIENTED_EDGE('',*,*,#1168,.T.);
#1207 = CYLINDRICAL_SURFACE('',#1208,2.000000000013);
#1208 = AXIS2_PLACEMENT_3D('',#1209,#1210,#1211);
#1209 = CARTESIAN_POINT('',(33.961327946686,13.512372523822,
    7.661481382566));
#1210 = DIRECTION('',(0.,0.,1.));
#1211 = DIRECTION('',(-0.210309084782,0.977634946623,0.));
#1212 = ADVANCED_FACE('',(#1213),#1231,.T.);
#1213 = FACE_BOUND('',#1214,.T.);
#1214 = EDGE_LOOP('',(#1215,#1216,#1224,#1230));
#1215 = ORIENTED_EDGE('',*,*,#992,.F.);
#1216 = ORIENTED_EDGE('',*,*,#1217,.F.);
#1217 = EDGE_CURVE('',#1218,#943,#1220,.T.);
#1218 = VERTEX_POINT('',#1219);
#1219 = CARTESIAN_POINT('',(29.654698605404,14.631682679959,
    7.661481382566));
#1220 = LINE('',#1221,#1222);
#1221 = CARTESIAN_POINT('',(29.654698605404,14.631682679959,
    7.661481382566));
#1222 = VECTOR('',#1223,1.);
#1223 = DIRECTION('',(0.,0.,-1.));
#1224 = ORIENTED_EDGE('',*,*,#1225,.T.);
#1225 = EDGE_CURVE('',#1218,#1193,#1226,.T.);
#1226 = LINE('',#1227,#1228);
#1227 = CARTESIAN_POINT('',(29.654698605404,14.631682679959,
    7.661481382566));
#1228 = VECTOR('',#1229,1.);
#1229 = DIRECTION('',(0.977634946623,0.210309084783,0.));
#1230 = ORIENTED_EDGE('',*,*,#1192,.T.);
#1231 = PLANE('',#1232);
#1232 = AXIS2_PLACEMENT_3D('',#1233,#1234,#1235);
#1233 = CARTESIAN_POINT('',(29.654698605404,14.631682679959,
    7.661481382566));
#1234 = DIRECTION('',(-0.210309084783,0.977634946623,0.));
#1235 = DIRECTION('',(0.977634946623,0.210309084783,0.));
#1236 = ADVANCED_FACE('',(#1237),#1256,.F.);
#1237 = FACE_BOUND('',#1238,.F.);
#1238 = EDGE_LOOP('',(#1239,#1240,#1249,#1255));
#1239 = ORIENTED_EDGE('',*,*,#1217,.F.);
#1240 = ORIENTED_EDGE('',*,*,#1241,.F.);
#1241 = EDGE_CURVE('',#1242,#1218,#1244,.T.);
#1242 = VERTEX_POINT('',#1243);
#1243 = CARTESIAN_POINT('',(29.234080435838,14.586952573204,
    7.661481382566));
#1244 = CIRCLE('',#1245,2.000000000004);
#1245 = AXIS2_PLACEMENT_3D('',#1246,#1247,#1248);
#1246 = CARTESIAN_POINT('',(29.234080435838,16.586952573207,
    7.661481382566));
#1247 = DIRECTION('',(0.,0.,1.));
#1248 = DIRECTION('',(1.926236947721E-13,-1.,0.));
#1249 = ORIENTED_EDGE('',*,*,#1250,.T.);
#1250 = EDGE_CURVE('',#1242,#905,#1251,.T.);
#1251 = LINE('',#1252,#1253);
#1252 = CARTESIAN_POINT('',(29.234080435838,14.586952573204,
    7.661481382566));
#1253 = VECTOR('',#1254,1.);
#1254 = DIRECTION('',(0.,0.,-1.));
#1255 = ORIENTED_EDGE('',*,*,#942,.T.);
#1256 = CYLINDRICAL_SURFACE('',#1257,2.000000000004);
#1257 = AXIS2_PLACEMENT_3D('',#1258,#1259,#1260);
#1258 = CARTESIAN_POINT('',(29.234080435838,16.586952573207,
    7.661481382566));
#1259 = DIRECTION('',(0.,0.,1.));
#1260 = DIRECTION('',(1.926236947721E-13,-1.,0.));
#1261 = ADVANCED_FACE('',(#1262),#1280,.T.);
#1262 = FACE_BOUND('',#1263,.T.);
#1263 = EDGE_LOOP('',(#1264,#1265,#1273,#1279));
#1264 = ORIENTED_EDGE('',*,*,#928,.F.);
#1265 = ORIENTED_EDGE('',*,*,#1266,.F.);
#1266 = EDGE_CURVE('',#1267,#921,#1269,.T.);
#1267 = VERTEX_POINT('',#1268);
#1268 = CARTESIAN_POINT('',(28.174575469725,14.586952573204,
    7.661481382566));
#1269 = LINE('',#1270,#1271);
#1270 = CARTESIAN_POINT('',(28.174575469725,14.586952573204,
    7.661481382566));
#1271 = VECTOR('',#1272,1.);
#1272 = DIRECTION('',(0.,0.,-1.));
#1273 = ORIENTED_EDGE('',*,*,#1274,.T.);
#1274 = EDGE_CURVE('',#1267,#1242,#1275,.T.);
#1275 = LINE('',#1276,#1277);
#1276 = CARTESIAN_POINT('',(28.174575469725,14.586952573204,
    7.661481382566));
#1277 = VECTOR('',#1278,1.);
#1278 = DIRECTION('',(1.,0.,0.));
#1279 = ORIENTED_EDGE('',*,*,#1250,.T.);
#1280 = PLANE('',#1281);
#1281 = AXIS2_PLACEMENT_3D('',#1282,#1283,#1284);
#1282 = CARTESIAN_POINT('',(28.174575469725,14.586952573204,
    7.661481382566));
#1283 = DIRECTION('',(0.,1.,0.));
#1284 = DIRECTION('',(1.,0.,0.));
#1285 = ADVANCED_FACE('',(#1286),#1305,.F.);
#1286 = FACE_BOUND('',#1287,.F.);
#1287 = EDGE_LOOP('',(#1288,#1289,#1298,#1304));
#1288 = ORIENTED_EDGE('',*,*,#1266,.F.);
#1289 = ORIENTED_EDGE('',*,*,#1290,.F.);
#1290 = EDGE_CURVE('',#1291,#1267,#1293,.T.);
#1291 = VERTEX_POINT('',#1292);
#1292 = CARTESIAN_POINT('',(27.413481347866,14.938311117796,
    7.661481382566));
#1293 = CIRCLE('',#1294,1.000000000002);
#1294 = AXIS2_PLACEMENT_3D('',#1295,#1296,#1297);
#1295 = CARTESIAN_POINT('',(28.174575469724,15.586952573205,
    7.661481382566));
#1296 = DIRECTION('',(0.,0.,1.));
#1297 = DIRECTION('',(-0.761094121857,-0.648641455408,0.));
#1298 = ORIENTED_EDGE('',*,*,#1299,.T.);
#1299 = EDGE_CURVE('',#1291,#874,#1300,.T.);
#1300 = LINE('',#1301,#1302);
#1301 = CARTESIAN_POINT('',(27.413481347866,14.938311117796,
    7.661481382566));
#1302 = VECTOR('',#1303,1.);
#1303 = DIRECTION('',(0.,0.,-1.));
#1304 = ORIENTED_EDGE('',*,*,#1125,.T.);
#1305 = CYLINDRICAL_SURFACE('',#1306,1.000000000002);
#1306 = AXIS2_PLACEMENT_3D('',#1307,#1308,#1309);
#1307 = CARTESIAN_POINT('',(28.174575469724,15.586952573205,
    7.661481382566));
#1308 = DIRECTION('',(0.,0.,1.));
#1309 = DIRECTION('',(-0.761094121857,-0.648641455408,0.));
#1310 = ADVANCED_FACE('',(#1311),#1329,.T.);
#1311 = FACE_BOUND('',#1312,.T.);
#1312 = EDGE_LOOP('',(#1313,#1314,#1322,#1328));
#1313 = ORIENTED_EDGE('',*,*,#890,.F.);
#1314 = ORIENTED_EDGE('',*,*,#1315,.F.);
#1315 = EDGE_CURVE('',#1316,#832,#1318,.T.);
#1316 = VERTEX_POINT('',#1317);
#1317 = CARTESIAN_POINT('',(24.988843432161,17.783299901491,
    7.661481382566));
#1318 = LINE('',#1319,#1320);
#1319 = CARTESIAN_POINT('',(24.988843432161,17.783299901491,
    7.661481382566));
#1320 = VECTOR('',#1321,1.);
#1321 = DIRECTION('',(0.,0.,-1.));
#1322 = ORIENTED_EDGE('',*,*,#1323,.T.);
#1323 = EDGE_CURVE('',#1316,#1291,#1324,.T.);
#1324 = LINE('',#1325,#1326);
#1325 = CARTESIAN_POINT('',(24.988843432161,17.783299901491,
    7.661481382566));
#1326 = VECTOR('',#1327,1.);
#1327 = DIRECTION('',(0.648641455408,-0.761094121858,0.));
#1328 = ORIENTED_EDGE('',*,*,#1299,.T.);
#1329 = PLANE('',#1330);
#1330 = AXIS2_PLACEMENT_3D('',#1331,#1332,#1333);
#1331 = CARTESIAN_POINT('',(24.988843432161,17.783299901491,
    7.661481382566));
#1332 = DIRECTION('',(0.761094121858,0.648641455408,0.));
#1333 = DIRECTION('',(0.648641455408,-0.761094121858,0.));
#1334 = ADVANCED_FACE('',(#1335),#1354,.T.);
#1335 = FACE_BOUND('',#1336,.T.);
#1336 = EDGE_LOOP('',(#1337,#1338,#1346,#1353));
#1337 = ORIENTED_EDGE('',*,*,#858,.F.);
#1338 = ORIENTED_EDGE('',*,*,#1339,.F.);
#1339 = EDGE_CURVE('',#1340,#851,#1342,.T.);
#1340 = VERTEX_POINT('',#1341);
#1341 = CARTESIAN_POINT('',(24.227749310302,18.134658446083,
    7.661481382566));
#1342 = LINE('',#1343,#1344);
#1343 = CARTESIAN_POINT('',(24.227749310302,18.134658446083,
    7.661481382566));
#1344 = VECTOR('',#1345,1.);
#1345 = DIRECTION('',(0.,0.,-1.));
#1346 = ORIENTED_EDGE('',*,*,#1347,.T.);
#1347 = EDGE_CURVE('',#1340,#1316,#1348,.T.);
#1348 = CIRCLE('',#1349,1.000000000002);
#1349 = AXIS2_PLACEMENT_3D('',#1350,#1351,#1352);
#1350 = CARTESIAN_POINT('',(24.227749310303,17.134658446082,
    7.661481382566));
#1351 = DIRECTION('',(0.,0.,-1.));
#1352 = DIRECTION('',(-7.754907826995E-13,1.,0.));
#1353 = ORIENTED_EDGE('',*,*,#1315,.T.);
#1354 = CYLINDRICAL_SURFACE('',#1355,1.000000000002);
#1355 = AXIS2_PLACEMENT_3D('',#1356,#1357,#1358);
#1356 = CARTESIAN_POINT('',(24.227749310303,17.134658446082,
    7.661481382566));
#1357 = DIRECTION('',(0.,0.,1.));
#1358 = DIRECTION('',(-7.754907826995E-13,1.,0.));
#1359 = ADVANCED_FACE('',(#1360),#1409,.F.);
#1360 = FACE_BOUND('',#1361,.T.);
#1361 = EDGE_LOOP('',(#1362,#1370,#1371,#1372,#1380,#1388,#1396,#1402,
    #1403));
#1362 = ORIENTED_EDGE('',*,*,#1363,.F.);
#1363 = EDGE_CURVE('',#1102,#1364,#1366,.T.);
#1364 = VERTEX_POINT('',#1365);
#1365 = CARTESIAN_POINT('',(23.821984551554,31.76321181477,
    4.661481382566));
#1366 = LINE('',#1367,#1368);
#1367 = CARTESIAN_POINT('',(17.860499744168,34.315994692093,
    4.661481382566));
#1368 = VECTOR('',#1369,1.);
#1369 = DIRECTION('',(-0.919264421021,0.393640602893,0.));
#1370 = ORIENTED_EDGE('',*,*,#1101,.F.);
#1371 = ORIENTED_EDGE('',*,*,#791,.F.);
#1372 = ORIENTED_EDGE('',*,*,#1373,.F.);
#1373 = EDGE_CURVE('',#1374,#792,#1376,.T.);
#1374 = VERTEX_POINT('',#1375);
#1375 = CARTESIAN_POINT('',(23.821984551554,31.76321181477,
    7.661481382566));
#1376 = LINE('',#1377,#1378);
#1377 = CARTESIAN_POINT('',(17.860499744168,34.315994692093,
    7.661481382566));
#1378 = VECTOR('',#1379,1.);
#1379 = DIRECTION('',(0.919264421021,-0.393640602893,0.));
#1380 = ORIENTED_EDGE('',*,*,#1381,.F.);
#1381 = EDGE_CURVE('',#1382,#1374,#1384,.T.);
#1382 = VERTEX_POINT('',#1383);
#1383 = CARTESIAN_POINT('',(23.821984551554,31.76321181477,
    8.661481382566));
#1384 = LINE('',#1385,#1386);
#1385 = CARTESIAN_POINT('',(23.821984551554,31.76321181477,
    9.661481382566));
#1386 = VECTOR('',#1387,1.);
#1387 = DIRECTION('',(0.,0.,-1.));
#1388 = ORIENTED_EDGE('',*,*,#1389,.T.);
#1389 = EDGE_CURVE('',#1382,#1390,#1392,.T.);
#1390 = VERTEX_POINT('',#1391);
#1391 = CARTESIAN_POINT('',(44.95879250251,22.712164439521,
    8.661481382566));
#1392 = LINE('',#1393,#1394);
#1393 = CARTESIAN_POINT('',(41.985446458032,23.985388664012,
    8.661481382566));
#1394 = VECTOR('',#1395,1.);
#1395 = DIRECTION('',(0.919264421021,-0.393640602893,0.));
#1396 = ORIENTED_EDGE('',*,*,#1397,.T.);
#1397 = EDGE_CURVE('',#1390,#222,#1398,.T.);
#1398 = LINE('',#1399,#1400);
#1399 = CARTESIAN_POINT('',(44.95879250251,22.712164439521,
    9.661481382566));
#1400 = VECTOR('',#1401,1.);
#1401 = DIRECTION('',(0.,0.,-1.));
#1402 = ORIENTED_EDGE('',*,*,#221,.T.);
#1403 = ORIENTED_EDGE('',*,*,#1404,.F.);
#1404 = EDGE_CURVE('',#1364,#214,#1405,.T.);
#1405 = LINE('',#1406,#1407);
#1406 = CARTESIAN_POINT('',(23.821984551554,31.76321181477,
    9.661481382566));
#1407 = VECTOR('',#1408,1.);
#1408 = DIRECTION('',(0.,0.,-1.));
#1409 = PLANE('',#1410);
#1410 = AXIS2_PLACEMENT_3D('',#1411,#1412,#1413);
#1411 = CARTESIAN_POINT('',(44.95879250251,22.712164439521,
    9.661481382566));
#1412 = DIRECTION('',(-0.393640602893,-0.919264421021,0.));
#1413 = DIRECTION('',(-0.919264421021,0.393640602893,0.));
#1414 = ADVANCED_FACE('',(#1415),#1451,.F.);
#1415 = FACE_BOUND('',#1416,.F.);
#1416 = EDGE_LOOP('',(#1417,#1428,#1436,#1445));
#1417 = ORIENTED_EDGE('',*,*,#1418,.T.);
#1418 = EDGE_CURVE('',#1419,#1421,#1423,.T.);
#1419 = VERTEX_POINT('',#1420);
#1420 = CARTESIAN_POINT('',(28.458400385703,11.370227654654,
    3.57105740471));
#1421 = VERTEX_POINT('',#1422);
#1422 = CARTESIAN_POINT('',(30.526589013724,11.768672603468,
    3.566897956461));
#1423 = B_SPLINE_CURVE_WITH_KNOTS('',3,(#1424,#1425,#1426,#1427),
  .UNSPECIFIED.,.F.,.F.,(4,4),(2.750714366844E-15,0.20096325517),
  .PIECEWISE_BEZIER_KNOTS.);
#1424 = CARTESIAN_POINT('',(28.458400385703,11.370227654654,
    3.57105740471));
#1425 = CARTESIAN_POINT('',(29.165368855289,11.370227654654,
    3.57105740471));
#1426 = CARTESIAN_POINT('',(29.869935715945,11.506850869018,
    3.569621776244));
#1427 = CARTESIAN_POINT('',(30.526589013724,11.768672603468,
    3.566897956461));
#1428 = ORIENTED_EDGE('',*,*,#1429,.T.);
#1429 = EDGE_CURVE('',#1421,#1430,#1432,.T.);
#1430 = VERTEX_POINT('',#1431);
#1431 = CARTESIAN_POINT('',(30.229096118916,12.503365782267,
    3.161481382566));
#1432 = LINE('',#1433,#1434);
#1433 = CARTESIAN_POINT('',(30.526589013724,11.768672603468,
    3.566897956461));
#1434 = VECTOR('',#1435,1.);
#1435 = DIRECTION('',(-0.334148075907,0.825217396322,-0.455369423848));
#1436 = ORIENTED_EDGE('',*,*,#1437,.T.);
#1437 = EDGE_CURVE('',#1430,#1438,#1440,.T.);
#1438 = VERTEX_POINT('',#1439);
#1439 = CARTESIAN_POINT('',(28.458400385703,12.157015872829,
    3.161481382566));
#1440 = B_SPLINE_CURVE_WITH_KNOTS('',3,(#1441,#1442,#1443,#1444),
  .UNSPECIFIED.,.F.,.F.,(4,4),(-0.20096325517,-2.750714366844E-15),
  .PIECEWISE_BEZIER_KNOTS.);
#1441 = CARTESIAN_POINT('',(30.229096118916,12.503365782267,
    3.161481382566));
#1442 = CARTESIAN_POINT('',(29.666815015402,12.275686203898,
    3.161481382566));
#1443 = CARTESIAN_POINT('',(29.063611800911,12.157015872829,
    3.161481382566));
#1444 = CARTESIAN_POINT('',(28.458400385703,12.157015872829,
    3.161481382566));
#1445 = ORIENTED_EDGE('',*,*,#1446,.T.);
#1446 = EDGE_CURVE('',#1438,#1419,#1447,.T.);
#1447 = LINE('',#1448,#1449);
#1448 = CARTESIAN_POINT('',(28.458400385703,12.157015872829,
    3.161481382566));
#1449 = VECTOR('',#1450,1.);
#1450 = DIRECTION('',(7.509872369746E-15,-0.887010833178,0.461748613235)
  );
#1451 = B_SPLINE_SURFACE_WITH_KNOTS('',3,3,(
    (#1452,#1453,#1454,#1455)
    ,(#1456,#1457,#1458,#1459)
    ,(#1460,#1461,#1462,#1463)
    ,(#1464,#1465,#1466,#1467
    )),.UNSPECIFIED.,.F.,.F.,.F.,(4,4),(4,4),(0.,1.),(-0.20096325517,
    -2.750714366844E-15),.PIECEWISE_BEZIER_KNOTS.);
#1452 = CARTESIAN_POINT('',(30.526589013724,11.768672603468,
    3.566897956461));
#1453 = CARTESIAN_POINT('',(29.869935715945,11.506850869018,
    3.569621776244));
#1454 = CARTESIAN_POINT('',(29.165368855289,11.370227654654,
    3.57105740471));
#1455 = CARTESIAN_POINT('',(28.458400385703,11.370227654654,
    3.57105740471));
#1456 = CARTESIAN_POINT('',(30.427424715454,12.013570329734,
    3.431759098496));
#1457 = CARTESIAN_POINT('',(29.802228815764,11.763129313978,
    3.433574978351));
#1458 = CARTESIAN_POINT('',(29.131449837163,11.632490394046,
    3.434532063996));
#1459 = CARTESIAN_POINT('',(28.458400385703,11.632490394046,
    3.434532063996));
#1460 = CARTESIAN_POINT('',(30.328260417185,12.258468056001,
    3.296620240531));
#1461 = CARTESIAN_POINT('',(29.734521915583,12.019407758938,
    3.297528180459));
#1462 = CARTESIAN_POINT('',(29.097530819037,11.894753133437,
    3.298006723281));
#1463 = CARTESIAN_POINT('',(28.458400385703,11.894753133437,
    3.298006723281));
#1464 = CARTESIAN_POINT('',(30.229096118916,12.503365782267,
    3.161481382566));
#1465 = CARTESIAN_POINT('',(29.666815015402,12.275686203898,
    3.161481382566));
#1466 = CARTESIAN_POINT('',(29.063611800911,12.157015872829,
    3.161481382566));
#1467 = CARTESIAN_POINT('',(28.458400385703,12.157015872829,
    3.161481382566));
#1468 = ADVANCED_FACE('',(#1469),#1494,.F.);
#1469 = FACE_BOUND('',#1470,.T.);
#1470 = EDGE_LOOP('',(#1471,#1481,#1487,#1488));
#1471 = ORIENTED_EDGE('',*,*,#1472,.T.);
#1472 = EDGE_CURVE('',#1473,#1475,#1477,.T.);
#1473 = VERTEX_POINT('',#1474);
#1474 = CARTESIAN_POINT('',(28.035619381754,11.370227654654,
    3.57105740471));
#1475 = VERTEX_POINT('',#1476);
#1476 = CARTESIAN_POINT('',(28.035619381754,12.157015872829,
    3.161481382566));
#1477 = LINE('',#1478,#1479);
#1478 = CARTESIAN_POINT('',(28.035619381754,11.727324095479,
    3.385164763748));
#1479 = VECTOR('',#1480,1.);
#1480 = DIRECTION('',(0.,0.887010833178,-0.461748613235));
#1481 = ORIENTED_EDGE('',*,*,#1482,.F.);
#1482 = EDGE_CURVE('',#1438,#1475,#1483,.T.);
#1483 = LINE('',#1484,#1485);
#1484 = CARTESIAN_POINT('',(29.547492809801,12.157015872829,
    3.161481382566));
#1485 = VECTOR('',#1486,1.);
#1486 = DIRECTION('',(-1.,-3.358279635279E-15,0.));
#1487 = ORIENTED_EDGE('',*,*,#1446,.T.);
#1488 = ORIENTED_EDGE('',*,*,#1489,.F.);
#1489 = EDGE_CURVE('',#1473,#1419,#1490,.T.);
#1490 = LINE('',#1491,#1492);
#1491 = CARTESIAN_POINT('',(29.547492809801,11.370227654654,
    3.57105740471));
#1492 = VECTOR('',#1493,1.);
#1493 = DIRECTION('',(1.,3.358279635279E-15,0.));
#1494 = PLANE('',#1495);
#1495 = AXIS2_PLACEMENT_3D('',#1496,#1497,#1498);
#1496 = CARTESIAN_POINT('',(29.547492809801,11.763621763741,
    3.366269393638));
#1497 = DIRECTION('',(-1.550680964445E-15,0.461748613235,0.887010833178)
  );
#1498 = DIRECTION('',(1.,3.944304526105E-31,1.748209724665E-15));
#1499 = ADVANCED_FACE('',(#1500),#1534,.F.);
#1500 = FACE_BOUND('',#1501,.T.);
#1501 = EDGE_LOOP('',(#1502,#1512,#1520,#1528));
#1502 = ORIENTED_EDGE('',*,*,#1503,.F.);
#1503 = EDGE_CURVE('',#1504,#1506,#1508,.T.);
#1504 = VERTEX_POINT('',#1505);
#1505 = CARTESIAN_POINT('',(30.305308680926,12.534740008749,
    3.161481382566));
#1506 = VERTEX_POINT('',#1507);
#1507 = CARTESIAN_POINT('',(30.608332049451,11.801932663345,
    3.56664567769));
#1508 = LINE('',#1509,#1510);
#1509 = CARTESIAN_POINT('',(30.305308680926,12.534740008749,
    3.161481382566));
#1510 = VECTOR('',#1511,1.);
#1511 = DIRECTION('',(0.340285033811,-0.822917960163,0.454985853192));
#1512 = ORIENTED_EDGE('',*,*,#1513,.F.);
#1513 = EDGE_CURVE('',#1514,#1504,#1516,.T.);
#1514 = VERTEX_POINT('',#1515);
#1515 = CARTESIAN_POINT('',(31.335619381754,12.96078407224,
    3.161481382566));
#1516 = LINE('',#1517,#1518);
#1517 = CARTESIAN_POINT('',(31.638019329351,13.085829558393,
    3.161481382566));
#1518 = VECTOR('',#1519,1.);
#1519 = DIRECTION('',(-0.924109144655,-0.38212862856,0.));
#1520 = ORIENTED_EDGE('',*,*,#1521,.T.);
#1521 = EDGE_CURVE('',#1514,#1522,#1524,.T.);
#1522 = VERTEX_POINT('',#1523);
#1523 = CARTESIAN_POINT('',(31.335619381754,12.102673449722,
    3.56664567769));
#1524 = LINE('',#1525,#1526);
#1525 = CARTESIAN_POINT('',(31.335619381754,15.831939864553,
    1.805840533638));
#1526 = VECTOR('',#1527,1.);
#1527 = DIRECTION('',(0.,-0.904270865786,0.426959250152));
#1528 = ORIENTED_EDGE('',*,*,#1529,.F.);
#1529 = EDGE_CURVE('',#1506,#1522,#1530,.T.);
#1530 = LINE('',#1531,#1532);
#1531 = CARTESIAN_POINT('',(31.941042697876,12.353022212989,
    3.56664567769));
#1532 = VECTOR('',#1533,1.);
#1533 = DIRECTION('',(0.924109144655,0.38212862856,-3.252818829787E-17)
  );
#1534 = PLANE('',#1535);
#1535 = AXIS2_PLACEMENT_3D('',#1536,#1537,#1538);
#1536 = CARTESIAN_POINT('',(31.789531013614,12.719425885691,
    3.364063530128));
#1537 = DIRECTION('',(-0.173863120095,0.420456587624,0.890498665577));
#1538 = DIRECTION('',(0.981468359893,-1.110223024625E-16,0.191624263934)
  );
#1539 = ADVANCED_FACE('',(#1540),#1567,.F.);
#1540 = FACE_BOUND('',#1541,.F.);
#1541 = EDGE_LOOP('',(#1542,#1551,#1559,#1566));
#1542 = ORIENTED_EDGE('',*,*,#1543,.T.);
#1543 = EDGE_CURVE('',#1421,#1544,#1546,.T.);
#1544 = VERTEX_POINT('',#1545);
#1545 = CARTESIAN_POINT('',(30.564731131238,11.784041568101,
    3.566738088292));
#1546 = B_SPLINE_CURVE_WITH_KNOTS('',3,(#1547,#1548,#1549,#1550),
  .UNSPECIFIED.,.F.,.F.,(4,4),(4.29599550712E-03,8.192784340064E-03),
  .PIECEWISE_BEZIER_KNOTS.);
#1547 = CARTESIAN_POINT('',(30.526589013722,11.768672603467,
    3.566897956461));
#1548 = CARTESIAN_POINT('',(30.539321639812,11.773749374205,
    3.566845141103));
#1549 = CARTESIAN_POINT('',(30.552035752317,11.778872404636,
    3.566791851163));
#1550 = CARTESIAN_POINT('',(30.564731131238,11.784041568101,
    3.566738088292));
#1551 = ORIENTED_EDGE('',*,*,#1552,.T.);
#1552 = EDGE_CURVE('',#1544,#1553,#1555,.T.);
#1553 = VERTEX_POINT('',#1554);
#1554 = CARTESIAN_POINT('',(30.261756611881,12.516730780606,
    3.161481382566));
#1555 = LINE('',#1556,#1557);
#1556 = CARTESIAN_POINT('',(30.564731131238,11.784041568101,
    3.566738088292));
#1557 = VECTOR('',#1558,1.);
#1558 = DIRECTION('',(-0.340257604721,0.822851627857,-0.455126313196));
#1559 = ORIENTED_EDGE('',*,*,#1560,.T.);
#1560 = EDGE_CURVE('',#1553,#1430,#1561,.T.);
#1561 = B_SPLINE_CURVE_WITH_KNOTS('',3,(#1562,#1563,#1564,#1565),
  .UNSPECIFIED.,.F.,.F.,(4,4),(-8.192784340064E-03,-4.29599550712E-03),
  .PIECEWISE_BEZIER_KNOTS.);
#1562 = CARTESIAN_POINT('',(30.261756611881,12.516730780606,
    3.161481382566));
#1563 = CARTESIAN_POINT('',(30.250885745796,12.512235565758,
    3.161481382566));
#1564 = CARTESIAN_POINT('',(30.239998851112,12.507780530432,
    3.161481382566));
#1565 = CARTESIAN_POINT('',(30.229096118914,12.503365782267,
    3.161481382566));
#1566 = ORIENTED_EDGE('',*,*,#1429,.F.);
#1567 = B_SPLINE_SURFACE_WITH_KNOTS('',3,3,(
    (#1568,#1569,#1570,#1571)
    ,(#1572,#1573,#1574,#1575)
    ,(#1576,#1577,#1578,#1579)
    ,(#1580,#1581,#1582,#1583
    )),.UNSPECIFIED.,.F.,.F.,.F.,(4,4),(4,4),(0.,1.),(
    -8.192784340064E-03,-4.29599550712E-03),.PIECEWISE_BEZIER_KNOTS.);
#1568 = CARTESIAN_POINT('',(30.564731131238,11.784041568101,
    3.566738088292));
#1569 = CARTESIAN_POINT('',(30.552035752317,11.778872404636,
    3.566791851163));
#1570 = CARTESIAN_POINT('',(30.539321639812,11.773749374205,
    3.566845141103));
#1571 = CARTESIAN_POINT('',(30.526589013722,11.768672603467,
    3.566897956461));
#1572 = CARTESIAN_POINT('',(30.463739624785,12.028271305602,
    3.431652519716));
#1573 = CARTESIAN_POINT('',(30.45165241681,12.023326791676,
    3.431688361631));
#1574 = CARTESIAN_POINT('',(30.439547376912,12.01842642628,
    3.431723888257));
#1575 = CARTESIAN_POINT('',(30.427424715453,12.013570329734,
    3.431759098496));
#1576 = CARTESIAN_POINT('',(30.362748118333,12.272501043104,
    3.296566951141));
#1577 = CARTESIAN_POINT('',(30.351269081303,12.267781178717,
    3.296584872098));
#1578 = CARTESIAN_POINT('',(30.339773114012,12.263103478356,
    3.296602635412));
#1579 = CARTESIAN_POINT('',(30.328260417184,12.258468056,3.296620240531)
  );
#1580 = CARTESIAN_POINT('',(30.261756611881,12.516730780606,
    3.161481382566));
#1581 = CARTESIAN_POINT('',(30.250885745796,12.512235565758,
    3.161481382566));
#1582 = CARTESIAN_POINT('',(30.239998851112,12.507780530432,
    3.161481382566));
#1583 = CARTESIAN_POINT('',(30.229096118914,12.503365782267,
    3.161481382566));
#1584 = ADVANCED_FACE('',(#1585),#1603,.F.);
#1585 = FACE_BOUND('',#1586,.F.);
#1586 = EDGE_LOOP('',(#1587,#1594,#1595,#1602));
#1587 = ORIENTED_EDGE('',*,*,#1588,.T.);
#1588 = EDGE_CURVE('',#1544,#1506,#1589,.T.);
#1589 = B_SPLINE_CURVE_WITH_KNOTS('',3,(#1590,#1591,#1592,#1593),
  .UNSPECIFIED.,.F.,.F.,(4,4),(-0.148928589813,-0.144215719121),
  .PIECEWISE_BEZIER_KNOTS.);
#1590 = CARTESIAN_POINT('',(30.564731131238,11.784041568101,
    3.566738088292));
#1591 = CARTESIAN_POINT('',(30.579281069577,11.789965850484,
    3.566676471662));
#1592 = CARTESIAN_POINT('',(30.593814693103,11.795929587297,
    3.56664567769));
#1593 = CARTESIAN_POINT('',(30.608332049451,11.801932663345,
    3.56664567769));
#1594 = ORIENTED_EDGE('',*,*,#1503,.F.);
#1595 = ORIENTED_EDGE('',*,*,#1596,.T.);
#1596 = EDGE_CURVE('',#1504,#1553,#1597,.T.);
#1597 = B_SPLINE_CURVE_WITH_KNOTS('',3,(#1598,#1599,#1600,#1601),
  .UNSPECIFIED.,.F.,.F.,(4,4),(0.144215719121,0.148928589813),
  .PIECEWISE_BEZIER_KNOTS.);
#1598 = CARTESIAN_POINT('',(30.305308680926,12.534740008749,
    3.161481382566));
#1599 = CARTESIAN_POINT('',(30.290791324578,12.528736932701,
    3.161481382566));
#1600 = CARTESIAN_POINT('',(30.27627396823,12.522733856654,
    3.161481382566));
#1601 = CARTESIAN_POINT('',(30.261756611881,12.516730780606,
    3.161481382566));
#1602 = ORIENTED_EDGE('',*,*,#1552,.F.);
#1603 = B_SPLINE_SURFACE_WITH_KNOTS('',3,3,(
    (#1604,#1605,#1606,#1607)
    ,(#1608,#1609,#1610,#1611)
    ,(#1612,#1613,#1614,#1615)
    ,(#1616,#1617,#1618,#1619
    )),.UNSPECIFIED.,.F.,.F.,.F.,(4,4),(4,4),(0.,1.),(0.144215719121,
    0.148928589813),.PIECEWISE_BEZIER_KNOTS.);
#1604 = CARTESIAN_POINT('',(30.608332049451,11.801932663345,
    3.56664567769));
#1605 = CARTESIAN_POINT('',(30.593814693103,11.795929587297,
    3.56664567769));
#1606 = CARTESIAN_POINT('',(30.579281069577,11.789965850484,
    3.566676471662));
#1607 = CARTESIAN_POINT('',(30.564731131238,11.784041568101,
    3.566738088292));
#1608 = CARTESIAN_POINT('',(30.507324259943,12.046201778479,
    3.431590912649));
#1609 = CARTESIAN_POINT('',(30.492806903595,12.040198702432,
    3.431590912649));
#1610 = CARTESIAN_POINT('',(30.478278702461,12.03422185254,
    3.431611441963));
#1611 = CARTESIAN_POINT('',(30.463739624786,12.028271305603,
    3.431652519716));
#1612 = CARTESIAN_POINT('',(30.406316470435,12.290470893614,
    3.296536147607));
#1613 = CARTESIAN_POINT('',(30.391799114086,12.284467817567,
    3.296536147607));
#1614 = CARTESIAN_POINT('',(30.377276335345,12.278477854597,
    3.296546412265));
#1615 = CARTESIAN_POINT('',(30.362748118333,12.272501043104,
    3.296566951141));
#1616 = CARTESIAN_POINT('',(30.305308680926,12.534740008749,
    3.161481382566));
#1617 = CARTESIAN_POINT('',(30.290791324578,12.528736932701,
    3.161481382566));
#1618 = CARTESIAN_POINT('',(30.27627396823,12.522733856654,
    3.161481382566));
#1619 = CARTESIAN_POINT('',(30.261756611881,12.516730780606,
    3.161481382566));
#1620 = ADVANCED_FACE('',(#1621),#1659,.T.);
#1621 = FACE_BOUND('',#1622,.T.);
#1622 = EDGE_LOOP('',(#1623,#1624,#1630,#1631,#1632,#1640,#1649,#1655,
    #1656,#1657,#1658));
#1623 = ORIENTED_EDGE('',*,*,#1482,.T.);
#1624 = ORIENTED_EDGE('',*,*,#1625,.T.);
#1625 = EDGE_CURVE('',#1475,#393,#1626,.T.);
#1626 = LINE('',#1627,#1628);
#1627 = CARTESIAN_POINT('',(28.035619381754,19.375942501231,
    3.161481382566));
#1628 = VECTOR('',#1629,1.);
#1629 = DIRECTION('',(0.,1.,0.));
#1630 = ORIENTED_EDGE('',*,*,#392,.T.);
#1631 = ORIENTED_EDGE('',*,*,#304,.T.);
#1632 = ORIENTED_EDGE('',*,*,#1633,.T.);
#1633 = EDGE_CURVE('',#305,#1634,#1636,.T.);
#1634 = VERTEX_POINT('',#1635);
#1635 = CARTESIAN_POINT('',(30.78290779202,17.688768817621,
    3.161481382566));
#1636 = LINE('',#1637,#1638);
#1637 = CARTESIAN_POINT('',(29.96345633555,17.500977858847,
    3.161481382566));
#1638 = VECTOR('',#1639,1.);
#1639 = DIRECTION('',(0.974732318528,0.223376156329,0.));
#1640 = ORIENTED_EDGE('',*,*,#1641,.T.);
#1641 = EDGE_CURVE('',#1634,#1642,#1644,.T.);
#1642 = VERTEX_POINT('',#1643);
#1643 = CARTESIAN_POINT('',(31.335619381754,18.032876199749,
    3.161481382566));
#1644 = CIRCLE('',#1645,1.);
#1645 = AXIS2_PLACEMENT_3D('',#1646,#1647,#1648);
#1646 = CARTESIAN_POINT('',(30.55953163569,18.663501136149,
    3.161481382566));
#1647 = DIRECTION('',(0.,0.,1.));
#1648 = DIRECTION('',(0.999512116526,-3.123345829234E-02,0.));
#1649 = ORIENTED_EDGE('',*,*,#1650,.T.);
#1650 = EDGE_CURVE('',#1642,#1514,#1651,.T.);
#1651 = LINE('',#1652,#1653);
#1652 = CARTESIAN_POINT('',(31.335619381754,10.523613821027,
    3.161481382566));
#1653 = VECTOR('',#1654,1.);
#1654 = DIRECTION('',(0.,-1.,0.));
#1655 = ORIENTED_EDGE('',*,*,#1513,.T.);
#1656 = ORIENTED_EDGE('',*,*,#1596,.T.);
#1657 = ORIENTED_EDGE('',*,*,#1560,.T.);
#1658 = ORIENTED_EDGE('',*,*,#1437,.T.);
#1659 = PLANE('',#1660);
#1660 = AXIS2_PLACEMENT_3D('',#1661,#1662,#1663);
#1661 = CARTESIAN_POINT('',(29.685619381754,14.949778161129,
    3.161481382566));
#1662 = DIRECTION('',(0.,0.,-1.));
#1663 = DIRECTION('',(-1.,0.,0.));
#1664 = ADVANCED_FACE('',(#1665),#1699,.F.);
#1665 = FACE_BOUND('',#1666,.T.);
#1666 = EDGE_LOOP('',(#1667,#1677,#1685,#1693));
#1667 = ORIENTED_EDGE('',*,*,#1668,.T.);
#1668 = EDGE_CURVE('',#1669,#1671,#1673,.T.);
#1669 = VERTEX_POINT('',#1670);
#1670 = CARTESIAN_POINT('',(28.035619381754,12.115918843135,
    8.161481382566));
#1671 = VERTEX_POINT('',#1672);
#1672 = CARTESIAN_POINT('',(28.035619381754,11.115918843135,
    7.161481382566));
#1673 = LINE('',#1674,#1675);
#1674 = CARTESIAN_POINT('',(28.035619381754,14.055924757659,
    10.10148729709));
#1675 = VECTOR('',#1676,1.);
#1676 = DIRECTION('',(0.,-0.707106781187,-0.707106781187));
#1677 = ORIENTED_EDGE('',*,*,#1678,.F.);
#1678 = EDGE_CURVE('',#1679,#1671,#1681,.T.);
#1679 = VERTEX_POINT('',#1680);
#1680 = CARTESIAN_POINT('',(28.458400385703,11.115918843135,
    7.161481382566));
#1681 = LINE('',#1682,#1683);
#1682 = CARTESIAN_POINT('',(26.753801966654,11.115918843135,
    7.161481382566));
#1683 = VECTOR('',#1684,1.);
#1684 = DIRECTION('',(-1.,-3.831314754636E-15,0.));
#1685 = ORIENTED_EDGE('',*,*,#1686,.F.);
#1686 = EDGE_CURVE('',#1687,#1679,#1689,.T.);
#1687 = VERTEX_POINT('',#1688);
#1688 = CARTESIAN_POINT('',(28.458400385703,12.115918843135,
    8.161481382566));
#1689 = LINE('',#1690,#1691);
#1690 = CARTESIAN_POINT('',(28.458400385703,12.115918843135,
    8.161481382566));
#1691 = VECTOR('',#1692,1.);
#1692 = DIRECTION('',(2.747661802697E-15,-0.707106781187,-0.707106781187
    ));
#1693 = ORIENTED_EDGE('',*,*,#1694,.F.);
#1694 = EDGE_CURVE('',#1669,#1687,#1695,.T.);
#1695 = LINE('',#1696,#1697);
#1696 = CARTESIAN_POINT('',(26.753801966654,12.115918843135,
    8.161481382566));
#1697 = VECTOR('',#1698,1.);
#1698 = DIRECTION('',(1.,3.831314754636E-15,0.));
#1699 = PLANE('',#1700);
#1700 = AXIS2_PLACEMENT_3D('',#1701,#1702,#1703);
#1701 = CARTESIAN_POINT('',(26.753801966654,11.615918843135,
    7.661481382566));
#1702 = DIRECTION('',(-2.709148643863E-15,0.707106781187,-0.707106781187
    ));
#1703 = DIRECTION('',(-1.,-7.88860905221E-31,3.831314754636E-15));
#1704 = ADVANCED_FACE('',(#1705),#1732,.T.);
#1705 = FACE_BOUND('',#1706,.T.);
#1706 = EDGE_LOOP('',(#1707,#1717,#1724,#1725));
#1707 = ORIENTED_EDGE('',*,*,#1708,.F.);
#1708 = EDGE_CURVE('',#1709,#1711,#1713,.T.);
#1709 = VERTEX_POINT('',#1710);
#1710 = CARTESIAN_POINT('',(30.188441696165,12.509402925508,
    8.161481382566));
#1711 = VERTEX_POINT('',#1712);
#1712 = CARTESIAN_POINT('',(30.62095202378,11.607773946102,
    7.161481382566));
#1713 = LINE('',#1714,#1715);
#1714 = CARTESIAN_POINT('',(30.188441696165,12.509402925508,
    8.161481382566));
#1715 = VECTOR('',#1716,1.);
#1716 = DIRECTION('',(0.30583098559,-0.637547965453,-0.707106781187));
#1717 = ORIENTED_EDGE('',*,*,#1718,.F.);
#1718 = EDGE_CURVE('',#1687,#1709,#1719,.T.);
#1719 = CIRCLE('',#1720,4.);
#1720 = AXIS2_PLACEMENT_3D('',#1721,#1722,#1723);
#1721 = CARTESIAN_POINT('',(28.458400385703,16.115918843136,
    8.161481382566));
#1722 = DIRECTION('',(0.,0.,1.));
#1723 = DIRECTION('',(0.432510327615,-0.901628979407,0.));
#1724 = ORIENTED_EDGE('',*,*,#1686,.T.);
#1725 = ORIENTED_EDGE('',*,*,#1726,.F.);
#1726 = EDGE_CURVE('',#1711,#1679,#1727,.T.);
#1727 = CIRCLE('',#1728,5.);
#1728 = AXIS2_PLACEMENT_3D('',#1729,#1730,#1731);
#1729 = CARTESIAN_POINT('',(28.458400385703,16.115918843136,
    7.161481382566));
#1730 = DIRECTION('',(0.,0.,-1.));
#1731 = DIRECTION('',(0.432510327615,-0.901628979407,0.));
#1732 = CONICAL_SURFACE('',#1733,4.5,0.785398163397);
#1733 = AXIS2_PLACEMENT_3D('',#1734,#1735,#1736);
#1734 = CARTESIAN_POINT('',(28.458400385703,16.115918843136,
    7.661481382566));
#1735 = DIRECTION('',(0.,0.,-1.));
#1736 = DIRECTION('',(0.432510327615,-0.901628979407,0.));
#1737 = ADVANCED_FACE('',(#1738),#1763,.F.);
#1738 = FACE_BOUND('',#1739,.T.);
#1739 = EDGE_LOOP('',(#1740,#1750,#1756,#1757));
#1740 = ORIENTED_EDGE('',*,*,#1741,.T.);
#1741 = EDGE_CURVE('',#1742,#1744,#1746,.T.);
#1742 = VERTEX_POINT('',#1743);
#1743 = CARTESIAN_POINT('',(31.335619381754,11.950599010727,
    7.161481382566));
#1744 = VERTEX_POINT('',#1745);
#1745 = CARTESIAN_POINT('',(31.335619381754,13.059702669594,
    8.161481382566));
#1746 = LINE('',#1747,#1748);
#1747 = CARTESIAN_POINT('',(31.335619381754,12.368734433692,
    7.538484397227));
#1748 = VECTOR('',#1749,1.);
#1749 = DIRECTION('',(0.,0.742692272572,0.669632875732));
#1750 = ORIENTED_EDGE('',*,*,#1751,.F.);
#1751 = EDGE_CURVE('',#1709,#1744,#1752,.T.);
#1752 = LINE('',#1753,#1754);
#1753 = CARTESIAN_POINT('',(30.459889868607,12.639616284524,
    8.161481382566));
#1754 = VECTOR('',#1755,1.);
#1755 = DIRECTION('',(0.901628979407,0.432510327615,0.));
#1756 = ORIENTED_EDGE('',*,*,#1708,.T.);
#1757 = ORIENTED_EDGE('',*,*,#1758,.F.);
#1758 = EDGE_CURVE('',#1742,#1711,#1759,.T.);
#1759 = LINE('',#1760,#1761);
#1760 = CARTESIAN_POINT('',(30.892400196223,11.737987305117,
    7.161481382566));
#1761 = VECTOR('',#1762,1.);
#1762 = DIRECTION('',(-0.901628979407,-0.432510327615,0.));
#1763 = PLANE('',#1764);
#1764 = AXIS2_PLACEMENT_3D('',#1765,#1766,#1767);
#1765 = CARTESIAN_POINT('',(30.676145032415,12.18880179482,
    7.661481382566));
#1766 = DIRECTION('',(-0.30583098559,0.637547965453,-0.707106781187));
#1767 = DIRECTION('',(-0.917830987947,8.326672684689E-17,0.396971381292)
  );
#1768 = ADVANCED_FACE('',(#1769),#1790,.T.);
#1769 = FACE_BOUND('',#1770,.T.);
#1770 = EDGE_LOOP('',(#1771,#1772,#1778,#1779,#1780,#1781,#1782,#1788,
    #1789));
#1771 = ORIENTED_EDGE('',*,*,#1751,.T.);
#1772 = ORIENTED_EDGE('',*,*,#1773,.T.);
#1773 = EDGE_CURVE('',#1744,#547,#1774,.T.);
#1774 = LINE('',#1775,#1776);
#1775 = CARTESIAN_POINT('',(31.335619381754,10.523613821027,
    8.161481382566));
#1776 = VECTOR('',#1777,1.);
#1777 = DIRECTION('',(0.,1.,0.));
#1778 = ORIENTED_EDGE('',*,*,#554,.T.);
#1779 = ORIENTED_EDGE('',*,*,#439,.T.);
#1780 = ORIENTED_EDGE('',*,*,#262,.T.);
#1781 = ORIENTED_EDGE('',*,*,#368,.T.);
#1782 = ORIENTED_EDGE('',*,*,#1783,.T.);
#1783 = EDGE_CURVE('',#361,#1669,#1784,.T.);
#1784 = LINE('',#1785,#1786);
#1785 = CARTESIAN_POINT('',(28.035619381754,19.375942501231,
    8.161481382566));
#1786 = VECTOR('',#1787,1.);
#1787 = DIRECTION('',(0.,-1.,0.));
#1788 = ORIENTED_EDGE('',*,*,#1694,.T.);
#1789 = ORIENTED_EDGE('',*,*,#1718,.T.);
#1790 = PLANE('',#1791);
#1791 = AXIS2_PLACEMENT_3D('',#1792,#1793,#1794);
#1792 = CARTESIAN_POINT('',(29.685619381754,14.949778161129,
    8.161481382566));
#1793 = DIRECTION('',(0.,0.,1.));
#1794 = DIRECTION('',(1.,0.,-0.));
#1795 = ADVANCED_FACE('',(#1796),#1822,.T.);
#1796 = FACE_BOUND('',#1797,.T.);
#1797 = EDGE_LOOP('',(#1798,#1806,#1814,#1820,#1821));
#1798 = ORIENTED_EDGE('',*,*,#1799,.T.);
#1799 = EDGE_CURVE('',#1642,#1800,#1802,.T.);
#1800 = VERTEX_POINT('',#1801);
#1801 = CARTESIAN_POINT('',(31.335619381754,18.032876199749,
    1.481798768775));
#1802 = LINE('',#1803,#1804);
#1803 = CARTESIAN_POINT('',(31.335619381754,18.032876199749,
    9.661481382566));
#1804 = VECTOR('',#1805,1.);
#1805 = DIRECTION('',(0.,0.,-1.));
#1806 = ORIENTED_EDGE('',*,*,#1807,.T.);
#1807 = EDGE_CURVE('',#1800,#1808,#1810,.T.);
#1808 = VERTEX_POINT('',#1809);
#1809 = CARTESIAN_POINT('',(31.335619381754,13.046024606788,
    2.361115253403));
#1810 = LINE('',#1811,#1812);
#1811 = CARTESIAN_POINT('',(31.335619381754,17.515275111951,
    1.573065805798));
#1812 = VECTOR('',#1813,1.);
#1813 = DIRECTION('',(0.,-0.984807753012,0.173648177667));
#1814 = ORIENTED_EDGE('',*,*,#1815,.T.);
#1815 = EDGE_CURVE('',#1808,#1522,#1816,.T.);
#1816 = LINE('',#1817,#1818);
#1817 = CARTESIAN_POINT('',(31.335619381754,14.42612648841,
    0.597450901639));
#1818 = VECTOR('',#1819,1.);
#1819 = DIRECTION('',(0.,-0.616264734611,0.787539063714));
#1820 = ORIENTED_EDGE('',*,*,#1521,.F.);
#1821 = ORIENTED_EDGE('',*,*,#1650,.F.);
#1822 = PLANE('',#1823);
#1823 = AXIS2_PLACEMENT_3D('',#1824,#1825,#1826);
#1824 = CARTESIAN_POINT('',(31.335619381754,19.375942501231,
    1.161481382566));
#1825 = DIRECTION('',(-1.,0.,0.));
#1826 = DIRECTION('',(0.,-1.,0.));
#1827 = ADVANCED_FACE('',(#1828),#1847,.T.);
#1828 = FACE_BOUND('',#1829,.T.);
#1829 = EDGE_LOOP('',(#1830,#1831,#1832,#1833,#1841));
#1830 = ORIENTED_EDGE('',*,*,#400,.T.);
#1831 = ORIENTED_EDGE('',*,*,#1625,.F.);
#1832 = ORIENTED_EDGE('',*,*,#1472,.F.);
#1833 = ORIENTED_EDGE('',*,*,#1834,.T.);
#1834 = EDGE_CURVE('',#1473,#1835,#1837,.T.);
#1835 = VERTEX_POINT('',#1836);
#1836 = CARTESIAN_POINT('',(28.035619381754,12.100726596148,
    2.527796797489));
#1837 = LINE('',#1838,#1839);
#1838 = CARTESIAN_POINT('',(28.035619381754,11.916076676729,
    2.791504211852));
#1839 = VECTOR('',#1840,1.);
#1840 = DIRECTION('',(0.,0.573576436351,-0.819152044289));
#1841 = ORIENTED_EDGE('',*,*,#1842,.T.);
#1842 = EDGE_CURVE('',#1835,#401,#1843,.T.);
#1843 = LINE('',#1844,#1845);
#1844 = CARTESIAN_POINT('',(28.035619381754,13.22257595751,2.32998448679
    ));
#1845 = VECTOR('',#1846,1.);
#1846 = DIRECTION('',(0.,0.984807753012,-0.173648177667));
#1847 = PLANE('',#1848);
#1848 = AXIS2_PLACEMENT_3D('',#1849,#1850,#1851);
#1849 = CARTESIAN_POINT('',(28.035619381754,10.523613821027,
    1.161481382566));
#1850 = DIRECTION('',(1.,0.,0.));
#1851 = DIRECTION('',(-0.,1.,0.));
#1852 = ADVANCED_FACE('',(#1853),#1887,.F.);
#1853 = FACE_BOUND('',#1854,.T.);
#1854 = EDGE_LOOP('',(#1855,#1856,#1857,#1865,#1873,#1881));
#1855 = ORIENTED_EDGE('',*,*,#1529,.T.);
#1856 = ORIENTED_EDGE('',*,*,#1815,.F.);
#1857 = ORIENTED_EDGE('',*,*,#1858,.F.);
#1858 = EDGE_CURVE('',#1859,#1808,#1861,.T.);
#1859 = VERTEX_POINT('',#1860);
#1860 = CARTESIAN_POINT('',(34.63282057248,14.627688017998,
    2.082225319607));
#1861 = LINE('',#1862,#1863);
#1862 = CARTESIAN_POINT('',(32.516537486534,13.612509589026,
    2.261228666868));
#1863 = VECTOR('',#1864,1.);
#1864 = DIRECTION('',(-0.899018387515,-0.431258029852,7.604242631004E-02
    ));
#1865 = ORIENTED_EDGE('',*,*,#1866,.F.);
#1866 = EDGE_CURVE('',#1867,#1859,#1869,.T.);
#1867 = VERTEX_POINT('',#1868);
#1868 = CARTESIAN_POINT('',(35.153226884551,13.78190069851,
    3.438077249338));
#1869 = LINE('',#1870,#1871);
#1870 = CARTESIAN_POINT('',(35.153226884551,13.78190069851,
    3.438077249338));
#1871 = VECTOR('',#1872,1.);
#1872 = DIRECTION('',(-0.309649752875,0.503256452486,-0.806752733851));
#1873 = ORIENTED_EDGE('',*,*,#1874,.F.);
#1874 = EDGE_CURVE('',#1875,#1867,#1877,.T.);
#1875 = VERTEX_POINT('',#1876);
#1876 = CARTESIAN_POINT('',(30.703447455749,11.647346904739,
    3.814456674954));
#1877 = LINE('',#1878,#1879);
#1878 = CARTESIAN_POINT('',(33.036943798604,12.766722269538,
    3.617080596599));
#1879 = VECTOR('',#1880,1.);
#1880 = DIRECTION('',(0.899018387515,0.431258029852,-7.604242631004E-02)
  );
#1881 = ORIENTED_EDGE('',*,*,#1882,.F.);
#1882 = EDGE_CURVE('',#1506,#1875,#1883,.T.);
#1883 = LINE('',#1884,#1885);
#1884 = CARTESIAN_POINT('',(30.183041143679,12.493134224227,
    2.458604745223));
#1885 = VECTOR('',#1886,1.);
#1886 = DIRECTION('',(0.309649752875,-0.503256452486,0.806752733851));
#1887 = PLANE('',#1888);
#1888 = AXIS2_PLACEMENT_3D('',#1889,#1890,#1891);
#1889 = CARTESIAN_POINT('',(32.776740642569,13.189615929282,
    2.939154631734));
#1890 = DIRECTION('',(-0.309649752875,0.748832060424,0.585975746789));
#1891 = DIRECTION('',(0.884144982243,-1.387778780781E-16,0.467212639357)
  );
#1892 = ADVANCED_FACE('',(#1893),#1913,.F.);
#1893 = FACE_BOUND('',#1894,.F.);
#1894 = EDGE_LOOP('',(#1895,#1903,#1910,#1911,#1912));
#1895 = ORIENTED_EDGE('',*,*,#1896,.F.);
#1896 = EDGE_CURVE('',#1897,#1421,#1899,.T.);
#1897 = VERTEX_POINT('',#1898);
#1898 = CARTESIAN_POINT('',(30.620952031556,11.607773949832,
    3.822421603684));
#1899 = LINE('',#1900,#1901);
#1900 = CARTESIAN_POINT('',(30.620952031556,11.607773949832,
    3.822421603684));
#1901 = VECTOR('',#1902,1.);
#1902 = DIRECTION('',(-0.298275188416,0.508589883009,-0.807693161341));
#1903 = ORIENTED_EDGE('',*,*,#1904,.T.);
#1904 = EDGE_CURVE('',#1897,#1875,#1905,.T.);
#1905 = B_SPLINE_CURVE_WITH_KNOTS('',3,(#1906,#1907,#1908,#1909),
  .UNSPECIFIED.,.F.,.F.,(4,4),(0.429630926364,0.447275137269),
  .PIECEWISE_BEZIER_KNOTS.);
#1906 = CARTESIAN_POINT('',(30.620952031612,11.607773949859,
    3.822421604522));
#1907 = CARTESIAN_POINT('',(30.648432918953,11.620956498178,
    3.81943895353));
#1908 = CARTESIAN_POINT('',(30.675927639608,11.634145682321,
    3.816784406644));
#1909 = CARTESIAN_POINT('',(30.703447455749,11.647346904739,
    3.814456674954));
#1910 = ORIENTED_EDGE('',*,*,#1882,.F.);
#1911 = ORIENTED_EDGE('',*,*,#1588,.F.);
#1912 = ORIENTED_EDGE('',*,*,#1543,.F.);
#1913 = B_SPLINE_SURFACE_WITH_KNOTS('',3,3,(
    (#1914,#1915,#1916,#1917)
    ,(#1918,#1919,#1920,#1921)
    ,(#1922,#1923,#1924,#1925)
    ,(#1926,#1927,#1928,#1929
    )),.UNSPECIFIED.,.F.,.F.,.F.,(4,4),(4,4),(0.811913446726,1.),(
    0.429630926364,0.447275137269),.PIECEWISE_BEZIER_KNOTS.);
#1914 = CARTESIAN_POINT('',(30.526589013699,11.768672603504,
    3.566897956401));
#1915 = CARTESIAN_POINT('',(30.55291652832,11.781215451022,
    3.564151902755));
#1916 = CARTESIAN_POINT('',(30.579239357454,11.793799255399,
    3.561665969446));
#1917 = CARTESIAN_POINT('',(30.60556602621,11.806428126464,
    3.559439158741));
#1918 = CARTESIAN_POINT('',(30.558043353003,11.715039718956,
    3.652072505774));
#1919 = CARTESIAN_POINT('',(30.584755325198,11.727795800074,
    3.649247586347));
#1920 = CARTESIAN_POINT('',(30.611468784839,11.740581397707,
    3.646705448512));
#1921 = CARTESIAN_POINT('',(30.63819316939,11.753401052555,
    3.644444997479));
#1922 = CARTESIAN_POINT('',(30.589497692307,11.661406834407,
    3.737247055148));
#1923 = CARTESIAN_POINT('',(30.616594122075,11.674376149126,
    3.734343269938));
#1924 = CARTESIAN_POINT('',(30.643698212224,11.687363540014,
    3.731744927578));
#1925 = CARTESIAN_POINT('',(30.67082031257,11.700373978647,
    3.729450836216));
#1926 = CARTESIAN_POINT('',(30.620952031612,11.607773949859,
    3.822421604522));
#1927 = CARTESIAN_POINT('',(30.648432918953,11.620956498178,
    3.81943895353));
#1928 = CARTESIAN_POINT('',(30.675927639608,11.634145682321,
    3.816784406644));
#1929 = CARTESIAN_POINT('',(30.703447455749,11.647346904739,
    3.814456674954));
#1930 = ADVANCED_FACE('',(#1931),#1950,.F.);
#1931 = FACE_BOUND('',#1932,.F.);
#1932 = EDGE_LOOP('',(#1933,#1941,#1948,#1949));
#1933 = ORIENTED_EDGE('',*,*,#1934,.F.);
#1934 = EDGE_CURVE('',#1935,#1419,#1937,.T.);
#1935 = VERTEX_POINT('',#1936);
#1936 = CARTESIAN_POINT('',(28.458400385703,11.115918843135,
    3.934248026977));
#1937 = LINE('',#1938,#1939);
#1938 = CARTESIAN_POINT('',(28.458400385703,11.115918843135,
    3.934248026977));
#1939 = VECTOR('',#1940,1.);
#1940 = DIRECTION('',(-2.586485592022E-15,0.573576436351,-0.819152044289
    ));
#1941 = ORIENTED_EDGE('',*,*,#1942,.T.);
#1942 = EDGE_CURVE('',#1935,#1897,#1943,.T.);
#1943 = B_SPLINE_CURVE_WITH_KNOTS('',3,(#1944,#1945,#1946,#1947),
  .UNSPECIFIED.,.F.,.F.,(4,4),(3.552713678801E-15,0.429630926368),
  .PIECEWISE_BEZIER_KNOTS.);
#1944 = CARTESIAN_POINT('',(28.458400385703,11.115918843135,
    3.934248026977));
#1945 = CARTESIAN_POINT('',(29.205582476737,11.115918843135,
    3.934248026977));
#1946 = CARTESIAN_POINT('',(29.95180116181,11.286783087958,
    3.895048209746));
#1947 = CARTESIAN_POINT('',(30.62095203163,11.607773949867,3.82242160452
    ));
#1948 = ORIENTED_EDGE('',*,*,#1896,.T.);
#1949 = ORIENTED_EDGE('',*,*,#1418,.F.);
#1950 = B_SPLINE_SURFACE_WITH_KNOTS('',3,3,(
    (#1951,#1952,#1953,#1954)
    ,(#1955,#1956,#1957,#1958)
    ,(#1959,#1960,#1961,#1962)
    ,(#1963,#1964,#1965,#1966
    )),.UNSPECIFIED.,.F.,.F.,.F.,(4,4),(4,4),(0.741768065147,1.),(
    3.552713678801E-15,0.429630926368),.PIECEWISE_BEZIER_KNOTS.);
#1951 = CARTESIAN_POINT('',(28.458400385703,11.370227654654,
    3.57105740471));
#1952 = CARTESIAN_POINT('',(29.159991601336,11.370227654654,
    3.57105740471));
#1953 = CARTESIAN_POINT('',(29.860804267705,11.529073259815,
    3.536319436933));
#1954 = CARTESIAN_POINT('',(30.491397077965,11.828678474529,
    3.47160244756));
#1955 = CARTESIAN_POINT('',(28.458400385703,11.285458050814,
    3.692120945466));
#1956 = CARTESIAN_POINT('',(29.175188559803,11.285458050814,
    3.692120945466));
#1957 = CARTESIAN_POINT('',(29.89113656574,11.448309869196,
    3.655895694537));
#1958 = CARTESIAN_POINT('',(30.53458206252,11.755043632975,
    3.588542166547));
#1959 = CARTESIAN_POINT('',(28.458400385703,11.200688446975,
    3.813184486222));
#1960 = CARTESIAN_POINT('',(29.19038551827,11.200688446975,
    3.813184486222));
#1961 = CARTESIAN_POINT('',(29.921468863775,11.367546478577,
    3.775471952142));
#1962 = CARTESIAN_POINT('',(30.577767047075,11.681408791421,
    3.705481885533));
#1963 = CARTESIAN_POINT('',(28.458400385703,11.115918843135,
    3.934248026977));
#1964 = CARTESIAN_POINT('',(29.205582476737,11.115918843135,
    3.934248026977));
#1965 = CARTESIAN_POINT('',(29.95180116181,11.286783087958,
    3.895048209746));
#1966 = CARTESIAN_POINT('',(30.62095203163,11.607773949867,3.82242160452
    ));
#1967 = ADVANCED_FACE('',(#1968),#1995,.T.);
#1968 = FACE_BOUND('',#1969,.T.);
#1969 = EDGE_LOOP('',(#1970,#1971,#1979,#1987,#1993,#1994));
#1970 = ORIENTED_EDGE('',*,*,#360,.T.);
#1971 = ORIENTED_EDGE('',*,*,#1972,.T.);
#1972 = EDGE_CURVE('',#353,#1973,#1975,.T.);
#1973 = VERTEX_POINT('',#1974);
#1974 = CARTESIAN_POINT('',(28.035619381754,12.115918843135,
    9.661481382566));
#1975 = LINE('',#1976,#1977);
#1976 = CARTESIAN_POINT('',(28.035619381754,17.628774204308,
    9.661481382566));
#1977 = VECTOR('',#1978,1.);
#1978 = DIRECTION('',(0.,-1.,0.));
#1979 = ORIENTED_EDGE('',*,*,#1980,.T.);
#1980 = EDGE_CURVE('',#1973,#1981,#1983,.T.);
#1981 = VERTEX_POINT('',#1982);
#1982 = CARTESIAN_POINT('',(28.035619381754,11.115918843135,
    8.661481382566));
#1983 = LINE('',#1984,#1985);
#1984 = CARTESIAN_POINT('',(28.035619381754,13.680924757659,
    11.22648729709));
#1985 = VECTOR('',#1986,1.);
#1986 = DIRECTION('',(0.,-0.707106781187,-0.707106781187));
#1987 = ORIENTED_EDGE('',*,*,#1988,.T.);
#1988 = EDGE_CURVE('',#1981,#1671,#1989,.T.);
#1989 = LINE('',#1990,#1991);
#1990 = CARTESIAN_POINT('',(28.035619381754,11.115918843135,
    9.661481382566));
#1991 = VECTOR('',#1992,1.);
#1992 = DIRECTION('',(0.,0.,-1.));
#1993 = ORIENTED_EDGE('',*,*,#1668,.F.);
#1994 = ORIENTED_EDGE('',*,*,#1783,.F.);
#1995 = PLANE('',#1996);
#1996 = AXIS2_PLACEMENT_3D('',#1997,#1998,#1999);
#1997 = CARTESIAN_POINT('',(28.035619381754,19.375942501231,
    9.661481382566));
#1998 = DIRECTION('',(1.,0.,0.));
#1999 = DIRECTION('',(0.,-1.,0.));
#2000 = ADVANCED_FACE('',(#2001),#2028,.T.);
#2001 = FACE_BOUND('',#2002,.T.);
#2002 = EDGE_LOOP('',(#2003,#2004,#2005,#2006,#2014,#2022));
#2003 = ORIENTED_EDGE('',*,*,#546,.T.);
#2004 = ORIENTED_EDGE('',*,*,#1773,.F.);
#2005 = ORIENTED_EDGE('',*,*,#1741,.F.);
#2006 = ORIENTED_EDGE('',*,*,#2007,.T.);
#2007 = EDGE_CURVE('',#1742,#2008,#2010,.T.);
#2008 = VERTEX_POINT('',#2009);
#2009 = CARTESIAN_POINT('',(31.335619381754,11.950599010727,
    8.661481382566));
#2010 = LINE('',#2011,#2012);
#2011 = CARTESIAN_POINT('',(31.335619381754,11.950599010727,
    9.661481382566));
#2012 = VECTOR('',#2013,1.);
#2013 = DIRECTION('',(0.,0.,1.));
#2014 = ORIENTED_EDGE('',*,*,#2015,.T.);
#2015 = EDGE_CURVE('',#2008,#2016,#2018,.T.);
#2016 = VERTEX_POINT('',#2017);
#2017 = CARTESIAN_POINT('',(31.335619381754,13.059702669594,
    9.661481382566));
#2018 = LINE('',#2019,#2020);
#2019 = CARTESIAN_POINT('',(31.335619381754,12.305380487292,
    8.981362643193));
#2020 = VECTOR('',#2021,1.);
#2021 = DIRECTION('',(0.,0.742692272572,0.669632875732));
#2022 = ORIENTED_EDGE('',*,*,#2023,.T.);
#2023 = EDGE_CURVE('',#2016,#538,#2024,.T.);
#2024 = LINE('',#2025,#2026);
#2025 = CARTESIAN_POINT('',(31.335619381754,13.202609864206,
    9.661481382566));
#2026 = VECTOR('',#2027,1.);
#2027 = DIRECTION('',(0.,1.,0.));
#2028 = PLANE('',#2029);
#2029 = AXIS2_PLACEMENT_3D('',#2030,#2031,#2032);
#2030 = CARTESIAN_POINT('',(31.335619381754,10.523613821027,
    9.661481382566));
#2031 = DIRECTION('',(-1.,0.,0.));
#2032 = DIRECTION('',(0.,1.,0.));
#2033 = ADVANCED_FACE('',(#2034),#2050,.T.);
#2034 = FACE_BOUND('',#2035,.T.);
#2035 = EDGE_LOOP('',(#2036,#2037,#2043,#2044));
#2036 = ORIENTED_EDGE('',*,*,#1726,.T.);
#2037 = ORIENTED_EDGE('',*,*,#2038,.T.);
#2038 = EDGE_CURVE('',#1679,#1935,#2039,.T.);
#2039 = LINE('',#2040,#2041);
#2040 = CARTESIAN_POINT('',(28.458400385703,11.115918843135,
    9.661481382566));
#2041 = VECTOR('',#2042,1.);
#2042 = DIRECTION('',(0.,0.,-1.));
#2043 = ORIENTED_EDGE('',*,*,#1942,.T.);
#2044 = ORIENTED_EDGE('',*,*,#2045,.F.);
#2045 = EDGE_CURVE('',#1711,#1897,#2046,.T.);
#2046 = LINE('',#2047,#2048);
#2047 = CARTESIAN_POINT('',(30.62095202378,11.607773946102,
    9.661481382566));
#2048 = VECTOR('',#2049,1.);
#2049 = DIRECTION('',(0.,0.,-1.));
#2050 = CYLINDRICAL_SURFACE('',#2051,5.);
#2051 = AXIS2_PLACEMENT_3D('',#2052,#2053,#2054);
#2052 = CARTESIAN_POINT('',(28.458400385703,16.115918843136,
    9.661481382566));
#2053 = DIRECTION('',(0.,0.,1.));
#2054 = DIRECTION('',(0.432510327615,-0.901628979407,0.));
#2055 = ADVANCED_FACE('',(#2056),#2077,.F.);
#2056 = FACE_BOUND('',#2057,.T.);
#2057 = EDGE_LOOP('',(#2058,#2059,#2060,#2061,#2062,#2063,#2071));
#2058 = ORIENTED_EDGE('',*,*,#2007,.F.);
#2059 = ORIENTED_EDGE('',*,*,#1758,.T.);
#2060 = ORIENTED_EDGE('',*,*,#2045,.T.);
#2061 = ORIENTED_EDGE('',*,*,#1904,.T.);
#2062 = ORIENTED_EDGE('',*,*,#1874,.T.);
#2063 = ORIENTED_EDGE('',*,*,#2064,.F.);
#2064 = EDGE_CURVE('',#2065,#1867,#2067,.T.);
#2065 = VERTEX_POINT('',#2066);
#2066 = CARTESIAN_POINT('',(35.153226884551,13.78190069851,
    8.661481382566));
#2067 = LINE('',#2068,#2069);
#2068 = CARTESIAN_POINT('',(35.153226884551,13.78190069851,
    9.661481382566));
#2069 = VECTOR('',#2070,1.);
#2070 = DIRECTION('',(0.,0.,-1.));
#2071 = ORIENTED_EDGE('',*,*,#2072,.T.);
#2072 = EDGE_CURVE('',#2065,#2008,#2073,.T.);
#2073 = LINE('',#2074,#2075);
#2074 = CARTESIAN_POINT('',(33.232890415275,12.860717623844,
    8.661481382566));
#2075 = VECTOR('',#2076,1.);
#2076 = DIRECTION('',(-0.901628979407,-0.432510327615,0.));
#2077 = PLANE('',#2078);
#2078 = AXIS2_PLACEMENT_3D('',#2079,#2080,#2081);
#2079 = CARTESIAN_POINT('',(30.62095202378,11.607773946102,
    9.661481382566));
#2080 = DIRECTION('',(-0.432510327615,0.901628979407,0.));
#2081 = DIRECTION('',(0.901628979407,0.432510327615,0.));
#2082 = ADVANCED_FACE('',(#2083),#2101,.F.);
#2083 = FACE_BOUND('',#2084,.T.);
#2084 = EDGE_LOOP('',(#2085,#2086,#2087,#2095));
#2085 = ORIENTED_EDGE('',*,*,#2015,.F.);
#2086 = ORIENTED_EDGE('',*,*,#2072,.F.);
#2087 = ORIENTED_EDGE('',*,*,#2088,.F.);
#2088 = EDGE_CURVE('',#2089,#2065,#2091,.T.);
#2089 = VERTEX_POINT('',#2090);
#2090 = CARTESIAN_POINT('',(34.720716556935,14.683529677917,
    9.661481382566));
#2091 = LINE('',#2092,#2093);
#2092 = CARTESIAN_POINT('',(34.720716556935,14.683529677917,
    9.661481382566));
#2093 = VECTOR('',#2094,1.);
#2094 = DIRECTION('',(0.30583098559,-0.637547965453,-0.707106781187));
#2095 = ORIENTED_EDGE('',*,*,#2096,.F.);
#2096 = EDGE_CURVE('',#2016,#2089,#2097,.T.);
#2097 = LINE('',#2098,#2099);
#2098 = CARTESIAN_POINT('',(32.800380087659,13.762346603251,
    9.661481382566));
#2099 = VECTOR('',#2100,1.);
#2100 = DIRECTION('',(0.901628979407,0.432510327615,0.));
#2101 = PLANE('',#2102);
#2102 = AXIS2_PLACEMENT_3D('',#2103,#2104,#2105);
#2103 = CARTESIAN_POINT('',(33.016635251467,13.311532113547,
    9.161481382566));
#2104 = DIRECTION('',(-0.30583098559,0.637547965453,-0.707106781187));
#2105 = DIRECTION('',(-0.917830987947,-8.326672684689E-17,0.396971381292
    ));
#2106 = ADVANCED_FACE('',(#2107),#2134,.F.);
#2107 = FACE_BOUND('',#2108,.F.);
#2108 = EDGE_LOOP('',(#2109,#2118,#2126,#2133));
#2109 = ORIENTED_EDGE('',*,*,#2110,.T.);
#2110 = EDGE_CURVE('',#2089,#2111,#2113,.T.);
#2111 = VERTEX_POINT('',#2112);
#2112 = CARTESIAN_POINT('',(37.190250315005,14.07423055542,
    9.661481382566));
#2113 = CIRCLE('',#2114,2.);
#2114 = AXIS2_PLACEMENT_3D('',#2115,#2116,#2117);
#2115 = CARTESIAN_POINT('',(35.585737212166,12.880271719104,
    9.661481382566));
#2116 = DIRECTION('',(0.,0.,-1.));
#2117 = DIRECTION('',(-0.432510327615,0.901628979407,0.));
#2118 = ORIENTED_EDGE('',*,*,#2119,.T.);
#2119 = EDGE_CURVE('',#2111,#2120,#2122,.T.);
#2120 = VERTEX_POINT('',#2121);
#2121 = CARTESIAN_POINT('',(36.387993763586,13.477251137262,
    8.661481382566));
#2122 = LINE('',#2123,#2124);
#2123 = CARTESIAN_POINT('',(37.190250315005,14.07423055542,
    9.661481382566));
#2124 = VECTOR('',#2125,1.);
#2125 = DIRECTION('',(-0.56728104776,-0.422128194808,-0.707106781187));
#2126 = ORIENTED_EDGE('',*,*,#2127,.T.);
#2127 = EDGE_CURVE('',#2120,#2065,#2128,.T.);
#2128 = CIRCLE('',#2129,1.);
#2129 = AXIS2_PLACEMENT_3D('',#2130,#2131,#2132);
#2130 = CARTESIAN_POINT('',(35.585737212166,12.880271719104,
    8.661481382566));
#2131 = DIRECTION('',(0.,0.,1.));
#2132 = DIRECTION('',(-0.432510327615,0.901628979407,0.));
#2133 = ORIENTED_EDGE('',*,*,#2088,.F.);
#2134 = CONICAL_SURFACE('',#2135,1.5,0.785398163397);
#2135 = AXIS2_PLACEMENT_3D('',#2136,#2137,#2138);
#2136 = CARTESIAN_POINT('',(35.585737212166,12.880271719104,
    9.161481382566));
#2137 = DIRECTION('',(0.,0.,1.));
#2138 = DIRECTION('',(-0.432510327615,0.901628979407,0.));
#2139 = ADVANCED_FACE('',(#2140),#2165,.F.);
#2140 = FACE_BOUND('',#2141,.T.);
#2141 = EDGE_LOOP('',(#2142,#2143,#2151,#2159));
#2142 = ORIENTED_EDGE('',*,*,#2119,.T.);
#2143 = ORIENTED_EDGE('',*,*,#2144,.F.);
#2144 = EDGE_CURVE('',#2145,#2120,#2147,.T.);
#2145 = VERTEX_POINT('',#2146);
#2146 = CARTESIAN_POINT('',(36.578679531399,13.220996228235,
    8.661481382566));
#2147 = LINE('',#2148,#2149);
#2148 = CARTESIAN_POINT('',(35.564324993256,14.58414636195,
    8.661481382566));
#2149 = VECTOR('',#2150,1.);
#2150 = DIRECTION('',(-0.596979418158,0.80225655142,0.));
#2151 = ORIENTED_EDGE('',*,*,#2152,.F.);
#2152 = EDGE_CURVE('',#2153,#2145,#2155,.T.);
#2153 = VERTEX_POINT('',#2154);
#2154 = CARTESIAN_POINT('',(37.380936082819,13.817975646393,
    9.661481382566));
#2155 = LINE('',#2156,#2157);
#2156 = CARTESIAN_POINT('',(37.380936082819,13.817975646393,
    9.661481382566));
#2157 = VECTOR('',#2158,1.);
#2158 = DIRECTION('',(-0.56728104776,-0.422128194808,-0.707106781187));
#2159 = ORIENTED_EDGE('',*,*,#2160,.F.);
#2160 = EDGE_CURVE('',#2111,#2153,#2161,.T.);
#2161 = LINE('',#2162,#2163);
#2162 = CARTESIAN_POINT('',(36.366581544676,15.181125780109,
    9.661481382566));
#2163 = VECTOR('',#2164,1.);
#2164 = DIRECTION('',(0.596979418158,-0.80225655142,0.));
#2165 = PLANE('',#2166);
#2166 = AXIS2_PLACEMENT_3D('',#2167,#2168,#2169);
#2167 = CARTESIAN_POINT('',(35.965453268966,14.882636071029,
    9.161481382566));
#2168 = DIRECTION('',(0.56728104776,0.422128194808,-0.707106781187));
#2169 = DIRECTION('',(-0.780009471166,-2.498001805407E-16,
    -0.625767708412));
#2170 = ADVANCED_FACE('',(#2171),#2198,.F.);
#2171 = FACE_BOUND('',#2172,.F.);
#2172 = EDGE_LOOP('',(#2173,#2182,#2190,#2197));
#2173 = ORIENTED_EDGE('',*,*,#2174,.T.);
#2174 = EDGE_CURVE('',#2153,#2175,#2177,.T.);
#2175 = VERTEX_POINT('',#2176);
#2176 = CARTESIAN_POINT('',(36.970381816296,11.019503707238,
    9.661481382566));
#2177 = CIRCLE('',#2178,2.);
#2178 = AXIS2_PLACEMENT_3D('',#2179,#2180,#2181);
#2179 = CARTESIAN_POINT('',(35.77642297998,12.624016810077,
    9.661481382566));
#2180 = DIRECTION('',(0.,0.,-1.));
#2181 = DIRECTION('',(0.80225655142,0.596979418158,0.));
#2182 = ORIENTED_EDGE('',*,*,#2183,.T.);
#2183 = EDGE_CURVE('',#2175,#2184,#2186,.T.);
#2184 = VERTEX_POINT('',#2185);
#2185 = CARTESIAN_POINT('',(36.373402398138,11.821760258657,
    8.661481382566));
#2186 = LINE('',#2187,#2188);
#2187 = CARTESIAN_POINT('',(36.970381816296,11.019503707238,
    9.661481382566));
#2188 = VECTOR('',#2189,1.);
#2189 = DIRECTION('',(-0.422128194808,0.56728104776,-0.707106781187));
#2190 = ORIENTED_EDGE('',*,*,#2191,.T.);
#2191 = EDGE_CURVE('',#2184,#2145,#2192,.T.);
#2192 = CIRCLE('',#2193,1.);
#2193 = AXIS2_PLACEMENT_3D('',#2194,#2195,#2196);
#2194 = CARTESIAN_POINT('',(35.77642297998,12.624016810077,
    8.661481382566));
#2195 = DIRECTION('',(0.,0.,1.));
#2196 = DIRECTION('',(0.80225655142,0.596979418158,-0.));
#2197 = ORIENTED_EDGE('',*,*,#2152,.F.);
#2198 = CONICAL_SURFACE('',#2199,1.5,0.785398163397);
#2199 = AXIS2_PLACEMENT_3D('',#2200,#2201,#2202);
#2200 = CARTESIAN_POINT('',(35.77642297998,12.624016810077,
    9.161481382566));
#2201 = DIRECTION('',(0.,0.,1.));
#2202 = DIRECTION('',(0.80225655142,0.596979418158,-0.));
#2203 = ADVANCED_FACE('',(#2204),#2229,.F.);
#2204 = FACE_BOUND('',#2205,.T.);
#2205 = EDGE_LOOP('',(#2206,#2207,#2215,#2223));
#2206 = ORIENTED_EDGE('',*,*,#2183,.T.);
#2207 = ORIENTED_EDGE('',*,*,#2208,.F.);
#2208 = EDGE_CURVE('',#2209,#2184,#2211,.T.);
#2209 = VERTEX_POINT('',#2210);
#2210 = CARTESIAN_POINT('',(30.959704450699,7.793290506646,
    8.661481382566));
#2211 = LINE('',#2212,#2213);
#2212 = CARTESIAN_POINT('',(36.902576524454,12.215532128109,
    8.661481382566));
#2213 = VECTOR('',#2214,1.);
#2214 = DIRECTION('',(0.80225655142,0.596979418158,0.));
#2215 = ORIENTED_EDGE('',*,*,#2216,.F.);
#2216 = EDGE_CURVE('',#2217,#2209,#2219,.T.);
#2217 = VERTEX_POINT('',#2218);
#2218 = CARTESIAN_POINT('',(31.556683868857,6.991033955226,
    9.661481382566));
#2219 = LINE('',#2220,#2221);
#2220 = CARTESIAN_POINT('',(31.556683868857,6.991033955226,
    9.661481382566));
#2221 = VECTOR('',#2222,1.);
#2222 = DIRECTION('',(-0.422128194808,0.56728104776,-0.707106781187));
#2223 = ORIENTED_EDGE('',*,*,#2224,.F.);
#2224 = EDGE_CURVE('',#2175,#2217,#2225,.T.);
#2225 = LINE('',#2226,#2227);
#2226 = CARTESIAN_POINT('',(37.499555942613,11.41327557669,
    9.661481382566));
#2227 = VECTOR('',#2228,1.);
#2228 = DIRECTION('',(-0.80225655142,-0.596979418158,0.));
#2229 = PLANE('',#2230);
#2230 = AXIS2_PLACEMENT_3D('',#2231,#2232,#2233);
#2231 = CARTESIAN_POINT('',(37.201066233533,11.8144038524,9.161481382566
    ));
#2232 = DIRECTION('',(0.422128194808,-0.56728104776,-0.707106781187));
#2233 = DIRECTION('',(-0.858635030419,5.551115123126E-17,-0.51258744087)
  );
#2234 = ADVANCED_FACE('',(#2235),#2262,.F.);
#2235 = FACE_BOUND('',#2236,.F.);
#2236 = EDGE_LOOP('',(#2237,#2246,#2254,#2261));
#2237 = ORIENTED_EDGE('',*,*,#2238,.T.);
#2238 = EDGE_CURVE('',#2217,#2239,#2241,.T.);
#2239 = VERTEX_POINT('',#2240);
#2240 = CARTESIAN_POINT('',(27.974807359908,5.804573263744,
    9.661481382566));
#2241 = CIRCLE('',#2242,6.);
#2242 = AXIS2_PLACEMENT_3D('',#2243,#2244,#2245);
#2243 = CARTESIAN_POINT('',(27.974807359908,11.804573263744,
    9.661481382566));
#2244 = DIRECTION('',(0.,0.,-1.));
#2245 = DIRECTION('',(0.596979418158,-0.80225655142,0.));
#2246 = ORIENTED_EDGE('',*,*,#2247,.T.);
#2247 = EDGE_CURVE('',#2239,#2248,#2250,.T.);
#2248 = VERTEX_POINT('',#2249);
#2249 = CARTESIAN_POINT('',(27.974807359908,6.804573263744,
    8.661481382566));
#2250 = LINE('',#2251,#2252);
#2251 = CARTESIAN_POINT('',(27.974807359908,5.804573263744,
    9.661481382566));
#2252 = VECTOR('',#2253,1.);
#2253 = DIRECTION('',(5.102800490722E-15,0.707106781187,-0.707106781187)
  );
#2254 = ORIENTED_EDGE('',*,*,#2255,.T.);
#2255 = EDGE_CURVE('',#2248,#2209,#2256,.T.);
#2256 = CIRCLE('',#2257,5.);
#2257 = AXIS2_PLACEMENT_3D('',#2258,#2259,#2260);
#2258 = CARTESIAN_POINT('',(27.974807359908,11.804573263744,
    8.661481382566));
#2259 = DIRECTION('',(0.,0.,1.));
#2260 = DIRECTION('',(0.596979418158,-0.80225655142,0.));
#2261 = ORIENTED_EDGE('',*,*,#2216,.F.);
#2262 = CONICAL_SURFACE('',#2263,5.5,0.785398163397);
#2263 = AXIS2_PLACEMENT_3D('',#2264,#2265,#2266);
#2264 = CARTESIAN_POINT('',(27.974807359908,11.804573263744,
    9.161481382566));
#2265 = DIRECTION('',(0.,0.,1.));
#2266 = DIRECTION('',(0.596979418158,-0.80225655142,0.));
#2267 = ADVANCED_FACE('',(#2268),#2306,.F.);
#2268 = FACE_BOUND('',#2269,.F.);
#2269 = EDGE_LOOP('',(#2270,#2278,#2287,#2297,#2304,#2305));
#2270 = ORIENTED_EDGE('',*,*,#2271,.T.);
#2271 = EDGE_CURVE('',#2120,#2272,#2274,.T.);
#2272 = VERTEX_POINT('',#2273);
#2273 = CARTESIAN_POINT('',(36.387993763586,13.477251137262,
    3.418652836539));
#2274 = LINE('',#2275,#2276);
#2275 = CARTESIAN_POINT('',(36.387993763586,13.477251137262,
    9.661481382566));
#2276 = VECTOR('',#2277,1.);
#2277 = DIRECTION('',(0.,0.,-1.));
#2278 = ORIENTED_EDGE('',*,*,#2279,.F.);
#2279 = EDGE_CURVE('',#2280,#2272,#2282,.T.);
#2280 = VERTEX_POINT('',#2281);
#2281 = CARTESIAN_POINT('',(36.28256526758,13.597509936984,
    3.412023406505));
#2282 = B_SPLINE_CURVE_WITH_KNOTS('',3,(#2283,#2284,#2285,#2286),
  .UNSPECIFIED.,.F.,.F.,(4,4),(7.804202798784E-02,9.39194399214E-02),
  .PIECEWISE_BEZIER_KNOTS.);
#2283 = CARTESIAN_POINT('',(36.28256526758,13.597509936984,
    3.412023406505));
#2284 = CARTESIAN_POINT('',(36.321729542743,13.55946014401,
    3.408811561244));
#2285 = CARTESIAN_POINT('',(36.356710256476,13.519291780149,
    3.411239936911));
#2286 = CARTESIAN_POINT('',(36.387993763586,13.477251137262,
    3.418652836539));
#2287 = ORIENTED_EDGE('',*,*,#2288,.F.);
#2288 = EDGE_CURVE('',#2289,#2280,#2291,.T.);
#2289 = VERTEX_POINT('',#2290);
#2290 = CARTESIAN_POINT('',(35.237953965227,13.817846683119,
    3.436913743631));
#2291 = B_SPLINE_CURVE_WITH_KNOTS('',3,(#2292,#2293,#2294,#2295,#2296),
  .UNSPECIFIED.,.F.,.F.,(4,1,4),(-0.447275137269,0.143442331529,
    0.93106562326),.UNSPECIFIED.);
#2292 = CARTESIAN_POINT('',(35.237953965227,13.817846683119,
    3.436913743631));
#2293 = CARTESIAN_POINT('',(35.388701382069,13.873764799653,
    3.44511480311));
#2294 = CARTESIAN_POINT('',(35.748288763298,13.915725510527,
    3.453529672164));
#2295 = CARTESIAN_POINT('',(36.111630334022,13.763580643179,
    3.426041706451));
#2296 = CARTESIAN_POINT('',(36.28256526758,13.597509936984,
    3.412023406505));
#2297 = ORIENTED_EDGE('',*,*,#2298,.F.);
#2298 = EDGE_CURVE('',#1867,#2289,#2299,.T.);
#2299 = B_SPLINE_CURVE_WITH_KNOTS('',3,(#2300,#2301,#2302,#2303),
  .UNSPECIFIED.,.F.,.F.,(4,4),(0.235399310552,0.244575477927),
  .PIECEWISE_BEZIER_KNOTS.);
#2300 = CARTESIAN_POINT('',(35.153226884551,13.78190069851,
    3.438077249338));
#2301 = CARTESIAN_POINT('',(35.180725361874,13.795091684723,
    3.435751322567));
#2302 = CARTESIAN_POINT('',(35.208957266371,13.807090672703,
    3.435336246272));
#2303 = CARTESIAN_POINT('',(35.237953965227,13.817846683119,
    3.436913743631));
#2304 = ORIENTED_EDGE('',*,*,#2064,.F.);
#2305 = ORIENTED_EDGE('',*,*,#2127,.F.);
#2306 = CYLINDRICAL_SURFACE('',#2307,1.);
#2307 = AXIS2_PLACEMENT_3D('',#2308,#2309,#2310);
#2308 = CARTESIAN_POINT('',(35.585737212166,12.880271719104,
    9.661481382566));
#2309 = DIRECTION('',(0.,0.,1.));
#2310 = DIRECTION('',(-0.432510327615,0.901628979407,0.));
#2311 = ADVANCED_FACE('',(#2312),#2339,.F.);
#2312 = FACE_BOUND('',#2313,.T.);
#2313 = EDGE_LOOP('',(#2314,#2315,#2316,#2324,#2333));
#2314 = ORIENTED_EDGE('',*,*,#2144,.T.);
#2315 = ORIENTED_EDGE('',*,*,#2271,.T.);
#2316 = ORIENTED_EDGE('',*,*,#2317,.T.);
#2317 = EDGE_CURVE('',#2272,#2318,#2320,.T.);
#2318 = VERTEX_POINT('',#2319);
#2319 = CARTESIAN_POINT('',(36.484829010072,13.347118156896,
    3.441598792057));
#2320 = LINE('',#2321,#2322);
#2321 = CARTESIAN_POINT('',(35.832841044973,14.223298474906,
    3.287104562026));
#2322 = VECTOR('',#2323,1.);
#2323 = DIRECTION('',(0.591094579649,-0.794348154406,0.140065011698));
#2324 = ORIENTED_EDGE('',*,*,#2325,.T.);
#2325 = EDGE_CURVE('',#2318,#2326,#2328,.T.);
#2326 = VERTEX_POINT('',#2327);
#2327 = CARTESIAN_POINT('',(36.5786795314,13.220996228235,3.448539575413
    ));
#2328 = B_SPLINE_CURVE_WITH_KNOTS('',3,(#2329,#2330,#2331,#2332),
  .UNSPECIFIED.,.F.,.F.,(4,4),(0.93106562326,1.103927321839),
  .PIECEWISE_BEZIER_KNOTS.);
#2329 = CARTESIAN_POINT('',(36.484829010072,13.347118156896,
    3.441598792057));
#2330 = CARTESIAN_POINT('',(36.5152822247,13.306193310572,3.448814946645
    ));
#2331 = CARTESIAN_POINT('',(36.546190217606,13.26465730607,
    3.451186423529));
#2332 = CARTESIAN_POINT('',(36.5786795314,13.220996228235,3.448539575413
    ));
#2333 = ORIENTED_EDGE('',*,*,#2334,.F.);
#2334 = EDGE_CURVE('',#2145,#2326,#2335,.T.);
#2335 = LINE('',#2336,#2337);
#2336 = CARTESIAN_POINT('',(36.578679531399,13.220996228235,
    9.661481382566));
#2337 = VECTOR('',#2338,1.);
#2338 = DIRECTION('',(0.,0.,-1.));
#2339 = PLANE('',#2340);
#2340 = AXIS2_PLACEMENT_3D('',#2341,#2342,#2343);
#2341 = CARTESIAN_POINT('',(36.387993763586,13.477251137262,
    9.661481382566));
#2342 = DIRECTION('',(0.80225655142,0.596979418158,0.));
#2343 = DIRECTION('',(0.596979418158,-0.80225655142,0.));
#2344 = ADVANCED_FACE('',(#2345),#2374,.F.);
#2345 = FACE_BOUND('',#2346,.F.);
#2346 = EDGE_LOOP('',(#2347,#2355,#2364,#2372,#2373));
#2347 = ORIENTED_EDGE('',*,*,#2348,.T.);
#2348 = EDGE_CURVE('',#2184,#2349,#2351,.T.);
#2349 = VERTEX_POINT('',#2350);
#2350 = CARTESIAN_POINT('',(36.373402398138,11.821760258657,
    3.467178467195));
#2351 = LINE('',#2352,#2353);
#2352 = CARTESIAN_POINT('',(36.373402398138,11.821760258657,
    9.661481382566));
#2353 = VECTOR('',#2354,1.);
#2354 = DIRECTION('',(0.,0.,-1.));
#2355 = ORIENTED_EDGE('',*,*,#2356,.F.);
#2356 = EDGE_CURVE('',#2357,#2349,#2359,.T.);
#2357 = VERTEX_POINT('',#2358);
#2358 = CARTESIAN_POINT('',(36.44543983544,11.880769578592,
    3.460671187065));
#2359 = B_SPLINE_CURVE_WITH_KNOTS('',3,(#2360,#2361,#2362,#2363),
  .UNSPECIFIED.,.F.,.F.,(4,4),(2.487820148511E-02,3.419719802393E-02),
  .PIECEWISE_BEZIER_KNOTS.);
#2360 = CARTESIAN_POINT('',(36.44543983544,11.880769578592,
    3.460671187065));
#2361 = CARTESIAN_POINT('',(36.422207810461,11.859857807059,
    3.461744716854));
#2362 = CARTESIAN_POINT('',(36.39818622222,11.840202529841,3.4639265972)
  );
#2363 = CARTESIAN_POINT('',(36.373402398138,11.821760258657,
    3.467178467195));
#2364 = ORIENTED_EDGE('',*,*,#2365,.F.);
#2365 = EDGE_CURVE('',#2326,#2357,#2366,.T.);
#2366 = B_SPLINE_CURVE_WITH_KNOTS('',3,(#2367,#2368,#2369,#2370,#2371),
  .UNSPECIFIED.,.F.,.F.,(4,1,4),(1.103927321839,1.703042162503,
    2.501861950055),.UNSPECIFIED.);
#2367 = CARTESIAN_POINT('',(36.5786795314,13.220996228235,3.448539575413
    ));
#2368 = CARTESIAN_POINT('',(36.691283018563,13.069672945485,
    3.439365964369));
#2369 = CARTESIAN_POINT('',(36.872219088069,12.609685636469,
    3.428223138539));
#2370 = CARTESIAN_POINT('',(36.669582484179,12.082526414919,
    3.450313768342));
#2371 = CARTESIAN_POINT('',(36.44543983544,11.880769578592,
    3.460671187065));
#2372 = ORIENTED_EDGE('',*,*,#2334,.F.);
#2373 = ORIENTED_EDGE('',*,*,#2191,.F.);
#2374 = CYLINDRICAL_SURFACE('',#2375,1.);
#2375 = AXIS2_PLACEMENT_3D('',#2376,#2377,#2378);
#2376 = CARTESIAN_POINT('',(35.77642297998,12.624016810077,
    9.661481382566));
#2377 = DIRECTION('',(0.,0.,1.));
#2378 = DIRECTION('',(0.80225655142,0.596979418158,-0.));
#2379 = ADVANCED_FACE('',(#2380),#2407,.F.);
#2380 = FACE_BOUND('',#2381,.T.);
#2381 = EDGE_LOOP('',(#2382,#2383,#2384,#2392,#2401));
#2382 = ORIENTED_EDGE('',*,*,#2208,.T.);
#2383 = ORIENTED_EDGE('',*,*,#2348,.T.);
#2384 = ORIENTED_EDGE('',*,*,#2385,.T.);
#2385 = EDGE_CURVE('',#2349,#2386,#2388,.T.);
#2386 = VERTEX_POINT('',#2387);
#2387 = CARTESIAN_POINT('',(31.034055922944,7.848617320197,
    4.167750765457));
#2388 = LINE('',#2389,#2390);
#2389 = CARTESIAN_POINT('',(36.64624422281,12.024788770489,
    3.431379062706));
#2390 = VECTOR('',#2391,1.);
#2391 = DIRECTION('',(-0.797848480104,-0.593699260652,0.10468519808));
#2392 = ORIENTED_EDGE('',*,*,#2393,.T.);
#2393 = EDGE_CURVE('',#2386,#2394,#2396,.T.);
#2394 = VERTEX_POINT('',#2395);
#2395 = CARTESIAN_POINT('',(30.959704458331,7.793290512325,
    4.176753930889));
#2396 = B_SPLINE_CURVE_WITH_KNOTS('',3,(#2397,#2398,#2399,#2400),
  .UNSPECIFIED.,.F.,.F.,(4,4),(-0.639730703535,-0.621655473451),
  .PIECEWISE_BEZIER_KNOTS.);
#2397 = CARTESIAN_POINT('',(31.034055922944,7.848617320197,
    4.167750765457));
#2398 = CARTESIAN_POINT('',(31.009292220875,7.830190022313,
    4.170999995256));
#2399 = CARTESIAN_POINT('',(30.984510635077,7.811749416693,
    4.174000819383));
#2400 = CARTESIAN_POINT('',(30.9597044584,7.793290512377,4.176753931729)
  );
#2401 = ORIENTED_EDGE('',*,*,#2402,.F.);
#2402 = EDGE_CURVE('',#2209,#2394,#2403,.T.);
#2403 = LINE('',#2404,#2405);
#2404 = CARTESIAN_POINT('',(30.959704450699,7.793290506646,
    9.661481382566));
#2405 = VECTOR('',#2406,1.);
#2406 = DIRECTION('',(0.,0.,-1.));
#2407 = PLANE('',#2408);
#2408 = AXIS2_PLACEMENT_3D('',#2409,#2410,#2411);
#2409 = CARTESIAN_POINT('',(36.373402398138,11.821760258657,
    9.661481382566));
#2410 = DIRECTION('',(0.596979418158,-0.80225655142,0.));
#2411 = DIRECTION('',(-0.80225655142,-0.596979418158,0.));
#2412 = ADVANCED_FACE('',(#2413),#2432,.F.);
#2413 = FACE_BOUND('',#2414,.F.);
#2414 = EDGE_LOOP('',(#2415,#2423,#2430,#2431));
#2415 = ORIENTED_EDGE('',*,*,#2416,.T.);
#2416 = EDGE_CURVE('',#2248,#2417,#2419,.T.);
#2417 = VERTEX_POINT('',#2418);
#2418 = CARTESIAN_POINT('',(27.974807359908,6.804573263744,
    4.324869513974));
#2419 = LINE('',#2420,#2421);
#2420 = CARTESIAN_POINT('',(27.974807359908,6.804573263744,
    9.661481382566));
#2421 = VECTOR('',#2422,1.);
#2422 = DIRECTION('',(0.,0.,-1.));
#2423 = ORIENTED_EDGE('',*,*,#2424,.F.);
#2424 = EDGE_CURVE('',#2394,#2417,#2425,.T.);
#2425 = B_SPLINE_CURVE_WITH_KNOTS('',3,(#2426,#2427,#2428,#2429),
  .UNSPECIFIED.,.F.,.F.,(4,4),(-0.621655473451,5.73027491226E-15),
  .PIECEWISE_BEZIER_KNOTS.);
#2426 = CARTESIAN_POINT('',(30.9597044584,7.793290512377,4.176753931729)
  );
#2427 = CARTESIAN_POINT('',(30.1065537424,7.158439454845,4.271440822214)
  );
#2428 = CARTESIAN_POINT('',(29.042440256625,6.804573263744,
    4.324869513974));
#2429 = CARTESIAN_POINT('',(27.974807359908,6.804573263744,
    4.324869513974));
#2430 = ORIENTED_EDGE('',*,*,#2402,.F.);
#2431 = ORIENTED_EDGE('',*,*,#2255,.F.);
#2432 = CYLINDRICAL_SURFACE('',#2433,5.);
#2433 = AXIS2_PLACEMENT_3D('',#2434,#2435,#2436);
#2434 = CARTESIAN_POINT('',(27.974807359908,11.804573263744,
    9.661481382566));
#2435 = DIRECTION('',(0.,0.,1.));
#2436 = DIRECTION('',(0.596979418158,-0.80225655142,0.));
#2437 = ADVANCED_FACE('',(#2438),#2463,.F.);
#2438 = FACE_BOUND('',#2439,.T.);
#2439 = EDGE_LOOP('',(#2440,#2448,#2456,#2462));
#2440 = ORIENTED_EDGE('',*,*,#2441,.F.);
#2441 = EDGE_CURVE('',#2442,#1382,#2444,.T.);
#2442 = VERTEX_POINT('',#2443);
#2443 = CARTESIAN_POINT('',(23.821984551554,30.675385529826,
    9.661481382566));
#2444 = LINE('',#2445,#2446);
#2445 = CARTESIAN_POINT('',(23.821984551554,22.393534748485,
    17.274692146055));
#2446 = VECTOR('',#2447,1.);
#2447 = DIRECTION('',(0.,0.736200781695,-0.67676318534));
#2448 = ORIENTED_EDGE('',*,*,#2449,.F.);
#2449 = EDGE_CURVE('',#2450,#2442,#2452,.T.);
#2450 = VERTEX_POINT('',#2451);
#2451 = CARTESIAN_POINT('',(44.565151899618,21.7929000185,9.661481382566
    ));
#2452 = LINE('',#2453,#2454);
#2453 = CARTESIAN_POINT('',(41.591805855139,23.066124242992,
    9.661481382566));
#2454 = VECTOR('',#2455,1.);
#2455 = DIRECTION('',(-0.919264421021,0.393640602893,0.));
#2456 = ORIENTED_EDGE('',*,*,#2457,.F.);
#2457 = EDGE_CURVE('',#1390,#2450,#2458,.T.);
#2458 = LINE('',#2459,#2460);
#2459 = CARTESIAN_POINT('',(44.95879250251,22.712164439521,
    8.661481382566));
#2460 = VECTOR('',#2461,1.);
#2461 = DIRECTION('',(-0.278345939656,-0.650018105807,0.707106781187));
#2462 = ORIENTED_EDGE('',*,*,#1389,.F.);
#2463 = PLANE('',#2464);
#2464 = AXIS2_PLACEMENT_3D('',#2465,#2466,#2467);
#2465 = CARTESIAN_POINT('',(41.788626156586,23.525756453502,
    9.161481382566));
#2466 = DIRECTION('',(-0.278345939656,-0.650018105807,-0.707106781187));
#2467 = DIRECTION('',(-0.930503173422,-1.110223024625E-16,0.366283830179
    ));
#2468 = ADVANCED_FACE('',(#2469),#2496,.T.);
#2469 = FACE_BOUND('',#2470,.T.);
#2470 = EDGE_LOOP('',(#2471,#2481,#2488,#2489));
#2471 = ORIENTED_EDGE('',*,*,#2472,.F.);
#2472 = EDGE_CURVE('',#2473,#2475,#2477,.T.);
#2473 = VERTEX_POINT('',#2474);
#2474 = CARTESIAN_POINT('',(46.171511296725,20.87363559748,
    8.661481382566));
#2475 = VERTEX_POINT('',#2476);
#2476 = CARTESIAN_POINT('',(45.171511296725,20.873635597479,
    9.661481382566));
#2477 = LINE('',#2478,#2479);
#2478 = CARTESIAN_POINT('',(46.171511296725,20.87363559748,
    8.661481382566));
#2479 = VECTOR('',#2480,1.);
#2480 = DIRECTION('',(-0.707106781187,-1.256073966947E-14,0.707106781187
    ));
#2481 = ORIENTED_EDGE('',*,*,#2482,.F.);
#2482 = EDGE_CURVE('',#1390,#2473,#2483,.T.);
#2483 = CIRCLE('',#2484,2.);
#2484 = AXIS2_PLACEMENT_3D('',#2485,#2486,#2487);
#2485 = CARTESIAN_POINT('',(44.171511296725,20.873635597479,
    8.661481382566));
#2486 = DIRECTION('',(0.,0.,-1.));
#2487 = DIRECTION('',(0.393640602893,0.919264421021,0.));
#2488 = ORIENTED_EDGE('',*,*,#2457,.T.);
#2489 = ORIENTED_EDGE('',*,*,#2490,.F.);
#2490 = EDGE_CURVE('',#2475,#2450,#2491,.T.);
#2491 = CIRCLE('',#2492,1.);
#2492 = AXIS2_PLACEMENT_3D('',#2493,#2494,#2495);
#2493 = CARTESIAN_POINT('',(44.171511296725,20.873635597479,
    9.661481382566));
#2494 = DIRECTION('',(0.,0.,1.));
#2495 = DIRECTION('',(0.393640602893,0.919264421021,-0.));
#2496 = CONICAL_SURFACE('',#2497,1.5,0.785398163397);
#2497 = AXIS2_PLACEMENT_3D('',#2498,#2499,#2500);
#2498 = CARTESIAN_POINT('',(44.171511296725,20.873635597479,
    9.161481382566));
#2499 = DIRECTION('',(0.,0.,-1.));
#2500 = DIRECTION('',(0.393640602893,0.919264421021,0.));
#2501 = ADVANCED_FACE('',(#2502),#2527,.F.);
#2502 = FACE_BOUND('',#2503,.T.);
#2503 = EDGE_LOOP('',(#2504,#2514,#2520,#2521));
#2504 = ORIENTED_EDGE('',*,*,#2505,.F.);
#2505 = EDGE_CURVE('',#2506,#2508,#2510,.T.);
#2506 = VERTEX_POINT('',#2507);
#2507 = CARTESIAN_POINT('',(46.171511296725,17.25530401716,
    8.661481382566));
#2508 = VERTEX_POINT('',#2509);
#2509 = CARTESIAN_POINT('',(45.171511296725,17.25530401716,
    9.661481382566));
#2510 = LINE('',#2511,#2512);
#2511 = CARTESIAN_POINT('',(46.171511296725,17.25530401716,
    8.661481382566));
#2512 = VECTOR('',#2513,1.);
#2513 = DIRECTION('',(-0.707106781187,0.,0.707106781187));
#2514 = ORIENTED_EDGE('',*,*,#2515,.F.);
#2515 = EDGE_CURVE('',#2473,#2506,#2516,.T.);
#2516 = LINE('',#2517,#2518);
#2517 = CARTESIAN_POINT('',(46.171511296725,16.568454962272,
    8.661481382566));
#2518 = VECTOR('',#2519,1.);
#2519 = DIRECTION('',(0.,-1.,0.));
#2520 = ORIENTED_EDGE('',*,*,#2472,.T.);
#2521 = ORIENTED_EDGE('',*,*,#2522,.F.);
#2522 = EDGE_CURVE('',#2508,#2475,#2523,.T.);
#2523 = LINE('',#2524,#2525);
#2524 = CARTESIAN_POINT('',(45.171511296725,16.568454962272,
    9.661481382566));
#2525 = VECTOR('',#2526,1.);
#2526 = DIRECTION('',(0.,1.,0.));
#2527 = PLANE('',#2528);
#2528 = AXIS2_PLACEMENT_3D('',#2529,#2530,#2531);
#2529 = CARTESIAN_POINT('',(45.671511296725,16.568454962272,
    9.161481382566));
#2530 = DIRECTION('',(-0.707106781187,0.,-0.707106781187));
#2531 = DIRECTION('',(-0.707106781187,0.,0.707106781187));
#2532 = ADVANCED_FACE('',(#2533),#2560,.T.);
#2533 = FACE_BOUND('',#2534,.T.);
#2534 = EDGE_LOOP('',(#2535,#2545,#2552,#2553));
#2535 = ORIENTED_EDGE('',*,*,#2536,.F.);
#2536 = EDGE_CURVE('',#2537,#2539,#2541,.T.);
#2537 = VERTEX_POINT('',#2538);
#2538 = CARTESIAN_POINT('',(44.156408387516,13.244021260062,
    8.661481382566));
#2539 = VERTEX_POINT('',#2540);
#2540 = CARTESIAN_POINT('',(43.559428969358,14.046277811482,
    9.661481382566));
#2541 = LINE('',#2542,#2543);
#2542 = CARTESIAN_POINT('',(44.156408387516,13.244021260062,
    8.661481382566));
#2543 = VECTOR('',#2544,1.);
#2544 = DIRECTION('',(-0.422128194808,0.56728104776,0.707106781187));
#2545 = ORIENTED_EDGE('',*,*,#2546,.F.);
#2546 = EDGE_CURVE('',#2506,#2537,#2547,.T.);
#2547 = CIRCLE('',#2548,5.);
#2548 = AXIS2_PLACEMENT_3D('',#2549,#2550,#2551);
#2549 = CARTESIAN_POINT('',(41.171511296725,17.25530401716,
    8.661481382566));
#2550 = DIRECTION('',(0.,0.,-1.));
#2551 = DIRECTION('',(1.,3.552713678801E-15,0.));
#2552 = ORIENTED_EDGE('',*,*,#2505,.T.);
#2553 = ORIENTED_EDGE('',*,*,#2554,.F.);
#2554 = EDGE_CURVE('',#2539,#2508,#2555,.T.);
#2555 = CIRCLE('',#2556,4.);
#2556 = AXIS2_PLACEMENT_3D('',#2557,#2558,#2559);
#2557 = CARTESIAN_POINT('',(41.171511296725,17.25530401716,
    9.661481382566));
#2558 = DIRECTION('',(0.,0.,1.));
#2559 = DIRECTION('',(1.,3.552713678801E-15,-0.));
#2560 = CONICAL_SURFACE('',#2561,4.5,0.785398163397);
#2561 = AXIS2_PLACEMENT_3D('',#2562,#2563,#2564);
#2562 = CARTESIAN_POINT('',(41.171511296725,17.25530401716,
    9.161481382566));
#2563 = DIRECTION('',(0.,0.,-1.));
#2564 = DIRECTION('',(1.,3.552713678801E-15,0.));
#2565 = ADVANCED_FACE('',(#2566),#2591,.F.);
#2566 = FACE_BOUND('',#2567,.T.);
#2567 = EDGE_LOOP('',(#2568,#2578,#2584,#2585));
#2568 = ORIENTED_EDGE('',*,*,#2569,.F.);
#2569 = EDGE_CURVE('',#2570,#2572,#2574,.T.);
#2570 = VERTEX_POINT('',#2571);
#2571 = CARTESIAN_POINT('',(27.686999831123,0.988717242903,
    8.661481382566));
#2572 = VERTEX_POINT('',#2573);
#2573 = CARTESIAN_POINT('',(27.090020412965,1.790973794322,
    9.661481382566));
#2574 = LINE('',#2575,#2576);
#2575 = CARTESIAN_POINT('',(27.686999831123,0.988717242903,
    8.661481382566));
#2576 = VECTOR('',#2577,1.);
#2577 = DIRECTION('',(-0.422128194808,0.56728104776,0.707106781187));
#2578 = ORIENTED_EDGE('',*,*,#2579,.F.);
#2579 = EDGE_CURVE('',#2537,#2570,#2580,.T.);
#2580 = LINE('',#2581,#2582);
#2581 = CARTESIAN_POINT('',(33.605664108412,5.392945229919,
    8.661481382566));
#2582 = VECTOR('',#2583,1.);
#2583 = DIRECTION('',(-0.80225655142,-0.596979418158,0.));
#2584 = ORIENTED_EDGE('',*,*,#2536,.T.);
#2585 = ORIENTED_EDGE('',*,*,#2586,.F.);
#2586 = EDGE_CURVE('',#2572,#2539,#2587,.T.);
#2587 = LINE('',#2588,#2589);
#2588 = CARTESIAN_POINT('',(33.008684690254,6.195201781339,
    9.661481382566));
#2589 = VECTOR('',#2590,1.);
#2590 = DIRECTION('',(0.80225655142,0.596979418158,0.));
#2591 = PLANE('',#2592);
#2592 = AXIS2_PLACEMENT_3D('',#2593,#2594,#2595);
#2593 = CARTESIAN_POINT('',(33.307174399333,5.794073505629,
    9.161481382566));
#2594 = DIRECTION('',(-0.422128194808,0.56728104776,-0.707106781187));
#2595 = DIRECTION('',(-0.858635030419,8.326672684689E-17,0.51258744087)
  );
#2596 = ADVANCED_FACE('',(#2597),#2624,.T.);
#2597 = FACE_BOUND('',#2598,.T.);
#2598 = EDGE_LOOP('',(#2599,#2609,#2616,#2617));
#2599 = ORIENTED_EDGE('',*,*,#2600,.F.);
#2600 = EDGE_CURVE('',#2601,#2603,#2605,.T.);
#2601 = VERTEX_POINT('',#2602);
#2602 = CARTESIAN_POINT('',(24.702102740332,0.,8.661481382566));
#2603 = VERTEX_POINT('',#2604);
#2604 = CARTESIAN_POINT('',(24.702102740332,1.,9.661481382566));
#2605 = LINE('',#2606,#2607);
#2606 = CARTESIAN_POINT('',(24.702102740332,0.,8.661481382566));
#2607 = VECTOR('',#2608,1.);
#2608 = DIRECTION('',(5.102800490722E-15,0.707106781187,0.707106781187)
  );
#2609 = ORIENTED_EDGE('',*,*,#2610,.F.);
#2610 = EDGE_CURVE('',#2570,#2601,#2611,.T.);
#2611 = CIRCLE('',#2612,5.);
#2612 = AXIS2_PLACEMENT_3D('',#2613,#2614,#2615);
#2613 = CARTESIAN_POINT('',(24.702102740332,5.,8.661481382566));
#2614 = DIRECTION('',(0.,0.,-1.));
#2615 = DIRECTION('',(0.596979418158,-0.80225655142,0.));
#2616 = ORIENTED_EDGE('',*,*,#2569,.T.);
#2617 = ORIENTED_EDGE('',*,*,#2618,.F.);
#2618 = EDGE_CURVE('',#2603,#2572,#2619,.T.);
#2619 = CIRCLE('',#2620,4.);
#2620 = AXIS2_PLACEMENT_3D('',#2621,#2622,#2623);
#2621 = CARTESIAN_POINT('',(24.702102740332,5.,9.661481382566));
#2622 = DIRECTION('',(0.,0.,1.));
#2623 = DIRECTION('',(0.596979418158,-0.80225655142,0.));
#2624 = CONICAL_SURFACE('',#2625,4.5,0.785398163397);
#2625 = AXIS2_PLACEMENT_3D('',#2626,#2627,#2628);
#2626 = CARTESIAN_POINT('',(24.702102740332,5.,9.161481382566));
#2627 = DIRECTION('',(0.,0.,-1.));
#2628 = DIRECTION('',(0.596979418158,-0.80225655142,0.));
#2629 = ADVANCED_FACE('',(#2630),#2656,.T.);
#2630 = FACE_BOUND('',#2631,.T.);
#2631 = EDGE_LOOP('',(#2632,#2633,#2641,#2650));
#2632 = ORIENTED_EDGE('',*,*,#2610,.T.);
#2633 = ORIENTED_EDGE('',*,*,#2634,.T.);
#2634 = EDGE_CURVE('',#2601,#2635,#2637,.T.);
#2635 = VERTEX_POINT('',#2636);
#2636 = CARTESIAN_POINT('',(24.702102740332,0.,7.127087486209));
#2637 = LINE('',#2638,#2639);
#2638 = CARTESIAN_POINT('',(24.702102740332,0.,9.661481382566));
#2639 = VECTOR('',#2640,1.);
#2640 = DIRECTION('',(0.,0.,-1.));
#2641 = ORIENTED_EDGE('',*,*,#2642,.T.);
#2642 = EDGE_CURVE('',#2635,#2643,#2645,.T.);
#2643 = VERTEX_POINT('',#2644);
#2644 = CARTESIAN_POINT('',(27.686999831123,0.988717242903,
    6.857295104272));
#2645 = B_SPLINE_CURVE_WITH_KNOTS('',3,(#2646,#2647,#2648,#2649),
  .UNSPECIFIED.,.F.,.F.,(4,4),(-7.150667434288E-15,0.593437985595),
  .PIECEWISE_BEZIER_KNOTS.);
#2646 = CARTESIAN_POINT('',(24.702102740332,0.,7.127087486209));
#2647 = CARTESIAN_POINT('',(25.777165674078,0.,7.127087486209));
#2648 = CARTESIAN_POINT('',(26.844672725615,0.361920310606,
    7.026160230168));
#2649 = CARTESIAN_POINT('',(27.686999831123,0.988717242903,
    6.857295104272));
#2650 = ORIENTED_EDGE('',*,*,#2651,.F.);
#2651 = EDGE_CURVE('',#2570,#2643,#2652,.T.);
#2652 = LINE('',#2653,#2654);
#2653 = CARTESIAN_POINT('',(27.686999831123,0.988717242903,
    9.661481382566));
#2654 = VECTOR('',#2655,1.);
#2655 = DIRECTION('',(0.,0.,-1.));
#2656 = CYLINDRICAL_SURFACE('',#2657,5.);
#2657 = AXIS2_PLACEMENT_3D('',#2658,#2659,#2660);
#2658 = CARTESIAN_POINT('',(24.702102740332,5.,9.661481382566));
#2659 = DIRECTION('',(0.,0.,1.));
#2660 = DIRECTION('',(0.596979418158,-0.80225655142,0.));
#2661 = ADVANCED_FACE('',(#2662),#2689,.F.);
#2662 = FACE_BOUND('',#2663,.T.);
#2663 = EDGE_LOOP('',(#2664,#2665,#2666,#2675,#2683));
#2664 = ORIENTED_EDGE('',*,*,#2579,.T.);
#2665 = ORIENTED_EDGE('',*,*,#2651,.T.);
#2666 = ORIENTED_EDGE('',*,*,#2667,.T.);
#2667 = EDGE_CURVE('',#2643,#2668,#2670,.T.);
#2668 = VERTEX_POINT('',#2669);
#2669 = CARTESIAN_POINT('',(27.884392235379,1.135601930143,
    6.824576123994));
#2670 = B_SPLINE_CURVE_WITH_KNOTS('',3,(#2671,#2672,#2673,#2674),
  .UNSPECIFIED.,.F.,.F.,(4,4),(0.593437985595,0.639730703535),
  .PIECEWISE_BEZIER_KNOTS.);
#2671 = CARTESIAN_POINT('',(27.686999831123,0.988717242903,
    6.857295104272));
#2672 = CARTESIAN_POINT('',(27.75270781082,1.03761221474,6.844122328291)
  );
#2673 = CARTESIAN_POINT('',(27.81844604622,1.086529700612,6.833228882063
    ));
#2674 = CARTESIAN_POINT('',(27.884392235379,1.135601930143,
    6.824576123994));
#2675 = ORIENTED_EDGE('',*,*,#2676,.T.);
#2676 = EDGE_CURVE('',#2668,#2677,#2679,.T.);
#2677 = VERTEX_POINT('',#2678);
#2678 = CARTESIAN_POINT('',(44.156408387516,13.244021260062,
    4.689535102397));
#2679 = LINE('',#2680,#2681);
#2680 = CARTESIAN_POINT('',(33.5728513325,5.368528412335,6.078196977828)
  );
#2681 = VECTOR('',#2682,1.);
#2682 = DIRECTION('',(0.797848480104,0.593699260652,-0.10468519808));
#2683 = ORIENTED_EDGE('',*,*,#2684,.F.);
#2684 = EDGE_CURVE('',#2537,#2677,#2685,.T.);
#2685 = LINE('',#2686,#2687);
#2686 = CARTESIAN_POINT('',(44.156408387516,13.244021260062,
    9.661481382566));
#2687 = VECTOR('',#2688,1.);
#2688 = DIRECTION('',(0.,0.,-1.));
#2689 = PLANE('',#2690);
#2690 = AXIS2_PLACEMENT_3D('',#2691,#2692,#2693);
#2691 = CARTESIAN_POINT('',(27.686999831123,0.988717242903,
    9.661481382566));
#2692 = DIRECTION('',(-0.596979418158,0.80225655142,0.));
#2693 = DIRECTION('',(0.80225655142,0.596979418158,0.));
#2694 = ADVANCED_FACE('',(#2695),#2729,.T.);
#2695 = FACE_BOUND('',#2696,.T.);
#2696 = EDGE_LOOP('',(#2697,#2698,#2699,#2708,#2723));
#2697 = ORIENTED_EDGE('',*,*,#2546,.T.);
#2698 = ORIENTED_EDGE('',*,*,#2684,.T.);
#2699 = ORIENTED_EDGE('',*,*,#2700,.T.);
#2700 = EDGE_CURVE('',#2677,#2701,#2703,.T.);
#2701 = VERTEX_POINT('',#2702);
#2702 = CARTESIAN_POINT('',(44.264670617724,13.326899071776,
    4.672703225921));
#2703 = ELLIPSE('',#2704,8.35564042071,5.);
#2704 = AXIS2_PLACEMENT_3D('',#2705,#2706,#2707);
#2705 = CARTESIAN_POINT('',(41.171511296725,17.25530401716,
    -1.984273129568));
#2706 = DIRECTION('',(-0.426285000203,0.678380954707,0.598398177548));
#2707 = DIRECTION('',(0.318383086166,-0.50666812544,0.801198864894));
#2708 = ORIENTED_EDGE('',*,*,#2709,.T.);
#2709 = EDGE_CURVE('',#2701,#2710,#2712,.T.);
#2710 = VERTEX_POINT('',#2711);
#2711 = CARTESIAN_POINT('',(46.171511296725,17.25530401716,
    3.228478463737));
#2712 = B_SPLINE_CURVE_WITH_KNOTS('',3,(#2713,#2714,#2715,#2716,#2717,
    #2718,#2719,#2720,#2721,#2722),.UNSPECIFIED.,.F.,.F.,(4,2,2,2,4),(
    1.878985804357,1.91198539531,2.114995074098,2.307284410917,
    2.336547639268),.UNSPECIFIED.);
#2713 = CARTESIAN_POINT('',(44.264670617724,13.326899071776,
    4.672703225921));
#2714 = CARTESIAN_POINT('',(44.351809180722,13.395510496031,
    4.656996591947));
#2715 = CARTESIAN_POINT('',(44.436624071122,13.466997153558,
    4.637526475556));
#2716 = CARTESIAN_POINT('',(45.02422533539,13.996537737837,
    4.476103005585));
#2717 = CARTESIAN_POINT('',(45.429085029468,14.558019578394,
    4.222831167044));
#2718 = CARTESIAN_POINT('',(45.953483300842,15.676172356458,
    3.763508170672));
#2719 = CARTESIAN_POINT('',(46.123912439755,16.307980432224,
    3.520252437375));
#2720 = CARTESIAN_POINT('',(46.168544652182,17.056632369014,
    3.287261988817));
#2721 = CARTESIAN_POINT('',(46.171511296725,17.155913573442,
    3.257364382051));
#2722 = CARTESIAN_POINT('',(46.171511296725,17.25530401716,
    3.228478463737));
#2723 = ORIENTED_EDGE('',*,*,#2724,.F.);
#2724 = EDGE_CURVE('',#2506,#2710,#2725,.T.);
#2725 = LINE('',#2726,#2727);
#2726 = CARTESIAN_POINT('',(46.171511296725,17.25530401716,
    9.661481382566));
#2727 = VECTOR('',#2728,1.);
#2728 = DIRECTION('',(0.,0.,-1.));
#2729 = CYLINDRICAL_SURFACE('',#2730,5.);
#2730 = AXIS2_PLACEMENT_3D('',#2731,#2732,#2733);
#2731 = CARTESIAN_POINT('',(41.171511296725,17.25530401716,
    9.661481382566));
#2732 = DIRECTION('',(0.,0.,1.));
#2733 = DIRECTION('',(1.,3.552713678801E-15,-0.));
#2734 = ADVANCED_FACE('',(#2735),#2754,.F.);
#2735 = FACE_BOUND('',#2736,.T.);
#2736 = EDGE_LOOP('',(#2737,#2738,#2739,#2748));
#2737 = ORIENTED_EDGE('',*,*,#2515,.T.);
#2738 = ORIENTED_EDGE('',*,*,#2724,.T.);
#2739 = ORIENTED_EDGE('',*,*,#2740,.T.);
#2740 = EDGE_CURVE('',#2710,#2741,#2743,.T.);
#2741 = VERTEX_POINT('',#2742);
#2742 = CARTESIAN_POINT('',(46.171511296725,20.87363559748,
    3.073447360674));
#2743 = ELLIPSE('',#2744,8.292019829028,7.5);
#2744 = AXIS2_PLACEMENT_3D('',#2745,#2746,#2747);
#2745 = CARTESIAN_POINT('',(46.171511296725,20.16169486004,
    10.816208378671));
#2746 = DIRECTION('',(1.,0.,0.));
#2747 = DIRECTION('',(0.,-0.725843905344,-0.687859451542));
#2748 = ORIENTED_EDGE('',*,*,#2749,.F.);
#2749 = EDGE_CURVE('',#2473,#2741,#2750,.T.);
#2750 = LINE('',#2751,#2752);
#2751 = CARTESIAN_POINT('',(46.171511296725,20.87363559748,
    9.661481382566));
#2752 = VECTOR('',#2753,1.);
#2753 = DIRECTION('',(0.,0.,-1.));
#2754 = PLANE('',#2755);
#2755 = AXIS2_PLACEMENT_3D('',#2756,#2757,#2758);
#2756 = CARTESIAN_POINT('',(46.171511296725,17.25530401716,
    9.661481382566));
#2757 = DIRECTION('',(-1.,0.,0.));
#2758 = DIRECTION('',(0.,1.,0.));
#2759 = ADVANCED_FACE('',(#2760),#2775,.T.);
#2760 = FACE_BOUND('',#2761,.T.);
#2761 = EDGE_LOOP('',(#2762,#2763,#2764,#2773,#2774));
#2762 = ORIENTED_EDGE('',*,*,#2482,.T.);
#2763 = ORIENTED_EDGE('',*,*,#2749,.T.);
#2764 = ORIENTED_EDGE('',*,*,#2765,.T.);
#2765 = EDGE_CURVE('',#2741,#230,#2766,.T.);
#2766 = B_SPLINE_CURVE_WITH_KNOTS('',3,(#2767,#2768,#2769,#2770,#2771,
    #2772),.UNSPECIFIED.,.F.,.F.,(4,2,4),(0.879333705451,0.920468997868,
    0.974581165758),.UNSPECIFIED.);
#2767 = CARTESIAN_POINT('',(46.171511296725,20.87363559748,
    3.073447360674));
#2768 = CARTESIAN_POINT('',(46.171511296725,21.013553131731,
    3.099838506163));
#2769 = CARTESIAN_POINT('',(46.156352674343,21.159231378432,
    3.127240392493));
#2770 = CARTESIAN_POINT('',(46.084324126865,21.4882606485,3.190596269504
    ));
#2771 = CARTESIAN_POINT('',(46.015217954406,21.669034614873,
    3.226666035601));
#2772 = CARTESIAN_POINT('',(45.930140000617,21.826119236105,
    3.259211158727));
#2773 = ORIENTED_EDGE('',*,*,#229,.T.);
#2774 = ORIENTED_EDGE('',*,*,#1397,.F.);
#2775 = CYLINDRICAL_SURFACE('',#2776,2.);
#2776 = AXIS2_PLACEMENT_3D('',#2777,#2778,#2779);
#2777 = CARTESIAN_POINT('',(44.171511296725,20.873635597479,
    9.661481382566));
#2778 = DIRECTION('',(0.,0.,1.));
#2779 = DIRECTION('',(0.393640602893,0.919264421021,-0.));
#2780 = ADVANCED_FACE('',(#2781),#2808,.F.);
#2781 = FACE_BOUND('',#2782,.F.);
#2782 = EDGE_LOOP('',(#2783,#2795,#2801,#2802));
#2783 = ORIENTED_EDGE('',*,*,#2784,.T.);
#2784 = EDGE_CURVE('',#2785,#2787,#2789,.T.);
#2785 = VERTEX_POINT('',#2786);
#2786 = CARTESIAN_POINT('',(37.194596018671,14.059365662064,
    2.182435884698));
#2787 = VERTEX_POINT('',#2788);
#2788 = CARTESIAN_POINT('',(34.71531600445,14.667260976635,
    2.075247539293));
#2789 = B_SPLINE_CURVE_WITH_KNOTS('',3,(#2790,#2791,#2792,#2793,#2794),
  .UNSPECIFIED.,.F.,.F.,(4,1,4),(-0.93106562326,-0.143442331529,
    0.447275137269),.UNSPECIFIED.);
#2790 = CARTESIAN_POINT('',(37.194596018671,14.059365662064,
    2.182435884698));
#2791 = CARTESIAN_POINT('',(36.883375213297,14.477602744374,
    2.108689402754));
#2792 = CARTESIAN_POINT('',(36.030757326466,14.985964279839,
    2.019051548097));
#2793 = CARTESIAN_POINT('',(35.071565393335,14.838153376302,
    2.045114598434));
#2794 = CARTESIAN_POINT('',(34.71531600445,14.667260976635,
    2.075247539293));
#2795 = ORIENTED_EDGE('',*,*,#2796,.T.);
#2796 = EDGE_CURVE('',#2787,#2289,#2797,.T.);
#2797 = LINE('',#2798,#2799);
#2798 = CARTESIAN_POINT('',(34.71531600445,14.667260976635,
    2.075247539293));
#2799 = VECTOR('',#2800,1.);
#2800 = DIRECTION('',(0.309649752875,-0.503256452486,0.806752733851));
#2801 = ORIENTED_EDGE('',*,*,#2288,.T.);
#2802 = ORIENTED_EDGE('',*,*,#2803,.T.);
#2803 = EDGE_CURVE('',#2280,#2785,#2804,.T.);
#2804 = LINE('',#2805,#2806);
#2805 = CARTESIAN_POINT('',(36.28256526758,13.597509936984,
    3.412023406505));
#2806 = VECTOR('',#2807,1.);
#2807 = DIRECTION('',(0.570353924292,0.288829323946,-0.768943445693));
#2808 = B_SPLINE_SURFACE_WITH_KNOTS('',3,3,(
    (#2809,#2810,#2811,#2812,#2813)
    ,(#2814,#2815,#2816,#2817,#2818)
    ,(#2819,#2820,#2821,#2822,#2823)
    ,(#2824,#2825,#2826,#2827,#2828
    )),.UNSPECIFIED.,.F.,.F.,.F.,(4,4),(4,1,4),(0.,1.),(-0.447275137269,
    0.143442331529,0.93106562326),.UNSPECIFIED.);
#2809 = CARTESIAN_POINT('',(34.71531600445,14.667260976635,
    2.075247539293));
#2810 = CARTESIAN_POINT('',(35.071565393335,14.838153376302,
    2.045114598434));
#2811 = CARTESIAN_POINT('',(36.030757326466,14.985964279839,
    2.019051548097));
#2812 = CARTESIAN_POINT('',(36.883375213297,14.477602744374,
    2.108689402754));
#2813 = CARTESIAN_POINT('',(37.194596018671,14.059365662064,
    2.182435884698));
#2814 = CARTESIAN_POINT('',(34.889528658042,14.384122878797,
    2.529136274072));
#2815 = CARTESIAN_POINT('',(35.17727738958,14.516690517419,
    2.511781333326));
#2816 = CARTESIAN_POINT('',(35.936601138743,14.629218023402,
    2.497210922786));
#2817 = CARTESIAN_POINT('',(36.626126920205,14.239595377309,
    2.54780683732));
#2818 = CARTESIAN_POINT('',(36.890585768307,13.905413753704,
    2.592298391967));
#2819 = CARTESIAN_POINT('',(35.063741311635,14.100984780958,
    2.983025008852));
#2820 = CARTESIAN_POINT('',(35.282989385824,14.195227658536,
    2.978448068218));
#2821 = CARTESIAN_POINT('',(35.842444951021,14.272471766965,
    2.975370297475));
#2822 = CARTESIAN_POINT('',(36.368878627114,14.001588010244,
    2.986924271885));
#2823 = CARTESIAN_POINT('',(36.586575517943,13.751461845344,
    3.002160899236));
#2824 = CARTESIAN_POINT('',(35.237953965227,13.817846683119,
    3.436913743631));
#2825 = CARTESIAN_POINT('',(35.388701382069,13.873764799653,
    3.44511480311));
#2826 = CARTESIAN_POINT('',(35.748288763298,13.915725510527,
    3.453529672164));
#2827 = CARTESIAN_POINT('',(36.111630334022,13.763580643179,
    3.426041706451));
#2828 = CARTESIAN_POINT('',(36.28256526758,13.597509936984,
    3.412023406505));
#2829 = ADVANCED_FACE('',(#2830),#2842,.F.);
#2830 = FACE_BOUND('',#2831,.F.);
#2831 = EDGE_LOOP('',(#2832,#2839,#2840,#2841));
#2832 = ORIENTED_EDGE('',*,*,#2833,.T.);
#2833 = EDGE_CURVE('',#2787,#1859,#2834,.T.);
#2834 = B_SPLINE_CURVE_WITH_KNOTS('',3,(#2835,#2836,#2837,#2838),
  .UNSPECIFIED.,.F.,.F.,(4,4),(-0.244575477927,-0.235399310552),
  .PIECEWISE_BEZIER_KNOTS.);
#2835 = CARTESIAN_POINT('',(34.71531600445,14.667260976635,
    2.075247539293));
#2836 = CARTESIAN_POINT('',(34.687817527127,14.654069990423,
    2.077573466064));
#2837 = CARTESIAN_POINT('',(34.660319049803,14.640879004211,
    2.079899392836));
#2838 = CARTESIAN_POINT('',(34.63282057248,14.627688017998,
    2.082225319607));
#2839 = ORIENTED_EDGE('',*,*,#1866,.F.);
#2840 = ORIENTED_EDGE('',*,*,#2298,.T.);
#2841 = ORIENTED_EDGE('',*,*,#2796,.F.);
#2842 = B_SPLINE_SURFACE_WITH_KNOTS('',3,3,(
    (#2843,#2844,#2845,#2846)
    ,(#2847,#2848,#2849,#2850)
    ,(#2851,#2852,#2853,#2854)
    ,(#2855,#2856,#2857,#2858
    )),.UNSPECIFIED.,.F.,.F.,.F.,(4,4),(4,4),(0.,1.),(0.235399310552,
    0.244575477927),.PIECEWISE_BEZIER_KNOTS.);
#2843 = CARTESIAN_POINT('',(34.63282057248,14.627688017998,
    2.082225319607));
#2844 = CARTESIAN_POINT('',(34.660319049803,14.640879004211,
    2.079899392836));
#2845 = CARTESIAN_POINT('',(34.687817527127,14.654069990423,
    2.077573466064));
#2846 = CARTESIAN_POINT('',(34.71531600445,14.667260976635,
    2.075247539293));
#2847 = CARTESIAN_POINT('',(34.80628934317,14.345758911502,
    2.534175962851));
#2848 = CARTESIAN_POINT('',(34.833787820494,14.358949897715,
    2.531850036079));
#2849 = CARTESIAN_POINT('',(34.861530773542,14.371743551183,
    2.530161059467));
#2850 = CARTESIAN_POINT('',(34.889528658042,14.384122878797,
    2.529136274072));
#2851 = CARTESIAN_POINT('',(34.979758113861,14.063829805006,
    2.986126606094));
#2852 = CARTESIAN_POINT('',(35.007256591184,14.077020791219,
    2.983800679323));
#2853 = CARTESIAN_POINT('',(35.035244019956,14.089417111943,
    2.982748652869));
#2854 = CARTESIAN_POINT('',(35.063741311635,14.100984780958,
    2.983025008852));
#2855 = CARTESIAN_POINT('',(35.153226884551,13.78190069851,
    3.438077249338));
#2856 = CARTESIAN_POINT('',(35.180725361874,13.795091684723,
    3.435751322567));
#2857 = CARTESIAN_POINT('',(35.208957266371,13.807090672703,
    3.435336246272));
#2858 = CARTESIAN_POINT('',(35.237953965227,13.817846683119,
    3.436913743631));
#2859 = ADVANCED_FACE('',(#2860),#2885,.F.);
#2860 = FACE_BOUND('',#2861,.T.);
#2861 = EDGE_LOOP('',(#2862,#2870,#2878,#2884));
#2862 = ORIENTED_EDGE('',*,*,#2863,.F.);
#2863 = EDGE_CURVE('',#2864,#2272,#2866,.T.);
#2864 = VERTEX_POINT('',#2865);
#2865 = CARTESIAN_POINT('',(37.288446539999,13.933243733402,
    2.20467458358));
#2866 = LINE('',#2867,#2868);
#2867 = CARTESIAN_POINT('',(37.288446539999,13.933243733402,
    2.20467458358));
#2868 = VECTOR('',#2869,1.);
#2869 = DIRECTION('',(-0.570353924292,-0.288829323946,0.768943445693));
#2870 = ORIENTED_EDGE('',*,*,#2871,.F.);
#2871 = EDGE_CURVE('',#2872,#2864,#2874,.T.);
#2872 = VERTEX_POINT('',#2873);
#2873 = CARTESIAN_POINT('',(37.385281786485,13.803110753037,
    2.227620539099));
#2874 = LINE('',#2875,#2876);
#2875 = CARTESIAN_POINT('',(36.733293821387,14.679291071046,
    2.073126309068));
#2876 = VECTOR('',#2877,1.);
#2877 = DIRECTION('',(-0.591094579649,0.794348154406,-0.140065011698));
#2878 = ORIENTED_EDGE('',*,*,#2879,.F.);
#2879 = EDGE_CURVE('',#2318,#2872,#2880,.T.);
#2880 = LINE('',#2881,#2882);
#2881 = CARTESIAN_POINT('',(36.484829010072,13.347118156896,
    3.441598792057));
#2882 = VECTOR('',#2883,1.);
#2883 = DIRECTION('',(0.570353924292,0.288829323946,-0.768943445693));
#2884 = ORIENTED_EDGE('',*,*,#2317,.F.);
#2885 = PLANE('',#2886);
#2886 = AXIS2_PLACEMENT_3D('',#2887,#2888,#2889);
#2887 = CARTESIAN_POINT('',(36.28306743318,14.451294772976,
    2.680115435547));
#2888 = DIRECTION('',(0.570353924292,0.534404931884,0.623785034947));
#2889 = DIRECTION('',(0.738007495934,-2.498001805407E-16,-0.674792513255
    ));
#2890 = ADVANCED_FACE('',(#2891),#2903,.F.);
#2891 = FACE_BOUND('',#2892,.F.);
#2892 = EDGE_LOOP('',(#2893,#2900,#2901,#2902));
#2893 = ORIENTED_EDGE('',*,*,#2894,.T.);
#2894 = EDGE_CURVE('',#2864,#2785,#2895,.T.);
#2895 = B_SPLINE_CURVE_WITH_KNOTS('',3,(#2896,#2897,#2898,#2899),
  .UNSPECIFIED.,.F.,.F.,(4,4),(-9.39194399214E-02,-7.804202798784E-02),
  .PIECEWISE_BEZIER_KNOTS.);
#2896 = CARTESIAN_POINT('',(37.288446539999,13.933243733402,
    2.20467458358));
#2897 = CARTESIAN_POINT('',(37.25716303289,13.975284376289,
    2.197261683953));
#2898 = CARTESIAN_POINT('',(37.225879525781,14.017325019177,
    2.189848784325));
#2899 = CARTESIAN_POINT('',(37.194596018671,14.059365662064,
    2.182435884698));
#2900 = ORIENTED_EDGE('',*,*,#2803,.F.);
#2901 = ORIENTED_EDGE('',*,*,#2279,.T.);
#2902 = ORIENTED_EDGE('',*,*,#2863,.F.);
#2903 = B_SPLINE_SURFACE_WITH_KNOTS('',3,3,(
    (#2904,#2905,#2906,#2907)
    ,(#2908,#2909,#2910,#2911)
    ,(#2912,#2913,#2914,#2915)
    ,(#2916,#2917,#2918,#2919
    )),.UNSPECIFIED.,.F.,.F.,.F.,(4,4),(4,4),(0.,1.),(7.804202798784E-02
    ,9.39194399214E-02),.PIECEWISE_BEZIER_KNOTS.);
#2904 = CARTESIAN_POINT('',(37.194596018671,14.059365662064,
    2.182435884698));
#2905 = CARTESIAN_POINT('',(37.225879525781,14.017325019177,
    2.189848784325));
#2906 = CARTESIAN_POINT('',(37.25716303289,13.975284376289,
    2.197261683953));
#2907 = CARTESIAN_POINT('',(37.288446539999,13.933243733402,
    2.20467458358));
#2908 = CARTESIAN_POINT('',(36.890585768307,13.905413753704,
    2.592298391967));
#2909 = CARTESIAN_POINT('',(36.924496198101,13.864703394121,
    2.596169709965));
#2910 = CARTESIAN_POINT('',(36.957012107419,13.823286844243,
    2.601921101606));
#2911 = CARTESIAN_POINT('',(36.988295614528,13.781246201355,
    2.609334001233));
#2912 = CARTESIAN_POINT('',(36.586575517943,13.751461845344,
    3.002160899236));
#2913 = CARTESIAN_POINT('',(36.623112870422,13.712081769066,
    3.002490635604));
#2914 = CARTESIAN_POINT('',(36.656861181948,13.671289312196,
    3.006580519258));
#2915 = CARTESIAN_POINT('',(36.688144689057,13.629248669309,
    3.013993418886));
#2916 = CARTESIAN_POINT('',(36.28256526758,13.597509936984,
    3.412023406505));
#2917 = CARTESIAN_POINT('',(36.321729542743,13.55946014401,
    3.408811561244));
#2918 = CARTESIAN_POINT('',(36.356710256476,13.519291780149,
    3.411239936911));
#2919 = CARTESIAN_POINT('',(36.387993763586,13.477251137262,
    3.418652836539));
#2920 = ADVANCED_FACE('',(#2921),#2948,.F.);
#2921 = FACE_BOUND('',#2922,.F.);
#2922 = EDGE_LOOP('',(#2923,#2924,#2932,#2942));
#2923 = ORIENTED_EDGE('',*,*,#2365,.T.);
#2924 = ORIENTED_EDGE('',*,*,#2925,.T.);
#2925 = EDGE_CURVE('',#2357,#2926,#2928,.T.);
#2926 = VERTEX_POINT('',#2927);
#2927 = CARTESIAN_POINT('',(36.976260426861,11.036032889722,
    2.715531024122));
#2928 = LINE('',#2929,#2930);
#2929 = CARTESIAN_POINT('',(36.44543983544,11.880769578592,
    3.460671187065));
#2930 = VECTOR('',#2931,1.);
#2931 = DIRECTION('',(0.426285000203,-0.678380954707,-0.598398177548));
#2932 = ORIENTED_EDGE('',*,*,#2933,.T.);
#2933 = EDGE_CURVE('',#2926,#2934,#2936,.T.);
#2934 = VERTEX_POINT('',#2935);
#2935 = CARTESIAN_POINT('',(37.565126790831,13.511969418828,
    2.278956611519));
#2936 = B_SPLINE_CURVE_WITH_KNOTS('',3,(#2937,#2938,#2939,#2940,#2941),
  .UNSPECIFIED.,.F.,.F.,(4,1,4),(-2.501861950055,-1.703042162503,
    -1.103927321839),.UNSPECIFIED.);
#2937 = CARTESIAN_POINT('',(36.976260426861,11.036032889722,
    2.715531024122));
#2938 = CARTESIAN_POINT('',(37.403238824872,11.353758329495,
    2.659507456633));
#2939 = CARTESIAN_POINT('',(37.903586086276,12.212899242266,
    2.508017733481));
#2940 = CARTESIAN_POINT('',(37.742992758635,13.159084036859,
    2.341179825458));
#2941 = CARTESIAN_POINT('',(37.565126790831,13.511969418828,
    2.278956611519));
#2942 = ORIENTED_EDGE('',*,*,#2943,.T.);
#2943 = EDGE_CURVE('',#2934,#2326,#2944,.T.);
#2944 = LINE('',#2945,#2946);
#2945 = CARTESIAN_POINT('',(37.565126790831,13.511969418828,
    2.278956611519));
#2946 = VECTOR('',#2947,1.);
#2947 = DIRECTION('',(-0.633371036854,-0.186825995674,0.750957506797));
#2948 = B_SPLINE_SURFACE_WITH_KNOTS('',3,3,(
    (#2949,#2950,#2951,#2952,#2953)
    ,(#2954,#2955,#2956,#2957,#2958)
    ,(#2959,#2960,#2961,#2962,#2963)
    ,(#2964,#2965,#2966,#2967,#2968
    )),.UNSPECIFIED.,.F.,.F.,.F.,(4,4),(4,1,4),(0.,1.),(1.103927321839,
    1.703042162503,2.501861950055),.UNSPECIFIED.);
#2949 = CARTESIAN_POINT('',(37.565126790831,13.511969418828,
    2.278956611519));
#2950 = CARTESIAN_POINT('',(37.742992758635,13.159084036859,
    2.341179825458));
#2951 = CARTESIAN_POINT('',(37.903586086276,12.212899242266,
    2.508017733481));
#2952 = CARTESIAN_POINT('',(37.403238824872,11.353758329495,
    2.659507456633));
#2953 = CARTESIAN_POINT('',(36.976260426861,11.036032889722,
    2.715531024122));
#2954 = CARTESIAN_POINT('',(37.236311037687,13.414978355297,
    2.668817599484));
#2955 = CARTESIAN_POINT('',(37.392422845278,13.129280339735,
    2.707241871762));
#2956 = CARTESIAN_POINT('',(37.559797086874,12.345161373667,2.8147528685
    ));
#2957 = CARTESIAN_POINT('',(37.158686711308,11.596681024636,
    2.923109560536));
#2958 = CARTESIAN_POINT('',(36.799320229721,11.317611786012,
    2.963911078436));
#2959 = CARTESIAN_POINT('',(36.907495284543,13.317987291766,
    3.058678587449));
#2960 = CARTESIAN_POINT('',(37.04185293192,13.09947664261,3.073303918065
    ));
#2961 = CARTESIAN_POINT('',(37.216008087471,12.477423505068,
    3.121488003519));
#2962 = CARTESIAN_POINT('',(36.914134597743,11.839603719778,
    3.186711664439));
#2963 = CARTESIAN_POINT('',(36.62238003258,11.599190682302,
    3.212291132751));
#2964 = CARTESIAN_POINT('',(36.5786795314,13.220996228235,3.448539575413
    ));
#2965 = CARTESIAN_POINT('',(36.691283018563,13.069672945485,
    3.439365964369));
#2966 = CARTESIAN_POINT('',(36.872219088069,12.609685636469,
    3.428223138539));
#2967 = CARTESIAN_POINT('',(36.669582484179,12.082526414919,
    3.450313768342));
#2968 = CARTESIAN_POINT('',(36.44543983544,11.880769578592,
    3.460671187065));
#2969 = ADVANCED_FACE('',(#2970),#2982,.F.);
#2970 = FACE_BOUND('',#2971,.F.);
#2971 = EDGE_LOOP('',(#2972,#2979,#2980,#2981));
#2972 = ORIENTED_EDGE('',*,*,#2973,.T.);
#2973 = EDGE_CURVE('',#2934,#2872,#2974,.T.);
#2974 = B_SPLINE_CURVE_WITH_KNOTS('',3,(#2975,#2976,#2977,#2978),
  .UNSPECIFIED.,.F.,.F.,(4,4),(-1.103927321839,-0.93106562326),
  .PIECEWISE_BEZIER_KNOTS.);
#2975 = CARTESIAN_POINT('',(37.565126790831,13.511969418828,
    2.278956611519));
#2976 = CARTESIAN_POINT('',(37.513807392233,13.613786904209,
    2.261003441738));
#2977 = CARTESIAN_POINT('',(37.453586212744,13.71131919073,
    2.243805868135));
#2978 = CARTESIAN_POINT('',(37.385281786485,13.803110753037,
    2.227620539099));
#2979 = ORIENTED_EDGE('',*,*,#2879,.F.);
#2980 = ORIENTED_EDGE('',*,*,#2325,.T.);
#2981 = ORIENTED_EDGE('',*,*,#2943,.F.);
#2982 = B_SPLINE_SURFACE_WITH_KNOTS('',3,3,(
    (#2983,#2984,#2985,#2986)
    ,(#2987,#2988,#2989,#2990)
    ,(#2991,#2992,#2993,#2994)
    ,(#2995,#2996,#2997,#2998
    )),.UNSPECIFIED.,.F.,.F.,.F.,(4,4),(4,4),(0.,1.),(0.93106562326,
    1.103927321839),.PIECEWISE_BEZIER_KNOTS.);
#2983 = CARTESIAN_POINT('',(37.385281786485,13.803110753037,
    2.227620539099));
#2984 = CARTESIAN_POINT('',(37.453586212744,13.71131919073,
    2.243805868135));
#2985 = CARTESIAN_POINT('',(37.513807392233,13.613786904209,
    2.261003441738));
#2986 = CARTESIAN_POINT('',(37.565126790831,13.511969418828,
    2.278956611519));
#2987 = CARTESIAN_POINT('',(37.085130861014,13.65111322099,
    2.632279956751));
#2988 = CARTESIAN_POINT('',(37.14081821673,13.576277230678,
    2.645475560971));
#2989 = CARTESIAN_POINT('',(37.191268334024,13.497410371496,
    2.657731102335));
#2990 = CARTESIAN_POINT('',(37.236311037687,13.414978355297,
    2.668817599484));
#2991 = CARTESIAN_POINT('',(36.784979935543,13.499115688943,
    3.036939374404));
#2992 = CARTESIAN_POINT('',(36.828050220715,13.441235270625,
    3.047145253808));
#2993 = CARTESIAN_POINT('',(36.868729275815,13.381033838783,
    3.054458762932));
#2994 = CARTESIAN_POINT('',(36.907495284543,13.317987291766,
    3.058678587449));
#2995 = CARTESIAN_POINT('',(36.484829010072,13.347118156896,
    3.441598792057));
#2996 = CARTESIAN_POINT('',(36.5152822247,13.306193310572,3.448814946645
    ));
#2997 = CARTESIAN_POINT('',(36.546190217606,13.26465730607,
    3.451186423529));
#2998 = CARTESIAN_POINT('',(36.5786795314,13.220996228235,3.448539575413
    ));
#2999 = ADVANCED_FACE('',(#3000),#3025,.F.);
#3000 = FACE_BOUND('',#3001,.T.);
#3001 = EDGE_LOOP('',(#3002,#3010,#3018,#3024));
#3002 = ORIENTED_EDGE('',*,*,#3003,.F.);
#3003 = EDGE_CURVE('',#3004,#2349,#3006,.T.);
#3004 = VERTEX_POINT('',#3005);
#3005 = CARTESIAN_POINT('',(36.901908954615,10.98070607617,
    2.725286634108));
#3006 = LINE('',#3007,#3008);
#3007 = CARTESIAN_POINT('',(36.901908954615,10.98070607617,
    2.725286634108));
#3008 = VECTOR('',#3009,1.);
#3009 = DIRECTION('',(-0.426285000203,0.678380954707,0.598398177548));
#3010 = ORIENTED_EDGE('',*,*,#3011,.F.);
#3011 = EDGE_CURVE('',#3012,#3004,#3014,.T.);
#3012 = VERTEX_POINT('',#3013);
#3013 = CARTESIAN_POINT('',(31.562562479421,7.00756313771,3.42585893237)
  );
#3014 = LINE('',#3015,#3016);
#3015 = CARTESIAN_POINT('',(37.174750779287,11.183734588002,
    2.689487229619));
#3016 = VECTOR('',#3017,1.);
#3017 = DIRECTION('',(0.797848480104,0.593699260652,-0.10468519808));
#3018 = ORIENTED_EDGE('',*,*,#3019,.F.);
#3019 = EDGE_CURVE('',#2386,#3012,#3020,.T.);
#3020 = LINE('',#3021,#3022);
#3021 = CARTESIAN_POINT('',(31.034055922944,7.848617320197,
    4.167750765457));
#3022 = VECTOR('',#3023,1.);
#3023 = DIRECTION('',(0.426285000203,-0.678380954707,-0.598398177548));
#3024 = ORIENTED_EDGE('',*,*,#2385,.F.);
#3025 = PLANE('',#3026);
#3026 = AXIS2_PLACEMENT_3D('',#3027,#3028,#3029);
#3027 = CARTESIAN_POINT('',(36.910497501049,11.604261679246,
    3.060433146162));
#3028 = DIRECTION('',(0.426285000203,-0.432805346769,0.794330303092));
#3029 = DIRECTION('',(0.881133006808,1.110223024625E-16,-0.472868506367)
  );
#3030 = ADVANCED_FACE('',(#3031),#3043,.F.);
#3031 = FACE_BOUND('',#3032,.F.);
#3032 = EDGE_LOOP('',(#3033,#3040,#3041,#3042));
#3033 = ORIENTED_EDGE('',*,*,#3034,.T.);
#3034 = EDGE_CURVE('',#3004,#2926,#3035,.T.);
#3035 = B_SPLINE_CURVE_WITH_KNOTS('',3,(#3036,#3037,#3038,#3039),
  .UNSPECIFIED.,.F.,.F.,(4,4),(-3.419719802393E-02,-2.487820148511E-02),
  .PIECEWISE_BEZIER_KNOTS.);
#3036 = CARTESIAN_POINT('',(36.901908954615,10.98070607617,
    2.725286634108));
#3037 = CARTESIAN_POINT('',(36.926692778697,10.999148347354,
    2.722034764113));
#3038 = CARTESIAN_POINT('',(36.951476602779,11.017590618538,
    2.718782894117));
#3039 = CARTESIAN_POINT('',(36.976260426861,11.036032889722,
    2.715531024122));
#3040 = ORIENTED_EDGE('',*,*,#2925,.F.);
#3041 = ORIENTED_EDGE('',*,*,#2356,.T.);
#3042 = ORIENTED_EDGE('',*,*,#3003,.F.);
#3043 = B_SPLINE_SURFACE_WITH_KNOTS('',3,3,(
    (#3044,#3045,#3046,#3047)
    ,(#3048,#3049,#3050,#3051)
    ,(#3052,#3053,#3054,#3055)
    ,(#3056,#3057,#3058,#3059
    )),.UNSPECIFIED.,.F.,.F.,.F.,(4,4),(4,4),(0.,1.),(2.487820148511E-02
    ,3.419719802393E-02),.PIECEWISE_BEZIER_KNOTS.);
#3044 = CARTESIAN_POINT('',(36.976260426861,11.036032889722,
    2.715531024122));
#3045 = CARTESIAN_POINT('',(36.951476602779,11.017590618538,
    2.718782894117));
#3046 = CARTESIAN_POINT('',(36.926692778697,10.999148347354,
    2.722034764113));
#3047 = CARTESIAN_POINT('',(36.901908954615,10.98070607617,
    2.725286634108));
#3048 = CARTESIAN_POINT('',(36.799320229721,11.317611786012,
    2.963911078436));
#3049 = CARTESIAN_POINT('',(36.775053672006,11.298346348045,
    2.96643683503));
#3050 = CARTESIAN_POINT('',(36.750523926538,11.279499741516,
    2.969332041808));
#3051 = CARTESIAN_POINT('',(36.725740102456,11.261057470333,
    2.972583911804));
#3052 = CARTESIAN_POINT('',(36.62238003258,11.599190682302,
    3.212291132751));
#3053 = CARTESIAN_POINT('',(36.598630741234,11.579102077552,
    3.214090775942));
#3054 = CARTESIAN_POINT('',(36.574355074379,11.559851135679,
    3.216629319504));
#3055 = CARTESIAN_POINT('',(36.549571250297,11.541408864495,
    3.219881189499));
#3056 = CARTESIAN_POINT('',(36.44543983544,11.880769578592,
    3.460671187065));
#3057 = CARTESIAN_POINT('',(36.422207810461,11.859857807059,
    3.461744716854));
#3058 = CARTESIAN_POINT('',(36.39818622222,11.840202529841,3.4639265972)
  );
#3059 = CARTESIAN_POINT('',(36.373402398138,11.821760258657,
    3.467178467195));
#3060 = ADVANCED_FACE('',(#3061),#3087,.F.);
#3061 = FACE_BOUND('',#3062,.F.);
#3062 = EDGE_LOOP('',(#3063,#3064,#3072,#3081));
#3063 = ORIENTED_EDGE('',*,*,#2424,.T.);
#3064 = ORIENTED_EDGE('',*,*,#3065,.T.);
#3065 = EDGE_CURVE('',#2417,#3066,#3068,.T.);
#3066 = VERTEX_POINT('',#3067);
#3067 = CARTESIAN_POINT('',(27.974807359908,5.819765510731,
    3.635299701628));
#3068 = LINE('',#3069,#3070);
#3069 = CARTESIAN_POINT('',(27.974807359908,6.804573263744,
    4.324869513974));
#3070 = VECTOR('',#3071,1.);
#3071 = DIRECTION('',(-1.846942121357E-15,-0.819152044289,
    -0.573576436351));
#3072 = ORIENTED_EDGE('',*,*,#3073,.T.);
#3073 = EDGE_CURVE('',#3066,#3074,#3076,.T.);
#3074 = VERTEX_POINT('',#3075);
#3075 = CARTESIAN_POINT('',(31.474988266588,6.943618505434,
    3.437134096312));
#3076 = B_SPLINE_CURVE_WITH_KNOTS('',3,(#3077,#3078,#3079,#3080),
  .UNSPECIFIED.,.F.,.F.,(4,4),(-5.73027491226E-15,0.621655473451),
  .PIECEWISE_BEZIER_KNOTS.);
#3077 = CARTESIAN_POINT('',(27.974807359908,5.819765510731,
    3.635299701628));
#3078 = CARTESIAN_POINT('',(29.221314986049,5.819765510731,
    3.635299701628));
#3079 = CARTESIAN_POINT('',(30.464353343309,6.219588349263,
    3.564800147691));
#3080 = CARTESIAN_POINT('',(31.474988266598,6.943618505441,3.43713409631
    ));
#3081 = ORIENTED_EDGE('',*,*,#3082,.T.);
#3082 = EDGE_CURVE('',#3074,#2394,#3083,.T.);
#3083 = LINE('',#3084,#3085);
#3084 = CARTESIAN_POINT('',(31.474988266588,6.943618505434,
    3.437134096312));
#3085 = VECTOR('',#3086,1.);
#3086 = DIRECTION('',(-0.415971344854,0.685911728115,0.59707029862));
#3087 = B_SPLINE_SURFACE_WITH_KNOTS('',3,3,(
    (#3088,#3089,#3090,#3091)
    ,(#3092,#3093,#3094,#3095)
    ,(#3096,#3097,#3098,#3099)
    ,(#3100,#3101,#3102,#3103
    )),.UNSPECIFIED.,.F.,.F.,.F.,(4,4),(4,4),(0.,1.),(-0.621655473451,
    5.73027491226E-15),.PIECEWISE_BEZIER_KNOTS.);
#3088 = CARTESIAN_POINT('',(31.474988266598,6.943618505441,3.43713409631
    ));
#3089 = CARTESIAN_POINT('',(30.464353343309,6.219588349263,
    3.564800147691));
#3090 = CARTESIAN_POINT('',(29.221314986049,5.819765510731,
    3.635299701628));
#3091 = CARTESIAN_POINT('',(27.974807359908,5.819765510731,
    3.635299701628));
#3092 = CARTESIAN_POINT('',(31.303226997199,7.226842507753,3.68367404145
    ));
#3093 = CARTESIAN_POINT('',(30.345086809673,6.532538717791,
    3.800347039199));
#3094 = CARTESIAN_POINT('',(29.161690076241,6.148034761736,
    3.865156305743));
#3095 = CARTESIAN_POINT('',(27.974807359908,6.148034761736,
    3.865156305743));
#3096 = CARTESIAN_POINT('',(31.131465727799,7.510066510065,
    3.930213986589));
#3097 = CARTESIAN_POINT('',(30.225820276037,6.845489086318,
    4.035893930706));
#3098 = CARTESIAN_POINT('',(29.102065166433,6.47630401274,4.095012909859
    ));
#3099 = CARTESIAN_POINT('',(27.974807359908,6.47630401274,4.095012909859
    ));
#3100 = CARTESIAN_POINT('',(30.9597044584,7.793290512377,4.176753931729)
  );
#3101 = CARTESIAN_POINT('',(30.1065537424,7.158439454845,4.271440822214)
  );
#3102 = CARTESIAN_POINT('',(29.042440256625,6.804573263744,
    4.324869513974));
#3103 = CARTESIAN_POINT('',(27.974807359908,6.804573263744,
    4.324869513974));
#3104 = ADVANCED_FACE('',(#3105),#3117,.F.);
#3105 = FACE_BOUND('',#3106,.F.);
#3106 = EDGE_LOOP('',(#3107,#3114,#3115,#3116));
#3107 = ORIENTED_EDGE('',*,*,#3108,.T.);
#3108 = EDGE_CURVE('',#3074,#3012,#3109,.T.);
#3109 = B_SPLINE_CURVE_WITH_KNOTS('',3,(#3110,#3111,#3112,#3113),
  .UNSPECIFIED.,.F.,.F.,(4,4),(0.621655473451,0.639730703535),
  .PIECEWISE_BEZIER_KNOTS.);
#3110 = CARTESIAN_POINT('',(31.474988266598,6.943618505441,3.43713409631
    ));
#3111 = CARTESIAN_POINT('',(31.504373447859,6.964670377771,
    3.433422083224));
#3112 = CARTESIAN_POINT('',(31.533566431278,6.985986443922,
    3.429663485639));
#3113 = CARTESIAN_POINT('',(31.562562479421,7.00756313771,3.42585893237)
  );
#3114 = ORIENTED_EDGE('',*,*,#3019,.F.);
#3115 = ORIENTED_EDGE('',*,*,#2393,.T.);
#3116 = ORIENTED_EDGE('',*,*,#3082,.F.);
#3117 = B_SPLINE_SURFACE_WITH_KNOTS('',3,3,(
    (#3118,#3119,#3120,#3121)
    ,(#3122,#3123,#3124,#3125)
    ,(#3126,#3127,#3128,#3129)
    ,(#3130,#3131,#3132,#3133
    )),.UNSPECIFIED.,.F.,.F.,.F.,(4,4),(4,4),(0.,1.),(-0.639730703535,
    -0.621655473451),.PIECEWISE_BEZIER_KNOTS.);
#3118 = CARTESIAN_POINT('',(31.562562479421,7.00756313771,3.42585893237)
  );
#3119 = CARTESIAN_POINT('',(31.533566431278,6.985986443922,
    3.429663485639));
#3120 = CARTESIAN_POINT('',(31.504373447859,6.964670377771,
    3.433422083224));
#3121 = CARTESIAN_POINT('',(31.474988266598,6.943618505441,3.43713409631
    ));
#3122 = CARTESIAN_POINT('',(31.386393627262,7.287914531873,
    3.673156210065));
#3123 = CARTESIAN_POINT('',(31.358808361144,7.267387636719,
    3.676775655511));
#3124 = CARTESIAN_POINT('',(31.331085843598,7.247030057412,
    3.680281661944));
#3125 = CARTESIAN_POINT('',(31.303226997199,7.226842507753,3.68367404145
    ));
#3126 = CARTESIAN_POINT('',(31.210224775103,7.568265926035,
    3.920453487761));
#3127 = CARTESIAN_POINT('',(31.18405029101,7.548788829516,3.923887825383
    ));
#3128 = CARTESIAN_POINT('',(31.157798239337,7.529389737052,
    3.927141240663));
#3129 = CARTESIAN_POINT('',(31.131465727799,7.510066510065,
    3.930213986589));
#3130 = CARTESIAN_POINT('',(31.034055922944,7.848617320197,
    4.167750765457));
#3131 = CARTESIAN_POINT('',(31.009292220875,7.830190022313,
    4.170999995256));
#3132 = CARTESIAN_POINT('',(30.984510635077,7.811749416693,
    4.174000819383));
#3133 = CARTESIAN_POINT('',(30.9597044584,7.793290512377,4.176753931729)
  );
#3134 = ADVANCED_FACE('',(#3135),#3157,.T.);
#3135 = FACE_BOUND('',#3136,.T.);
#3136 = EDGE_LOOP('',(#3137,#3138,#3139,#3140,#3141,#3142,#3150));
#3137 = ORIENTED_EDGE('',*,*,#57,.F.);
#3138 = ORIENTED_EDGE('',*,*,#238,.F.);
#3139 = ORIENTED_EDGE('',*,*,#2765,.F.);
#3140 = ORIENTED_EDGE('',*,*,#2740,.F.);
#3141 = ORIENTED_EDGE('',*,*,#2709,.F.);
#3142 = ORIENTED_EDGE('',*,*,#3143,.F.);
#3143 = EDGE_CURVE('',#3144,#2701,#3146,.T.);
#3144 = VERTEX_POINT('',#3145);
#3145 = CARTESIAN_POINT('',(38.127284086227,11.226255764264,
    2.681989598992));
#3146 = LINE('',#3147,#3148);
#3147 = CARTESIAN_POINT('',(38.213959133045,11.255922032812,
    2.71010338911));
#3148 = VECTOR('',#3149,1.);
#3149 = DIRECTION('',(0.904484088876,0.309577771955,0.293377122628));
#3150 = ORIENTED_EDGE('',*,*,#3151,.F.);
#3151 = EDGE_CURVE('',#49,#3144,#3152,.T.);
#3152 = ELLIPSE('',#3153,21.886456045331,7.5);
#3153 = AXIS2_PLACEMENT_3D('',#3154,#3155,#3156);
#3154 = CARTESIAN_POINT('',(20.932295212339,11.523068291154,
    2.629653542289));
#3155 = DIRECTION('',(0.,-0.173648177667,-0.984807753012));
#3156 = DIRECTION('',(0.962777333321,0.266189375665,-4.693636890763E-02)
  );
#3157 = CYLINDRICAL_SURFACE('',#3158,7.5);
#3158 = AXIS2_PLACEMENT_3D('',#3159,#3160,#3161);
#3159 = CARTESIAN_POINT('',(35.016821631526,16.343779193116,
    7.19808972072));
#3160 = DIRECTION('',(0.904484088876,0.309577771955,0.293377122628));
#3161 = DIRECTION('',(0.368844121217,-0.22237034841,-0.902499552572));
#3162 = ADVANCED_FACE('',(#3163),#3182,.F.);
#3163 = FACE_BOUND('',#3164,.T.);
#3164 = EDGE_LOOP('',(#3165,#3166,#3167,#3168,#3176));
#3165 = ORIENTED_EDGE('',*,*,#3143,.T.);
#3166 = ORIENTED_EDGE('',*,*,#2700,.F.);
#3167 = ORIENTED_EDGE('',*,*,#2676,.F.);
#3168 = ORIENTED_EDGE('',*,*,#3169,.F.);
#3169 = EDGE_CURVE('',#3170,#2668,#3172,.T.);
#3170 = VERTEX_POINT('',#3171);
#3171 = CARTESIAN_POINT('',(26.481283773677,2.560171980774,
    4.210053987102));
#3172 = LINE('',#3173,#3174);
#3173 = CARTESIAN_POINT('',(26.481283773677,2.560171980774,
    4.210053987102));
#3174 = VECTOR('',#3175,1.);
#3175 = DIRECTION('',(0.426285000203,-0.432805346769,0.794330303092));
#3176 = ORIENTED_EDGE('',*,*,#3177,.F.);
#3177 = EDGE_CURVE('',#3144,#3170,#3178,.T.);
#3178 = LINE('',#3179,#3180);
#3179 = CARTESIAN_POINT('',(32.169742870798,6.793098462965,
    3.463674840936));
#3180 = VECTOR('',#3181,1.);
#3181 = DIRECTION('',(-0.797848480104,-0.593699260652,0.10468519808));
#3182 = PLANE('',#3183);
#3183 = AXIS2_PLACEMENT_3D('',#3184,#3185,#3186);
#3184 = CARTESIAN_POINT('',(32.871297101649,6.08081343765,4.770935909382
    ));
#3185 = DIRECTION('',(-0.426285000203,0.678380954707,0.598398177548));
#3186 = DIRECTION('',(0.814468160935,5.551115123126E-17,0.580208251255)
  );
#3187 = ADVANCED_FACE('',(#3188),#3214,.F.);
#3188 = FACE_BOUND('',#3189,.F.);
#3189 = EDGE_LOOP('',(#3190,#3201,#3207,#3208));
#3190 = ORIENTED_EDGE('',*,*,#3191,.T.);
#3191 = EDGE_CURVE('',#3192,#3194,#3196,.T.);
#3192 = VERTEX_POINT('',#3193);
#3193 = CARTESIAN_POINT('',(26.367973753305,2.479860918487,
    4.224214994232));
#3194 = VERTEX_POINT('',#3195);
#3195 = CARTESIAN_POINT('',(24.702102740332,1.969615506025,
    4.314185027232));
#3196 = B_SPLINE_CURVE_WITH_KNOTS('',3,(#3197,#3198,#3199,#3200),
  .UNSPECIFIED.,.F.,.F.,(4,4),(-0.593437985595,7.150667434288E-15),
  .PIECEWISE_BEZIER_KNOTS.);
#3197 = CARTESIAN_POINT('',(26.367973753305,2.479860918487,
    4.224214994232));
#3198 = CARTESIAN_POINT('',(25.876260849003,2.148177746799,
    4.282699686448));
#3199 = CARTESIAN_POINT('',(25.289437567606,1.969615506025,
    4.314185027232));
#3200 = CARTESIAN_POINT('',(24.702102740332,1.969615506025,
    4.314185027232));
#3201 = ORIENTED_EDGE('',*,*,#3202,.T.);
#3202 = EDGE_CURVE('',#3194,#2635,#3203,.T.);
#3203 = LINE('',#3204,#3205);
#3204 = CARTESIAN_POINT('',(24.702102740332,1.969615506025,
    4.314185027232));
#3205 = VECTOR('',#3206,1.);
#3206 = DIRECTION('',(-4.607177460789E-15,-0.573576436351,0.819152044289
    ));
#3207 = ORIENTED_EDGE('',*,*,#2642,.T.);
#3208 = ORIENTED_EDGE('',*,*,#3209,.T.);
#3209 = EDGE_CURVE('',#2643,#3192,#3210,.T.);
#3210 = LINE('',#3211,#3212);
#3211 = CARTESIAN_POINT('',(27.686999831123,0.988717242903,
    6.857295104272));
#3212 = VECTOR('',#3213,1.);
#3213 = DIRECTION('',(-0.399586552501,0.451727960979,-0.797666870523));
#3214 = B_SPLINE_SURFACE_WITH_KNOTS('',3,3,(
    (#3215,#3216,#3217,#3218)
    ,(#3219,#3220,#3221,#3222)
    ,(#3223,#3224,#3225,#3226)
    ,(#3227,#3228,#3229,#3230
    )),.UNSPECIFIED.,.F.,.F.,.F.,(4,4),(4,4),(0.,1.),(
    -7.150667434288E-15,0.593437985595),.PIECEWISE_BEZIER_KNOTS.);
#3215 = CARTESIAN_POINT('',(24.702102740332,1.969615506025,
    4.314185027232));
#3216 = CARTESIAN_POINT('',(25.289437567606,1.969615506025,
    4.314185027232));
#3217 = CARTESIAN_POINT('',(25.876260849003,2.148177746799,
    4.282699686448));
#3218 = CARTESIAN_POINT('',(26.367973753305,2.479860918487,
    4.224214994232));
#3219 = CARTESIAN_POINT('',(24.702102740332,1.313077004017,
    5.251819180225));
#3220 = CARTESIAN_POINT('',(25.452013603096,1.313077004017,
    5.251819180225));
#3221 = CARTESIAN_POINT('',(26.199064807873,1.552758601401,
    5.197186534355));
#3222 = CARTESIAN_POINT('',(26.807649112578,1.982813026626,
    5.101908364246));
#3223 = CARTESIAN_POINT('',(24.702102740332,0.656538502009,
    6.189453333217));
#3224 = CARTESIAN_POINT('',(25.614589638587,0.656538502009,
    6.189453333217));
#3225 = CARTESIAN_POINT('',(26.521868766744,0.957339456004,
    6.111673382262));
#3226 = CARTESIAN_POINT('',(27.24732447185,1.485765134764,5.979601734259
    ));
#3227 = CARTESIAN_POINT('',(24.702102740332,0.,7.127087486209));
#3228 = CARTESIAN_POINT('',(25.777165674078,0.,7.127087486209));
#3229 = CARTESIAN_POINT('',(26.844672725615,0.361920310606,
    7.026160230168));
#3230 = CARTESIAN_POINT('',(27.686999831123,0.988717242903,
    6.857295104272));
#3231 = ADVANCED_FACE('',(#3232),#3244,.F.);
#3232 = FACE_BOUND('',#3233,.F.);
#3233 = EDGE_LOOP('',(#3234,#3241,#3242,#3243));
#3234 = ORIENTED_EDGE('',*,*,#3235,.T.);
#3235 = EDGE_CURVE('',#3170,#3192,#3236,.T.);
#3236 = B_SPLINE_CURVE_WITH_KNOTS('',3,(#3237,#3238,#3239,#3240),
  .UNSPECIFIED.,.F.,.F.,(4,4),(-0.639730703535,-0.593437985595),
  .PIECEWISE_BEZIER_KNOTS.);
#3237 = CARTESIAN_POINT('',(26.481283773677,2.560171980774,
    4.210053987102));
#3238 = CARTESIAN_POINT('',(26.444114940043,2.532513710315,
    4.214930886424));
#3239 = CARTESIAN_POINT('',(26.406331134091,2.505734751786,
    4.219652739327));
#3240 = CARTESIAN_POINT('',(26.367973753305,2.479860918487,
    4.224214994232));
#3241 = ORIENTED_EDGE('',*,*,#3209,.F.);
#3242 = ORIENTED_EDGE('',*,*,#2667,.T.);
#3243 = ORIENTED_EDGE('',*,*,#3169,.F.);
#3244 = B_SPLINE_SURFACE_WITH_KNOTS('',3,3,(
    (#3245,#3246,#3247,#3248)
    ,(#3249,#3250,#3251,#3252)
    ,(#3253,#3254,#3255,#3256)
    ,(#3257,#3258,#3259,#3260
    )),.UNSPECIFIED.,.F.,.F.,.F.,(4,4),(4,4),(0.,1.),(0.593437985595,
    0.639730703535),.PIECEWISE_BEZIER_KNOTS.);
#3245 = CARTESIAN_POINT('',(26.367973753305,2.479860918487,
    4.224214994232));
#3246 = CARTESIAN_POINT('',(26.406331134091,2.505734751786,
    4.219652739327));
#3247 = CARTESIAN_POINT('',(26.444114940043,2.532513710315,
    4.214930886424));
#3248 = CARTESIAN_POINT('',(26.481283773677,2.560171980774,
    4.210053987102));
#3249 = CARTESIAN_POINT('',(26.807649112578,1.982813026626,
    5.101908364246));
#3250 = CARTESIAN_POINT('',(26.855123359667,2.01636057277,5.094475935648
    ));
#3251 = CARTESIAN_POINT('',(26.902225308768,2.050519040414,5.08769688497
    ));
#3252 = CARTESIAN_POINT('',(26.948986594245,2.08531529723,5.081561366066
    ));
#3253 = CARTESIAN_POINT('',(27.24732447185,1.485765134764,5.979601734259
    ));
#3254 = CARTESIAN_POINT('',(27.303915585243,1.526986393755,5.96929913197
    ));
#3255 = CARTESIAN_POINT('',(27.360335677494,1.568524370513,
    5.960462883517));
#3256 = CARTESIAN_POINT('',(27.416689414812,1.610458613687,5.95306874503
    ));
#3257 = CARTESIAN_POINT('',(27.686999831123,0.988717242903,
    6.857295104272));
#3258 = CARTESIAN_POINT('',(27.75270781082,1.03761221474,6.844122328291)
  );
#3259 = CARTESIAN_POINT('',(27.81844604622,1.086529700612,6.833228882063
    ));
#3260 = CARTESIAN_POINT('',(27.884392235379,1.135601930143,
    6.824576123994));
#3261 = ADVANCED_FACE('',(#3262),#3287,.F.);
#3262 = FACE_BOUND('',#3263,.T.);
#3263 = EDGE_LOOP('',(#3264,#3272,#3273,#3281));
#3264 = ORIENTED_EDGE('',*,*,#3265,.F.);
#3265 = EDGE_CURVE('',#704,#3266,#3268,.T.);
#3266 = VERTEX_POINT('',#3267);
#3267 = CARTESIAN_POINT('',(31.346705703155,20.020078247013,
    4.661481382566));
#3268 = LINE('',#3269,#3270);
#3269 = CARTESIAN_POINT('',(30.496353672808,21.029871283051,
    4.661481382566));
#3270 = VECTOR('',#3271,1.);
#3271 = DIRECTION('',(0.644135745783,-0.764911198117,0.));
#3272 = ORIENTED_EDGE('',*,*,#703,.T.);
#3273 = ORIENTED_EDGE('',*,*,#3274,.F.);
#3274 = EDGE_CURVE('',#3275,#706,#3277,.T.);
#3275 = VERTEX_POINT('',#3276);
#3276 = CARTESIAN_POINT('',(31.346705703155,20.020078247013,
    1.131401431723));
#3277 = LINE('',#3278,#3279);
#3278 = CARTESIAN_POINT('',(33.020044189691,18.032988794252,
    1.481778915326));
#3279 = VECTOR('',#3280,1.);
#3280 = DIRECTION('',(-0.638355709116,0.758047404575,-0.133664210083));
#3281 = ORIENTED_EDGE('',*,*,#3282,.F.);
#3282 = EDGE_CURVE('',#3266,#3275,#3283,.T.);
#3283 = LINE('',#3284,#3285);
#3284 = CARTESIAN_POINT('',(31.346705703155,20.020078247013,
    9.661481382566));
#3285 = VECTOR('',#3286,1.);
#3286 = DIRECTION('',(0.,0.,-1.));
#3287 = PLANE('',#3288);
#3288 = AXIS2_PLACEMENT_3D('',#3289,#3290,#3291);
#3289 = CARTESIAN_POINT('',(30.273724099368,21.294243901511,
    9.661481382566));
#3290 = DIRECTION('',(0.764911198117,0.644135745783,0.));
#3291 = DIRECTION('',(0.644135745783,-0.764911198117,0.));
#3292 = ADVANCED_FACE('',(#3293),#3311,.F.);
#3293 = FACE_BOUND('',#3294,.T.);
#3294 = EDGE_LOOP('',(#3295,#3303,#3309,#3310));
#3295 = ORIENTED_EDGE('',*,*,#3296,.F.);
#3296 = EDGE_CURVE('',#3297,#314,#3299,.T.);
#3297 = VERTEX_POINT('',#3298);
#3298 = CARTESIAN_POINT('',(30.78290779202,17.688768817621,
    4.661481382566));
#3299 = LINE('',#3300,#3301);
#3300 = CARTESIAN_POINT('',(30.812592609848,17.695571588373,
    4.661481382566));
#3301 = VECTOR('',#3302,1.);
#3302 = DIRECTION('',(-0.974732318528,-0.223376156329,0.));
#3303 = ORIENTED_EDGE('',*,*,#3304,.T.);
#3304 = EDGE_CURVE('',#3297,#1634,#3305,.T.);
#3305 = LINE('',#3306,#3307);
#3306 = CARTESIAN_POINT('',(30.78290779202,17.688768817621,
    9.661481382566));
#3307 = VECTOR('',#3308,1.);
#3308 = DIRECTION('',(0.,0.,-1.));
#3309 = ORIENTED_EDGE('',*,*,#1633,.F.);
#3310 = ORIENTED_EDGE('',*,*,#313,.F.);
#3311 = PLANE('',#3312);
#3312 = AXIS2_PLACEMENT_3D('',#3313,#3314,#3315);
#3313 = CARTESIAN_POINT('',(30.78290779202,17.688768817621,
    9.661481382566));
#3314 = DIRECTION('',(0.223376156329,-0.974732318528,0.));
#3315 = DIRECTION('',(-0.974732318528,-0.223376156329,0.));
#3316 = ADVANCED_FACE('',(#3317),#3346,.F.);
#3317 = FACE_BOUND('',#3318,.F.);
#3318 = EDGE_LOOP('',(#3319,#3320,#3321,#3322,#3331,#3339));
#3319 = ORIENTED_EDGE('',*,*,#3304,.T.);
#3320 = ORIENTED_EDGE('',*,*,#1641,.T.);
#3321 = ORIENTED_EDGE('',*,*,#1799,.T.);
#3322 = ORIENTED_EDGE('',*,*,#3323,.T.);
#3323 = EDGE_CURVE('',#1800,#3324,#3326,.T.);
#3324 = VERTEX_POINT('',#3325);
#3325 = CARTESIAN_POINT('',(31.559043752217,18.632267677857,
    1.376109879178));
#3326 = ELLIPSE('',#3327,1.015426611886,1.);
#3327 = AXIS2_PLACEMENT_3D('',#3328,#3329,#3330);
#3328 = CARTESIAN_POINT('',(30.55953163569,18.663501136149,1.37060257778
    ));
#3329 = DIRECTION('',(0.,0.173648177667,0.984807753012));
#3330 = DIRECTION('',(9.396030206608E-17,-0.984807753012,0.173648177667)
  );
#3331 = ORIENTED_EDGE('',*,*,#3332,.F.);
#3332 = EDGE_CURVE('',#3333,#3324,#3335,.T.);
#3333 = VERTEX_POINT('',#3334);
#3334 = CARTESIAN_POINT('',(31.559043752217,18.632267677857,
    4.661481382566));
#3335 = LINE('',#3336,#3337);
#3336 = CARTESIAN_POINT('',(31.559043752217,18.632267677857,
    9.661481382566));
#3337 = VECTOR('',#3338,1.);
#3338 = DIRECTION('',(0.,0.,-1.));
#3339 = ORIENTED_EDGE('',*,*,#3340,.T.);
#3340 = EDGE_CURVE('',#3333,#3297,#3341,.T.);
#3341 = CIRCLE('',#3342,1.);
#3342 = AXIS2_PLACEMENT_3D('',#3343,#3344,#3345);
#3343 = CARTESIAN_POINT('',(30.55953163569,18.663501136149,
    4.661481382566));
#3344 = DIRECTION('',(0.,0.,-1.));
#3345 = DIRECTION('',(0.999512116526,-3.123345829234E-02,0.));
#3346 = CYLINDRICAL_SURFACE('',#3347,1.);
#3347 = AXIS2_PLACEMENT_3D('',#3348,#3349,#3350);
#3348 = CARTESIAN_POINT('',(30.55953163569,18.663501136149,
    9.661481382566));
#3349 = DIRECTION('',(0.,0.,1.));
#3350 = DIRECTION('',(0.999512116526,-3.123345829234E-02,0.));
#3351 = ADVANCED_FACE('',(#3352),#3377,.F.);
#3352 = FACE_BOUND('',#3353,.T.);
#3353 = EDGE_LOOP('',(#3354,#3362,#3370,#3376));
#3354 = ORIENTED_EDGE('',*,*,#3355,.F.);
#3355 = EDGE_CURVE('',#3356,#3333,#3358,.T.);
#3356 = VERTEX_POINT('',#3357);
#3357 = CARTESIAN_POINT('',(31.581306621565,19.344709042938,
    4.661481382566));
#3358 = LINE('',#3359,#3360);
#3359 = CARTESIAN_POINT('',(31.596450756847,19.829341470367,
    4.661481382566));
#3360 = VECTOR('',#3361,1.);
#3361 = DIRECTION('',(-3.123345829232E-02,-0.999512116526,0.));
#3362 = ORIENTED_EDGE('',*,*,#3363,.T.);
#3363 = EDGE_CURVE('',#3356,#3364,#3366,.T.);
#3364 = VERTEX_POINT('',#3365);
#3365 = CARTESIAN_POINT('',(31.581306621565,19.344709042938,
    1.250487244341));
#3366 = LINE('',#3367,#3368);
#3367 = CARTESIAN_POINT('',(31.581306621565,19.344709042938,
    9.661481382566));
#3368 = VECTOR('',#3369,1.);
#3369 = DIRECTION('',(0.,0.,-1.));
#3370 = ORIENTED_EDGE('',*,*,#3371,.F.);
#3371 = EDGE_CURVE('',#3324,#3364,#3372,.T.);
#3372 = LINE('',#3373,#3374);
#3373 = CARTESIAN_POINT('',(31.502646330249,16.827475327626,1.6943434651
    ));
#3374 = VECTOR('',#3375,1.);
#3375 = DIRECTION('',(3.075940428917E-02,0.98434175929,-0.173566010401)
  );
#3376 = ORIENTED_EDGE('',*,*,#3332,.F.);
#3377 = PLANE('',#3378);
#3378 = AXIS2_PLACEMENT_3D('',#3379,#3380,#3381);
#3379 = CARTESIAN_POINT('',(31.581306621565,19.344709042938,
    9.661481382566));
#3380 = DIRECTION('',(0.999512116526,-3.123345829232E-02,0.));
#3381 = DIRECTION('',(-3.123345829232E-02,-0.999512116526,0.));
#3382 = ADVANCED_FACE('',(#3383),#3401,.F.);
#3383 = FACE_BOUND('',#3384,.F.);
#3384 = EDGE_LOOP('',(#3385,#3386,#3393,#3394));
#3385 = ORIENTED_EDGE('',*,*,#3363,.T.);
#3386 = ORIENTED_EDGE('',*,*,#3387,.T.);
#3387 = EDGE_CURVE('',#3364,#3275,#3388,.T.);
#3388 = ELLIPSE('',#3389,1.015426611886,1.);
#3389 = AXIS2_PLACEMENT_3D('',#3390,#3391,#3392);
#3390 = CARTESIAN_POINT('',(30.581794505038,19.375942501231,
    1.244979942943));
#3391 = DIRECTION('',(-6.162975822039E-33,0.173648177667,0.984807753012)
  );
#3392 = DIRECTION('',(2.733390605559E-16,0.984807753012,-0.173648177667)
  );
#3393 = ORIENTED_EDGE('',*,*,#3282,.F.);
#3394 = ORIENTED_EDGE('',*,*,#3395,.T.);
#3395 = EDGE_CURVE('',#3266,#3356,#3396,.T.);
#3396 = CIRCLE('',#3397,1.);
#3397 = AXIS2_PLACEMENT_3D('',#3398,#3399,#3400);
#3398 = CARTESIAN_POINT('',(30.581794505038,19.375942501231,
    4.661481382566));
#3399 = DIRECTION('',(0.,0.,-1.));
#3400 = DIRECTION('',(0.764911198117,0.644135745783,0.));
#3401 = CYLINDRICAL_SURFACE('',#3402,1.);
#3402 = AXIS2_PLACEMENT_3D('',#3403,#3404,#3405);
#3403 = CARTESIAN_POINT('',(30.581794505038,19.375942501231,
    9.661481382566));
#3404 = DIRECTION('',(0.,0.,1.));
#3405 = DIRECTION('',(0.764911198117,0.644135745783,-0.));
#3406 = ADVANCED_FACE('',(#3407),#3461,.F.);
#3407 = FACE_BOUND('',#3408,.F.);
#3408 = EDGE_LOOP('',(#3409,#3420,#3429,#3437,#3444,#3445,#3454));
#3409 = ORIENTED_EDGE('',*,*,#3410,.T.);
#3410 = EDGE_CURVE('',#3411,#3413,#3415,.T.);
#3411 = VERTEX_POINT('',#3412);
#3412 = CARTESIAN_POINT('',(6.976905028055,20.024726222446,
    1.552087628083));
#3413 = VERTEX_POINT('',#3414);
#3414 = CARTESIAN_POINT('',(7.468229346884,19.357888298496,1.248163386)
  );
#3415 = B_SPLINE_CURVE_WITH_KNOTS('',3,(#3416,#3417,#3418,#3419),
  .UNSPECIFIED.,.F.,.F.,(4,4),(1.671040720654,1.75582539352),
  .PIECEWISE_BEZIER_KNOTS.);
#3416 = CARTESIAN_POINT('',(6.976905028055,20.024726222446,
    1.552087628083));
#3417 = CARTESIAN_POINT('',(7.100434116455,19.789647761905,
    1.449749310706));
#3418 = CARTESIAN_POINT('',(7.26708289943,19.558723734223,1.347354263722
    ));
#3419 = CARTESIAN_POINT('',(7.468229346884,19.357888298496,1.248163386)
  );
#3420 = ORIENTED_EDGE('',*,*,#3421,.T.);
#3421 = EDGE_CURVE('',#3413,#3422,#3424,.T.);
#3422 = VERTEX_POINT('',#3423);
#3423 = CARTESIAN_POINT('',(12.161267928181,21.303935849712,
    0.905022696979));
#3424 = ELLIPSE('',#3425,2.792423182686,2.75);
#3425 = AXIS2_PLACEMENT_3D('',#3426,#3427,#3428);
#3426 = CARTESIAN_POINT('',(9.411267928181,21.303935849712,
    0.905022696979));
#3427 = DIRECTION('',(0.,0.173648177667,0.984807753012));
#3428 = DIRECTION('',(0.,-0.984807753012,0.173648177667));
#3429 = ORIENTED_EDGE('',*,*,#3430,.T.);
#3430 = EDGE_CURVE('',#3422,#3431,#3433,.T.);
#3431 = VERTEX_POINT('',#3432);
#3432 = CARTESIAN_POINT('',(12.161267928181,21.303935849712,
    3.161481382566));
#3433 = LINE('',#3434,#3435);
#3434 = CARTESIAN_POINT('',(12.161267928181,21.303935849712,
    -1.838518617434));
#3435 = VECTOR('',#3436,1.);
#3436 = DIRECTION('',(0.,0.,1.));
#3437 = ORIENTED_EDGE('',*,*,#3438,.F.);
#3438 = EDGE_CURVE('',#3431,#3431,#3439,.T.);
#3439 = CIRCLE('',#3440,2.75);
#3440 = AXIS2_PLACEMENT_3D('',#3441,#3442,#3443);
#3441 = CARTESIAN_POINT('',(9.411267928181,21.303935849712,
    3.161481382566));
#3442 = DIRECTION('',(0.,0.,1.));
#3443 = DIRECTION('',(-1.,0.,0.));
#3444 = ORIENTED_EDGE('',*,*,#3430,.F.);
#3445 = ORIENTED_EDGE('',*,*,#3446,.T.);
#3446 = EDGE_CURVE('',#3422,#3447,#3449,.T.);
#3447 = VERTEX_POINT('',#3448);
#3448 = CARTESIAN_POINT('',(12.159595005123,21.399843503979,
    0.888111589876));
#3449 = ELLIPSE('',#3450,2.792423182686,2.75);
#3450 = AXIS2_PLACEMENT_3D('',#3451,#3452,#3453);
#3451 = CARTESIAN_POINT('',(9.411267928181,21.303935849712,
    0.905022696979));
#3452 = DIRECTION('',(0.,0.173648177667,0.984807753012));
#3453 = DIRECTION('',(0.,-0.984807753012,0.173648177667));
#3454 = ORIENTED_EDGE('',*,*,#3455,.T.);
#3455 = EDGE_CURVE('',#3447,#3411,#3456,.T.);
#3456 = ELLIPSE('',#3457,2.949089302925,2.75);
#3457 = AXIS2_PLACEMENT_3D('',#3458,#3459,#3460);
#3458 = CARTESIAN_POINT('',(9.411267928181,21.303935849712,
    1.444757552037));
#3459 = DIRECTION('',(0.199376882588,-0.301179196946,0.932491260021));
#3460 = DIRECTION('',(-0.514731564372,0.777554735472,0.36119253866));
#3461 = CYLINDRICAL_SURFACE('',#3462,2.75);
#3462 = AXIS2_PLACEMENT_3D('',#3463,#3464,#3465);
#3463 = CARTESIAN_POINT('',(9.411267928181,21.303935849712,
    -1.838518617434));
#3464 = DIRECTION('',(0.,0.,1.));
#3465 = DIRECTION('',(-1.,0.,0.));
#3466 = ADVANCED_FACE('',(#3467,#3470),#3481,.F.);
#3467 = FACE_BOUND('',#3468,.T.);
#3468 = EDGE_LOOP('',(#3469));
#3469 = ORIENTED_EDGE('',*,*,#3438,.F.);
#3470 = FACE_BOUND('',#3471,.T.);
#3471 = EDGE_LOOP('',(#3472));
#3472 = ORIENTED_EDGE('',*,*,#3473,.F.);
#3473 = EDGE_CURVE('',#3474,#3474,#3476,.T.);
#3474 = VERTEX_POINT('',#3475);
#3475 = CARTESIAN_POINT('',(7.911267928181,21.303935849712,
    3.161481382566));
#3476 = CIRCLE('',#3477,1.5);
#3477 = AXIS2_PLACEMENT_3D('',#3478,#3479,#3480);
#3478 = CARTESIAN_POINT('',(9.411267928181,21.303935849712,
    3.161481382566));
#3479 = DIRECTION('',(0.,0.,-1.));
#3480 = DIRECTION('',(1.,0.,0.));
#3481 = PLANE('',#3482);
#3482 = AXIS2_PLACEMENT_3D('',#3483,#3484,#3485);
#3483 = CARTESIAN_POINT('',(9.411267928181,21.303935849712,
    3.161481382566));
#3484 = DIRECTION('',(0.,0.,1.));
#3485 = DIRECTION('',(-1.,0.,0.));
#3486 = ADVANCED_FACE('',(#3487,#3545),#3764,.F.);
#3487 = FACE_BOUND('',#3488,.T.);
#3488 = EDGE_LOOP('',(#3489,#3490,#3491,#3492,#3493,#3494,#3495,#3496,
    #3504,#3513,#3522,#3530,#3537,#3538,#3539));
#3489 = ORIENTED_EDGE('',*,*,#205,.T.);
#3490 = ORIENTED_EDGE('',*,*,#21,.F.);
#3491 = ORIENTED_EDGE('',*,*,#48,.F.);
#3492 = ORIENTED_EDGE('',*,*,#3151,.T.);
#3493 = ORIENTED_EDGE('',*,*,#3177,.T.);
#3494 = ORIENTED_EDGE('',*,*,#3235,.T.);
#3495 = ORIENTED_EDGE('',*,*,#3191,.T.);
#3496 = ORIENTED_EDGE('',*,*,#3497,.F.);
#3497 = EDGE_CURVE('',#3498,#3194,#3500,.T.);
#3498 = VERTEX_POINT('',#3499);
#3499 = CARTESIAN_POINT('',(22.941866362776,1.969615506025,
    4.314185027232));
#3500 = LINE('',#3501,#3502);
#3501 = CARTESIAN_POINT('',(18.234602865261,1.969615506025,
    4.314185027232));
#3502 = VECTOR('',#3503,1.);
#3503 = DIRECTION('',(1.,0.,0.));
#3504 = ORIENTED_EDGE('',*,*,#3505,.F.);
#3505 = EDGE_CURVE('',#3506,#3498,#3508,.T.);
#3506 = VERTEX_POINT('',#3507);
#3507 = CARTESIAN_POINT('',(21.275995349803,2.479860918487,
    4.224214994232));
#3508 = B_SPLINE_CURVE_WITH_KNOTS('',3,(#3509,#3510,#3511,#3512),
  .UNSPECIFIED.,.F.,.F.,(4,4),(-0.593437985595,7.150667434288E-15),
  .PIECEWISE_BEZIER_KNOTS.);
#3509 = CARTESIAN_POINT('',(21.275995349803,2.479860918487,
    4.224214994232));
#3510 = CARTESIAN_POINT('',(21.767708254105,2.148177746799,
    4.282699686448));
#3511 = CARTESIAN_POINT('',(22.354531535502,1.969615506025,
    4.314185027232));
#3512 = CARTESIAN_POINT('',(22.941866362776,1.969615506025,
    4.314185027232));
#3513 = ORIENTED_EDGE('',*,*,#3514,.F.);
#3514 = EDGE_CURVE('',#3515,#3506,#3517,.T.);
#3515 = VERTEX_POINT('',#3516);
#3516 = CARTESIAN_POINT('',(21.162685329431,2.560171980774,
    4.210053987102));
#3517 = B_SPLINE_CURVE_WITH_KNOTS('',3,(#3518,#3519,#3520,#3521),
  .UNSPECIFIED.,.F.,.F.,(4,4),(-0.639730703535,-0.593437985595),
  .PIECEWISE_BEZIER_KNOTS.);
#3518 = CARTESIAN_POINT('',(21.162685329431,2.560171980774,
    4.210053987102));
#3519 = CARTESIAN_POINT('',(21.199854163065,2.532513710315,
    4.214930886424));
#3520 = CARTESIAN_POINT('',(21.237637969017,2.505734751786,
    4.219652739327));
#3521 = CARTESIAN_POINT('',(21.275995349803,2.479860918487,
    4.224214994232));
#3522 = ORIENTED_EDGE('',*,*,#3523,.F.);
#3523 = EDGE_CURVE('',#3524,#3515,#3526,.T.);
#3524 = VERTEX_POINT('',#3525);
#3525 = CARTESIAN_POINT('',(9.516685016881,11.226255764264,
    2.681989598992));
#3526 = LINE('',#3527,#3528);
#3527 = CARTESIAN_POINT('',(15.47422623231,6.793098462965,3.463674840936
    ));
#3528 = VECTOR('',#3529,1.);
#3529 = DIRECTION('',(0.797848480104,-0.593699260652,0.10468519808));
#3530 = ORIENTED_EDGE('',*,*,#3531,.F.);
#3531 = EDGE_CURVE('',#3413,#3524,#3532,.T.);
#3532 = ELLIPSE('',#3533,21.886456045331,7.5);
#3533 = AXIS2_PLACEMENT_3D('',#3534,#3535,#3536);
#3534 = CARTESIAN_POINT('',(26.711673890769,11.523068291154,
    2.629653542289));
#3535 = DIRECTION('',(0.,0.173648177667,0.984807753012));
#3536 = DIRECTION('',(-0.962777333321,0.266189375665,-4.693636890763E-02
    ));
#3537 = ORIENTED_EDGE('',*,*,#3421,.T.);
#3538 = ORIENTED_EDGE('',*,*,#3446,.T.);
#3539 = ORIENTED_EDGE('',*,*,#3540,.F.);
#3540 = EDGE_CURVE('',#206,#3447,#3541,.T.);
#3541 = LINE('',#3542,#3543);
#3542 = CARTESIAN_POINT('',(7.269099780284,19.305671854638,
    1.257370553889));
#3543 = VECTOR('',#3544,1.);
#3544 = DIRECTION('',(-0.917058032382,-0.392695799489,6.924286466079E-02
    ));
#3545 = FACE_BOUND('',#3546,.T.);
#3546 = EDGE_LOOP('',(#3547,#3555,#3563,#3571,#3580,#3588,#3597,#3605,
    #3614,#3622,#3631,#3639,#3647,#3656,#3666,#3675,#3683,#3692,#3702,
    #3711,#3719,#3728,#3737,#3743,#3744,#3745,#3746,#3747,#3748,#3749,
    #3750,#3751,#3752,#3753,#3754,#3755,#3756,#3757,#3758,#3759,#3760,
    #3761,#3762,#3763));
#3547 = ORIENTED_EDGE('',*,*,#3548,.F.);
#3548 = EDGE_CURVE('',#3549,#1835,#3551,.T.);
#3549 = VERTEX_POINT('',#3550);
#3550 = CARTESIAN_POINT('',(19.608349721354,12.100726596148,
    2.527796797489));
#3551 = LINE('',#3552,#3553);
#3552 = CARTESIAN_POINT('',(18.234602865261,12.100726596148,
    2.527796797489));
#3553 = VECTOR('',#3554,1.);
#3554 = DIRECTION('',(1.,-3.831314754636E-15,6.755641628288E-16));
#3555 = ORIENTED_EDGE('',*,*,#3556,.T.);
#3556 = EDGE_CURVE('',#3549,#3557,#3559,.T.);
#3557 = VERTEX_POINT('',#3558);
#3558 = CARTESIAN_POINT('',(19.608349721354,18.769452941649,
    1.351920415815));
#3559 = LINE('',#3560,#3561);
#3560 = CARTESIAN_POINT('',(19.608349721354,13.22257595751,2.32998448679
    ));
#3561 = VECTOR('',#3562,1.);
#3562 = DIRECTION('',(0.,0.984807753012,-0.173648177667));
#3563 = ORIENTED_EDGE('',*,*,#3564,.F.);
#3564 = EDGE_CURVE('',#3565,#3557,#3567,.T.);
#3565 = VERTEX_POINT('',#3566);
#3566 = CARTESIAN_POINT('',(19.77107012946,18.962683426275,
    1.317848667881));
#3567 = LINE('',#3568,#3569);
#3568 = CARTESIAN_POINT('',(16.655144715754,15.2625219975,1.97028696075)
  );
#3569 = VECTOR('',#3570,1.);
#3570 = DIRECTION('',(-0.638355709116,-0.758047404575,0.133664210083));
#3571 = ORIENTED_EDGE('',*,*,#3572,.F.);
#3572 = EDGE_CURVE('',#3573,#3565,#3575,.T.);
#3573 = VERTEX_POINT('',#3574);
#3574 = CARTESIAN_POINT('',(19.773802636101,20.247696026489,
    1.091266275912));
#3575 = ELLIPSE('',#3576,1.015426611886,1.);
#3576 = AXIS2_PLACEMENT_3D('',#3577,#3578,#3579);
#3577 = CARTESIAN_POINT('',(19.006158931343,19.606819172058,
    1.20427015666));
#3578 = DIRECTION('',(0.,-0.173648177667,-0.984807753012));
#3579 = DIRECTION('',(-6.833476513897E-17,-0.984807753012,0.173648177667
    ));
#3580 = ORIENTED_EDGE('',*,*,#3581,.F.);
#3581 = EDGE_CURVE('',#3582,#3573,#3584,.T.);
#3582 = VERTEX_POINT('',#3583);
#3583 = CARTESIAN_POINT('',(18.902799906615,21.290985010159,
    0.907306279416));
#3584 = LINE('',#3585,#3586);
#3585 = CARTESIAN_POINT('',(19.849183209915,20.157405009503,
    1.107187018323));
#3586 = VECTOR('',#3587,1.);
#3587 = DIRECTION('',(0.635085456376,-0.76070675544,0.134133125391));
#3588 = ORIENTED_EDGE('',*,*,#3589,.F.);
#3589 = EDGE_CURVE('',#3590,#3582,#3592,.T.);
#3590 = VERTEX_POINT('',#3591);
#3591 = CARTESIAN_POINT('',(17.37024500374,21.294243901511,
    0.906731648943));
#3592 = ELLIPSE('',#3593,1.015426611886,1.);
#3593 = AXIS2_PLACEMENT_3D('',#3594,#3595,#3596);
#3594 = CARTESIAN_POINT('',(18.135156201857,20.650108155728,
    1.020310160163));
#3595 = DIRECTION('',(0.,-0.173648177667,-0.984807753012));
#3596 = DIRECTION('',(-1.435030067918E-15,0.984807753012,-0.173648177667
    ));
#3597 = ORIENTED_EDGE('',*,*,#3598,.F.);
#3598 = EDGE_CURVE('',#3599,#3590,#3601,.T.);
#3599 = VERTEX_POINT('',#3600);
#3600 = CARTESIAN_POINT('',(16.297263399953,20.020078247013,
    1.131401431723));
#3601 = LINE('',#3602,#3603);
#3602 = CARTESIAN_POINT('',(14.623924913417,18.032988794252,
    1.481778915326));
#3603 = VECTOR('',#3604,1.);
#3604 = DIRECTION('',(0.638355709116,0.758047404575,-0.133664210083));
#3605 = ORIENTED_EDGE('',*,*,#3606,.F.);
#3606 = EDGE_CURVE('',#3607,#3599,#3609,.T.);
#3607 = VERTEX_POINT('',#3608);
#3608 = CARTESIAN_POINT('',(16.062662481543,19.344709042938,
    1.250487244341));
#3609 = ELLIPSE('',#3610,1.015426611886,1.);
#3610 = AXIS2_PLACEMENT_3D('',#3611,#3612,#3613);
#3611 = CARTESIAN_POINT('',(17.06217459807,19.375942501231,
    1.244979942943));
#3612 = DIRECTION('',(-6.162975822039E-33,-0.173648177667,
    -0.984807753012));
#3613 = DIRECTION('',(-2.733390605559E-16,0.984807753012,-0.173648177667
    ));
#3614 = ORIENTED_EDGE('',*,*,#3615,.F.);
#3615 = EDGE_CURVE('',#3616,#3607,#3618,.T.);
#3616 = VERTEX_POINT('',#3617);
#3617 = CARTESIAN_POINT('',(16.084925350891,18.632267677857,
    1.376109879178));
#3618 = LINE('',#3619,#3620);
#3619 = CARTESIAN_POINT('',(16.141322772859,16.827475327626,1.6943434651
    ));
#3620 = VECTOR('',#3621,1.);
#3621 = DIRECTION('',(-3.075940428917E-02,0.98434175929,-0.173566010401)
  );
#3622 = ORIENTED_EDGE('',*,*,#3623,.F.);
#3623 = EDGE_CURVE('',#3624,#3616,#3626,.T.);
#3624 = VERTEX_POINT('',#3625);
#3625 = CARTESIAN_POINT('',(16.308349721354,18.032876199749,
    1.481798768775));
#3626 = ELLIPSE('',#3627,1.015426611886,1.);
#3627 = AXIS2_PLACEMENT_3D('',#3628,#3629,#3630);
#3628 = CARTESIAN_POINT('',(17.084437467418,18.663501136149,
    1.37060257778));
#3629 = DIRECTION('',(0.,-0.173648177667,-0.984807753012));
#3630 = DIRECTION('',(-9.396030206608E-17,-0.984807753012,0.173648177667
    ));
#3631 = ORIENTED_EDGE('',*,*,#3632,.T.);
#3632 = EDGE_CURVE('',#3624,#3633,#3635,.T.);
#3633 = VERTEX_POINT('',#3634);
#3634 = CARTESIAN_POINT('',(16.308349721354,13.046024606788,
    2.361115253403));
#3635 = LINE('',#3636,#3637);
#3636 = CARTESIAN_POINT('',(16.308349721354,17.515275111951,
    1.573065805798));
#3637 = VECTOR('',#3638,1.);
#3638 = DIRECTION('',(0.,-0.984807753012,0.173648177667));
#3639 = ORIENTED_EDGE('',*,*,#3640,.F.);
#3640 = EDGE_CURVE('',#3641,#3633,#3643,.T.);
#3641 = VERTEX_POINT('',#3642);
#3642 = CARTESIAN_POINT('',(13.011148530628,14.627688017998,
    2.082225319607));
#3643 = LINE('',#3644,#3645);
#3644 = CARTESIAN_POINT('',(15.127431616574,13.612509589026,
    2.261228666868));
#3645 = VECTOR('',#3646,1.);
#3646 = DIRECTION('',(0.899018387515,-0.431258029852,7.604242631004E-02)
  );
#3647 = ORIENTED_EDGE('',*,*,#3648,.F.);
#3648 = EDGE_CURVE('',#3649,#3641,#3651,.T.);
#3649 = VERTEX_POINT('',#3650);
#3650 = CARTESIAN_POINT('',(12.928653098658,14.667260976635,
    2.075247539293));
#3651 = B_SPLINE_CURVE_WITH_KNOTS('',3,(#3652,#3653,#3654,#3655),
  .UNSPECIFIED.,.F.,.F.,(4,4),(-0.244575477927,-0.235399310552),
  .PIECEWISE_BEZIER_KNOTS.);
#3652 = CARTESIAN_POINT('',(12.928653098658,14.667260976635,
    2.075247539293));
#3653 = CARTESIAN_POINT('',(12.956151575981,14.654069990423,
    2.077573466064));
#3654 = CARTESIAN_POINT('',(12.983650053304,14.640879004211,
    2.079899392836));
#3655 = CARTESIAN_POINT('',(13.011148530628,14.627688017998,
    2.082225319607));
#3656 = ORIENTED_EDGE('',*,*,#3657,.F.);
#3657 = EDGE_CURVE('',#3658,#3649,#3660,.T.);
#3658 = VERTEX_POINT('',#3659);
#3659 = CARTESIAN_POINT('',(10.449373084437,14.059365662064,
    2.182435884698));
#3660 = B_SPLINE_CURVE_WITH_KNOTS('',3,(#3661,#3662,#3663,#3664,#3665),
  .UNSPECIFIED.,.F.,.F.,(4,1,4),(-0.93106562326,-0.143442331529,
    0.447275137269),.UNSPECIFIED.);
#3661 = CARTESIAN_POINT('',(10.449373084437,14.059365662064,
    2.182435884698));
#3662 = CARTESIAN_POINT('',(10.760593889811,14.477602744374,
    2.108689402754));
#3663 = CARTESIAN_POINT('',(11.613211776642,14.985964279839,
    2.019051548097));
#3664 = CARTESIAN_POINT('',(12.572403709773,14.838153376302,
    2.045114598434));
#3665 = CARTESIAN_POINT('',(12.928653098658,14.667260976635,
    2.075247539293));
#3666 = ORIENTED_EDGE('',*,*,#3667,.F.);
#3667 = EDGE_CURVE('',#3668,#3658,#3670,.T.);
#3668 = VERTEX_POINT('',#3669);
#3669 = CARTESIAN_POINT('',(10.355522563109,13.933243733402,
    2.20467458358));
#3670 = B_SPLINE_CURVE_WITH_KNOTS('',3,(#3671,#3672,#3673,#3674),
  .UNSPECIFIED.,.F.,.F.,(4,4),(-9.39194399214E-02,-7.804202798784E-02),
  .PIECEWISE_BEZIER_KNOTS.);
#3671 = CARTESIAN_POINT('',(10.355522563109,13.933243733402,
    2.20467458358));
#3672 = CARTESIAN_POINT('',(10.386806070218,13.975284376289,
    2.197261683953));
#3673 = CARTESIAN_POINT('',(10.418089577327,14.017325019177,
    2.189848784325));
#3674 = CARTESIAN_POINT('',(10.449373084437,14.059365662064,
    2.182435884698));
#3675 = ORIENTED_EDGE('',*,*,#3676,.F.);
#3676 = EDGE_CURVE('',#3677,#3668,#3679,.T.);
#3677 = VERTEX_POINT('',#3678);
#3678 = CARTESIAN_POINT('',(10.258687316623,13.803110753037,
    2.227620539099));
#3679 = LINE('',#3680,#3681);
#3680 = CARTESIAN_POINT('',(10.910675281721,14.679291071046,
    2.073126309068));
#3681 = VECTOR('',#3682,1.);
#3682 = DIRECTION('',(0.591094579649,0.794348154406,-0.140065011698));
#3683 = ORIENTED_EDGE('',*,*,#3684,.F.);
#3684 = EDGE_CURVE('',#3685,#3677,#3687,.T.);
#3685 = VERTEX_POINT('',#3686);
#3686 = CARTESIAN_POINT('',(10.078842312277,13.511969418828,
    2.278956611519));
#3687 = B_SPLINE_CURVE_WITH_KNOTS('',3,(#3688,#3689,#3690,#3691),
  .UNSPECIFIED.,.F.,.F.,(4,4),(-1.103927321839,-0.93106562326),
  .PIECEWISE_BEZIER_KNOTS.);
#3688 = CARTESIAN_POINT('',(10.078842312277,13.511969418828,
    2.278956611519));
#3689 = CARTESIAN_POINT('',(10.130161710875,13.613786904209,
    2.261003441738));
#3690 = CARTESIAN_POINT('',(10.190382890363,13.71131919073,
    2.243805868135));
#3691 = CARTESIAN_POINT('',(10.258687316623,13.803110753037,
    2.227620539099));
#3692 = ORIENTED_EDGE('',*,*,#3693,.F.);
#3693 = EDGE_CURVE('',#3694,#3685,#3696,.T.);
#3694 = VERTEX_POINT('',#3695);
#3695 = CARTESIAN_POINT('',(10.667708676247,11.036032889722,
    2.715531024122));
#3696 = B_SPLINE_CURVE_WITH_KNOTS('',3,(#3697,#3698,#3699,#3700,#3701),
  .UNSPECIFIED.,.F.,.F.,(4,1,4),(-2.501861950055,-1.703042162503,
    -1.103927321839),.UNSPECIFIED.);
#3697 = CARTESIAN_POINT('',(10.667708676247,11.036032889722,
    2.715531024122));
#3698 = CARTESIAN_POINT('',(10.240730278236,11.353758329495,
    2.659507456633));
#3699 = CARTESIAN_POINT('',(9.740383016832,12.212899242266,
    2.508017733481));
#3700 = CARTESIAN_POINT('',(9.900976344473,13.159084036859,
    2.341179825458));
#3701 = CARTESIAN_POINT('',(10.078842312277,13.511969418828,
    2.278956611519));
#3702 = ORIENTED_EDGE('',*,*,#3703,.F.);
#3703 = EDGE_CURVE('',#3704,#3694,#3706,.T.);
#3704 = VERTEX_POINT('',#3705);
#3705 = CARTESIAN_POINT('',(10.742060148493,10.98070607617,
    2.725286634108));
#3706 = B_SPLINE_CURVE_WITH_KNOTS('',3,(#3707,#3708,#3709,#3710),
  .UNSPECIFIED.,.F.,.F.,(4,4),(-3.419719802393E-02,-2.487820148511E-02),
  .PIECEWISE_BEZIER_KNOTS.);
#3707 = CARTESIAN_POINT('',(10.742060148493,10.98070607617,
    2.725286634108));
#3708 = CARTESIAN_POINT('',(10.717276324411,10.999148347354,
    2.722034764113));
#3709 = CARTESIAN_POINT('',(10.692492500329,11.017590618538,
    2.718782894117));
#3710 = CARTESIAN_POINT('',(10.667708676247,11.036032889722,
    2.715531024122));
#3711 = ORIENTED_EDGE('',*,*,#3712,.F.);
#3712 = EDGE_CURVE('',#3713,#3704,#3715,.T.);
#3713 = VERTEX_POINT('',#3714);
#3714 = CARTESIAN_POINT('',(16.081406623687,7.00756313771,3.42585893237)
  );
#3715 = LINE('',#3716,#3717);
#3716 = CARTESIAN_POINT('',(10.469218323821,11.183734588002,
    2.689487229619));
#3717 = VECTOR('',#3718,1.);
#3718 = DIRECTION('',(-0.797848480104,0.593699260652,-0.10468519808));
#3719 = ORIENTED_EDGE('',*,*,#3720,.F.);
#3720 = EDGE_CURVE('',#3721,#3713,#3723,.T.);
#3721 = VERTEX_POINT('',#3722);
#3722 = CARTESIAN_POINT('',(16.16898083652,6.943618505434,3.437134096312
    ));
#3723 = B_SPLINE_CURVE_WITH_KNOTS('',3,(#3724,#3725,#3726,#3727),
  .UNSPECIFIED.,.F.,.F.,(4,4),(0.621655473451,0.639730703535),
  .PIECEWISE_BEZIER_KNOTS.);
#3724 = CARTESIAN_POINT('',(16.16898083651,6.943618505441,3.43713409631)
  );
#3725 = CARTESIAN_POINT('',(16.139595655249,6.964670377771,
    3.433422083224));
#3726 = CARTESIAN_POINT('',(16.11040267183,6.985986443922,3.429663485639
    ));
#3727 = CARTESIAN_POINT('',(16.081406623687,7.00756313771,3.42585893237)
  );
#3728 = ORIENTED_EDGE('',*,*,#3729,.F.);
#3729 = EDGE_CURVE('',#3730,#3721,#3732,.T.);
#3730 = VERTEX_POINT('',#3731);
#3731 = CARTESIAN_POINT('',(19.6691617432,5.819765510731,3.635299701628)
  );
#3732 = B_SPLINE_CURVE_WITH_KNOTS('',3,(#3733,#3734,#3735,#3736),
  .UNSPECIFIED.,.F.,.F.,(4,4),(-5.73027491226E-15,0.621655473451),
  .PIECEWISE_BEZIER_KNOTS.);
#3733 = CARTESIAN_POINT('',(19.6691617432,5.819765510731,3.635299701628)
  );
#3734 = CARTESIAN_POINT('',(18.422654117059,5.819765510731,
    3.635299701628));
#3735 = CARTESIAN_POINT('',(17.179615759799,6.219588349263,
    3.564800147691));
#3736 = CARTESIAN_POINT('',(16.16898083651,6.943618505441,3.43713409631)
  );
#3737 = ORIENTED_EDGE('',*,*,#3738,.T.);
#3738 = EDGE_CURVE('',#3730,#3066,#3739,.T.);
#3739 = LINE('',#3740,#3741);
#3740 = CARTESIAN_POINT('',(31.485777642024,5.819765510731,
    3.635299701628));
#3741 = VECTOR('',#3742,1.);
#3742 = DIRECTION('',(1.,0.,0.));
#3743 = ORIENTED_EDGE('',*,*,#3073,.T.);
#3744 = ORIENTED_EDGE('',*,*,#3108,.T.);
#3745 = ORIENTED_EDGE('',*,*,#3011,.T.);
#3746 = ORIENTED_EDGE('',*,*,#3034,.T.);
#3747 = ORIENTED_EDGE('',*,*,#2933,.T.);
#3748 = ORIENTED_EDGE('',*,*,#2973,.T.);
#3749 = ORIENTED_EDGE('',*,*,#2871,.T.);
#3750 = ORIENTED_EDGE('',*,*,#2894,.T.);
#3751 = ORIENTED_EDGE('',*,*,#2784,.T.);
#3752 = ORIENTED_EDGE('',*,*,#2833,.T.);
#3753 = ORIENTED_EDGE('',*,*,#1858,.T.);
#3754 = ORIENTED_EDGE('',*,*,#1807,.F.);
#3755 = ORIENTED_EDGE('',*,*,#3323,.T.);
#3756 = ORIENTED_EDGE('',*,*,#3371,.T.);
#3757 = ORIENTED_EDGE('',*,*,#3387,.T.);
#3758 = ORIENTED_EDGE('',*,*,#3274,.T.);
#3759 = ORIENTED_EDGE('',*,*,#713,.T.);
#3760 = ORIENTED_EDGE('',*,*,#617,.T.);
#3761 = ORIENTED_EDGE('',*,*,#504,.T.);
#3762 = ORIENTED_EDGE('',*,*,#408,.T.);
#3763 = ORIENTED_EDGE('',*,*,#1842,.F.);
#3764 = PLANE('',#3765);
#3765 = AXIS2_PLACEMENT_3D('',#3766,#3767,#3768);
#3766 = CARTESIAN_POINT('',(12.647221178968,15.640328627877,
    1.903669458324));
#3767 = DIRECTION('',(0.,0.173648177667,0.984807753012));
#3768 = DIRECTION('',(1.,0.,-0.));
#3769 = ADVANCED_FACE('',(#3770),#3797,.F.);
#3770 = FACE_BOUND('',#3771,.F.);
#3771 = EDGE_LOOP('',(#3772,#3782,#3789,#3790));
#3772 = ORIENTED_EDGE('',*,*,#3773,.T.);
#3773 = EDGE_CURVE('',#3774,#3776,#3778,.T.);
#3774 = VERTEX_POINT('',#3775);
#3775 = CARTESIAN_POINT('',(6.661267928181,21.303935849712,
    9.661481382566));
#3776 = VERTEX_POINT('',#3777);
#3777 = CARTESIAN_POINT('',(6.661267928181,21.303935849712,
    8.661481382566));
#3778 = LINE('',#3779,#3780);
#3779 = CARTESIAN_POINT('',(6.661267928181,21.303935849712,
    9.161481382566));
#3780 = VECTOR('',#3781,1.);
#3781 = DIRECTION('',(0.,0.,-1.));
#3782 = ORIENTED_EDGE('',*,*,#3783,.F.);
#3783 = EDGE_CURVE('',#3776,#3776,#3784,.T.);
#3784 = CIRCLE('',#3785,2.75);
#3785 = AXIS2_PLACEMENT_3D('',#3786,#3787,#3788);
#3786 = CARTESIAN_POINT('',(9.411267928181,21.303935849712,
    8.661481382566));
#3787 = DIRECTION('',(0.,0.,-1.));
#3788 = DIRECTION('',(1.,0.,0.));
#3789 = ORIENTED_EDGE('',*,*,#3773,.F.);
#3790 = ORIENTED_EDGE('',*,*,#3791,.T.);
#3791 = EDGE_CURVE('',#3774,#3774,#3792,.T.);
#3792 = CIRCLE('',#3793,2.75);
#3793 = AXIS2_PLACEMENT_3D('',#3794,#3795,#3796);
#3794 = CARTESIAN_POINT('',(9.411267928181,21.303935849712,
    9.661481382566));
#3795 = DIRECTION('',(0.,0.,-1.));
#3796 = DIRECTION('',(1.,0.,0.));
#3797 = CYLINDRICAL_SURFACE('',#3798,2.75);
#3798 = AXIS2_PLACEMENT_3D('',#3799,#3800,#3801);
#3799 = CARTESIAN_POINT('',(9.411267928181,21.303935849712,
    9.161481382566));
#3800 = DIRECTION('',(0.,0.,-1.));
#3801 = DIRECTION('',(1.,0.,0.));
#3802 = ADVANCED_FACE('',(#3803,#3806),#3817,.F.);
#3803 = FACE_BOUND('',#3804,.T.);
#3804 = EDGE_LOOP('',(#3805));
#3805 = ORIENTED_EDGE('',*,*,#3783,.F.);
#3806 = FACE_BOUND('',#3807,.T.);
#3807 = EDGE_LOOP('',(#3808));
#3808 = ORIENTED_EDGE('',*,*,#3809,.F.);
#3809 = EDGE_CURVE('',#3810,#3810,#3812,.T.);
#3810 = VERTEX_POINT('',#3811);
#3811 = CARTESIAN_POINT('',(7.911267928181,21.303935849712,
    8.661481382566));
#3812 = CIRCLE('',#3813,1.5);
#3813 = AXIS2_PLACEMENT_3D('',#3814,#3815,#3816);
#3814 = CARTESIAN_POINT('',(9.411267928181,21.303935849712,
    8.661481382566));
#3815 = DIRECTION('',(0.,0.,1.));
#3816 = DIRECTION('',(1.,0.,-0.));
#3817 = PLANE('',#3818);
#3818 = AXIS2_PLACEMENT_3D('',#3819,#3820,#3821);
#3819 = CARTESIAN_POINT('',(9.411267928181,21.303935849712,
    8.661481382566));
#3820 = DIRECTION('',(0.,0.,-1.));
#3821 = DIRECTION('',(1.,0.,0.));
#3822 = ADVANCED_FACE('',(#3823),#3842,.F.);
#3823 = FACE_BOUND('',#3824,.F.);
#3824 = EDGE_LOOP('',(#3825,#3833,#3834,#3835));
#3825 = ORIENTED_EDGE('',*,*,#3826,.T.);
#3826 = EDGE_CURVE('',#3827,#3810,#3829,.T.);
#3827 = VERTEX_POINT('',#3828);
#3828 = CARTESIAN_POINT('',(7.911267928181,21.303935849712,
    7.661481382566));
#3829 = LINE('',#3830,#3831);
#3830 = CARTESIAN_POINT('',(7.911267928181,21.303935849712,
    -3.338518617434));
#3831 = VECTOR('',#3832,1.);
#3832 = DIRECTION('',(0.,0.,1.));
#3833 = ORIENTED_EDGE('',*,*,#3809,.F.);
#3834 = ORIENTED_EDGE('',*,*,#3826,.F.);
#3835 = ORIENTED_EDGE('',*,*,#3836,.T.);
#3836 = EDGE_CURVE('',#3827,#3827,#3837,.T.);
#3837 = CIRCLE('',#3838,1.5);
#3838 = AXIS2_PLACEMENT_3D('',#3839,#3840,#3841);
#3839 = CARTESIAN_POINT('',(9.411267928181,21.303935849712,
    7.661481382566));
#3840 = DIRECTION('',(0.,0.,1.));
#3841 = DIRECTION('',(1.,0.,-0.));
#3842 = CYLINDRICAL_SURFACE('',#3843,1.5);
#3843 = AXIS2_PLACEMENT_3D('',#3844,#3845,#3846);
#3844 = CARTESIAN_POINT('',(9.411267928181,21.303935849712,
    -3.338518617434));
#3845 = DIRECTION('',(0.,0.,1.));
#3846 = DIRECTION('',(1.,0.,-0.));
#3847 = ADVANCED_FACE('',(#3848),#3867,.F.);
#3848 = FACE_BOUND('',#3849,.F.);
#3849 = EDGE_LOOP('',(#3850,#3858,#3865,#3866));
#3850 = ORIENTED_EDGE('',*,*,#3851,.T.);
#3851 = EDGE_CURVE('',#3474,#3852,#3854,.T.);
#3852 = VERTEX_POINT('',#3853);
#3853 = CARTESIAN_POINT('',(7.911267928181,21.303935849712,
    4.661481382566));
#3854 = LINE('',#3855,#3856);
#3855 = CARTESIAN_POINT('',(7.911267928181,21.303935849712,
    -3.338518617434));
#3856 = VECTOR('',#3857,1.);
#3857 = DIRECTION('',(0.,0.,1.));
#3858 = ORIENTED_EDGE('',*,*,#3859,.T.);
#3859 = EDGE_CURVE('',#3852,#3852,#3860,.T.);
#3860 = CIRCLE('',#3861,1.5);
#3861 = AXIS2_PLACEMENT_3D('',#3862,#3863,#3864);
#3862 = CARTESIAN_POINT('',(9.411267928181,21.303935849712,
    4.661481382566));
#3863 = DIRECTION('',(0.,0.,-1.));
#3864 = DIRECTION('',(1.,0.,0.));
#3865 = ORIENTED_EDGE('',*,*,#3851,.F.);
#3866 = ORIENTED_EDGE('',*,*,#3473,.F.);
#3867 = CYLINDRICAL_SURFACE('',#3868,1.5);
#3868 = AXIS2_PLACEMENT_3D('',#3869,#3870,#3871);
#3869 = CARTESIAN_POINT('',(9.411267928181,21.303935849712,
    -3.338518617434));
#3870 = DIRECTION('',(0.,0.,1.));
#3871 = DIRECTION('',(1.,0.,-0.));
#3872 = ADVANCED_FACE('',(#3873),#3901,.T.);
#3873 = FACE_BOUND('',#3874,.T.);
#3874 = EDGE_LOOP('',(#3875,#3876,#3884,#3893,#3899,#3900));
#3875 = ORIENTED_EDGE('',*,*,#3455,.T.);
#3876 = ORIENTED_EDGE('',*,*,#3877,.F.);
#3877 = EDGE_CURVE('',#3878,#3411,#3880,.T.);
#3878 = VERTEX_POINT('',#3879);
#3879 = CARTESIAN_POINT('',(1.713829102491,21.826119236105,
    3.259211158727));
#3880 = LINE('',#3881,#3882);
#3881 = CARTESIAN_POINT('',(11.131820852169,18.602623170209,
    0.204405270559));
#3882 = VECTOR('',#3883,1.);
#3883 = DIRECTION('',(0.904484088876,-0.309577771955,-0.293377122628));
#3884 = ORIENTED_EDGE('',*,*,#3885,.T.);
#3885 = EDGE_CURVE('',#3878,#3886,#3888,.T.);
#3886 = VERTEX_POINT('',#3887);
#3887 = CARTESIAN_POINT('',(2.685176600598,22.712164439521,
    3.337704276977));
#3888 = ELLIPSE('',#3889,2.144792220309,2.);
#3889 = AXIS2_PLACEMENT_3D('',#3890,#3891,#3892);
#3890 = CARTESIAN_POINT('',(3.472457806383,20.873635597479,
    2.575560605281));
#3891 = DIRECTION('',(-0.199376882588,0.301179196946,-0.932491260021));
#3892 = DIRECTION('',(-0.514731564372,0.777554735472,0.36119253866));
#3893 = ORIENTED_EDGE('',*,*,#3894,.T.);
#3894 = EDGE_CURVE('',#3886,#214,#3895,.T.);
#3895 = LINE('',#3896,#3897);
#3896 = CARTESIAN_POINT('',(5.445573100211,23.894200986876,
    3.129279341495));
#3897 = VECTOR('',#3898,1.);
#3898 = DIRECTION('',(0.917058032382,0.392695799489,-6.924286466079E-02)
  );
#3899 = ORIENTED_EDGE('',*,*,#213,.T.);
#3900 = ORIENTED_EDGE('',*,*,#3540,.T.);
#3901 = PLANE('',#3902);
#3902 = AXIS2_PLACEMENT_3D('',#3903,#3904,#3905);
#3903 = CARTESIAN_POINT('',(6.357336440248,21.599936420757,
    2.193324947692));
#3904 = DIRECTION('',(-0.199376882588,0.301179196946,-0.932491260021));
#3905 = DIRECTION('',(-0.977897423547,2.775557561563E-17,0.209085219516)
  );
#3906 = ADVANCED_FACE('',(#3907),#3943,.F.);
#3907 = FACE_BOUND('',#3908,.F.);
#3908 = EDGE_LOOP('',(#3909,#3919,#3928,#3936));
#3909 = ORIENTED_EDGE('',*,*,#3910,.F.);
#3910 = EDGE_CURVE('',#3911,#3913,#3915,.T.);
#3911 = VERTEX_POINT('',#3912);
#3912 = CARTESIAN_POINT('',(18.794331867301,17.802806739962,
    8.161481382566));
#3913 = VERTEX_POINT('',#3914);
#3914 = CARTESIAN_POINT('',(18.794331867301,17.802806739962,
    7.661481382566));
#3915 = LINE('',#3916,#3917);
#3916 = CARTESIAN_POINT('',(18.794331867301,17.802806739962,
    9.661481382566));
#3917 = VECTOR('',#3918,1.);
#3918 = DIRECTION('',(0.,0.,-1.));
#3919 = ORIENTED_EDGE('',*,*,#3920,.F.);
#3920 = EDGE_CURVE('',#3921,#3911,#3923,.T.);
#3921 = VERTEX_POINT('',#3922);
#3922 = CARTESIAN_POINT('',(17.806044512855,17.472210167216,
    8.161481382566));
#3923 = CIRCLE('',#3924,1.);
#3924 = AXIS2_PLACEMENT_3D('',#3925,#3926,#3927);
#3925 = CARTESIAN_POINT('',(18.029420669184,18.446942485744,
    8.161481382566));
#3926 = DIRECTION('',(0.,0.,1.));
#3927 = DIRECTION('',(-0.223376156329,-0.974732318528,0.));
#3928 = ORIENTED_EDGE('',*,*,#3929,.T.);
#3929 = EDGE_CURVE('',#3921,#3930,#3932,.T.);
#3930 = VERTEX_POINT('',#3931);
#3931 = CARTESIAN_POINT('',(17.806044512855,17.472210167216,
    7.661481382566));
#3932 = LINE('',#3933,#3934);
#3933 = CARTESIAN_POINT('',(17.806044512855,17.472210167216,
    9.661481382566));
#3934 = VECTOR('',#3935,1.);
#3935 = DIRECTION('',(0.,0.,-1.));
#3936 = ORIENTED_EDGE('',*,*,#3937,.F.);
#3937 = EDGE_CURVE('',#3913,#3930,#3938,.T.);
#3938 = CIRCLE('',#3939,1.);
#3939 = AXIS2_PLACEMENT_3D('',#3940,#3941,#3942);
#3940 = CARTESIAN_POINT('',(18.029420669184,18.446942485744,
    7.661481382566));
#3941 = DIRECTION('',(0.,0.,-1.));
#3942 = DIRECTION('',(-0.223376156329,-0.974732318528,-0.));
#3943 = CYLINDRICAL_SURFACE('',#3944,1.);
#3944 = AXIS2_PLACEMENT_3D('',#3945,#3946,#3947);
#3945 = CARTESIAN_POINT('',(18.029420669184,18.446942485744,
    9.661481382566));
#3946 = DIRECTION('',(0.,0.,-1.));
#3947 = DIRECTION('',(-0.223376156329,-0.974732318528,-0.));
#3948 = ADVANCED_FACE('',(#3949),#3985,.F.);
#3949 = FACE_BOUND('',#3950,.F.);
#3950 = EDGE_LOOP('',(#3951,#3961,#3970,#3978));
#3951 = ORIENTED_EDGE('',*,*,#3952,.T.);
#3952 = EDGE_CURVE('',#3953,#3955,#3957,.T.);
#3953 = VERTEX_POINT('',#3954);
#3954 = CARTESIAN_POINT('',(17.806044512855,17.472210167216,
    4.661481382566));
#3955 = VERTEX_POINT('',#3956);
#3956 = CARTESIAN_POINT('',(17.806044512855,17.472210167216,
    3.161481382566));
#3957 = LINE('',#3958,#3959);
#3958 = CARTESIAN_POINT('',(17.806044512855,17.472210167216,
    9.661481382566));
#3959 = VECTOR('',#3960,1.);
#3960 = DIRECTION('',(0.,0.,-1.));
#3961 = ORIENTED_EDGE('',*,*,#3962,.F.);
#3962 = EDGE_CURVE('',#3963,#3955,#3965,.T.);
#3963 = VERTEX_POINT('',#3964);
#3964 = CARTESIAN_POINT('',(18.794331867301,17.802806739962,
    3.161481382566));
#3965 = CIRCLE('',#3966,1.);
#3966 = AXIS2_PLACEMENT_3D('',#3967,#3968,#3969);
#3967 = CARTESIAN_POINT('',(18.029420669184,18.446942485744,
    3.161481382566));
#3968 = DIRECTION('',(0.,0.,-1.));
#3969 = DIRECTION('',(-0.223376156329,-0.974732318528,-0.));
#3970 = ORIENTED_EDGE('',*,*,#3971,.F.);
#3971 = EDGE_CURVE('',#3972,#3963,#3974,.T.);
#3972 = VERTEX_POINT('',#3973);
#3973 = CARTESIAN_POINT('',(18.794331867301,17.802806739962,
    4.661481382566));
#3974 = LINE('',#3975,#3976);
#3975 = CARTESIAN_POINT('',(18.794331867301,17.802806739962,
    9.661481382566));
#3976 = VECTOR('',#3977,1.);
#3977 = DIRECTION('',(0.,0.,-1.));
#3978 = ORIENTED_EDGE('',*,*,#3979,.F.);
#3979 = EDGE_CURVE('',#3953,#3972,#3980,.T.);
#3980 = CIRCLE('',#3981,1.);
#3981 = AXIS2_PLACEMENT_3D('',#3982,#3983,#3984);
#3982 = CARTESIAN_POINT('',(18.029420669184,18.446942485744,
    4.661481382566));
#3983 = DIRECTION('',(0.,0.,1.));
#3984 = DIRECTION('',(-0.223376156329,-0.974732318528,0.));
#3985 = CYLINDRICAL_SURFACE('',#3986,1.);
#3986 = AXIS2_PLACEMENT_3D('',#3987,#3988,#3989);
#3987 = CARTESIAN_POINT('',(18.029420669184,18.446942485744,
    9.661481382566));
#3988 = DIRECTION('',(0.,0.,-1.));
#3989 = DIRECTION('',(-0.223376156329,-0.974732318528,-0.));
#3990 = ADVANCED_FACE('',(#3991),#4032,.T.);
#3991 = FACE_BOUND('',#3992,.T.);
#3992 = EDGE_LOOP('',(#3993,#4001,#4002,#4010,#4018,#4026));
#3993 = ORIENTED_EDGE('',*,*,#3994,.T.);
#3994 = EDGE_CURVE('',#3995,#3913,#3997,.T.);
#3995 = VERTEX_POINT('',#3996);
#3996 = CARTESIAN_POINT('',(19.77107012946,18.962683426275,
    7.661481382566));
#3997 = LINE('',#3998,#3999);
#3998 = CARTESIAN_POINT('',(19.136394887086,18.209006575956,
    7.661481382566));
#3999 = VECTOR('',#4000,1.);
#4000 = DIRECTION('',(-0.644135745783,-0.764911198117,0.));
#4001 = ORIENTED_EDGE('',*,*,#3910,.F.);
#4002 = ORIENTED_EDGE('',*,*,#4003,.T.);
#4003 = EDGE_CURVE('',#3911,#4004,#4006,.T.);
#4004 = VERTEX_POINT('',#4005);
#4005 = CARTESIAN_POINT('',(19.608349721354,18.769452941649,
    8.161481382566));
#4006 = LINE('',#4007,#4008);
#4007 = CARTESIAN_POINT('',(17.918049762497,16.762221740507,
    8.161481382566));
#4008 = VECTOR('',#4009,1.);
#4009 = DIRECTION('',(0.644135745783,0.764911198117,0.));
#4010 = ORIENTED_EDGE('',*,*,#4011,.T.);
#4011 = EDGE_CURVE('',#4004,#4012,#4014,.T.);
#4012 = VERTEX_POINT('',#4013);
#4013 = CARTESIAN_POINT('',(19.608349721354,18.769452941649,
    9.661481382566));
#4014 = LINE('',#4015,#4016);
#4015 = CARTESIAN_POINT('',(19.608349721354,18.769452941649,
    9.661481382566));
#4016 = VECTOR('',#4017,1.);
#4017 = DIRECTION('',(0.,0.,1.));
#4018 = ORIENTED_EDGE('',*,*,#4019,.F.);
#4019 = EDGE_CURVE('',#4020,#4012,#4022,.T.);
#4020 = VERTEX_POINT('',#4021);
#4021 = CARTESIAN_POINT('',(19.77107012946,18.962683426275,
    9.661481382566));
#4022 = LINE('',#4023,#4024);
#4023 = CARTESIAN_POINT('',(17.045786170934,15.726408725526,
    9.661481382566));
#4024 = VECTOR('',#4025,1.);
#4025 = DIRECTION('',(-0.644135745783,-0.764911198117,0.));
#4026 = ORIENTED_EDGE('',*,*,#4027,.T.);
#4027 = EDGE_CURVE('',#4020,#3995,#4028,.T.);
#4028 = LINE('',#4029,#4030);
#4029 = CARTESIAN_POINT('',(19.77107012946,18.962683426275,
    9.661481382566));
#4030 = VECTOR('',#4031,1.);
#4031 = DIRECTION('',(0.,0.,-1.));
#4032 = PLANE('',#4033);
#4033 = AXIS2_PLACEMENT_3D('',#4034,#4035,#4036);
#4034 = CARTESIAN_POINT('',(18.794331867301,17.802806739962,
    9.661481382566));
#4035 = DIRECTION('',(-0.764911198117,0.644135745783,0.));
#4036 = DIRECTION('',(0.644135745783,0.764911198117,0.));
#4037 = ADVANCED_FACE('',(#4038),#4070,.T.);
#4038 = FACE_BOUND('',#4039,.T.);
#4039 = EDGE_LOOP('',(#4040,#4048,#4054,#4055,#4063,#4069));
#4040 = ORIENTED_EDGE('',*,*,#4041,.T.);
#4041 = EDGE_CURVE('',#3972,#4042,#4044,.T.);
#4042 = VERTEX_POINT('',#4043);
#4043 = CARTESIAN_POINT('',(19.77107012946,18.962683426275,
    4.661481382566));
#4044 = LINE('',#4045,#4046);
#4045 = CARTESIAN_POINT('',(19.136394887086,18.209006575956,
    4.661481382566));
#4046 = VECTOR('',#4047,1.);
#4047 = DIRECTION('',(0.644135745783,0.764911198117,0.));
#4048 = ORIENTED_EDGE('',*,*,#4049,.T.);
#4049 = EDGE_CURVE('',#4042,#3565,#4050,.T.);
#4050 = LINE('',#4051,#4052);
#4051 = CARTESIAN_POINT('',(19.77107012946,18.962683426275,
    9.661481382566));
#4052 = VECTOR('',#4053,1.);
#4053 = DIRECTION('',(0.,0.,-1.));
#4054 = ORIENTED_EDGE('',*,*,#3564,.T.);
#4055 = ORIENTED_EDGE('',*,*,#4056,.T.);
#4056 = EDGE_CURVE('',#3557,#4057,#4059,.T.);
#4057 = VERTEX_POINT('',#4058);
#4058 = CARTESIAN_POINT('',(19.608349721354,18.769452941649,
    3.161481382566));
#4059 = LINE('',#4060,#4061);
#4060 = CARTESIAN_POINT('',(19.608349721354,18.769452941649,
    5.411481382566));
#4061 = VECTOR('',#4062,1.);
#4062 = DIRECTION('',(0.,0.,1.));
#4063 = ORIENTED_EDGE('',*,*,#4064,.T.);
#4064 = EDGE_CURVE('',#4057,#3963,#4065,.T.);
#4065 = LINE('',#4066,#4067);
#4066 = CARTESIAN_POINT('',(17.918049762497,16.762221740507,
    3.161481382566));
#4067 = VECTOR('',#4068,1.);
#4068 = DIRECTION('',(-0.644135745783,-0.764911198117,0.));
#4069 = ORIENTED_EDGE('',*,*,#3971,.F.);
#4070 = PLANE('',#4071);
#4071 = AXIS2_PLACEMENT_3D('',#4072,#4073,#4074);
#4072 = CARTESIAN_POINT('',(18.794331867301,17.802806739962,
    9.661481382566));
#4073 = DIRECTION('',(-0.764911198117,0.644135745783,0.));
#4074 = DIRECTION('',(0.644135745783,0.764911198117,0.));
#4075 = ADVANCED_FACE('',(#4076),#4101,.T.);
#4076 = FACE_BOUND('',#4077,.T.);
#4077 = EDGE_LOOP('',(#4078,#4086,#4094,#4100));
#4078 = ORIENTED_EDGE('',*,*,#4079,.T.);
#4079 = EDGE_CURVE('',#3930,#4080,#4082,.T.);
#4080 = VERTEX_POINT('',#4081);
#4081 = CARTESIAN_POINT('',(16.861061311088,17.688768817621,
    7.661481382566));
#4082 = LINE('',#4083,#4084);
#4083 = CARTESIAN_POINT('',(16.83137649326,17.695571588373,
    7.661481382566));
#4084 = VECTOR('',#4085,1.);
#4085 = DIRECTION('',(-0.974732318528,0.223376156329,0.));
#4086 = ORIENTED_EDGE('',*,*,#4087,.F.);
#4087 = EDGE_CURVE('',#4088,#4080,#4090,.T.);
#4088 = VERTEX_POINT('',#4089);
#4089 = CARTESIAN_POINT('',(16.861061311088,17.688768817621,
    8.161481382566));
#4090 = LINE('',#4091,#4092);
#4091 = CARTESIAN_POINT('',(16.861061311088,17.688768817621,
    9.661481382566));
#4092 = VECTOR('',#4093,1.);
#4093 = DIRECTION('',(0.,0.,-1.));
#4094 = ORIENTED_EDGE('',*,*,#4095,.T.);
#4095 = EDGE_CURVE('',#4088,#3921,#4096,.T.);
#4096 = LINE('',#4097,#4098);
#4097 = CARTESIAN_POINT('',(17.680512767558,17.500977858847,
    8.161481382566));
#4098 = VECTOR('',#4099,1.);
#4099 = DIRECTION('',(0.974732318528,-0.223376156329,0.));
#4100 = ORIENTED_EDGE('',*,*,#3929,.T.);
#4101 = PLANE('',#4102);
#4102 = AXIS2_PLACEMENT_3D('',#4103,#4104,#4105);
#4103 = CARTESIAN_POINT('',(16.861061311088,17.688768817621,
    9.661481382566));
#4104 = DIRECTION('',(0.223376156329,0.974732318528,0.));
#4105 = DIRECTION('',(0.974732318528,-0.223376156329,0.));
#4106 = ADVANCED_FACE('',(#4107),#4134,.F.);
#4107 = FACE_BOUND('',#4108,.F.);
#4108 = EDGE_LOOP('',(#4109,#4119,#4126,#4127));
#4109 = ORIENTED_EDGE('',*,*,#4110,.F.);
#4110 = EDGE_CURVE('',#4111,#4113,#4115,.T.);
#4111 = VERTEX_POINT('',#4112);
#4112 = CARTESIAN_POINT('',(19.773802636101,20.247696026489,
    9.661481382566));
#4113 = VERTEX_POINT('',#4114);
#4114 = CARTESIAN_POINT('',(19.773802636101,20.247696026489,
    7.661481382566));
#4115 = LINE('',#4116,#4117);
#4116 = CARTESIAN_POINT('',(19.773802636101,20.247696026489,
    9.661481382566));
#4117 = VECTOR('',#4118,1.);
#4118 = DIRECTION('',(0.,0.,-1.));
#4119 = ORIENTED_EDGE('',*,*,#4120,.T.);
#4120 = EDGE_CURVE('',#4111,#4020,#4121,.T.);
#4121 = CIRCLE('',#4122,1.);
#4122 = AXIS2_PLACEMENT_3D('',#4123,#4124,#4125);
#4123 = CARTESIAN_POINT('',(19.006158931343,19.606819172058,
    9.661481382566));
#4124 = DIRECTION('',(0.,0.,-1.));
#4125 = DIRECTION('',(0.764911198117,-0.644135745783,0.));
#4126 = ORIENTED_EDGE('',*,*,#4027,.T.);
#4127 = ORIENTED_EDGE('',*,*,#4128,.F.);
#4128 = EDGE_CURVE('',#4113,#3995,#4129,.T.);
#4129 = CIRCLE('',#4130,1.);
#4130 = AXIS2_PLACEMENT_3D('',#4131,#4132,#4133);
#4131 = CARTESIAN_POINT('',(19.006158931343,19.606819172058,
    7.661481382566));
#4132 = DIRECTION('',(0.,0.,-1.));
#4133 = DIRECTION('',(0.764911198117,-0.644135745783,0.));
#4134 = CYLINDRICAL_SURFACE('',#4135,1.);
#4135 = AXIS2_PLACEMENT_3D('',#4136,#4137,#4138);
#4136 = CARTESIAN_POINT('',(19.006158931343,19.606819172058,
    9.661481382566));
#4137 = DIRECTION('',(0.,0.,-1.));
#4138 = DIRECTION('',(0.764911198117,-0.644135745783,0.));
#4139 = ADVANCED_FACE('',(#4140),#4159,.F.);
#4140 = FACE_BOUND('',#4141,.F.);
#4141 = EDGE_LOOP('',(#4142,#4143,#4144,#4152));
#4142 = ORIENTED_EDGE('',*,*,#4049,.T.);
#4143 = ORIENTED_EDGE('',*,*,#3572,.F.);
#4144 = ORIENTED_EDGE('',*,*,#4145,.F.);
#4145 = EDGE_CURVE('',#4146,#3573,#4148,.T.);
#4146 = VERTEX_POINT('',#4147);
#4147 = CARTESIAN_POINT('',(19.773802636101,20.247696026489,
    4.661481382566));
#4148 = LINE('',#4149,#4150);
#4149 = CARTESIAN_POINT('',(19.773802636101,20.247696026489,
    9.661481382566));
#4150 = VECTOR('',#4151,1.);
#4151 = DIRECTION('',(0.,0.,-1.));
#4152 = ORIENTED_EDGE('',*,*,#4153,.F.);
#4153 = EDGE_CURVE('',#4042,#4146,#4154,.T.);
#4154 = CIRCLE('',#4155,1.);
#4155 = AXIS2_PLACEMENT_3D('',#4156,#4157,#4158);
#4156 = CARTESIAN_POINT('',(19.006158931343,19.606819172058,
    4.661481382566));
#4157 = DIRECTION('',(0.,0.,1.));
#4158 = DIRECTION('',(0.764911198117,-0.644135745783,0.));
#4159 = CYLINDRICAL_SURFACE('',#4160,1.);
#4160 = AXIS2_PLACEMENT_3D('',#4161,#4162,#4163);
#4161 = CARTESIAN_POINT('',(19.006158931343,19.606819172058,
    9.661481382566));
#4162 = DIRECTION('',(0.,0.,-1.));
#4163 = DIRECTION('',(0.764911198117,-0.644135745783,0.));
#4164 = ADVANCED_FACE('',(#4165),#4209,.F.);
#4165 = FACE_BOUND('',#4166,.F.);
#4166 = EDGE_LOOP('',(#4167,#4168,#4177,#4185,#4194,#4202));
#4167 = ORIENTED_EDGE('',*,*,#4087,.F.);
#4168 = ORIENTED_EDGE('',*,*,#4169,.F.);
#4169 = EDGE_CURVE('',#4170,#4088,#4172,.T.);
#4170 = VERTEX_POINT('',#4171);
#4171 = CARTESIAN_POINT('',(16.308349721354,18.032876199749,
    8.161481382566));
#4172 = CIRCLE('',#4173,1.);
#4173 = AXIS2_PLACEMENT_3D('',#4174,#4175,#4176);
#4174 = CARTESIAN_POINT('',(17.084437467418,18.663501136149,
    8.161481382566));
#4175 = DIRECTION('',(0.,0.,1.));
#4176 = DIRECTION('',(-0.999512116526,-3.123345829234E-02,0.));
#4177 = ORIENTED_EDGE('',*,*,#4178,.F.);
#4178 = EDGE_CURVE('',#4179,#4170,#4181,.T.);
#4179 = VERTEX_POINT('',#4180);
#4180 = CARTESIAN_POINT('',(16.308349721354,18.032876199749,
    9.661481382566));
#4181 = LINE('',#4182,#4183);
#4182 = CARTESIAN_POINT('',(16.308349721354,18.032876199749,
    9.661481382566));
#4183 = VECTOR('',#4184,1.);
#4184 = DIRECTION('',(0.,0.,-1.));
#4185 = ORIENTED_EDGE('',*,*,#4186,.T.);
#4186 = EDGE_CURVE('',#4179,#4187,#4189,.T.);
#4187 = VERTEX_POINT('',#4188);
#4188 = CARTESIAN_POINT('',(16.084925350891,18.632267677857,
    9.661481382566));
#4189 = CIRCLE('',#4190,1.);
#4190 = AXIS2_PLACEMENT_3D('',#4191,#4192,#4193);
#4191 = CARTESIAN_POINT('',(17.084437467418,18.663501136149,
    9.661481382566));
#4192 = DIRECTION('',(0.,0.,-1.));
#4193 = DIRECTION('',(-0.999512116526,-3.123345829234E-02,-0.));
#4194 = ORIENTED_EDGE('',*,*,#4195,.T.);
#4195 = EDGE_CURVE('',#4187,#4196,#4198,.T.);
#4196 = VERTEX_POINT('',#4197);
#4197 = CARTESIAN_POINT('',(16.084925350891,18.632267677857,
    7.661481382566));
#4198 = LINE('',#4199,#4200);
#4199 = CARTESIAN_POINT('',(16.084925350891,18.632267677857,
    9.661481382566));
#4200 = VECTOR('',#4201,1.);
#4201 = DIRECTION('',(0.,0.,-1.));
#4202 = ORIENTED_EDGE('',*,*,#4203,.F.);
#4203 = EDGE_CURVE('',#4080,#4196,#4204,.T.);
#4204 = CIRCLE('',#4205,1.);
#4205 = AXIS2_PLACEMENT_3D('',#4206,#4207,#4208);
#4206 = CARTESIAN_POINT('',(17.084437467418,18.663501136149,
    7.661481382566));
#4207 = DIRECTION('',(0.,0.,-1.));
#4208 = DIRECTION('',(-0.999512116526,-3.123345829234E-02,-0.));
#4209 = CYLINDRICAL_SURFACE('',#4210,1.);
#4210 = AXIS2_PLACEMENT_3D('',#4211,#4212,#4213);
#4211 = CARTESIAN_POINT('',(17.084437467418,18.663501136149,
    9.661481382566));
#4212 = DIRECTION('',(0.,0.,-1.));
#4213 = DIRECTION('',(-0.999512116526,-3.123345829234E-02,-0.));
#4214 = ADVANCED_FACE('',(#4215),#4240,.T.);
#4215 = FACE_BOUND('',#4216,.T.);
#4216 = EDGE_LOOP('',(#4217,#4225,#4226,#4234));
#4217 = ORIENTED_EDGE('',*,*,#4218,.T.);
#4218 = EDGE_CURVE('',#4219,#4113,#4221,.T.);
#4219 = VERTEX_POINT('',#4220);
#4220 = CARTESIAN_POINT('',(18.902799906615,21.290985010159,
    7.661481382566));
#4221 = LINE('',#4222,#4223);
#4222 = CARTESIAN_POINT('',(19.261485589519,20.861350510857,
    7.661481382566));
#4223 = VECTOR('',#4224,1.);
#4224 = DIRECTION('',(0.640876854431,-0.767643704758,0.));
#4225 = ORIENTED_EDGE('',*,*,#4110,.F.);
#4226 = ORIENTED_EDGE('',*,*,#4227,.F.);
#4227 = EDGE_CURVE('',#4228,#4111,#4230,.T.);
#4228 = VERTEX_POINT('',#4229);
#4229 = CARTESIAN_POINT('',(18.902799906615,21.290985010159,
    9.661481382566));
#4230 = LINE('',#4231,#4232);
#4231 = CARTESIAN_POINT('',(19.384258613803,20.714292712538,
    9.661481382566));
#4232 = VECTOR('',#4233,1.);
#4233 = DIRECTION('',(0.640876854431,-0.767643704758,0.));
#4234 = ORIENTED_EDGE('',*,*,#4235,.T.);
#4235 = EDGE_CURVE('',#4228,#4219,#4236,.T.);
#4236 = LINE('',#4237,#4238);
#4237 = CARTESIAN_POINT('',(18.902799906615,21.290985010159,
    9.661481382566));
#4238 = VECTOR('',#4239,1.);
#4239 = DIRECTION('',(0.,0.,-1.));
#4240 = PLANE('',#4241);
#4241 = AXIS2_PLACEMENT_3D('',#4242,#4243,#4244);
#4242 = CARTESIAN_POINT('',(19.773802636101,20.247696026489,
    9.661481382566));
#4243 = DIRECTION('',(-0.767643704758,-0.640876854431,0.));
#4244 = DIRECTION('',(-0.640876854431,0.767643704758,0.));
#4245 = ADVANCED_FACE('',(#4246),#4264,.T.);
#4246 = FACE_BOUND('',#4247,.T.);
#4247 = EDGE_LOOP('',(#4248,#4256,#4262,#4263));
#4248 = ORIENTED_EDGE('',*,*,#4249,.T.);
#4249 = EDGE_CURVE('',#4146,#4250,#4252,.T.);
#4250 = VERTEX_POINT('',#4251);
#4251 = CARTESIAN_POINT('',(18.902799906615,21.290985010159,
    4.661481382566));
#4252 = LINE('',#4253,#4254);
#4253 = CARTESIAN_POINT('',(19.261485589519,20.861350510857,
    4.661481382566));
#4254 = VECTOR('',#4255,1.);
#4255 = DIRECTION('',(-0.640876854431,0.767643704758,0.));
#4256 = ORIENTED_EDGE('',*,*,#4257,.T.);
#4257 = EDGE_CURVE('',#4250,#3582,#4258,.T.);
#4258 = LINE('',#4259,#4260);
#4259 = CARTESIAN_POINT('',(18.902799906615,21.290985010159,
    9.661481382566));
#4260 = VECTOR('',#4261,1.);
#4261 = DIRECTION('',(0.,0.,-1.));
#4262 = ORIENTED_EDGE('',*,*,#3581,.T.);
#4263 = ORIENTED_EDGE('',*,*,#4145,.F.);
#4264 = PLANE('',#4265);
#4265 = AXIS2_PLACEMENT_3D('',#4266,#4267,#4268);
#4266 = CARTESIAN_POINT('',(19.773802636101,20.247696026489,
    9.661481382566));
#4267 = DIRECTION('',(-0.767643704758,-0.640876854431,0.));
#4268 = DIRECTION('',(-0.640876854431,0.767643704758,0.));
#4269 = ADVANCED_FACE('',(#4270),#4295,.T.);
#4270 = FACE_BOUND('',#4271,.T.);
#4271 = EDGE_LOOP('',(#4272,#4280,#4288,#4294));
#4272 = ORIENTED_EDGE('',*,*,#4273,.T.);
#4273 = EDGE_CURVE('',#4196,#4274,#4276,.T.);
#4274 = VERTEX_POINT('',#4275);
#4275 = CARTESIAN_POINT('',(16.062662481543,19.344709042938,
    7.661481382566));
#4276 = LINE('',#4277,#4278);
#4277 = CARTESIAN_POINT('',(16.047518346261,19.829341470367,
    7.661481382566));
#4278 = VECTOR('',#4279,1.);
#4279 = DIRECTION('',(-3.123345829232E-02,0.999512116526,0.));
#4280 = ORIENTED_EDGE('',*,*,#4281,.F.);
#4281 = EDGE_CURVE('',#4282,#4274,#4284,.T.);
#4282 = VERTEX_POINT('',#4283);
#4283 = CARTESIAN_POINT('',(16.062662481543,19.344709042938,
    9.661481382566));
#4284 = LINE('',#4285,#4286);
#4285 = CARTESIAN_POINT('',(16.062662481543,19.344709042938,
    9.661481382566));
#4286 = VECTOR('',#4287,1.);
#4287 = DIRECTION('',(0.,0.,-1.));
#4288 = ORIENTED_EDGE('',*,*,#4289,.F.);
#4289 = EDGE_CURVE('',#4187,#4282,#4290,.T.);
#4290 = LINE('',#4291,#4292);
#4291 = CARTESIAN_POINT('',(16.115052508457,17.668158652785,
    9.661481382566));
#4292 = VECTOR('',#4293,1.);
#4293 = DIRECTION('',(-3.123345829232E-02,0.999512116526,0.));
#4294 = ORIENTED_EDGE('',*,*,#4195,.T.);
#4295 = PLANE('',#4296);
#4296 = AXIS2_PLACEMENT_3D('',#4297,#4298,#4299);
#4297 = CARTESIAN_POINT('',(16.062662481543,19.344709042938,
    9.661481382566));
#4298 = DIRECTION('',(0.999512116526,3.123345829232E-02,0.));
#4299 = DIRECTION('',(3.123345829232E-02,-0.999512116526,0.));
#4300 = ADVANCED_FACE('',(#4301),#4328,.F.);
#4301 = FACE_BOUND('',#4302,.F.);
#4302 = EDGE_LOOP('',(#4303,#4313,#4320,#4321));
#4303 = ORIENTED_EDGE('',*,*,#4304,.F.);
#4304 = EDGE_CURVE('',#4305,#4307,#4309,.T.);
#4305 = VERTEX_POINT('',#4306);
#4306 = CARTESIAN_POINT('',(17.37024500374,21.294243901511,
    9.661481382566));
#4307 = VERTEX_POINT('',#4308);
#4308 = CARTESIAN_POINT('',(17.37024500374,21.294243901511,
    7.661481382566));
#4309 = LINE('',#4310,#4311);
#4310 = CARTESIAN_POINT('',(17.37024500374,21.294243901511,
    9.661481382566));
#4311 = VECTOR('',#4312,1.);
#4312 = DIRECTION('',(0.,0.,-1.));
#4313 = ORIENTED_EDGE('',*,*,#4314,.T.);
#4314 = EDGE_CURVE('',#4305,#4228,#4315,.T.);
#4315 = CIRCLE('',#4316,1.);
#4316 = AXIS2_PLACEMENT_3D('',#4317,#4318,#4319);
#4317 = CARTESIAN_POINT('',(18.135156201857,20.650108155728,
    9.661481382566));
#4318 = DIRECTION('',(0.,0.,-1.));
#4319 = DIRECTION('',(0.767643704758,0.640876854431,0.));
#4320 = ORIENTED_EDGE('',*,*,#4235,.T.);
#4321 = ORIENTED_EDGE('',*,*,#4322,.F.);
#4322 = EDGE_CURVE('',#4307,#4219,#4323,.T.);
#4323 = CIRCLE('',#4324,1.);
#4324 = AXIS2_PLACEMENT_3D('',#4325,#4326,#4327);
#4325 = CARTESIAN_POINT('',(18.135156201857,20.650108155728,
    7.661481382566));
#4326 = DIRECTION('',(0.,0.,-1.));
#4327 = DIRECTION('',(0.767643704758,0.640876854431,0.));
#4328 = CYLINDRICAL_SURFACE('',#4329,1.);
#4329 = AXIS2_PLACEMENT_3D('',#4330,#4331,#4332);
#4330 = CARTESIAN_POINT('',(18.135156201857,20.650108155728,
    9.661481382566));
#4331 = DIRECTION('',(0.,0.,-1.));
#4332 = DIRECTION('',(0.767643704758,0.640876854431,0.));
#4333 = ADVANCED_FACE('',(#4334),#4353,.F.);
#4334 = FACE_BOUND('',#4335,.F.);
#4335 = EDGE_LOOP('',(#4336,#4337,#4338,#4346));
#4336 = ORIENTED_EDGE('',*,*,#4257,.T.);
#4337 = ORIENTED_EDGE('',*,*,#3589,.F.);
#4338 = ORIENTED_EDGE('',*,*,#4339,.F.);
#4339 = EDGE_CURVE('',#4340,#3590,#4342,.T.);
#4340 = VERTEX_POINT('',#4341);
#4341 = CARTESIAN_POINT('',(17.37024500374,21.294243901511,
    4.661481382566));
#4342 = LINE('',#4343,#4344);
#4343 = CARTESIAN_POINT('',(17.37024500374,21.294243901511,
    9.661481382566));
#4344 = VECTOR('',#4345,1.);
#4345 = DIRECTION('',(0.,0.,-1.));
#4346 = ORIENTED_EDGE('',*,*,#4347,.F.);
#4347 = EDGE_CURVE('',#4250,#4340,#4348,.T.);
#4348 = CIRCLE('',#4349,1.);
#4349 = AXIS2_PLACEMENT_3D('',#4350,#4351,#4352);
#4350 = CARTESIAN_POINT('',(18.135156201857,20.650108155728,
    4.661481382566));
#4351 = DIRECTION('',(0.,0.,1.));
#4352 = DIRECTION('',(0.767643704758,0.640876854431,-0.));
#4353 = CYLINDRICAL_SURFACE('',#4354,1.);
#4354 = AXIS2_PLACEMENT_3D('',#4355,#4356,#4357);
#4355 = CARTESIAN_POINT('',(18.135156201857,20.650108155728,
    9.661481382566));
#4356 = DIRECTION('',(0.,0.,-1.));
#4357 = DIRECTION('',(0.767643704758,0.640876854431,0.));
#4358 = ADVANCED_FACE('',(#4359),#4386,.F.);
#4359 = FACE_BOUND('',#4360,.F.);
#4360 = EDGE_LOOP('',(#4361,#4362,#4371,#4379));
#4361 = ORIENTED_EDGE('',*,*,#4281,.F.);
#4362 = ORIENTED_EDGE('',*,*,#4363,.T.);
#4363 = EDGE_CURVE('',#4282,#4364,#4366,.T.);
#4364 = VERTEX_POINT('',#4365);
#4365 = CARTESIAN_POINT('',(16.297263399953,20.020078247013,
    9.661481382566));
#4366 = CIRCLE('',#4367,1.);
#4367 = AXIS2_PLACEMENT_3D('',#4368,#4369,#4370);
#4368 = CARTESIAN_POINT('',(17.06217459807,19.375942501231,
    9.661481382566));
#4369 = DIRECTION('',(0.,0.,-1.));
#4370 = DIRECTION('',(-0.764911198117,0.644135745783,0.));
#4371 = ORIENTED_EDGE('',*,*,#4372,.T.);
#4372 = EDGE_CURVE('',#4364,#4373,#4375,.T.);
#4373 = VERTEX_POINT('',#4374);
#4374 = CARTESIAN_POINT('',(16.297263399953,20.020078247013,
    7.661481382566));
#4375 = LINE('',#4376,#4377);
#4376 = CARTESIAN_POINT('',(16.297263399953,20.020078247013,
    9.661481382566));
#4377 = VECTOR('',#4378,1.);
#4378 = DIRECTION('',(0.,0.,-1.));
#4379 = ORIENTED_EDGE('',*,*,#4380,.F.);
#4380 = EDGE_CURVE('',#4274,#4373,#4381,.T.);
#4381 = CIRCLE('',#4382,1.);
#4382 = AXIS2_PLACEMENT_3D('',#4383,#4384,#4385);
#4383 = CARTESIAN_POINT('',(17.06217459807,19.375942501231,
    7.661481382566));
#4384 = DIRECTION('',(0.,0.,-1.));
#4385 = DIRECTION('',(-0.764911198117,0.644135745783,0.));
#4386 = CYLINDRICAL_SURFACE('',#4387,1.);
#4387 = AXIS2_PLACEMENT_3D('',#4388,#4389,#4390);
#4388 = CARTESIAN_POINT('',(17.06217459807,19.375942501231,
    9.661481382566));
#4389 = DIRECTION('',(0.,0.,-1.));
#4390 = DIRECTION('',(-0.764911198117,0.644135745783,0.));
#4391 = ADVANCED_FACE('',(#4392),#4408,.T.);
#4392 = FACE_BOUND('',#4393,.T.);
#4393 = EDGE_LOOP('',(#4394,#4400,#4401,#4407));
#4394 = ORIENTED_EDGE('',*,*,#4395,.T.);
#4395 = EDGE_CURVE('',#4373,#4307,#4396,.T.);
#4396 = LINE('',#4397,#4398);
#4397 = CARTESIAN_POINT('',(17.1476154303,21.029871283051,7.661481382566
    ));
#4398 = VECTOR('',#4399,1.);
#4399 = DIRECTION('',(0.644135745783,0.764911198117,0.));
#4400 = ORIENTED_EDGE('',*,*,#4304,.F.);
#4401 = ORIENTED_EDGE('',*,*,#4402,.F.);
#4402 = EDGE_CURVE('',#4364,#4305,#4403,.T.);
#4403 = LINE('',#4404,#4405);
#4404 = CARTESIAN_POINT('',(15.057006714149,18.547273432621,
    9.661481382566));
#4405 = VECTOR('',#4406,1.);
#4406 = DIRECTION('',(0.644135745783,0.764911198117,0.));
#4407 = ORIENTED_EDGE('',*,*,#4372,.T.);
#4408 = PLANE('',#4409);
#4409 = AXIS2_PLACEMENT_3D('',#4410,#4411,#4412);
#4410 = CARTESIAN_POINT('',(17.37024500374,21.294243901511,
    9.661481382566));
#4411 = DIRECTION('',(0.764911198117,-0.644135745783,0.));
#4412 = DIRECTION('',(-0.644135745783,-0.764911198117,0.));
#4413 = ADVANCED_FACE('',(#4414,#4516,#4528,#4531,#4534),#4581,.T.);
#4414 = FACE_BOUND('',#4415,.T.);
#4415 = EDGE_LOOP('',(#4416,#4424,#4432,#4441,#4449,#4458,#4466,#4475,
    #4483,#4491,#4500,#4506,#4507,#4508,#4509,#4510,#4511,#4512,#4513,
    #4514,#4515));
#4416 = ORIENTED_EDGE('',*,*,#4417,.F.);
#4417 = EDGE_CURVE('',#4418,#1364,#4420,.T.);
#4418 = VERTEX_POINT('',#4419);
#4419 = CARTESIAN_POINT('',(4.402923637308,23.447725355059,
    4.661481382566));
#4420 = LINE('',#4421,#4422);
#4421 = CARTESIAN_POINT('',(29.78346935894,34.315994692093,
    4.661481382566));
#4422 = VECTOR('',#4423,1.);
#4423 = DIRECTION('',(0.919264421021,0.393640602893,0.));
#4424 = ORIENTED_EDGE('',*,*,#4425,.T.);
#4425 = EDGE_CURVE('',#4418,#4426,#4428,.T.);
#4426 = VERTEX_POINT('',#4427);
#4427 = CARTESIAN_POINT('',(4.402923637308,18.512372523835,
    4.661481382566));
#4428 = LINE('',#4429,#4430);
#4429 = CARTESIAN_POINT('',(4.402923637308,70.818159928794,
    4.661481382566));
#4430 = VECTOR('',#4431,1.);
#4431 = DIRECTION('',(0.,-1.,0.));
#4432 = ORIENTED_EDGE('',*,*,#4433,.T.);
#4433 = EDGE_CURVE('',#4426,#4434,#4436,.T.);
#4434 = VERTEX_POINT('',#4435);
#4435 = CARTESIAN_POINT('',(6.402923637308,16.512372523835,
    4.661481382566));
#4436 = CIRCLE('',#4437,2.);
#4437 = AXIS2_PLACEMENT_3D('',#4438,#4439,#4440);
#4438 = CARTESIAN_POINT('',(6.402923637308,18.512372523835,
    4.661481382566));
#4439 = DIRECTION('',(0.,0.,1.));
#4440 = DIRECTION('',(-4.440892098501E-15,-1.,0.));
#4441 = ORIENTED_EDGE('',*,*,#4442,.T.);
#4442 = EDGE_CURVE('',#4434,#4443,#4445,.T.);
#4443 = VERTEX_POINT('',#4444);
#4444 = CARTESIAN_POINT('',(13.682641156423,16.512372523835,
    4.661481382566));
#4445 = LINE('',#4446,#4447);
#4446 = CARTESIAN_POINT('',(18.752312853988,16.512372523835,
    4.661481382566));
#4447 = VECTOR('',#4448,1.);
#4448 = DIRECTION('',(1.,0.,0.));
#4449 = ORIENTED_EDGE('',*,*,#4450,.T.);
#4450 = EDGE_CURVE('',#4443,#4451,#4453,.T.);
#4451 = VERTEX_POINT('',#4452);
#4452 = CARTESIAN_POINT('',(14.313568410772,16.445277363703,
    4.661481382566));
#4453 = CIRCLE('',#4454,3.000000000013);
#4454 = AXIS2_PLACEMENT_3D('',#4455,#4456,#4457);
#4455 = CARTESIAN_POINT('',(13.682641156422,13.512372523822,
    4.661481382566));
#4456 = DIRECTION('',(0.,0.,-1.));
#4457 = DIRECTION('',(0.210309084782,0.977634946623,0.));
#4458 = ORIENTED_EDGE('',*,*,#4459,.T.);
#4459 = EDGE_CURVE('',#4451,#4460,#4462,.T.);
#4460 = VERTEX_POINT('',#4461);
#4461 = CARTESIAN_POINT('',(18.199579582487,15.609317626581,
    4.661481382566));
#4462 = LINE('',#4463,#4464);
#4463 = CARTESIAN_POINT('',(9.833642647131,17.409000162792,
    4.661481382566));
#4464 = VECTOR('',#4465,1.);
#4465 = DIRECTION('',(0.977634946623,-0.210309084783,0.));
#4466 = ORIENTED_EDGE('',*,*,#4467,.T.);
#4467 = EDGE_CURVE('',#4460,#4468,#4470,.T.);
#4468 = VERTEX_POINT('',#4469);
#4469 = CARTESIAN_POINT('',(18.40988866727,15.586952573204,
    4.661481382566));
#4470 = CIRCLE('',#4471,1.000000000004);
#4471 = AXIS2_PLACEMENT_3D('',#4472,#4473,#4474);
#4472 = CARTESIAN_POINT('',(18.40988866727,16.586952573207,
    4.661481382566));
#4473 = DIRECTION('',(0.,0.,1.));
#4474 = DIRECTION('',(-1.926236947721E-13,-1.,0.));
#4475 = ORIENTED_EDGE('',*,*,#4476,.T.);
#4476 = EDGE_CURVE('',#4468,#4477,#4479,.T.);
#4477 = VERTEX_POINT('',#4478);
#4478 = CARTESIAN_POINT('',(19.469393633385,15.586952573204,
    4.661481382566));
#4479 = LINE('',#4480,#4481);
#4480 = CARTESIAN_POINT('',(21.645689092469,15.586952573204,
    4.661481382566));
#4481 = VECTOR('',#4482,1.);
#4482 = DIRECTION('',(1.,0.,0.));
#4483 = ORIENTED_EDGE('',*,*,#4484,.T.);
#4484 = EDGE_CURVE('',#4477,#4485,#4487,.T.);
#4485 = VERTEX_POINT('',#4486);
#4486 = CARTESIAN_POINT('',(21.89403154909,18.4319413569,4.661481382566)
  );
#4487 = LINE('',#4488,#4489);
#4488 = CARTESIAN_POINT('',(48.141639042594,49.230003382647,
    4.661481382566));
#4489 = VECTOR('',#4490,1.);
#4490 = DIRECTION('',(0.648641455408,0.761094121858,0.));
#4491 = ORIENTED_EDGE('',*,*,#4492,.T.);
#4492 = EDGE_CURVE('',#4485,#4493,#4495,.T.);
#4493 = VERTEX_POINT('',#4494);
#4494 = CARTESIAN_POINT('',(23.416219792806,19.134658446083,
    4.661481382566));
#4495 = CIRCLE('',#4496,2.000000000002);
#4496 = AXIS2_PLACEMENT_3D('',#4497,#4498,#4499);
#4497 = CARTESIAN_POINT('',(23.416219792805,17.134658446082,
    4.661481382566));
#4498 = DIRECTION('',(0.,0.,-1.));
#4499 = DIRECTION('',(7.754907826995E-13,1.,0.));
#4500 = ORIENTED_EDGE('',*,*,#4501,.T.);
#4501 = EDGE_CURVE('',#4493,#842,#4502,.T.);
#4502 = LINE('',#4503,#4504);
#4503 = CARTESIAN_POINT('',(24.024866930928,19.134658446083,
    4.661481382566));
#4504 = VECTOR('',#4505,1.);
#4505 = DIRECTION('',(1.,0.,0.));
#4506 = ORIENTED_EDGE('',*,*,#841,.F.);
#4507 = ORIENTED_EDGE('',*,*,#883,.F.);
#4508 = ORIENTED_EDGE('',*,*,#914,.F.);
#4509 = ORIENTED_EDGE('',*,*,#952,.F.);
#4510 = ORIENTED_EDGE('',*,*,#985,.F.);
#4511 = ORIENTED_EDGE('',*,*,#1016,.F.);
#4512 = ORIENTED_EDGE('',*,*,#1049,.F.);
#4513 = ORIENTED_EDGE('',*,*,#1078,.F.);
#4514 = ORIENTED_EDGE('',*,*,#1109,.F.);
#4515 = ORIENTED_EDGE('',*,*,#1363,.T.);
#4516 = FACE_BOUND('',#4517,.T.);
#4517 = EDGE_LOOP('',(#4518,#4519,#4520,#4521,#4522,#4523,#4524,#4525,
    #4526,#4527));
#4518 = ORIENTED_EDGE('',*,*,#3265,.T.);
#4519 = ORIENTED_EDGE('',*,*,#3395,.T.);
#4520 = ORIENTED_EDGE('',*,*,#3355,.T.);
#4521 = ORIENTED_EDGE('',*,*,#3340,.T.);
#4522 = ORIENTED_EDGE('',*,*,#3296,.T.);
#4523 = ORIENTED_EDGE('',*,*,#321,.T.);
#4524 = ORIENTED_EDGE('',*,*,#383,.T.);
#4525 = ORIENTED_EDGE('',*,*,#512,.T.);
#4526 = ORIENTED_EDGE('',*,*,#608,.T.);
#4527 = ORIENTED_EDGE('',*,*,#721,.T.);
#4528 = FACE_BOUND('',#4529,.T.);
#4529 = EDGE_LOOP('',(#4530));
#4530 = ORIENTED_EDGE('',*,*,#187,.F.);
#4531 = FACE_BOUND('',#4532,.T.);
#4532 = EDGE_LOOP('',(#4533));
#4533 = ORIENTED_EDGE('',*,*,#3859,.T.);
#4534 = FACE_BOUND('',#4535,.T.);
#4535 = EDGE_LOOP('',(#4536,#4544,#4545,#4546,#4547,#4548,#4549,#4557,
    #4566,#4574));
#4536 = ORIENTED_EDGE('',*,*,#4537,.F.);
#4537 = EDGE_CURVE('',#4340,#4538,#4540,.T.);
#4538 = VERTEX_POINT('',#4539);
#4539 = CARTESIAN_POINT('',(16.297263399953,20.020078247013,
    4.661481382566));
#4540 = LINE('',#4541,#4542);
#4541 = CARTESIAN_POINT('',(17.1476154303,21.029871283051,4.661481382566
    ));
#4542 = VECTOR('',#4543,1.);
#4543 = DIRECTION('',(-0.644135745783,-0.764911198117,0.));
#4544 = ORIENTED_EDGE('',*,*,#4347,.F.);
#4545 = ORIENTED_EDGE('',*,*,#4249,.F.);
#4546 = ORIENTED_EDGE('',*,*,#4153,.F.);
#4547 = ORIENTED_EDGE('',*,*,#4041,.F.);
#4548 = ORIENTED_EDGE('',*,*,#3979,.F.);
#4549 = ORIENTED_EDGE('',*,*,#4550,.F.);
#4550 = EDGE_CURVE('',#4551,#3953,#4553,.T.);
#4551 = VERTEX_POINT('',#4552);
#4552 = CARTESIAN_POINT('',(16.861061311088,17.688768817621,
    4.661481382566));
#4553 = LINE('',#4554,#4555);
#4554 = CARTESIAN_POINT('',(16.83137649326,17.695571588373,
    4.661481382566));
#4555 = VECTOR('',#4556,1.);
#4556 = DIRECTION('',(0.974732318528,-0.223376156329,0.));
#4557 = ORIENTED_EDGE('',*,*,#4558,.F.);
#4558 = EDGE_CURVE('',#4559,#4551,#4561,.T.);
#4559 = VERTEX_POINT('',#4560);
#4560 = CARTESIAN_POINT('',(16.084925350891,18.632267677857,
    4.661481382566));
#4561 = CIRCLE('',#4562,1.);
#4562 = AXIS2_PLACEMENT_3D('',#4563,#4564,#4565);
#4563 = CARTESIAN_POINT('',(17.084437467418,18.663501136149,
    4.661481382566));
#4564 = DIRECTION('',(0.,0.,1.));
#4565 = DIRECTION('',(-0.999512116526,-3.123345829234E-02,0.));
#4566 = ORIENTED_EDGE('',*,*,#4567,.F.);
#4567 = EDGE_CURVE('',#4568,#4559,#4570,.T.);
#4568 = VERTEX_POINT('',#4569);
#4569 = CARTESIAN_POINT('',(16.062662481543,19.344709042938,
    4.661481382566));
#4570 = LINE('',#4571,#4572);
#4571 = CARTESIAN_POINT('',(16.047518346261,19.829341470367,
    4.661481382566));
#4572 = VECTOR('',#4573,1.);
#4573 = DIRECTION('',(3.123345829232E-02,-0.999512116526,0.));
#4574 = ORIENTED_EDGE('',*,*,#4575,.F.);
#4575 = EDGE_CURVE('',#4538,#4568,#4576,.T.);
#4576 = CIRCLE('',#4577,1.);
#4577 = AXIS2_PLACEMENT_3D('',#4578,#4579,#4580);
#4578 = CARTESIAN_POINT('',(17.06217459807,19.375942501231,
    4.661481382566));
#4579 = DIRECTION('',(0.,0.,1.));
#4580 = DIRECTION('',(-0.764911198117,0.644135745783,0.));
#4581 = PLANE('',#4582);
#4582 = AXIS2_PLACEMENT_3D('',#4583,#4584,#4585);
#4583 = CARTESIAN_POINT('',(23.821984551554,123.12394733375,
    4.661481382566));
#4584 = DIRECTION('',(0.,0.,1.));
#4585 = DIRECTION('',(1.,0.,-0.));
#4586 = ADVANCED_FACE('',(#4587,#4699,#4711,#4714,#4717),#4729,.F.);
#4587 = FACE_BOUND('',#4588,.T.);
#4588 = EDGE_LOOP('',(#4589,#4597,#4606,#4614,#4623,#4631,#4640,#4648,
    #4657,#4665,#4674,#4682,#4688,#4689,#4690,#4691,#4692,#4693,#4694,
    #4695,#4696,#4697,#4698));
#4589 = ORIENTED_EDGE('',*,*,#4590,.F.);
#4590 = EDGE_CURVE('',#4591,#1340,#4593,.T.);
#4591 = VERTEX_POINT('',#4592);
#4592 = CARTESIAN_POINT('',(23.416219792806,18.134658446083,
    7.661481382566));
#4593 = LINE('',#4594,#4595);
#4594 = CARTESIAN_POINT('',(23.821984551568,18.134658446083,
    7.661481382566));
#4595 = VECTOR('',#4596,1.);
#4596 = DIRECTION('',(1.,0.,0.));
#4597 = ORIENTED_EDGE('',*,*,#4598,.T.);
#4598 = EDGE_CURVE('',#4591,#4599,#4601,.T.);
#4599 = VERTEX_POINT('',#4600);
#4600 = CARTESIAN_POINT('',(22.655125670947,17.783299901491,
    7.661481382566));
#4601 = CIRCLE('',#4602,1.000000000002);
#4602 = AXIS2_PLACEMENT_3D('',#4603,#4604,#4605);
#4603 = CARTESIAN_POINT('',(23.416219792805,17.134658446082,
    7.661481382566));
#4604 = DIRECTION('',(0.,0.,1.));
#4605 = DIRECTION('',(7.754907826995E-13,1.,-0.));
#4606 = ORIENTED_EDGE('',*,*,#4607,.T.);
#4607 = EDGE_CURVE('',#4599,#4608,#4610,.T.);
#4608 = VERTEX_POINT('',#4609);
#4609 = CARTESIAN_POINT('',(20.230487755242,14.938311117796,
    7.661481382566));
#4610 = LINE('',#4611,#4612);
#4611 = CARTESIAN_POINT('',(22.655125670947,17.783299901491,
    7.661481382566));
#4612 = VECTOR('',#4613,1.);
#4613 = DIRECTION('',(-0.648641455408,-0.761094121858,0.));
#4614 = ORIENTED_EDGE('',*,*,#4615,.T.);
#4615 = EDGE_CURVE('',#4608,#4616,#4618,.T.);
#4616 = VERTEX_POINT('',#4617);
#4617 = CARTESIAN_POINT('',(19.469393633383,14.586952573204,
    7.661481382566));
#4618 = CIRCLE('',#4619,1.000000000002);
#4619 = AXIS2_PLACEMENT_3D('',#4620,#4621,#4622);
#4620 = CARTESIAN_POINT('',(19.469393633384,15.586952573205,
    7.661481382566));
#4621 = DIRECTION('',(0.,0.,-1.));
#4622 = DIRECTION('',(0.761094121857,-0.648641455408,0.));
#4623 = ORIENTED_EDGE('',*,*,#4624,.T.);
#4624 = EDGE_CURVE('',#4616,#4625,#4627,.T.);
#4625 = VERTEX_POINT('',#4626);
#4626 = CARTESIAN_POINT('',(18.40988866727,14.586952573204,
    7.661481382566));
#4627 = LINE('',#4628,#4629);
#4628 = CARTESIAN_POINT('',(19.469393633383,14.586952573204,
    7.661481382566));
#4629 = VECTOR('',#4630,1.);
#4630 = DIRECTION('',(-1.,0.,0.));
#4631 = ORIENTED_EDGE('',*,*,#4632,.T.);
#4632 = EDGE_CURVE('',#4625,#4633,#4635,.T.);
#4633 = VERTEX_POINT('',#4634);
#4634 = CARTESIAN_POINT('',(17.989270497704,14.631682679959,
    7.661481382566));
#4635 = CIRCLE('',#4636,2.000000000004);
#4636 = AXIS2_PLACEMENT_3D('',#4637,#4638,#4639);
#4637 = CARTESIAN_POINT('',(18.40988866727,16.586952573207,
    7.661481382566));
#4638 = DIRECTION('',(0.,0.,-1.));
#4639 = DIRECTION('',(-1.926236947721E-13,-1.,-0.));
#4640 = ORIENTED_EDGE('',*,*,#4641,.T.);
#4641 = EDGE_CURVE('',#4633,#4642,#4644,.T.);
#4642 = VERTEX_POINT('',#4643);
#4643 = CARTESIAN_POINT('',(14.103259325989,15.46764241708,
    7.661481382566));
#4644 = LINE('',#4645,#4646);
#4645 = CARTESIAN_POINT('',(17.989270497704,14.631682679959,
    7.661481382566));
#4646 = VECTOR('',#4647,1.);
#4647 = DIRECTION('',(-0.977634946623,0.210309084783,0.));
#4648 = ORIENTED_EDGE('',*,*,#4649,.T.);
#4649 = EDGE_CURVE('',#4642,#4650,#4652,.T.);
#4650 = VERTEX_POINT('',#4651);
#4651 = CARTESIAN_POINT('',(13.682641156422,15.512372523835,
    7.661481382566));
#4652 = CIRCLE('',#4653,2.000000000013);
#4653 = AXIS2_PLACEMENT_3D('',#4654,#4655,#4656);
#4654 = CARTESIAN_POINT('',(13.682641156422,13.512372523822,
    7.661481382566));
#4655 = DIRECTION('',(0.,0.,1.));
#4656 = DIRECTION('',(0.210309084782,0.977634946623,-0.));
#4657 = ORIENTED_EDGE('',*,*,#4658,.T.);
#4658 = EDGE_CURVE('',#4650,#4659,#4661,.T.);
#4659 = VERTEX_POINT('',#4660);
#4660 = CARTESIAN_POINT('',(6.402923637308,15.512372523835,
    7.661481382566));
#4661 = LINE('',#4662,#4663);
#4662 = CARTESIAN_POINT('',(13.682641156422,15.512372523835,
    7.661481382566));
#4663 = VECTOR('',#4664,1.);
#4664 = DIRECTION('',(-1.,0.,0.));
#4665 = ORIENTED_EDGE('',*,*,#4666,.T.);
#4666 = EDGE_CURVE('',#4659,#4667,#4669,.T.);
#4667 = VERTEX_POINT('',#4668);
#4668 = CARTESIAN_POINT('',(3.402923637308,18.512372523835,
    7.661481382566));
#4669 = CIRCLE('',#4670,3.);
#4670 = AXIS2_PLACEMENT_3D('',#4671,#4672,#4673);
#4671 = CARTESIAN_POINT('',(6.402923637308,18.512372523835,
    7.661481382566));
#4672 = DIRECTION('',(0.,0.,-1.));
#4673 = DIRECTION('',(-4.440892098501E-15,-1.,-0.));
#4674 = ORIENTED_EDGE('',*,*,#4675,.T.);
#4675 = EDGE_CURVE('',#4667,#4676,#4678,.T.);
#4676 = VERTEX_POINT('',#4677);
#4677 = CARTESIAN_POINT('',(3.402923637308,23.019512760411,
    7.661481382566));
#4678 = LINE('',#4679,#4680);
#4679 = CARTESIAN_POINT('',(3.402923637308,18.512372523835,
    7.661481382566));
#4680 = VECTOR('',#4681,1.);
#4681 = DIRECTION('',(0.,1.,0.));
#4682 = ORIENTED_EDGE('',*,*,#4683,.F.);
#4683 = EDGE_CURVE('',#1374,#4676,#4684,.T.);
#4684 = LINE('',#4685,#4686);
#4685 = CARTESIAN_POINT('',(29.78346935894,34.315994692093,
    7.661481382566));
#4686 = VECTOR('',#4687,1.);
#4687 = DIRECTION('',(-0.919264421021,-0.393640602893,0.));
#4688 = ORIENTED_EDGE('',*,*,#1373,.T.);
#4689 = ORIENTED_EDGE('',*,*,#817,.F.);
#4690 = ORIENTED_EDGE('',*,*,#1143,.F.);
#4691 = ORIENTED_EDGE('',*,*,#1176,.F.);
#4692 = ORIENTED_EDGE('',*,*,#1200,.F.);
#4693 = ORIENTED_EDGE('',*,*,#1225,.F.);
#4694 = ORIENTED_EDGE('',*,*,#1241,.F.);
#4695 = ORIENTED_EDGE('',*,*,#1274,.F.);
#4696 = ORIENTED_EDGE('',*,*,#1290,.F.);
#4697 = ORIENTED_EDGE('',*,*,#1323,.F.);
#4698 = ORIENTED_EDGE('',*,*,#1347,.F.);
#4699 = FACE_BOUND('',#4700,.T.);
#4700 = EDGE_LOOP('',(#4701,#4702,#4703,#4704,#4705,#4706,#4707,#4708,
    #4709,#4710));
#4701 = ORIENTED_EDGE('',*,*,#769,.T.);
#4702 = ORIENTED_EDGE('',*,*,#688,.T.);
#4703 = ORIENTED_EDGE('',*,*,#577,.T.);
#4704 = ORIENTED_EDGE('',*,*,#479,.T.);
#4705 = ORIENTED_EDGE('',*,*,#336,.T.);
#4706 = ORIENTED_EDGE('',*,*,#279,.T.);
#4707 = ORIENTED_EDGE('',*,*,#430,.T.);
#4708 = ORIENTED_EDGE('',*,*,#562,.T.);
#4709 = ORIENTED_EDGE('',*,*,#639,.T.);
#4710 = ORIENTED_EDGE('',*,*,#754,.T.);
#4711 = FACE_BOUND('',#4712,.T.);
#4712 = EDGE_LOOP('',(#4713));
#4713 = ORIENTED_EDGE('',*,*,#164,.F.);
#4714 = FACE_BOUND('',#4715,.T.);
#4715 = EDGE_LOOP('',(#4716));
#4716 = ORIENTED_EDGE('',*,*,#3836,.T.);
#4717 = FACE_BOUND('',#4718,.T.);
#4718 = EDGE_LOOP('',(#4719,#4720,#4721,#4722,#4723,#4724,#4725,#4726,
    #4727,#4728));
#4719 = ORIENTED_EDGE('',*,*,#4395,.F.);
#4720 = ORIENTED_EDGE('',*,*,#4380,.F.);
#4721 = ORIENTED_EDGE('',*,*,#4273,.F.);
#4722 = ORIENTED_EDGE('',*,*,#4203,.F.);
#4723 = ORIENTED_EDGE('',*,*,#4079,.F.);
#4724 = ORIENTED_EDGE('',*,*,#3937,.F.);
#4725 = ORIENTED_EDGE('',*,*,#3994,.F.);
#4726 = ORIENTED_EDGE('',*,*,#4128,.F.);
#4727 = ORIENTED_EDGE('',*,*,#4218,.F.);
#4728 = ORIENTED_EDGE('',*,*,#4322,.F.);
#4729 = PLANE('',#4730);
#4730 = AXIS2_PLACEMENT_3D('',#4731,#4732,#4733);
#4731 = CARTESIAN_POINT('',(23.821984551554,123.12394733375,
    7.661481382566));
#4732 = DIRECTION('',(0.,0.,1.));
#4733 = DIRECTION('',(1.,0.,-0.));
#4734 = ADVANCED_FACE('',(#4735),#4760,.F.);
#4735 = FACE_BOUND('',#4736,.T.);
#4736 = EDGE_LOOP('',(#4737,#4745,#4746,#4754));
#4737 = ORIENTED_EDGE('',*,*,#4738,.F.);
#4738 = EDGE_CURVE('',#4676,#4739,#4741,.T.);
#4739 = VERTEX_POINT('',#4740);
#4740 = CARTESIAN_POINT('',(3.402923637308,23.019512760411,
    5.661481382566));
#4741 = LINE('',#4742,#4743);
#4742 = CARTESIAN_POINT('',(3.402923637308,23.019512760411,
    8.661481382566));
#4743 = VECTOR('',#4744,1.);
#4744 = DIRECTION('',(0.,0.,-1.));
#4745 = ORIENTED_EDGE('',*,*,#4675,.F.);
#4746 = ORIENTED_EDGE('',*,*,#4747,.T.);
#4747 = EDGE_CURVE('',#4667,#4748,#4750,.T.);
#4748 = VERTEX_POINT('',#4749);
#4749 = CARTESIAN_POINT('',(3.402923637308,18.512372523835,
    5.661481382566));
#4750 = LINE('',#4751,#4752);
#4751 = CARTESIAN_POINT('',(3.402923637308,18.512372523835,
    7.661481382566));
#4752 = VECTOR('',#4753,1.);
#4753 = DIRECTION('',(0.,0.,-1.));
#4754 = ORIENTED_EDGE('',*,*,#4755,.T.);
#4755 = EDGE_CURVE('',#4748,#4739,#4756,.T.);
#4756 = LINE('',#4757,#4758);
#4757 = CARTESIAN_POINT('',(3.402923637308,70.818159928794,
    5.661481382566));
#4758 = VECTOR('',#4759,1.);
#4759 = DIRECTION('',(0.,1.,0.));
#4760 = PLANE('',#4761);
#4761 = AXIS2_PLACEMENT_3D('',#4762,#4763,#4764);
#4762 = CARTESIAN_POINT('',(3.402923637308,18.512372523835,
    7.661481382566));
#4763 = DIRECTION('',(-1.,0.,0.));
#4764 = DIRECTION('',(0.,1.,0.));
#4765 = ADVANCED_FACE('',(#4766),#4784,.F.);
#4766 = FACE_BOUND('',#4767,.T.);
#4767 = EDGE_LOOP('',(#4768,#4769,#4777,#4783));
#4768 = ORIENTED_EDGE('',*,*,#4501,.F.);
#4769 = ORIENTED_EDGE('',*,*,#4770,.F.);
#4770 = EDGE_CURVE('',#4771,#4493,#4773,.T.);
#4771 = VERTEX_POINT('',#4772);
#4772 = CARTESIAN_POINT('',(23.416219792806,18.134658446083,
    5.661481382566));
#4773 = LINE('',#4774,#4775);
#4774 = CARTESIAN_POINT('',(23.416219792806,18.134658446083,
    5.661481382566));
#4775 = VECTOR('',#4776,1.);
#4776 = DIRECTION('',(0.,0.707106781187,-0.707106781187));
#4777 = ORIENTED_EDGE('',*,*,#4778,.T.);
#4778 = EDGE_CURVE('',#4771,#851,#4779,.T.);
#4779 = LINE('',#4780,#4781);
#4780 = CARTESIAN_POINT('',(23.61910217218,18.134658446083,
    5.661481382566));
#4781 = VECTOR('',#4782,1.);
#4782 = DIRECTION('',(1.,0.,0.));
#4783 = ORIENTED_EDGE('',*,*,#850,.T.);
#4784 = PLANE('',#4785);
#4785 = AXIS2_PLACEMENT_3D('',#4786,#4787,#4788);
#4786 = CARTESIAN_POINT('',(24.024866930928,18.634658446083,
    5.161481382566));
#4787 = DIRECTION('',(0.,-0.707106781187,-0.707106781187));
#4788 = DIRECTION('',(-1.,-0.,0.));
#4789 = ADVANCED_FACE('',(#4790),#4809,.T.);
#4790 = FACE_BOUND('',#4791,.T.);
#4791 = EDGE_LOOP('',(#4792,#4800,#4807,#4808));
#4792 = ORIENTED_EDGE('',*,*,#4793,.F.);
#4793 = EDGE_CURVE('',#4794,#4485,#4796,.T.);
#4794 = VERTEX_POINT('',#4795);
#4795 = CARTESIAN_POINT('',(22.655125670947,17.783299901491,
    5.661481382566));
#4796 = LINE('',#4797,#4798);
#4797 = CARTESIAN_POINT('',(22.655125670947,17.783299901491,
    5.661481382566));
#4798 = VECTOR('',#4799,1.);
#4799 = DIRECTION('',(-0.538174814686,0.458658771678,-0.707106781187));
#4800 = ORIENTED_EDGE('',*,*,#4801,.F.);
#4801 = EDGE_CURVE('',#4771,#4794,#4802,.T.);
#4802 = CIRCLE('',#4803,1.000000000002);
#4803 = AXIS2_PLACEMENT_3D('',#4804,#4805,#4806);
#4804 = CARTESIAN_POINT('',(23.416219792805,17.134658446082,
    5.661481382566));
#4805 = DIRECTION('',(0.,0.,1.));
#4806 = DIRECTION('',(7.754907826995E-13,1.,-0.));
#4807 = ORIENTED_EDGE('',*,*,#4770,.T.);
#4808 = ORIENTED_EDGE('',*,*,#4492,.F.);
#4809 = CONICAL_SURFACE('',#4810,1.500000000002,0.785398163397);
#4810 = AXIS2_PLACEMENT_3D('',#4811,#4812,#4813);
#4811 = CARTESIAN_POINT('',(23.416219792805,17.134658446082,
    5.161481382566));
#4812 = DIRECTION('',(0.,0.,-1.));
#4813 = DIRECTION('',(7.754907826995E-13,1.,0.));
#4814 = ADVANCED_FACE('',(#4815),#4833,.F.);
#4815 = FACE_BOUND('',#4816,.T.);
#4816 = EDGE_LOOP('',(#4817,#4825,#4831,#4832));
#4817 = ORIENTED_EDGE('',*,*,#4818,.F.);
#4818 = EDGE_CURVE('',#4819,#4477,#4821,.T.);
#4819 = VERTEX_POINT('',#4820);
#4820 = CARTESIAN_POINT('',(20.230487755242,14.938311117796,
    5.661481382566));
#4821 = LINE('',#4822,#4823);
#4822 = CARTESIAN_POINT('',(20.230487755242,14.938311117796,
    5.661481382566));
#4823 = VECTOR('',#4824,1.);
#4824 = DIRECTION('',(-0.538174814687,0.458658771678,-0.707106781187));
#4825 = ORIENTED_EDGE('',*,*,#4826,.F.);
#4826 = EDGE_CURVE('',#4794,#4819,#4827,.T.);
#4827 = LINE('',#4828,#4829);
#4828 = CARTESIAN_POINT('',(48.902733164451,48.581361927239,
    5.661481382566));
#4829 = VECTOR('',#4830,1.);
#4830 = DIRECTION('',(-0.648641455408,-0.761094121858,0.));
#4831 = ORIENTED_EDGE('',*,*,#4793,.T.);
#4832 = ORIENTED_EDGE('',*,*,#4484,.F.);
#4833 = PLANE('',#4834);
#4834 = AXIS2_PLACEMENT_3D('',#4835,#4836,#4837);
#4835 = CARTESIAN_POINT('',(48.522186103522,48.905682654943,
    5.161481382566));
#4836 = DIRECTION('',(0.538174814687,-0.458658771678,-0.707106781187));
#4837 = DIRECTION('',(-0.795742577202,3.053113317719E-16,-0.60563499802)
  );
#4838 = ADVANCED_FACE('',(#4839),#4864,.F.);
#4839 = FACE_BOUND('',#4840,.T.);
#4840 = EDGE_LOOP('',(#4841,#4849,#4857,#4863));
#4841 = ORIENTED_EDGE('',*,*,#4842,.F.);
#4842 = EDGE_CURVE('',#4843,#4468,#4845,.T.);
#4843 = VERTEX_POINT('',#4844);
#4844 = CARTESIAN_POINT('',(18.40988866727,14.586952573204,
    5.661481382566));
#4845 = LINE('',#4846,#4847);
#4846 = CARTESIAN_POINT('',(18.40988866727,14.586952573204,
    5.661481382566));
#4847 = VECTOR('',#4848,1.);
#4848 = DIRECTION('',(0.,0.707106781187,-0.707106781187));
#4849 = ORIENTED_EDGE('',*,*,#4850,.F.);
#4850 = EDGE_CURVE('',#4851,#4843,#4853,.T.);
#4851 = VERTEX_POINT('',#4852);
#4852 = CARTESIAN_POINT('',(19.469393633383,14.586952573204,
    5.661481382566));
#4853 = LINE('',#4854,#4855);
#4854 = CARTESIAN_POINT('',(21.645689092469,14.586952573204,
    5.661481382566));
#4855 = VECTOR('',#4856,1.);
#4856 = DIRECTION('',(-1.,0.,0.));
#4857 = ORIENTED_EDGE('',*,*,#4858,.F.);
#4858 = EDGE_CURVE('',#4477,#4851,#4859,.T.);
#4859 = LINE('',#4860,#4861);
#4860 = CARTESIAN_POINT('',(19.469393633383,15.586952573204,
    4.661481382566));
#4861 = VECTOR('',#4862,1.);
#4862 = DIRECTION('',(0.,-0.707106781187,0.707106781187));
#4863 = ORIENTED_EDGE('',*,*,#4476,.F.);
#4864 = PLANE('',#4865);
#4865 = AXIS2_PLACEMENT_3D('',#4866,#4867,#4868);
#4866 = CARTESIAN_POINT('',(21.645689092469,15.086952573204,
    5.161481382566));
#4867 = DIRECTION('',(0.,-0.707106781187,-0.707106781187));
#4868 = DIRECTION('',(-1.,-0.,0.));
#4869 = ADVANCED_FACE('',(#4870),#4889,.F.);
#4870 = FACE_BOUND('',#4871,.F.);
#4871 = EDGE_LOOP('',(#4872,#4873,#4874,#4883));
#4872 = ORIENTED_EDGE('',*,*,#4467,.T.);
#4873 = ORIENTED_EDGE('',*,*,#4842,.F.);
#4874 = ORIENTED_EDGE('',*,*,#4875,.T.);
#4875 = EDGE_CURVE('',#4843,#4876,#4878,.T.);
#4876 = VERTEX_POINT('',#4877);
#4877 = CARTESIAN_POINT('',(17.989270497704,14.631682679959,
    5.661481382566));
#4878 = CIRCLE('',#4879,2.000000000004);
#4879 = AXIS2_PLACEMENT_3D('',#4880,#4881,#4882);
#4880 = CARTESIAN_POINT('',(18.40988866727,16.586952573207,
    5.661481382566));
#4881 = DIRECTION('',(0.,0.,-1.));
#4882 = DIRECTION('',(-1.926236947721E-13,-1.,-0.));
#4883 = ORIENTED_EDGE('',*,*,#4884,.T.);
#4884 = EDGE_CURVE('',#4876,#4460,#4885,.T.);
#4885 = LINE('',#4886,#4887);
#4886 = CARTESIAN_POINT('',(17.989270497704,14.631682679959,
    5.661481382566));
#4887 = VECTOR('',#4888,1.);
#4888 = DIRECTION('',(0.148710979995,0.691292300282,-0.707106781187));
#4889 = CONICAL_SURFACE('',#4890,1.500000000004,0.785398163397);
#4890 = AXIS2_PLACEMENT_3D('',#4891,#4892,#4893);
#4891 = CARTESIAN_POINT('',(18.40988866727,16.586952573207,
    5.161481382566));
#4892 = DIRECTION('',(0.,0.,1.));
#4893 = DIRECTION('',(-1.926236947721E-13,-1.,0.));
#4894 = ADVANCED_FACE('',(#4895),#4913,.F.);
#4895 = FACE_BOUND('',#4896,.T.);
#4896 = EDGE_LOOP('',(#4897,#4905,#4911,#4912));
#4897 = ORIENTED_EDGE('',*,*,#4898,.F.);
#4898 = EDGE_CURVE('',#4899,#4451,#4901,.T.);
#4899 = VERTEX_POINT('',#4900);
#4900 = CARTESIAN_POINT('',(14.103259325989,15.46764241708,
    5.661481382566));
#4901 = LINE('',#4902,#4903);
#4902 = CARTESIAN_POINT('',(14.103259325989,15.46764241708,
    5.661481382566));
#4903 = VECTOR('',#4904,1.);
#4904 = DIRECTION('',(0.148710979995,0.691292300282,-0.707106781187));
#4905 = ORIENTED_EDGE('',*,*,#4906,.F.);
#4906 = EDGE_CURVE('',#4876,#4899,#4907,.T.);
#4907 = LINE('',#4908,#4909);
#4908 = CARTESIAN_POINT('',(9.623333562348,16.43136521617,5.661481382566
    ));
#4909 = VECTOR('',#4910,1.);
#4910 = DIRECTION('',(-0.977634946623,0.210309084783,0.));
#4911 = ORIENTED_EDGE('',*,*,#4884,.T.);
#4912 = ORIENTED_EDGE('',*,*,#4459,.F.);
#4913 = PLANE('',#4914);
#4914 = AXIS2_PLACEMENT_3D('',#4915,#4916,#4917);
#4915 = CARTESIAN_POINT('',(9.72848810474,16.920182689481,5.161481382566
    ));
#4916 = DIRECTION('',(-0.148710979995,-0.691292300282,-0.707106781187));
#4917 = DIRECTION('',(-0.978592618271,1.387778780781E-16,0.205806917924)
  );
#4918 = ADVANCED_FACE('',(#4919),#4938,.T.);
#4919 = FACE_BOUND('',#4920,.T.);
#4920 = EDGE_LOOP('',(#4921,#4929,#4936,#4937));
#4921 = ORIENTED_EDGE('',*,*,#4922,.F.);
#4922 = EDGE_CURVE('',#4923,#4443,#4925,.T.);
#4923 = VERTEX_POINT('',#4924);
#4924 = CARTESIAN_POINT('',(13.682641156422,15.512372523835,
    5.661481382566));
#4925 = LINE('',#4926,#4927);
#4926 = CARTESIAN_POINT('',(13.682641156422,15.512372523835,
    5.661481382566));
#4927 = VECTOR('',#4928,1.);
#4928 = DIRECTION('',(1.413083212815E-13,0.707106781187,-0.707106781187)
  );
#4929 = ORIENTED_EDGE('',*,*,#4930,.F.);
#4930 = EDGE_CURVE('',#4899,#4923,#4931,.T.);
#4931 = CIRCLE('',#4932,2.000000000013);
#4932 = AXIS2_PLACEMENT_3D('',#4933,#4934,#4935);
#4933 = CARTESIAN_POINT('',(13.682641156422,13.512372523822,
    5.661481382566));
#4934 = DIRECTION('',(0.,0.,1.));
#4935 = DIRECTION('',(0.210309084782,0.977634946623,-0.));
#4936 = ORIENTED_EDGE('',*,*,#4898,.T.);
#4937 = ORIENTED_EDGE('',*,*,#4450,.F.);
#4938 = CONICAL_SURFACE('',#4939,2.500000000013,0.785398163397);
#4939 = AXIS2_PLACEMENT_3D('',#4940,#4941,#4942);
#4940 = CARTESIAN_POINT('',(13.682641156422,13.512372523822,
    5.161481382566));
#4941 = DIRECTION('',(0.,0.,-1.));
#4942 = DIRECTION('',(0.210309084782,0.977634946623,0.));
#4943 = ADVANCED_FACE('',(#4944),#4962,.F.);
#4944 = FACE_BOUND('',#4945,.T.);
#4945 = EDGE_LOOP('',(#4946,#4954,#4960,#4961));
#4946 = ORIENTED_EDGE('',*,*,#4947,.F.);
#4947 = EDGE_CURVE('',#4948,#4434,#4950,.T.);
#4948 = VERTEX_POINT('',#4949);
#4949 = CARTESIAN_POINT('',(6.402923637308,15.512372523835,
    5.661481382566));
#4950 = LINE('',#4951,#4952);
#4951 = CARTESIAN_POINT('',(6.402923637308,15.512372523835,
    5.661481382566));
#4952 = VECTOR('',#4953,1.);
#4953 = DIRECTION('',(0.,0.707106781187,-0.707106781187));
#4954 = ORIENTED_EDGE('',*,*,#4955,.F.);
#4955 = EDGE_CURVE('',#4923,#4948,#4956,.T.);
#4956 = LINE('',#4957,#4958);
#4957 = CARTESIAN_POINT('',(18.752312853988,15.512372523835,
    5.661481382566));
#4958 = VECTOR('',#4959,1.);
#4959 = DIRECTION('',(-1.,0.,0.));
#4960 = ORIENTED_EDGE('',*,*,#4922,.T.);
#4961 = ORIENTED_EDGE('',*,*,#4442,.F.);
#4962 = PLANE('',#4963);
#4963 = AXIS2_PLACEMENT_3D('',#4964,#4965,#4966);
#4964 = CARTESIAN_POINT('',(18.752312853988,16.012372523835,
    5.161481382566));
#4965 = DIRECTION('',(0.,-0.707106781187,-0.707106781187));
#4966 = DIRECTION('',(-1.,-0.,0.));
#4967 = ADVANCED_FACE('',(#4968),#4985,.F.);
#4968 = FACE_BOUND('',#4969,.F.);
#4969 = EDGE_LOOP('',(#4970,#4971,#4972,#4979));
#4970 = ORIENTED_EDGE('',*,*,#4433,.T.);
#4971 = ORIENTED_EDGE('',*,*,#4947,.F.);
#4972 = ORIENTED_EDGE('',*,*,#4973,.T.);
#4973 = EDGE_CURVE('',#4948,#4748,#4974,.T.);
#4974 = CIRCLE('',#4975,3.);
#4975 = AXIS2_PLACEMENT_3D('',#4976,#4977,#4978);
#4976 = CARTESIAN_POINT('',(6.402923637308,18.512372523835,
    5.661481382566));
#4977 = DIRECTION('',(0.,0.,-1.));
#4978 = DIRECTION('',(-4.440892098501E-15,-1.,-0.));
#4979 = ORIENTED_EDGE('',*,*,#4980,.T.);
#4980 = EDGE_CURVE('',#4748,#4426,#4981,.T.);
#4981 = LINE('',#4982,#4983);
#4982 = CARTESIAN_POINT('',(3.402923637308,18.512372523835,
    5.661481382566));
#4983 = VECTOR('',#4984,1.);
#4984 = DIRECTION('',(0.707106781187,0.,-0.707106781187));
#4985 = CONICAL_SURFACE('',#4986,2.5,0.785398163397);
#4986 = AXIS2_PLACEMENT_3D('',#4987,#4988,#4989);
#4987 = CARTESIAN_POINT('',(6.402923637308,18.512372523835,
    5.161481382566));
#4988 = DIRECTION('',(0.,0.,1.));
#4989 = DIRECTION('',(-4.440892098501E-15,-1.,0.));
#4990 = ADVANCED_FACE('',(#4991),#5002,.F.);
#4991 = FACE_BOUND('',#4992,.T.);
#4992 = EDGE_LOOP('',(#4993,#4999,#5000,#5001));
#4993 = ORIENTED_EDGE('',*,*,#4994,.F.);
#4994 = EDGE_CURVE('',#4739,#4418,#4995,.T.);
#4995 = LINE('',#4996,#4997);
#4996 = CARTESIAN_POINT('',(7.208658696485,24.649176444643,
    1.855746323389));
#4997 = VECTOR('',#4998,1.);
#4998 = DIRECTION('',(0.67676318534,0.289798519556,-0.67676318534));
#4999 = ORIENTED_EDGE('',*,*,#4755,.F.);
#5000 = ORIENTED_EDGE('',*,*,#4980,.T.);
#5001 = ORIENTED_EDGE('',*,*,#4425,.F.);
#5002 = PLANE('',#5003);
#5003 = AXIS2_PLACEMENT_3D('',#5004,#5005,#5006);
#5004 = CARTESIAN_POINT('',(3.902923637308,70.818159928794,
    5.161481382566));
#5005 = DIRECTION('',(-0.707106781187,0.,-0.707106781187));
#5006 = DIRECTION('',(-0.707106781187,0.,0.707106781187));
#5007 = ADVANCED_FACE('',(#5008),#5019,.F.);
#5008 = FACE_BOUND('',#5009,.F.);
#5009 = EDGE_LOOP('',(#5010,#5011,#5018));
#5010 = ORIENTED_EDGE('',*,*,#4818,.F.);
#5011 = ORIENTED_EDGE('',*,*,#5012,.T.);
#5012 = EDGE_CURVE('',#4819,#4851,#5013,.T.);
#5013 = CIRCLE('',#5014,1.000000000002);
#5014 = AXIS2_PLACEMENT_3D('',#5015,#5016,#5017);
#5015 = CARTESIAN_POINT('',(19.469393633384,15.586952573205,
    5.661481382566));
#5016 = DIRECTION('',(0.,0.,-1.));
#5017 = DIRECTION('',(0.761094121857,-0.648641455408,0.));
#5018 = ORIENTED_EDGE('',*,*,#4858,.F.);
#5019 = CONICAL_SURFACE('',#5020,1.000000000002,0.785398163398);
#5020 = AXIS2_PLACEMENT_3D('',#5021,#5022,#5023);
#5021 = CARTESIAN_POINT('',(19.469393633384,15.586952573205,
    5.661481382566));
#5022 = DIRECTION('',(0.,0.,1.));
#5023 = DIRECTION('',(0.761094121857,-0.648641455408,0.));
#5024 = ADVANCED_FACE('',(#5025),#5036,.F.);
#5025 = FACE_BOUND('',#5026,.F.);
#5026 = EDGE_LOOP('',(#5027,#5033,#5034,#5035));
#5027 = ORIENTED_EDGE('',*,*,#5028,.F.);
#5028 = EDGE_CURVE('',#4659,#4948,#5029,.T.);
#5029 = LINE('',#5030,#5031);
#5030 = CARTESIAN_POINT('',(6.402923637308,15.512372523835,
    7.661481382566));
#5031 = VECTOR('',#5032,1.);
#5032 = DIRECTION('',(0.,0.,-1.));
#5033 = ORIENTED_EDGE('',*,*,#4666,.T.);
#5034 = ORIENTED_EDGE('',*,*,#4747,.T.);
#5035 = ORIENTED_EDGE('',*,*,#4973,.F.);
#5036 = CYLINDRICAL_SURFACE('',#5037,3.);
#5037 = AXIS2_PLACEMENT_3D('',#5038,#5039,#5040);
#5038 = CARTESIAN_POINT('',(6.402923637308,18.512372523835,
    7.661481382566));
#5039 = DIRECTION('',(0.,0.,-1.));
#5040 = DIRECTION('',(-4.440892098501E-15,-1.,-0.));
#5041 = ADVANCED_FACE('',(#5042),#5053,.F.);
#5042 = FACE_BOUND('',#5043,.T.);
#5043 = EDGE_LOOP('',(#5044,#5045,#5046,#5047));
#5044 = ORIENTED_EDGE('',*,*,#4955,.T.);
#5045 = ORIENTED_EDGE('',*,*,#5028,.F.);
#5046 = ORIENTED_EDGE('',*,*,#4658,.F.);
#5047 = ORIENTED_EDGE('',*,*,#5048,.T.);
#5048 = EDGE_CURVE('',#4650,#4923,#5049,.T.);
#5049 = LINE('',#5050,#5051);
#5050 = CARTESIAN_POINT('',(13.682641156422,15.512372523835,
    7.661481382566));
#5051 = VECTOR('',#5052,1.);
#5052 = DIRECTION('',(0.,0.,-1.));
#5053 = PLANE('',#5054);
#5054 = AXIS2_PLACEMENT_3D('',#5055,#5056,#5057);
#5055 = CARTESIAN_POINT('',(13.682641156422,15.512372523835,
    7.661481382566));
#5056 = DIRECTION('',(0.,-1.,0.));
#5057 = DIRECTION('',(-1.,0.,0.));
#5058 = ADVANCED_FACE('',(#5059),#5070,.T.);
#5059 = FACE_BOUND('',#5060,.T.);
#5060 = EDGE_LOOP('',(#5061,#5062,#5063,#5064));
#5061 = ORIENTED_EDGE('',*,*,#4930,.T.);
#5062 = ORIENTED_EDGE('',*,*,#5048,.F.);
#5063 = ORIENTED_EDGE('',*,*,#4649,.F.);
#5064 = ORIENTED_EDGE('',*,*,#5065,.T.);
#5065 = EDGE_CURVE('',#4642,#4899,#5066,.T.);
#5066 = LINE('',#5067,#5068);
#5067 = CARTESIAN_POINT('',(14.103259325989,15.46764241708,
    7.661481382566));
#5068 = VECTOR('',#5069,1.);
#5069 = DIRECTION('',(0.,0.,-1.));
#5070 = CYLINDRICAL_SURFACE('',#5071,2.000000000013);
#5071 = AXIS2_PLACEMENT_3D('',#5072,#5073,#5074);
#5072 = CARTESIAN_POINT('',(13.682641156422,13.512372523822,
    7.661481382566));
#5073 = DIRECTION('',(0.,0.,-1.));
#5074 = DIRECTION('',(0.210309084782,0.977634946623,0.));
#5075 = ADVANCED_FACE('',(#5076),#5087,.F.);
#5076 = FACE_BOUND('',#5077,.T.);
#5077 = EDGE_LOOP('',(#5078,#5079,#5080,#5081));
#5078 = ORIENTED_EDGE('',*,*,#4906,.T.);
#5079 = ORIENTED_EDGE('',*,*,#5065,.F.);
#5080 = ORIENTED_EDGE('',*,*,#4641,.F.);
#5081 = ORIENTED_EDGE('',*,*,#5082,.T.);
#5082 = EDGE_CURVE('',#4633,#4876,#5083,.T.);
#5083 = LINE('',#5084,#5085);
#5084 = CARTESIAN_POINT('',(17.989270497704,14.631682679959,
    7.661481382566));
#5085 = VECTOR('',#5086,1.);
#5086 = DIRECTION('',(0.,0.,-1.));
#5087 = PLANE('',#5088);
#5088 = AXIS2_PLACEMENT_3D('',#5089,#5090,#5091);
#5089 = CARTESIAN_POINT('',(17.989270497704,14.631682679959,
    7.661481382566));
#5090 = DIRECTION('',(-0.210309084783,-0.977634946623,0.));
#5091 = DIRECTION('',(-0.977634946623,0.210309084783,0.));
#5092 = ADVANCED_FACE('',(#5093),#5104,.F.);
#5093 = FACE_BOUND('',#5094,.F.);
#5094 = EDGE_LOOP('',(#5095,#5101,#5102,#5103));
#5095 = ORIENTED_EDGE('',*,*,#5096,.F.);
#5096 = EDGE_CURVE('',#4625,#4843,#5097,.T.);
#5097 = LINE('',#5098,#5099);
#5098 = CARTESIAN_POINT('',(18.40988866727,14.586952573204,
    7.661481382566));
#5099 = VECTOR('',#5100,1.);
#5100 = DIRECTION('',(0.,0.,-1.));
#5101 = ORIENTED_EDGE('',*,*,#4632,.T.);
#5102 = ORIENTED_EDGE('',*,*,#5082,.T.);
#5103 = ORIENTED_EDGE('',*,*,#4875,.F.);
#5104 = CYLINDRICAL_SURFACE('',#5105,2.000000000004);
#5105 = AXIS2_PLACEMENT_3D('',#5106,#5107,#5108);
#5106 = CARTESIAN_POINT('',(18.40988866727,16.586952573207,
    7.661481382566));
#5107 = DIRECTION('',(0.,0.,-1.));
#5108 = DIRECTION('',(-1.926236947721E-13,-1.,-0.));
#5109 = ADVANCED_FACE('',(#5110),#5121,.F.);
#5110 = FACE_BOUND('',#5111,.T.);
#5111 = EDGE_LOOP('',(#5112,#5113,#5114,#5115));
#5112 = ORIENTED_EDGE('',*,*,#4850,.T.);
#5113 = ORIENTED_EDGE('',*,*,#5096,.F.);
#5114 = ORIENTED_EDGE('',*,*,#4624,.F.);
#5115 = ORIENTED_EDGE('',*,*,#5116,.T.);
#5116 = EDGE_CURVE('',#4616,#4851,#5117,.T.);
#5117 = LINE('',#5118,#5119);
#5118 = CARTESIAN_POINT('',(19.469393633383,14.586952573204,
    7.661481382566));
#5119 = VECTOR('',#5120,1.);
#5120 = DIRECTION('',(0.,0.,-1.));
#5121 = PLANE('',#5122);
#5122 = AXIS2_PLACEMENT_3D('',#5123,#5124,#5125);
#5123 = CARTESIAN_POINT('',(19.469393633383,14.586952573204,
    7.661481382566));
#5124 = DIRECTION('',(0.,-1.,0.));
#5125 = DIRECTION('',(-1.,0.,0.));
#5126 = ADVANCED_FACE('',(#5127),#5138,.F.);
#5127 = FACE_BOUND('',#5128,.F.);
#5128 = EDGE_LOOP('',(#5129,#5135,#5136,#5137));
#5129 = ORIENTED_EDGE('',*,*,#5130,.F.);
#5130 = EDGE_CURVE('',#4608,#4819,#5131,.T.);
#5131 = LINE('',#5132,#5133);
#5132 = CARTESIAN_POINT('',(20.230487755242,14.938311117796,
    7.661481382566));
#5133 = VECTOR('',#5134,1.);
#5134 = DIRECTION('',(0.,0.,-1.));
#5135 = ORIENTED_EDGE('',*,*,#4615,.T.);
#5136 = ORIENTED_EDGE('',*,*,#5116,.T.);
#5137 = ORIENTED_EDGE('',*,*,#5012,.F.);
#5138 = CYLINDRICAL_SURFACE('',#5139,1.000000000002);
#5139 = AXIS2_PLACEMENT_3D('',#5140,#5141,#5142);
#5140 = CARTESIAN_POINT('',(19.469393633384,15.586952573205,
    7.661481382566));
#5141 = DIRECTION('',(0.,0.,-1.));
#5142 = DIRECTION('',(0.761094121857,-0.648641455408,0.));
#5143 = ADVANCED_FACE('',(#5144),#5155,.F.);
#5144 = FACE_BOUND('',#5145,.T.);
#5145 = EDGE_LOOP('',(#5146,#5147,#5148,#5149));
#5146 = ORIENTED_EDGE('',*,*,#4826,.T.);
#5147 = ORIENTED_EDGE('',*,*,#5130,.F.);
#5148 = ORIENTED_EDGE('',*,*,#4607,.F.);
#5149 = ORIENTED_EDGE('',*,*,#5150,.T.);
#5150 = EDGE_CURVE('',#4599,#4794,#5151,.T.);
#5151 = LINE('',#5152,#5153);
#5152 = CARTESIAN_POINT('',(22.655125670947,17.783299901491,
    7.661481382566));
#5153 = VECTOR('',#5154,1.);
#5154 = DIRECTION('',(0.,0.,-1.));
#5155 = PLANE('',#5156);
#5156 = AXIS2_PLACEMENT_3D('',#5157,#5158,#5159);
#5157 = CARTESIAN_POINT('',(22.655125670947,17.783299901491,
    7.661481382566));
#5158 = DIRECTION('',(0.761094121858,-0.648641455408,0.));
#5159 = DIRECTION('',(-0.648641455408,-0.761094121858,0.));
#5160 = ADVANCED_FACE('',(#5161),#5172,.T.);
#5161 = FACE_BOUND('',#5162,.T.);
#5162 = EDGE_LOOP('',(#5163,#5164,#5165,#5166));
#5163 = ORIENTED_EDGE('',*,*,#4801,.T.);
#5164 = ORIENTED_EDGE('',*,*,#5150,.F.);
#5165 = ORIENTED_EDGE('',*,*,#4598,.F.);
#5166 = ORIENTED_EDGE('',*,*,#5167,.T.);
#5167 = EDGE_CURVE('',#4591,#4771,#5168,.T.);
#5168 = LINE('',#5169,#5170);
#5169 = CARTESIAN_POINT('',(23.416219792806,18.134658446083,
    7.661481382566));
#5170 = VECTOR('',#5171,1.);
#5171 = DIRECTION('',(0.,0.,-1.));
#5172 = CYLINDRICAL_SURFACE('',#5173,1.000000000002);
#5173 = AXIS2_PLACEMENT_3D('',#5174,#5175,#5176);
#5174 = CARTESIAN_POINT('',(23.416219792805,17.134658446082,
    7.661481382566));
#5175 = DIRECTION('',(0.,0.,-1.));
#5176 = DIRECTION('',(7.754907826995E-13,1.,0.));
#5177 = ADVANCED_FACE('',(#5178),#5184,.F.);
#5178 = FACE_BOUND('',#5179,.T.);
#5179 = EDGE_LOOP('',(#5180,#5181,#5182,#5183));
#5180 = ORIENTED_EDGE('',*,*,#4778,.F.);
#5181 = ORIENTED_EDGE('',*,*,#5167,.F.);
#5182 = ORIENTED_EDGE('',*,*,#4590,.T.);
#5183 = ORIENTED_EDGE('',*,*,#1339,.T.);
#5184 = PLANE('',#5185);
#5185 = AXIS2_PLACEMENT_3D('',#5186,#5187,#5188);
#5186 = CARTESIAN_POINT('',(24.227749310302,18.134658446083,
    7.661481382566));
#5187 = DIRECTION('',(0.,-1.,0.));
#5188 = DIRECTION('',(-1.,0.,0.));
#5189 = ADVANCED_FACE('',(#5190),#5213,.T.);
#5190 = FACE_BOUND('',#5191,.T.);
#5191 = EDGE_LOOP('',(#5192,#5193,#5194,#5195,#5203,#5209,#5210,#5211,
    #5212));
#5192 = ORIENTED_EDGE('',*,*,#4417,.T.);
#5193 = ORIENTED_EDGE('',*,*,#1404,.T.);
#5194 = ORIENTED_EDGE('',*,*,#3894,.F.);
#5195 = ORIENTED_EDGE('',*,*,#5196,.F.);
#5196 = EDGE_CURVE('',#5197,#3886,#5199,.T.);
#5197 = VERTEX_POINT('',#5198);
#5198 = CARTESIAN_POINT('',(2.685176600598,22.712164439521,
    8.661481382566));
#5199 = LINE('',#5200,#5201);
#5200 = CARTESIAN_POINT('',(2.685176600598,22.712164439521,
    9.661481382566));
#5201 = VECTOR('',#5202,1.);
#5202 = DIRECTION('',(0.,0.,-1.));
#5203 = ORIENTED_EDGE('',*,*,#5204,.F.);
#5204 = EDGE_CURVE('',#1382,#5197,#5205,.T.);
#5205 = LINE('',#5206,#5207);
#5206 = CARTESIAN_POINT('',(5.658522645076,23.985388664012,
    8.661481382566));
#5207 = VECTOR('',#5208,1.);
#5208 = DIRECTION('',(-0.919264421021,-0.393640602893,0.));
#5209 = ORIENTED_EDGE('',*,*,#1381,.T.);
#5210 = ORIENTED_EDGE('',*,*,#4683,.T.);
#5211 = ORIENTED_EDGE('',*,*,#4738,.T.);
#5212 = ORIENTED_EDGE('',*,*,#4994,.T.);
#5213 = PLANE('',#5214);
#5214 = AXIS2_PLACEMENT_3D('',#5215,#5216,#5217);
#5215 = CARTESIAN_POINT('',(2.685176600598,22.712164439521,
    9.661481382566));
#5216 = DIRECTION('',(-0.393640602893,0.919264421021,0.));
#5217 = DIRECTION('',(0.919264421021,0.393640602893,0.));
#5218 = ADVANCED_FACE('',(#5219),#5255,.T.);
#5219 = FACE_BOUND('',#5220,.T.);
#5220 = EDGE_LOOP('',(#5221,#5231,#5240,#5248));
#5221 = ORIENTED_EDGE('',*,*,#5222,.T.);
#5222 = EDGE_CURVE('',#5223,#5225,#5227,.T.);
#5223 = VERTEX_POINT('',#5224);
#5224 = CARTESIAN_POINT('',(19.185568717405,12.157015872829,
    3.161481382566));
#5225 = VERTEX_POINT('',#5226);
#5226 = CARTESIAN_POINT('',(19.185568717405,11.370227654654,
    3.57105740471));
#5227 = LINE('',#5228,#5229);
#5228 = CARTESIAN_POINT('',(19.185568717405,12.157015872829,
    3.161481382566));
#5229 = VECTOR('',#5230,1.);
#5230 = DIRECTION('',(-7.509872369746E-15,-0.887010833178,0.461748613235
    ));
#5231 = ORIENTED_EDGE('',*,*,#5232,.T.);
#5232 = EDGE_CURVE('',#5225,#5233,#5235,.T.);
#5233 = VERTEX_POINT('',#5234);
#5234 = CARTESIAN_POINT('',(17.117380089384,11.768672603468,
    3.566897956461));
#5235 = B_SPLINE_CURVE_WITH_KNOTS('',3,(#5236,#5237,#5238,#5239),
  .UNSPECIFIED.,.F.,.F.,(4,4),(2.750714366844E-15,0.20096325517),
  .PIECEWISE_BEZIER_KNOTS.);
#5236 = CARTESIAN_POINT('',(19.185568717405,11.370227654654,
    3.57105740471));
#5237 = CARTESIAN_POINT('',(18.478600247819,11.370227654654,
    3.57105740471));
#5238 = CARTESIAN_POINT('',(17.774033387163,11.506850869018,
    3.569621776244));
#5239 = CARTESIAN_POINT('',(17.117380089384,11.768672603468,
    3.566897956461));
#5240 = ORIENTED_EDGE('',*,*,#5241,.T.);
#5241 = EDGE_CURVE('',#5233,#5242,#5244,.T.);
#5242 = VERTEX_POINT('',#5243);
#5243 = CARTESIAN_POINT('',(17.414872984192,12.503365782267,
    3.161481382566));
#5244 = LINE('',#5245,#5246);
#5245 = CARTESIAN_POINT('',(17.117380089384,11.768672603468,
    3.566897956461));
#5246 = VECTOR('',#5247,1.);
#5247 = DIRECTION('',(0.334148075907,0.825217396322,-0.455369423848));
#5248 = ORIENTED_EDGE('',*,*,#5249,.T.);
#5249 = EDGE_CURVE('',#5242,#5223,#5250,.T.);
#5250 = B_SPLINE_CURVE_WITH_KNOTS('',3,(#5251,#5252,#5253,#5254),
  .UNSPECIFIED.,.F.,.F.,(4,4),(-0.20096325517,-2.750714366844E-15),
  .PIECEWISE_BEZIER_KNOTS.);
#5251 = CARTESIAN_POINT('',(17.414872984192,12.503365782267,
    3.161481382566));
#5252 = CARTESIAN_POINT('',(17.977154087706,12.275686203898,
    3.161481382566));
#5253 = CARTESIAN_POINT('',(18.580357302197,12.157015872829,
    3.161481382566));
#5254 = CARTESIAN_POINT('',(19.185568717405,12.157015872829,
    3.161481382566));
#5255 = B_SPLINE_SURFACE_WITH_KNOTS('',3,3,(
    (#5256,#5257,#5258,#5259)
    ,(#5260,#5261,#5262,#5263)
    ,(#5264,#5265,#5266,#5267)
    ,(#5268,#5269,#5270,#5271
    )),.UNSPECIFIED.,.F.,.F.,.F.,(4,4),(4,4),(0.,1.),(-0.20096325517,
    -2.750714366844E-15),.PIECEWISE_BEZIER_KNOTS.);
#5256 = CARTESIAN_POINT('',(17.117380089384,11.768672603468,
    3.566897956461));
#5257 = CARTESIAN_POINT('',(17.774033387163,11.506850869018,
    3.569621776244));
#5258 = CARTESIAN_POINT('',(18.478600247819,11.370227654654,
    3.57105740471));
#5259 = CARTESIAN_POINT('',(19.185568717405,11.370227654654,
    3.57105740471));
#5260 = CARTESIAN_POINT('',(17.216544387654,12.013570329734,
    3.431759098496));
#5261 = CARTESIAN_POINT('',(17.841740287344,11.763129313978,
    3.433574978351));
#5262 = CARTESIAN_POINT('',(18.512519265945,11.632490394046,
    3.434532063996));
#5263 = CARTESIAN_POINT('',(19.185568717405,11.632490394046,
    3.434532063996));
#5264 = CARTESIAN_POINT('',(17.315708685923,12.258468056001,
    3.296620240531));
#5265 = CARTESIAN_POINT('',(17.909447187525,12.019407758938,
    3.297528180459));
#5266 = CARTESIAN_POINT('',(18.546438284071,11.894753133437,
    3.298006723281));
#5267 = CARTESIAN_POINT('',(19.185568717405,11.894753133437,
    3.298006723281));
#5268 = CARTESIAN_POINT('',(17.414872984192,12.503365782267,
    3.161481382566));
#5269 = CARTESIAN_POINT('',(17.977154087706,12.275686203898,
    3.161481382566));
#5270 = CARTESIAN_POINT('',(18.580357302197,12.157015872829,
    3.161481382566));
#5271 = CARTESIAN_POINT('',(19.185568717405,12.157015872829,
    3.161481382566));
#5272 = ADVANCED_FACE('',(#5273),#5298,.T.);
#5273 = FACE_BOUND('',#5274,.T.);
#5274 = EDGE_LOOP('',(#5275,#5285,#5291,#5292));
#5275 = ORIENTED_EDGE('',*,*,#5276,.F.);
#5276 = EDGE_CURVE('',#5277,#5279,#5281,.T.);
#5277 = VERTEX_POINT('',#5278);
#5278 = CARTESIAN_POINT('',(19.608349721354,11.370227654654,
    3.57105740471));
#5279 = VERTEX_POINT('',#5280);
#5280 = CARTESIAN_POINT('',(19.608349721354,12.157015872829,
    3.161481382566));
#5281 = LINE('',#5282,#5283);
#5282 = CARTESIAN_POINT('',(19.608349721354,11.727324095479,
    3.385164763748));
#5283 = VECTOR('',#5284,1.);
#5284 = DIRECTION('',(0.,0.887010833178,-0.461748613235));
#5285 = ORIENTED_EDGE('',*,*,#5286,.T.);
#5286 = EDGE_CURVE('',#5277,#5225,#5287,.T.);
#5287 = LINE('',#5288,#5289);
#5288 = CARTESIAN_POINT('',(18.096476293307,11.370227654654,
    3.57105740471));
#5289 = VECTOR('',#5290,1.);
#5290 = DIRECTION('',(-1.,3.358279635279E-15,0.));
#5291 = ORIENTED_EDGE('',*,*,#5222,.F.);
#5292 = ORIENTED_EDGE('',*,*,#5293,.T.);
#5293 = EDGE_CURVE('',#5223,#5279,#5294,.T.);
#5294 = LINE('',#5295,#5296);
#5295 = CARTESIAN_POINT('',(18.096476293307,12.157015872829,
    3.161481382566));
#5296 = VECTOR('',#5297,1.);
#5297 = DIRECTION('',(1.,-3.358279635279E-15,0.));
#5298 = PLANE('',#5299);
#5299 = AXIS2_PLACEMENT_3D('',#5300,#5301,#5302);
#5300 = CARTESIAN_POINT('',(18.096476293307,11.763621763741,
    3.366269393638));
#5301 = DIRECTION('',(-1.550680964445E-15,-0.461748613235,
    -0.887010833178));
#5302 = DIRECTION('',(-1.,3.944304526105E-31,1.748209724665E-15));
#5303 = ADVANCED_FACE('',(#5304),#5338,.T.);
#5304 = FACE_BOUND('',#5305,.T.);
#5305 = EDGE_LOOP('',(#5306,#5316,#5324,#5332));
#5306 = ORIENTED_EDGE('',*,*,#5307,.T.);
#5307 = EDGE_CURVE('',#5308,#5310,#5312,.T.);
#5308 = VERTEX_POINT('',#5309);
#5309 = CARTESIAN_POINT('',(17.338660422182,12.534740008749,
    3.161481382566));
#5310 = VERTEX_POINT('',#5311);
#5311 = CARTESIAN_POINT('',(17.035637053657,11.801932663345,
    3.56664567769));
#5312 = LINE('',#5313,#5314);
#5313 = CARTESIAN_POINT('',(17.338660422182,12.534740008749,
    3.161481382566));
#5314 = VECTOR('',#5315,1.);
#5315 = DIRECTION('',(-0.340285033811,-0.822917960163,0.454985853192));
#5316 = ORIENTED_EDGE('',*,*,#5317,.T.);
#5317 = EDGE_CURVE('',#5310,#5318,#5320,.T.);
#5318 = VERTEX_POINT('',#5319);
#5319 = CARTESIAN_POINT('',(16.308349721354,12.102673449722,
    3.56664567769));
#5320 = LINE('',#5321,#5322);
#5321 = CARTESIAN_POINT('',(15.702926405232,12.353022212989,
    3.56664567769));
#5322 = VECTOR('',#5323,1.);
#5323 = DIRECTION('',(-0.924109144655,0.38212862856,-3.252818829787E-17)
  );
#5324 = ORIENTED_EDGE('',*,*,#5325,.F.);
#5325 = EDGE_CURVE('',#5326,#5318,#5328,.T.);
#5326 = VERTEX_POINT('',#5327);
#5327 = CARTESIAN_POINT('',(16.308349721354,12.96078407224,
    3.161481382566));
#5328 = LINE('',#5329,#5330);
#5329 = CARTESIAN_POINT('',(16.308349721354,15.831939864553,
    1.805840533638));
#5330 = VECTOR('',#5331,1.);
#5331 = DIRECTION('',(0.,-0.904270865786,0.426959250152));
#5332 = ORIENTED_EDGE('',*,*,#5333,.T.);
#5333 = EDGE_CURVE('',#5326,#5308,#5334,.T.);
#5334 = LINE('',#5335,#5336);
#5335 = CARTESIAN_POINT('',(16.005949773757,13.085829558393,
    3.161481382566));
#5336 = VECTOR('',#5337,1.);
#5337 = DIRECTION('',(0.924109144655,-0.38212862856,0.));
#5338 = PLANE('',#5339);
#5339 = AXIS2_PLACEMENT_3D('',#5340,#5341,#5342);
#5340 = CARTESIAN_POINT('',(15.854438089494,12.719425885691,
    3.364063530128));
#5341 = DIRECTION('',(-0.173863120095,-0.420456587624,-0.890498665577));
#5342 = DIRECTION('',(-0.981468359893,-1.110223024625E-16,0.191624263934
    ));
#5343 = ADVANCED_FACE('',(#5344),#5371,.T.);
#5344 = FACE_BOUND('',#5345,.T.);
#5345 = EDGE_LOOP('',(#5346,#5347,#5356,#5364));
#5346 = ORIENTED_EDGE('',*,*,#5241,.F.);
#5347 = ORIENTED_EDGE('',*,*,#5348,.T.);
#5348 = EDGE_CURVE('',#5233,#5349,#5351,.T.);
#5349 = VERTEX_POINT('',#5350);
#5350 = CARTESIAN_POINT('',(17.07923797187,11.784041568101,
    3.566738088292));
#5351 = B_SPLINE_CURVE_WITH_KNOTS('',3,(#5352,#5353,#5354,#5355),
  .UNSPECIFIED.,.F.,.F.,(4,4),(4.29599550712E-03,8.192784340064E-03),
  .PIECEWISE_BEZIER_KNOTS.);
#5352 = CARTESIAN_POINT('',(17.117380089386,11.768672603467,
    3.566897956461));
#5353 = CARTESIAN_POINT('',(17.104647463296,11.773749374205,
    3.566845141103));
#5354 = CARTESIAN_POINT('',(17.09193335079,11.778872404636,
    3.566791851163));
#5355 = CARTESIAN_POINT('',(17.07923797187,11.784041568101,
    3.566738088292));
#5356 = ORIENTED_EDGE('',*,*,#5357,.T.);
#5357 = EDGE_CURVE('',#5349,#5358,#5360,.T.);
#5358 = VERTEX_POINT('',#5359);
#5359 = CARTESIAN_POINT('',(17.382212491227,12.516730780606,
    3.161481382566));
#5360 = LINE('',#5361,#5362);
#5361 = CARTESIAN_POINT('',(17.07923797187,11.784041568101,
    3.566738088292));
#5362 = VECTOR('',#5363,1.);
#5363 = DIRECTION('',(0.340257604721,0.822851627857,-0.455126313196));
#5364 = ORIENTED_EDGE('',*,*,#5365,.T.);
#5365 = EDGE_CURVE('',#5358,#5242,#5366,.T.);
#5366 = B_SPLINE_CURVE_WITH_KNOTS('',3,(#5367,#5368,#5369,#5370),
  .UNSPECIFIED.,.F.,.F.,(4,4),(-8.192784340064E-03,-4.29599550712E-03),
  .PIECEWISE_BEZIER_KNOTS.);
#5367 = CARTESIAN_POINT('',(17.382212491227,12.516730780606,
    3.161481382566));
#5368 = CARTESIAN_POINT('',(17.393083357312,12.512235565758,
    3.161481382566));
#5369 = CARTESIAN_POINT('',(17.403970251996,12.507780530432,
    3.161481382566));
#5370 = CARTESIAN_POINT('',(17.414872984193,12.503365782267,
    3.161481382566));
#5371 = B_SPLINE_SURFACE_WITH_KNOTS('',3,3,(
    (#5372,#5373,#5374,#5375)
    ,(#5376,#5377,#5378,#5379)
    ,(#5380,#5381,#5382,#5383)
    ,(#5384,#5385,#5386,#5387
    )),.UNSPECIFIED.,.F.,.F.,.F.,(4,4),(4,4),(0.,1.),(
    -8.192784340064E-03,-4.29599550712E-03),.PIECEWISE_BEZIER_KNOTS.);
#5372 = CARTESIAN_POINT('',(17.07923797187,11.784041568101,
    3.566738088292));
#5373 = CARTESIAN_POINT('',(17.09193335079,11.778872404636,
    3.566791851163));
#5374 = CARTESIAN_POINT('',(17.104647463296,11.773749374205,
    3.566845141103));
#5375 = CARTESIAN_POINT('',(17.117380089386,11.768672603467,
    3.566897956461));
#5376 = CARTESIAN_POINT('',(17.180229478322,12.028271305602,
    3.431652519716));
#5377 = CARTESIAN_POINT('',(17.192316686298,12.023326791676,
    3.431688361631));
#5378 = CARTESIAN_POINT('',(17.204421726196,12.01842642628,
    3.431723888257));
#5379 = CARTESIAN_POINT('',(17.216544387655,12.013570329734,
    3.431759098496));
#5380 = CARTESIAN_POINT('',(17.281220984775,12.272501043104,
    3.296566951141));
#5381 = CARTESIAN_POINT('',(17.292700021805,12.267781178717,
    3.296584872098));
#5382 = CARTESIAN_POINT('',(17.304195989096,12.263103478356,
    3.296602635412));
#5383 = CARTESIAN_POINT('',(17.315708685924,12.258468056,3.296620240531)
  );
#5384 = CARTESIAN_POINT('',(17.382212491227,12.516730780606,
    3.161481382566));
#5385 = CARTESIAN_POINT('',(17.393083357312,12.512235565758,
    3.161481382566));
#5386 = CARTESIAN_POINT('',(17.403970251996,12.507780530432,
    3.161481382566));
#5387 = CARTESIAN_POINT('',(17.414872984193,12.503365782267,
    3.161481382566));
#5388 = ADVANCED_FACE('',(#5389),#5407,.T.);
#5389 = FACE_BOUND('',#5390,.T.);
#5390 = EDGE_LOOP('',(#5391,#5392,#5399,#5400));
#5391 = ORIENTED_EDGE('',*,*,#5357,.F.);
#5392 = ORIENTED_EDGE('',*,*,#5393,.T.);
#5393 = EDGE_CURVE('',#5349,#5310,#5394,.T.);
#5394 = B_SPLINE_CURVE_WITH_KNOTS('',3,(#5395,#5396,#5397,#5398),
  .UNSPECIFIED.,.F.,.F.,(4,4),(-0.148928589813,-0.144215719121),
  .PIECEWISE_BEZIER_KNOTS.);
#5395 = CARTESIAN_POINT('',(17.07923797187,11.784041568101,
    3.566738088292));
#5396 = CARTESIAN_POINT('',(17.064688033531,11.789965850484,
    3.566676471662));
#5397 = CARTESIAN_POINT('',(17.050154410005,11.795929587297,
    3.56664567769));
#5398 = CARTESIAN_POINT('',(17.035637053657,11.801932663345,
    3.56664567769));
#5399 = ORIENTED_EDGE('',*,*,#5307,.F.);
#5400 = ORIENTED_EDGE('',*,*,#5401,.T.);
#5401 = EDGE_CURVE('',#5308,#5358,#5402,.T.);
#5402 = B_SPLINE_CURVE_WITH_KNOTS('',3,(#5403,#5404,#5405,#5406),
  .UNSPECIFIED.,.F.,.F.,(4,4),(0.144215719121,0.148928589813),
  .PIECEWISE_BEZIER_KNOTS.);
#5403 = CARTESIAN_POINT('',(17.338660422182,12.534740008749,
    3.161481382566));
#5404 = CARTESIAN_POINT('',(17.35317777853,12.528736932701,
    3.161481382566));
#5405 = CARTESIAN_POINT('',(17.367695134878,12.522733856654,
    3.161481382566));
#5406 = CARTESIAN_POINT('',(17.382212491227,12.516730780606,
    3.161481382566));
#5407 = B_SPLINE_SURFACE_WITH_KNOTS('',3,3,(
    (#5408,#5409,#5410,#5411)
    ,(#5412,#5413,#5414,#5415)
    ,(#5416,#5417,#5418,#5419)
    ,(#5420,#5421,#5422,#5423
    )),.UNSPECIFIED.,.F.,.F.,.F.,(4,4),(4,4),(0.,1.),(0.144215719121,
    0.148928589813),.PIECEWISE_BEZIER_KNOTS.);
#5408 = CARTESIAN_POINT('',(17.035637053657,11.801932663345,
    3.56664567769));
#5409 = CARTESIAN_POINT('',(17.050154410005,11.795929587297,
    3.56664567769));
#5410 = CARTESIAN_POINT('',(17.064688033531,11.789965850484,
    3.566676471662));
#5411 = CARTESIAN_POINT('',(17.07923797187,11.784041568101,
    3.566738088292));
#5412 = CARTESIAN_POINT('',(17.136644843165,12.046201778479,
    3.431590912649));
#5413 = CARTESIAN_POINT('',(17.151162199513,12.040198702432,
    3.431590912649));
#5414 = CARTESIAN_POINT('',(17.165690400647,12.03422185254,
    3.431611441963));
#5415 = CARTESIAN_POINT('',(17.180229478322,12.028271305603,
    3.431652519716));
#5416 = CARTESIAN_POINT('',(17.237652632673,12.290470893614,
    3.296536147607));
#5417 = CARTESIAN_POINT('',(17.252169989022,12.284467817567,
    3.296536147607));
#5418 = CARTESIAN_POINT('',(17.266692767763,12.278477854597,
    3.296546412265));
#5419 = CARTESIAN_POINT('',(17.281220984775,12.272501043104,
    3.296566951141));
#5420 = CARTESIAN_POINT('',(17.338660422182,12.534740008749,
    3.161481382566));
#5421 = CARTESIAN_POINT('',(17.35317777853,12.528736932701,
    3.161481382566));
#5422 = CARTESIAN_POINT('',(17.367695134878,12.522733856654,
    3.161481382566));
#5423 = CARTESIAN_POINT('',(17.382212491227,12.516730780606,
    3.161481382566));
#5424 = ADVANCED_FACE('',(#5425),#5463,.F.);
#5425 = FACE_BOUND('',#5426,.T.);
#5426 = EDGE_LOOP('',(#5427,#5428,#5429,#5430,#5431,#5432,#5440,#5449,
    #5455,#5456,#5457));
#5427 = ORIENTED_EDGE('',*,*,#5293,.F.);
#5428 = ORIENTED_EDGE('',*,*,#5249,.F.);
#5429 = ORIENTED_EDGE('',*,*,#5365,.F.);
#5430 = ORIENTED_EDGE('',*,*,#5401,.F.);
#5431 = ORIENTED_EDGE('',*,*,#5333,.F.);
#5432 = ORIENTED_EDGE('',*,*,#5433,.F.);
#5433 = EDGE_CURVE('',#5434,#5326,#5436,.T.);
#5434 = VERTEX_POINT('',#5435);
#5435 = CARTESIAN_POINT('',(16.308349721354,18.032876199749,
    3.161481382566));
#5436 = LINE('',#5437,#5438);
#5437 = CARTESIAN_POINT('',(16.308349721354,10.523613821027,
    3.161481382566));
#5438 = VECTOR('',#5439,1.);
#5439 = DIRECTION('',(0.,-1.,0.));
#5440 = ORIENTED_EDGE('',*,*,#5441,.F.);
#5441 = EDGE_CURVE('',#5442,#5434,#5444,.T.);
#5442 = VERTEX_POINT('',#5443);
#5443 = CARTESIAN_POINT('',(16.861061311088,17.688768817621,
    3.161481382566));
#5444 = CIRCLE('',#5445,1.);
#5445 = AXIS2_PLACEMENT_3D('',#5446,#5447,#5448);
#5446 = CARTESIAN_POINT('',(17.084437467418,18.663501136149,
    3.161481382566));
#5447 = DIRECTION('',(0.,0.,-1.));
#5448 = DIRECTION('',(-0.999512116526,-3.123345829234E-02,-0.));
#5449 = ORIENTED_EDGE('',*,*,#5450,.F.);
#5450 = EDGE_CURVE('',#3955,#5442,#5451,.T.);
#5451 = LINE('',#5452,#5453);
#5452 = CARTESIAN_POINT('',(17.680512767558,17.500977858847,
    3.161481382566));
#5453 = VECTOR('',#5454,1.);
#5454 = DIRECTION('',(-0.974732318528,0.223376156329,0.));
#5455 = ORIENTED_EDGE('',*,*,#3962,.F.);
#5456 = ORIENTED_EDGE('',*,*,#4064,.F.);
#5457 = ORIENTED_EDGE('',*,*,#5458,.F.);
#5458 = EDGE_CURVE('',#5279,#4057,#5459,.T.);
#5459 = LINE('',#5460,#5461);
#5460 = CARTESIAN_POINT('',(19.608349721354,19.375942501231,
    3.161481382566));
#5461 = VECTOR('',#5462,1.);
#5462 = DIRECTION('',(0.,1.,0.));
#5463 = PLANE('',#5464);
#5464 = AXIS2_PLACEMENT_3D('',#5465,#5466,#5467);
#5465 = CARTESIAN_POINT('',(17.958349721354,14.949778161129,
    3.161481382566));
#5466 = DIRECTION('',(0.,0.,1.));
#5467 = DIRECTION('',(1.,0.,-0.));
#5468 = ADVANCED_FACE('',(#5469),#5503,.T.);
#5469 = FACE_BOUND('',#5470,.T.);
#5470 = EDGE_LOOP('',(#5471,#5481,#5489,#5497));
#5471 = ORIENTED_EDGE('',*,*,#5472,.F.);
#5472 = EDGE_CURVE('',#5473,#5475,#5477,.T.);
#5473 = VERTEX_POINT('',#5474);
#5474 = CARTESIAN_POINT('',(19.608349721354,12.115918843135,
    8.161481382566));
#5475 = VERTEX_POINT('',#5476);
#5476 = CARTESIAN_POINT('',(19.608349721354,11.115918843135,
    7.161481382566));
#5477 = LINE('',#5478,#5479);
#5478 = CARTESIAN_POINT('',(19.608349721354,14.055924757659,
    10.10148729709));
#5479 = VECTOR('',#5480,1.);
#5480 = DIRECTION('',(0.,-0.707106781187,-0.707106781187));
#5481 = ORIENTED_EDGE('',*,*,#5482,.T.);
#5482 = EDGE_CURVE('',#5473,#5483,#5485,.T.);
#5483 = VERTEX_POINT('',#5484);
#5484 = CARTESIAN_POINT('',(19.185568717405,12.115918843135,
    8.161481382566));
#5485 = LINE('',#5486,#5487);
#5486 = CARTESIAN_POINT('',(20.890167136454,12.115918843135,
    8.161481382566));
#5487 = VECTOR('',#5488,1.);
#5488 = DIRECTION('',(-1.,3.831314754636E-15,0.));
#5489 = ORIENTED_EDGE('',*,*,#5490,.T.);
#5490 = EDGE_CURVE('',#5483,#5491,#5493,.T.);
#5491 = VERTEX_POINT('',#5492);
#5492 = CARTESIAN_POINT('',(19.185568717405,11.115918843135,
    7.161481382566));
#5493 = LINE('',#5494,#5495);
#5494 = CARTESIAN_POINT('',(19.185568717405,12.115918843135,
    8.161481382566));
#5495 = VECTOR('',#5496,1.);
#5496 = DIRECTION('',(-2.747661802697E-15,-0.707106781187,
    -0.707106781187));
#5497 = ORIENTED_EDGE('',*,*,#5498,.T.);
#5498 = EDGE_CURVE('',#5491,#5475,#5499,.T.);
#5499 = LINE('',#5500,#5501);
#5500 = CARTESIAN_POINT('',(20.890167136454,11.115918843135,
    7.161481382566));
#5501 = VECTOR('',#5502,1.);
#5502 = DIRECTION('',(1.,-3.831314754636E-15,0.));
#5503 = PLANE('',#5504);
#5504 = AXIS2_PLACEMENT_3D('',#5505,#5506,#5507);
#5505 = CARTESIAN_POINT('',(20.890167136454,11.615918843135,
    7.661481382566));
#5506 = DIRECTION('',(-2.709148643863E-15,-0.707106781187,0.707106781187
    ));
#5507 = DIRECTION('',(1.,-7.88860905221E-31,3.831314754636E-15));
#5508 = ADVANCED_FACE('',(#5509),#5536,.T.);
#5509 = FACE_BOUND('',#5510,.T.);
#5510 = EDGE_LOOP('',(#5511,#5521,#5528,#5529));
#5511 = ORIENTED_EDGE('',*,*,#5512,.T.);
#5512 = EDGE_CURVE('',#5513,#5515,#5517,.T.);
#5513 = VERTEX_POINT('',#5514);
#5514 = CARTESIAN_POINT('',(17.455527406943,12.509402925508,
    8.161481382566));
#5515 = VERTEX_POINT('',#5516);
#5516 = CARTESIAN_POINT('',(17.023017079328,11.607773946102,
    7.161481382566));
#5517 = LINE('',#5518,#5519);
#5518 = CARTESIAN_POINT('',(17.455527406943,12.509402925508,
    8.161481382566));
#5519 = VECTOR('',#5520,1.);
#5520 = DIRECTION('',(-0.30583098559,-0.637547965453,-0.707106781187));
#5521 = ORIENTED_EDGE('',*,*,#5522,.T.);
#5522 = EDGE_CURVE('',#5515,#5491,#5523,.T.);
#5523 = CIRCLE('',#5524,5.);
#5524 = AXIS2_PLACEMENT_3D('',#5525,#5526,#5527);
#5525 = CARTESIAN_POINT('',(19.185568717405,16.115918843136,
    7.161481382566));
#5526 = DIRECTION('',(0.,0.,1.));
#5527 = DIRECTION('',(-0.432510327615,-0.901628979407,0.));
#5528 = ORIENTED_EDGE('',*,*,#5490,.F.);
#5529 = ORIENTED_EDGE('',*,*,#5530,.T.);
#5530 = EDGE_CURVE('',#5483,#5513,#5531,.T.);
#5531 = CIRCLE('',#5532,4.);
#5532 = AXIS2_PLACEMENT_3D('',#5533,#5534,#5535);
#5533 = CARTESIAN_POINT('',(19.185568717405,16.115918843136,
    8.161481382566));
#5534 = DIRECTION('',(0.,0.,-1.));
#5535 = DIRECTION('',(-0.432510327615,-0.901628979407,-0.));
#5536 = CONICAL_SURFACE('',#5537,4.5,0.785398163397);
#5537 = AXIS2_PLACEMENT_3D('',#5538,#5539,#5540);
#5538 = CARTESIAN_POINT('',(19.185568717405,16.115918843136,
    7.661481382566));
#5539 = DIRECTION('',(0.,0.,-1.));
#5540 = DIRECTION('',(-0.432510327615,-0.901628979407,-0.));
#5541 = ADVANCED_FACE('',(#5542),#5567,.T.);
#5542 = FACE_BOUND('',#5543,.T.);
#5543 = EDGE_LOOP('',(#5544,#5554,#5560,#5561));
#5544 = ORIENTED_EDGE('',*,*,#5545,.F.);
#5545 = EDGE_CURVE('',#5546,#5548,#5550,.T.);
#5546 = VERTEX_POINT('',#5547);
#5547 = CARTESIAN_POINT('',(16.308349721354,11.950599010727,
    7.161481382566));
#5548 = VERTEX_POINT('',#5549);
#5549 = CARTESIAN_POINT('',(16.308349721354,13.059702669594,
    8.161481382566));
#5550 = LINE('',#5551,#5552);
#5551 = CARTESIAN_POINT('',(16.308349721354,12.368734433692,
    7.538484397227));
#5552 = VECTOR('',#5553,1.);
#5553 = DIRECTION('',(0.,0.742692272572,0.669632875732));
#5554 = ORIENTED_EDGE('',*,*,#5555,.T.);
#5555 = EDGE_CURVE('',#5546,#5515,#5556,.T.);
#5556 = LINE('',#5557,#5558);
#5557 = CARTESIAN_POINT('',(16.751568906885,11.737987305117,
    7.161481382566));
#5558 = VECTOR('',#5559,1.);
#5559 = DIRECTION('',(0.901628979407,-0.432510327615,0.));
#5560 = ORIENTED_EDGE('',*,*,#5512,.F.);
#5561 = ORIENTED_EDGE('',*,*,#5562,.T.);
#5562 = EDGE_CURVE('',#5513,#5548,#5563,.T.);
#5563 = LINE('',#5564,#5565);
#5564 = CARTESIAN_POINT('',(17.184079234501,12.639616284524,
    8.161481382566));
#5565 = VECTOR('',#5566,1.);
#5566 = DIRECTION('',(-0.901628979407,0.432510327615,0.));
#5567 = PLANE('',#5568);
#5568 = AXIS2_PLACEMENT_3D('',#5569,#5570,#5571);
#5569 = CARTESIAN_POINT('',(16.967824070693,12.18880179482,
    7.661481382566));
#5570 = DIRECTION('',(-0.30583098559,-0.637547965453,0.707106781187));
#5571 = DIRECTION('',(0.917830987947,8.326672684689E-17,0.396971381292)
  );
#5572 = ADVANCED_FACE('',(#5573),#5594,.F.);
#5573 = FACE_BOUND('',#5574,.T.);
#5574 = EDGE_LOOP('',(#5575,#5576,#5577,#5578,#5584,#5585,#5586,#5587,
    #5588));
#5575 = ORIENTED_EDGE('',*,*,#5562,.F.);
#5576 = ORIENTED_EDGE('',*,*,#5530,.F.);
#5577 = ORIENTED_EDGE('',*,*,#5482,.F.);
#5578 = ORIENTED_EDGE('',*,*,#5579,.F.);
#5579 = EDGE_CURVE('',#4004,#5473,#5580,.T.);
#5580 = LINE('',#5581,#5582);
#5581 = CARTESIAN_POINT('',(19.608349721354,19.375942501231,
    8.161481382566));
#5582 = VECTOR('',#5583,1.);
#5583 = DIRECTION('',(0.,-1.,0.));
#5584 = ORIENTED_EDGE('',*,*,#4003,.F.);
#5585 = ORIENTED_EDGE('',*,*,#3920,.F.);
#5586 = ORIENTED_EDGE('',*,*,#4095,.F.);
#5587 = ORIENTED_EDGE('',*,*,#4169,.F.);
#5588 = ORIENTED_EDGE('',*,*,#5589,.F.);
#5589 = EDGE_CURVE('',#5548,#4170,#5590,.T.);
#5590 = LINE('',#5591,#5592);
#5591 = CARTESIAN_POINT('',(16.308349721354,10.523613821027,
    8.161481382566));
#5592 = VECTOR('',#5593,1.);
#5593 = DIRECTION('',(0.,1.,0.));
#5594 = PLANE('',#5595);
#5595 = AXIS2_PLACEMENT_3D('',#5596,#5597,#5598);
#5596 = CARTESIAN_POINT('',(17.958349721354,14.949778161129,
    8.161481382566));
#5597 = DIRECTION('',(0.,0.,-1.));
#5598 = DIRECTION('',(-1.,0.,0.));
#5599 = ADVANCED_FACE('',(#5600),#5617,.F.);
#5600 = FACE_BOUND('',#5601,.T.);
#5601 = EDGE_LOOP('',(#5602,#5608,#5609,#5610,#5616));
#5602 = ORIENTED_EDGE('',*,*,#5603,.F.);
#5603 = EDGE_CURVE('',#5434,#3624,#5604,.T.);
#5604 = LINE('',#5605,#5606);
#5605 = CARTESIAN_POINT('',(16.308349721354,18.032876199749,
    9.661481382566));
#5606 = VECTOR('',#5607,1.);
#5607 = DIRECTION('',(0.,0.,-1.));
#5608 = ORIENTED_EDGE('',*,*,#5433,.T.);
#5609 = ORIENTED_EDGE('',*,*,#5325,.T.);
#5610 = ORIENTED_EDGE('',*,*,#5611,.F.);
#5611 = EDGE_CURVE('',#3633,#5318,#5612,.T.);
#5612 = LINE('',#5613,#5614);
#5613 = CARTESIAN_POINT('',(16.308349721354,14.42612648841,
    0.597450901639));
#5614 = VECTOR('',#5615,1.);
#5615 = DIRECTION('',(0.,-0.616264734611,0.787539063714));
#5616 = ORIENTED_EDGE('',*,*,#3632,.F.);
#5617 = PLANE('',#5618);
#5618 = AXIS2_PLACEMENT_3D('',#5619,#5620,#5621);
#5619 = CARTESIAN_POINT('',(16.308349721354,19.375942501231,
    1.161481382566));
#5620 = DIRECTION('',(-1.,0.,0.));
#5621 = DIRECTION('',(0.,-1.,0.));
#5622 = ADVANCED_FACE('',(#5623),#5635,.F.);
#5623 = FACE_BOUND('',#5624,.T.);
#5624 = EDGE_LOOP('',(#5625,#5626,#5627,#5633,#5634));
#5625 = ORIENTED_EDGE('',*,*,#4056,.F.);
#5626 = ORIENTED_EDGE('',*,*,#3556,.F.);
#5627 = ORIENTED_EDGE('',*,*,#5628,.F.);
#5628 = EDGE_CURVE('',#5277,#3549,#5629,.T.);
#5629 = LINE('',#5630,#5631);
#5630 = CARTESIAN_POINT('',(19.608349721354,11.916076676729,
    2.791504211852));
#5631 = VECTOR('',#5632,1.);
#5632 = DIRECTION('',(0.,0.573576436351,-0.819152044289));
#5633 = ORIENTED_EDGE('',*,*,#5276,.T.);
#5634 = ORIENTED_EDGE('',*,*,#5458,.T.);
#5635 = PLANE('',#5636);
#5636 = AXIS2_PLACEMENT_3D('',#5637,#5638,#5639);
#5637 = CARTESIAN_POINT('',(19.608349721354,10.523613821027,
    1.161481382566));
#5638 = DIRECTION('',(1.,0.,0.));
#5639 = DIRECTION('',(-0.,1.,0.));
#5640 = ADVANCED_FACE('',(#5641),#5668,.T.);
#5641 = FACE_BOUND('',#5642,.T.);
#5642 = EDGE_LOOP('',(#5643,#5644,#5652,#5660,#5666,#5667));
#5643 = ORIENTED_EDGE('',*,*,#5317,.F.);
#5644 = ORIENTED_EDGE('',*,*,#5645,.T.);
#5645 = EDGE_CURVE('',#5310,#5646,#5648,.T.);
#5646 = VERTEX_POINT('',#5647);
#5647 = CARTESIAN_POINT('',(16.940521647359,11.647346904739,
    3.814456674954));
#5648 = LINE('',#5649,#5650);
#5649 = CARTESIAN_POINT('',(17.460927959429,12.493134224227,
    2.458604745223));
#5650 = VECTOR('',#5651,1.);
#5651 = DIRECTION('',(-0.309649752875,-0.503256452486,0.806752733851));
#5652 = ORIENTED_EDGE('',*,*,#5653,.T.);
#5653 = EDGE_CURVE('',#5646,#5654,#5656,.T.);
#5654 = VERTEX_POINT('',#5655);
#5655 = CARTESIAN_POINT('',(12.490742218557,13.78190069851,
    3.438077249338));
#5656 = LINE('',#5657,#5658);
#5657 = CARTESIAN_POINT('',(14.607025304504,12.766722269538,
    3.617080596599));
#5658 = VECTOR('',#5659,1.);
#5659 = DIRECTION('',(-0.899018387515,0.431258029852,-7.604242631004E-02
    ));
#5660 = ORIENTED_EDGE('',*,*,#5661,.T.);
#5661 = EDGE_CURVE('',#5654,#3641,#5662,.T.);
#5662 = LINE('',#5663,#5664);
#5663 = CARTESIAN_POINT('',(12.490742218557,13.78190069851,
    3.438077249338));
#5664 = VECTOR('',#5665,1.);
#5665 = DIRECTION('',(0.309649752875,0.503256452486,-0.806752733851));
#5666 = ORIENTED_EDGE('',*,*,#3640,.T.);
#5667 = ORIENTED_EDGE('',*,*,#5611,.T.);
#5668 = PLANE('',#5669);
#5669 = AXIS2_PLACEMENT_3D('',#5670,#5671,#5672);
#5670 = CARTESIAN_POINT('',(14.867228460539,13.189615929282,
    2.939154631734));
#5671 = DIRECTION('',(-0.309649752875,-0.748832060424,-0.585975746789));
#5672 = DIRECTION('',(-0.884144982243,-1.387778780781E-16,0.467212639357
    ));
#5673 = ADVANCED_FACE('',(#5674),#5694,.T.);
#5674 = FACE_BOUND('',#5675,.T.);
#5675 = EDGE_LOOP('',(#5676,#5677,#5685,#5692,#5693));
#5676 = ORIENTED_EDGE('',*,*,#5348,.F.);
#5677 = ORIENTED_EDGE('',*,*,#5678,.F.);
#5678 = EDGE_CURVE('',#5679,#5233,#5681,.T.);
#5679 = VERTEX_POINT('',#5680);
#5680 = CARTESIAN_POINT('',(17.023017071552,11.607773949832,
    3.822421603684));
#5681 = LINE('',#5682,#5683);
#5682 = CARTESIAN_POINT('',(17.023017071552,11.607773949832,
    3.822421603684));
#5683 = VECTOR('',#5684,1.);
#5684 = DIRECTION('',(0.298275188416,0.508589883009,-0.807693161341));
#5685 = ORIENTED_EDGE('',*,*,#5686,.T.);
#5686 = EDGE_CURVE('',#5679,#5646,#5687,.T.);
#5687 = B_SPLINE_CURVE_WITH_KNOTS('',3,(#5688,#5689,#5690,#5691),
  .UNSPECIFIED.,.F.,.F.,(4,4),(0.429630926364,0.447275137269),
  .PIECEWISE_BEZIER_KNOTS.);
#5688 = CARTESIAN_POINT('',(17.023017071496,11.607773949859,
    3.822421604522));
#5689 = CARTESIAN_POINT('',(16.995536184155,11.620956498178,
    3.81943895353));
#5690 = CARTESIAN_POINT('',(16.9680414635,11.634145682321,3.816784406644
    ));
#5691 = CARTESIAN_POINT('',(16.940521647359,11.647346904739,
    3.814456674954));
#5692 = ORIENTED_EDGE('',*,*,#5645,.F.);
#5693 = ORIENTED_EDGE('',*,*,#5393,.F.);
#5694 = B_SPLINE_SURFACE_WITH_KNOTS('',3,3,(
    (#5695,#5696,#5697,#5698)
    ,(#5699,#5700,#5701,#5702)
    ,(#5703,#5704,#5705,#5706)
    ,(#5707,#5708,#5709,#5710
    )),.UNSPECIFIED.,.F.,.F.,.F.,(4,4),(4,4),(0.811913446726,1.),(
    0.429630926364,0.447275137269),.PIECEWISE_BEZIER_KNOTS.);
#5695 = CARTESIAN_POINT('',(17.117380089409,11.768672603504,
    3.566897956401));
#5696 = CARTESIAN_POINT('',(17.091052574787,11.781215451022,
    3.564151902755));
#5697 = CARTESIAN_POINT('',(17.064729745654,11.793799255399,
    3.561665969446));
#5698 = CARTESIAN_POINT('',(17.038403076898,11.806428126464,
    3.559439158741));
#5699 = CARTESIAN_POINT('',(17.085925750105,11.715039718956,
    3.652072505774));
#5700 = CARTESIAN_POINT('',(17.05921377791,11.727795800074,
    3.649247586347));
#5701 = CARTESIAN_POINT('',(17.032500318269,11.740581397707,
    3.646705448512));
#5702 = CARTESIAN_POINT('',(17.005775933718,11.753401052555,
    3.644444997479));
#5703 = CARTESIAN_POINT('',(17.054471410801,11.661406834407,
    3.737247055148));
#5704 = CARTESIAN_POINT('',(17.027374981033,11.674376149126,
    3.734343269938));
#5705 = CARTESIAN_POINT('',(17.000270890884,11.687363540014,
    3.731744927578));
#5706 = CARTESIAN_POINT('',(16.973148790538,11.700373978647,
    3.729450836216));
#5707 = CARTESIAN_POINT('',(17.023017071496,11.607773949859,
    3.822421604522));
#5708 = CARTESIAN_POINT('',(16.995536184155,11.620956498178,
    3.81943895353));
#5709 = CARTESIAN_POINT('',(16.9680414635,11.634145682321,3.816784406644
    ));
#5710 = CARTESIAN_POINT('',(16.940521647359,11.647346904739,
    3.814456674954));
#5711 = ADVANCED_FACE('',(#5712),#5731,.T.);
#5712 = FACE_BOUND('',#5713,.T.);
#5713 = EDGE_LOOP('',(#5714,#5715,#5723,#5730));
#5714 = ORIENTED_EDGE('',*,*,#5232,.F.);
#5715 = ORIENTED_EDGE('',*,*,#5716,.F.);
#5716 = EDGE_CURVE('',#5717,#5225,#5719,.T.);
#5717 = VERTEX_POINT('',#5718);
#5718 = CARTESIAN_POINT('',(19.185568717405,11.115918843135,
    3.934248026977));
#5719 = LINE('',#5720,#5721);
#5720 = CARTESIAN_POINT('',(19.185568717405,11.115918843135,
    3.934248026977));
#5721 = VECTOR('',#5722,1.);
#5722 = DIRECTION('',(2.586485592022E-15,0.573576436351,-0.819152044289)
  );
#5723 = ORIENTED_EDGE('',*,*,#5724,.T.);
#5724 = EDGE_CURVE('',#5717,#5679,#5725,.T.);
#5725 = B_SPLINE_CURVE_WITH_KNOTS('',3,(#5726,#5727,#5728,#5729),
  .UNSPECIFIED.,.F.,.F.,(4,4),(3.552713678801E-15,0.429630926368),
  .PIECEWISE_BEZIER_KNOTS.);
#5726 = CARTESIAN_POINT('',(19.185568717405,11.115918843135,
    3.934248026977));
#5727 = CARTESIAN_POINT('',(18.438386626371,11.115918843135,
    3.934248026977));
#5728 = CARTESIAN_POINT('',(17.692167941298,11.286783087958,
    3.895048209746));
#5729 = CARTESIAN_POINT('',(17.023017071478,11.607773949867,
    3.82242160452));
#5730 = ORIENTED_EDGE('',*,*,#5678,.T.);
#5731 = B_SPLINE_SURFACE_WITH_KNOTS('',3,3,(
    (#5732,#5733,#5734,#5735)
    ,(#5736,#5737,#5738,#5739)
    ,(#5740,#5741,#5742,#5743)
    ,(#5744,#5745,#5746,#5747
    )),.UNSPECIFIED.,.F.,.F.,.F.,(4,4),(4,4),(0.741768065147,1.),(
    3.552713678801E-15,0.429630926368),.PIECEWISE_BEZIER_KNOTS.);
#5732 = CARTESIAN_POINT('',(19.185568717405,11.370227654654,
    3.57105740471));
#5733 = CARTESIAN_POINT('',(18.483977501772,11.370227654654,
    3.57105740471));
#5734 = CARTESIAN_POINT('',(17.783164835403,11.529073259815,
    3.536319436933));
#5735 = CARTESIAN_POINT('',(17.152572025143,11.828678474529,
    3.47160244756));
#5736 = CARTESIAN_POINT('',(19.185568717405,11.285458050814,
    3.692120945466));
#5737 = CARTESIAN_POINT('',(18.468780543305,11.285458050814,
    3.692120945466));
#5738 = CARTESIAN_POINT('',(17.752832537368,11.448309869196,
    3.655895694537));
#5739 = CARTESIAN_POINT('',(17.109387040588,11.755043632975,
    3.588542166547));
#5740 = CARTESIAN_POINT('',(19.185568717405,11.200688446975,
    3.813184486222));
#5741 = CARTESIAN_POINT('',(18.453583584838,11.200688446975,
    3.813184486222));
#5742 = CARTESIAN_POINT('',(17.722500239333,11.367546478577,
    3.775471952142));
#5743 = CARTESIAN_POINT('',(17.066202056033,11.681408791421,
    3.705481885533));
#5744 = CARTESIAN_POINT('',(19.185568717405,11.115918843135,
    3.934248026977));
#5745 = CARTESIAN_POINT('',(18.438386626371,11.115918843135,
    3.934248026977));
#5746 = CARTESIAN_POINT('',(17.692167941298,11.286783087958,
    3.895048209746));
#5747 = CARTESIAN_POINT('',(17.023017071478,11.607773949867,
    3.82242160452));
#5748 = ADVANCED_FACE('',(#5749),#5764,.T.);
#5749 = FACE_BOUND('',#5750,.T.);
#5750 = EDGE_LOOP('',(#5751,#5752,#5753,#5754,#5755,#5756,#5762,#5763));
#5751 = ORIENTED_EDGE('',*,*,#5628,.T.);
#5752 = ORIENTED_EDGE('',*,*,#3548,.T.);
#5753 = ORIENTED_EDGE('',*,*,#1834,.F.);
#5754 = ORIENTED_EDGE('',*,*,#1489,.T.);
#5755 = ORIENTED_EDGE('',*,*,#1934,.F.);
#5756 = ORIENTED_EDGE('',*,*,#5757,.T.);
#5757 = EDGE_CURVE('',#1935,#5717,#5758,.T.);
#5758 = LINE('',#5759,#5760);
#5759 = CARTESIAN_POINT('',(18.234602865261,11.115918843135,
    3.934248026977));
#5760 = VECTOR('',#5761,1.);
#5761 = DIRECTION('',(-1.,3.831314754636E-15,-6.755641628288E-16));
#5762 = ORIENTED_EDGE('',*,*,#5716,.T.);
#5763 = ORIENTED_EDGE('',*,*,#5286,.F.);
#5764 = PLANE('',#5765);
#5765 = AXIS2_PLACEMENT_3D('',#5766,#5767,#5768);
#5766 = CARTESIAN_POINT('',(18.234602865261,11.608322719642,
    3.231022412233));
#5767 = DIRECTION('',(-2.750941628533E-15,-0.819152044289,
    -0.573576436351));
#5768 = DIRECTION('',(-1.,-2.761013168274E-30,4.796120367206E-15));
#5769 = ADVANCED_FACE('',(#5770),#5797,.F.);
#5770 = FACE_BOUND('',#5771,.T.);
#5771 = EDGE_LOOP('',(#5772,#5773,#5774,#5775,#5783,#5791));
#5772 = ORIENTED_EDGE('',*,*,#4011,.F.);
#5773 = ORIENTED_EDGE('',*,*,#5579,.T.);
#5774 = ORIENTED_EDGE('',*,*,#5472,.T.);
#5775 = ORIENTED_EDGE('',*,*,#5776,.F.);
#5776 = EDGE_CURVE('',#5777,#5475,#5779,.T.);
#5777 = VERTEX_POINT('',#5778);
#5778 = CARTESIAN_POINT('',(19.608349721354,11.115918843135,
    8.661481382566));
#5779 = LINE('',#5780,#5781);
#5780 = CARTESIAN_POINT('',(19.608349721354,11.115918843135,
    9.661481382566));
#5781 = VECTOR('',#5782,1.);
#5782 = DIRECTION('',(0.,0.,-1.));
#5783 = ORIENTED_EDGE('',*,*,#5784,.F.);
#5784 = EDGE_CURVE('',#5785,#5777,#5787,.T.);
#5785 = VERTEX_POINT('',#5786);
#5786 = CARTESIAN_POINT('',(19.608349721354,12.115918843135,
    9.661481382566));
#5787 = LINE('',#5788,#5789);
#5788 = CARTESIAN_POINT('',(19.608349721354,13.680924757659,
    11.22648729709));
#5789 = VECTOR('',#5790,1.);
#5790 = DIRECTION('',(0.,-0.707106781187,-0.707106781187));
#5791 = ORIENTED_EDGE('',*,*,#5792,.F.);
#5792 = EDGE_CURVE('',#4012,#5785,#5793,.T.);
#5793 = LINE('',#5794,#5795);
#5794 = CARTESIAN_POINT('',(19.608349721354,17.628774204308,
    9.661481382566));
#5795 = VECTOR('',#5796,1.);
#5796 = DIRECTION('',(0.,-1.,0.));
#5797 = PLANE('',#5798);
#5798 = AXIS2_PLACEMENT_3D('',#5799,#5800,#5801);
#5799 = CARTESIAN_POINT('',(19.608349721354,19.375942501231,
    9.661481382566));
#5800 = DIRECTION('',(1.,0.,0.));
#5801 = DIRECTION('',(0.,-1.,0.));
#5802 = ADVANCED_FACE('',(#5803),#5830,.F.);
#5803 = FACE_BOUND('',#5804,.T.);
#5804 = EDGE_LOOP('',(#5805,#5806,#5814,#5822,#5828,#5829));
#5805 = ORIENTED_EDGE('',*,*,#4178,.F.);
#5806 = ORIENTED_EDGE('',*,*,#5807,.F.);
#5807 = EDGE_CURVE('',#5808,#4179,#5810,.T.);
#5808 = VERTEX_POINT('',#5809);
#5809 = CARTESIAN_POINT('',(16.308349721354,13.059702669594,
    9.661481382566));
#5810 = LINE('',#5811,#5812);
#5811 = CARTESIAN_POINT('',(16.308349721354,13.202609864206,
    9.661481382566));
#5812 = VECTOR('',#5813,1.);
#5813 = DIRECTION('',(0.,1.,0.));
#5814 = ORIENTED_EDGE('',*,*,#5815,.F.);
#5815 = EDGE_CURVE('',#5816,#5808,#5818,.T.);
#5816 = VERTEX_POINT('',#5817);
#5817 = CARTESIAN_POINT('',(16.308349721354,11.950599010727,
    8.661481382566));
#5818 = LINE('',#5819,#5820);
#5819 = CARTESIAN_POINT('',(16.308349721354,12.305380487292,
    8.981362643193));
#5820 = VECTOR('',#5821,1.);
#5821 = DIRECTION('',(0.,0.742692272572,0.669632875732));
#5822 = ORIENTED_EDGE('',*,*,#5823,.F.);
#5823 = EDGE_CURVE('',#5546,#5816,#5824,.T.);
#5824 = LINE('',#5825,#5826);
#5825 = CARTESIAN_POINT('',(16.308349721354,11.950599010727,
    9.661481382566));
#5826 = VECTOR('',#5827,1.);
#5827 = DIRECTION('',(0.,0.,1.));
#5828 = ORIENTED_EDGE('',*,*,#5545,.T.);
#5829 = ORIENTED_EDGE('',*,*,#5589,.T.);
#5830 = PLANE('',#5831);
#5831 = AXIS2_PLACEMENT_3D('',#5832,#5833,#5834);
#5832 = CARTESIAN_POINT('',(16.308349721354,10.523613821027,
    9.661481382566));
#5833 = DIRECTION('',(-1.,0.,0.));
#5834 = DIRECTION('',(0.,1.,0.));
#5835 = ADVANCED_FACE('',(#5836),#5856,.T.);
#5836 = FACE_BOUND('',#5837,.T.);
#5837 = EDGE_LOOP('',(#5838,#5839,#5845,#5846,#5847,#5848,#5849,#5855));
#5838 = ORIENTED_EDGE('',*,*,#5498,.F.);
#5839 = ORIENTED_EDGE('',*,*,#5840,.T.);
#5840 = EDGE_CURVE('',#5491,#5717,#5841,.T.);
#5841 = LINE('',#5842,#5843);
#5842 = CARTESIAN_POINT('',(19.185568717405,11.115918843135,
    9.661481382566));
#5843 = VECTOR('',#5844,1.);
#5844 = DIRECTION('',(0.,0.,-1.));
#5845 = ORIENTED_EDGE('',*,*,#5757,.F.);
#5846 = ORIENTED_EDGE('',*,*,#2038,.F.);
#5847 = ORIENTED_EDGE('',*,*,#1678,.T.);
#5848 = ORIENTED_EDGE('',*,*,#1988,.F.);
#5849 = ORIENTED_EDGE('',*,*,#5850,.F.);
#5850 = EDGE_CURVE('',#5777,#1981,#5851,.T.);
#5851 = LINE('',#5852,#5853);
#5852 = CARTESIAN_POINT('',(18.234602865261,11.115918843135,
    8.661481382566));
#5853 = VECTOR('',#5854,1.);
#5854 = DIRECTION('',(1.,-3.831314754636E-15,0.));
#5855 = ORIENTED_EDGE('',*,*,#5776,.T.);
#5856 = PLANE('',#5857);
#5857 = AXIS2_PLACEMENT_3D('',#5858,#5859,#5860);
#5858 = CARTESIAN_POINT('',(23.821984551554,11.115918843135,
    9.661481382566));
#5859 = DIRECTION('',(-3.831314754636E-15,-1.,0.));
#5860 = DIRECTION('',(-1.,3.831314754636E-15,0.));
#5861 = ADVANCED_FACE('',(#5862),#5873,.T.);
#5862 = FACE_BOUND('',#5863,.T.);
#5863 = EDGE_LOOP('',(#5864,#5865,#5871,#5872));
#5864 = ORIENTED_EDGE('',*,*,#5522,.F.);
#5865 = ORIENTED_EDGE('',*,*,#5866,.T.);
#5866 = EDGE_CURVE('',#5515,#5679,#5867,.T.);
#5867 = LINE('',#5868,#5869);
#5868 = CARTESIAN_POINT('',(17.023017079328,11.607773946102,
    9.661481382566));
#5869 = VECTOR('',#5870,1.);
#5870 = DIRECTION('',(0.,0.,-1.));
#5871 = ORIENTED_EDGE('',*,*,#5724,.F.);
#5872 = ORIENTED_EDGE('',*,*,#5840,.F.);
#5873 = CYLINDRICAL_SURFACE('',#5874,5.);
#5874 = AXIS2_PLACEMENT_3D('',#5875,#5876,#5877);
#5875 = CARTESIAN_POINT('',(19.185568717405,16.115918843136,
    9.661481382566));
#5876 = DIRECTION('',(0.,0.,-1.));
#5877 = DIRECTION('',(-0.432510327615,-0.901628979407,-0.));
#5878 = ADVANCED_FACE('',(#5879),#5900,.T.);
#5879 = FACE_BOUND('',#5880,.T.);
#5880 = EDGE_LOOP('',(#5881,#5882,#5890,#5896,#5897,#5898,#5899));
#5881 = ORIENTED_EDGE('',*,*,#5823,.T.);
#5882 = ORIENTED_EDGE('',*,*,#5883,.F.);
#5883 = EDGE_CURVE('',#5884,#5816,#5886,.T.);
#5884 = VERTEX_POINT('',#5885);
#5885 = CARTESIAN_POINT('',(12.490742218557,13.78190069851,
    8.661481382566));
#5886 = LINE('',#5887,#5888);
#5887 = CARTESIAN_POINT('',(14.411078687833,12.860717623844,
    8.661481382566));
#5888 = VECTOR('',#5889,1.);
#5889 = DIRECTION('',(0.901628979407,-0.432510327615,0.));
#5890 = ORIENTED_EDGE('',*,*,#5891,.T.);
#5891 = EDGE_CURVE('',#5884,#5654,#5892,.T.);
#5892 = LINE('',#5893,#5894);
#5893 = CARTESIAN_POINT('',(12.490742218557,13.78190069851,
    9.661481382566));
#5894 = VECTOR('',#5895,1.);
#5895 = DIRECTION('',(0.,0.,-1.));
#5896 = ORIENTED_EDGE('',*,*,#5653,.F.);
#5897 = ORIENTED_EDGE('',*,*,#5686,.F.);
#5898 = ORIENTED_EDGE('',*,*,#5866,.F.);
#5899 = ORIENTED_EDGE('',*,*,#5555,.F.);
#5900 = PLANE('',#5901);
#5901 = AXIS2_PLACEMENT_3D('',#5902,#5903,#5904);
#5902 = CARTESIAN_POINT('',(17.023017079328,11.607773946102,
    9.661481382566));
#5903 = DIRECTION('',(-0.432510327615,-0.901628979407,0.));
#5904 = DIRECTION('',(-0.901628979407,0.432510327615,0.));
#5905 = ADVANCED_FACE('',(#5906,#5971,#5974,#5977),#6068,.T.);
#5906 = FACE_BOUND('',#5907,.T.);
#5907 = EDGE_LOOP('',(#5908,#5916,#5925,#5933,#5942,#5950,#5959,#5965,
    #5966,#5967,#5968,#5969,#5970));
#5908 = ORIENTED_EDGE('',*,*,#5909,.F.);
#5909 = EDGE_CURVE('',#5910,#2442,#5912,.T.);
#5910 = VERTEX_POINT('',#5911);
#5911 = CARTESIAN_POINT('',(3.07881720349,21.7929000185,9.661481382566)
  );
#5912 = LINE('',#5913,#5914);
#5913 = CARTESIAN_POINT('',(6.052163247968,23.066124242992,
    9.661481382566));
#5914 = VECTOR('',#5915,1.);
#5915 = DIRECTION('',(0.919264421021,0.393640602893,0.));
#5916 = ORIENTED_EDGE('',*,*,#5917,.F.);
#5917 = EDGE_CURVE('',#5918,#5910,#5920,.T.);
#5918 = VERTEX_POINT('',#5919);
#5919 = CARTESIAN_POINT('',(2.472457806383,20.873635597479,
    9.661481382566));
#5920 = CIRCLE('',#5921,1.);
#5921 = AXIS2_PLACEMENT_3D('',#5922,#5923,#5924);
#5922 = CARTESIAN_POINT('',(3.472457806383,20.873635597479,
    9.661481382566));
#5923 = DIRECTION('',(0.,0.,-1.));
#5924 = DIRECTION('',(-0.393640602893,0.919264421021,0.));
#5925 = ORIENTED_EDGE('',*,*,#5926,.F.);
#5926 = EDGE_CURVE('',#5927,#5918,#5929,.T.);
#5927 = VERTEX_POINT('',#5928);
#5928 = CARTESIAN_POINT('',(2.472457806383,17.25530401716,9.661481382566
    ));
#5929 = LINE('',#5930,#5931);
#5930 = CARTESIAN_POINT('',(2.472457806383,16.568454962272,
    9.661481382566));
#5931 = VECTOR('',#5932,1.);
#5932 = DIRECTION('',(0.,1.,0.));
#5933 = ORIENTED_EDGE('',*,*,#5934,.F.);
#5934 = EDGE_CURVE('',#5935,#5927,#5937,.T.);
#5935 = VERTEX_POINT('',#5936);
#5936 = CARTESIAN_POINT('',(4.08454013375,14.046277811482,9.661481382566
    ));
#5937 = CIRCLE('',#5938,4.);
#5938 = AXIS2_PLACEMENT_3D('',#5939,#5940,#5941);
#5939 = CARTESIAN_POINT('',(6.472457806383,17.25530401716,9.661481382566
    ));
#5940 = DIRECTION('',(0.,0.,-1.));
#5941 = DIRECTION('',(-1.,3.552713678801E-15,0.));
#5942 = ORIENTED_EDGE('',*,*,#5943,.F.);
#5943 = EDGE_CURVE('',#5944,#5935,#5946,.T.);
#5944 = VERTEX_POINT('',#5945);
#5945 = CARTESIAN_POINT('',(20.553948690143,1.790973794322,
    9.661481382566));
#5946 = LINE('',#5947,#5948);
#5947 = CARTESIAN_POINT('',(14.635284412854,6.195201781339,
    9.661481382566));
#5948 = VECTOR('',#5949,1.);
#5949 = DIRECTION('',(-0.80225655142,0.596979418158,0.));
#5950 = ORIENTED_EDGE('',*,*,#5951,.F.);
#5951 = EDGE_CURVE('',#5952,#5944,#5954,.T.);
#5952 = VERTEX_POINT('',#5953);
#5953 = CARTESIAN_POINT('',(22.941866362776,1.,9.661481382566));
#5954 = CIRCLE('',#5955,4.);
#5955 = AXIS2_PLACEMENT_3D('',#5956,#5957,#5958);
#5956 = CARTESIAN_POINT('',(22.941866362776,5.,9.661481382566));
#5957 = DIRECTION('',(0.,0.,-1.));
#5958 = DIRECTION('',(-0.596979418158,-0.80225655142,-0.));
#5959 = ORIENTED_EDGE('',*,*,#5960,.F.);
#5960 = EDGE_CURVE('',#2603,#5952,#5961,.T.);
#5961 = LINE('',#5962,#5963);
#5962 = CARTESIAN_POINT('',(18.234602865261,1.,9.661481382566));
#5963 = VECTOR('',#5964,1.);
#5964 = DIRECTION('',(-1.,0.,0.));
#5965 = ORIENTED_EDGE('',*,*,#2618,.T.);
#5966 = ORIENTED_EDGE('',*,*,#2586,.T.);
#5967 = ORIENTED_EDGE('',*,*,#2554,.T.);
#5968 = ORIENTED_EDGE('',*,*,#2522,.T.);
#5969 = ORIENTED_EDGE('',*,*,#2490,.T.);
#5970 = ORIENTED_EDGE('',*,*,#2449,.T.);
#5971 = FACE_BOUND('',#5972,.T.);
#5972 = EDGE_LOOP('',(#5973));
#5973 = ORIENTED_EDGE('',*,*,#119,.F.);
#5974 = FACE_BOUND('',#5975,.T.);
#5975 = EDGE_LOOP('',(#5976));
#5976 = ORIENTED_EDGE('',*,*,#3791,.T.);
#5977 = FACE_BOUND('',#5978,.T.);
#5978 = EDGE_LOOP('',(#5979,#5985,#5986,#5987,#5988,#5989,#5990,#5991,
    #5992,#5993,#5994,#5995,#5996,#5997,#5998,#5999,#6000,#6001,#6009,
    #6018,#6026,#6035,#6043,#6052,#6058,#6059,#6060,#6061,#6062,#6063,
    #6064,#6065,#6066,#6067));
#5979 = ORIENTED_EDGE('',*,*,#5980,.F.);
#5980 = EDGE_CURVE('',#1973,#5785,#5981,.T.);
#5981 = LINE('',#5982,#5983);
#5982 = CARTESIAN_POINT('',(18.234602865261,12.115918843135,
    9.661481382566));
#5983 = VECTOR('',#5984,1.);
#5984 = DIRECTION('',(-1.,3.831314754636E-15,0.));
#5985 = ORIENTED_EDGE('',*,*,#1972,.F.);
#5986 = ORIENTED_EDGE('',*,*,#352,.F.);
#5987 = ORIENTED_EDGE('',*,*,#462,.F.);
#5988 = ORIENTED_EDGE('',*,*,#593,.F.);
#5989 = ORIENTED_EDGE('',*,*,#671,.F.);
#5990 = ORIENTED_EDGE('',*,*,#776,.F.);
#5991 = ORIENTED_EDGE('',*,*,#746,.F.);
#5992 = ORIENTED_EDGE('',*,*,#648,.F.);
#5993 = ORIENTED_EDGE('',*,*,#537,.F.);
#5994 = ORIENTED_EDGE('',*,*,#2023,.F.);
#5995 = ORIENTED_EDGE('',*,*,#2096,.T.);
#5996 = ORIENTED_EDGE('',*,*,#2110,.T.);
#5997 = ORIENTED_EDGE('',*,*,#2160,.T.);
#5998 = ORIENTED_EDGE('',*,*,#2174,.T.);
#5999 = ORIENTED_EDGE('',*,*,#2224,.T.);
#6000 = ORIENTED_EDGE('',*,*,#2238,.T.);
#6001 = ORIENTED_EDGE('',*,*,#6002,.F.);
#6002 = EDGE_CURVE('',#6003,#2239,#6005,.T.);
#6003 = VERTEX_POINT('',#6004);
#6004 = CARTESIAN_POINT('',(19.6691617432,5.804573263744,9.661481382566)
  );
#6005 = LINE('',#6006,#6007);
#6006 = CARTESIAN_POINT('',(16.158191461084,5.804573263744,
    9.661481382566));
#6007 = VECTOR('',#6008,1.);
#6008 = DIRECTION('',(1.,0.,0.));
#6009 = ORIENTED_EDGE('',*,*,#6010,.F.);
#6010 = EDGE_CURVE('',#6011,#6003,#6013,.T.);
#6011 = VERTEX_POINT('',#6012);
#6012 = CARTESIAN_POINT('',(16.087285234251,6.991033955226,
    9.661481382566));
#6013 = CIRCLE('',#6014,6.);
#6014 = AXIS2_PLACEMENT_3D('',#6015,#6016,#6017);
#6015 = CARTESIAN_POINT('',(19.6691617432,11.804573263744,9.661481382566
    ));
#6016 = DIRECTION('',(0.,0.,1.));
#6017 = DIRECTION('',(-0.596979418158,-0.80225655142,0.));
#6018 = ORIENTED_EDGE('',*,*,#6019,.F.);
#6019 = EDGE_CURVE('',#6020,#6011,#6022,.T.);
#6020 = VERTEX_POINT('',#6021);
#6021 = CARTESIAN_POINT('',(10.673587286812,11.019503707238,
    9.661481382566));
#6022 = LINE('',#6023,#6024);
#6023 = CARTESIAN_POINT('',(10.144413160495,11.41327557669,
    9.661481382566));
#6024 = VECTOR('',#6025,1.);
#6025 = DIRECTION('',(0.80225655142,-0.596979418158,0.));
#6026 = ORIENTED_EDGE('',*,*,#6027,.F.);
#6027 = EDGE_CURVE('',#6028,#6020,#6030,.T.);
#6028 = VERTEX_POINT('',#6029);
#6029 = CARTESIAN_POINT('',(10.263033020289,13.817975646393,
    9.661481382566));
#6030 = CIRCLE('',#6031,2.);
#6031 = AXIS2_PLACEMENT_3D('',#6032,#6033,#6034);
#6032 = CARTESIAN_POINT('',(11.867546123128,12.624016810077,
    9.661481382566));
#6033 = DIRECTION('',(0.,0.,1.));
#6034 = DIRECTION('',(-0.80225655142,0.596979418158,0.));
#6035 = ORIENTED_EDGE('',*,*,#6036,.F.);
#6036 = EDGE_CURVE('',#6037,#6028,#6039,.T.);
#6037 = VERTEX_POINT('',#6038);
#6038 = CARTESIAN_POINT('',(10.453718788103,14.07423055542,
    9.661481382566));
#6039 = LINE('',#6040,#6041);
#6040 = CARTESIAN_POINT('',(11.277387558432,15.181125780109,
    9.661481382566));
#6041 = VECTOR('',#6042,1.);
#6042 = DIRECTION('',(-0.596979418158,-0.80225655142,0.));
#6043 = ORIENTED_EDGE('',*,*,#6044,.F.);
#6044 = EDGE_CURVE('',#6045,#6037,#6047,.T.);
#6045 = VERTEX_POINT('',#6046);
#6046 = CARTESIAN_POINT('',(12.923252546173,14.683529677917,
    9.661481382566));
#6047 = CIRCLE('',#6048,2.);
#6048 = AXIS2_PLACEMENT_3D('',#6049,#6050,#6051);
#6049 = CARTESIAN_POINT('',(12.058231890942,12.880271719104,
    9.661481382566));
#6050 = DIRECTION('',(0.,0.,1.));
#6051 = DIRECTION('',(0.432510327615,0.901628979407,-0.));
#6052 = ORIENTED_EDGE('',*,*,#6053,.F.);
#6053 = EDGE_CURVE('',#5808,#6045,#6054,.T.);
#6054 = LINE('',#6055,#6056);
#6055 = CARTESIAN_POINT('',(14.843589015449,13.762346603251,
    9.661481382566));
#6056 = VECTOR('',#6057,1.);
#6057 = DIRECTION('',(-0.901628979407,0.432510327615,0.));
#6058 = ORIENTED_EDGE('',*,*,#5807,.T.);
#6059 = ORIENTED_EDGE('',*,*,#4186,.T.);
#6060 = ORIENTED_EDGE('',*,*,#4289,.T.);
#6061 = ORIENTED_EDGE('',*,*,#4363,.T.);
#6062 = ORIENTED_EDGE('',*,*,#4402,.T.);
#6063 = ORIENTED_EDGE('',*,*,#4314,.T.);
#6064 = ORIENTED_EDGE('',*,*,#4227,.T.);
#6065 = ORIENTED_EDGE('',*,*,#4120,.T.);
#6066 = ORIENTED_EDGE('',*,*,#4019,.T.);
#6067 = ORIENTED_EDGE('',*,*,#5792,.T.);
#6068 = PLANE('',#6069);
#6069 = AXIS2_PLACEMENT_3D('',#6070,#6071,#6072);
#6070 = CARTESIAN_POINT('',(12.647221178968,15.881605907385,
    9.661481382566));
#6071 = DIRECTION('',(0.,0.,1.));
#6072 = DIRECTION('',(1.,0.,-0.));
#6073 = ADVANCED_FACE('',(#6074),#6080,.T.);
#6074 = FACE_BOUND('',#6075,.T.);
#6075 = EDGE_LOOP('',(#6076,#6077,#6078,#6079));
#6076 = ORIENTED_EDGE('',*,*,#5784,.T.);
#6077 = ORIENTED_EDGE('',*,*,#5850,.T.);
#6078 = ORIENTED_EDGE('',*,*,#1980,.F.);
#6079 = ORIENTED_EDGE('',*,*,#5980,.T.);
#6080 = PLANE('',#6081);
#6081 = AXIS2_PLACEMENT_3D('',#6082,#6083,#6084);
#6082 = CARTESIAN_POINT('',(18.234602865261,11.615918843135,
    9.161481382566));
#6083 = DIRECTION('',(-2.709148643863E-15,-0.707106781187,0.707106781187
    ));
#6084 = DIRECTION('',(1.,-3.549874073495E-30,3.831314754636E-15));
#6085 = ADVANCED_FACE('',(#6086),#6097,.T.);
#6086 = FACE_BOUND('',#6087,.T.);
#6087 = EDGE_LOOP('',(#6088,#6089,#6090,#6096));
#6088 = ORIENTED_EDGE('',*,*,#5815,.T.);
#6089 = ORIENTED_EDGE('',*,*,#6053,.T.);
#6090 = ORIENTED_EDGE('',*,*,#6091,.T.);
#6091 = EDGE_CURVE('',#6045,#5884,#6092,.T.);
#6092 = LINE('',#6093,#6094);
#6093 = CARTESIAN_POINT('',(12.923252546173,14.683529677917,
    9.661481382566));
#6094 = VECTOR('',#6095,1.);
#6095 = DIRECTION('',(-0.30583098559,-0.637547965453,-0.707106781187));
#6096 = ORIENTED_EDGE('',*,*,#5883,.T.);
#6097 = PLANE('',#6098);
#6098 = AXIS2_PLACEMENT_3D('',#6099,#6100,#6101);
#6099 = CARTESIAN_POINT('',(14.627333851641,13.311532113547,
    9.161481382566));
#6100 = DIRECTION('',(-0.30583098559,-0.637547965453,0.707106781187));
#6101 = DIRECTION('',(0.917830987947,-8.326672684689E-17,0.396971381292)
  );
#6102 = ADVANCED_FACE('',(#6103),#6122,.F.);
#6103 = FACE_BOUND('',#6104,.F.);
#6104 = EDGE_LOOP('',(#6105,#6114,#6120,#6121));
#6105 = ORIENTED_EDGE('',*,*,#6106,.F.);
#6106 = EDGE_CURVE('',#6107,#5884,#6109,.T.);
#6107 = VERTEX_POINT('',#6108);
#6108 = CARTESIAN_POINT('',(11.255975339522,13.477251137262,
    8.661481382566));
#6109 = CIRCLE('',#6110,1.);
#6110 = AXIS2_PLACEMENT_3D('',#6111,#6112,#6113);
#6111 = CARTESIAN_POINT('',(12.058231890942,12.880271719104,
    8.661481382566));
#6112 = DIRECTION('',(0.,0.,-1.));
#6113 = DIRECTION('',(0.432510327615,0.901628979407,0.));
#6114 = ORIENTED_EDGE('',*,*,#6115,.F.);
#6115 = EDGE_CURVE('',#6037,#6107,#6116,.T.);
#6116 = LINE('',#6117,#6118);
#6117 = CARTESIAN_POINT('',(10.453718788103,14.07423055542,
    9.661481382566));
#6118 = VECTOR('',#6119,1.);
#6119 = DIRECTION('',(0.56728104776,-0.422128194808,-0.707106781187));
#6120 = ORIENTED_EDGE('',*,*,#6044,.F.);
#6121 = ORIENTED_EDGE('',*,*,#6091,.T.);
#6122 = CONICAL_SURFACE('',#6123,1.5,0.785398163397);
#6123 = AXIS2_PLACEMENT_3D('',#6124,#6125,#6126);
#6124 = CARTESIAN_POINT('',(12.058231890942,12.880271719104,
    9.161481382566));
#6125 = DIRECTION('',(0.,0.,1.));
#6126 = DIRECTION('',(0.432510327615,0.901628979407,-0.));
#6127 = ADVANCED_FACE('',(#6128),#6146,.T.);
#6128 = FACE_BOUND('',#6129,.T.);
#6129 = EDGE_LOOP('',(#6130,#6131,#6132,#6140));
#6130 = ORIENTED_EDGE('',*,*,#6115,.F.);
#6131 = ORIENTED_EDGE('',*,*,#6036,.T.);
#6132 = ORIENTED_EDGE('',*,*,#6133,.T.);
#6133 = EDGE_CURVE('',#6028,#6134,#6136,.T.);
#6134 = VERTEX_POINT('',#6135);
#6135 = CARTESIAN_POINT('',(11.065289571708,13.220996228235,
    8.661481382566));
#6136 = LINE('',#6137,#6138);
#6137 = CARTESIAN_POINT('',(10.263033020289,13.817975646393,
    9.661481382566));
#6138 = VECTOR('',#6139,1.);
#6139 = DIRECTION('',(0.56728104776,-0.422128194808,-0.707106781187));
#6140 = ORIENTED_EDGE('',*,*,#6141,.T.);
#6141 = EDGE_CURVE('',#6134,#6107,#6142,.T.);
#6142 = LINE('',#6143,#6144);
#6143 = CARTESIAN_POINT('',(12.079644109852,14.58414636195,
    8.661481382566));
#6144 = VECTOR('',#6145,1.);
#6145 = DIRECTION('',(0.596979418158,0.80225655142,0.));
#6146 = PLANE('',#6147);
#6147 = AXIS2_PLACEMENT_3D('',#6148,#6149,#6150);
#6148 = CARTESIAN_POINT('',(11.678515834142,14.882636071029,
    9.161481382566));
#6149 = DIRECTION('',(0.56728104776,-0.422128194808,0.707106781187));
#6150 = DIRECTION('',(0.780009471166,-2.498001805407E-16,-0.625767708412
    ));
#6151 = ADVANCED_FACE('',(#6152),#6171,.F.);
#6152 = FACE_BOUND('',#6153,.F.);
#6153 = EDGE_LOOP('',(#6154,#6163,#6169,#6170));
#6154 = ORIENTED_EDGE('',*,*,#6155,.F.);
#6155 = EDGE_CURVE('',#6156,#6134,#6158,.T.);
#6156 = VERTEX_POINT('',#6157);
#6157 = CARTESIAN_POINT('',(11.27056670497,11.821760258657,
    8.661481382566));
#6158 = CIRCLE('',#6159,1.);
#6159 = AXIS2_PLACEMENT_3D('',#6160,#6161,#6162);
#6160 = CARTESIAN_POINT('',(11.867546123128,12.624016810077,
    8.661481382566));
#6161 = DIRECTION('',(0.,0.,-1.));
#6162 = DIRECTION('',(-0.80225655142,0.596979418158,0.));
#6163 = ORIENTED_EDGE('',*,*,#6164,.F.);
#6164 = EDGE_CURVE('',#6020,#6156,#6165,.T.);
#6165 = LINE('',#6166,#6167);
#6166 = CARTESIAN_POINT('',(10.673587286812,11.019503707238,
    9.661481382566));
#6167 = VECTOR('',#6168,1.);
#6168 = DIRECTION('',(0.422128194808,0.56728104776,-0.707106781187));
#6169 = ORIENTED_EDGE('',*,*,#6027,.F.);
#6170 = ORIENTED_EDGE('',*,*,#6133,.T.);
#6171 = CONICAL_SURFACE('',#6172,1.5,0.785398163397);
#6172 = AXIS2_PLACEMENT_3D('',#6173,#6174,#6175);
#6173 = CARTESIAN_POINT('',(11.867546123128,12.624016810077,
    9.161481382566));
#6174 = DIRECTION('',(0.,0.,1.));
#6175 = DIRECTION('',(-0.80225655142,0.596979418158,0.));
#6176 = ADVANCED_FACE('',(#6177),#6195,.T.);
#6177 = FACE_BOUND('',#6178,.T.);
#6178 = EDGE_LOOP('',(#6179,#6180,#6181,#6189));
#6179 = ORIENTED_EDGE('',*,*,#6164,.F.);
#6180 = ORIENTED_EDGE('',*,*,#6019,.T.);
#6181 = ORIENTED_EDGE('',*,*,#6182,.T.);
#6182 = EDGE_CURVE('',#6011,#6183,#6185,.T.);
#6183 = VERTEX_POINT('',#6184);
#6184 = CARTESIAN_POINT('',(16.684264652409,7.793290506646,
    8.661481382566));
#6185 = LINE('',#6186,#6187);
#6186 = CARTESIAN_POINT('',(16.087285234251,6.991033955226,
    9.661481382566));
#6187 = VECTOR('',#6188,1.);
#6188 = DIRECTION('',(0.422128194808,0.56728104776,-0.707106781187));
#6189 = ORIENTED_EDGE('',*,*,#6190,.T.);
#6190 = EDGE_CURVE('',#6183,#6156,#6191,.T.);
#6191 = LINE('',#6192,#6193);
#6192 = CARTESIAN_POINT('',(10.741392578654,12.215532128109,
    8.661481382566));
#6193 = VECTOR('',#6194,1.);
#6194 = DIRECTION('',(-0.80225655142,0.596979418158,0.));
#6195 = PLANE('',#6196);
#6196 = AXIS2_PLACEMENT_3D('',#6197,#6198,#6199);
#6197 = CARTESIAN_POINT('',(10.442902869574,11.8144038524,9.161481382566
    ));
#6198 = DIRECTION('',(0.422128194808,0.56728104776,0.707106781187));
#6199 = DIRECTION('',(0.858635030419,5.551115123126E-17,-0.51258744087)
  );
#6200 = ADVANCED_FACE('',(#6201),#6220,.F.);
#6201 = FACE_BOUND('',#6202,.F.);
#6202 = EDGE_LOOP('',(#6203,#6212,#6218,#6219));
#6203 = ORIENTED_EDGE('',*,*,#6204,.F.);
#6204 = EDGE_CURVE('',#6205,#6183,#6207,.T.);
#6205 = VERTEX_POINT('',#6206);
#6206 = CARTESIAN_POINT('',(19.6691617432,6.804573263744,8.661481382566)
  );
#6207 = CIRCLE('',#6208,5.);
#6208 = AXIS2_PLACEMENT_3D('',#6209,#6210,#6211);
#6209 = CARTESIAN_POINT('',(19.6691617432,11.804573263744,8.661481382566
    ));
#6210 = DIRECTION('',(0.,0.,-1.));
#6211 = DIRECTION('',(-0.596979418158,-0.80225655142,-0.));
#6212 = ORIENTED_EDGE('',*,*,#6213,.F.);
#6213 = EDGE_CURVE('',#6003,#6205,#6214,.T.);
#6214 = LINE('',#6215,#6216);
#6215 = CARTESIAN_POINT('',(19.6691617432,5.804573263744,9.661481382566)
  );
#6216 = VECTOR('',#6217,1.);
#6217 = DIRECTION('',(-5.102800490722E-15,0.707106781187,-0.707106781187
    ));
#6218 = ORIENTED_EDGE('',*,*,#6010,.F.);
#6219 = ORIENTED_EDGE('',*,*,#6182,.T.);
#6220 = CONICAL_SURFACE('',#6221,5.5,0.785398163397);
#6221 = AXIS2_PLACEMENT_3D('',#6222,#6223,#6224);
#6222 = CARTESIAN_POINT('',(19.6691617432,11.804573263744,9.161481382566
    ));
#6223 = DIRECTION('',(0.,0.,1.));
#6224 = DIRECTION('',(-0.596979418158,-0.80225655142,0.));
#6225 = ADVANCED_FACE('',(#6226),#6237,.T.);
#6226 = FACE_BOUND('',#6227,.T.);
#6227 = EDGE_LOOP('',(#6228,#6234,#6235,#6236));
#6228 = ORIENTED_EDGE('',*,*,#6229,.F.);
#6229 = EDGE_CURVE('',#6205,#2248,#6230,.T.);
#6230 = LINE('',#6231,#6232);
#6231 = CARTESIAN_POINT('',(31.485777642024,6.804573263744,
    8.661481382566));
#6232 = VECTOR('',#6233,1.);
#6233 = DIRECTION('',(1.,0.,0.));
#6234 = ORIENTED_EDGE('',*,*,#6213,.F.);
#6235 = ORIENTED_EDGE('',*,*,#6002,.T.);
#6236 = ORIENTED_EDGE('',*,*,#2247,.T.);
#6237 = PLANE('',#6238);
#6238 = AXIS2_PLACEMENT_3D('',#6239,#6240,#6241);
#6239 = CARTESIAN_POINT('',(16.158191461084,6.304573263744,
    9.161481382566));
#6240 = DIRECTION('',(0.,0.707106781187,0.707106781187));
#6241 = DIRECTION('',(1.,0.,-0.));
#6242 = ADVANCED_FACE('',(#6243),#6281,.F.);
#6243 = FACE_BOUND('',#6244,.F.);
#6244 = EDGE_LOOP('',(#6245,#6246,#6255,#6265,#6274,#6280));
#6245 = ORIENTED_EDGE('',*,*,#5891,.T.);
#6246 = ORIENTED_EDGE('',*,*,#6247,.T.);
#6247 = EDGE_CURVE('',#5654,#6248,#6250,.T.);
#6248 = VERTEX_POINT('',#6249);
#6249 = CARTESIAN_POINT('',(12.406015137881,13.817846683119,
    3.436913743631));
#6250 = B_SPLINE_CURVE_WITH_KNOTS('',3,(#6251,#6252,#6253,#6254),
  .UNSPECIFIED.,.F.,.F.,(4,4),(0.235399310552,0.244575477927),
  .PIECEWISE_BEZIER_KNOTS.);
#6251 = CARTESIAN_POINT('',(12.490742218557,13.78190069851,
    3.438077249338));
#6252 = CARTESIAN_POINT('',(12.463243741234,13.795091684723,
    3.435751322567));
#6253 = CARTESIAN_POINT('',(12.435011836737,13.807090672703,
    3.435336246272));
#6254 = CARTESIAN_POINT('',(12.406015137881,13.817846683119,
    3.436913743631));
#6255 = ORIENTED_EDGE('',*,*,#6256,.T.);
#6256 = EDGE_CURVE('',#6248,#6257,#6259,.T.);
#6257 = VERTEX_POINT('',#6258);
#6258 = CARTESIAN_POINT('',(11.361403835528,13.597509936984,
    3.412023406505));
#6259 = B_SPLINE_CURVE_WITH_KNOTS('',3,(#6260,#6261,#6262,#6263,#6264),
  .UNSPECIFIED.,.F.,.F.,(4,1,4),(-0.447275137269,0.143442331529,
    0.93106562326),.UNSPECIFIED.);
#6260 = CARTESIAN_POINT('',(12.406015137881,13.817846683119,
    3.436913743631));
#6261 = CARTESIAN_POINT('',(12.255267721039,13.873764799653,
    3.44511480311));
#6262 = CARTESIAN_POINT('',(11.89568033981,13.915725510527,
    3.453529672164));
#6263 = CARTESIAN_POINT('',(11.532338769086,13.763580643179,
    3.426041706451));
#6264 = CARTESIAN_POINT('',(11.361403835528,13.597509936984,
    3.412023406505));
#6265 = ORIENTED_EDGE('',*,*,#6266,.T.);
#6266 = EDGE_CURVE('',#6257,#6267,#6269,.T.);
#6267 = VERTEX_POINT('',#6268);
#6268 = CARTESIAN_POINT('',(11.255975339522,13.477251137262,
    3.418652836539));
#6269 = B_SPLINE_CURVE_WITH_KNOTS('',3,(#6270,#6271,#6272,#6273),
  .UNSPECIFIED.,.F.,.F.,(4,4),(7.804202798784E-02,9.39194399214E-02),
  .PIECEWISE_BEZIER_KNOTS.);
#6270 = CARTESIAN_POINT('',(11.361403835528,13.597509936984,
    3.412023406505));
#6271 = CARTESIAN_POINT('',(11.322239560365,13.55946014401,
    3.408811561244));
#6272 = CARTESIAN_POINT('',(11.287258846632,13.519291780149,
    3.411239936911));
#6273 = CARTESIAN_POINT('',(11.255975339522,13.477251137262,
    3.418652836539));
#6274 = ORIENTED_EDGE('',*,*,#6275,.F.);
#6275 = EDGE_CURVE('',#6107,#6267,#6276,.T.);
#6276 = LINE('',#6277,#6278);
#6277 = CARTESIAN_POINT('',(11.255975339522,13.477251137262,
    9.661481382566));
#6278 = VECTOR('',#6279,1.);
#6279 = DIRECTION('',(0.,0.,-1.));
#6280 = ORIENTED_EDGE('',*,*,#6106,.T.);
#6281 = CYLINDRICAL_SURFACE('',#6282,1.);
#6282 = AXIS2_PLACEMENT_3D('',#6283,#6284,#6285);
#6283 = CARTESIAN_POINT('',(12.058231890942,12.880271719104,
    9.661481382566));
#6284 = DIRECTION('',(0.,0.,-1.));
#6285 = DIRECTION('',(0.432510327615,0.901628979407,0.));
#6286 = ADVANCED_FACE('',(#6287),#6314,.T.);
#6287 = FACE_BOUND('',#6288,.T.);
#6288 = EDGE_LOOP('',(#6289,#6290,#6298,#6307,#6313));
#6289 = ORIENTED_EDGE('',*,*,#6141,.F.);
#6290 = ORIENTED_EDGE('',*,*,#6291,.T.);
#6291 = EDGE_CURVE('',#6134,#6292,#6294,.T.);
#6292 = VERTEX_POINT('',#6293);
#6293 = CARTESIAN_POINT('',(11.065289571708,13.220996228235,
    3.448539575413));
#6294 = LINE('',#6295,#6296);
#6295 = CARTESIAN_POINT('',(11.065289571708,13.220996228235,
    9.661481382566));
#6296 = VECTOR('',#6297,1.);
#6297 = DIRECTION('',(0.,0.,-1.));
#6298 = ORIENTED_EDGE('',*,*,#6299,.F.);
#6299 = EDGE_CURVE('',#6300,#6292,#6302,.T.);
#6300 = VERTEX_POINT('',#6301);
#6301 = CARTESIAN_POINT('',(11.159140093036,13.347118156896,
    3.441598792057));
#6302 = B_SPLINE_CURVE_WITH_KNOTS('',3,(#6303,#6304,#6305,#6306),
  .UNSPECIFIED.,.F.,.F.,(4,4),(0.93106562326,1.103927321839),
  .PIECEWISE_BEZIER_KNOTS.);
#6303 = CARTESIAN_POINT('',(11.159140093036,13.347118156896,
    3.441598792057));
#6304 = CARTESIAN_POINT('',(11.128686878408,13.306193310572,
    3.448814946645));
#6305 = CARTESIAN_POINT('',(11.097778885502,13.26465730607,
    3.451186423529));
#6306 = CARTESIAN_POINT('',(11.065289571708,13.220996228235,
    3.448539575413));
#6307 = ORIENTED_EDGE('',*,*,#6308,.F.);
#6308 = EDGE_CURVE('',#6267,#6300,#6309,.T.);
#6309 = LINE('',#6310,#6311);
#6310 = CARTESIAN_POINT('',(11.811128058134,14.223298474906,
    3.287104562026));
#6311 = VECTOR('',#6312,1.);
#6312 = DIRECTION('',(-0.591094579649,-0.794348154406,0.140065011698));
#6313 = ORIENTED_EDGE('',*,*,#6275,.F.);
#6314 = PLANE('',#6315);
#6315 = AXIS2_PLACEMENT_3D('',#6316,#6317,#6318);
#6316 = CARTESIAN_POINT('',(11.255975339522,13.477251137262,
    9.661481382566));
#6317 = DIRECTION('',(0.80225655142,-0.596979418158,0.));
#6318 = DIRECTION('',(-0.596979418158,-0.80225655142,0.));
#6319 = ADVANCED_FACE('',(#6320),#6349,.F.);
#6320 = FACE_BOUND('',#6321,.F.);
#6321 = EDGE_LOOP('',(#6322,#6323,#6333,#6342,#6348));
#6322 = ORIENTED_EDGE('',*,*,#6291,.T.);
#6323 = ORIENTED_EDGE('',*,*,#6324,.T.);
#6324 = EDGE_CURVE('',#6292,#6325,#6327,.T.);
#6325 = VERTEX_POINT('',#6326);
#6326 = CARTESIAN_POINT('',(11.198529267668,11.880769578592,
    3.460671187065));
#6327 = B_SPLINE_CURVE_WITH_KNOTS('',3,(#6328,#6329,#6330,#6331,#6332),
  .UNSPECIFIED.,.F.,.F.,(4,1,4),(1.103927321839,1.703042162503,
    2.501861950055),.UNSPECIFIED.);
#6328 = CARTESIAN_POINT('',(11.065289571708,13.220996228235,
    3.448539575413));
#6329 = CARTESIAN_POINT('',(10.952686084545,13.069672945485,
    3.439365964369));
#6330 = CARTESIAN_POINT('',(10.771750015039,12.609685636469,
    3.428223138539));
#6331 = CARTESIAN_POINT('',(10.974386618929,12.082526414919,
    3.450313768342));
#6332 = CARTESIAN_POINT('',(11.198529267668,11.880769578592,
    3.460671187065));
#6333 = ORIENTED_EDGE('',*,*,#6334,.T.);
#6334 = EDGE_CURVE('',#6325,#6335,#6337,.T.);
#6335 = VERTEX_POINT('',#6336);
#6336 = CARTESIAN_POINT('',(11.27056670497,11.821760258657,
    3.467178467195));
#6337 = B_SPLINE_CURVE_WITH_KNOTS('',3,(#6338,#6339,#6340,#6341),
  .UNSPECIFIED.,.F.,.F.,(4,4),(2.487820148511E-02,3.419719802393E-02),
  .PIECEWISE_BEZIER_KNOTS.);
#6338 = CARTESIAN_POINT('',(11.198529267668,11.880769578592,
    3.460671187065));
#6339 = CARTESIAN_POINT('',(11.221761292647,11.859857807059,
    3.461744716854));
#6340 = CARTESIAN_POINT('',(11.245782880888,11.840202529841,3.4639265972
    ));
#6341 = CARTESIAN_POINT('',(11.27056670497,11.821760258657,
    3.467178467195));
#6342 = ORIENTED_EDGE('',*,*,#6343,.F.);
#6343 = EDGE_CURVE('',#6156,#6335,#6344,.T.);
#6344 = LINE('',#6345,#6346);
#6345 = CARTESIAN_POINT('',(11.27056670497,11.821760258657,
    9.661481382566));
#6346 = VECTOR('',#6347,1.);
#6347 = DIRECTION('',(0.,0.,-1.));
#6348 = ORIENTED_EDGE('',*,*,#6155,.T.);
#6349 = CYLINDRICAL_SURFACE('',#6350,1.);
#6350 = AXIS2_PLACEMENT_3D('',#6351,#6352,#6353);
#6351 = CARTESIAN_POINT('',(11.867546123128,12.624016810077,
    9.661481382566));
#6352 = DIRECTION('',(0.,0.,-1.));
#6353 = DIRECTION('',(-0.80225655142,0.596979418158,0.));
#6354 = ADVANCED_FACE('',(#6355),#6382,.T.);
#6355 = FACE_BOUND('',#6356,.T.);
#6356 = EDGE_LOOP('',(#6357,#6358,#6366,#6375,#6381));
#6357 = ORIENTED_EDGE('',*,*,#6190,.F.);
#6358 = ORIENTED_EDGE('',*,*,#6359,.T.);
#6359 = EDGE_CURVE('',#6183,#6360,#6362,.T.);
#6360 = VERTEX_POINT('',#6361);
#6361 = CARTESIAN_POINT('',(16.684264644777,7.793290512325,
    4.176753930889));
#6362 = LINE('',#6363,#6364);
#6363 = CARTESIAN_POINT('',(16.684264652409,7.793290506646,
    9.661481382566));
#6364 = VECTOR('',#6365,1.);
#6365 = DIRECTION('',(0.,0.,-1.));
#6366 = ORIENTED_EDGE('',*,*,#6367,.F.);
#6367 = EDGE_CURVE('',#6368,#6360,#6370,.T.);
#6368 = VERTEX_POINT('',#6369);
#6369 = CARTESIAN_POINT('',(16.609913180163,7.848617320197,
    4.167750765457));
#6370 = B_SPLINE_CURVE_WITH_KNOTS('',3,(#6371,#6372,#6373,#6374),
  .UNSPECIFIED.,.F.,.F.,(4,4),(-0.639730703535,-0.621655473451),
  .PIECEWISE_BEZIER_KNOTS.);
#6371 = CARTESIAN_POINT('',(16.609913180163,7.848617320197,
    4.167750765457));
#6372 = CARTESIAN_POINT('',(16.634676882232,7.830190022313,
    4.170999995256));
#6373 = CARTESIAN_POINT('',(16.659458468031,7.811749416693,
    4.174000819383));
#6374 = CARTESIAN_POINT('',(16.684264644708,7.793290512377,
    4.176753931729));
#6375 = ORIENTED_EDGE('',*,*,#6376,.F.);
#6376 = EDGE_CURVE('',#6335,#6368,#6377,.T.);
#6377 = LINE('',#6378,#6379);
#6378 = CARTESIAN_POINT('',(10.997724880298,12.024788770489,
    3.431379062706));
#6379 = VECTOR('',#6380,1.);
#6380 = DIRECTION('',(0.797848480104,-0.593699260652,0.10468519808));
#6381 = ORIENTED_EDGE('',*,*,#6343,.F.);
#6382 = PLANE('',#6383);
#6383 = AXIS2_PLACEMENT_3D('',#6384,#6385,#6386);
#6384 = CARTESIAN_POINT('',(11.27056670497,11.821760258657,
    9.661481382566));
#6385 = DIRECTION('',(0.596979418158,0.80225655142,0.));
#6386 = DIRECTION('',(0.80225655142,-0.596979418158,0.));
#6387 = ADVANCED_FACE('',(#6388),#6407,.F.);
#6388 = FACE_BOUND('',#6389,.F.);
#6389 = EDGE_LOOP('',(#6390,#6391,#6400,#6406));
#6390 = ORIENTED_EDGE('',*,*,#6359,.T.);
#6391 = ORIENTED_EDGE('',*,*,#6392,.T.);
#6392 = EDGE_CURVE('',#6360,#6393,#6395,.T.);
#6393 = VERTEX_POINT('',#6394);
#6394 = CARTESIAN_POINT('',(19.6691617432,6.804573263744,4.324869513974)
  );
#6395 = B_SPLINE_CURVE_WITH_KNOTS('',3,(#6396,#6397,#6398,#6399),
  .UNSPECIFIED.,.F.,.F.,(4,4),(-0.621655473451,5.73027491226E-15),
  .PIECEWISE_BEZIER_KNOTS.);
#6396 = CARTESIAN_POINT('',(16.684264644708,7.793290512377,
    4.176753931729));
#6397 = CARTESIAN_POINT('',(17.537415360708,7.158439454845,
    4.271440822214));
#6398 = CARTESIAN_POINT('',(18.601528846483,6.804573263744,
    4.324869513974));
#6399 = CARTESIAN_POINT('',(19.6691617432,6.804573263744,4.324869513974)
  );
#6400 = ORIENTED_EDGE('',*,*,#6401,.F.);
#6401 = EDGE_CURVE('',#6205,#6393,#6402,.T.);
#6402 = LINE('',#6403,#6404);
#6403 = CARTESIAN_POINT('',(19.6691617432,6.804573263744,9.661481382566)
  );
#6404 = VECTOR('',#6405,1.);
#6405 = DIRECTION('',(0.,0.,-1.));
#6406 = ORIENTED_EDGE('',*,*,#6204,.T.);
#6407 = CYLINDRICAL_SURFACE('',#6408,5.);
#6408 = AXIS2_PLACEMENT_3D('',#6409,#6410,#6411);
#6409 = CARTESIAN_POINT('',(19.6691617432,11.804573263744,9.661481382566
    ));
#6410 = DIRECTION('',(0.,0.,-1.));
#6411 = DIRECTION('',(-0.596979418158,-0.80225655142,-0.));
#6412 = ADVANCED_FACE('',(#6413),#6424,.T.);
#6413 = FACE_BOUND('',#6414,.T.);
#6414 = EDGE_LOOP('',(#6415,#6416,#6417,#6423));
#6415 = ORIENTED_EDGE('',*,*,#6229,.T.);
#6416 = ORIENTED_EDGE('',*,*,#2416,.T.);
#6417 = ORIENTED_EDGE('',*,*,#6418,.T.);
#6418 = EDGE_CURVE('',#2417,#6393,#6419,.T.);
#6419 = LINE('',#6420,#6421);
#6420 = CARTESIAN_POINT('',(31.485777642024,6.804573263744,
    4.324869513974));
#6421 = VECTOR('',#6422,1.);
#6422 = DIRECTION('',(-1.,0.,0.));
#6423 = ORIENTED_EDGE('',*,*,#6401,.F.);
#6424 = PLANE('',#6425);
#6425 = AXIS2_PLACEMENT_3D('',#6426,#6427,#6428);
#6426 = CARTESIAN_POINT('',(19.6691617432,6.804573263744,9.661481382566)
  );
#6427 = DIRECTION('',(0.,1.,0.));
#6428 = DIRECTION('',(1.,0.,0.));
#6429 = ADVANCED_FACE('',(#6430),#6441,.T.);
#6430 = FACE_BOUND('',#6431,.T.);
#6431 = EDGE_LOOP('',(#6432,#6433,#6434,#6440));
#6432 = ORIENTED_EDGE('',*,*,#2441,.T.);
#6433 = ORIENTED_EDGE('',*,*,#5204,.T.);
#6434 = ORIENTED_EDGE('',*,*,#6435,.T.);
#6435 = EDGE_CURVE('',#5197,#5910,#6436,.T.);
#6436 = LINE('',#6437,#6438);
#6437 = CARTESIAN_POINT('',(2.685176600598,22.712164439521,
    8.661481382566));
#6438 = VECTOR('',#6439,1.);
#6439 = DIRECTION('',(0.278345939656,-0.650018105807,0.707106781187));
#6440 = ORIENTED_EDGE('',*,*,#5909,.T.);
#6441 = PLANE('',#6442);
#6442 = AXIS2_PLACEMENT_3D('',#6443,#6444,#6445);
#6443 = CARTESIAN_POINT('',(5.855342946522,23.525756453502,
    9.161481382566));
#6444 = DIRECTION('',(-0.278345939656,0.650018105807,0.707106781187));
#6445 = DIRECTION('',(0.930503173422,-1.110223024625E-16,0.366283830179)
  );
#6446 = ADVANCED_FACE('',(#6447),#6466,.T.);
#6447 = FACE_BOUND('',#6448,.T.);
#6448 = EDGE_LOOP('',(#6449,#6457,#6458,#6459));
#6449 = ORIENTED_EDGE('',*,*,#6450,.T.);
#6450 = EDGE_CURVE('',#6451,#5918,#6453,.T.);
#6451 = VERTEX_POINT('',#6452);
#6452 = CARTESIAN_POINT('',(1.472457806383,20.87363559748,8.661481382566
    ));
#6453 = LINE('',#6454,#6455);
#6454 = CARTESIAN_POINT('',(1.472457806383,20.87363559748,8.661481382566
    ));
#6455 = VECTOR('',#6456,1.);
#6456 = DIRECTION('',(0.707106781187,-1.256073966947E-14,0.707106781187)
  );
#6457 = ORIENTED_EDGE('',*,*,#5917,.T.);
#6458 = ORIENTED_EDGE('',*,*,#6435,.F.);
#6459 = ORIENTED_EDGE('',*,*,#6460,.T.);
#6460 = EDGE_CURVE('',#5197,#6451,#6461,.T.);
#6461 = CIRCLE('',#6462,2.);
#6462 = AXIS2_PLACEMENT_3D('',#6463,#6464,#6465);
#6463 = CARTESIAN_POINT('',(3.472457806383,20.873635597479,
    8.661481382566));
#6464 = DIRECTION('',(0.,0.,1.));
#6465 = DIRECTION('',(-0.393640602893,0.919264421021,0.));
#6466 = CONICAL_SURFACE('',#6467,1.5,0.785398163397);
#6467 = AXIS2_PLACEMENT_3D('',#6468,#6469,#6470);
#6468 = CARTESIAN_POINT('',(3.472457806383,20.873635597479,
    9.161481382566));
#6469 = DIRECTION('',(0.,0.,-1.));
#6470 = DIRECTION('',(-0.393640602893,0.919264421021,0.));
#6471 = ADVANCED_FACE('',(#6472),#6490,.T.);
#6472 = FACE_BOUND('',#6473,.T.);
#6473 = EDGE_LOOP('',(#6474,#6482,#6483,#6484));
#6474 = ORIENTED_EDGE('',*,*,#6475,.T.);
#6475 = EDGE_CURVE('',#6476,#5927,#6478,.T.);
#6476 = VERTEX_POINT('',#6477);
#6477 = CARTESIAN_POINT('',(1.472457806383,17.25530401716,8.661481382566
    ));
#6478 = LINE('',#6479,#6480);
#6479 = CARTESIAN_POINT('',(1.472457806383,17.25530401716,8.661481382566
    ));
#6480 = VECTOR('',#6481,1.);
#6481 = DIRECTION('',(0.707106781187,0.,0.707106781187));
#6482 = ORIENTED_EDGE('',*,*,#5926,.T.);
#6483 = ORIENTED_EDGE('',*,*,#6450,.F.);
#6484 = ORIENTED_EDGE('',*,*,#6485,.T.);
#6485 = EDGE_CURVE('',#6451,#6476,#6486,.T.);
#6486 = LINE('',#6487,#6488);
#6487 = CARTESIAN_POINT('',(1.472457806383,16.568454962272,
    8.661481382566));
#6488 = VECTOR('',#6489,1.);
#6489 = DIRECTION('',(0.,-1.,0.));
#6490 = PLANE('',#6491);
#6491 = AXIS2_PLACEMENT_3D('',#6492,#6493,#6494);
#6492 = CARTESIAN_POINT('',(1.972457806383,16.568454962272,
    9.161481382566));
#6493 = DIRECTION('',(-0.707106781187,0.,0.707106781187));
#6494 = DIRECTION('',(0.707106781187,0.,0.707106781187));
#6495 = ADVANCED_FACE('',(#6496),#6515,.T.);
#6496 = FACE_BOUND('',#6497,.T.);
#6497 = EDGE_LOOP('',(#6498,#6506,#6507,#6508));
#6498 = ORIENTED_EDGE('',*,*,#6499,.T.);
#6499 = EDGE_CURVE('',#6500,#5935,#6502,.T.);
#6500 = VERTEX_POINT('',#6501);
#6501 = CARTESIAN_POINT('',(3.487560715592,13.244021260062,
    8.661481382566));
#6502 = LINE('',#6503,#6504);
#6503 = CARTESIAN_POINT('',(3.487560715592,13.244021260062,
    8.661481382566));
#6504 = VECTOR('',#6505,1.);
#6505 = DIRECTION('',(0.422128194808,0.56728104776,0.707106781187));
#6506 = ORIENTED_EDGE('',*,*,#5934,.T.);
#6507 = ORIENTED_EDGE('',*,*,#6475,.F.);
#6508 = ORIENTED_EDGE('',*,*,#6509,.T.);
#6509 = EDGE_CURVE('',#6476,#6500,#6510,.T.);
#6510 = CIRCLE('',#6511,5.);
#6511 = AXIS2_PLACEMENT_3D('',#6512,#6513,#6514);
#6512 = CARTESIAN_POINT('',(6.472457806383,17.25530401716,8.661481382566
    ));
#6513 = DIRECTION('',(0.,0.,1.));
#6514 = DIRECTION('',(-1.,3.552713678801E-15,0.));
#6515 = CONICAL_SURFACE('',#6516,4.5,0.785398163397);
#6516 = AXIS2_PLACEMENT_3D('',#6517,#6518,#6519);
#6517 = CARTESIAN_POINT('',(6.472457806383,17.25530401716,9.161481382566
    ));
#6518 = DIRECTION('',(0.,0.,-1.));
#6519 = DIRECTION('',(-1.,3.552713678801E-15,0.));
#6520 = ADVANCED_FACE('',(#6521),#6539,.T.);
#6521 = FACE_BOUND('',#6522,.T.);
#6522 = EDGE_LOOP('',(#6523,#6531,#6532,#6533));
#6523 = ORIENTED_EDGE('',*,*,#6524,.T.);
#6524 = EDGE_CURVE('',#6525,#5944,#6527,.T.);
#6525 = VERTEX_POINT('',#6526);
#6526 = CARTESIAN_POINT('',(19.956969271985,0.988717242903,
    8.661481382566));
#6527 = LINE('',#6528,#6529);
#6528 = CARTESIAN_POINT('',(19.956969271985,0.988717242903,
    8.661481382566));
#6529 = VECTOR('',#6530,1.);
#6530 = DIRECTION('',(0.422128194808,0.56728104776,0.707106781187));
#6531 = ORIENTED_EDGE('',*,*,#5943,.T.);
#6532 = ORIENTED_EDGE('',*,*,#6499,.F.);
#6533 = ORIENTED_EDGE('',*,*,#6534,.T.);
#6534 = EDGE_CURVE('',#6500,#6525,#6535,.T.);
#6535 = LINE('',#6536,#6537);
#6536 = CARTESIAN_POINT('',(14.038304994696,5.392945229919,
    8.661481382566));
#6537 = VECTOR('',#6538,1.);
#6538 = DIRECTION('',(0.80225655142,-0.596979418158,0.));
#6539 = PLANE('',#6540);
#6540 = AXIS2_PLACEMENT_3D('',#6541,#6542,#6543);
#6541 = CARTESIAN_POINT('',(14.336794703775,5.794073505629,
    9.161481382566));
#6542 = DIRECTION('',(-0.422128194808,-0.56728104776,0.707106781187));
#6543 = DIRECTION('',(0.858635030419,8.326672684689E-17,0.51258744087));
#6544 = ADVANCED_FACE('',(#6545),#6564,.T.);
#6545 = FACE_BOUND('',#6546,.T.);
#6546 = EDGE_LOOP('',(#6547,#6555,#6556,#6557));
#6547 = ORIENTED_EDGE('',*,*,#6548,.T.);
#6548 = EDGE_CURVE('',#6549,#5952,#6551,.T.);
#6549 = VERTEX_POINT('',#6550);
#6550 = CARTESIAN_POINT('',(22.941866362776,0.,8.661481382566));
#6551 = LINE('',#6552,#6553);
#6552 = CARTESIAN_POINT('',(22.941866362776,0.,8.661481382566));
#6553 = VECTOR('',#6554,1.);
#6554 = DIRECTION('',(-5.102800490722E-15,0.707106781187,0.707106781187)
  );
#6555 = ORIENTED_EDGE('',*,*,#5951,.T.);
#6556 = ORIENTED_EDGE('',*,*,#6524,.F.);
#6557 = ORIENTED_EDGE('',*,*,#6558,.T.);
#6558 = EDGE_CURVE('',#6525,#6549,#6559,.T.);
#6559 = CIRCLE('',#6560,5.);
#6560 = AXIS2_PLACEMENT_3D('',#6561,#6562,#6563);
#6561 = CARTESIAN_POINT('',(22.941866362776,5.,8.661481382566));
#6562 = DIRECTION('',(0.,0.,1.));
#6563 = DIRECTION('',(-0.596979418158,-0.80225655142,0.));
#6564 = CONICAL_SURFACE('',#6565,4.5,0.785398163397);
#6565 = AXIS2_PLACEMENT_3D('',#6566,#6567,#6568);
#6566 = CARTESIAN_POINT('',(22.941866362776,5.,9.161481382566));
#6567 = DIRECTION('',(0.,0.,-1.));
#6568 = DIRECTION('',(-0.596979418158,-0.80225655142,-0.));
#6569 = ADVANCED_FACE('',(#6570),#6581,.T.);
#6570 = FACE_BOUND('',#6571,.T.);
#6571 = EDGE_LOOP('',(#6572,#6573,#6574,#6580));
#6572 = ORIENTED_EDGE('',*,*,#5960,.T.);
#6573 = ORIENTED_EDGE('',*,*,#6548,.F.);
#6574 = ORIENTED_EDGE('',*,*,#6575,.T.);
#6575 = EDGE_CURVE('',#6549,#2601,#6576,.T.);
#6576 = LINE('',#6577,#6578);
#6577 = CARTESIAN_POINT('',(18.234602865261,0.,8.661481382566));
#6578 = VECTOR('',#6579,1.);
#6579 = DIRECTION('',(1.,0.,0.));
#6580 = ORIENTED_EDGE('',*,*,#2600,.T.);
#6581 = PLANE('',#6582);
#6582 = AXIS2_PLACEMENT_3D('',#6583,#6584,#6585);
#6583 = CARTESIAN_POINT('',(18.234602865261,0.5,9.161481382566));
#6584 = DIRECTION('',(0.,-0.707106781187,0.707106781187));
#6585 = DIRECTION('',(1.,0.,0.));
#6586 = ADVANCED_FACE('',(#6587),#6605,.T.);
#6587 = FACE_BOUND('',#6588,.T.);
#6588 = EDGE_LOOP('',(#6589,#6590,#6598,#6604));
#6589 = ORIENTED_EDGE('',*,*,#6575,.F.);
#6590 = ORIENTED_EDGE('',*,*,#6591,.T.);
#6591 = EDGE_CURVE('',#6549,#6592,#6594,.T.);
#6592 = VERTEX_POINT('',#6593);
#6593 = CARTESIAN_POINT('',(22.941866362776,0.,7.127087486209));
#6594 = LINE('',#6595,#6596);
#6595 = CARTESIAN_POINT('',(22.941866362776,0.,9.661481382566));
#6596 = VECTOR('',#6597,1.);
#6597 = DIRECTION('',(0.,0.,-1.));
#6598 = ORIENTED_EDGE('',*,*,#6599,.F.);
#6599 = EDGE_CURVE('',#2635,#6592,#6600,.T.);
#6600 = LINE('',#6601,#6602);
#6601 = CARTESIAN_POINT('',(18.234602865261,0.,7.127087486209));
#6602 = VECTOR('',#6603,1.);
#6603 = DIRECTION('',(-1.,0.,0.));
#6604 = ORIENTED_EDGE('',*,*,#2634,.F.);
#6605 = PLANE('',#6606);
#6606 = AXIS2_PLACEMENT_3D('',#6607,#6608,#6609);
#6607 = CARTESIAN_POINT('',(23.821984551554,0.,9.661481382566));
#6608 = DIRECTION('',(0.,-1.,0.));
#6609 = DIRECTION('',(-1.,0.,0.));
#6610 = ADVANCED_FACE('',(#6611),#6630,.T.);
#6611 = FACE_BOUND('',#6612,.T.);
#6612 = EDGE_LOOP('',(#6613,#6614,#6622,#6629));
#6613 = ORIENTED_EDGE('',*,*,#6558,.F.);
#6614 = ORIENTED_EDGE('',*,*,#6615,.T.);
#6615 = EDGE_CURVE('',#6525,#6616,#6618,.T.);
#6616 = VERTEX_POINT('',#6617);
#6617 = CARTESIAN_POINT('',(19.956969271985,0.988717242903,
    6.857295104272));
#6618 = LINE('',#6619,#6620);
#6619 = CARTESIAN_POINT('',(19.956969271985,0.988717242903,
    9.661481382566));
#6620 = VECTOR('',#6621,1.);
#6621 = DIRECTION('',(0.,0.,-1.));
#6622 = ORIENTED_EDGE('',*,*,#6623,.F.);
#6623 = EDGE_CURVE('',#6592,#6616,#6624,.T.);
#6624 = B_SPLINE_CURVE_WITH_KNOTS('',3,(#6625,#6626,#6627,#6628),
  .UNSPECIFIED.,.F.,.F.,(4,4),(-7.150667434288E-15,0.593437985595),
  .PIECEWISE_BEZIER_KNOTS.);
#6625 = CARTESIAN_POINT('',(22.941866362776,0.,7.127087486209));
#6626 = CARTESIAN_POINT('',(21.86680342903,0.,7.127087486209));
#6627 = CARTESIAN_POINT('',(20.799296377493,0.361920310606,
    7.026160230168));
#6628 = CARTESIAN_POINT('',(19.956969271985,0.988717242903,
    6.857295104272));
#6629 = ORIENTED_EDGE('',*,*,#6591,.F.);
#6630 = CYLINDRICAL_SURFACE('',#6631,5.);
#6631 = AXIS2_PLACEMENT_3D('',#6632,#6633,#6634);
#6632 = CARTESIAN_POINT('',(22.941866362776,5.,9.661481382566));
#6633 = DIRECTION('',(0.,0.,-1.));
#6634 = DIRECTION('',(-0.596979418158,-0.80225655142,-0.));
#6635 = ADVANCED_FACE('',(#6636),#6663,.T.);
#6636 = FACE_BOUND('',#6637,.T.);
#6637 = EDGE_LOOP('',(#6638,#6639,#6647,#6655,#6662));
#6638 = ORIENTED_EDGE('',*,*,#6534,.F.);
#6639 = ORIENTED_EDGE('',*,*,#6640,.T.);
#6640 = EDGE_CURVE('',#6500,#6641,#6643,.T.);
#6641 = VERTEX_POINT('',#6642);
#6642 = CARTESIAN_POINT('',(3.487560715592,13.244021260062,
    4.689535102397));
#6643 = LINE('',#6644,#6645);
#6644 = CARTESIAN_POINT('',(3.487560715592,13.244021260062,
    9.661481382566));
#6645 = VECTOR('',#6646,1.);
#6646 = DIRECTION('',(0.,0.,-1.));
#6647 = ORIENTED_EDGE('',*,*,#6648,.F.);
#6648 = EDGE_CURVE('',#6649,#6641,#6651,.T.);
#6649 = VERTEX_POINT('',#6650);
#6650 = CARTESIAN_POINT('',(19.759576867728,1.135601930143,
    6.824576123994));
#6651 = LINE('',#6652,#6653);
#6652 = CARTESIAN_POINT('',(14.071117770608,5.368528412335,
    6.078196977828));
#6653 = VECTOR('',#6654,1.);
#6654 = DIRECTION('',(-0.797848480104,0.593699260652,-0.10468519808));
#6655 = ORIENTED_EDGE('',*,*,#6656,.F.);
#6656 = EDGE_CURVE('',#6616,#6649,#6657,.T.);
#6657 = B_SPLINE_CURVE_WITH_KNOTS('',3,(#6658,#6659,#6660,#6661),
  .UNSPECIFIED.,.F.,.F.,(4,4),(0.593437985595,0.639730703535),
  .PIECEWISE_BEZIER_KNOTS.);
#6658 = CARTESIAN_POINT('',(19.956969271985,0.988717242903,
    6.857295104272));
#6659 = CARTESIAN_POINT('',(19.891261292288,1.03761221474,6.844122328291
    ));
#6660 = CARTESIAN_POINT('',(19.825523056888,1.086529700612,
    6.833228882063));
#6661 = CARTESIAN_POINT('',(19.759576867728,1.135601930143,
    6.824576123994));
#6662 = ORIENTED_EDGE('',*,*,#6615,.F.);
#6663 = PLANE('',#6664);
#6664 = AXIS2_PLACEMENT_3D('',#6665,#6666,#6667);
#6665 = CARTESIAN_POINT('',(19.956969271985,0.988717242903,
    9.661481382566));
#6666 = DIRECTION('',(-0.596979418158,-0.80225655142,0.));
#6667 = DIRECTION('',(-0.80225655142,0.596979418158,0.));
#6668 = ADVANCED_FACE('',(#6669),#6703,.T.);
#6669 = FACE_BOUND('',#6670,.T.);
#6670 = EDGE_LOOP('',(#6671,#6672,#6680,#6695,#6702));
#6671 = ORIENTED_EDGE('',*,*,#6509,.F.);
#6672 = ORIENTED_EDGE('',*,*,#6673,.T.);
#6673 = EDGE_CURVE('',#6476,#6674,#6676,.T.);
#6674 = VERTEX_POINT('',#6675);
#6675 = CARTESIAN_POINT('',(1.472457806383,17.25530401716,3.228478463737
    ));
#6676 = LINE('',#6677,#6678);
#6677 = CARTESIAN_POINT('',(1.472457806383,17.25530401716,9.661481382566
    ));
#6678 = VECTOR('',#6679,1.);
#6679 = DIRECTION('',(0.,0.,-1.));
#6680 = ORIENTED_EDGE('',*,*,#6681,.F.);
#6681 = EDGE_CURVE('',#6682,#6674,#6684,.T.);
#6682 = VERTEX_POINT('',#6683);
#6683 = CARTESIAN_POINT('',(3.379298485384,13.326899071776,
    4.672703225921));
#6684 = B_SPLINE_CURVE_WITH_KNOTS('',3,(#6685,#6686,#6687,#6688,#6689,
    #6690,#6691,#6692,#6693,#6694),.UNSPECIFIED.,.F.,.F.,(4,2,2,2,4),(
    1.878985804357,1.91198539531,2.114995074098,2.307284410917,
    2.336547639268),.UNSPECIFIED.);
#6685 = CARTESIAN_POINT('',(3.379298485384,13.326899071776,
    4.672703225921));
#6686 = CARTESIAN_POINT('',(3.292159922386,13.395510496031,
    4.656996591947));
#6687 = CARTESIAN_POINT('',(3.207345031985,13.466997153558,
    4.637526475556));
#6688 = CARTESIAN_POINT('',(2.619743767718,13.996537737837,
    4.476103005585));
#6689 = CARTESIAN_POINT('',(2.21488407364,14.558019578394,4.222831167044
    ));
#6690 = CARTESIAN_POINT('',(1.690485802266,15.676172356458,
    3.763508170672));
#6691 = CARTESIAN_POINT('',(1.520056663353,16.307980432224,
    3.520252437375));
#6692 = CARTESIAN_POINT('',(1.475424450926,17.056632369014,
    3.287261988817));
#6693 = CARTESIAN_POINT('',(1.472457806383,17.155913573442,
    3.257364382051));
#6694 = CARTESIAN_POINT('',(1.472457806383,17.25530401716,3.228478463737
    ));
#6695 = ORIENTED_EDGE('',*,*,#6696,.F.);
#6696 = EDGE_CURVE('',#6641,#6682,#6697,.T.);
#6697 = ELLIPSE('',#6698,8.35564042071,5.);
#6698 = AXIS2_PLACEMENT_3D('',#6699,#6700,#6701);
#6699 = CARTESIAN_POINT('',(6.472457806383,17.25530401716,
    -1.984273129568));
#6700 = DIRECTION('',(-0.426285000203,-0.678380954707,-0.598398177548));
#6701 = DIRECTION('',(-0.318383086166,-0.50666812544,0.801198864894));
#6702 = ORIENTED_EDGE('',*,*,#6640,.F.);
#6703 = CYLINDRICAL_SURFACE('',#6704,5.);
#6704 = AXIS2_PLACEMENT_3D('',#6705,#6706,#6707);
#6705 = CARTESIAN_POINT('',(6.472457806383,17.25530401716,9.661481382566
    ));
#6706 = DIRECTION('',(0.,0.,-1.));
#6707 = DIRECTION('',(-1.,3.552713678801E-15,0.));
#6708 = ADVANCED_FACE('',(#6709),#6728,.T.);
#6709 = FACE_BOUND('',#6710,.T.);
#6710 = EDGE_LOOP('',(#6711,#6712,#6720,#6727));
#6711 = ORIENTED_EDGE('',*,*,#6485,.F.);
#6712 = ORIENTED_EDGE('',*,*,#6713,.T.);
#6713 = EDGE_CURVE('',#6451,#6714,#6716,.T.);
#6714 = VERTEX_POINT('',#6715);
#6715 = CARTESIAN_POINT('',(1.472457806383,20.87363559748,3.073447360674
    ));
#6716 = LINE('',#6717,#6718);
#6717 = CARTESIAN_POINT('',(1.472457806383,20.87363559748,9.661481382566
    ));
#6718 = VECTOR('',#6719,1.);
#6719 = DIRECTION('',(0.,0.,-1.));
#6720 = ORIENTED_EDGE('',*,*,#6721,.F.);
#6721 = EDGE_CURVE('',#6674,#6714,#6722,.T.);
#6722 = ELLIPSE('',#6723,8.292019829028,7.5);
#6723 = AXIS2_PLACEMENT_3D('',#6724,#6725,#6726);
#6724 = CARTESIAN_POINT('',(1.472457806383,20.16169486004,
    10.816208378671));
#6725 = DIRECTION('',(1.,0.,0.));
#6726 = DIRECTION('',(0.,-0.725843905344,-0.687859451542));
#6727 = ORIENTED_EDGE('',*,*,#6673,.F.);
#6728 = PLANE('',#6729);
#6729 = AXIS2_PLACEMENT_3D('',#6730,#6731,#6732);
#6730 = CARTESIAN_POINT('',(1.472457806383,17.25530401716,9.661481382566
    ));
#6731 = DIRECTION('',(-1.,0.,0.));
#6732 = DIRECTION('',(0.,1.,0.));
#6733 = ADVANCED_FACE('',(#6734),#6749,.T.);
#6734 = FACE_BOUND('',#6735,.T.);
#6735 = EDGE_LOOP('',(#6736,#6737,#6738,#6739,#6748));
#6736 = ORIENTED_EDGE('',*,*,#6460,.F.);
#6737 = ORIENTED_EDGE('',*,*,#5196,.T.);
#6738 = ORIENTED_EDGE('',*,*,#3885,.F.);
#6739 = ORIENTED_EDGE('',*,*,#6740,.F.);
#6740 = EDGE_CURVE('',#6714,#3878,#6741,.T.);
#6741 = B_SPLINE_CURVE_WITH_KNOTS('',3,(#6742,#6743,#6744,#6745,#6746,
    #6747),.UNSPECIFIED.,.F.,.F.,(4,2,4),(0.879333705451,0.920468997868,
    0.974581165758),.UNSPECIFIED.);
#6742 = CARTESIAN_POINT('',(1.472457806383,20.87363559748,3.073447360674
    ));
#6743 = CARTESIAN_POINT('',(1.472457806383,21.013553131731,
    3.099838506163));
#6744 = CARTESIAN_POINT('',(1.487616428765,21.159231378432,
    3.127240392493));
#6745 = CARTESIAN_POINT('',(1.559644976242,21.4882606485,3.190596269504)
  );
#6746 = CARTESIAN_POINT('',(1.628751148701,21.669034614873,
    3.226666035601));
#6747 = CARTESIAN_POINT('',(1.713829102491,21.826119236105,
    3.259211158727));
#6748 = ORIENTED_EDGE('',*,*,#6713,.F.);
#6749 = CYLINDRICAL_SURFACE('',#6750,2.);
#6750 = AXIS2_PLACEMENT_3D('',#6751,#6752,#6753);
#6751 = CARTESIAN_POINT('',(3.472457806383,20.873635597479,
    9.661481382566));
#6752 = DIRECTION('',(0.,0.,-1.));
#6753 = DIRECTION('',(-0.393640602893,0.919264421021,0.));
#6754 = ADVANCED_FACE('',(#6755),#6771,.T.);
#6755 = FACE_BOUND('',#6756,.T.);
#6756 = EDGE_LOOP('',(#6757,#6763,#6764,#6770));
#6757 = ORIENTED_EDGE('',*,*,#6758,.T.);
#6758 = EDGE_CURVE('',#6257,#3658,#6759,.T.);
#6759 = LINE('',#6760,#6761);
#6760 = CARTESIAN_POINT('',(11.361403835528,13.597509936984,
    3.412023406505));
#6761 = VECTOR('',#6762,1.);
#6762 = DIRECTION('',(-0.570353924292,0.288829323946,-0.768943445693));
#6763 = ORIENTED_EDGE('',*,*,#3657,.T.);
#6764 = ORIENTED_EDGE('',*,*,#6765,.T.);
#6765 = EDGE_CURVE('',#3649,#6248,#6766,.T.);
#6766 = LINE('',#6767,#6768);
#6767 = CARTESIAN_POINT('',(12.928653098658,14.667260976635,
    2.075247539293));
#6768 = VECTOR('',#6769,1.);
#6769 = DIRECTION('',(-0.309649752875,-0.503256452486,0.806752733851));
#6770 = ORIENTED_EDGE('',*,*,#6256,.T.);
#6771 = B_SPLINE_SURFACE_WITH_KNOTS('',3,3,(
    (#6772,#6773,#6774,#6775,#6776)
    ,(#6777,#6778,#6779,#6780,#6781)
    ,(#6782,#6783,#6784,#6785,#6786)
    ,(#6787,#6788,#6789,#6790,#6791
    )),.UNSPECIFIED.,.F.,.F.,.F.,(4,4),(4,1,4),(0.,1.),(-0.447275137269,
    0.143442331529,0.93106562326),.UNSPECIFIED.);
#6772 = CARTESIAN_POINT('',(12.928653098658,14.667260976635,
    2.075247539293));
#6773 = CARTESIAN_POINT('',(12.572403709773,14.838153376302,
    2.045114598434));
#6774 = CARTESIAN_POINT('',(11.613211776642,14.985964279839,
    2.019051548097));
#6775 = CARTESIAN_POINT('',(10.760593889811,14.477602744374,
    2.108689402754));
#6776 = CARTESIAN_POINT('',(10.449373084437,14.059365662064,
    2.182435884698));
#6777 = CARTESIAN_POINT('',(12.754440445066,14.384122878797,
    2.529136274072));
#6778 = CARTESIAN_POINT('',(12.466691713528,14.516690517419,
    2.511781333326));
#6779 = CARTESIAN_POINT('',(11.707367964365,14.629218023402,
    2.497210922786));
#6780 = CARTESIAN_POINT('',(11.017842182903,14.239595377309,
    2.54780683732));
#6781 = CARTESIAN_POINT('',(10.7533833348,13.905413753704,2.592298391967
    ));
#6782 = CARTESIAN_POINT('',(12.580227791473,14.100984780958,
    2.983025008852));
#6783 = CARTESIAN_POINT('',(12.360979717284,14.195227658536,
    2.978448068218));
#6784 = CARTESIAN_POINT('',(11.801524152087,14.272471766965,
    2.975370297475));
#6785 = CARTESIAN_POINT('',(11.275090475994,14.001588010244,
    2.986924271885));
#6786 = CARTESIAN_POINT('',(11.057393585164,13.751461845344,
    3.002160899236));
#6787 = CARTESIAN_POINT('',(12.406015137881,13.817846683119,
    3.436913743631));
#6788 = CARTESIAN_POINT('',(12.255267721039,13.873764799653,
    3.44511480311));
#6789 = CARTESIAN_POINT('',(11.89568033981,13.915725510527,
    3.453529672164));
#6790 = CARTESIAN_POINT('',(11.532338769086,13.763580643179,
    3.426041706451));
#6791 = CARTESIAN_POINT('',(11.361403835528,13.597509936984,
    3.412023406505));
#6792 = ADVANCED_FACE('',(#6793),#6799,.T.);
#6793 = FACE_BOUND('',#6794,.T.);
#6794 = EDGE_LOOP('',(#6795,#6796,#6797,#6798));
#6795 = ORIENTED_EDGE('',*,*,#6765,.F.);
#6796 = ORIENTED_EDGE('',*,*,#3648,.T.);
#6797 = ORIENTED_EDGE('',*,*,#5661,.F.);
#6798 = ORIENTED_EDGE('',*,*,#6247,.T.);
#6799 = B_SPLINE_SURFACE_WITH_KNOTS('',3,3,(
    (#6800,#6801,#6802,#6803)
    ,(#6804,#6805,#6806,#6807)
    ,(#6808,#6809,#6810,#6811)
    ,(#6812,#6813,#6814,#6815
    )),.UNSPECIFIED.,.F.,.F.,.F.,(4,4),(4,4),(0.,1.),(0.235399310552,
    0.244575477927),.PIECEWISE_BEZIER_KNOTS.);
#6800 = CARTESIAN_POINT('',(13.011148530628,14.627688017998,
    2.082225319607));
#6801 = CARTESIAN_POINT('',(12.983650053304,14.640879004211,
    2.079899392836));
#6802 = CARTESIAN_POINT('',(12.956151575981,14.654069990423,
    2.077573466064));
#6803 = CARTESIAN_POINT('',(12.928653098658,14.667260976635,
    2.075247539293));
#6804 = CARTESIAN_POINT('',(12.837679759937,14.345758911502,
    2.534175962851));
#6805 = CARTESIAN_POINT('',(12.810181282614,14.358949897715,
    2.531850036079));
#6806 = CARTESIAN_POINT('',(12.782438329566,14.371743551183,
    2.530161059467));
#6807 = CARTESIAN_POINT('',(12.754440445066,14.384122878797,
    2.529136274072));
#6808 = CARTESIAN_POINT('',(12.664210989247,14.063829805006,
    2.986126606094));
#6809 = CARTESIAN_POINT('',(12.636712511924,14.077020791219,
    2.983800679323));
#6810 = CARTESIAN_POINT('',(12.608725083152,14.089417111943,
    2.982748652869));
#6811 = CARTESIAN_POINT('',(12.580227791473,14.100984780958,
    2.983025008852));
#6812 = CARTESIAN_POINT('',(12.490742218557,13.78190069851,
    3.438077249338));
#6813 = CARTESIAN_POINT('',(12.463243741234,13.795091684723,
    3.435751322567));
#6814 = CARTESIAN_POINT('',(12.435011836737,13.807090672703,
    3.435336246272));
#6815 = CARTESIAN_POINT('',(12.406015137881,13.817846683119,
    3.436913743631));
#6816 = ADVANCED_FACE('',(#6817),#6833,.T.);
#6817 = FACE_BOUND('',#6818,.T.);
#6818 = EDGE_LOOP('',(#6819,#6825,#6826,#6832));
#6819 = ORIENTED_EDGE('',*,*,#6820,.T.);
#6820 = EDGE_CURVE('',#3668,#6267,#6821,.T.);
#6821 = LINE('',#6822,#6823);
#6822 = CARTESIAN_POINT('',(10.355522563109,13.933243733402,
    2.20467458358));
#6823 = VECTOR('',#6824,1.);
#6824 = DIRECTION('',(0.570353924292,-0.288829323946,0.768943445693));
#6825 = ORIENTED_EDGE('',*,*,#6308,.T.);
#6826 = ORIENTED_EDGE('',*,*,#6827,.T.);
#6827 = EDGE_CURVE('',#6300,#3677,#6828,.T.);
#6828 = LINE('',#6829,#6830);
#6829 = CARTESIAN_POINT('',(11.159140093036,13.347118156896,
    3.441598792057));
#6830 = VECTOR('',#6831,1.);
#6831 = DIRECTION('',(-0.570353924292,0.288829323946,-0.768943445693));
#6832 = ORIENTED_EDGE('',*,*,#3676,.T.);
#6833 = PLANE('',#6834);
#6834 = AXIS2_PLACEMENT_3D('',#6835,#6836,#6837);
#6835 = CARTESIAN_POINT('',(11.360901669928,14.451294772976,
    2.680115435547));
#6836 = DIRECTION('',(0.570353924292,-0.534404931884,-0.623785034947));
#6837 = DIRECTION('',(-0.738007495934,-2.498001805407E-16,
    -0.674792513255));
#6838 = ADVANCED_FACE('',(#6839),#6845,.T.);
#6839 = FACE_BOUND('',#6840,.T.);
#6840 = EDGE_LOOP('',(#6841,#6842,#6843,#6844));
#6841 = ORIENTED_EDGE('',*,*,#6820,.F.);
#6842 = ORIENTED_EDGE('',*,*,#3667,.T.);
#6843 = ORIENTED_EDGE('',*,*,#6758,.F.);
#6844 = ORIENTED_EDGE('',*,*,#6266,.T.);
#6845 = B_SPLINE_SURFACE_WITH_KNOTS('',3,3,(
    (#6846,#6847,#6848,#6849)
    ,(#6850,#6851,#6852,#6853)
    ,(#6854,#6855,#6856,#6857)
    ,(#6858,#6859,#6860,#6861
    )),.UNSPECIFIED.,.F.,.F.,.F.,(4,4),(4,4),(0.,1.),(7.804202798784E-02
    ,9.39194399214E-02),.PIECEWISE_BEZIER_KNOTS.);
#6846 = CARTESIAN_POINT('',(10.449373084437,14.059365662064,
    2.182435884698));
#6847 = CARTESIAN_POINT('',(10.418089577327,14.017325019177,
    2.189848784325));
#6848 = CARTESIAN_POINT('',(10.386806070218,13.975284376289,
    2.197261683953));
#6849 = CARTESIAN_POINT('',(10.355522563109,13.933243733402,
    2.20467458358));
#6850 = CARTESIAN_POINT('',(10.7533833348,13.905413753704,2.592298391967
    ));
#6851 = CARTESIAN_POINT('',(10.719472905007,13.864703394121,
    2.596169709965));
#6852 = CARTESIAN_POINT('',(10.686956995689,13.823286844243,
    2.601921101606));
#6853 = CARTESIAN_POINT('',(10.65567348858,13.781246201355,
    2.609334001233));
#6854 = CARTESIAN_POINT('',(11.057393585164,13.751461845344,
    3.002160899236));
#6855 = CARTESIAN_POINT('',(11.020856232686,13.712081769066,
    3.002490635604));
#6856 = CARTESIAN_POINT('',(10.98710792116,13.671289312196,
    3.006580519258));
#6857 = CARTESIAN_POINT('',(10.955824414051,13.629248669309,
    3.013993418886));
#6858 = CARTESIAN_POINT('',(11.361403835528,13.597509936984,
    3.412023406505));
#6859 = CARTESIAN_POINT('',(11.322239560365,13.55946014401,
    3.408811561244));
#6860 = CARTESIAN_POINT('',(11.287258846632,13.519291780149,
    3.411239936911));
#6861 = CARTESIAN_POINT('',(11.255975339522,13.477251137262,
    3.418652836539));
#6862 = ADVANCED_FACE('',(#6863),#6879,.T.);
#6863 = FACE_BOUND('',#6864,.T.);
#6864 = EDGE_LOOP('',(#6865,#6871,#6872,#6878));
#6865 = ORIENTED_EDGE('',*,*,#6866,.T.);
#6866 = EDGE_CURVE('',#3685,#6292,#6867,.T.);
#6867 = LINE('',#6868,#6869);
#6868 = CARTESIAN_POINT('',(10.078842312277,13.511969418828,
    2.278956611519));
#6869 = VECTOR('',#6870,1.);
#6870 = DIRECTION('',(0.633371036854,-0.186825995674,0.750957506797));
#6871 = ORIENTED_EDGE('',*,*,#6324,.T.);
#6872 = ORIENTED_EDGE('',*,*,#6873,.T.);
#6873 = EDGE_CURVE('',#6325,#3694,#6874,.T.);
#6874 = LINE('',#6875,#6876);
#6875 = CARTESIAN_POINT('',(11.198529267668,11.880769578592,
    3.460671187065));
#6876 = VECTOR('',#6877,1.);
#6877 = DIRECTION('',(-0.426285000203,-0.678380954707,-0.598398177548));
#6878 = ORIENTED_EDGE('',*,*,#3693,.T.);
#6879 = B_SPLINE_SURFACE_WITH_KNOTS('',3,3,(
    (#6880,#6881,#6882,#6883,#6884)
    ,(#6885,#6886,#6887,#6888,#6889)
    ,(#6890,#6891,#6892,#6893,#6894)
    ,(#6895,#6896,#6897,#6898,#6899
    )),.UNSPECIFIED.,.F.,.F.,.F.,(4,4),(4,1,4),(0.,1.),(1.103927321839,
    1.703042162503,2.501861950055),.UNSPECIFIED.);
#6880 = CARTESIAN_POINT('',(10.078842312277,13.511969418828,
    2.278956611519));
#6881 = CARTESIAN_POINT('',(9.900976344473,13.159084036859,
    2.341179825458));
#6882 = CARTESIAN_POINT('',(9.740383016832,12.212899242266,
    2.508017733481));
#6883 = CARTESIAN_POINT('',(10.240730278236,11.353758329495,
    2.659507456633));
#6884 = CARTESIAN_POINT('',(10.667708676247,11.036032889722,
    2.715531024122));
#6885 = CARTESIAN_POINT('',(10.407658065421,13.414978355297,
    2.668817599484));
#6886 = CARTESIAN_POINT('',(10.25154625783,13.129280339735,
    2.707241871762));
#6887 = CARTESIAN_POINT('',(10.084172016234,12.345161373667,2.8147528685
    ));
#6888 = CARTESIAN_POINT('',(10.4852823918,11.596681024636,2.923109560536
    ));
#6889 = CARTESIAN_POINT('',(10.844648873387,11.317611786012,
    2.963911078436));
#6890 = CARTESIAN_POINT('',(10.736473818564,13.317987291766,
    3.058678587449));
#6891 = CARTESIAN_POINT('',(10.602116171188,13.09947664261,
    3.073303918065));
#6892 = CARTESIAN_POINT('',(10.427961015636,12.477423505068,
    3.121488003519));
#6893 = CARTESIAN_POINT('',(10.729834505365,11.839603719778,
    3.186711664439));
#6894 = CARTESIAN_POINT('',(11.021589070527,11.599190682302,
    3.212291132751));
#6895 = CARTESIAN_POINT('',(11.065289571708,13.220996228235,
    3.448539575413));
#6896 = CARTESIAN_POINT('',(10.952686084545,13.069672945485,
    3.439365964369));
#6897 = CARTESIAN_POINT('',(10.771750015039,12.609685636469,
    3.428223138539));
#6898 = CARTESIAN_POINT('',(10.974386618929,12.082526414919,
    3.450313768342));
#6899 = CARTESIAN_POINT('',(11.198529267668,11.880769578592,
    3.460671187065));
#6900 = ADVANCED_FACE('',(#6901),#6907,.T.);
#6901 = FACE_BOUND('',#6902,.T.);
#6902 = EDGE_LOOP('',(#6903,#6904,#6905,#6906));
#6903 = ORIENTED_EDGE('',*,*,#6866,.F.);
#6904 = ORIENTED_EDGE('',*,*,#3684,.T.);
#6905 = ORIENTED_EDGE('',*,*,#6827,.F.);
#6906 = ORIENTED_EDGE('',*,*,#6299,.T.);
#6907 = B_SPLINE_SURFACE_WITH_KNOTS('',3,3,(
    (#6908,#6909,#6910,#6911)
    ,(#6912,#6913,#6914,#6915)
    ,(#6916,#6917,#6918,#6919)
    ,(#6920,#6921,#6922,#6923
    )),.UNSPECIFIED.,.F.,.F.,.F.,(4,4),(4,4),(0.,1.),(0.93106562326,
    1.103927321839),.PIECEWISE_BEZIER_KNOTS.);
#6908 = CARTESIAN_POINT('',(10.258687316623,13.803110753037,
    2.227620539099));
#6909 = CARTESIAN_POINT('',(10.190382890363,13.71131919073,
    2.243805868135));
#6910 = CARTESIAN_POINT('',(10.130161710875,13.613786904209,
    2.261003441738));
#6911 = CARTESIAN_POINT('',(10.078842312277,13.511969418828,
    2.278956611519));
#6912 = CARTESIAN_POINT('',(10.558838242094,13.65111322099,
    2.632279956751));
#6913 = CARTESIAN_POINT('',(10.503150886378,13.576277230678,
    2.645475560971));
#6914 = CARTESIAN_POINT('',(10.452700769084,13.497410371496,
    2.657731102335));
#6915 = CARTESIAN_POINT('',(10.407658065421,13.414978355297,
    2.668817599484));
#6916 = CARTESIAN_POINT('',(10.858989167565,13.499115688943,
    3.036939374404));
#6917 = CARTESIAN_POINT('',(10.815918882393,13.441235270625,
    3.047145253808));
#6918 = CARTESIAN_POINT('',(10.775239827293,13.381033838783,
    3.054458762932));
#6919 = CARTESIAN_POINT('',(10.736473818564,13.317987291766,
    3.058678587449));
#6920 = CARTESIAN_POINT('',(11.159140093036,13.347118156896,
    3.441598792057));
#6921 = CARTESIAN_POINT('',(11.128686878408,13.306193310572,
    3.448814946645));
#6922 = CARTESIAN_POINT('',(11.097778885502,13.26465730607,
    3.451186423529));
#6923 = CARTESIAN_POINT('',(11.065289571708,13.220996228235,
    3.448539575413));
#6924 = ADVANCED_FACE('',(#6925),#6941,.T.);
#6925 = FACE_BOUND('',#6926,.T.);
#6926 = EDGE_LOOP('',(#6927,#6933,#6934,#6940));
#6927 = ORIENTED_EDGE('',*,*,#6928,.T.);
#6928 = EDGE_CURVE('',#3704,#6335,#6929,.T.);
#6929 = LINE('',#6930,#6931);
#6930 = CARTESIAN_POINT('',(10.742060148493,10.98070607617,
    2.725286634108));
#6931 = VECTOR('',#6932,1.);
#6932 = DIRECTION('',(0.426285000203,0.678380954707,0.598398177548));
#6933 = ORIENTED_EDGE('',*,*,#6376,.T.);
#6934 = ORIENTED_EDGE('',*,*,#6935,.T.);
#6935 = EDGE_CURVE('',#6368,#3713,#6936,.T.);
#6936 = LINE('',#6937,#6938);
#6937 = CARTESIAN_POINT('',(16.609913180163,7.848617320197,
    4.167750765457));
#6938 = VECTOR('',#6939,1.);
#6939 = DIRECTION('',(-0.426285000203,-0.678380954707,-0.598398177548));
#6940 = ORIENTED_EDGE('',*,*,#3712,.T.);
#6941 = PLANE('',#6942);
#6942 = AXIS2_PLACEMENT_3D('',#6943,#6944,#6945);
#6943 = CARTESIAN_POINT('',(10.733471602059,11.604261679246,
    3.060433146162));
#6944 = DIRECTION('',(0.426285000203,0.432805346769,-0.794330303092));
#6945 = DIRECTION('',(-0.881133006808,1.110223024625E-16,-0.472868506367
    ));
#6946 = ADVANCED_FACE('',(#6947),#6953,.T.);
#6947 = FACE_BOUND('',#6948,.T.);
#6948 = EDGE_LOOP('',(#6949,#6950,#6951,#6952));
#6949 = ORIENTED_EDGE('',*,*,#6928,.F.);
#6950 = ORIENTED_EDGE('',*,*,#3703,.T.);
#6951 = ORIENTED_EDGE('',*,*,#6873,.F.);
#6952 = ORIENTED_EDGE('',*,*,#6334,.T.);
#6953 = B_SPLINE_SURFACE_WITH_KNOTS('',3,3,(
    (#6954,#6955,#6956,#6957)
    ,(#6958,#6959,#6960,#6961)
    ,(#6962,#6963,#6964,#6965)
    ,(#6966,#6967,#6968,#6969
    )),.UNSPECIFIED.,.F.,.F.,.F.,(4,4),(4,4),(0.,1.),(2.487820148511E-02
    ,3.419719802393E-02),.PIECEWISE_BEZIER_KNOTS.);
#6954 = CARTESIAN_POINT('',(10.667708676247,11.036032889722,
    2.715531024122));
#6955 = CARTESIAN_POINT('',(10.692492500329,11.017590618538,
    2.718782894117));
#6956 = CARTESIAN_POINT('',(10.717276324411,10.999148347354,
    2.722034764113));
#6957 = CARTESIAN_POINT('',(10.742060148493,10.98070607617,
    2.725286634108));
#6958 = CARTESIAN_POINT('',(10.844648873387,11.317611786012,
    2.963911078436));
#6959 = CARTESIAN_POINT('',(10.868915431102,11.298346348045,
    2.96643683503));
#6960 = CARTESIAN_POINT('',(10.89344517657,11.279499741516,
    2.969332041808));
#6961 = CARTESIAN_POINT('',(10.918229000652,11.261057470333,
    2.972583911804));
#6962 = CARTESIAN_POINT('',(11.021589070528,11.599190682302,
    3.212291132751));
#6963 = CARTESIAN_POINT('',(11.045338361874,11.579102077552,
    3.214090775942));
#6964 = CARTESIAN_POINT('',(11.069614028729,11.559851135679,
    3.216629319504));
#6965 = CARTESIAN_POINT('',(11.094397852811,11.541408864495,
    3.219881189499));
#6966 = CARTESIAN_POINT('',(11.198529267668,11.880769578592,
    3.460671187065));
#6967 = CARTESIAN_POINT('',(11.221761292647,11.859857807059,
    3.461744716854));
#6968 = CARTESIAN_POINT('',(11.245782880888,11.840202529841,3.4639265972
    ));
#6969 = CARTESIAN_POINT('',(11.27056670497,11.821760258657,
    3.467178467195));
#6970 = ADVANCED_FACE('',(#6971),#6987,.T.);
#6971 = FACE_BOUND('',#6972,.T.);
#6972 = EDGE_LOOP('',(#6973,#6979,#6980,#6986));
#6973 = ORIENTED_EDGE('',*,*,#6974,.T.);
#6974 = EDGE_CURVE('',#3721,#6360,#6975,.T.);
#6975 = LINE('',#6976,#6977);
#6976 = CARTESIAN_POINT('',(16.16898083652,6.943618505434,3.437134096312
    ));
#6977 = VECTOR('',#6978,1.);
#6978 = DIRECTION('',(0.415971344854,0.685911728115,0.59707029862));
#6979 = ORIENTED_EDGE('',*,*,#6392,.T.);
#6980 = ORIENTED_EDGE('',*,*,#6981,.T.);
#6981 = EDGE_CURVE('',#6393,#3730,#6982,.T.);
#6982 = LINE('',#6983,#6984);
#6983 = CARTESIAN_POINT('',(19.6691617432,6.804573263744,4.324869513974)
  );
#6984 = VECTOR('',#6985,1.);
#6985 = DIRECTION('',(1.846942121357E-15,-0.819152044289,-0.573576436351
    ));
#6986 = ORIENTED_EDGE('',*,*,#3729,.T.);
#6987 = B_SPLINE_SURFACE_WITH_KNOTS('',3,3,(
    (#6988,#6989,#6990,#6991)
    ,(#6992,#6993,#6994,#6995)
    ,(#6996,#6997,#6998,#6999)
    ,(#7000,#7001,#7002,#7003
    )),.UNSPECIFIED.,.F.,.F.,.F.,(4,4),(4,4),(0.,1.),(-0.621655473451,
    5.73027491226E-15),.PIECEWISE_BEZIER_KNOTS.);
#6988 = CARTESIAN_POINT('',(16.16898083651,6.943618505441,3.43713409631)
  );
#6989 = CARTESIAN_POINT('',(17.179615759799,6.219588349263,
    3.564800147691));
#6990 = CARTESIAN_POINT('',(18.422654117059,5.819765510731,
    3.635299701628));
#6991 = CARTESIAN_POINT('',(19.6691617432,5.819765510731,3.635299701628)
  );
#6992 = CARTESIAN_POINT('',(16.340742105909,7.226842507753,3.68367404145
    ));
#6993 = CARTESIAN_POINT('',(17.298882293435,6.532538717791,
    3.800347039199));
#6994 = CARTESIAN_POINT('',(18.482279026867,6.148034761736,
    3.865156305743));
#6995 = CARTESIAN_POINT('',(19.6691617432,6.148034761736,3.865156305743)
  );
#6996 = CARTESIAN_POINT('',(16.512503375309,7.510066510065,
    3.930213986589));
#6997 = CARTESIAN_POINT('',(17.418148827071,6.845489086318,
    4.035893930706));
#6998 = CARTESIAN_POINT('',(18.541903936675,6.47630401274,4.095012909859
    ));
#6999 = CARTESIAN_POINT('',(19.6691617432,6.47630401274,4.095012909859)
  );
#7000 = CARTESIAN_POINT('',(16.684264644708,7.793290512377,
    4.176753931729));
#7001 = CARTESIAN_POINT('',(17.537415360708,7.158439454845,
    4.271440822214));
#7002 = CARTESIAN_POINT('',(18.601528846483,6.804573263744,
    4.324869513974));
#7003 = CARTESIAN_POINT('',(19.6691617432,6.804573263744,4.324869513974)
  );
#7004 = ADVANCED_FACE('',(#7005),#7011,.T.);
#7005 = FACE_BOUND('',#7006,.T.);
#7006 = EDGE_LOOP('',(#7007,#7008,#7009,#7010));
#7007 = ORIENTED_EDGE('',*,*,#3738,.F.);
#7008 = ORIENTED_EDGE('',*,*,#6981,.F.);
#7009 = ORIENTED_EDGE('',*,*,#6418,.F.);
#7010 = ORIENTED_EDGE('',*,*,#3065,.T.);
#7011 = PLANE('',#7012);
#7012 = AXIS2_PLACEMENT_3D('',#7013,#7014,#7015);
#7013 = CARTESIAN_POINT('',(16.158191461084,6.312169387238,
    3.980084607801));
#7014 = DIRECTION('',(0.,0.573576436351,-0.819152044289));
#7015 = DIRECTION('',(-1.,0.,0.));
#7016 = ADVANCED_FACE('',(#7017),#7023,.T.);
#7017 = FACE_BOUND('',#7018,.T.);
#7018 = EDGE_LOOP('',(#7019,#7020,#7021,#7022));
#7019 = ORIENTED_EDGE('',*,*,#6974,.F.);
#7020 = ORIENTED_EDGE('',*,*,#3720,.T.);
#7021 = ORIENTED_EDGE('',*,*,#6935,.F.);
#7022 = ORIENTED_EDGE('',*,*,#6367,.T.);
#7023 = B_SPLINE_SURFACE_WITH_KNOTS('',3,3,(
    (#7024,#7025,#7026,#7027)
    ,(#7028,#7029,#7030,#7031)
    ,(#7032,#7033,#7034,#7035)
    ,(#7036,#7037,#7038,#7039
    )),.UNSPECIFIED.,.F.,.F.,.F.,(4,4),(4,4),(0.,1.),(-0.639730703535,
    -0.621655473451),.PIECEWISE_BEZIER_KNOTS.);
#7024 = CARTESIAN_POINT('',(16.081406623687,7.00756313771,3.42585893237)
  );
#7025 = CARTESIAN_POINT('',(16.11040267183,6.985986443922,3.429663485639
    ));
#7026 = CARTESIAN_POINT('',(16.139595655249,6.964670377771,
    3.433422083224));
#7027 = CARTESIAN_POINT('',(16.16898083651,6.943618505441,3.43713409631)
  );
#7028 = CARTESIAN_POINT('',(16.257575475846,7.287914531873,
    3.673156210065));
#7029 = CARTESIAN_POINT('',(16.285160741964,7.267387636719,
    3.676775655511));
#7030 = CARTESIAN_POINT('',(16.31288325951,7.247030057412,3.680281661944
    ));
#7031 = CARTESIAN_POINT('',(16.340742105909,7.226842507753,3.68367404145
    ));
#7032 = CARTESIAN_POINT('',(16.433744328005,7.568265926035,
    3.920453487761));
#7033 = CARTESIAN_POINT('',(16.459918812098,7.548788829516,
    3.923887825383));
#7034 = CARTESIAN_POINT('',(16.48617086377,7.529389737052,3.927141240663
    ));
#7035 = CARTESIAN_POINT('',(16.512503375309,7.510066510065,
    3.930213986589));
#7036 = CARTESIAN_POINT('',(16.609913180163,7.848617320197,
    4.167750765457));
#7037 = CARTESIAN_POINT('',(16.634676882232,7.830190022313,
    4.170999995256));
#7038 = CARTESIAN_POINT('',(16.659458468031,7.811749416693,
    4.174000819383));
#7039 = CARTESIAN_POINT('',(16.684264644708,7.793290512377,
    4.176753931729));
#7040 = ADVANCED_FACE('',(#7041),#7055,.T.);
#7041 = FACE_BOUND('',#7042,.T.);
#7042 = EDGE_LOOP('',(#7043,#7044,#7045,#7051,#7052,#7053,#7054));
#7043 = ORIENTED_EDGE('',*,*,#3410,.T.);
#7044 = ORIENTED_EDGE('',*,*,#3531,.T.);
#7045 = ORIENTED_EDGE('',*,*,#7046,.T.);
#7046 = EDGE_CURVE('',#3524,#6682,#7047,.T.);
#7047 = LINE('',#7048,#7049);
#7048 = CARTESIAN_POINT('',(9.430009970062,11.255922032812,2.71010338911
    ));
#7049 = VECTOR('',#7050,1.);
#7050 = DIRECTION('',(-0.904484088876,0.309577771955,0.293377122628));
#7051 = ORIENTED_EDGE('',*,*,#6681,.T.);
#7052 = ORIENTED_EDGE('',*,*,#6721,.T.);
#7053 = ORIENTED_EDGE('',*,*,#6740,.T.);
#7054 = ORIENTED_EDGE('',*,*,#3877,.T.);
#7055 = CYLINDRICAL_SURFACE('',#7056,7.5);
#7056 = AXIS2_PLACEMENT_3D('',#7057,#7058,#7059);
#7057 = CARTESIAN_POINT('',(12.627147471582,16.343779193116,
    7.19808972072));
#7058 = DIRECTION('',(0.904484088876,-0.309577771955,-0.293377122628));
#7059 = DIRECTION('',(-0.368844121217,-0.22237034841,-0.902499552572));
#7060 = ADVANCED_FACE('',(#7061),#7073,.T.);
#7061 = FACE_BOUND('',#7062,.T.);
#7062 = EDGE_LOOP('',(#7063,#7064,#7065,#7071,#7072));
#7063 = ORIENTED_EDGE('',*,*,#7046,.F.);
#7064 = ORIENTED_EDGE('',*,*,#3523,.T.);
#7065 = ORIENTED_EDGE('',*,*,#7066,.T.);
#7066 = EDGE_CURVE('',#3515,#6649,#7067,.T.);
#7067 = LINE('',#7068,#7069);
#7068 = CARTESIAN_POINT('',(21.162685329431,2.560171980774,
    4.210053987102));
#7069 = VECTOR('',#7070,1.);
#7070 = DIRECTION('',(-0.426285000203,-0.432805346769,0.794330303092));
#7071 = ORIENTED_EDGE('',*,*,#6648,.T.);
#7072 = ORIENTED_EDGE('',*,*,#6696,.T.);
#7073 = PLANE('',#7074);
#7074 = AXIS2_PLACEMENT_3D('',#7075,#7076,#7077);
#7075 = CARTESIAN_POINT('',(14.772672001459,6.08081343765,4.770935909382
    ));
#7076 = DIRECTION('',(-0.426285000203,-0.678380954707,-0.598398177548));
#7077 = DIRECTION('',(-0.814468160935,5.551115123126E-17,0.580208251255)
  );
#7078 = ADVANCED_FACE('',(#7079),#7095,.T.);
#7079 = FACE_BOUND('',#7080,.T.);
#7080 = EDGE_LOOP('',(#7081,#7087,#7088,#7094));
#7081 = ORIENTED_EDGE('',*,*,#7082,.T.);
#7082 = EDGE_CURVE('',#6616,#3506,#7083,.T.);
#7083 = LINE('',#7084,#7085);
#7084 = CARTESIAN_POINT('',(19.956969271985,0.988717242903,
    6.857295104272));
#7085 = VECTOR('',#7086,1.);
#7086 = DIRECTION('',(0.399586552501,0.451727960979,-0.797666870523));
#7087 = ORIENTED_EDGE('',*,*,#3505,.T.);
#7088 = ORIENTED_EDGE('',*,*,#7089,.T.);
#7089 = EDGE_CURVE('',#3498,#6592,#7090,.T.);
#7090 = LINE('',#7091,#7092);
#7091 = CARTESIAN_POINT('',(22.941866362776,1.969615506025,
    4.314185027232));
#7092 = VECTOR('',#7093,1.);
#7093 = DIRECTION('',(4.607177460789E-15,-0.573576436351,0.819152044289)
  );
#7094 = ORIENTED_EDGE('',*,*,#6623,.T.);
#7095 = B_SPLINE_SURFACE_WITH_KNOTS('',3,3,(
    (#7096,#7097,#7098,#7099)
    ,(#7100,#7101,#7102,#7103)
    ,(#7104,#7105,#7106,#7107)
    ,(#7108,#7109,#7110,#7111
    )),.UNSPECIFIED.,.F.,.F.,.F.,(4,4),(4,4),(0.,1.),(
    -7.150667434288E-15,0.593437985595),.PIECEWISE_BEZIER_KNOTS.);
#7096 = CARTESIAN_POINT('',(22.941866362776,1.969615506025,
    4.314185027232));
#7097 = CARTESIAN_POINT('',(22.354531535502,1.969615506025,
    4.314185027232));
#7098 = CARTESIAN_POINT('',(21.767708254105,2.148177746799,
    4.282699686448));
#7099 = CARTESIAN_POINT('',(21.275995349803,2.479860918487,
    4.224214994232));
#7100 = CARTESIAN_POINT('',(22.941866362776,1.313077004017,
    5.251819180225));
#7101 = CARTESIAN_POINT('',(22.191955500012,1.313077004017,
    5.251819180225));
#7102 = CARTESIAN_POINT('',(21.444904295235,1.552758601401,
    5.197186534355));
#7103 = CARTESIAN_POINT('',(20.83631999053,1.982813026626,5.101908364246
    ));
#7104 = CARTESIAN_POINT('',(22.941866362776,0.656538502009,
    6.189453333217));
#7105 = CARTESIAN_POINT('',(22.029379464521,0.656538502009,
    6.189453333217));
#7106 = CARTESIAN_POINT('',(21.122100336364,0.957339456004,
    6.111673382262));
#7107 = CARTESIAN_POINT('',(20.396644631258,1.485765134764,
    5.979601734259));
#7108 = CARTESIAN_POINT('',(22.941866362776,0.,7.127087486209));
#7109 = CARTESIAN_POINT('',(21.86680342903,0.,7.127087486209));
#7110 = CARTESIAN_POINT('',(20.799296377493,0.361920310606,
    7.026160230168));
#7111 = CARTESIAN_POINT('',(19.956969271985,0.988717242903,
    6.857295104272));
#7112 = ADVANCED_FACE('',(#7113),#7119,.T.);
#7113 = FACE_BOUND('',#7114,.T.);
#7114 = EDGE_LOOP('',(#7115,#7116,#7117,#7118));
#7115 = ORIENTED_EDGE('',*,*,#6599,.T.);
#7116 = ORIENTED_EDGE('',*,*,#7089,.F.);
#7117 = ORIENTED_EDGE('',*,*,#3497,.T.);
#7118 = ORIENTED_EDGE('',*,*,#3202,.T.);
#7119 = PLANE('',#7120);
#7120 = AXIS2_PLACEMENT_3D('',#7121,#7122,#7123);
#7121 = CARTESIAN_POINT('',(18.234602865261,0.984807753013,
    5.720636256721));
#7122 = DIRECTION('',(0.,-0.819152044289,-0.573576436351));
#7123 = DIRECTION('',(-1.,-0.,0.));
#7124 = ADVANCED_FACE('',(#7125),#7131,.T.);
#7125 = FACE_BOUND('',#7126,.T.);
#7126 = EDGE_LOOP('',(#7127,#7128,#7129,#7130));
#7127 = ORIENTED_EDGE('',*,*,#7066,.F.);
#7128 = ORIENTED_EDGE('',*,*,#3514,.T.);
#7129 = ORIENTED_EDGE('',*,*,#7082,.F.);
#7130 = ORIENTED_EDGE('',*,*,#6656,.T.);
#7131 = B_SPLINE_SURFACE_WITH_KNOTS('',3,3,(
    (#7132,#7133,#7134,#7135)
    ,(#7136,#7137,#7138,#7139)
    ,(#7140,#7141,#7142,#7143)
    ,(#7144,#7145,#7146,#7147
    )),.UNSPECIFIED.,.F.,.F.,.F.,(4,4),(4,4),(0.,1.),(0.593437985595,
    0.639730703535),.PIECEWISE_BEZIER_KNOTS.);
#7132 = CARTESIAN_POINT('',(21.275995349803,2.479860918487,
    4.224214994232));
#7133 = CARTESIAN_POINT('',(21.237637969017,2.505734751786,
    4.219652739327));
#7134 = CARTESIAN_POINT('',(21.199854163065,2.532513710315,
    4.214930886424));
#7135 = CARTESIAN_POINT('',(21.162685329431,2.560171980774,
    4.210053987102));
#7136 = CARTESIAN_POINT('',(20.83631999053,1.982813026626,5.101908364246
    ));
#7137 = CARTESIAN_POINT('',(20.788845743441,2.01636057277,5.094475935648
    ));
#7138 = CARTESIAN_POINT('',(20.74174379434,2.050519040414,5.08769688497)
  );
#7139 = CARTESIAN_POINT('',(20.694982508863,2.08531529723,5.081561366066
    ));
#7140 = CARTESIAN_POINT('',(20.396644631258,1.485765134764,
    5.979601734259));
#7141 = CARTESIAN_POINT('',(20.340053517864,1.526986393755,5.96929913197
    ));
#7142 = CARTESIAN_POINT('',(20.283633425614,1.568524370513,
    5.960462883517));
#7143 = CARTESIAN_POINT('',(20.227279688296,1.610458613687,5.95306874503
    ));
#7144 = CARTESIAN_POINT('',(19.956969271985,0.988717242903,
    6.857295104272));
#7145 = CARTESIAN_POINT('',(19.891261292288,1.03761221474,6.844122328291
    ));
#7146 = CARTESIAN_POINT('',(19.825523056888,1.086529700612,
    6.833228882063));
#7147 = CARTESIAN_POINT('',(19.759576867728,1.135601930143,
    6.824576123994));
#7148 = ADVANCED_FACE('',(#7149),#7160,.T.);
#7149 = FACE_BOUND('',#7150,.T.);
#7150 = EDGE_LOOP('',(#7151,#7152,#7158,#7159));
#7151 = ORIENTED_EDGE('',*,*,#4537,.T.);
#7152 = ORIENTED_EDGE('',*,*,#7153,.T.);
#7153 = EDGE_CURVE('',#4538,#3599,#7154,.T.);
#7154 = LINE('',#7155,#7156);
#7155 = CARTESIAN_POINT('',(16.297263399953,20.020078247013,
    9.661481382566));
#7156 = VECTOR('',#7157,1.);
#7157 = DIRECTION('',(0.,0.,-1.));
#7158 = ORIENTED_EDGE('',*,*,#3598,.T.);
#7159 = ORIENTED_EDGE('',*,*,#4339,.F.);
#7160 = PLANE('',#7161);
#7161 = AXIS2_PLACEMENT_3D('',#7162,#7163,#7164);
#7162 = CARTESIAN_POINT('',(17.37024500374,21.294243901511,
    9.661481382566));
#7163 = DIRECTION('',(0.764911198117,-0.644135745783,0.));
#7164 = DIRECTION('',(-0.644135745783,-0.764911198117,0.));
#7165 = ADVANCED_FACE('',(#7166),#7177,.T.);
#7166 = FACE_BOUND('',#7167,.T.);
#7167 = EDGE_LOOP('',(#7168,#7169,#7170,#7171));
#7168 = ORIENTED_EDGE('',*,*,#4550,.T.);
#7169 = ORIENTED_EDGE('',*,*,#3952,.T.);
#7170 = ORIENTED_EDGE('',*,*,#5450,.T.);
#7171 = ORIENTED_EDGE('',*,*,#7172,.F.);
#7172 = EDGE_CURVE('',#4551,#5442,#7173,.T.);
#7173 = LINE('',#7174,#7175);
#7174 = CARTESIAN_POINT('',(16.861061311088,17.688768817621,
    9.661481382566));
#7175 = VECTOR('',#7176,1.);
#7176 = DIRECTION('',(0.,0.,-1.));
#7177 = PLANE('',#7178);
#7178 = AXIS2_PLACEMENT_3D('',#7179,#7180,#7181);
#7179 = CARTESIAN_POINT('',(16.861061311088,17.688768817621,
    9.661481382566));
#7180 = DIRECTION('',(0.223376156329,0.974732318528,0.));
#7181 = DIRECTION('',(0.974732318528,-0.223376156329,0.));
#7182 = ADVANCED_FACE('',(#7183),#7196,.F.);
#7183 = FACE_BOUND('',#7184,.F.);
#7184 = EDGE_LOOP('',(#7185,#7191,#7192,#7193,#7194,#7195));
#7185 = ORIENTED_EDGE('',*,*,#7186,.T.);
#7186 = EDGE_CURVE('',#4559,#3616,#7187,.T.);
#7187 = LINE('',#7188,#7189);
#7188 = CARTESIAN_POINT('',(16.084925350891,18.632267677857,
    9.661481382566));
#7189 = VECTOR('',#7190,1.);
#7190 = DIRECTION('',(0.,0.,-1.));
#7191 = ORIENTED_EDGE('',*,*,#3623,.F.);
#7192 = ORIENTED_EDGE('',*,*,#5603,.F.);
#7193 = ORIENTED_EDGE('',*,*,#5441,.F.);
#7194 = ORIENTED_EDGE('',*,*,#7172,.F.);
#7195 = ORIENTED_EDGE('',*,*,#4558,.F.);
#7196 = CYLINDRICAL_SURFACE('',#7197,1.);
#7197 = AXIS2_PLACEMENT_3D('',#7198,#7199,#7200);
#7198 = CARTESIAN_POINT('',(17.084437467418,18.663501136149,
    9.661481382566));
#7199 = DIRECTION('',(0.,0.,-1.));
#7200 = DIRECTION('',(-0.999512116526,-3.123345829234E-02,-0.));
#7201 = ADVANCED_FACE('',(#7202),#7213,.T.);
#7202 = FACE_BOUND('',#7203,.T.);
#7203 = EDGE_LOOP('',(#7204,#7205,#7206,#7207));
#7204 = ORIENTED_EDGE('',*,*,#4567,.T.);
#7205 = ORIENTED_EDGE('',*,*,#7186,.T.);
#7206 = ORIENTED_EDGE('',*,*,#3615,.T.);
#7207 = ORIENTED_EDGE('',*,*,#7208,.F.);
#7208 = EDGE_CURVE('',#4568,#3607,#7209,.T.);
#7209 = LINE('',#7210,#7211);
#7210 = CARTESIAN_POINT('',(16.062662481543,19.344709042938,
    9.661481382566));
#7211 = VECTOR('',#7212,1.);
#7212 = DIRECTION('',(0.,0.,-1.));
#7213 = PLANE('',#7214);
#7214 = AXIS2_PLACEMENT_3D('',#7215,#7216,#7217);
#7215 = CARTESIAN_POINT('',(16.062662481543,19.344709042938,
    9.661481382566));
#7216 = DIRECTION('',(0.999512116526,3.123345829232E-02,0.));
#7217 = DIRECTION('',(3.123345829232E-02,-0.999512116526,0.));
#7218 = ADVANCED_FACE('',(#7219),#7225,.F.);
#7219 = FACE_BOUND('',#7220,.F.);
#7220 = EDGE_LOOP('',(#7221,#7222,#7223,#7224));
#7221 = ORIENTED_EDGE('',*,*,#7153,.T.);
#7222 = ORIENTED_EDGE('',*,*,#3606,.F.);
#7223 = ORIENTED_EDGE('',*,*,#7208,.F.);
#7224 = ORIENTED_EDGE('',*,*,#4575,.F.);
#7225 = CYLINDRICAL_SURFACE('',#7226,1.);
#7226 = AXIS2_PLACEMENT_3D('',#7227,#7228,#7229);
#7227 = CARTESIAN_POINT('',(17.06217459807,19.375942501231,
    9.661481382566));
#7228 = DIRECTION('',(0.,0.,-1.));
#7229 = DIRECTION('',(-0.764911198117,0.644135745783,0.));
#7230 = ( GEOMETRIC_REPRESENTATION_CONTEXT(3) 
GLOBAL_UNCERTAINTY_ASSIGNED_CONTEXT((#7234)) 
GLOBAL_UNIT_ASSIGNED_CONTEXT((#7231,#7232,#7233)) REPRESENTATION_CONTEXT
('Context #1','3D Context with UNIT and UNCERTAINTY') );
#7231 = ( LENGTH_UNIT() NAMED_UNIT(*) SI_UNIT(.MILLI.,.METRE.) );
#7232 = ( NAMED_UNIT(*) PLANE_ANGLE_UNIT() SI_UNIT($,.RADIAN.) );
#7233 = ( NAMED_UNIT(*) SI_UNIT($,.STERADIAN.) SOLID_ANGLE_UNIT() );
#7234 = UNCERTAINTY_MEASURE_WITH_UNIT(LENGTH_MEASURE(2.E-04),#7231,
  'distance_accuracy_value','confusion accuracy');
#7235 = PRODUCT_RELATED_PRODUCT_CATEGORY('part',$,(#7));
ENDSEC;
END-ISO-10303-21;
