ISO-10303-21;
HEADER;
FILE_DESCRIPTION(('FreeCAD Model'),'2;1');
FILE_NAME('Open CASCADE Shape Model','2026-07-24T12:46:42',('FreeCAD'),(
    'FreeCAD'),'Open CASCADE STEP processor 7.8','FreeCAD','Unknown');
FILE_SCHEMA(('AUTOMOTIVE_DESIGN { 1 0 10303 214 1 1 1 1 }'));
ENDSEC;
DATA;
#1 = APPLICATION_PROTOCOL_DEFINITION('international standard',
  'automotive_design',2000,#2);
#2 = APPLICATION_CONTEXT(
  'core data for automotive mechanical design processes');
#3 = SHAPE_DEFINITION_REPRESENTATION(#4,#10);
#4 = PRODUCT_DEFINITION_SHAPE('','',#5);
#5 = PRODUCT_DEFINITION('design','',#6,#9);
#6 = PRODUCT_DEFINITION_FORMATION('','',#7);
#7 = PRODUCT('Open CASCADE STEP translator 7.8 11',
  'Open CASCADE STEP translator 7.8 11','',(#8));
#8 = PRODUCT_CONTEXT('',#2,'mechanical');
#9 = PRODUCT_DEFINITION_CONTEXT('part definition',#2,'design');
#10 = ADVANCED_BREP_SHAPE_REPRESENTATION('',(#11,#15),#2034);
#11 = AXIS2_PLACEMENT_3D('',#12,#13,#14);
#12 = CARTESIAN_POINT('',(0.,0.,0.));
#13 = DIRECTION('',(0.,0.,1.));
#14 = DIRECTION('',(1.,0.,-0.));
#15 = MANIFOLD_SOLID_BREP('',#16);
#16 = CLOSED_SHELL('',(#17,#57,#250,#275,#300,#342,#382,#436,#463,#524,
    #542,#663,#688,#706,#731,#756,#785,#818,#842,#876,#919,#961,#1038,
    #1063,#1128,#1271,#1305,#1345,#1385,#1465,#1564,#1618,#1664,#1682,
    #1694,#1712,#1743,#1774,#1836,#1897,#1916,#1962,#1980,#1992,#2010));
#17 = ADVANCED_FACE('',(#18),#52,.T.);
#18 = FACE_BOUND('',#19,.T.);
#19 = EDGE_LOOP('',(#20,#30,#38,#46));
#20 = ORIENTED_EDGE('',*,*,#21,.F.);
#21 = EDGE_CURVE('',#22,#24,#26,.T.);
#22 = VERTEX_POINT('',#23);
#23 = CARTESIAN_POINT('',(19.726644331765,17.762980808674,30.));
#24 = VERTEX_POINT('',#25);
#25 = CARTESIAN_POINT('',(34.726644331765,17.762980808674,30.));
#26 = LINE('',#27,#28);
#27 = CARTESIAN_POINT('',(24.726644331765,17.762980808674,30.));
#28 = VECTOR('',#29,1.);
#29 = DIRECTION('',(1.,0.,0.));
#30 = ORIENTED_EDGE('',*,*,#31,.F.);
#31 = EDGE_CURVE('',#32,#22,#34,.T.);
#32 = VERTEX_POINT('',#33);
#33 = CARTESIAN_POINT('',(19.726644331765,13.122161538456,30.));
#34 = LINE('',#35,#36);
#35 = CARTESIAN_POINT('',(19.726644331765,-14.66380049309,30.));
#36 = VECTOR('',#37,1.);
#37 = DIRECTION('',(0.,1.,0.));
#38 = ORIENTED_EDGE('',*,*,#39,.F.);
#39 = EDGE_CURVE('',#40,#32,#42,.T.);
#40 = VERTEX_POINT('',#41);
#41 = CARTESIAN_POINT('',(34.726644331765,13.122161538456,30.));
#42 = LINE('',#43,#44);
#43 = CARTESIAN_POINT('',(24.726644331765,13.122161538456,30.));
#44 = VECTOR('',#45,1.);
#45 = DIRECTION('',(-1.,0.,0.));
#46 = ORIENTED_EDGE('',*,*,#47,.F.);
#47 = EDGE_CURVE('',#24,#40,#48,.T.);
#48 = LINE('',#49,#50);
#49 = CARTESIAN_POINT('',(34.726644331765,-14.66380049309,30.));
#50 = VECTOR('',#51,1.);
#51 = DIRECTION('',(0.,-1.,0.));
#52 = PLANE('',#53);
#53 = AXIS2_PLACEMENT_3D('',#54,#55,#56);
#54 = CARTESIAN_POINT('',(27.226644331765,-44.77017215974,30.));
#55 = DIRECTION('',(0.,0.,1.));
#56 = DIRECTION('',(1.,0.,-0.));
#57 = ADVANCED_FACE('',(#58,#223,#234),#245,.F.);
#58 = FACE_BOUND('',#59,.T.);
#59 = EDGE_LOOP('',(#60,#61,#70,#79,#88,#127,#135,#198,#207,#216));
#60 = ORIENTED_EDGE('',*,*,#31,.T.);
#61 = ORIENTED_EDGE('',*,*,#62,.T.);
#62 = EDGE_CURVE('',#22,#63,#65,.T.);
#63 = VERTEX_POINT('',#64);
#64 = CARTESIAN_POINT('',(19.726644331765,21.31035638587,17.350115380416
    ));
#65 = CIRCLE('',#66,7.825000014901);
#66 = AXIS2_PLACEMENT_3D('',#67,#68,#69);
#67 = CARTESIAN_POINT('',(19.726644331765,15.442571173565,
    22.526960166137));
#68 = DIRECTION('',(-1.,0.,0.));
#69 = DIRECTION('',(0.,1.,0.));
#70 = ORIENTED_EDGE('',*,*,#71,.F.);
#71 = EDGE_CURVE('',#72,#63,#74,.T.);
#72 = VERTEX_POINT('',#73);
#73 = CARTESIAN_POINT('',(19.726644331765,21.31035638587,14.703804951859
    ));
#74 = CIRCLE('',#75,2.);
#75 = AXIS2_PLACEMENT_3D('',#76,#77,#78);
#76 = CARTESIAN_POINT('',(19.726644331765,22.81010979191,16.026960166137
    ));
#77 = DIRECTION('',(-1.,0.,0.));
#78 = DIRECTION('',(0.,-1.,0.));
#79 = ORIENTED_EDGE('',*,*,#80,.T.);
#80 = EDGE_CURVE('',#72,#81,#83,.T.);
#81 = VERTEX_POINT('',#82);
#82 = CARTESIAN_POINT('',(19.726644331769,21.810762733026,4.979789452913
    ));
#83 = CIRCLE('',#84,7.825000014901);
#84 = AXIS2_PLACEMENT_3D('',#85,#86,#87);
#85 = CARTESIAN_POINT('',(19.726644331765,15.442571173565,9.526960166138
    ));
#86 = DIRECTION('',(-1.,0.,0.));
#87 = DIRECTION('',(0.,1.,0.));
#88 = ORIENTED_EDGE('',*,*,#89,.F.);
#89 = EDGE_CURVE('',#90,#81,#92,.T.);
#90 = VERTEX_POINT('',#91);
#91 = CARTESIAN_POINT('',(19.726644331782,21.608130741457,3.));
#92 = B_SPLINE_CURVE_WITH_KNOTS('',3,(#93,#94,#95,#96,#97,#98,#99,#100,
    #101,#102,#103,#104,#105,#106,#107,#108,#109,#110,#111,#112,#113,
    #114,#115,#116,#117,#118,#119,#120,#121,#122,#123,#124,#125,#126),
  .UNSPECIFIED.,.F.,.F.,(4,3,3,3,3,3,3,3,3,3,3,4),(0.,2.21651482874E-02,
    4.460732476312E-02,6.698748149661E-02,7.816320383419E-02,
    0.100571382136,0.104199376789,0.126651426617,0.143369609609,
    0.165806543545,0.188137383846,0.208730490507),.UNSPECIFIED.);
#93 = CARTESIAN_POINT('',(19.726644331765,21.608130741455,3.));
#94 = CARTESIAN_POINT('',(19.726644331765,21.578195990489,3.067547987898
    ));
#95 = CARTESIAN_POINT('',(19.726636708566,21.552175647494,3.136600718026
    ));
#96 = CARTESIAN_POINT('',(19.726629602215,21.530049254261,3.206797863373
    ));
#97 = CARTESIAN_POINT('',(19.726622407045,21.507646317216,3.2778723585)
  );
#98 = CARTESIAN_POINT('',(19.726615758241,21.489235076609,3.350120975648
    ));
#99 = CARTESIAN_POINT('',(19.726613201029,21.47484328882,3.423191529745)
  );
#100 = CARTESIAN_POINT('',(19.726610650884,21.460491273242,
    3.496060150802));
#101 = CARTESIAN_POINT('',(19.726612165992,21.450136429372,
    3.569747122442));
#102 = CARTESIAN_POINT('',(19.726616341093,21.443856721369,
    3.643910590641));
#103 = CARTESIAN_POINT('',(19.726618425966,21.440720895564,
    3.680944751664));
#104 = CARTESIAN_POINT('',(19.726621097581,21.438602037901,
    3.718097758439));
#105 = CARTESIAN_POINT('',(19.726623726694,21.437514711087,
    3.755326617218));
#106 = CARTESIAN_POINT('',(19.726628998266,21.435334537637,
    3.829973327318));
#107 = CARTESIAN_POINT('',(19.726633086999,21.437308862218,
    3.904559939814));
#108 = CARTESIAN_POINT('',(19.726636081928,21.443472736353,
    3.978741786319));
#109 = CARTESIAN_POINT('',(19.726636566821,21.444470697994,
    3.990752193362));
#110 = CARTESIAN_POINT('',(19.726637009339,21.445578590674,
    4.002752000845));
#111 = CARTESIAN_POINT('',(19.726637394189,21.44679669067,4.014739752682
    ));
#112 = CARTESIAN_POINT('',(19.726639775854,21.454334971295,
    4.088926632019));
#113 = CARTESIAN_POINT('',(19.726640482977,21.466089787183,
    4.162652546292));
#114 = CARTESIAN_POINT('',(19.726641479415,21.481921764285,
    4.235592330575));
#115 = CARTESIAN_POINT('',(19.72664222138,21.493710527109,4.289904550192
    ));
#116 = CARTESIAN_POINT('',(19.726642977692,21.507761030054,
    4.343780896809));
#117 = CARTESIAN_POINT('',(19.72664233999,21.52403343278,4.397081343579)
  );
#118 = CARTESIAN_POINT('',(19.726641484152,21.545872099406,
    4.468614153303));
#119 = CARTESIAN_POINT('',(19.726638307983,21.57161419835,4.538793754457
    ));
#120 = CARTESIAN_POINT('',(19.726637303867,21.601102959005,
    4.607302416978));
#121 = CARTESIAN_POINT('',(19.726636304499,21.630452281275,
    4.675487134479));
#122 = CARTESIAN_POINT('',(19.726637376493,21.663513304737,
    4.742017542258));
#123 = CARTESIAN_POINT('',(19.726639664899,21.700179256135,
    4.806563596841));
#124 = CARTESIAN_POINT('',(19.726641775228,21.733991949154,
    4.866086828777));
#125 = CARTESIAN_POINT('',(19.726644820833,21.770871043213,4.92392287824
    ));
#126 = CARTESIAN_POINT('',(19.726644975526,21.81076502719,4.979790601859
    ));
#127 = ORIENTED_EDGE('',*,*,#128,.F.);
#128 = EDGE_CURVE('',#129,#90,#131,.T.);
#129 = VERTEX_POINT('',#130);
#130 = CARTESIAN_POINT('',(19.726644331766,7.30992117414,3.));
#131 = LINE('',#132,#133);
#132 = CARTESIAN_POINT('',(19.726644331765,14.414245188384,3.));
#133 = VECTOR('',#134,1.);
#134 = DIRECTION('',(0.,1.,0.));
#135 = ORIENTED_EDGE('',*,*,#136,.F.);
#136 = EDGE_CURVE('',#137,#129,#139,.T.);
#137 = VERTEX_POINT('',#138);
#138 = CARTESIAN_POINT('',(19.726644331765,8.529386590823,5.861103628009
    ));
#139 = B_SPLINE_CURVE_WITH_KNOTS('',3,(#140,#141,#142,#143,#144,#145,
    #146,#147,#148,#149,#150,#151,#152,#153,#154,#155,#156,#157,#158,
    #159,#160,#161,#162,#163,#164,#165,#166,#167,#168,#169,#170,#171,
    #172,#173,#174,#175,#176,#177,#178,#179,#180,#181,#182,#183,#184,
    #185,#186,#187,#188,#189,#190,#191,#192,#193,#194,#195,#196,#197),
  .UNSPECIFIED.,.F.,.F.,(4,3,3,3,3,3,3,3,3,3,3,3,3,3,3,3,3,3,3,4),(0.,
    2.204830501241E-02,4.447834144944E-02,6.704746566268E-02,
    7.814252565262E-02,0.100716531894,0.123272242901,0.145352449853,
    0.153232741033,0.156281539306,0.178464823408,0.200924566242,
    0.223280271766,0.234412637563,0.255269059357,0.277724044757,
    0.295826155146,0.318285577537,0.340609126007,0.357262783949),
  .UNSPECIFIED.);
#140 = CARTESIAN_POINT('',(19.726644331765,8.529386590823,5.861103628009
    ));
#141 = CARTESIAN_POINT('',(19.726644331765,8.563817228919,5.79617327572)
  );
#142 = CARTESIAN_POINT('',(19.726645773817,8.594361855421,5.729476978316
    ));
#143 = CARTESIAN_POINT('',(19.726647844048,8.621075480085,5.661372747022
    ));
#144 = CARTESIAN_POINT('',(19.726649950122,8.648251608783,5.592089399001
    ));
#145 = CARTESIAN_POINT('',(19.72665268644,8.671463126459,5.521348077612)
  );
#146 = CARTESIAN_POINT('',(19.726655184573,8.69071964419,5.449500184673)
  );
#147 = CARTESIAN_POINT('',(19.726657698196,8.710095570833,5.377206765768
    ));
#148 = CARTESIAN_POINT('',(19.726659949464,8.725467434308,5.303792050386
    ));
#149 = CARTESIAN_POINT('',(19.72666135361,8.736794145072,5.229602292479)
  );
#150 = CARTESIAN_POINT('',(19.726662043893,8.742362395494,5.193130349357
    ));
#151 = CARTESIAN_POINT('',(19.726662536007,8.746952250388,5.15647101034)
  );
#152 = CARTESIAN_POINT('',(19.726662811012,8.750554195758,5.119665474102
    ));
#153 = CARTESIAN_POINT('',(19.726663370537,8.757882712894,5.044780939406
    ));
#154 = CARTESIAN_POINT('',(19.726662894479,8.761085058479,4.969699433842
    ));
#155 = CARTESIAN_POINT('',(19.726661580037,8.760176463667,4.894775249993
    ));
#156 = CARTESIAN_POINT('',(19.72666026666,8.759268605231,4.819911788885)
  );
#157 = CARTESIAN_POINT('',(19.726658095388,8.754256519484,4.745204410064
    ));
#158 = CARTESIAN_POINT('',(19.726655699772,8.745103911473,4.671000942949
    ));
#159 = CARTESIAN_POINT('',(19.726653354658,8.736144252477,4.59836178252)
  );
#160 = CARTESIAN_POINT('',(19.7266507774,8.723216711488,4.526204630691)
  );
#161 = CARTESIAN_POINT('',(19.726649258325,8.706238463315,4.454864149803
    ));
#162 = CARTESIAN_POINT('',(19.726648716176,8.700179030103,4.429403167327
    ));
#163 = CARTESIAN_POINT('',(19.726648316588,8.693603192216,4.404046348267
    ));
#164 = CARTESIAN_POINT('',(19.726648146694,8.686505663507,4.378809495128
    ));
#165 = CARTESIAN_POINT('',(19.726648080964,8.683759707453,4.369045633298
    ));
#166 = CARTESIAN_POINT('',(19.726648049796,8.680935654237,4.359299732533
    ));
#167 = CARTESIAN_POINT('',(19.726648048208,8.678033912769,4.3495725986)
  );
#168 = CARTESIAN_POINT('',(19.726648036653,8.656920624971,4.278797245087
    ));
#169 = CARTESIAN_POINT('',(19.726649442117,8.631811799419,4.209393397431
    ));
#170 = CARTESIAN_POINT('',(19.726650718839,8.60296459977,4.141638160254)
  );
#171 = CARTESIAN_POINT('',(19.726652011471,8.573757892475,4.073038524794
    ));
#172 = CARTESIAN_POINT('',(19.726653159152,8.5407186085,4.006127983842)
  );
#173 = CARTESIAN_POINT('',(19.726653420926,8.504061780874,3.94120853839)
  );
#174 = CARTESIAN_POINT('',(19.726653681488,8.467574753845,3.87658981074)
  );
#175 = CARTESIAN_POINT('',(19.726653053415,8.427503061702,3.813942951535
    ));
#176 = CARTESIAN_POINT('',(19.726651831661,8.384015428751,3.753592567049
    ));
#177 = CARTESIAN_POINT('',(19.726651223269,8.362360096196,3.723540169223
    ));
#178 = CARTESIAN_POINT('',(19.726650484651,8.339857091889,3.69405772075)
  );
#179 = CARTESIAN_POINT('',(19.726649760902,8.316523858119,3.665188775442
    ));
#180 = CARTESIAN_POINT('',(19.726648404963,8.272809181992,3.611102976332
    ));
#181 = CARTESIAN_POINT('',(19.726647030276,8.226379527273,3.559413327505
    ));
#182 = CARTESIAN_POINT('',(19.726647174338,8.177401726715,3.510362691927
    ));
#183 = CARTESIAN_POINT('',(19.72664732944,8.124669968254,3.457552515923)
  );
#184 = CARTESIAN_POINT('',(19.726649222808,8.068984399771,3.407800282914
    ));
#185 = CARTESIAN_POINT('',(19.726650813193,8.010649720052,3.361266613724
    ));
#186 = CARTESIAN_POINT('',(19.726652095284,7.963623155883,3.323753446758
    ));
#187 = CARTESIAN_POINT('',(19.726653202827,7.914874043071,3.288332535441
    ));
#188 = CARTESIAN_POINT('',(19.726653641432,7.864548186392,3.255108421053
    ));
#189 = CARTESIAN_POINT('',(19.726654185613,7.802108523392,3.213887016336
    ));
#190 = CARTESIAN_POINT('',(19.72665365778,7.737510904748,3.176223128956)
  );
#191 = CARTESIAN_POINT('',(19.726652194128,7.671066518219,3.1422662615)
  );
#192 = CARTESIAN_POINT('',(19.726650739331,7.605024103704,3.108514824647
    ));
#193 = CARTESIAN_POINT('',(19.726648360396,7.537156358197,3.078425263241
    ));
#194 = CARTESIAN_POINT('',(19.726646383113,7.46774299547,3.052188074056)
  );
#195 = CARTESIAN_POINT('',(19.726644908033,7.415959722709,3.032614789163
    ));
#196 = CARTESIAN_POINT('',(19.726643680723,7.363315662413,3.01518633673)
  );
#197 = CARTESIAN_POINT('',(19.726643687913,7.309921635615,3.));
#198 = ORIENTED_EDGE('',*,*,#199,.T.);
#199 = EDGE_CURVE('',#137,#200,#202,.T.);
#200 = VERTEX_POINT('',#201);
#201 = CARTESIAN_POINT('',(19.726644331765,9.57478596126,14.703804951859
    ));
#202 = CIRCLE('',#203,7.825000014901);
#203 = AXIS2_PLACEMENT_3D('',#204,#205,#206);
#204 = CARTESIAN_POINT('',(19.726644331765,15.442571173565,
    9.526960166138));
#205 = DIRECTION('',(-1.,0.,0.));
#206 = DIRECTION('',(0.,1.,0.));
#207 = ORIENTED_EDGE('',*,*,#208,.F.);
#208 = EDGE_CURVE('',#209,#200,#211,.T.);
#209 = VERTEX_POINT('',#210);
#210 = CARTESIAN_POINT('',(19.726644331765,9.57478596126,17.350115380416
    ));
#211 = CIRCLE('',#212,2.);
#212 = AXIS2_PLACEMENT_3D('',#213,#214,#215);
#213 = CARTESIAN_POINT('',(19.726644331765,8.07503255522,16.026960166137
    ));
#214 = DIRECTION('',(-1.,0.,0.));
#215 = DIRECTION('',(0.,1.,0.));
#216 = ORIENTED_EDGE('',*,*,#217,.T.);
#217 = EDGE_CURVE('',#209,#32,#218,.T.);
#218 = CIRCLE('',#219,7.825000014901);
#219 = AXIS2_PLACEMENT_3D('',#220,#221,#222);
#220 = CARTESIAN_POINT('',(19.726644331765,15.442571173565,
    22.526960166137));
#221 = DIRECTION('',(-1.,0.,0.));
#222 = DIRECTION('',(0.,1.,0.));
#223 = FACE_BOUND('',#224,.T.);
#224 = EDGE_LOOP('',(#225));
#225 = ORIENTED_EDGE('',*,*,#226,.F.);
#226 = EDGE_CURVE('',#227,#227,#229,.T.);
#227 = VERTEX_POINT('',#228);
#228 = CARTESIAN_POINT('',(19.726644331765,9.117571173565,9.526960166138
    ));
#229 = CIRCLE('',#230,6.325);
#230 = AXIS2_PLACEMENT_3D('',#231,#232,#233);
#231 = CARTESIAN_POINT('',(19.726644331765,15.442571173565,
    9.526960166138));
#232 = DIRECTION('',(-1.,0.,0.));
#233 = DIRECTION('',(0.,1.,0.));
#234 = FACE_BOUND('',#235,.T.);
#235 = EDGE_LOOP('',(#236));
#236 = ORIENTED_EDGE('',*,*,#237,.F.);
#237 = EDGE_CURVE('',#238,#238,#240,.T.);
#238 = VERTEX_POINT('',#239);
#239 = CARTESIAN_POINT('',(19.726644331765,9.117571173565,
    22.526960166137));
#240 = CIRCLE('',#241,6.325);
#241 = AXIS2_PLACEMENT_3D('',#242,#243,#244);
#242 = CARTESIAN_POINT('',(19.726644331765,15.442571173565,
    22.526960166137));
#243 = DIRECTION('',(-1.,0.,0.));
#244 = DIRECTION('',(0.,1.,0.));
#245 = PLANE('',#246);
#246 = AXIS2_PLACEMENT_3D('',#247,#248,#249);
#247 = CARTESIAN_POINT('',(19.726644331765,15.442571173565,
    16.026960166137));
#248 = DIRECTION('',(1.,0.,0.));
#249 = DIRECTION('',(-0.,1.,0.));
#250 = ADVANCED_FACE('',(#251),#270,.T.);
#251 = FACE_BOUND('',#252,.T.);
#252 = EDGE_LOOP('',(#253,#254,#263,#269));
#253 = ORIENTED_EDGE('',*,*,#21,.T.);
#254 = ORIENTED_EDGE('',*,*,#255,.T.);
#255 = EDGE_CURVE('',#24,#256,#258,.T.);
#256 = VERTEX_POINT('',#257);
#257 = CARTESIAN_POINT('',(34.726644331765,21.31035638587,
    17.350115380416));
#258 = CIRCLE('',#259,7.825000014901);
#259 = AXIS2_PLACEMENT_3D('',#260,#261,#262);
#260 = CARTESIAN_POINT('',(34.726644331765,15.442571173565,
    22.526960166137));
#261 = DIRECTION('',(-1.,0.,0.));
#262 = DIRECTION('',(0.,1.,0.));
#263 = ORIENTED_EDGE('',*,*,#264,.F.);
#264 = EDGE_CURVE('',#63,#256,#265,.T.);
#265 = LINE('',#266,#267);
#266 = CARTESIAN_POINT('',(24.726644331765,21.31035638587,
    17.350115380416));
#267 = VECTOR('',#268,1.);
#268 = DIRECTION('',(1.,0.,0.));
#269 = ORIENTED_EDGE('',*,*,#62,.F.);
#270 = CYLINDRICAL_SURFACE('',#271,7.825000014901);
#271 = AXIS2_PLACEMENT_3D('',#272,#273,#274);
#272 = CARTESIAN_POINT('',(24.726644331765,15.442571173565,
    22.526960166137));
#273 = DIRECTION('',(1.,0.,0.));
#274 = DIRECTION('',(-0.,1.,0.));
#275 = ADVANCED_FACE('',(#276),#295,.T.);
#276 = FACE_BOUND('',#277,.T.);
#277 = EDGE_LOOP('',(#278,#279,#280,#288));
#278 = ORIENTED_EDGE('',*,*,#39,.T.);
#279 = ORIENTED_EDGE('',*,*,#217,.F.);
#280 = ORIENTED_EDGE('',*,*,#281,.F.);
#281 = EDGE_CURVE('',#282,#209,#284,.T.);
#282 = VERTEX_POINT('',#283);
#283 = CARTESIAN_POINT('',(34.726644331765,9.57478596126,17.350115380416
    ));
#284 = LINE('',#285,#286);
#285 = CARTESIAN_POINT('',(24.726644331765,9.57478596126,17.350115380416
    ));
#286 = VECTOR('',#287,1.);
#287 = DIRECTION('',(-1.,0.,0.));
#288 = ORIENTED_EDGE('',*,*,#289,.T.);
#289 = EDGE_CURVE('',#282,#40,#290,.T.);
#290 = CIRCLE('',#291,7.825000014901);
#291 = AXIS2_PLACEMENT_3D('',#292,#293,#294);
#292 = CARTESIAN_POINT('',(34.726644331765,15.442571173565,
    22.526960166137));
#293 = DIRECTION('',(-1.,0.,0.));
#294 = DIRECTION('',(0.,1.,0.));
#295 = CYLINDRICAL_SURFACE('',#296,7.825000014901);
#296 = AXIS2_PLACEMENT_3D('',#297,#298,#299);
#297 = CARTESIAN_POINT('',(24.726644331765,15.442571173565,
    22.526960166137));
#298 = DIRECTION('',(1.,0.,0.));
#299 = DIRECTION('',(0.,-0.962857067926,0.270011604833));
#300 = ADVANCED_FACE('',(#301),#337,.F.);
#301 = FACE_BOUND('',#302,.F.);
#302 = EDGE_LOOP('',(#303,#313,#322,#330));
#303 = ORIENTED_EDGE('',*,*,#304,.F.);
#304 = EDGE_CURVE('',#305,#307,#309,.T.);
#305 = VERTEX_POINT('',#306);
#306 = CARTESIAN_POINT('',(33.921423639736,21.64060248029,3.));
#307 = VERTEX_POINT('',#308);
#308 = CARTESIAN_POINT('',(20.531865023793,21.64060248029,3.));
#309 = LINE('',#310,#311);
#310 = CARTESIAN_POINT('',(21.113438585333,21.64060248029,3.));
#311 = VECTOR('',#312,1.);
#312 = DIRECTION('',(-1.,0.,0.));
#313 = ORIENTED_EDGE('',*,*,#314,.F.);
#314 = EDGE_CURVE('',#315,#305,#317,.T.);
#315 = VERTEX_POINT('',#316);
#316 = CARTESIAN_POINT('',(33.921423639736,21.824090034763,
    4.998512059183));
#317 = CIRCLE('',#318,2.);
#318 = AXIS2_PLACEMENT_3D('',#319,#320,#321);
#319 = CARTESIAN_POINT('',(33.921423639736,23.455149165509,
    3.841081235329));
#320 = DIRECTION('',(1.,5.112332373517E-15,-4.693738827136E-16));
#321 = DIRECTION('',(4.440892098501E-15,-0.815529565373,0.578715411927)
  );
#322 = ORIENTED_EDGE('',*,*,#323,.F.);
#323 = EDGE_CURVE('',#324,#315,#326,.T.);
#324 = VERTEX_POINT('',#325);
#325 = CARTESIAN_POINT('',(20.531865023793,21.824090034763,
    4.998512059183));
#326 = LINE('',#327,#328);
#327 = CARTESIAN_POINT('',(21.113438585333,21.824090034763,
    4.998512059183));
#328 = VECTOR('',#329,1.);
#329 = DIRECTION('',(1.,0.,0.));
#330 = ORIENTED_EDGE('',*,*,#331,.F.);
#331 = EDGE_CURVE('',#307,#324,#332,.T.);
#332 = CIRCLE('',#333,1.999999329315);
#333 = AXIS2_PLACEMENT_3D('',#334,#335,#336);
#334 = CARTESIAN_POINT('',(20.531865023793,23.455149165509,
    3.841081235329));
#335 = DIRECTION('',(-1.,0.,0.));
#336 = DIRECTION('',(-0.,-0.907273646857,-0.420540758689));
#337 = CYLINDRICAL_SURFACE('',#338,2.);
#338 = AXIS2_PLACEMENT_3D('',#339,#340,#341);
#339 = CARTESIAN_POINT('',(21.113438585333,23.455149165509,
    3.841081235329));
#340 = DIRECTION('',(-1.,0.,0.));
#341 = DIRECTION('',(0.,-0.815529565373,0.578715411927));
#342 = ADVANCED_FACE('',(#343),#361,.T.);
#343 = FACE_BOUND('',#344,.T.);
#344 = EDGE_LOOP('',(#345,#346,#353,#354));
#345 = ORIENTED_EDGE('',*,*,#89,.T.);
#346 = ORIENTED_EDGE('',*,*,#347,.T.);
#347 = EDGE_CURVE('',#81,#324,#348,.T.);
#348 = B_SPLINE_CURVE_WITH_KNOTS('',3,(#349,#350,#351,#352),
  .UNSPECIFIED.,.F.,.F.,(4,4),(-2.945987690914,-2.865577107102),
  .PIECEWISE_BEZIER_KNOTS.);
#349 = CARTESIAN_POINT('',(19.726644171527,21.810765000337,
    4.979790564271));
#350 = CARTESIAN_POINT('',(19.994978882705,21.819727137538,4.99233568311
    ));
#351 = CARTESIAN_POINT('',(20.26382974442,21.824090390892,4.998512561042
    ));
#352 = CARTESIAN_POINT('',(20.531865023793,21.824090390892,
    4.998512561042));
#353 = ORIENTED_EDGE('',*,*,#331,.F.);
#354 = ORIENTED_EDGE('',*,*,#355,.T.);
#355 = EDGE_CURVE('',#307,#90,#356,.T.);
#356 = CIRCLE('',#357,10.);
#357 = AXIS2_PLACEMENT_3D('',#358,#359,#360);
#358 = CARTESIAN_POINT('',(20.531865023793,11.64060248029,3.));
#359 = DIRECTION('',(0.,0.,1.));
#360 = DIRECTION('',(1.110223024625E-15,1.,-0.));
#361 = B_SPLINE_SURFACE_WITH_KNOTS('',3,3,(
    (#362,#363,#364,#365)
    ,(#366,#367,#368,#369)
    ,(#370,#371,#372,#373)
    ,(#374,#375,#376,#377)
    ,(#378,#379,#380,#381
    )),.UNSPECIFIED.,.F.,.F.,.F.,(4,1,4),(4,4),(0.,0.5,1.),(
    -2.960708472736,-2.865577107102),.UNSPECIFIED.);
#362 = CARTESIAN_POINT('',(19.726644331765,21.608130741455,3.));
#363 = CARTESIAN_POINT('',(19.994108700925,21.629737687409,3.));
#364 = CARTESIAN_POINT('',(20.263463240328,21.64060248029,3.));
#365 = CARTESIAN_POINT('',(20.531865023793,21.64060248029,3.));
#366 = CARTESIAN_POINT('',(19.711656625041,21.46679194501,3.31619992628)
  );
#367 = CARTESIAN_POINT('',(19.984310871823,21.484400570059,
    3.317369349093));
#368 = CARTESIAN_POINT('',(20.258600759465,21.493245774688,
    3.317906851363));
#369 = CARTESIAN_POINT('',(20.531865023793,21.493245774688,
    3.317906851363));
#370 = CARTESIAN_POINT('',(19.668111637515,21.352588875513,
    4.022679826461));
#371 = CARTESIAN_POINT('',(19.955582987528,21.364218076284,
    4.029348086841));
#372 = CARTESIAN_POINT('',(20.244227680446,21.369899887572,
    4.032533309196));
#373 = CARTESIAN_POINT('',(20.531865023793,21.369899887572,
    4.032533309196));
#374 = CARTESIAN_POINT('',(19.608940343246,21.604327001912,
    4.691394287223));
#375 = CARTESIAN_POINT('',(19.916209405465,21.615745210918,
    4.705741821324));
#376 = CARTESIAN_POINT('',(20.224593846886,21.62130968515,4.71275260897)
  );
#377 = CARTESIAN_POINT('',(20.531865023793,21.62130968515,4.71275260897)
  );
#378 = CARTESIAN_POINT('',(19.579331968971,21.805379063191,
    4.972259188806));
#379 = CARTESIAN_POINT('',(19.896514385577,21.81798334107,4.989867062325
    ));
#380 = CARTESIAN_POINT('',(20.214760471677,21.824090390892,
    4.998512561042));
#381 = CARTESIAN_POINT('',(20.531865023793,21.824090390892,
    4.998512561042));
#382 = ADVANCED_FACE('',(#383),#415,.T.);
#383 = FACE_BOUND('',#384,.T.);
#384 = EDGE_LOOP('',(#385,#400,#407,#408));
#385 = ORIENTED_EDGE('',*,*,#386,.T.);
#386 = EDGE_CURVE('',#387,#389,#391,.T.);
#387 = VERTEX_POINT('',#388);
#388 = CARTESIAN_POINT('',(34.726644331765,21.810762733026,
    4.979789452912));
#389 = VERTEX_POINT('',#390);
#390 = CARTESIAN_POINT('',(34.726644331765,21.608130741455,3.));
#391 = B_SPLINE_CURVE_WITH_KNOTS('',3,(#392,#393,#394,#395,#396,#397,
    #398,#399),.UNSPECIFIED.,.F.,.F.,(4,2,2,4),(0.,7.843620356442E-02,
    0.143662053921,0.208745546391),.UNSPECIFIED.);
#392 = CARTESIAN_POINT('',(34.726644331765,21.810762733026,
    4.979789452912));
#393 = CARTESIAN_POINT('',(34.726644331765,21.658829694889,
    4.767011276749));
#394 = CARTESIAN_POINT('',(34.726644331772,21.549830179519,4.52659156086
    ));
#395 = CARTESIAN_POINT('',(34.726644331772,21.44009680003,4.060466587099
    ));
#396 = CARTESIAN_POINT('',(34.72664433177,21.424932685553,3.842125361337
    ));
#397 = CARTESIAN_POINT('',(34.72664433177,21.465211718991,3.409648774761
    ));
#398 = CARTESIAN_POINT('',(34.726644331765,21.520239037692,
    3.198328282361));
#399 = CARTESIAN_POINT('',(34.726644331765,21.608130741455,3.));
#400 = ORIENTED_EDGE('',*,*,#401,.T.);
#401 = EDGE_CURVE('',#389,#305,#402,.T.);
#402 = CIRCLE('',#403,10.);
#403 = AXIS2_PLACEMENT_3D('',#404,#405,#406);
#404 = CARTESIAN_POINT('',(33.921423639736,11.64060248029,3.));
#405 = DIRECTION('',(0.,0.,1.));
#406 = DIRECTION('',(-1.110223024625E-15,1.,0.));
#407 = ORIENTED_EDGE('',*,*,#314,.F.);
#408 = ORIENTED_EDGE('',*,*,#409,.T.);
#409 = EDGE_CURVE('',#315,#387,#410,.T.);
#410 = B_SPLINE_CURVE_WITH_KNOTS('',3,(#411,#412,#413,#414),
  .UNSPECIFIED.,.F.,.F.,(4,4),(-2.865577107102,-2.785007171267),
  .PIECEWISE_BEZIER_KNOTS.);
#411 = CARTESIAN_POINT('',(33.921423639736,21.824090390892,
    4.998512561042));
#412 = CARTESIAN_POINT('',(34.189990092519,21.824090390892,
    4.998512561042));
#413 = CARTESIAN_POINT('',(34.458350398947,21.819732371786,
    4.992342989699));
#414 = CARTESIAN_POINT('',(34.726644696848,21.81076665507,4.979792873325
    ));
#415 = B_SPLINE_SURFACE_WITH_KNOTS('',3,3,(
    (#416,#417,#418,#419)
    ,(#420,#421,#422,#423)
    ,(#424,#425,#426,#427)
    ,(#428,#429,#430,#431)
    ,(#432,#433,#434,#435
    )),.UNSPECIFIED.,.F.,.F.,.F.,(4,1,4),(4,4),(0.,0.5,1.),(
    -2.865577107102,-2.770260450277),.UNSPECIFIED.);
#416 = CARTESIAN_POINT('',(33.921423639736,21.64060248029,3.));
#417 = CARTESIAN_POINT('',(34.190348200156,21.64060248029,3.));
#418 = CARTESIAN_POINT('',(34.459015719574,21.629750955682,3.));
#419 = CARTESIAN_POINT('',(34.726644331765,21.608130741455,3.));
#420 = CARTESIAN_POINT('',(33.921423639736,21.493245774688,
    3.317906851363));
#421 = CARTESIAN_POINT('',(34.195220151869,21.493245774688,
    3.317906851363));
#422 = CARTESIAN_POINT('',(34.468810361705,21.484411383065,
    3.317370067205));
#423 = CARTESIAN_POINT('',(34.741632038488,21.46679194501,3.31619992628)
  );
#424 = CARTESIAN_POINT('',(33.921423639736,21.369899887572,
    4.032533309196));
#425 = CARTESIAN_POINT('',(34.209621225913,21.369899887572,
    4.032533309196));
#426 = CARTESIAN_POINT('',(34.497529147195,21.364225217478,
    4.029352181649));
#427 = CARTESIAN_POINT('',(34.785177026014,21.352588875513,
    4.022679826461));
#428 = CARTESIAN_POINT('',(33.921423639736,21.62130968515,4.71275260897)
  );
#429 = CARTESIAN_POINT('',(34.22929330108,21.62130968515,4.71275260897)
  );
#430 = CARTESIAN_POINT('',(34.536890571989,21.615752222548,
    4.705750631778));
#431 = CARTESIAN_POINT('',(34.844348320283,21.604327001912,
    4.691394287223));
#432 = CARTESIAN_POINT('',(33.921423639736,21.824090390892,
    4.998512561042));
#433 = CARTESIAN_POINT('',(34.23914582915,21.824090390892,4.998512561042
    ));
#434 = CARTESIAN_POINT('',(34.556579504341,21.817991081034,4.98987787487
    ));
#435 = CARTESIAN_POINT('',(34.873956694558,21.805379063191,
    4.972259188806));
#436 = ADVANCED_FACE('',(#437),#458,.T.);
#437 = FACE_BOUND('',#438,.T.);
#438 = EDGE_LOOP('',(#439,#440,#441,#442,#443,#451));
#439 = ORIENTED_EDGE('',*,*,#409,.F.);
#440 = ORIENTED_EDGE('',*,*,#323,.F.);
#441 = ORIENTED_EDGE('',*,*,#347,.F.);
#442 = ORIENTED_EDGE('',*,*,#80,.F.);
#443 = ORIENTED_EDGE('',*,*,#444,.F.);
#444 = EDGE_CURVE('',#445,#72,#447,.T.);
#445 = VERTEX_POINT('',#446);
#446 = CARTESIAN_POINT('',(34.726644331765,21.31035638587,
    14.703804951859));
#447 = LINE('',#448,#449);
#448 = CARTESIAN_POINT('',(24.726644331765,21.31035638587,
    14.703804951859));
#449 = VECTOR('',#450,1.);
#450 = DIRECTION('',(-1.,0.,0.));
#451 = ORIENTED_EDGE('',*,*,#452,.T.);
#452 = EDGE_CURVE('',#445,#387,#453,.T.);
#453 = CIRCLE('',#454,7.825000014901);
#454 = AXIS2_PLACEMENT_3D('',#455,#456,#457);
#455 = CARTESIAN_POINT('',(34.726644331765,15.442571173565,
    9.526960166138));
#456 = DIRECTION('',(-1.,0.,0.));
#457 = DIRECTION('',(0.,1.,0.));
#458 = CYLINDRICAL_SURFACE('',#459,7.825000014901);
#459 = AXIS2_PLACEMENT_3D('',#460,#461,#462);
#460 = CARTESIAN_POINT('',(24.726644331765,15.442571173565,
    9.526960166138));
#461 = DIRECTION('',(1.,0.,0.));
#462 = DIRECTION('',(-0.,1.,0.));
#463 = ADVANCED_FACE('',(#464),#519,.T.);
#464 = FACE_BOUND('',#465,.T.);
#465 = EDGE_LOOP('',(#466,#467,#476,#484,#493,#501,#510));
#466 = ORIENTED_EDGE('',*,*,#128,.T.);
#467 = ORIENTED_EDGE('',*,*,#468,.T.);
#468 = EDGE_CURVE('',#90,#469,#471,.T.);
#469 = VERTEX_POINT('',#470);
#470 = CARTESIAN_POINT('',(15.018364640862,19.983342649288,3.));
#471 = CIRCLE('',#472,10.);
#472 = AXIS2_PLACEMENT_3D('',#473,#474,#475);
#473 = CARTESIAN_POINT('',(20.531865023793,11.64060248029,3.));
#474 = DIRECTION('',(0.,0.,1.));
#475 = DIRECTION('',(1.110223024625E-15,1.,-0.));
#476 = ORIENTED_EDGE('',*,*,#477,.T.);
#477 = EDGE_CURVE('',#469,#478,#480,.T.);
#478 = VERTEX_POINT('',#479);
#479 = CARTESIAN_POINT('',(9.149803594851,16.104963013941,3.));
#480 = LINE('',#481,#482);
#481 = CARTESIAN_POINT('',(13.494723095638,18.97640750893,3.));
#482 = VECTOR('',#483,1.);
#483 = DIRECTION('',(-0.8342740169,-0.551350038293,0.));
#484 = ORIENTED_EDGE('',*,*,#485,.F.);
#485 = EDGE_CURVE('',#486,#478,#488,.T.);
#486 = VERTEX_POINT('',#487);
#487 = CARTESIAN_POINT('',(12.773107718367,6.40279393715,3.));
#488 = CIRCLE('',#489,9.5);
#489 = AXIS2_PLACEMENT_3D('',#490,#491,#492);
#490 = CARTESIAN_POINT('',(3.500177827141,8.467441905307,3.));
#491 = DIRECTION('',(0.,0.,1.));
#492 = DIRECTION('',(0.966877812957,0.255239681107,-0.));
#493 = ORIENTED_EDGE('',*,*,#494,.T.);
#494 = EDGE_CURVE('',#486,#495,#497,.T.);
#495 = VERTEX_POINT('',#496);
#496 = CARTESIAN_POINT('',(14.798011114734,6.716227688764,3.));
#497 = LINE('',#498,#499);
#498 = CARTESIAN_POINT('',(10.281046259416,6.017049030142,3.));
#499 = VECTOR('',#500,1.);
#500 = DIRECTION('',(0.988231174458,0.15296779344,0.));
#501 = ORIENTED_EDGE('',*,*,#502,.F.);
#502 = EDGE_CURVE('',#503,#495,#505,.T.);
#503 = VERTEX_POINT('',#504);
#504 = CARTESIAN_POINT('',(17.072978889282,7.035505604628,3.));
#505 = CIRCLE('',#506,81.25);
#506 = AXIS2_PLACEMENT_3D('',#507,#508,#509);
#507 = CARTESIAN_POINT('',(27.226644331765,-73.57755523592,3.));
#508 = DIRECTION('',(0.,0.,1.));
#509 = DIRECTION('',(1.209863467833E-17,1.,-0.));
#510 = ORIENTED_EDGE('',*,*,#511,.T.);
#511 = EDGE_CURVE('',#503,#129,#512,.T.);
#512 = B_SPLINE_CURVE_WITH_KNOTS('',3,(#513,#514,#515,#516,#517,#518),
  .UNSPECIFIED.,.F.,.F.,(4,2,4),(-2.028739982116,-1.771162005839,
    -1.762575574645),.UNSPECIFIED.);
#513 = CARTESIAN_POINT('',(17.072978889282,7.035505604628,3.));
#514 = CARTESIAN_POINT('',(17.924618133598,7.142774326027,3.));
#515 = CARTESIAN_POINT('',(18.786300818138,7.230809752688,2.999999999999
    ));
#516 = CARTESIAN_POINT('',(19.669625768044,7.305172603569,2.999999999999
    ));
#517 = CARTESIAN_POINT('',(19.698130765242,7.30755508286,3.));
#518 = CARTESIAN_POINT('',(19.726644331026,7.309921174079,3.));
#519 = PLANE('',#520);
#520 = AXIS2_PLACEMENT_3D('',#521,#522,#523);
#521 = CARTESIAN_POINT('',(15.000232838902,13.385919203204,3.));
#522 = DIRECTION('',(0.,0.,1.));
#523 = DIRECTION('',(-1.,0.,0.));
#524 = ADVANCED_FACE('',(#525),#537,.F.);
#525 = FACE_BOUND('',#526,.F.);
#526 = EDGE_LOOP('',(#527,#528,#535,#536));
#527 = ORIENTED_EDGE('',*,*,#444,.F.);
#528 = ORIENTED_EDGE('',*,*,#529,.F.);
#529 = EDGE_CURVE('',#256,#445,#530,.T.);
#530 = CIRCLE('',#531,2.);
#531 = AXIS2_PLACEMENT_3D('',#532,#533,#534);
#532 = CARTESIAN_POINT('',(34.726644331765,22.81010979191,
    16.026960166137));
#533 = DIRECTION('',(1.,0.,0.));
#534 = DIRECTION('',(0.,-1.,0.));
#535 = ORIENTED_EDGE('',*,*,#264,.F.);
#536 = ORIENTED_EDGE('',*,*,#71,.F.);
#537 = CYLINDRICAL_SURFACE('',#538,2.);
#538 = AXIS2_PLACEMENT_3D('',#539,#540,#541);
#539 = CARTESIAN_POINT('',(24.726644331765,22.81010979191,
    16.026960166137));
#540 = DIRECTION('',(1.,0.,0.));
#541 = DIRECTION('',(0.,-1.,0.));
#542 = ADVANCED_FACE('',(#543),#632,.T.);
#543 = FACE_BOUND('',#544,.T.);
#544 = EDGE_LOOP('',(#545,#546,#558,#624));
#545 = ORIENTED_EDGE('',*,*,#136,.T.);
#546 = ORIENTED_EDGE('',*,*,#547,.T.);
#547 = EDGE_CURVE('',#129,#548,#550,.T.);
#548 = VERTEX_POINT('',#549);
#549 = CARTESIAN_POINT('',(34.726644331763,7.30992117414,3.));
#550 = B_SPLINE_CURVE_WITH_KNOTS('',3,(#551,#552,#553,#554,#555,#556,
    #557),.UNSPECIFIED.,.F.,.F.,(4,3,4),(-1.762575574645,-1.123399412706
    ,-0.269649311774),.UNSPECIFIED.);
#551 = CARTESIAN_POINT('',(19.726643687174,7.309921635554,3.));
#552 = CARTESIAN_POINT('',(21.857634192807,7.486801741655,3.));
#553 = CARTESIAN_POINT('',(24.001211280053,7.572493098484,3.));
#554 = CARTESIAN_POINT('',(26.146460025005,7.595707095448,3.));
#555 = CARTESIAN_POINT('',(29.011877169109,7.62671412204,3.));
#556 = CARTESIAN_POINT('',(31.880276725991,7.546254981972,3.));
#557 = CARTESIAN_POINT('',(34.726645011843,7.309922222613,3.));
#558 = ORIENTED_EDGE('',*,*,#559,.T.);
#559 = EDGE_CURVE('',#548,#560,#562,.T.);
#560 = VERTEX_POINT('',#561);
#561 = CARTESIAN_POINT('',(34.726644331765,8.529386590823,5.861103628009
    ));
#562 = B_SPLINE_CURVE_WITH_KNOTS('',3,(#563,#564,#565,#566,#567,#568,
    #569,#570,#571,#572,#573,#574,#575,#576,#577,#578,#579,#580,#581,
    #582,#583,#584,#585,#586,#587,#588,#589,#590,#591,#592,#593,#594,
    #595,#596,#597,#598,#599,#600,#601,#602,#603,#604,#605,#606,#607,
    #608,#609,#610,#611,#612,#613,#614,#615,#616,#617,#618,#619,#620,
    #621,#622,#623),.UNSPECIFIED.,.F.,.F.,(4,3,3,3,3,3,3,3,3,3,3,3,3,3,3
    ,3,3,3,3,3,4),(0.,2.226069065812E-02,4.476008105625E-02,
    6.713850827342E-02,7.808354032541E-02,0.100557747476,0.102085381048,
    0.124509567861,0.146929594793,0.15618591495,0.178620955002,
    0.201001215868,0.204196117394,0.226753603813,0.234322741416,
    0.256711699467,0.279253232222,0.295774494868,0.318319061487,
    0.340465560757,0.357259335855),.UNSPECIFIED.);
#563 = CARTESIAN_POINT('',(34.726645011843,7.309922222613,3.));
#564 = CARTESIAN_POINT('',(34.726645022492,7.381293942902,3.020299600053
    ));
#565 = CARTESIAN_POINT('',(34.726642872816,7.451285673814,3.044591891449
    ));
#566 = CARTESIAN_POINT('',(34.726640765713,7.519636171209,3.072637933915
    ));
#567 = CARTESIAN_POINT('',(34.726638636016,7.588719585935,3.10098471202)
  );
#568 = CARTESIAN_POINT('',(34.72663655042,7.656127215474,3.133166587579)
  );
#569 = CARTESIAN_POINT('',(34.726635553624,7.721574908192,3.168988430736
    ));
#570 = CARTESIAN_POINT('',(34.726634562186,7.786670735327,3.204617685382
    ));
#571 = CARTESIAN_POINT('',(34.726634645894,7.849828434421,3.243848388555
    ));
#572 = CARTESIAN_POINT('',(34.726635637756,7.910742106468,3.286532139697
    ));
#573 = CARTESIAN_POINT('',(34.726636122864,7.940534284733,3.307408272761
    ));
#574 = CARTESIAN_POINT('',(34.726636807225,7.969789200962,3.329111016045
    ));
#575 = CARTESIAN_POINT('',(34.726637568208,7.998467876402,3.351626280354
    ));
#576 = CARTESIAN_POINT('',(34.726639130789,8.057355825708,3.397858462382
    ));
#577 = CARTESIAN_POINT('',(34.726641064696,8.113495851664,3.447262519249
    ));
#578 = CARTESIAN_POINT('',(34.726641451189,8.16661259111,3.49964097357)
  );
#579 = CARTESIAN_POINT('',(34.72664147746,8.170223081744,3.503201280938)
  );
#580 = CARTESIAN_POINT('',(34.726641496114,8.173819593595,3.506775347985
    ));
#581 = CARTESIAN_POINT('',(34.726641506345,8.177402035422,3.510363120012
    ));
#582 = CARTESIAN_POINT('',(34.726641656518,8.229988824705,3.563028151487
    ));
#583 = CARTESIAN_POINT('',(34.726640089721,8.279546964825,3.618643141045
    ));
#584 = CARTESIAN_POINT('',(34.726638646167,8.325902089411,3.676881285972
    ));
#585 = CARTESIAN_POINT('',(34.72663720288,8.37224861472,3.735108627218)
  );
#586 = CARTESIAN_POINT('',(34.726635871294,8.41539385384,3.795958993565)
  );
#587 = CARTESIAN_POINT('',(34.726635413169,8.455121664452,3.859135639639
    ));
#588 = CARTESIAN_POINT('',(34.726635224027,8.471523666792,3.885218715467
    ));
#589 = CARTESIAN_POINT('',(34.726635172051,8.487342618587,3.911698592638
    ));
#590 = CARTESIAN_POINT('',(34.726635264223,8.502560888309,3.93855535787)
  );
#591 = CARTESIAN_POINT('',(34.726635487625,8.539446225562,4.003649541455
    ));
#592 = CARTESIAN_POINT('',(34.726636570895,8.572605773937,4.070602866321
    ));
#593 = CARTESIAN_POINT('',(34.726637863287,8.601875814949,4.139086058633
    ));
#594 = CARTESIAN_POINT('',(34.726639152523,8.63107438789,4.207402036914)
  );
#595 = CARTESIAN_POINT('',(34.726640637419,8.656402920035,4.277241285774
    ));
#596 = CARTESIAN_POINT('',(34.726640660073,8.6776545045,4.348302640946)
  );
#597 = CARTESIAN_POINT('',(34.726640663307,8.680688281454,4.358447028156
    ));
#598 = CARTESIAN_POINT('',(34.726640635235,8.683638892583,4.368616350987
    ));
#599 = CARTESIAN_POINT('',(34.726640569572,8.686505652648,4.378809760288
    ));
#600 = CARTESIAN_POINT('',(34.726640105966,8.706746308181,4.450779957181
    ));
#601 = CARTESIAN_POINT('',(34.726637823165,8.72281124389,4.523950453322)
  );
#602 = CARTESIAN_POINT('',(34.726635383177,8.734728012319,4.597976192063
    ));
#603 = CARTESIAN_POINT('',(34.726634564442,8.73872666972,4.622815440206)
  );
#604 = CARTESIAN_POINT('',(34.726633722746,8.742257837921,4.647751010043
    ));
#605 = CARTESIAN_POINT('',(34.726632907049,8.745321245725,4.672769848173
    ));
#606 = CARTESIAN_POINT('',(34.726630494277,8.754382583016,4.746773750176
    ));
#607 = CARTESIAN_POINT('',(34.726628302453,8.759311421727,4.821147777302
    ));
#608 = CARTESIAN_POINT('',(34.72662701578,8.760185623516,4.895545353751)
  );
#609 = CARTESIAN_POINT('',(34.726625720339,8.761065782755,4.970449929595
    ));
#610 = CARTESIAN_POINT('',(34.726625322076,8.757835823962,5.045379348117
    ));
#611 = CARTESIAN_POINT('',(34.726625876954,8.75052298236,5.119983966455)
  );
#612 = CARTESIAN_POINT('',(34.726626283638,8.745163214766,5.174663588625
    ));
#613 = CARTESIAN_POINT('',(34.726627187656,8.737609119136,5.229168883132
    ));
#614 = CARTESIAN_POINT('',(34.72662849049,8.727853906414,5.283358955722)
  );
#615 = CARTESIAN_POINT('',(34.726630268311,8.714542148844,5.35730558606)
  );
#616 = CARTESIAN_POINT('',(34.726632748366,8.697190879852,5.430347690081
    ));
#617 = CARTESIAN_POINT('',(34.726635307096,8.675842864366,5.50213903346)
  );
#618 = CARTESIAN_POINT('',(34.726637820647,8.654871788835,5.572662763661
    ));
#619 = CARTESIAN_POINT('',(34.726640389389,8.630043631799,5.641980401291
    ));
#620 = CARTESIAN_POINT('',(34.726642144805,8.601350872836,5.709752376655
    ));
#621 = CARTESIAN_POINT('',(34.726643475944,8.579593043976,5.761144124774
    ));
#622 = CARTESIAN_POINT('',(34.726644331765,8.555612000368,5.811646947132
    ));
#623 = CARTESIAN_POINT('',(34.726644331765,8.529386590823,5.861103628009
    ));
#624 = ORIENTED_EDGE('',*,*,#625,.T.);
#625 = EDGE_CURVE('',#560,#137,#626,.T.);
#626 = B_SPLINE_CURVE_WITH_KNOTS('',3,(#627,#628,#629,#630,#631),
  .UNSPECIFIED.,.F.,.F.,(4,1,4),(-1.761768579877,-0.904550372411,
    -0.261636716812),.UNSPECIFIED.);
#627 = CARTESIAN_POINT('',(34.726644331765,8.529386590823,5.861103628009
    ));
#628 = CARTESIAN_POINT('',(31.869860543692,8.554179046346,5.814349255735
    ));
#629 = CARTESIAN_POINT('',(26.86939956048,8.582503506628,5.762644128583)
  );
#630 = CARTESIAN_POINT('',(21.86923181404,8.547980929351,5.826037854675)
  );
#631 = CARTESIAN_POINT('',(19.726644331765,8.529386590823,5.861103628009
    ));
#632 = B_SPLINE_SURFACE_WITH_KNOTS('',3,3,(
    (#633,#634,#635,#636,#637)
    ,(#638,#639,#640,#641,#642)
    ,(#643,#644,#645,#646,#647)
    ,(#648,#649,#650,#651,#652)
    ,(#653,#654,#655,#656,#657)
    ,(#658,#659,#660,#661,#662
    )),.UNSPECIFIED.,.F.,.F.,.F.,(4,1,1,4),(4,1,4),(0.,0.285714285714,
    0.571428571429,1.),(-1.761768579877,-0.904550372411,-0.261636716812)
  ,.UNSPECIFIED.);
#633 = CARTESIAN_POINT('',(34.772108197386,7.306134014514,3.));
#634 = CARTESIAN_POINT('',(31.910821456303,7.545395039083,3.));
#635 = CARTESIAN_POINT('',(26.864367729864,7.687992344955,3.));
#636 = CARTESIAN_POINT('',(21.827145162611,7.485579752893,3.));
#637 = CARTESIAN_POINT('',(19.681180466144,7.306134014514,3.));
#638 = CARTESIAN_POINT('',(34.773770814056,7.63292834376,3.092379915736)
  );
#639 = CARTESIAN_POINT('',(31.911402513322,7.843621114005,3.122555252448
    ));
#640 = CARTESIAN_POINT('',(26.864419750477,7.967292834854,3.132170311925
    ));
#641 = CARTESIAN_POINT('',(21.826293715544,7.790947894983,3.11501141448)
  );
#642 = CARTESIAN_POINT('',(19.679517849473,7.63292834376,3.092379915736)
  );
#643 = CARTESIAN_POINT('',(34.77306843636,8.237025549654,3.446895168376)
  );
#644 = CARTESIAN_POINT('',(31.90941553393,8.377997901783,3.512150408519)
  );
#645 = CARTESIAN_POINT('',(26.864841619539,8.462814545934,3.528813572818
    ));
#646 = CARTESIAN_POINT('',(21.827959544351,8.342754796046,3.495836590288
    ));
#647 = CARTESIAN_POINT('',(19.680220227169,8.237025549654,3.446895168376
    ));
#648 = CARTESIAN_POINT('',(34.758110967467,8.861316713317,4.505827039157
    ));
#649 = CARTESIAN_POINT('',(31.895759663307,8.895855262747,4.54732812461)
  );
#650 = CARTESIAN_POINT('',(26.866540778965,8.929185184892,4.541694092565
    ));
#651 = CARTESIAN_POINT('',(21.841940814704,8.887220621052,4.536952848035
    ));
#652 = CARTESIAN_POINT('',(19.695177696062,8.861316713317,4.505827039157
    ));
#653 = CARTESIAN_POINT('',(34.738489650749,8.767969106453,5.411177409781
    ));
#654 = CARTESIAN_POINT('',(31.879591074693,8.781368056975,5.391471692967
    ));
#655 = CARTESIAN_POINT('',(26.868329807731,8.805840796548,5.35465320805)
  );
#656 = CARTESIAN_POINT('',(21.858972585778,8.778018317662,5.396398124646
    ));
#657 = CARTESIAN_POINT('',(19.71479901278,8.767969106453,5.411177409781)
  );
#658 = CARTESIAN_POINT('',(34.726644331765,8.529386590823,5.861103628009
    ));
#659 = CARTESIAN_POINT('',(31.869860543692,8.554179046346,5.814349255735
    ));
#660 = CARTESIAN_POINT('',(26.86939956048,8.582503506628,5.762644128583)
  );
#661 = CARTESIAN_POINT('',(21.86923181404,8.547980929351,5.826037854675)
  );
#662 = CARTESIAN_POINT('',(19.726644331765,8.529386590823,5.861103628009
    ));
#663 = ADVANCED_FACE('',(#664),#683,.T.);
#664 = FACE_BOUND('',#665,.T.);
#665 = EDGE_LOOP('',(#666,#667,#676,#682));
#666 = ORIENTED_EDGE('',*,*,#625,.F.);
#667 = ORIENTED_EDGE('',*,*,#668,.T.);
#668 = EDGE_CURVE('',#560,#669,#671,.T.);
#669 = VERTEX_POINT('',#670);
#670 = CARTESIAN_POINT('',(34.726644331765,9.57478596126,14.703804951859
    ));
#671 = CIRCLE('',#672,7.825000014901);
#672 = AXIS2_PLACEMENT_3D('',#673,#674,#675);
#673 = CARTESIAN_POINT('',(34.726644331765,15.442571173565,
    9.526960166138));
#674 = DIRECTION('',(-1.,0.,0.));
#675 = DIRECTION('',(0.,1.,0.));
#676 = ORIENTED_EDGE('',*,*,#677,.F.);
#677 = EDGE_CURVE('',#200,#669,#678,.T.);
#678 = LINE('',#679,#680);
#679 = CARTESIAN_POINT('',(24.726644331765,9.57478596126,14.703804951859
    ));
#680 = VECTOR('',#681,1.);
#681 = DIRECTION('',(1.,0.,0.));
#682 = ORIENTED_EDGE('',*,*,#199,.F.);
#683 = CYLINDRICAL_SURFACE('',#684,7.825000014901);
#684 = AXIS2_PLACEMENT_3D('',#685,#686,#687);
#685 = CARTESIAN_POINT('',(24.726644331765,15.442571173565,
    9.526960166138));
#686 = DIRECTION('',(1.,0.,0.));
#687 = DIRECTION('',(0.,-0.993665963268,0.112374167152));
#688 = ADVANCED_FACE('',(#689),#701,.F.);
#689 = FACE_BOUND('',#690,.F.);
#690 = EDGE_LOOP('',(#691,#692,#699,#700));
#691 = ORIENTED_EDGE('',*,*,#281,.F.);
#692 = ORIENTED_EDGE('',*,*,#693,.F.);
#693 = EDGE_CURVE('',#669,#282,#694,.T.);
#694 = CIRCLE('',#695,2.);
#695 = AXIS2_PLACEMENT_3D('',#696,#697,#698);
#696 = CARTESIAN_POINT('',(34.726644331765,8.07503255522,16.026960166137
    ));
#697 = DIRECTION('',(1.,0.,0.));
#698 = DIRECTION('',(-0.,1.,0.));
#699 = ORIENTED_EDGE('',*,*,#677,.F.);
#700 = ORIENTED_EDGE('',*,*,#208,.F.);
#701 = CYLINDRICAL_SURFACE('',#702,2.);
#702 = AXIS2_PLACEMENT_3D('',#703,#704,#705);
#703 = CARTESIAN_POINT('',(24.726644331765,8.07503255522,16.026960166137
    ));
#704 = DIRECTION('',(1.,0.,0.));
#705 = DIRECTION('',(-0.,1.,0.));
#706 = ADVANCED_FACE('',(#707),#726,.F.);
#707 = FACE_BOUND('',#708,.F.);
#708 = EDGE_LOOP('',(#709,#717,#718,#719));
#709 = ORIENTED_EDGE('',*,*,#710,.T.);
#710 = EDGE_CURVE('',#711,#238,#713,.T.);
#711 = VERTEX_POINT('',#712);
#712 = CARTESIAN_POINT('',(34.726644331765,9.117571173565,
    22.526960166137));
#713 = LINE('',#714,#715);
#714 = CARTESIAN_POINT('',(24.726644331765,9.117571173565,
    22.526960166137));
#715 = VECTOR('',#716,1.);
#716 = DIRECTION('',(-1.,0.,0.));
#717 = ORIENTED_EDGE('',*,*,#237,.F.);
#718 = ORIENTED_EDGE('',*,*,#710,.F.);
#719 = ORIENTED_EDGE('',*,*,#720,.T.);
#720 = EDGE_CURVE('',#711,#711,#721,.T.);
#721 = CIRCLE('',#722,6.325);
#722 = AXIS2_PLACEMENT_3D('',#723,#724,#725);
#723 = CARTESIAN_POINT('',(34.726644331765,15.442571173565,
    22.526960166137));
#724 = DIRECTION('',(-1.,0.,0.));
#725 = DIRECTION('',(0.,1.,0.));
#726 = CYLINDRICAL_SURFACE('',#727,6.325);
#727 = AXIS2_PLACEMENT_3D('',#728,#729,#730);
#728 = CARTESIAN_POINT('',(24.726644331765,15.442571173565,
    22.526960166137));
#729 = DIRECTION('',(1.,0.,0.));
#730 = DIRECTION('',(-0.,1.,0.));
#731 = ADVANCED_FACE('',(#732),#751,.F.);
#732 = FACE_BOUND('',#733,.F.);
#733 = EDGE_LOOP('',(#734,#742,#743,#744));
#734 = ORIENTED_EDGE('',*,*,#735,.T.);
#735 = EDGE_CURVE('',#736,#227,#738,.T.);
#736 = VERTEX_POINT('',#737);
#737 = CARTESIAN_POINT('',(34.726644331765,9.117571173565,9.526960166138
    ));
#738 = LINE('',#739,#740);
#739 = CARTESIAN_POINT('',(24.726644331765,9.117571173565,9.526960166138
    ));
#740 = VECTOR('',#741,1.);
#741 = DIRECTION('',(-1.,0.,0.));
#742 = ORIENTED_EDGE('',*,*,#226,.F.);
#743 = ORIENTED_EDGE('',*,*,#735,.F.);
#744 = ORIENTED_EDGE('',*,*,#745,.T.);
#745 = EDGE_CURVE('',#736,#736,#746,.T.);
#746 = CIRCLE('',#747,6.325);
#747 = AXIS2_PLACEMENT_3D('',#748,#749,#750);
#748 = CARTESIAN_POINT('',(34.726644331765,15.442571173565,
    9.526960166138));
#749 = DIRECTION('',(-1.,0.,0.));
#750 = DIRECTION('',(0.,1.,0.));
#751 = CYLINDRICAL_SURFACE('',#752,6.325);
#752 = AXIS2_PLACEMENT_3D('',#753,#754,#755);
#753 = CARTESIAN_POINT('',(24.726644331765,15.442571173565,
    9.526960166138));
#754 = DIRECTION('',(1.,0.,0.));
#755 = DIRECTION('',(-0.,1.,0.));
#756 = ADVANCED_FACE('',(#757,#774,#777),#780,.T.);
#757 = FACE_BOUND('',#758,.T.);
#758 = EDGE_LOOP('',(#759,#760,#761,#762,#763,#764,#770,#771,#772,#773)
  );
#759 = ORIENTED_EDGE('',*,*,#47,.T.);
#760 = ORIENTED_EDGE('',*,*,#289,.F.);
#761 = ORIENTED_EDGE('',*,*,#693,.F.);
#762 = ORIENTED_EDGE('',*,*,#668,.F.);
#763 = ORIENTED_EDGE('',*,*,#559,.F.);
#764 = ORIENTED_EDGE('',*,*,#765,.F.);
#765 = EDGE_CURVE('',#389,#548,#766,.T.);
#766 = LINE('',#767,#768);
#767 = CARTESIAN_POINT('',(34.726644331765,14.414245188384,3.));
#768 = VECTOR('',#769,1.);
#769 = DIRECTION('',(0.,-1.,0.));
#770 = ORIENTED_EDGE('',*,*,#386,.F.);
#771 = ORIENTED_EDGE('',*,*,#452,.F.);
#772 = ORIENTED_EDGE('',*,*,#529,.F.);
#773 = ORIENTED_EDGE('',*,*,#255,.F.);
#774 = FACE_BOUND('',#775,.T.);
#775 = EDGE_LOOP('',(#776));
#776 = ORIENTED_EDGE('',*,*,#745,.T.);
#777 = FACE_BOUND('',#778,.T.);
#778 = EDGE_LOOP('',(#779));
#779 = ORIENTED_EDGE('',*,*,#720,.T.);
#780 = PLANE('',#781);
#781 = AXIS2_PLACEMENT_3D('',#782,#783,#784);
#782 = CARTESIAN_POINT('',(34.726644331765,15.442571173565,
    16.026960166137));
#783 = DIRECTION('',(1.,0.,0.));
#784 = DIRECTION('',(-0.,1.,0.));
#785 = ADVANCED_FACE('',(#786),#813,.T.);
#786 = FACE_BOUND('',#787,.T.);
#787 = EDGE_LOOP('',(#788,#789,#797,#806,#812));
#788 = ORIENTED_EDGE('',*,*,#355,.F.);
#789 = ORIENTED_EDGE('',*,*,#790,.F.);
#790 = EDGE_CURVE('',#791,#307,#793,.T.);
#791 = VERTEX_POINT('',#792);
#792 = CARTESIAN_POINT('',(20.531865023793,21.64060248029,0.));
#793 = LINE('',#794,#795);
#794 = CARTESIAN_POINT('',(20.531865023793,21.64060248029,0.));
#795 = VECTOR('',#796,1.);
#796 = DIRECTION('',(0.,0.,1.));
#797 = ORIENTED_EDGE('',*,*,#798,.T.);
#798 = EDGE_CURVE('',#791,#799,#801,.T.);
#799 = VERTEX_POINT('',#800);
#800 = CARTESIAN_POINT('',(15.018364640862,19.983342649288,0.));
#801 = CIRCLE('',#802,10.);
#802 = AXIS2_PLACEMENT_3D('',#803,#804,#805);
#803 = CARTESIAN_POINT('',(20.531865023793,11.64060248029,0.));
#804 = DIRECTION('',(0.,0.,1.));
#805 = DIRECTION('',(1.110223024625E-15,1.,-0.));
#806 = ORIENTED_EDGE('',*,*,#807,.T.);
#807 = EDGE_CURVE('',#799,#469,#808,.T.);
#808 = LINE('',#809,#810);
#809 = CARTESIAN_POINT('',(15.018364640862,19.983342649288,0.));
#810 = VECTOR('',#811,1.);
#811 = DIRECTION('',(0.,0.,1.));
#812 = ORIENTED_EDGE('',*,*,#468,.F.);
#813 = CYLINDRICAL_SURFACE('',#814,10.);
#814 = AXIS2_PLACEMENT_3D('',#815,#816,#817);
#815 = CARTESIAN_POINT('',(20.531865023793,11.64060248029,0.));
#816 = DIRECTION('',(0.,0.,1.));
#817 = DIRECTION('',(1.110223024625E-15,1.,-0.));
#818 = ADVANCED_FACE('',(#819),#837,.T.);
#819 = FACE_BOUND('',#820,.T.);
#820 = EDGE_LOOP('',(#821,#822,#830,#836));
#821 = ORIENTED_EDGE('',*,*,#304,.F.);
#822 = ORIENTED_EDGE('',*,*,#823,.F.);
#823 = EDGE_CURVE('',#824,#305,#826,.T.);
#824 = VERTEX_POINT('',#825);
#825 = CARTESIAN_POINT('',(33.921423639736,21.64060248029,0.));
#826 = LINE('',#827,#828);
#827 = CARTESIAN_POINT('',(33.921423639736,21.64060248029,0.));
#828 = VECTOR('',#829,1.);
#829 = DIRECTION('',(0.,0.,1.));
#830 = ORIENTED_EDGE('',*,*,#831,.F.);
#831 = EDGE_CURVE('',#791,#824,#832,.T.);
#832 = LINE('',#833,#834);
#833 = CARTESIAN_POINT('',(20.531865023793,21.64060248029,0.));
#834 = VECTOR('',#835,1.);
#835 = DIRECTION('',(1.,0.,0.));
#836 = ORIENTED_EDGE('',*,*,#790,.T.);
#837 = PLANE('',#838);
#838 = AXIS2_PLACEMENT_3D('',#839,#840,#841);
#839 = CARTESIAN_POINT('',(27.226644331765,21.64060248029,0.));
#840 = DIRECTION('',(0.,1.,0.));
#841 = DIRECTION('',(-1.,0.,0.));
#842 = ADVANCED_FACE('',(#843),#871,.T.);
#843 = FACE_BOUND('',#844,.T.);
#844 = EDGE_LOOP('',(#845,#846,#855,#863,#870));
#845 = ORIENTED_EDGE('',*,*,#401,.F.);
#846 = ORIENTED_EDGE('',*,*,#847,.F.);
#847 = EDGE_CURVE('',#848,#389,#850,.T.);
#848 = VERTEX_POINT('',#849);
#849 = CARTESIAN_POINT('',(39.434924022667,19.983342649288,3.));
#850 = CIRCLE('',#851,10.);
#851 = AXIS2_PLACEMENT_3D('',#852,#853,#854);
#852 = CARTESIAN_POINT('',(33.921423639736,11.64060248029,3.));
#853 = DIRECTION('',(0.,0.,1.));
#854 = DIRECTION('',(-1.110223024625E-15,1.,0.));
#855 = ORIENTED_EDGE('',*,*,#856,.F.);
#856 = EDGE_CURVE('',#857,#848,#859,.T.);
#857 = VERTEX_POINT('',#858);
#858 = CARTESIAN_POINT('',(39.434924022667,19.983342649288,0.));
#859 = LINE('',#860,#861);
#860 = CARTESIAN_POINT('',(39.434924022667,19.983342649288,0.));
#861 = VECTOR('',#862,1.);
#862 = DIRECTION('',(0.,0.,1.));
#863 = ORIENTED_EDGE('',*,*,#864,.F.);
#864 = EDGE_CURVE('',#824,#857,#865,.T.);
#865 = CIRCLE('',#866,10.);
#866 = AXIS2_PLACEMENT_3D('',#867,#868,#869);
#867 = CARTESIAN_POINT('',(33.921423639736,11.64060248029,0.));
#868 = DIRECTION('',(0.,0.,-1.));
#869 = DIRECTION('',(-1.110223024625E-15,1.,0.));
#870 = ORIENTED_EDGE('',*,*,#823,.T.);
#871 = CYLINDRICAL_SURFACE('',#872,10.);
#872 = AXIS2_PLACEMENT_3D('',#873,#874,#875);
#873 = CARTESIAN_POINT('',(33.921423639736,11.64060248029,0.));
#874 = DIRECTION('',(0.,0.,-1.));
#875 = DIRECTION('',(-1.110223024625E-15,1.,0.));
#876 = ADVANCED_FACE('',(#877),#898,.T.);
#877 = FACE_BOUND('',#878,.T.);
#878 = EDGE_LOOP('',(#879,#888,#889,#890));
#879 = ORIENTED_EDGE('',*,*,#880,.F.);
#880 = EDGE_CURVE('',#548,#881,#883,.T.);
#881 = VERTEX_POINT('',#882);
#882 = CARTESIAN_POINT('',(37.380309774247,7.035505604628,3.));
#883 = B_SPLINE_CURVE_WITH_KNOTS('',3,(#884,#885,#886,#887),
  .UNSPECIFIED.,.F.,.F.,(4,4),(-0.269649311774,-5.431651093391E-03),
  .PIECEWISE_BEZIER_KNOTS.);
#884 = CARTESIAN_POINT('',(34.726644331765,7.30992117414,3.));
#885 = CARTESIAN_POINT('',(35.615784084157,7.236139249555,3.));
#886 = CARTESIAN_POINT('',(36.505942989655,7.145636986716,3.));
#887 = CARTESIAN_POINT('',(37.380309774247,7.035505604628,3.));
#888 = ORIENTED_EDGE('',*,*,#547,.F.);
#889 = ORIENTED_EDGE('',*,*,#511,.F.);
#890 = ORIENTED_EDGE('',*,*,#891,.T.);
#891 = EDGE_CURVE('',#503,#881,#892,.T.);
#892 = B_SPLINE_CURVE_WITH_KNOTS('',3,(#893,#894,#895,#896,#897),
  .UNSPECIFIED.,.F.,.F.,(4,1,4),(0.929605780118,2.021409196452,
    2.840261758702),.UNSPECIFIED.);
#893 = CARTESIAN_POINT('',(17.072978889282,7.035505604628,3.));
#894 = CARTESIAN_POINT('',(20.871298175043,7.513925141973,2.286446970771
    ));
#895 = CARTESIAN_POINT('',(27.727911807501,7.890714064883,1.863887150182
    ));
#896 = CARTESIAN_POINT('',(34.531570309927,7.394320257637,2.464835228078
    ));
#897 = CARTESIAN_POINT('',(37.380309774247,7.035505604628,3.));
#898 = B_SPLINE_SURFACE_WITH_KNOTS('',3,3,(
    (#899,#900,#901,#902,#903)
    ,(#904,#905,#906,#907,#908)
    ,(#909,#910,#911,#912,#913)
    ,(#914,#915,#916,#917,#918
  )),.UNSPECIFIED.,.F.,.F.,.F.,(4,4),(4,1,4),(0.741096000818,1.),(
    0.929605780118,2.021409196452,2.840261758702),.UNSPECIFIED.);
#899 = CARTESIAN_POINT('',(17.238074184297,6.995817349382,3.794521911403
    ));
#900 = CARTESIAN_POINT('',(20.972572547457,7.449257176127,3.157527262657
    ));
#901 = CARTESIAN_POINT('',(27.720288564196,7.807043670969,2.783870012985
    ));
#902 = CARTESIAN_POINT('',(34.414340706862,7.33589721944,3.316775924844)
  );
#903 = CARTESIAN_POINT('',(37.215214479232,6.995817349382,3.794521911403
    ));
#904 = CARTESIAN_POINT('',(17.180935163592,7.028868839993,3.531614001965
    ));
#905 = CARTESIAN_POINT('',(20.937161853205,7.49378630167,2.869587685164)
  );
#906 = CARTESIAN_POINT('',(27.723018815589,7.860550156917,2.480097047635
    ));
#907 = CARTESIAN_POINT('',(34.455183482727,7.377556936251,3.035094264364
    ));
#908 = CARTESIAN_POINT('',(37.272353499937,7.028868839993,3.531614001965
    ));
#909 = CARTESIAN_POINT('',(17.125702815653,7.042146477752,3.265808058486
    ));
#910 = CARTESIAN_POINT('',(20.903249453894,7.515428375817,2.578018878085
    ));
#911 = CARTESIAN_POINT('',(27.725577048622,7.88857252903,2.171994171301)
  );
#912 = CARTESIAN_POINT('',(34.494425869195,7.397107901301,2.749966173185
    ));
#913 = CARTESIAN_POINT('',(37.327585847876,7.042146477752,3.265808058486
    ));
#914 = CARTESIAN_POINT('',(17.072978889282,7.035505604628,3.));
#915 = CARTESIAN_POINT('',(20.871298175043,7.513925141973,2.286446970771
    ));
#916 = CARTESIAN_POINT('',(27.727911807501,7.890714064883,1.863887150182
    ));
#917 = CARTESIAN_POINT('',(34.531570309927,7.394320257637,2.464835228078
    ));
#918 = CARTESIAN_POINT('',(37.380309774247,7.035505604628,3.));
#919 = ADVANCED_FACE('',(#920),#956,.F.);
#920 = FACE_BOUND('',#921,.F.);
#921 = EDGE_LOOP('',(#922,#931,#939,#948,#954,#955));
#922 = ORIENTED_EDGE('',*,*,#923,.F.);
#923 = EDGE_CURVE('',#924,#881,#926,.T.);
#924 = VERTEX_POINT('',#925);
#925 = CARTESIAN_POINT('',(39.655277548795,6.716227688764,3.));
#926 = CIRCLE('',#927,81.25);
#927 = AXIS2_PLACEMENT_3D('',#928,#929,#930);
#928 = CARTESIAN_POINT('',(27.226644331765,-73.57755523592,3.));
#929 = DIRECTION('',(0.,0.,1.));
#930 = DIRECTION('',(1.209863467833E-17,1.,-0.));
#931 = ORIENTED_EDGE('',*,*,#932,.F.);
#932 = EDGE_CURVE('',#933,#924,#935,.T.);
#933 = VERTEX_POINT('',#934);
#934 = CARTESIAN_POINT('',(39.655277548795,6.716227688764,0.));
#935 = LINE('',#936,#937);
#936 = CARTESIAN_POINT('',(39.655277548795,6.716227688764,0.));
#937 = VECTOR('',#938,1.);
#938 = DIRECTION('',(0.,0.,1.));
#939 = ORIENTED_EDGE('',*,*,#940,.F.);
#940 = EDGE_CURVE('',#941,#933,#943,.T.);
#941 = VERTEX_POINT('',#942);
#942 = CARTESIAN_POINT('',(14.798011114734,6.716227688764,0.));
#943 = CIRCLE('',#944,81.25);
#944 = AXIS2_PLACEMENT_3D('',#945,#946,#947);
#945 = CARTESIAN_POINT('',(27.226644331765,-73.57755523592,0.));
#946 = DIRECTION('',(0.,0.,-1.));
#947 = DIRECTION('',(1.209863467833E-17,1.,0.));
#948 = ORIENTED_EDGE('',*,*,#949,.F.);
#949 = EDGE_CURVE('',#495,#941,#950,.T.);
#950 = LINE('',#951,#952);
#951 = CARTESIAN_POINT('',(14.798011114734,6.716227688764,0.));
#952 = VECTOR('',#953,1.);
#953 = DIRECTION('',(0.,0.,-1.));
#954 = ORIENTED_EDGE('',*,*,#502,.F.);
#955 = ORIENTED_EDGE('',*,*,#891,.T.);
#956 = CYLINDRICAL_SURFACE('',#957,81.25);
#957 = AXIS2_PLACEMENT_3D('',#958,#959,#960);
#958 = CARTESIAN_POINT('',(27.226644331765,-73.57755523592,0.));
#959 = DIRECTION('',(0.,0.,1.));
#960 = DIRECTION('',(1.209863467833E-17,1.,-0.));
#961 = ADVANCED_FACE('',(#962),#1033,.F.);
#962 = FACE_BOUND('',#963,.F.);
#963 = EDGE_LOOP('',(#964,#981,#990,#1011,#1020));
#964 = ORIENTED_EDGE('',*,*,#965,.F.);
#965 = EDGE_CURVE('',#966,#968,#970,.T.);
#966 = VERTEX_POINT('',#967);
#967 = CARTESIAN_POINT('',(41.680180945162,6.40279393715,3.));
#968 = VERTEX_POINT('',#969);
#969 = CARTESIAN_POINT('',(46.815333815924,5.607926274681,4.997932050844
    ));
#970 = B_SPLINE_CURVE_WITH_KNOTS('',3,(#971,#972,#973,#974,#975,#976,
    #977,#978,#979,#980),.UNSPECIFIED.,.F.,.F.,(4,2,2,2,4),(
    0.909379358273,1.035998819973,1.162618281673,1.306056300448,
    1.443663870872),.UNSPECIFIED.);
#971 = CARTESIAN_POINT('',(41.680180945162,6.40279393715,3.));
#972 = CARTESIAN_POINT('',(42.097278609645,6.33823160494,3.));
#973 = CARTESIAN_POINT('',(42.552812688333,6.267719720014,3.04126509412)
  );
#974 = CARTESIAN_POINT('',(43.447569974348,6.129220701521,3.213483321656
    ));
#975 = CARTESIAN_POINT('',(43.886851099274,6.061224602919,3.344128192349
    ));
#976 = CARTESIAN_POINT('',(44.718933741231,5.932426960232,3.662553322885
    ));
#977 = CARTESIAN_POINT('',(45.186024414288,5.860126236028,3.889568506744
    ));
#978 = CARTESIAN_POINT('',(46.0557020021,5.725509291076,4.413636861439)
  );
#979 = CARTESIAN_POINT('',(46.460557508551,5.66284191619,4.706796914484)
  );
#980 = CARTESIAN_POINT('',(46.815333815924,5.607926274681,4.997932050845
    ));
#981 = ORIENTED_EDGE('',*,*,#982,.F.);
#982 = EDGE_CURVE('',#983,#966,#985,.T.);
#983 = VERTEX_POINT('',#984);
#984 = CARTESIAN_POINT('',(45.303485068678,16.104963013941,3.));
#985 = CIRCLE('',#986,9.5);
#986 = AXIS2_PLACEMENT_3D('',#987,#988,#989);
#987 = CARTESIAN_POINT('',(50.953110836388,8.467441905307,3.));
#988 = DIRECTION('',(0.,0.,1.));
#989 = DIRECTION('',(-0.966877812957,0.255239681107,0.));
#990 = ORIENTED_EDGE('',*,*,#991,.F.);
#991 = EDGE_CURVE('',#992,#983,#994,.T.);
#992 = VERTEX_POINT('',#993);
#993 = CARTESIAN_POINT('',(51.67946731749,11.891241879365,9.));
#994 = B_SPLINE_CURVE_WITH_KNOTS('',3,(#995,#996,#997,#998,#999,#1000,
    #1001,#1002,#1003,#1004,#1005,#1006,#1007,#1008,#1009,#1010),
  .UNSPECIFIED.,.F.,.F.,(4,2,2,2,2,2,2,4),(1.89048656325,1.97148093105,
    2.078745668064,2.35329987033,2.489784168851,2.626268467372,
    2.750193092499,2.874117717626),.UNSPECIFIED.);
#995 = CARTESIAN_POINT('',(51.67946731749,11.891241879365,9.));
#996 = CARTESIAN_POINT('',(51.67946731749,11.891241879365,8.730018774));
#997 = CARTESIAN_POINT('',(51.625427756973,11.926955221932,
    8.412582662464));
#998 = CARTESIAN_POINT('',(51.451874417072,12.04165211847,7.820536887606
    ));
#999 = CARTESIAN_POINT('',(51.282779409944,12.153402618625,
    7.442369880603));
#1000 = CARTESIAN_POINT('',(50.713706757456,12.529487960353,
    6.367866614147));
#1001 = CARTESIAN_POINT('',(50.100499434923,12.934740759687,
    5.551884317812));
#1002 = CARTESIAN_POINT('',(49.225909127393,13.512734787764,
    4.669690260661));
#1003 = CARTESIAN_POINT('',(48.889443905073,13.735095917863,
    4.37479051829));
#1004 = CARTESIAN_POINT('',(48.178263349062,14.205096683615,
    3.862665743668));
#1005 = CARTESIAN_POINT('',(47.803319794494,14.45288714452,
    3.645896195747));
#1006 = CARTESIAN_POINT('',(47.126566757648,14.900135656666,
    3.336946791209));
#1007 = CARTESIAN_POINT('',(46.763729784896,15.13992519196,
    3.208801424595));
#1008 = CARTESIAN_POINT('',(46.024521267984,15.628448909408,
    3.040198825796));
#1009 = CARTESIAN_POINT('',(45.648108718002,15.877210191244,3.));
#1010 = CARTESIAN_POINT('',(45.303485068678,16.104963013941,3.));
#1011 = ORIENTED_EDGE('',*,*,#1012,.F.);
#1012 = EDGE_CURVE('',#1013,#992,#1015,.T.);
#1013 = VERTEX_POINT('',#1014);
#1014 = CARTESIAN_POINT('',(47.453823343988,8.538060922119,
    9.000000000037));
#1015 = CIRCLE('',#1016,3.5);
#1016 = AXIS2_PLACEMENT_3D('',#1017,#1018,#1019);
#1017 = CARTESIAN_POINT('',(50.953110836388,8.467441905307,9.));
#1018 = DIRECTION('',(0.,0.,-1.));
#1019 = DIRECTION('',(-0.966877812957,0.255239681107,0.));
#1020 = ORIENTED_EDGE('',*,*,#1021,.F.);
#1021 = EDGE_CURVE('',#968,#1013,#1022,.T.);
#1022 = B_SPLINE_CURVE_WITH_KNOTS('',3,(#1023,#1024,#1025,#1026,#1027,
    #1028,#1029,#1030,#1031,#1032),.UNSPECIFIED.,.F.,.F.,(4,2,2,2,4),(
    9.558116667628,9.590736655238,9.79728396483,10.053514582202,
    10.080180174516),.UNSPECIFIED.);
#1023 = CARTESIAN_POINT('',(46.815333815924,5.607926274681,
    4.997932050844));
#1024 = CARTESIAN_POINT('',(46.81668901737,5.688972297528,5.050644694196
    ));
#1025 = CARTESIAN_POINT('',(46.820177377226,5.770040665224,
    5.105760681204));
#1026 = CARTESIAN_POINT('',(46.860002478593,6.363529980086,
    5.528264262945));
#1027 = CARTESIAN_POINT('',(46.970608171046,6.850433710717,
    5.978995654822));
#1028 = CARTESIAN_POINT('',(47.250717989832,7.810861284988,
    7.191840028942));
#1029 = CARTESIAN_POINT('',(47.414673755779,8.209691676026,
    7.948702107298));
#1030 = CARTESIAN_POINT('',(47.451331086036,8.490109059609,
    8.832690158165));
#1031 = CARTESIAN_POINT('',(47.453355842392,8.514895455332,
    8.916240774319));
#1032 = CARTESIAN_POINT('',(47.453823343988,8.538060922109,9.00000000004
    ));
#1033 = TOROIDAL_SURFACE('',#1034,9.5,6.);
#1034 = AXIS2_PLACEMENT_3D('',#1035,#1036,#1037);
#1035 = CARTESIAN_POINT('',(50.953110836388,8.467441905307,9.));
#1036 = DIRECTION('',(0.,0.,1.));
#1037 = DIRECTION('',(-0.83229157871,0.554338099005,0.));
#1038 = ADVANCED_FACE('',(#1039),#1058,.T.);
#1039 = FACE_BOUND('',#1040,.T.);
#1040 = EDGE_LOOP('',(#1041,#1042,#1043,#1044,#1050,#1051,#1057));
#1041 = ORIENTED_EDGE('',*,*,#765,.T.);
#1042 = ORIENTED_EDGE('',*,*,#880,.T.);
#1043 = ORIENTED_EDGE('',*,*,#923,.F.);
#1044 = ORIENTED_EDGE('',*,*,#1045,.T.);
#1045 = EDGE_CURVE('',#924,#966,#1046,.T.);
#1046 = LINE('',#1047,#1048);
#1047 = CARTESIAN_POINT('',(32.23191849675,7.865285605025,3.));
#1048 = VECTOR('',#1049,1.);
#1049 = DIRECTION('',(0.988231174458,-0.15296779344,0.));
#1050 = ORIENTED_EDGE('',*,*,#982,.F.);
#1051 = ORIENTED_EDGE('',*,*,#1052,.T.);
#1052 = EDGE_CURVE('',#983,#848,#1053,.T.);
#1053 = LINE('',#1054,#1055);
#1054 = CARTESIAN_POINT('',(32.448822571591,24.600275724686,3.));
#1055 = VECTOR('',#1056,1.);
#1056 = DIRECTION('',(-0.8342740169,0.551350038293,0.));
#1057 = ORIENTED_EDGE('',*,*,#847,.T.);
#1058 = PLANE('',#1059);
#1059 = AXIS2_PLACEMENT_3D('',#1060,#1061,#1062);
#1060 = CARTESIAN_POINT('',(15.000232838902,13.385919203204,3.));
#1061 = DIRECTION('',(0.,0.,1.));
#1062 = DIRECTION('',(-1.,0.,0.));
#1063 = ADVANCED_FACE('',(#1064),#1123,.F.);
#1064 = FACE_BOUND('',#1065,.F.);
#1065 = EDGE_LOOP('',(#1066,#1081,#1090,#1109,#1110));
#1066 = ORIENTED_EDGE('',*,*,#1067,.F.);
#1067 = EDGE_CURVE('',#1068,#1070,#1072,.T.);
#1068 = VERTEX_POINT('',#1069);
#1069 = CARTESIAN_POINT('',(6.999465319541,8.538060922119,9.000000000037
    ));
#1070 = VERTEX_POINT('',#1071);
#1071 = CARTESIAN_POINT('',(7.637954847606,5.607926274683,4.997932050846
    ));
#1072 = B_SPLINE_CURVE_WITH_KNOTS('',3,(#1073,#1074,#1075,#1076,#1077,
    #1078,#1079,#1080),.UNSPECIFIED.,.F.,.F.,(4,2,2,4),(6.033197748467,
    6.19391593341,6.468012773686,6.576490153659),.UNSPECIFIED.);
#1073 = CARTESIAN_POINT('',(6.999465319541,8.538060922109,9.00000000004)
  );
#1074 = CARTESIAN_POINT('',(7.002213934133,8.401862584754,8.507548568313
    ));
#1075 = CARTESIAN_POINT('',(7.058700922739,8.212449739069,8.032582340164
    ));
#1076 = CARTESIAN_POINT('',(7.269103027576,7.567268104088,6.817387894916
    ));
#1077 = CARTESIAN_POINT('',(7.460378561564,7.024039233889,6.139197821862
    ));
#1078 = CARTESIAN_POINT('',(7.607268645946,6.127866043457,5.360697130045
    ));
#1079 = CARTESIAN_POINT('',(7.633602457508,5.868215184737,5.167224953842
    ));
#1080 = CARTESIAN_POINT('',(7.637954847605,5.607926274683,4.997932050846
    ));
#1081 = ORIENTED_EDGE('',*,*,#1082,.F.);
#1082 = EDGE_CURVE('',#1083,#1068,#1085,.T.);
#1083 = VERTEX_POINT('',#1084);
#1084 = CARTESIAN_POINT('',(2.773821346039,11.891241879365,9.));
#1085 = CIRCLE('',#1086,3.5);
#1086 = AXIS2_PLACEMENT_3D('',#1087,#1088,#1089);
#1087 = CARTESIAN_POINT('',(3.500177827141,8.467441905307,9.));
#1088 = DIRECTION('',(0.,0.,-1.));
#1089 = DIRECTION('',(0.966877812957,0.255239681107,0.));
#1090 = ORIENTED_EDGE('',*,*,#1091,.F.);
#1091 = EDGE_CURVE('',#478,#1083,#1092,.T.);
#1092 = B_SPLINE_CURVE_WITH_KNOTS('',3,(#1093,#1094,#1095,#1096,#1097,
    #1098,#1099,#1100,#1101,#1102,#1103,#1104,#1105,#1106,#1107,#1108),
  .UNSPECIFIED.,.F.,.F.,(4,2,2,2,2,2,2,4),(0.906855408875,1.030780034002
    ,1.154704659128,1.29118895765,1.427673256171,1.702227458436,
    1.80949219545,1.89048656325),.UNSPECIFIED.);
#1093 = CARTESIAN_POINT('',(9.149803594851,16.104963013941,3.));
#1094 = CARTESIAN_POINT('',(8.805179945527,15.877210191244,3.));
#1095 = CARTESIAN_POINT('',(8.428767395545,15.628448909408,
    3.040198825796));
#1096 = CARTESIAN_POINT('',(7.689558878633,15.13992519196,3.208801424595
    ));
#1097 = CARTESIAN_POINT('',(7.326721905881,14.900135656666,
    3.336946791209));
#1098 = CARTESIAN_POINT('',(6.649968869035,14.45288714452,3.645896195747
    ));
#1099 = CARTESIAN_POINT('',(6.275025314467,14.205096683615,
    3.862665743668));
#1100 = CARTESIAN_POINT('',(5.563844758456,13.735095917863,4.37479051829
    ));
#1101 = CARTESIAN_POINT('',(5.227379536136,13.512734787764,
    4.669690260661));
#1102 = CARTESIAN_POINT('',(4.352789228606,12.934740759687,
    5.551884317812));
#1103 = CARTESIAN_POINT('',(3.739581906073,12.529487960353,
    6.367866614147));
#1104 = CARTESIAN_POINT('',(3.170509253585,12.153402618625,
    7.442369880603));
#1105 = CARTESIAN_POINT('',(3.001414246457,12.04165211847,7.820536887606
    ));
#1106 = CARTESIAN_POINT('',(2.827860906556,11.926955221932,
    8.412582662464));
#1107 = CARTESIAN_POINT('',(2.773821346039,11.891241879365,8.730018774)
  );
#1108 = CARTESIAN_POINT('',(2.773821346039,11.891241879365,9.));
#1109 = ORIENTED_EDGE('',*,*,#485,.F.);
#1110 = ORIENTED_EDGE('',*,*,#1111,.F.);
#1111 = EDGE_CURVE('',#1070,#486,#1112,.T.);
#1112 = B_SPLINE_CURVE_WITH_KNOTS('',3,(#1113,#1114,#1115,#1116,#1117,
    #1118,#1119,#1120,#1121,#1122),.UNSPECIFIED.,.F.,.F.,(4,2,2,2,4),(
    2.413539826421,2.551147396845,2.69458541562,2.82120487732,
    2.94782433902),.UNSPECIFIED.);
#1113 = CARTESIAN_POINT('',(7.637954847605,5.607926274681,4.997932050845
    ));
#1114 = CARTESIAN_POINT('',(7.992731154978,5.66284191619,4.706796914484)
  );
#1115 = CARTESIAN_POINT('',(8.397586661429,5.725509291076,4.413636861439
    ));
#1116 = CARTESIAN_POINT('',(9.267264249241,5.860126236028,3.889568506744
    ));
#1117 = CARTESIAN_POINT('',(9.734354922298,5.932426960232,3.662553322885
    ));
#1118 = CARTESIAN_POINT('',(10.566437564255,6.061224602919,
    3.344128192349));
#1119 = CARTESIAN_POINT('',(11.005718689181,6.129220701521,
    3.213483321656));
#1120 = CARTESIAN_POINT('',(11.900475975196,6.267719720014,3.04126509412
    ));
#1121 = CARTESIAN_POINT('',(12.356010053884,6.33823160494,3.));
#1122 = CARTESIAN_POINT('',(12.773107718367,6.40279393715,3.));
#1123 = TOROIDAL_SURFACE('',#1124,9.5,6.);
#1124 = AXIS2_PLACEMENT_3D('',#1125,#1126,#1127);
#1125 = CARTESIAN_POINT('',(3.500177827141,8.467441905307,9.));
#1126 = DIRECTION('',(0.,0.,-1.));
#1127 = DIRECTION('',(0.83229157871,0.554338099005,0.));
#1128 = ADVANCED_FACE('',(#1129),#1266,.T.);
#1129 = FACE_BOUND('',#1130,.T.);
#1130 = EDGE_LOOP('',(#1131,#1132,#1140,#1149,#1157,#1178,#1186,#1207,
    #1215,#1224,#1232,#1251,#1259));
#1131 = ORIENTED_EDGE('',*,*,#1082,.F.);
#1132 = ORIENTED_EDGE('',*,*,#1133,.F.);
#1133 = EDGE_CURVE('',#1134,#1083,#1136,.T.);
#1134 = VERTEX_POINT('',#1135);
#1135 = CARTESIAN_POINT('',(2.773821346039,11.891241879365,0.));
#1136 = LINE('',#1137,#1138);
#1137 = CARTESIAN_POINT('',(2.773821346039,11.891241879365,0.));
#1138 = VECTOR('',#1139,1.);
#1139 = DIRECTION('',(0.,0.,1.));
#1140 = ORIENTED_EDGE('',*,*,#1141,.T.);
#1141 = EDGE_CURVE('',#1134,#1142,#1144,.T.);
#1142 = VERTEX_POINT('',#1143);
#1143 = CARTESIAN_POINT('',(3.500177827141,4.967441905307,0.));
#1144 = CIRCLE('',#1145,3.5);
#1145 = AXIS2_PLACEMENT_3D('',#1146,#1147,#1148);
#1146 = CARTESIAN_POINT('',(3.500177827141,8.467441905307,0.));
#1147 = DIRECTION('',(0.,0.,1.));
#1148 = DIRECTION('',(-1.,0.,0.));
#1149 = ORIENTED_EDGE('',*,*,#1150,.T.);
#1150 = EDGE_CURVE('',#1142,#1151,#1153,.T.);
#1151 = VERTEX_POINT('',#1152);
#1152 = CARTESIAN_POINT('',(3.500177827141,4.967441905307,4.62797467179)
  );
#1153 = LINE('',#1154,#1155);
#1154 = CARTESIAN_POINT('',(3.500177827141,4.967441905307,0.));
#1155 = VECTOR('',#1156,1.);
#1156 = DIRECTION('',(0.,0.,1.));
#1157 = ORIENTED_EDGE('',*,*,#1158,.T.);
#1158 = EDGE_CURVE('',#1151,#1159,#1161,.T.);
#1159 = VERTEX_POINT('',#1160);
#1160 = CARTESIAN_POINT('',(1.519739057705E-02,8.791342131864,
    10.865954331034));
#1161 = B_SPLINE_CURVE_WITH_KNOTS('',3,(#1162,#1163,#1164,#1165,#1166,
    #1167,#1168,#1169,#1170,#1171,#1172,#1173,#1174,#1175,#1176,#1177),
  .UNSPECIFIED.,.F.,.F.,(4,2,2,2,2,2,2,4),(0.,8.201739447251E-02,
    0.164034788945,0.32806957789,0.416188528804,0.504307479718,
    0.710530638549,0.91675379738),.UNSPECIFIED.);
#1162 = CARTESIAN_POINT('',(3.500177827141,4.967441905307,4.62797467179)
  );
#1163 = CARTESIAN_POINT('',(3.226786512233,4.967441905307,4.62797467179)
  );
#1164 = CARTESIAN_POINT('',(2.948514756147,5.000036082241,4.644239654398
    ));
#1165 = CARTESIAN_POINT('',(2.408229081768,5.130544663614,4.713298249551
    ));
#1166 = CARTESIAN_POINT('',(2.14622868042,5.228459390676,4.76619696269)
  );
#1167 = CARTESIAN_POINT('',(1.41908620078,5.601126569061,4.986427639148)
  );
#1168 = CARTESIAN_POINT('',(1.016207112013,5.960185068986,5.223089785881
    ));
#1169 = CARTESIAN_POINT('',(0.587443471101,6.51153924539,5.690670279728)
  );
#1170 = CARTESIAN_POINT('',(0.455982139087,6.725214508252,5.891134201792
    ));
#1171 = CARTESIAN_POINT('',(0.254853732193,7.136895165004,6.336385303156
    ));
#1172 = CARTESIAN_POINT('',(0.184085008928,7.334337516575,6.581194577996
    ));
#1173 = CARTESIAN_POINT('',(2.343029078525E-02,7.894110255176,
    7.370802683383));
#1174 = CARTESIAN_POINT('',(7.165872321515E-04,8.234884080287,
    8.033323351503));
#1175 = CARTESIAN_POINT('',(-3.414632124503E-04,8.683489856315,
    9.437202794429));
#1176 = CARTESIAN_POINT('',(1.519739057705E-02,8.791342131864,
    10.178543801597));
#1177 = CARTESIAN_POINT('',(1.519739057705E-02,8.791342131864,
    10.865954331034));
#1178 = ORIENTED_EDGE('',*,*,#1179,.T.);
#1179 = EDGE_CURVE('',#1159,#1180,#1182,.T.);
#1180 = VERTEX_POINT('',#1181);
#1181 = CARTESIAN_POINT('',(1.519739057705E-02,8.791342131864,
    18.929934688397));
#1182 = LINE('',#1183,#1184);
#1183 = CARTESIAN_POINT('',(1.519739057705E-02,8.791342131864,0.));
#1184 = VECTOR('',#1185,1.);
#1185 = DIRECTION('',(0.,0.,1.));
#1186 = ORIENTED_EDGE('',*,*,#1187,.T.);
#1187 = EDGE_CURVE('',#1180,#1188,#1190,.T.);
#1188 = VERTEX_POINT('',#1189);
#1189 = CARTESIAN_POINT('',(3.500177827141,4.967441905307,
    25.167914347641));
#1190 = B_SPLINE_CURVE_WITH_KNOTS('',3,(#1191,#1192,#1193,#1194,#1195,
    #1196,#1197,#1198,#1199,#1200,#1201,#1202,#1203,#1204,#1205,#1206),
  .UNSPECIFIED.,.F.,.F.,(4,2,2,2,2,2,2,4),(-0.91675379738,
    -0.710530638549,-0.504307479718,-0.416188528804,-0.32806957789,
    -0.164034788945,-8.201739447251E-02,0.),.UNSPECIFIED.);
#1191 = CARTESIAN_POINT('',(1.519739057705E-02,8.791342131864,
    18.929934688397));
#1192 = CARTESIAN_POINT('',(1.519739057705E-02,8.791342131864,
    19.617345217834));
#1193 = CARTESIAN_POINT('',(-3.414632124503E-04,8.683489856315,
    20.358686225003));
#1194 = CARTESIAN_POINT('',(7.165872321515E-04,8.234884080287,
    21.762565667928));
#1195 = CARTESIAN_POINT('',(2.343029078525E-02,7.894110255176,
    22.425086336048));
#1196 = CARTESIAN_POINT('',(0.184085008928,7.334337516575,
    23.214694441435));
#1197 = CARTESIAN_POINT('',(0.254853732193,7.136895165004,
    23.459503716275));
#1198 = CARTESIAN_POINT('',(0.455982139087,6.725214508252,
    23.904754817639));
#1199 = CARTESIAN_POINT('',(0.587443471101,6.51153924539,24.105218739703
    ));
#1200 = CARTESIAN_POINT('',(1.016207112013,5.960185068986,24.57279923355
    ));
#1201 = CARTESIAN_POINT('',(1.41908620078,5.601126569061,24.809461380283
    ));
#1202 = CARTESIAN_POINT('',(2.14622868042,5.228459390676,25.029692056741
    ));
#1203 = CARTESIAN_POINT('',(2.408229081768,5.130544663614,25.08259076988
    ));
#1204 = CARTESIAN_POINT('',(2.948514756147,5.000036082241,
    25.151649365033));
#1205 = CARTESIAN_POINT('',(3.226786512233,4.967441905307,
    25.167914347641));
#1206 = CARTESIAN_POINT('',(3.500177827141,4.967441905307,
    25.167914347641));
#1207 = ORIENTED_EDGE('',*,*,#1208,.T.);
#1208 = EDGE_CURVE('',#1188,#1209,#1211,.T.);
#1209 = VERTEX_POINT('',#1210);
#1210 = CARTESIAN_POINT('',(3.500177827141,4.967441905307,30.));
#1211 = LINE('',#1212,#1213);
#1212 = CARTESIAN_POINT('',(3.500177827141,4.967441905307,0.));
#1213 = VECTOR('',#1214,1.);
#1214 = DIRECTION('',(0.,0.,1.));
#1215 = ORIENTED_EDGE('',*,*,#1216,.F.);
#1216 = EDGE_CURVE('',#1217,#1209,#1219,.T.);
#1217 = VERTEX_POINT('',#1218);
#1218 = CARTESIAN_POINT('',(4.558350622302,5.131235926117,30.));
#1219 = CIRCLE('',#1220,3.5);
#1220 = AXIS2_PLACEMENT_3D('',#1221,#1222,#1223);
#1221 = CARTESIAN_POINT('',(3.500177827141,8.467441905307,30.));
#1222 = DIRECTION('',(0.,0.,1.));
#1223 = DIRECTION('',(-1.,0.,0.));
#1224 = ORIENTED_EDGE('',*,*,#1225,.F.);
#1225 = EDGE_CURVE('',#1226,#1217,#1228,.T.);
#1226 = VERTEX_POINT('',#1227);
#1227 = CARTESIAN_POINT('',(4.558350622302,5.131235926117,
    25.081772579883));
#1228 = LINE('',#1229,#1230);
#1229 = CARTESIAN_POINT('',(4.558350622302,5.131235926117,0.));
#1230 = VECTOR('',#1231,1.);
#1231 = DIRECTION('',(0.,0.,1.));
#1232 = ORIENTED_EDGE('',*,*,#1233,.T.);
#1233 = EDGE_CURVE('',#1226,#1234,#1236,.T.);
#1234 = VERTEX_POINT('',#1235);
#1235 = CARTESIAN_POINT('',(6.985158263706,8.791342131864,
    18.929934688397));
#1236 = B_SPLINE_CURVE_WITH_KNOTS('',3,(#1237,#1238,#1239,#1240,#1241,
    #1242,#1243,#1244,#1245,#1246,#1247,#1248,#1249,#1250),
  .UNSPECIFIED.,.F.,.F.,(4,2,2,2,2,2,4),(0.106180219753,0.164034788945,
    0.32806957789,0.416188528804,0.504307479718,0.710530638549,
    0.91675379738),.UNSPECIFIED.);
#1237 = CARTESIAN_POINT('',(4.558350622302,5.131235926117,
    25.081772579883));
#1238 = CARTESIAN_POINT('',(4.74484278477,5.190387229743,25.049658750587
    ));
#1239 = CARTESIAN_POINT('',(4.92553384555,5.265056066202,25.008064956007
    ));
#1240 = CARTESIAN_POINT('',(5.581269453503,5.601126569061,
    24.809461380283));
#1241 = CARTESIAN_POINT('',(5.98414854227,5.960185068986,24.57279923355)
  );
#1242 = CARTESIAN_POINT('',(6.412912183182,6.51153924539,24.105218739703
    ));
#1243 = CARTESIAN_POINT('',(6.544373515196,6.725214508252,
    23.904754817639));
#1244 = CARTESIAN_POINT('',(6.74550192209,7.136895165004,23.459503716275
    ));
#1245 = CARTESIAN_POINT('',(6.816270645355,7.334337516575,
    23.214694441435));
#1246 = CARTESIAN_POINT('',(6.976925363497,7.894110255176,
    22.425086336048));
#1247 = CARTESIAN_POINT('',(6.999639067051,8.234884080287,
    21.762565667928));
#1248 = CARTESIAN_POINT('',(7.000697117495,8.683489856315,
    20.358686225003));
#1249 = CARTESIAN_POINT('',(6.985158263706,8.791342131864,
    19.617345217834));
#1250 = CARTESIAN_POINT('',(6.985158263706,8.791342131864,
    18.929934688397));
#1251 = ORIENTED_EDGE('',*,*,#1252,.T.);
#1252 = EDGE_CURVE('',#1234,#1253,#1255,.T.);
#1253 = VERTEX_POINT('',#1254);
#1254 = CARTESIAN_POINT('',(6.985158263706,8.791342131864,
    10.865954331034));
#1255 = LINE('',#1256,#1257);
#1256 = CARTESIAN_POINT('',(6.985158263706,8.791342131864,0.));
#1257 = VECTOR('',#1258,1.);
#1258 = DIRECTION('',(0.,0.,-1.));
#1259 = ORIENTED_EDGE('',*,*,#1260,.T.);
#1260 = EDGE_CURVE('',#1253,#1068,#1261,.T.);
#1261 = B_SPLINE_CURVE_WITH_KNOTS('',3,(#1262,#1263,#1264,#1265),
  .UNSPECIFIED.,.F.,.F.,(4,4),(-0.91675379738,-0.736299659961),
  .PIECEWISE_BEZIER_KNOTS.);
#1262 = CARTESIAN_POINT('',(6.985158263706,8.791342131864,
    10.865954331034));
#1263 = CARTESIAN_POINT('',(6.985158263706,8.791342131864,
    10.264440539638));
#1264 = CARTESIAN_POINT('',(6.995997464171,8.709898813277,9.621313131855
    ));
#1265 = CARTESIAN_POINT('',(6.999465319541,8.538060922109,9.00000000004)
  );
#1266 = CYLINDRICAL_SURFACE('',#1267,3.5);
#1267 = AXIS2_PLACEMENT_3D('',#1268,#1269,#1270);
#1268 = CARTESIAN_POINT('',(3.500177827141,8.467441905307,0.));
#1269 = DIRECTION('',(0.,0.,1.));
#1270 = DIRECTION('',(-0.15296779344,0.988231174458,0.));
#1271 = ADVANCED_FACE('',(#1272),#1300,.F.);
#1272 = FACE_BOUND('',#1273,.T.);
#1273 = EDGE_LOOP('',(#1274,#1275,#1283,#1291,#1298,#1299));
#1274 = ORIENTED_EDGE('',*,*,#932,.F.);
#1275 = ORIENTED_EDGE('',*,*,#1276,.F.);
#1276 = EDGE_CURVE('',#1277,#933,#1279,.T.);
#1277 = VERTEX_POINT('',#1278);
#1278 = CARTESIAN_POINT('',(50.953110836388,4.967441905307,0.));
#1279 = LINE('',#1280,#1281);
#1280 = CARTESIAN_POINT('',(50.953110836388,4.967441905307,0.));
#1281 = VECTOR('',#1282,1.);
#1282 = DIRECTION('',(-0.988231174458,0.15296779344,0.));
#1283 = ORIENTED_EDGE('',*,*,#1284,.T.);
#1284 = EDGE_CURVE('',#1277,#1285,#1287,.T.);
#1285 = VERTEX_POINT('',#1286);
#1286 = CARTESIAN_POINT('',(50.953110836388,4.967441905307,4.62797467179
    ));
#1287 = LINE('',#1288,#1289);
#1288 = CARTESIAN_POINT('',(50.953110836388,4.967441905307,0.));
#1289 = VECTOR('',#1290,1.);
#1290 = DIRECTION('',(0.,0.,1.));
#1291 = ORIENTED_EDGE('',*,*,#1292,.F.);
#1292 = EDGE_CURVE('',#968,#1285,#1293,.T.);
#1293 = ELLIPSE('',#1294,45.761266751413,7.);
#1294 = AXIS2_PLACEMENT_3D('',#1295,#1296,#1297);
#1295 = CARTESIAN_POINT('',(71.471945152497,1.791342131864,
    10.865954331034));
#1296 = DIRECTION('',(-0.15296779344,-0.988231174458,0.));
#1297 = DIRECTION('',(-0.988231174458,0.15296779344,0.));
#1298 = ORIENTED_EDGE('',*,*,#965,.F.);
#1299 = ORIENTED_EDGE('',*,*,#1045,.F.);
#1300 = PLANE('',#1301);
#1301 = AXIS2_PLACEMENT_3D('',#1302,#1303,#1304);
#1302 = CARTESIAN_POINT('',(49.894938041227,5.131235926117,0.));
#1303 = DIRECTION('',(0.15296779344,0.988231174458,0.));
#1304 = DIRECTION('',(-0.988231174458,0.15296779344,0.));
#1305 = ADVANCED_FACE('',(#1306),#1340,.T.);
#1306 = FACE_BOUND('',#1307,.T.);
#1307 = EDGE_LOOP('',(#1308,#1318,#1326,#1334));
#1308 = ORIENTED_EDGE('',*,*,#1309,.T.);
#1309 = EDGE_CURVE('',#1310,#1312,#1314,.T.);
#1310 = VERTEX_POINT('',#1311);
#1311 = CARTESIAN_POINT('',(54.438091272952,8.791342131864,
    10.865954331034));
#1312 = VERTEX_POINT('',#1313);
#1313 = CARTESIAN_POINT('',(54.438091272952,8.791342131864,
    18.929934688397));
#1314 = LINE('',#1315,#1316);
#1315 = CARTESIAN_POINT('',(54.438091272952,8.791342131864,0.));
#1316 = VECTOR('',#1317,1.);
#1317 = DIRECTION('',(0.,0.,1.));
#1318 = ORIENTED_EDGE('',*,*,#1319,.F.);
#1319 = EDGE_CURVE('',#1320,#1312,#1322,.T.);
#1320 = VERTEX_POINT('',#1321);
#1321 = CARTESIAN_POINT('',(53.442296492094,8.791342131864,
    18.929934688397));
#1322 = LINE('',#1323,#1324);
#1323 = CARTESIAN_POINT('',(48.226644331765,8.791342131864,
    18.929934688397));
#1324 = VECTOR('',#1325,1.);
#1325 = DIRECTION('',(1.,0.,0.));
#1326 = ORIENTED_EDGE('',*,*,#1327,.T.);
#1327 = EDGE_CURVE('',#1320,#1328,#1330,.T.);
#1328 = VERTEX_POINT('',#1329);
#1329 = CARTESIAN_POINT('',(53.442296492094,8.791342131864,
    10.865954331034));
#1330 = LINE('',#1331,#1332);
#1331 = CARTESIAN_POINT('',(53.442296492094,8.791342131864,0.));
#1332 = VECTOR('',#1333,1.);
#1333 = DIRECTION('',(0.,0.,-1.));
#1334 = ORIENTED_EDGE('',*,*,#1335,.F.);
#1335 = EDGE_CURVE('',#1310,#1328,#1336,.T.);
#1336 = LINE('',#1337,#1338);
#1337 = CARTESIAN_POINT('',(48.226644331765,8.791342131864,
    10.865954331034));
#1338 = VECTOR('',#1339,1.);
#1339 = DIRECTION('',(-1.,0.,0.));
#1340 = PLANE('',#1341);
#1341 = AXIS2_PLACEMENT_3D('',#1342,#1343,#1344);
#1342 = CARTESIAN_POINT('',(48.226644331765,8.791342131864,
    18.929934688397));
#1343 = DIRECTION('',(0.,-1.,0.));
#1344 = DIRECTION('',(0.,0.,-1.));
#1345 = ADVANCED_FACE('',(#1346),#1380,.T.);
#1346 = FACE_BOUND('',#1347,.T.);
#1347 = EDGE_LOOP('',(#1348,#1358,#1366,#1374));
#1348 = ORIENTED_EDGE('',*,*,#1349,.T.);
#1349 = EDGE_CURVE('',#1350,#1352,#1354,.T.);
#1350 = VERTEX_POINT('',#1351);
#1351 = CARTESIAN_POINT('',(47.468130399823,8.791342131864,
    18.929934688397));
#1352 = VERTEX_POINT('',#1353);
#1353 = CARTESIAN_POINT('',(47.468130399823,8.791342131864,
    10.865954331034));
#1354 = LINE('',#1355,#1356);
#1355 = CARTESIAN_POINT('',(47.468130399823,8.791342131864,0.));
#1356 = VECTOR('',#1357,1.);
#1357 = DIRECTION('',(0.,0.,-1.));
#1358 = ORIENTED_EDGE('',*,*,#1359,.F.);
#1359 = EDGE_CURVE('',#1360,#1352,#1362,.T.);
#1360 = VERTEX_POINT('',#1361);
#1361 = CARTESIAN_POINT('',(48.463925180682,8.791342131864,
    10.865954331034));
#1362 = LINE('',#1363,#1364);
#1363 = CARTESIAN_POINT('',(48.226644331765,8.791342131864,
    10.865954331034));
#1364 = VECTOR('',#1365,1.);
#1365 = DIRECTION('',(-1.,0.,0.));
#1366 = ORIENTED_EDGE('',*,*,#1367,.T.);
#1367 = EDGE_CURVE('',#1360,#1368,#1370,.T.);
#1368 = VERTEX_POINT('',#1369);
#1369 = CARTESIAN_POINT('',(48.463925180682,8.791342131864,
    18.929934688397));
#1370 = LINE('',#1371,#1372);
#1371 = CARTESIAN_POINT('',(48.463925180682,8.791342131864,0.));
#1372 = VECTOR('',#1373,1.);
#1373 = DIRECTION('',(0.,0.,1.));
#1374 = ORIENTED_EDGE('',*,*,#1375,.F.);
#1375 = EDGE_CURVE('',#1350,#1368,#1376,.T.);
#1376 = LINE('',#1377,#1378);
#1377 = CARTESIAN_POINT('',(48.226644331765,8.791342131864,
    18.929934688397));
#1378 = VECTOR('',#1379,1.);
#1379 = DIRECTION('',(1.,0.,0.));
#1380 = PLANE('',#1381);
#1381 = AXIS2_PLACEMENT_3D('',#1382,#1383,#1384);
#1382 = CARTESIAN_POINT('',(48.226644331765,8.791342131864,
    18.929934688397));
#1383 = DIRECTION('',(0.,-1.,0.));
#1384 = DIRECTION('',(0.,0.,-1.));
#1385 = ADVANCED_FACE('',(#1386),#1460,.F.);
#1386 = FACE_BOUND('',#1387,.F.);
#1387 = EDGE_LOOP('',(#1388,#1389,#1400,#1431,#1432,#1451,#1452,#1453));
#1388 = ORIENTED_EDGE('',*,*,#1359,.F.);
#1389 = ORIENTED_EDGE('',*,*,#1390,.F.);
#1390 = EDGE_CURVE('',#1391,#1360,#1393,.T.);
#1391 = VERTEX_POINT('',#1392);
#1392 = CARTESIAN_POINT('',(48.442940207658,8.467441897033,
    8.761270973379));
#1393 = B_SPLINE_CURVE_WITH_KNOTS('',3,(#1394,#1395,#1396,#1397,#1398,
    #1399),.UNSPECIFIED.,.F.,.F.,(4,2,4),(2.020875393414,2.041560923637,
    2.22339840113),.UNSPECIFIED.);
#1394 = CARTESIAN_POINT('',(48.442940207658,8.467441888759,
    8.761270973379));
#1395 = CARTESIAN_POINT('',(48.442940207511,8.489745472857,
    8.832018409963));
#1396 = CARTESIAN_POINT('',(48.44323700741,8.510950352647,8.90320526324)
  );
#1397 = CARTESIAN_POINT('',(48.448215579901,8.707450693593,
    9.603465304838));
#1398 = CARTESIAN_POINT('',(48.463925180682,8.791342131864,
    10.259829406055));
#1399 = CARTESIAN_POINT('',(48.463925180682,8.791342131864,
    10.865954331034));
#1400 = ORIENTED_EDGE('',*,*,#1401,.F.);
#1401 = EDGE_CURVE('',#1328,#1391,#1402,.T.);
#1402 = B_SPLINE_CURVE_WITH_KNOTS('',3,(#1403,#1404,#1405,#1406,#1407,
    #1408,#1409,#1410,#1411,#1412,#1413,#1414,#1415,#1416,#1417,#1418,
    #1419,#1420,#1421,#1422,#1423,#1424,#1425,#1426,#1427,#1428,#1429,
    #1430),.UNSPECIFIED.,.F.,.F.,(4,2,2,2,2,2,2,2,2,2,2,2,2,4),(
    0.741132800377,0.922970277871,1.104807755364,1.176856976928,
    1.248906198491,1.325736735749,1.404001168251,1.482265600754,
    1.560530033256,1.638794465758,1.715625003016,1.787674224579,
    1.859723446143,2.020875393414),.UNSPECIFIED.);
#1403 = CARTESIAN_POINT('',(53.442296492094,8.791342131864,
    10.865954331034));
#1404 = CARTESIAN_POINT('',(53.442296492094,8.791342131864,
    10.259829406055));
#1405 = CARTESIAN_POINT('',(53.458006092875,8.707450693593,
    9.603465304838));
#1406 = CARTESIAN_POINT('',(53.466946223416,8.354590771878,
    8.345993168814));
#1407 = CARTESIAN_POINT('',(53.455110811932,8.085634106588,
    7.744850903378));
#1408 = CARTESIAN_POINT('',(53.33031143309,7.651150869615,7.029410830394
    ));
#1409 = CARTESIAN_POINT('',(53.278039291863,7.505948286342,
    6.815515441621));
#1410 = CARTESIAN_POINT('',(53.127449059852,7.201734210262,
    6.417310074687));
#1411 = CARTESIAN_POINT('',(53.028246459445,7.043076958216,6.23306453936
    ));
#1412 = CARTESIAN_POINT('',(52.790011223981,6.745388169056,
    5.915408807616));
#1413 = CARTESIAN_POINT('',(52.607966888754,6.56636942374,5.744356031779
    ));
#1414 = CARTESIAN_POINT('',(52.236108817964,6.29753686135,5.506191611037
    ));
#1415 = CARTESIAN_POINT('',(52.002634926182,6.171355297718,
    5.404532571109));
#1416 = CARTESIAN_POINT('',(51.491560527886,6.000948790594,
    5.272131576738));
#1417 = CARTESIAN_POINT('',(51.213992278062,5.957271276577,
    5.240562401467));
#1418 = CARTESIAN_POINT('',(50.692229394713,5.957271276577,
    5.240562401467));
#1419 = CARTESIAN_POINT('',(50.414661144889,6.000948790594,
    5.272131576738));
#1420 = CARTESIAN_POINT('',(49.903586746593,6.171355297718,
    5.404532571109));
#1421 = CARTESIAN_POINT('',(49.670112854812,6.29753686135,5.506191611037
    ));
#1422 = CARTESIAN_POINT('',(49.298254784022,6.56636942374,5.744356031779
    ));
#1423 = CARTESIAN_POINT('',(49.116210448794,6.745388169056,
    5.915408807616));
#1424 = CARTESIAN_POINT('',(48.87797521333,7.043076958216,6.23306453936)
  );
#1425 = CARTESIAN_POINT('',(48.778772612923,7.201734210262,
    6.417310074687));
#1426 = CARTESIAN_POINT('',(48.628182380912,7.505948286342,
    6.815515441621));
#1427 = CARTESIAN_POINT('',(48.575910239685,7.651150869615,
    7.029410830394));
#1428 = CARTESIAN_POINT('',(48.461278945003,8.050234394184,
    7.686560109463));
#1429 = CARTESIAN_POINT('',(48.442940208804,8.293684389203,
    8.210108540168));
#1430 = CARTESIAN_POINT('',(48.442940207658,8.467441888759,
    8.761270973379));
#1431 = ORIENTED_EDGE('',*,*,#1335,.F.);
#1432 = ORIENTED_EDGE('',*,*,#1433,.F.);
#1433 = EDGE_CURVE('',#1285,#1310,#1434,.T.);
#1434 = B_SPLINE_CURVE_WITH_KNOTS('',3,(#1435,#1436,#1437,#1438,#1439,
    #1440,#1441,#1442,#1443,#1444,#1445,#1446,#1447,#1448,#1449,#1450),
  .UNSPECIFIED.,.F.,.F.,(4,2,2,2,2,2,2,4),(0.,8.201739447251E-02,
    0.164034788945,0.32806957789,0.416188528804,0.504307479718,
    0.710530638549,0.91675379738),.UNSPECIFIED.);
#1435 = CARTESIAN_POINT('',(50.953110836388,4.967441905307,4.62797467179
    ));
#1436 = CARTESIAN_POINT('',(51.226502151296,4.967441905307,4.62797467179
    ));
#1437 = CARTESIAN_POINT('',(51.504773907382,5.000036082241,
    4.644239654398));
#1438 = CARTESIAN_POINT('',(52.045059581761,5.130544663614,
    4.713298249551));
#1439 = CARTESIAN_POINT('',(52.307059983109,5.228459390676,4.76619696269
    ));
#1440 = CARTESIAN_POINT('',(53.034202462749,5.601126569061,
    4.986427639148));
#1441 = CARTESIAN_POINT('',(53.437081551517,5.960185068986,
    5.223089785881));
#1442 = CARTESIAN_POINT('',(53.865845192428,6.51153924539,5.690670279728
    ));
#1443 = CARTESIAN_POINT('',(53.997306524442,6.725214508252,
    5.891134201792));
#1444 = CARTESIAN_POINT('',(54.198434931336,7.136895165004,
    6.336385303156));
#1445 = CARTESIAN_POINT('',(54.269203654601,7.334337516575,
    6.581194577996));
#1446 = CARTESIAN_POINT('',(54.429858372744,7.894110255176,
    7.370802683383));
#1447 = CARTESIAN_POINT('',(54.452572076297,8.234884080287,
    8.033323351503));
#1448 = CARTESIAN_POINT('',(54.453630126742,8.683489856315,
    9.437202794429));
#1449 = CARTESIAN_POINT('',(54.438091272952,8.791342131864,
    10.178543801597));
#1450 = CARTESIAN_POINT('',(54.438091272952,8.791342131864,
    10.865954331034));
#1451 = ORIENTED_EDGE('',*,*,#1292,.F.);
#1452 = ORIENTED_EDGE('',*,*,#1021,.T.);
#1453 = ORIENTED_EDGE('',*,*,#1454,.F.);
#1454 = EDGE_CURVE('',#1352,#1013,#1455,.T.);
#1455 = B_SPLINE_CURVE_WITH_KNOTS('',3,(#1456,#1457,#1458,#1459),
  .UNSPECIFIED.,.F.,.F.,(4,4),(-0.91675379738,-0.736299659961),
  .PIECEWISE_BEZIER_KNOTS.);
#1456 = CARTESIAN_POINT('',(47.468130399823,8.791342131864,
    10.865954331034));
#1457 = CARTESIAN_POINT('',(47.468130399823,8.791342131864,
    10.264440539638));
#1458 = CARTESIAN_POINT('',(47.457291199358,8.709898813277,
    9.621313131855));
#1459 = CARTESIAN_POINT('',(47.453823343988,8.538060922109,9.00000000004
    ));
#1460 = CYLINDRICAL_SURFACE('',#1461,7.);
#1461 = AXIS2_PLACEMENT_3D('',#1462,#1463,#1464);
#1462 = CARTESIAN_POINT('',(48.226644331765,1.791342131864,
    10.865954331034));
#1463 = DIRECTION('',(1.,0.,0.));
#1464 = DIRECTION('',(0.,0.707106781187,-0.707106781187));
#1465 = ADVANCED_FACE('',(#1466),#1559,.F.);
#1466 = FACE_BOUND('',#1467,.F.);
#1467 = EDGE_LOOP('',(#1468,#1479,#1498,#1499,#1532,#1541,#1542));
#1468 = ORIENTED_EDGE('',*,*,#1469,.F.);
#1469 = EDGE_CURVE('',#1470,#1472,#1474,.T.);
#1470 = VERTEX_POINT('',#1471);
#1471 = CARTESIAN_POINT('',(50.953110836388,4.967441905307,
    25.167914347641));
#1472 = VERTEX_POINT('',#1473);
#1473 = CARTESIAN_POINT('',(49.894938041227,5.131235926117,
    25.081772579883));
#1474 = ELLIPSE('',#1475,45.761266751413,7.);
#1475 = AXIS2_PLACEMENT_3D('',#1476,#1477,#1478);
#1476 = CARTESIAN_POINT('',(71.471945152497,1.791342131864,
    18.929934688397));
#1477 = DIRECTION('',(-0.15296779344,-0.988231174458,-1.54074395551E-33)
  );
#1478 = DIRECTION('',(-0.988231174458,0.15296779344,4.852239037246E-17)
  );
#1479 = ORIENTED_EDGE('',*,*,#1480,.F.);
#1480 = EDGE_CURVE('',#1312,#1470,#1481,.T.);
#1481 = B_SPLINE_CURVE_WITH_KNOTS('',3,(#1482,#1483,#1484,#1485,#1486,
    #1487,#1488,#1489,#1490,#1491,#1492,#1493,#1494,#1495,#1496,#1497),
  .UNSPECIFIED.,.F.,.F.,(4,2,2,2,2,2,2,4),(-0.91675379738,
    -0.710530638549,-0.504307479718,-0.416188528804,-0.32806957789,
    -0.164034788945,-8.201739447251E-02,0.),.UNSPECIFIED.);
#1482 = CARTESIAN_POINT('',(54.438091272952,8.791342131864,
    18.929934688397));
#1483 = CARTESIAN_POINT('',(54.438091272952,8.791342131864,
    19.617345217834));
#1484 = CARTESIAN_POINT('',(54.453630126742,8.683489856315,
    20.358686225003));
#1485 = CARTESIAN_POINT('',(54.452572076297,8.234884080287,
    21.762565667928));
#1486 = CARTESIAN_POINT('',(54.429858372744,7.894110255176,
    22.425086336048));
#1487 = CARTESIAN_POINT('',(54.269203654601,7.334337516575,
    23.214694441435));
#1488 = CARTESIAN_POINT('',(54.198434931336,7.136895165004,
    23.459503716275));
#1489 = CARTESIAN_POINT('',(53.997306524442,6.725214508252,
    23.904754817639));
#1490 = CARTESIAN_POINT('',(53.865845192428,6.51153924539,
    24.105218739703));
#1491 = CARTESIAN_POINT('',(53.437081551517,5.960185068986,
    24.57279923355));
#1492 = CARTESIAN_POINT('',(53.034202462749,5.601126569061,
    24.809461380283));
#1493 = CARTESIAN_POINT('',(52.307059983109,5.228459390676,
    25.029692056741));
#1494 = CARTESIAN_POINT('',(52.045059581761,5.130544663614,
    25.08259076988));
#1495 = CARTESIAN_POINT('',(51.504773907382,5.000036082241,
    25.151649365033));
#1496 = CARTESIAN_POINT('',(51.226502151296,4.967441905307,
    25.167914347641));
#1497 = CARTESIAN_POINT('',(50.953110836388,4.967441905307,
    25.167914347641));
#1498 = ORIENTED_EDGE('',*,*,#1319,.F.);
#1499 = ORIENTED_EDGE('',*,*,#1500,.F.);
#1500 = EDGE_CURVE('',#1501,#1320,#1503,.T.);
#1501 = VERTEX_POINT('',#1502);
#1502 = CARTESIAN_POINT('',(48.442940207658,8.467441897033,
    21.034618046052));
#1503 = B_SPLINE_CURVE_WITH_KNOTS('',3,(#1504,#1505,#1506,#1507,#1508,
    #1509,#1510,#1511,#1512,#1513,#1514,#1515,#1516,#1517,#1518,#1519,
    #1520,#1521,#1522,#1523,#1524,#1525,#1526,#1527,#1528,#1529,#1530,
    #1531),.UNSPECIFIED.,.F.,.F.,(4,2,2,2,2,2,2,2,2,2,2,2,2,4),(
    0.943655808094,1.104807755364,1.176856976928,1.248906198491,
    1.325736735749,1.404001168251,1.482265600754,1.560530033256,
    1.638794465758,1.715625003016,1.787674224579,1.859723446143,
    2.041560923637,2.22339840113),.UNSPECIFIED.);
#1504 = CARTESIAN_POINT('',(48.442940207658,8.467441888759,
    21.034618046052));
#1505 = CARTESIAN_POINT('',(48.442940208804,8.293684389203,
    21.585780479263));
#1506 = CARTESIAN_POINT('',(48.461278945003,8.050234394184,
    22.109328909968));
#1507 = CARTESIAN_POINT('',(48.575910239685,7.651150869615,
    22.766478189037));
#1508 = CARTESIAN_POINT('',(48.628182380912,7.505948286342,
    22.98037357781));
#1509 = CARTESIAN_POINT('',(48.778772612923,7.201734210262,
    23.378578944744));
#1510 = CARTESIAN_POINT('',(48.87797521333,7.043076958216,
    23.562824480071));
#1511 = CARTESIAN_POINT('',(49.116210448794,6.745388169056,
    23.880480211815));
#1512 = CARTESIAN_POINT('',(49.298254784022,6.56636942374,
    24.051532987652));
#1513 = CARTESIAN_POINT('',(49.670112854812,6.29753686135,
    24.289697408394));
#1514 = CARTESIAN_POINT('',(49.903586746593,6.171355297718,
    24.391356448323));
#1515 = CARTESIAN_POINT('',(50.414661144889,6.000948790594,
    24.523757442693));
#1516 = CARTESIAN_POINT('',(50.692229394713,5.957271276577,
    24.555326617964));
#1517 = CARTESIAN_POINT('',(51.213992278062,5.957271276577,
    24.555326617964));
#1518 = CARTESIAN_POINT('',(51.491560527886,6.000948790594,
    24.523757442693));
#1519 = CARTESIAN_POINT('',(52.002634926182,6.171355297718,
    24.391356448323));
#1520 = CARTESIAN_POINT('',(52.236108817964,6.29753686135,
    24.289697408394));
#1521 = CARTESIAN_POINT('',(52.607966888754,6.56636942374,
    24.051532987652));
#1522 = CARTESIAN_POINT('',(52.790011223981,6.745388169056,
    23.880480211815));
#1523 = CARTESIAN_POINT('',(53.028246459445,7.043076958216,
    23.562824480071));
#1524 = CARTESIAN_POINT('',(53.127449059852,7.201734210262,
    23.378578944744));
#1525 = CARTESIAN_POINT('',(53.278039291863,7.505948286342,
    22.98037357781));
#1526 = CARTESIAN_POINT('',(53.33031143309,7.651150869615,
    22.766478189037));
#1527 = CARTESIAN_POINT('',(53.455110811932,8.085634106588,
    22.051038116053));
#1528 = CARTESIAN_POINT('',(53.466946223416,8.354590771878,
    21.449895850618));
#1529 = CARTESIAN_POINT('',(53.458006092875,8.707450693593,
    20.192423714593));
#1530 = CARTESIAN_POINT('',(53.442296492094,8.791342131864,
    19.536059613377));
#1531 = CARTESIAN_POINT('',(53.442296492094,8.791342131864,
    18.929934688397));
#1532 = ORIENTED_EDGE('',*,*,#1533,.F.);
#1533 = EDGE_CURVE('',#1368,#1501,#1534,.T.);
#1534 = B_SPLINE_CURVE_WITH_KNOTS('',3,(#1535,#1536,#1537,#1538,#1539,
    #1540),.UNSPECIFIED.,.F.,.F.,(4,2,4),(0.741132800377,0.922970277871,
    0.943655808094),.UNSPECIFIED.);
#1535 = CARTESIAN_POINT('',(48.463925180682,8.791342131864,
    18.929934688397));
#1536 = CARTESIAN_POINT('',(48.463925180682,8.791342131864,
    19.536059613377));
#1537 = CARTESIAN_POINT('',(48.448215579901,8.707450693593,
    20.192423714593));
#1538 = CARTESIAN_POINT('',(48.44323700741,8.510950352647,
    20.892683756191));
#1539 = CARTESIAN_POINT('',(48.442940207511,8.489745472857,
    20.963870609468));
#1540 = CARTESIAN_POINT('',(48.442940207658,8.467441888759,
    21.034618046052));
#1541 = ORIENTED_EDGE('',*,*,#1375,.F.);
#1542 = ORIENTED_EDGE('',*,*,#1543,.F.);
#1543 = EDGE_CURVE('',#1472,#1350,#1544,.T.);
#1544 = B_SPLINE_CURVE_WITH_KNOTS('',3,(#1545,#1546,#1547,#1548,#1549,
    #1550,#1551,#1552,#1553,#1554,#1555,#1556,#1557,#1558),
  .UNSPECIFIED.,.F.,.F.,(4,2,2,2,2,2,4),(0.106180219753,0.164034788945,
    0.32806957789,0.416188528804,0.504307479718,0.710530638549,
    0.91675379738),.UNSPECIFIED.);
#1545 = CARTESIAN_POINT('',(49.894938041227,5.131235926117,
    25.081772579883));
#1546 = CARTESIAN_POINT('',(49.708445878759,5.190387229743,
    25.049658750587));
#1547 = CARTESIAN_POINT('',(49.527754817979,5.265056066202,
    25.008064956007));
#1548 = CARTESIAN_POINT('',(48.872019210026,5.601126569061,
    24.809461380283));
#1549 = CARTESIAN_POINT('',(48.469140121259,5.960185068986,
    24.57279923355));
#1550 = CARTESIAN_POINT('',(48.040376480347,6.51153924539,
    24.105218739703));
#1551 = CARTESIAN_POINT('',(47.908915148333,6.725214508252,
    23.904754817639));
#1552 = CARTESIAN_POINT('',(47.707786741439,7.136895165004,
    23.459503716275));
#1553 = CARTESIAN_POINT('',(47.637018018174,7.334337516575,
    23.214694441435));
#1554 = CARTESIAN_POINT('',(47.476363300032,7.894110255176,
    22.425086336048));
#1555 = CARTESIAN_POINT('',(47.453649596479,8.234884080287,
    21.762565667928));
#1556 = CARTESIAN_POINT('',(47.452591546034,8.683489856315,
    20.358686225003));
#1557 = CARTESIAN_POINT('',(47.468130399823,8.791342131864,
    19.617345217834));
#1558 = CARTESIAN_POINT('',(47.468130399823,8.791342131864,
    18.929934688397));
#1559 = CYLINDRICAL_SURFACE('',#1560,7.);
#1560 = AXIS2_PLACEMENT_3D('',#1561,#1562,#1563);
#1561 = CARTESIAN_POINT('',(48.226644331765,1.791342131864,
    18.929934688397));
#1562 = DIRECTION('',(-1.,0.,0.));
#1563 = DIRECTION('',(0.,1.,3.172065784643E-16));
#1564 = ADVANCED_FACE('',(#1565),#1613,.T.);
#1565 = FACE_BOUND('',#1566,.T.);
#1566 = EDGE_LOOP('',(#1567,#1568,#1569,#1570,#1571,#1579,#1588,#1594,
    #1595,#1596,#1597,#1598,#1607));
#1567 = ORIENTED_EDGE('',*,*,#1012,.F.);
#1568 = ORIENTED_EDGE('',*,*,#1454,.F.);
#1569 = ORIENTED_EDGE('',*,*,#1349,.F.);
#1570 = ORIENTED_EDGE('',*,*,#1543,.F.);
#1571 = ORIENTED_EDGE('',*,*,#1572,.T.);
#1572 = EDGE_CURVE('',#1472,#1573,#1575,.T.);
#1573 = VERTEX_POINT('',#1574);
#1574 = CARTESIAN_POINT('',(49.894938041227,5.131235926117,30.));
#1575 = LINE('',#1576,#1577);
#1576 = CARTESIAN_POINT('',(49.894938041227,5.131235926117,0.));
#1577 = VECTOR('',#1578,1.);
#1578 = DIRECTION('',(0.,0.,1.));
#1579 = ORIENTED_EDGE('',*,*,#1580,.T.);
#1580 = EDGE_CURVE('',#1573,#1581,#1583,.T.);
#1581 = VERTEX_POINT('',#1582);
#1582 = CARTESIAN_POINT('',(50.953110836388,4.967441905307,30.));
#1583 = CIRCLE('',#1584,3.5);
#1584 = AXIS2_PLACEMENT_3D('',#1585,#1586,#1587);
#1585 = CARTESIAN_POINT('',(50.953110836388,8.467441905307,30.));
#1586 = DIRECTION('',(0.,0.,-1.));
#1587 = DIRECTION('',(1.,0.,0.));
#1588 = ORIENTED_EDGE('',*,*,#1589,.F.);
#1589 = EDGE_CURVE('',#1470,#1581,#1590,.T.);
#1590 = LINE('',#1591,#1592);
#1591 = CARTESIAN_POINT('',(50.953110836388,4.967441905307,0.));
#1592 = VECTOR('',#1593,1.);
#1593 = DIRECTION('',(0.,0.,1.));
#1594 = ORIENTED_EDGE('',*,*,#1480,.F.);
#1595 = ORIENTED_EDGE('',*,*,#1309,.F.);
#1596 = ORIENTED_EDGE('',*,*,#1433,.F.);
#1597 = ORIENTED_EDGE('',*,*,#1284,.F.);
#1598 = ORIENTED_EDGE('',*,*,#1599,.F.);
#1599 = EDGE_CURVE('',#1600,#1277,#1602,.T.);
#1600 = VERTEX_POINT('',#1601);
#1601 = CARTESIAN_POINT('',(51.67946731749,11.891241879365,0.));
#1602 = CIRCLE('',#1603,3.5);
#1603 = AXIS2_PLACEMENT_3D('',#1604,#1605,#1606);
#1604 = CARTESIAN_POINT('',(50.953110836388,8.467441905307,0.));
#1605 = DIRECTION('',(0.,0.,-1.));
#1606 = DIRECTION('',(1.,0.,0.));
#1607 = ORIENTED_EDGE('',*,*,#1608,.T.);
#1608 = EDGE_CURVE('',#1600,#992,#1609,.T.);
#1609 = LINE('',#1610,#1611);
#1610 = CARTESIAN_POINT('',(51.67946731749,11.891241879365,0.));
#1611 = VECTOR('',#1612,1.);
#1612 = DIRECTION('',(0.,0.,1.));
#1613 = CYLINDRICAL_SURFACE('',#1614,3.5);
#1614 = AXIS2_PLACEMENT_3D('',#1615,#1616,#1617);
#1615 = CARTESIAN_POINT('',(50.953110836388,8.467441905307,0.));
#1616 = DIRECTION('',(0.,0.,-1.));
#1617 = DIRECTION('',(0.15296779344,0.988231174458,0.));
#1618 = ADVANCED_FACE('',(#1619),#1659,.F.);
#1619 = FACE_BOUND('',#1620,.F.);
#1620 = EDGE_LOOP('',(#1621,#1629,#1630,#1631,#1632,#1640,#1647,#1648,
    #1649,#1650,#1651,#1652));
#1621 = ORIENTED_EDGE('',*,*,#1622,.T.);
#1622 = EDGE_CURVE('',#1623,#1501,#1625,.T.);
#1623 = VERTEX_POINT('',#1624);
#1624 = CARTESIAN_POINT('',(48.442940207658,8.467441905307,30.));
#1625 = LINE('',#1626,#1627);
#1626 = CARTESIAN_POINT('',(48.442940207658,8.467441905307,0.));
#1627 = VECTOR('',#1628,1.);
#1628 = DIRECTION('',(0.,0.,-1.));
#1629 = ORIENTED_EDGE('',*,*,#1500,.T.);
#1630 = ORIENTED_EDGE('',*,*,#1327,.T.);
#1631 = ORIENTED_EDGE('',*,*,#1401,.T.);
#1632 = ORIENTED_EDGE('',*,*,#1633,.T.);
#1633 = EDGE_CURVE('',#1391,#1634,#1636,.T.);
#1634 = VERTEX_POINT('',#1635);
#1635 = CARTESIAN_POINT('',(48.442940207658,8.467441905307,0.));
#1636 = LINE('',#1637,#1638);
#1637 = CARTESIAN_POINT('',(48.442940207658,8.467441905307,0.));
#1638 = VECTOR('',#1639,1.);
#1639 = DIRECTION('',(0.,0.,-1.));
#1640 = ORIENTED_EDGE('',*,*,#1641,.T.);
#1641 = EDGE_CURVE('',#1634,#1634,#1642,.T.);
#1642 = CIRCLE('',#1643,2.51017062873);
#1643 = AXIS2_PLACEMENT_3D('',#1644,#1645,#1646);
#1644 = CARTESIAN_POINT('',(50.953110836388,8.467441905307,0.));
#1645 = DIRECTION('',(0.,0.,1.));
#1646 = DIRECTION('',(1.,0.,-0.));
#1647 = ORIENTED_EDGE('',*,*,#1633,.F.);
#1648 = ORIENTED_EDGE('',*,*,#1390,.T.);
#1649 = ORIENTED_EDGE('',*,*,#1367,.T.);
#1650 = ORIENTED_EDGE('',*,*,#1533,.T.);
#1651 = ORIENTED_EDGE('',*,*,#1622,.F.);
#1652 = ORIENTED_EDGE('',*,*,#1653,.F.);
#1653 = EDGE_CURVE('',#1623,#1623,#1654,.T.);
#1654 = CIRCLE('',#1655,2.51017062873);
#1655 = AXIS2_PLACEMENT_3D('',#1656,#1657,#1658);
#1656 = CARTESIAN_POINT('',(50.953110836388,8.467441905307,30.));
#1657 = DIRECTION('',(0.,0.,1.));
#1658 = DIRECTION('',(1.,0.,-0.));
#1659 = CYLINDRICAL_SURFACE('',#1660,2.51017062873);
#1660 = AXIS2_PLACEMENT_3D('',#1661,#1662,#1663);
#1661 = CARTESIAN_POINT('',(50.953110836388,8.467441905307,0.));
#1662 = DIRECTION('',(0.,0.,-1.));
#1663 = DIRECTION('',(1.,0.,0.));
#1664 = ADVANCED_FACE('',(#1665,#1674),#1677,.F.);
#1665 = FACE_BOUND('',#1666,.T.);
#1666 = EDGE_LOOP('',(#1667,#1673));
#1667 = ORIENTED_EDGE('',*,*,#1668,.F.);
#1668 = EDGE_CURVE('',#1581,#1573,#1669,.T.);
#1669 = LINE('',#1670,#1671);
#1670 = CARTESIAN_POINT('',(50.953110836388,4.967441905307,30.));
#1671 = VECTOR('',#1672,1.);
#1672 = DIRECTION('',(-0.988231174458,0.15296779344,0.));
#1673 = ORIENTED_EDGE('',*,*,#1580,.F.);
#1674 = FACE_BOUND('',#1675,.T.);
#1675 = EDGE_LOOP('',(#1676));
#1676 = ORIENTED_EDGE('',*,*,#1653,.F.);
#1677 = PLANE('',#1678);
#1678 = AXIS2_PLACEMENT_3D('',#1679,#1680,#1681);
#1679 = CARTESIAN_POINT('',(50.953110836388,8.467441905307,30.));
#1680 = DIRECTION('',(0.,0.,-1.));
#1681 = DIRECTION('',(1.,0.,0.));
#1682 = ADVANCED_FACE('',(#1683),#1689,.F.);
#1683 = FACE_BOUND('',#1684,.T.);
#1684 = EDGE_LOOP('',(#1685,#1686,#1687,#1688));
#1685 = ORIENTED_EDGE('',*,*,#1469,.F.);
#1686 = ORIENTED_EDGE('',*,*,#1589,.T.);
#1687 = ORIENTED_EDGE('',*,*,#1668,.T.);
#1688 = ORIENTED_EDGE('',*,*,#1572,.F.);
#1689 = PLANE('',#1690);
#1690 = AXIS2_PLACEMENT_3D('',#1691,#1692,#1693);
#1691 = CARTESIAN_POINT('',(49.894938041227,5.131235926117,0.));
#1692 = DIRECTION('',(0.15296779344,0.988231174458,0.));
#1693 = DIRECTION('',(-0.988231174458,0.15296779344,0.));
#1694 = ADVANCED_FACE('',(#1695),#1707,.F.);
#1695 = FACE_BOUND('',#1696,.T.);
#1696 = EDGE_LOOP('',(#1697,#1703,#1704,#1705,#1706));
#1697 = ORIENTED_EDGE('',*,*,#1698,.T.);
#1698 = EDGE_CURVE('',#1600,#857,#1699,.T.);
#1699 = LINE('',#1700,#1701);
#1700 = CARTESIAN_POINT('',(51.67946731749,11.891241879365,0.));
#1701 = VECTOR('',#1702,1.);
#1702 = DIRECTION('',(-0.8342740169,0.551350038293,0.));
#1703 = ORIENTED_EDGE('',*,*,#856,.T.);
#1704 = ORIENTED_EDGE('',*,*,#1052,.F.);
#1705 = ORIENTED_EDGE('',*,*,#991,.F.);
#1706 = ORIENTED_EDGE('',*,*,#1608,.F.);
#1707 = PLANE('',#1708);
#1708 = AXIS2_PLACEMENT_3D('',#1709,#1710,#1711);
#1709 = CARTESIAN_POINT('',(39.434924022667,19.983342649288,0.));
#1710 = DIRECTION('',(-0.551350038293,-0.8342740169,0.));
#1711 = DIRECTION('',(0.8342740169,-0.551350038293,0.));
#1712 = ADVANCED_FACE('',(#1713),#1738,.F.);
#1713 = FACE_BOUND('',#1714,.T.);
#1714 = EDGE_LOOP('',(#1715,#1716,#1724,#1732));
#1715 = ORIENTED_EDGE('',*,*,#1179,.F.);
#1716 = ORIENTED_EDGE('',*,*,#1717,.T.);
#1717 = EDGE_CURVE('',#1159,#1718,#1720,.T.);
#1718 = VERTEX_POINT('',#1719);
#1719 = CARTESIAN_POINT('',(1.010992171435,8.791342131864,
    10.865954331034));
#1720 = LINE('',#1721,#1722);
#1721 = CARTESIAN_POINT('',(6.226644331765,8.791342131864,
    10.865954331034));
#1722 = VECTOR('',#1723,1.);
#1723 = DIRECTION('',(1.,0.,0.));
#1724 = ORIENTED_EDGE('',*,*,#1725,.F.);
#1725 = EDGE_CURVE('',#1726,#1718,#1728,.T.);
#1726 = VERTEX_POINT('',#1727);
#1727 = CARTESIAN_POINT('',(1.010992171435,8.791342131864,
    18.929934688397));
#1728 = LINE('',#1729,#1730);
#1729 = CARTESIAN_POINT('',(1.010992171435,8.791342131864,0.));
#1730 = VECTOR('',#1731,1.);
#1731 = DIRECTION('',(0.,0.,-1.));
#1732 = ORIENTED_EDGE('',*,*,#1733,.T.);
#1733 = EDGE_CURVE('',#1726,#1180,#1734,.T.);
#1734 = LINE('',#1735,#1736);
#1735 = CARTESIAN_POINT('',(6.226644331765,8.791342131864,
    18.929934688397));
#1736 = VECTOR('',#1737,1.);
#1737 = DIRECTION('',(-1.,0.,0.));
#1738 = PLANE('',#1739);
#1739 = AXIS2_PLACEMENT_3D('',#1740,#1741,#1742);
#1740 = CARTESIAN_POINT('',(6.226644331765,8.791342131864,
    18.929934688397));
#1741 = DIRECTION('',(0.,1.,0.));
#1742 = DIRECTION('',(0.,0.,-1.));
#1743 = ADVANCED_FACE('',(#1744),#1769,.F.);
#1744 = FACE_BOUND('',#1745,.T.);
#1745 = EDGE_LOOP('',(#1746,#1747,#1755,#1763));
#1746 = ORIENTED_EDGE('',*,*,#1252,.F.);
#1747 = ORIENTED_EDGE('',*,*,#1748,.T.);
#1748 = EDGE_CURVE('',#1234,#1749,#1751,.T.);
#1749 = VERTEX_POINT('',#1750);
#1750 = CARTESIAN_POINT('',(5.989363482847,8.791342131864,
    18.929934688397));
#1751 = LINE('',#1752,#1753);
#1752 = CARTESIAN_POINT('',(6.226644331765,8.791342131864,
    18.929934688397));
#1753 = VECTOR('',#1754,1.);
#1754 = DIRECTION('',(-1.,0.,0.));
#1755 = ORIENTED_EDGE('',*,*,#1756,.F.);
#1756 = EDGE_CURVE('',#1757,#1749,#1759,.T.);
#1757 = VERTEX_POINT('',#1758);
#1758 = CARTESIAN_POINT('',(5.989363482847,8.791342131864,
    10.865954331034));
#1759 = LINE('',#1760,#1761);
#1760 = CARTESIAN_POINT('',(5.989363482847,8.791342131864,0.));
#1761 = VECTOR('',#1762,1.);
#1762 = DIRECTION('',(0.,0.,1.));
#1763 = ORIENTED_EDGE('',*,*,#1764,.T.);
#1764 = EDGE_CURVE('',#1757,#1253,#1765,.T.);
#1765 = LINE('',#1766,#1767);
#1766 = CARTESIAN_POINT('',(6.226644331765,8.791342131864,
    10.865954331034));
#1767 = VECTOR('',#1768,1.);
#1768 = DIRECTION('',(1.,0.,0.));
#1769 = PLANE('',#1770);
#1770 = AXIS2_PLACEMENT_3D('',#1771,#1772,#1773);
#1771 = CARTESIAN_POINT('',(6.226644331765,8.791342131864,
    18.929934688397));
#1772 = DIRECTION('',(0.,1.,0.));
#1773 = DIRECTION('',(0.,0.,-1.));
#1774 = ADVANCED_FACE('',(#1775),#1831,.F.);
#1775 = FACE_BOUND('',#1776,.F.);
#1776 = EDGE_LOOP('',(#1777,#1778,#1785,#1786,#1787,#1820,#1829,#1830));
#1777 = ORIENTED_EDGE('',*,*,#1067,.T.);
#1778 = ORIENTED_EDGE('',*,*,#1779,.T.);
#1779 = EDGE_CURVE('',#1070,#1151,#1780,.T.);
#1780 = ELLIPSE('',#1781,45.761266751413,7.);
#1781 = AXIS2_PLACEMENT_3D('',#1782,#1783,#1784);
#1782 = CARTESIAN_POINT('',(-17.01865648896,1.791342131864,
    10.865954331034));
#1783 = DIRECTION('',(-0.15296779344,0.988231174458,0.));
#1784 = DIRECTION('',(0.988231174458,0.15296779344,0.));
#1785 = ORIENTED_EDGE('',*,*,#1158,.T.);
#1786 = ORIENTED_EDGE('',*,*,#1717,.T.);
#1787 = ORIENTED_EDGE('',*,*,#1788,.T.);
#1788 = EDGE_CURVE('',#1718,#1789,#1791,.T.);
#1789 = VERTEX_POINT('',#1790);
#1790 = CARTESIAN_POINT('',(6.010348455871,8.467441897033,8.761270973379
    ));
#1791 = B_SPLINE_CURVE_WITH_KNOTS('',3,(#1792,#1793,#1794,#1795,#1796,
    #1797,#1798,#1799,#1800,#1801,#1802,#1803,#1804,#1805,#1806,#1807,
    #1808,#1809,#1810,#1811,#1812,#1813,#1814,#1815,#1816,#1817,#1818,
    #1819),.UNSPECIFIED.,.F.,.F.,(4,2,2,2,2,2,2,2,2,2,2,2,2,4),(
    0.741132800377,0.922970277871,1.104807755364,1.176856976928,
    1.248906198491,1.325736735749,1.404001168251,1.482265600754,
    1.560530033256,1.638794465758,1.715625003016,1.787674224579,
    1.859723446143,2.020875393414),.UNSPECIFIED.);
#1792 = CARTESIAN_POINT('',(1.010992171435,8.791342131864,
    10.865954331034));
#1793 = CARTESIAN_POINT('',(1.010992171435,8.791342131864,
    10.259829406055));
#1794 = CARTESIAN_POINT('',(0.995282570654,8.707450693593,9.603465304838
    ));
#1795 = CARTESIAN_POINT('',(0.986342440113,8.354590771878,8.345993168814
    ));
#1796 = CARTESIAN_POINT('',(0.998177851597,8.085634106588,7.744850903378
    ));
#1797 = CARTESIAN_POINT('',(1.122977230439,7.651150869615,7.029410830394
    ));
#1798 = CARTESIAN_POINT('',(1.175249371666,7.505948286342,6.815515441621
    ));
#1799 = CARTESIAN_POINT('',(1.325839603677,7.201734210262,6.417310074687
    ));
#1800 = CARTESIAN_POINT('',(1.425042204084,7.043076958216,6.23306453936)
  );
#1801 = CARTESIAN_POINT('',(1.663277439548,6.745388169056,5.915408807616
    ));
#1802 = CARTESIAN_POINT('',(1.845321774775,6.56636942374,5.744356031779)
  );
#1803 = CARTESIAN_POINT('',(2.217179845566,6.29753686135,5.506191611037)
  );
#1804 = CARTESIAN_POINT('',(2.450653737347,6.171355297718,5.404532571109
    ));
#1805 = CARTESIAN_POINT('',(2.961728135643,6.000948790594,5.272131576738
    ));
#1806 = CARTESIAN_POINT('',(3.239296385467,5.957271276577,5.240562401467
    ));
#1807 = CARTESIAN_POINT('',(3.761059268816,5.957271276577,5.240562401467
    ));
#1808 = CARTESIAN_POINT('',(4.03862751864,6.000948790594,5.272131576738)
  );
#1809 = CARTESIAN_POINT('',(4.549701916936,6.171355297718,5.404532571109
    ));
#1810 = CARTESIAN_POINT('',(4.783175808717,6.29753686135,5.506191611037)
  );
#1811 = CARTESIAN_POINT('',(5.155033879508,6.56636942374,5.744356031779)
  );
#1812 = CARTESIAN_POINT('',(5.337078214735,6.745388169056,5.915408807616
    ));
#1813 = CARTESIAN_POINT('',(5.575313450199,7.043076958216,6.23306453936)
  );
#1814 = CARTESIAN_POINT('',(5.674516050606,7.201734210262,6.417310074687
    ));
#1815 = CARTESIAN_POINT('',(5.825106282617,7.505948286342,6.815515441621
    ));
#1816 = CARTESIAN_POINT('',(5.877378423844,7.651150869615,7.029410830394
    ));
#1817 = CARTESIAN_POINT('',(5.992009718526,8.050234394184,7.686560109463
    ));
#1818 = CARTESIAN_POINT('',(6.010348454725,8.293684389203,8.210108540168
    ));
#1819 = CARTESIAN_POINT('',(6.010348455871,8.467441888759,8.761270973379
    ));
#1820 = ORIENTED_EDGE('',*,*,#1821,.T.);
#1821 = EDGE_CURVE('',#1789,#1757,#1822,.T.);
#1822 = B_SPLINE_CURVE_WITH_KNOTS('',3,(#1823,#1824,#1825,#1826,#1827,
    #1828),.UNSPECIFIED.,.F.,.F.,(4,2,4),(2.020875393414,2.041560923637,
    2.22339840113),.UNSPECIFIED.);
#1823 = CARTESIAN_POINT('',(6.010348455871,8.467441888759,8.761270973379
    ));
#1824 = CARTESIAN_POINT('',(6.010348456018,8.489745472857,8.832018409963
    ));
#1825 = CARTESIAN_POINT('',(6.01005165612,8.510950352647,8.90320526324)
  );
#1826 = CARTESIAN_POINT('',(6.005073083628,8.707450693593,9.603465304838
    ));
#1827 = CARTESIAN_POINT('',(5.989363482847,8.791342131864,
    10.259829406055));
#1828 = CARTESIAN_POINT('',(5.989363482847,8.791342131864,
    10.865954331034));
#1829 = ORIENTED_EDGE('',*,*,#1764,.T.);
#1830 = ORIENTED_EDGE('',*,*,#1260,.T.);
#1831 = CYLINDRICAL_SURFACE('',#1832,7.);
#1832 = AXIS2_PLACEMENT_3D('',#1833,#1834,#1835);
#1833 = CARTESIAN_POINT('',(6.226644331765,1.791342131864,
    10.865954331034));
#1834 = DIRECTION('',(1.,0.,0.));
#1835 = DIRECTION('',(0.,0.707106781187,-0.707106781187));
#1836 = ADVANCED_FACE('',(#1837),#1892,.F.);
#1837 = FACE_BOUND('',#1838,.F.);
#1838 = EDGE_LOOP('',(#1839,#1840,#1851,#1882,#1883,#1884,#1891));
#1839 = ORIENTED_EDGE('',*,*,#1748,.T.);
#1840 = ORIENTED_EDGE('',*,*,#1841,.T.);
#1841 = EDGE_CURVE('',#1749,#1842,#1844,.T.);
#1842 = VERTEX_POINT('',#1843);
#1843 = CARTESIAN_POINT('',(6.010348455871,8.467441897033,
    21.034618046052));
#1844 = B_SPLINE_CURVE_WITH_KNOTS('',3,(#1845,#1846,#1847,#1848,#1849,
    #1850),.UNSPECIFIED.,.F.,.F.,(4,2,4),(0.741132800377,0.922970277871,
    0.943655808094),.UNSPECIFIED.);
#1845 = CARTESIAN_POINT('',(5.989363482847,8.791342131864,
    18.929934688397));
#1846 = CARTESIAN_POINT('',(5.989363482847,8.791342131864,
    19.536059613377));
#1847 = CARTESIAN_POINT('',(6.005073083628,8.707450693593,
    20.192423714593));
#1848 = CARTESIAN_POINT('',(6.01005165612,8.510950352647,20.892683756191
    ));
#1849 = CARTESIAN_POINT('',(6.010348456018,8.489745472857,
    20.963870609468));
#1850 = CARTESIAN_POINT('',(6.010348455871,8.467441888759,
    21.034618046052));
#1851 = ORIENTED_EDGE('',*,*,#1852,.T.);
#1852 = EDGE_CURVE('',#1842,#1726,#1853,.T.);
#1853 = B_SPLINE_CURVE_WITH_KNOTS('',3,(#1854,#1855,#1856,#1857,#1858,
    #1859,#1860,#1861,#1862,#1863,#1864,#1865,#1866,#1867,#1868,#1869,
    #1870,#1871,#1872,#1873,#1874,#1875,#1876,#1877,#1878,#1879,#1880,
    #1881),.UNSPECIFIED.,.F.,.F.,(4,2,2,2,2,2,2,2,2,2,2,2,2,4),(
    0.943655808094,1.104807755364,1.176856976928,1.248906198491,
    1.325736735749,1.404001168251,1.482265600754,1.560530033256,
    1.638794465758,1.715625003016,1.787674224579,1.859723446143,
    2.041560923637,2.22339840113),.UNSPECIFIED.);
#1854 = CARTESIAN_POINT('',(6.010348455871,8.467441888759,
    21.034618046052));
#1855 = CARTESIAN_POINT('',(6.010348454725,8.293684389203,
    21.585780479263));
#1856 = CARTESIAN_POINT('',(5.992009718526,8.050234394184,
    22.109328909968));
#1857 = CARTESIAN_POINT('',(5.877378423844,7.651150869615,
    22.766478189037));
#1858 = CARTESIAN_POINT('',(5.825106282617,7.505948286342,22.98037357781
    ));
#1859 = CARTESIAN_POINT('',(5.674516050606,7.201734210262,
    23.378578944744));
#1860 = CARTESIAN_POINT('',(5.575313450199,7.043076958216,
    23.562824480071));
#1861 = CARTESIAN_POINT('',(5.337078214735,6.745388169056,
    23.880480211815));
#1862 = CARTESIAN_POINT('',(5.155033879508,6.56636942374,24.051532987652
    ));
#1863 = CARTESIAN_POINT('',(4.783175808717,6.29753686135,24.289697408394
    ));
#1864 = CARTESIAN_POINT('',(4.549701916936,6.171355297718,
    24.391356448323));
#1865 = CARTESIAN_POINT('',(4.03862751864,6.000948790594,24.523757442693
    ));
#1866 = CARTESIAN_POINT('',(3.761059268816,5.957271276577,
    24.555326617964));
#1867 = CARTESIAN_POINT('',(3.239296385467,5.957271276577,
    24.555326617964));
#1868 = CARTESIAN_POINT('',(2.961728135643,6.000948790594,
    24.523757442693));
#1869 = CARTESIAN_POINT('',(2.450653737347,6.171355297718,
    24.391356448323));
#1870 = CARTESIAN_POINT('',(2.217179845566,6.29753686135,24.289697408394
    ));
#1871 = CARTESIAN_POINT('',(1.845321774775,6.56636942374,24.051532987652
    ));
#1872 = CARTESIAN_POINT('',(1.663277439548,6.745388169056,
    23.880480211815));
#1873 = CARTESIAN_POINT('',(1.425042204084,7.043076958216,
    23.562824480071));
#1874 = CARTESIAN_POINT('',(1.325839603677,7.201734210262,
    23.378578944744));
#1875 = CARTESIAN_POINT('',(1.175249371666,7.505948286342,22.98037357781
    ));
#1876 = CARTESIAN_POINT('',(1.122977230439,7.651150869615,
    22.766478189037));
#1877 = CARTESIAN_POINT('',(0.998177851597,8.085634106588,
    22.051038116053));
#1878 = CARTESIAN_POINT('',(0.986342440113,8.354590771878,
    21.449895850618));
#1879 = CARTESIAN_POINT('',(0.995282570654,8.707450693593,
    20.192423714593));
#1880 = CARTESIAN_POINT('',(1.010992171435,8.791342131864,
    19.536059613377));
#1881 = CARTESIAN_POINT('',(1.010992171435,8.791342131864,
    18.929934688397));
#1882 = ORIENTED_EDGE('',*,*,#1733,.T.);
#1883 = ORIENTED_EDGE('',*,*,#1187,.T.);
#1884 = ORIENTED_EDGE('',*,*,#1885,.T.);
#1885 = EDGE_CURVE('',#1188,#1226,#1886,.T.);
#1886 = ELLIPSE('',#1887,45.761266751413,7.);
#1887 = AXIS2_PLACEMENT_3D('',#1888,#1889,#1890);
#1888 = CARTESIAN_POINT('',(-17.01865648896,1.791342131864,
    18.929934688397));
#1889 = DIRECTION('',(-0.15296779344,0.988231174458,1.54074395551E-33));
#1890 = DIRECTION('',(0.988231174458,0.15296779344,4.852239037246E-17));
#1891 = ORIENTED_EDGE('',*,*,#1233,.T.);
#1892 = CYLINDRICAL_SURFACE('',#1893,7.);
#1893 = AXIS2_PLACEMENT_3D('',#1894,#1895,#1896);
#1894 = CARTESIAN_POINT('',(6.226644331765,1.791342131864,
    18.929934688397));
#1895 = DIRECTION('',(-1.,0.,0.));
#1896 = DIRECTION('',(0.,1.,3.172065784643E-16));
#1897 = ADVANCED_FACE('',(#1898),#1911,.T.);
#1898 = FACE_BOUND('',#1899,.T.);
#1899 = EDGE_LOOP('',(#1900,#1901,#1902,#1903,#1904,#1905));
#1900 = ORIENTED_EDGE('',*,*,#949,.F.);
#1901 = ORIENTED_EDGE('',*,*,#494,.F.);
#1902 = ORIENTED_EDGE('',*,*,#1111,.F.);
#1903 = ORIENTED_EDGE('',*,*,#1779,.T.);
#1904 = ORIENTED_EDGE('',*,*,#1150,.F.);
#1905 = ORIENTED_EDGE('',*,*,#1906,.T.);
#1906 = EDGE_CURVE('',#1142,#941,#1907,.T.);
#1907 = LINE('',#1908,#1909);
#1908 = CARTESIAN_POINT('',(3.500177827141,4.967441905307,0.));
#1909 = VECTOR('',#1910,1.);
#1910 = DIRECTION('',(0.988231174458,0.15296779344,0.));
#1911 = PLANE('',#1912);
#1912 = AXIS2_PLACEMENT_3D('',#1913,#1914,#1915);
#1913 = CARTESIAN_POINT('',(4.558350622302,5.131235926117,0.));
#1914 = DIRECTION('',(0.15296779344,-0.988231174458,0.));
#1915 = DIRECTION('',(0.988231174458,0.15296779344,0.));
#1916 = ADVANCED_FACE('',(#1917),#1957,.F.);
#1917 = FACE_BOUND('',#1918,.F.);
#1918 = EDGE_LOOP('',(#1919,#1927,#1928,#1929,#1930,#1938,#1945,#1946,
    #1947,#1948,#1949,#1950));
#1919 = ORIENTED_EDGE('',*,*,#1920,.T.);
#1920 = EDGE_CURVE('',#1921,#1842,#1923,.T.);
#1921 = VERTEX_POINT('',#1922);
#1922 = CARTESIAN_POINT('',(6.010348455871,8.467441905307,30.));
#1923 = LINE('',#1924,#1925);
#1924 = CARTESIAN_POINT('',(6.010348455871,8.467441905307,0.));
#1925 = VECTOR('',#1926,1.);
#1926 = DIRECTION('',(0.,0.,-1.));
#1927 = ORIENTED_EDGE('',*,*,#1841,.F.);
#1928 = ORIENTED_EDGE('',*,*,#1756,.F.);
#1929 = ORIENTED_EDGE('',*,*,#1821,.F.);
#1930 = ORIENTED_EDGE('',*,*,#1931,.T.);
#1931 = EDGE_CURVE('',#1789,#1932,#1934,.T.);
#1932 = VERTEX_POINT('',#1933);
#1933 = CARTESIAN_POINT('',(6.010348455871,8.467441905307,0.));
#1934 = LINE('',#1935,#1936);
#1935 = CARTESIAN_POINT('',(6.010348455871,8.467441905307,0.));
#1936 = VECTOR('',#1937,1.);
#1937 = DIRECTION('',(0.,0.,-1.));
#1938 = ORIENTED_EDGE('',*,*,#1939,.F.);
#1939 = EDGE_CURVE('',#1932,#1932,#1940,.T.);
#1940 = CIRCLE('',#1941,2.51017062873);
#1941 = AXIS2_PLACEMENT_3D('',#1942,#1943,#1944);
#1942 = CARTESIAN_POINT('',(3.500177827141,8.467441905307,0.));
#1943 = DIRECTION('',(0.,0.,-1.));
#1944 = DIRECTION('',(-1.,0.,0.));
#1945 = ORIENTED_EDGE('',*,*,#1931,.F.);
#1946 = ORIENTED_EDGE('',*,*,#1788,.F.);
#1947 = ORIENTED_EDGE('',*,*,#1725,.F.);
#1948 = ORIENTED_EDGE('',*,*,#1852,.F.);
#1949 = ORIENTED_EDGE('',*,*,#1920,.F.);
#1950 = ORIENTED_EDGE('',*,*,#1951,.T.);
#1951 = EDGE_CURVE('',#1921,#1921,#1952,.T.);
#1952 = CIRCLE('',#1953,2.51017062873);
#1953 = AXIS2_PLACEMENT_3D('',#1954,#1955,#1956);
#1954 = CARTESIAN_POINT('',(3.500177827141,8.467441905307,30.));
#1955 = DIRECTION('',(0.,0.,-1.));
#1956 = DIRECTION('',(-1.,0.,0.));
#1957 = CYLINDRICAL_SURFACE('',#1958,2.51017062873);
#1958 = AXIS2_PLACEMENT_3D('',#1959,#1960,#1961);
#1959 = CARTESIAN_POINT('',(3.500177827141,8.467441905307,0.));
#1960 = DIRECTION('',(0.,0.,1.));
#1961 = DIRECTION('',(-1.,0.,0.));
#1962 = ADVANCED_FACE('',(#1963,#1972),#1975,.T.);
#1963 = FACE_BOUND('',#1964,.T.);
#1964 = EDGE_LOOP('',(#1965,#1971));
#1965 = ORIENTED_EDGE('',*,*,#1966,.T.);
#1966 = EDGE_CURVE('',#1209,#1217,#1967,.T.);
#1967 = LINE('',#1968,#1969);
#1968 = CARTESIAN_POINT('',(3.500177827141,4.967441905307,30.));
#1969 = VECTOR('',#1970,1.);
#1970 = DIRECTION('',(0.988231174458,0.15296779344,0.));
#1971 = ORIENTED_EDGE('',*,*,#1216,.T.);
#1972 = FACE_BOUND('',#1973,.T.);
#1973 = EDGE_LOOP('',(#1974));
#1974 = ORIENTED_EDGE('',*,*,#1951,.T.);
#1975 = PLANE('',#1976);
#1976 = AXIS2_PLACEMENT_3D('',#1977,#1978,#1979);
#1977 = CARTESIAN_POINT('',(3.500177827141,8.467441905307,30.));
#1978 = DIRECTION('',(0.,0.,1.));
#1979 = DIRECTION('',(-1.,0.,0.));
#1980 = ADVANCED_FACE('',(#1981),#1987,.T.);
#1981 = FACE_BOUND('',#1982,.T.);
#1982 = EDGE_LOOP('',(#1983,#1984,#1985,#1986));
#1983 = ORIENTED_EDGE('',*,*,#1885,.T.);
#1984 = ORIENTED_EDGE('',*,*,#1225,.T.);
#1985 = ORIENTED_EDGE('',*,*,#1966,.F.);
#1986 = ORIENTED_EDGE('',*,*,#1208,.F.);
#1987 = PLANE('',#1988);
#1988 = AXIS2_PLACEMENT_3D('',#1989,#1990,#1991);
#1989 = CARTESIAN_POINT('',(4.558350622302,5.131235926117,0.));
#1990 = DIRECTION('',(0.15296779344,-0.988231174458,0.));
#1991 = DIRECTION('',(0.988231174458,0.15296779344,0.));
#1992 = ADVANCED_FACE('',(#1993),#2005,.T.);
#1993 = FACE_BOUND('',#1994,.T.);
#1994 = EDGE_LOOP('',(#1995,#2001,#2002,#2003,#2004));
#1995 = ORIENTED_EDGE('',*,*,#1996,.F.);
#1996 = EDGE_CURVE('',#1134,#799,#1997,.T.);
#1997 = LINE('',#1998,#1999);
#1998 = CARTESIAN_POINT('',(2.773821346039,11.891241879365,0.));
#1999 = VECTOR('',#2000,1.);
#2000 = DIRECTION('',(0.8342740169,0.551350038293,0.));
#2001 = ORIENTED_EDGE('',*,*,#1133,.T.);
#2002 = ORIENTED_EDGE('',*,*,#1091,.F.);
#2003 = ORIENTED_EDGE('',*,*,#477,.F.);
#2004 = ORIENTED_EDGE('',*,*,#807,.F.);
#2005 = PLANE('',#2006);
#2006 = AXIS2_PLACEMENT_3D('',#2007,#2008,#2009);
#2007 = CARTESIAN_POINT('',(15.018364640862,19.983342649288,0.));
#2008 = DIRECTION('',(-0.551350038293,0.8342740169,0.));
#2009 = DIRECTION('',(-0.8342740169,-0.551350038293,0.));
#2010 = ADVANCED_FACE('',(#2011,#2023,#2026),#2029,.F.);
#2011 = FACE_BOUND('',#2012,.T.);
#2012 = EDGE_LOOP('',(#2013,#2014,#2015,#2016,#2017,#2018,#2019,#2020,
    #2021,#2022));
#2013 = ORIENTED_EDGE('',*,*,#831,.T.);
#2014 = ORIENTED_EDGE('',*,*,#864,.T.);
#2015 = ORIENTED_EDGE('',*,*,#1698,.F.);
#2016 = ORIENTED_EDGE('',*,*,#1599,.T.);
#2017 = ORIENTED_EDGE('',*,*,#1276,.T.);
#2018 = ORIENTED_EDGE('',*,*,#940,.F.);
#2019 = ORIENTED_EDGE('',*,*,#1906,.F.);
#2020 = ORIENTED_EDGE('',*,*,#1141,.F.);
#2021 = ORIENTED_EDGE('',*,*,#1996,.T.);
#2022 = ORIENTED_EDGE('',*,*,#798,.F.);
#2023 = FACE_BOUND('',#2024,.T.);
#2024 = EDGE_LOOP('',(#2025));
#2025 = ORIENTED_EDGE('',*,*,#1641,.T.);
#2026 = FACE_BOUND('',#2027,.T.);
#2027 = EDGE_LOOP('',(#2028));
#2028 = ORIENTED_EDGE('',*,*,#1939,.F.);
#2029 = PLANE('',#2030);
#2030 = AXIS2_PLACEMENT_3D('',#2031,#2032,#2033);
#2031 = CARTESIAN_POINT('',(15.000232838902,13.385919203204,0.));
#2032 = DIRECTION('',(0.,0.,1.));
#2033 = DIRECTION('',(-1.,0.,0.));
#2034 = ( GEOMETRIC_REPRESENTATION_CONTEXT(3) 
GLOBAL_UNCERTAINTY_ASSIGNED_CONTEXT((#2038)) 
GLOBAL_UNIT_ASSIGNED_CONTEXT((#2035,#2036,#2037)) REPRESENTATION_CONTEXT
('Context #1','3D Context with UNIT and UNCERTAINTY') );
#2035 = ( LENGTH_UNIT() NAMED_UNIT(*) SI_UNIT(.MILLI.,.METRE.) );
#2036 = ( NAMED_UNIT(*) PLANE_ANGLE_UNIT() SI_UNIT($,.RADIAN.) );
#2037 = ( NAMED_UNIT(*) SI_UNIT($,.STERADIAN.) SOLID_ANGLE_UNIT() );
#2038 = UNCERTAINTY_MEASURE_WITH_UNIT(LENGTH_MEASURE(1.E-03),#2035,
  'distance_accuracy_value','confusion accuracy');
#2039 = PRODUCT_RELATED_PRODUCT_CATEGORY('part',$,(#7));
ENDSEC;
END-ISO-10303-21;
