ISO-10303-21;
HEADER;
FILE_DESCRIPTION(('FreeCAD Model'),'2;1');
FILE_NAME('Open CASCADE Shape Model','2026-07-24T12:46:42',('FreeCAD'),(
    'FreeCAD'),'Open CASCADE STEP processor 7.8','FreeCAD','Unknown');
FILE_SCHEMA(('AUTOMOTIVE_DESIGN { 1 0 10303 214 1 1 1 1 }'));
ENDSEC;
DATA;
#1 = APPLICATION_PROTOCOL_DEFINITION('international standard',
  'automotive_design',2000,#2);
#2 = APPLICATION_CONTEXT(
  'core data for automotive mechanical design processes');
#3 = SHAPE_DEFINITION_REPRESENTATION(#4,#10);
#4 = PRODUCT_DEFINITION_SHAPE('','',#5);
#5 = PRODUCT_DEFINITION('design','',#6,#9);
#6 = PRODUCT_DEFINITION_FORMATION('','',#7);
#7 = PRODUCT('Open CASCADE STEP translator 7.8 9',
  'Open CASCADE STEP translator 7.8 9','',(#8));
#8 = PRODUCT_CONTEXT('',#2,'mechanical');
#9 = PRODUCT_DEFINITION_CONTEXT('part definition',#2,'design');
#10 = ADVANCED_BREP_SHAPE_REPRESENTATION('',(#11,#15),#2905);
#11 = AXIS2_PLACEMENT_3D('',#12,#13,#14);
#12 = CARTESIAN_POINT('',(0.,0.,0.));
#13 = DIRECTION('',(0.,0.,1.));
#14 = DIRECTION('',(1.,0.,-0.));
#15 = MANIFOLD_SOLID_BREP('',#16);
#16 = CLOSED_SHELL('',(#17,#71,#126,#158,#218,#262,#285,#322,#347,#384,
    #616,#627,#659,#683,#715,#755,#788,#842,#860,#920,#953,#1013,#1048,
    #1121,#1177,#1205,#1222,#1289,#1313,#1346,#1398,#1433,#1459,#1495,
    #1530,#1724,#1749,#1774,#1799,#1816,#1849,#1866,#1928,#1948,#1996,
    #2020,#2172,#2314,#2420,#2442,#2459,#2476,#2488,#2500,#2517,#2535,
    #2551,#2577,#2589,#2614,#2639,#2657,#2676,#2694,#2727,#2777,#2801,
    #2825,#2862,#2893));
#17 = ADVANCED_FACE('',(#18),#66,.F.);
#18 = FACE_BOUND('',#19,.F.);
#19 = EDGE_LOOP('',(#20,#30,#39,#47));
#20 = ORIENTED_EDGE('',*,*,#21,.F.);
#21 = EDGE_CURVE('',#22,#24,#26,.T.);
#22 = VERTEX_POINT('',#23);
#23 = CARTESIAN_POINT('',(14.392525897392,35.401551179579,30.5));
#24 = VERTEX_POINT('',#25);
#25 = CARTESIAN_POINT('',(14.392525897392,31.191174261663,30.5));
#26 = LINE('',#27,#28);
#27 = CARTESIAN_POINT('',(14.392525897392,39.393645410242,30.5));
#28 = VECTOR('',#29,1.);
#29 = DIRECTION('',(2.390783020637E-17,-1.,0.));
#30 = ORIENTED_EDGE('',*,*,#31,.F.);
#31 = EDGE_CURVE('',#32,#22,#34,.T.);
#32 = VERTEX_POINT('',#33);
#33 = CARTESIAN_POINT('',(16.392525897392,35.401551179579,32.5));
#34 = CIRCLE('',#35,2.);
#35 = AXIS2_PLACEMENT_3D('',#36,#37,#38);
#36 = CARTESIAN_POINT('',(14.392525897392,35.401551179579,32.5));
#37 = DIRECTION('',(-0.,1.,0.));
#38 = DIRECTION('',(1.,0.,0.));
#39 = ORIENTED_EDGE('',*,*,#40,.F.);
#40 = EDGE_CURVE('',#41,#32,#43,.T.);
#41 = VERTEX_POINT('',#42);
#42 = CARTESIAN_POINT('',(16.392525897392,32.673081211246,32.5));
#43 = LINE('',#44,#45);
#44 = CARTESIAN_POINT('',(16.392525897392,39.393645410242,32.5));
#45 = VECTOR('',#46,1.);
#46 = DIRECTION('',(-2.390783020637E-17,1.,0.));
#47 = ORIENTED_EDGE('',*,*,#48,.T.);
#48 = EDGE_CURVE('',#41,#24,#49,.T.);
#49 = B_SPLINE_CURVE_WITH_KNOTS('',3,(#50,#51,#52,#53,#54,#55,#56,#57,
    #58,#59,#60,#61,#62,#63,#64,#65),.UNSPECIFIED.,.F.,.F.,(4,2,2,2,2,2,
    2,4),(1.724448213672,1.815445707753,1.852463587427,1.889481467101,
    1.928545250552,1.967609034003,2.111351034942,2.134494890564),
  .UNSPECIFIED.);
#50 = CARTESIAN_POINT('',(16.392525897392,32.673082496179,
    32.500000740054));
#51 = CARTESIAN_POINT('',(16.392525994692,32.824530338148,
    32.237046524926));
#52 = CARTESIAN_POINT('',(16.327132132497,32.978862643937,31.91403450309
    ));
#53 = CARTESIAN_POINT('',(16.151447184095,33.08737065536,31.540605812139
    ));
#54 = CARTESIAN_POINT('',(16.084644250291,33.111410306139,31.4256042176)
  );
#55 = CARTESIAN_POINT('',(15.927952854071,33.125020231722,
    31.211568815688));
#56 = CARTESIAN_POINT('',(15.838013114479,33.114029294118,
    31.112537232395));
#57 = CARTESIAN_POINT('',(15.656304072048,33.05813547066,30.944687668144
    ));
#58 = CARTESIAN_POINT('',(15.55102144837,33.007115883306,30.86521340087)
  );
#59 = CARTESIAN_POINT('',(15.34549796949,32.866510764369,30.737478182648
    ));
#60 = CARTESIAN_POINT('',(15.245429696555,32.777238081848,
    30.688596184902));
#61 = CARTESIAN_POINT('',(14.843978984261,32.350215499323,
    30.521863918758));
#62 = CARTESIAN_POINT('',(14.615110025818,31.9048815916,30.506442834777)
  );
#63 = CARTESIAN_POINT('',(14.436063971865,31.348088905723,
    30.500319743267));
#64 = CARTESIAN_POINT('',(14.413270742986,31.269947166512,30.5));
#65 = CARTESIAN_POINT('',(14.392525897392,31.191174261663,30.5));
#66 = CYLINDRICAL_SURFACE('',#67,2.);
#67 = AXIS2_PLACEMENT_3D('',#68,#69,#70);
#68 = CARTESIAN_POINT('',(14.392525897392,39.393645410242,32.5));
#69 = DIRECTION('',(-2.390783020637E-17,1.,0.));
#70 = DIRECTION('',(0.707106781187,1.690538886238E-17,-0.707106781187));
#71 = ADVANCED_FACE('',(#72),#100,.T.);
#72 = FACE_BOUND('',#73,.T.);
#73 = EDGE_LOOP('',(#74,#85,#92,#93));
#74 = ORIENTED_EDGE('',*,*,#75,.T.);
#75 = EDGE_CURVE('',#76,#78,#80,.T.);
#76 = VERTEX_POINT('',#77);
#77 = CARTESIAN_POINT('',(17.892525897392,39.561009354217,
    30.967911113762));
#78 = VERTEX_POINT('',#79);
#79 = CARTESIAN_POINT('',(17.892525897392,40.84658457359,30.5));
#80 = CIRCLE('',#81,2.);
#81 = AXIS2_PLACEMENT_3D('',#82,#83,#84);
#82 = CARTESIAN_POINT('',(17.892525897392,40.84658457359,32.5));
#83 = DIRECTION('',(1.,3.913188434657E-16,0.));
#84 = DIRECTION('',(2.515349040166E-16,-0.642787609687,-0.766044443119)
  );
#85 = ORIENTED_EDGE('',*,*,#86,.T.);
#86 = EDGE_CURVE('',#78,#22,#87,.T.);
#87 = ELLIPSE('',#88,5.445033394011,3.5);
#88 = AXIS2_PLACEMENT_3D('',#89,#90,#91);
#89 = CARTESIAN_POINT('',(17.892525897392,35.401551179579,30.5));
#90 = DIRECTION('',(0.,0.,1.));
#91 = DIRECTION('',(5.097411458698E-17,1.,-0.));
#92 = ORIENTED_EDGE('',*,*,#31,.F.);
#93 = ORIENTED_EDGE('',*,*,#94,.T.);
#94 = EDGE_CURVE('',#32,#76,#95,.T.);
#95 = ELLIPSE('',#96,4.432650297723,1.5);
#96 = AXIS2_PLACEMENT_3D('',#97,#98,#99);
#97 = CARTESIAN_POINT('',(17.892525897392,35.401551179579,32.5));
#98 = DIRECTION('',(0.,-0.345637210999,-0.938368221101));
#99 = DIRECTION('',(1.663243043713E-17,0.938368221101,-0.345637210999));
#100 = B_SPLINE_SURFACE_WITH_KNOTS('',3,3,(
    (#101,#102,#103,#104,#105)
    ,(#106,#107,#108,#109,#110)
    ,(#111,#112,#113,#114,#115)
    ,(#116,#117,#118,#119,#120)
    ,(#121,#122,#123,#124,#125
    )),.UNSPECIFIED.,.F.,.F.,.F.,(4,1,4),(4,1,4),(0.,0.571428571429,1.),
  (-6.28318530718,-5.60998688141,-4.712388980385),.UNSPECIFIED.);
#101 = CARTESIAN_POINT('',(17.892525897392,39.561009354217,
    30.967911113762));
#102 = CARTESIAN_POINT('',(17.555926684507,39.561009354217,
    30.967911113762));
#103 = CARTESIAN_POINT('',(16.769326198997,38.800305657615,
    31.248107627431));
#104 = CARTESIAN_POINT('',(16.392525897392,36.646058155232,
    32.041600077176));
#105 = CARTESIAN_POINT('',(16.392525897392,35.401551179579,32.5));
#106 = CARTESIAN_POINT('',(17.892525897392,39.76474265325,
    30.796958577685));
#107 = CARTESIAN_POINT('',(17.484850508927,39.76474265325,
    30.796958577685));
#108 = CARTESIAN_POINT('',(16.529004413046,38.935730733628,
    30.975400767002));
#109 = CARTESIAN_POINT('',(16.251107351685,36.644807324074,
    31.530970533989));
#110 = CARTESIAN_POINT('',(16.392525897392,35.401551179579,
    31.901601399316));
#111 = CARTESIAN_POINT('',(17.892525897392,40.181644595166,
    30.570039596116));
#112 = CARTESIAN_POINT('',(17.339248146574,40.181644595166,
    30.570039596116));
#113 = CARTESIAN_POINT('',(16.043557535429,39.268852333452,
    30.612007087965));
#114 = CARTESIAN_POINT('',(15.672275914459,36.742954592964,
    30.753967721619));
#115 = CARTESIAN_POINT('',(15.890420517741,35.401551179579,
    30.865589596016));
#116 = CARTESIAN_POINT('',(17.892525897392,40.647118373362,30.5));
#117 = CARTESIAN_POINT('',(17.176753339507,40.647118373362,30.5));
#118 = CARTESIAN_POINT('',(15.503434534113,39.676212832897,
    30.500291680688));
#119 = CARTESIAN_POINT('',(14.776539357123,36.944602373313,
    30.501161227661));
#120 = CARTESIAN_POINT('',(14.841324847905,35.401551179579,30.5));
#121 = CARTESIAN_POINT('',(17.892525897392,40.84658457359,30.5));
#122 = CARTESIAN_POINT('',(17.107127733994,40.84658457359,30.5));
#123 = CARTESIAN_POINT('',(15.271726601137,39.850768085711,30.5));
#124 = CARTESIAN_POINT('',(14.392525897392,37.030701361405,30.5));
#125 = CARTESIAN_POINT('',(14.392525897392,35.401551179579,30.5));
#126 = ADVANCED_FACE('',(#127),#153,.F.);
#127 = FACE_BOUND('',#128,.F.);
#128 = EDGE_LOOP('',(#129,#137,#138,#146));
#129 = ORIENTED_EDGE('',*,*,#130,.F.);
#130 = EDGE_CURVE('',#76,#131,#133,.T.);
#131 = VERTEX_POINT('',#132);
#132 = CARTESIAN_POINT('',(17.936902384824,39.561009354217,
    30.967911113762));
#133 = LINE('',#134,#135);
#134 = CARTESIAN_POINT('',(17.914714141108,39.561009354217,
    30.967911113762));
#135 = VECTOR('',#136,1.);
#136 = DIRECTION('',(1.,0.,0.));
#137 = ORIENTED_EDGE('',*,*,#75,.T.);
#138 = ORIENTED_EDGE('',*,*,#139,.F.);
#139 = EDGE_CURVE('',#140,#78,#142,.T.);
#140 = VERTEX_POINT('',#141);
#141 = CARTESIAN_POINT('',(17.936902384824,40.84658457359,30.5));
#142 = LINE('',#143,#144);
#143 = CARTESIAN_POINT('',(17.914714141108,40.84658457359,30.5));
#144 = VECTOR('',#145,1.);
#145 = DIRECTION('',(-1.,0.,0.));
#146 = ORIENTED_EDGE('',*,*,#147,.F.);
#147 = EDGE_CURVE('',#131,#140,#148,.T.);
#148 = CIRCLE('',#149,2.);
#149 = AXIS2_PLACEMENT_3D('',#150,#151,#152);
#150 = CARTESIAN_POINT('',(17.936902384824,40.84658457359,32.5));
#151 = DIRECTION('',(1.,0.,0.));
#152 = DIRECTION('',(0.,-0.642787609687,-0.766044443119));
#153 = CYLINDRICAL_SURFACE('',#154,2.);
#154 = AXIS2_PLACEMENT_3D('',#155,#156,#157);
#155 = CARTESIAN_POINT('',(17.914714141108,40.84658457359,32.5));
#156 = DIRECTION('',(1.,0.,0.));
#157 = DIRECTION('',(0.,-0.342020143326,-0.939692620786));
#158 = ADVANCED_FACE('',(#159),#187,.T.);
#159 = FACE_BOUND('',#160,.T.);
#160 = EDGE_LOOP('',(#161,#172,#179,#180));
#161 = ORIENTED_EDGE('',*,*,#162,.T.);
#162 = EDGE_CURVE('',#163,#165,#167,.T.);
#163 = VERTEX_POINT('',#164);
#164 = CARTESIAN_POINT('',(19.436902384824,35.401551179579,32.5));
#165 = VERTEX_POINT('',#166);
#166 = CARTESIAN_POINT('',(21.436902384824,35.401551179579,30.5));
#167 = CIRCLE('',#168,2.);
#168 = AXIS2_PLACEMENT_3D('',#169,#170,#171);
#169 = CARTESIAN_POINT('',(21.436902384824,35.401551179579,32.5));
#170 = DIRECTION('',(0.,-1.,0.));
#171 = DIRECTION('',(-1.,0.,0.));
#172 = ORIENTED_EDGE('',*,*,#173,.T.);
#173 = EDGE_CURVE('',#165,#140,#174,.T.);
#174 = ELLIPSE('',#175,5.445033394011,3.5);
#175 = AXIS2_PLACEMENT_3D('',#176,#177,#178);
#176 = CARTESIAN_POINT('',(17.936902384824,35.401551179579,30.5));
#177 = DIRECTION('',(0.,0.,1.));
#178 = DIRECTION('',(-2.548705729349E-16,1.,0.));
#179 = ORIENTED_EDGE('',*,*,#147,.F.);
#180 = ORIENTED_EDGE('',*,*,#181,.T.);
#181 = EDGE_CURVE('',#131,#163,#182,.T.);
#182 = ELLIPSE('',#183,4.432650297723,1.5);
#183 = AXIS2_PLACEMENT_3D('',#184,#185,#186);
#184 = CARTESIAN_POINT('',(17.936902384824,35.401551179579,32.5));
#185 = DIRECTION('',(6.162975822039E-33,-0.345637210999,-0.938368221101)
  );
#186 = DIRECTION('',(-1.340378217581E-16,0.938368221101,-0.345637210999)
  );
#187 = B_SPLINE_SURFACE_WITH_KNOTS('',3,3,(
    (#188,#189,#190,#191,#192,#193)
    ,(#194,#195,#196,#197,#198,#199)
    ,(#200,#201,#202,#203,#204,#205)
    ,(#206,#207,#208,#209,#210,#211)
    ,(#212,#213,#214,#215,#216,#217
  )),.UNSPECIFIED.,.F.,.F.,.F.,(4,1,4),(4,1,1,4),(0.,0.571428571429,1.),
  (-1.570796326795,-0.897597901026,-0.448798950513,-5.518629674052E-16),
  .UNSPECIFIED.);
#188 = CARTESIAN_POINT('',(19.436902384824,35.401551179579,32.5));
#189 = CARTESIAN_POINT('',(19.436902384824,36.334931411319,
    32.156200057882));
#190 = CARTESIAN_POINT('',(19.240154191924,37.884824110362,
    31.585314793656));
#191 = CARTESIAN_POINT('',(18.609276455109,39.276340694767,
    31.072765561407));
#192 = CARTESIAN_POINT('',(18.161301860081,39.561009354217,
    30.967911113762));
#193 = CARTESIAN_POINT('',(17.936902384824,39.561009354217,
    30.967911113762));
#194 = CARTESIAN_POINT('',(19.436902384824,35.401551179579,
    31.901601399316));
#195 = CARTESIAN_POINT('',(19.542966294105,36.33399328795,
    31.623628250321));
#196 = CARTESIAN_POINT('',(19.448468291653,37.958189586507,
    31.207452382344));
#197 = CARTESIAN_POINT('',(18.752343005893,39.455331196129,
    30.865495624075));
#198 = CARTESIAN_POINT('',(18.208685977135,39.76474265325,
    30.796958577685));
#199 = CARTESIAN_POINT('',(17.936902384824,39.76474265325,
    30.796958577685));
#200 = CARTESIAN_POINT('',(19.939007764476,35.401551179579,
    30.865589596016));
#201 = CARTESIAN_POINT('',(20.102616216937,36.407603739618,
    30.781873190218));
#202 = CARTESIAN_POINT('',(19.98757229931,38.191134810751,
    30.670877604444));
#203 = CARTESIAN_POINT('',(19.040308996404,39.840196087209,
    30.585995807086));
#204 = CARTESIAN_POINT('',(18.305754218703,40.181644595166,
    30.570039596116));
#205 = CARTESIAN_POINT('',(17.936902384824,40.181644595166,
    30.570039596116));
#206 = CARTESIAN_POINT('',(20.988103434312,35.401551179579,30.5));
#207 = CARTESIAN_POINT('',(21.036692552398,36.558839574879,
    30.500870920746));
#208 = CARTESIAN_POINT('',(20.680709618907,38.514071668423,
    30.500326276476));
#209 = CARTESIAN_POINT('',(19.365972670837,40.2838413187,30.500465306323
    ));
#210 = CARTESIAN_POINT('',(18.414084090081,40.647118373362,30.5));
#211 = CARTESIAN_POINT('',(17.936902384824,40.647118373362,30.5));
#212 = CARTESIAN_POINT('',(21.436902384824,35.401551179579,30.5));
#213 = CARTESIAN_POINT('',(21.436902384824,36.623413815948,30.5));
#214 = CARTESIAN_POINT('',(20.977823268057,38.652336129649,30.5));
#215 = CARTESIAN_POINT('',(19.505775215488,40.473932585794,30.5));
#216 = CARTESIAN_POINT('',(18.460501160423,40.84658457359,30.5));
#217 = CARTESIAN_POINT('',(17.936902384824,40.84658457359,30.5));
#218 = ADVANCED_FACE('',(#219),#257,.F.);
#219 = FACE_BOUND('',#220,.F.);
#220 = EDGE_LOOP('',(#221,#229,#230,#238));
#221 = ORIENTED_EDGE('',*,*,#222,.F.);
#222 = EDGE_CURVE('',#163,#223,#225,.T.);
#223 = VERTEX_POINT('',#224);
#224 = CARTESIAN_POINT('',(19.436902384824,32.673081211246,32.5));
#225 = LINE('',#226,#227);
#226 = CARTESIAN_POINT('',(19.436902384824,33.588941391507,32.5));
#227 = VECTOR('',#228,1.);
#228 = DIRECTION('',(0.,-1.,0.));
#229 = ORIENTED_EDGE('',*,*,#162,.T.);
#230 = ORIENTED_EDGE('',*,*,#231,.F.);
#231 = EDGE_CURVE('',#232,#165,#234,.T.);
#232 = VERTEX_POINT('',#233);
#233 = CARTESIAN_POINT('',(21.436902384824,31.191174261663,30.5));
#234 = LINE('',#235,#236);
#235 = CARTESIAN_POINT('',(21.436902384824,33.588941391507,30.5));
#236 = VECTOR('',#237,1.);
#237 = DIRECTION('',(0.,1.,0.));
#238 = ORIENTED_EDGE('',*,*,#239,.T.);
#239 = EDGE_CURVE('',#232,#223,#240,.T.);
#240 = B_SPLINE_CURVE_WITH_KNOTS('',3,(#241,#242,#243,#244,#245,#246,
    #247,#248,#249,#250,#251,#252,#253,#254,#255,#256),.UNSPECIFIED.,.F.
  ,.F.,(4,2,2,2,2,2,2,4),(0.120598145317,0.143742000939,0.287484001878,
    0.326547785329,0.365611568781,0.402629448455,0.439647328129,
    0.53064482221),.UNSPECIFIED.);
#241 = CARTESIAN_POINT('',(21.436902384824,31.191174261663,30.5));
#242 = CARTESIAN_POINT('',(21.41615753923,31.269947166512,30.5));
#243 = CARTESIAN_POINT('',(21.393364310351,31.348088905723,
    30.500319743267));
#244 = CARTESIAN_POINT('',(21.214318256399,31.9048815916,30.506442834777
    ));
#245 = CARTESIAN_POINT('',(20.985449297955,32.350215499323,
    30.521863918758));
#246 = CARTESIAN_POINT('',(20.583998585661,32.777238081848,
    30.688596184902));
#247 = CARTESIAN_POINT('',(20.483930312727,32.866510764369,
    30.737478182648));
#248 = CARTESIAN_POINT('',(20.278406833846,33.007115883306,
    30.86521340087));
#249 = CARTESIAN_POINT('',(20.173124210168,33.05813547066,
    30.944687668144));
#250 = CARTESIAN_POINT('',(19.991415167737,33.114029294118,
    31.112537232395));
#251 = CARTESIAN_POINT('',(19.901475428145,33.125020231722,
    31.211568815688));
#252 = CARTESIAN_POINT('',(19.744784031926,33.111410306139,31.4256042176
    ));
#253 = CARTESIAN_POINT('',(19.677981098122,33.08737065536,
    31.540605812139));
#254 = CARTESIAN_POINT('',(19.502296149719,32.978862643937,
    31.91403450309));
#255 = CARTESIAN_POINT('',(19.436902287524,32.824530338148,
    32.237046524926));
#256 = CARTESIAN_POINT('',(19.436902384825,32.673082496179,
    32.500000740054));
#257 = CYLINDRICAL_SURFACE('',#258,2.);
#258 = AXIS2_PLACEMENT_3D('',#259,#260,#261);
#259 = CARTESIAN_POINT('',(21.436902384824,33.588941391507,32.5));
#260 = DIRECTION('',(0.,-1.,0.));
#261 = DIRECTION('',(-0.707106781187,-0.,-0.707106781187));
#262 = ADVANCED_FACE('',(#263),#280,.T.);
#263 = FACE_BOUND('',#264,.T.);
#264 = EDGE_LOOP('',(#265,#266,#274));
#265 = ORIENTED_EDGE('',*,*,#222,.F.);
#266 = ORIENTED_EDGE('',*,*,#267,.F.);
#267 = EDGE_CURVE('',#268,#163,#270,.T.);
#268 = VERTEX_POINT('',#269);
#269 = CARTESIAN_POINT('',(19.436902384824,30.121214731811,
    36.930730015913));
#270 = LINE('',#271,#272);
#271 = CARTESIAN_POINT('',(19.436902384824,33.81338008455,
    33.832633780085));
#272 = VECTOR('',#273,1.);
#273 = DIRECTION('',(0.,0.766044443119,-0.642787609687));
#274 = ORIENTED_EDGE('',*,*,#275,.F.);
#275 = EDGE_CURVE('',#223,#268,#276,.T.);
#276 = LINE('',#277,#278);
#277 = CARTESIAN_POINT('',(19.436902384824,31.630548673248,
    34.310117196534));
#278 = VECTOR('',#279,1.);
#279 = DIRECTION('',(1.839650182466E-17,-0.499088067355,0.866551268549)
  );
#280 = PLANE('',#281);
#281 = AXIS2_PLACEMENT_3D('',#282,#283,#284);
#282 = CARTESIAN_POINT('',(19.436902384824,30.584615364304,30.5));
#283 = DIRECTION('',(1.,0.,0.));
#284 = DIRECTION('',(-0.,1.,0.));
#285 = ADVANCED_FACE('',(#286),#317,.T.);
#286 = FACE_BOUND('',#287,.T.);
#287 = EDGE_LOOP('',(#288,#289,#297,#316));
#288 = ORIENTED_EDGE('',*,*,#181,.F.);
#289 = ORIENTED_EDGE('',*,*,#290,.T.);
#290 = EDGE_CURVE('',#131,#291,#293,.T.);
#291 = VERTEX_POINT('',#292);
#292 = CARTESIAN_POINT('',(17.936902384824,28.672370046863,
    40.104564340585));
#293 = LINE('',#294,#295);
#294 = CARTESIAN_POINT('',(17.936902384824,34.77756149908,
    34.981700444764));
#295 = VECTOR('',#296,1.);
#296 = DIRECTION('',(0.,-0.766044443119,0.642787609687));
#297 = ORIENTED_EDGE('',*,*,#298,.F.);
#298 = EDGE_CURVE('',#268,#291,#299,.T.);
#299 = B_SPLINE_CURVE_WITH_KNOTS('',3,(#300,#301,#302,#303,#304,#305,
    #306,#307,#308,#309,#310,#311,#312,#313,#314,#315),.UNSPECIFIED.,.F.
  ,.F.,(4,2,2,2,2,2,2,4),(5.051573911211E-04,0.128256013171,
    0.256512026342,0.298306457595,0.340100888847,0.366630735693,
    0.393160582539,0.393163107139),.UNSPECIFIED.);
#300 = CARTESIAN_POINT('',(19.436902384824,30.121214731811,
    36.930730015913));
#301 = CARTESIAN_POINT('',(19.436902261641,29.90852278534,
    37.300020470083));
#302 = CARTESIAN_POINT('',(19.41586207297,29.68419186085,37.709909211704
    ));
#303 = CARTESIAN_POINT('',(19.287653460867,29.275092901106,
    38.528892204745));
#304 = CARTESIAN_POINT('',(19.181967876821,29.091187335344,
    38.938611794696));
#305 = CARTESIAN_POINT('',(18.938294261533,28.903358931491,
    39.414684653747));
#306 = CARTESIAN_POINT('',(18.862616275705,28.856629137098,
    39.53919616674));
#307 = CARTESIAN_POINT('',(18.680719926344,28.776322304662,
    39.765628703815));
#308 = CARTESIAN_POINT('',(18.574082147825,28.742765849954,
    39.867219791347));
#309 = CARTESIAN_POINT('',(18.386734698281,28.70388349859,
    39.990743320766));
#310 = CARTESIAN_POINT('',(18.30118814935,28.690832798782,
    40.034232775187));
#311 = CARTESIAN_POINT('',(18.120534482214,28.674476673609,
    40.091765252959));
#312 = CARTESIAN_POINT('',(18.025346897985,28.671182818885,
    40.105558600502));
#313 = CARTESIAN_POINT('',(17.936919213085,28.672369820854,
    40.104564530137));
#314 = CARTESIAN_POINT('',(17.936910798983,28.672369933839,
    40.104564435424));
#315 = CARTESIAN_POINT('',(17.936902384824,28.672370046863,
    40.104564340585));
#316 = ORIENTED_EDGE('',*,*,#267,.T.);
#317 = CYLINDRICAL_SURFACE('',#318,1.5);
#318 = AXIS2_PLACEMENT_3D('',#319,#320,#321);
#319 = CARTESIAN_POINT('',(17.936902384824,33.81338008455,
    33.832633780085));
#320 = DIRECTION('',(0.,0.766044443119,-0.642787609687));
#321 = DIRECTION('',(0.707106781187,0.454519477672,0.54167522042));
#322 = ADVANCED_FACE('',(#323),#342,.T.);
#323 = FACE_BOUND('',#324,.T.);
#324 = EDGE_LOOP('',(#325,#326,#334,#341));
#325 = ORIENTED_EDGE('',*,*,#130,.F.);
#326 = ORIENTED_EDGE('',*,*,#327,.F.);
#327 = EDGE_CURVE('',#328,#76,#330,.T.);
#328 = VERTEX_POINT('',#329);
#329 = CARTESIAN_POINT('',(17.892525897392,28.672370046863,
    40.104564340585));
#330 = LINE('',#331,#332);
#331 = CARTESIAN_POINT('',(17.892525897392,38.183901645822,
    32.123441683968));
#332 = VECTOR('',#333,1.);
#333 = DIRECTION('',(-1.831446047662E-17,0.766044443119,-0.642787609687)
  );
#334 = ORIENTED_EDGE('',*,*,#335,.F.);
#335 = EDGE_CURVE('',#291,#328,#336,.T.);
#336 = ELLIPSE('',#337,10.81740697795,3.699758252755);
#337 = AXIS2_PLACEMENT_3D('',#338,#339,#340);
#338 = CARTESIAN_POINT('',(17.914714141108,20.385904564386,
    47.057734470695));
#339 = DIRECTION('',(-9.860761315263E-32,0.642787609687,0.766044443119)
  );
#340 = DIRECTION('',(1.099464485545E-15,0.766044443119,-0.642787609687)
  );
#341 = ORIENTED_EDGE('',*,*,#290,.F.);
#342 = PLANE('',#343);
#343 = AXIS2_PLACEMENT_3D('',#344,#345,#346);
#344 = CARTESIAN_POINT('',(17.914714141108,35.031276621806,
    34.76880817886));
#345 = DIRECTION('',(0.,0.642787609687,0.766044443119));
#346 = DIRECTION('',(1.,0.,-0.));
#347 = ADVANCED_FACE('',(#348),#379,.T.);
#348 = FACE_BOUND('',#349,.T.);
#349 = EDGE_LOOP('',(#350,#351,#359,#378));
#350 = ORIENTED_EDGE('',*,*,#94,.F.);
#351 = ORIENTED_EDGE('',*,*,#352,.T.);
#352 = EDGE_CURVE('',#32,#353,#355,.T.);
#353 = VERTEX_POINT('',#354);
#354 = CARTESIAN_POINT('',(16.392525897392,30.121213565692,
    36.930729344304));
#355 = LINE('',#356,#357);
#356 = CARTESIAN_POINT('',(16.392525897392,37.219720231292,
    30.97437501929));
#357 = VECTOR('',#358,1.);
#358 = DIRECTION('',(1.831446047662E-17,-0.766044443119,0.642787609687)
  );
#359 = ORIENTED_EDGE('',*,*,#360,.F.);
#360 = EDGE_CURVE('',#328,#353,#361,.T.);
#361 = B_SPLINE_CURVE_WITH_KNOTS('',3,(#362,#363,#364,#365,#366,#367,
    #368,#369,#370,#371,#372,#373,#374,#375,#376,#377),.UNSPECIFIED.,.F.
  ,.F.,(4,2,2,2,2,2,2,4),(-0.393163107139,-0.393160582539,
    -0.366630735693,-0.340100888847,-0.298306457595,-0.256512026342,
    -0.128256013171,-5.051573911232E-04),.UNSPECIFIED.);
#362 = CARTESIAN_POINT('',(17.892525897392,28.672370046863,
    40.104564340585));
#363 = CARTESIAN_POINT('',(17.892517483233,28.672369933839,
    40.104564435423));
#364 = CARTESIAN_POINT('',(17.892509069131,28.672369820854,
    40.104564530137));
#365 = CARTESIAN_POINT('',(17.804081384231,28.671182818885,
    40.105558600502));
#366 = CARTESIAN_POINT('',(17.708893800003,28.674476673609,
    40.091765252959));
#367 = CARTESIAN_POINT('',(17.528240132866,28.690832798783,
    40.034232775187));
#368 = CARTESIAN_POINT('',(17.442693583935,28.70388349859,
    39.990743320766));
#369 = CARTESIAN_POINT('',(17.255346134392,28.742765849955,
    39.867219791347));
#370 = CARTESIAN_POINT('',(17.148708355872,28.776322304662,
    39.765628703815));
#371 = CARTESIAN_POINT('',(16.966812006511,28.856629137098,
    39.53919616674));
#372 = CARTESIAN_POINT('',(16.891134020683,28.903358931491,
    39.414684653747));
#373 = CARTESIAN_POINT('',(16.647460405395,29.091187335344,
    38.938611794696));
#374 = CARTESIAN_POINT('',(16.54177482135,29.275092901106,
    38.528892204745));
#375 = CARTESIAN_POINT('',(16.413566209246,29.68419186085,
    37.709909211703));
#376 = CARTESIAN_POINT('',(16.392526020576,29.90852278534,
    37.300020470083));
#377 = CARTESIAN_POINT('',(16.392525897392,30.121214731811,
    36.930730015913));
#378 = ORIENTED_EDGE('',*,*,#327,.T.);
#379 = CYLINDRICAL_SURFACE('',#380,1.5);
#380 = AXIS2_PLACEMENT_3D('',#381,#382,#383);
#381 = CARTESIAN_POINT('',(17.892525897392,37.219720231292,
    30.97437501929));
#382 = DIRECTION('',(1.831446047662E-17,-0.766044443119,0.642787609687)
  );
#383 = DIRECTION('',(-0.707106781187,0.454519477672,0.54167522042));
#384 = ADVANCED_FACE('',(#385),#611,.T.);
#385 = FACE_BOUND('',#386,.T.);
#386 = EDGE_LOOP('',(#387,#388,#389,#390,#391,#392,#398,#399,#408,#425,
    #434,#443,#452,#473,#482,#491,#499,#508,#515,#516,#525,#534,#543,
    #560,#569,#578,#587,#604));
#387 = ORIENTED_EDGE('',*,*,#239,.T.);
#388 = ORIENTED_EDGE('',*,*,#275,.T.);
#389 = ORIENTED_EDGE('',*,*,#298,.T.);
#390 = ORIENTED_EDGE('',*,*,#335,.T.);
#391 = ORIENTED_EDGE('',*,*,#360,.T.);
#392 = ORIENTED_EDGE('',*,*,#393,.T.);
#393 = EDGE_CURVE('',#353,#41,#394,.T.);
#394 = LINE('',#395,#396);
#395 = CARTESIAN_POINT('',(16.392525897392,31.630548673248,
    34.310117196534));
#396 = VECTOR('',#397,1.);
#397 = DIRECTION('',(-3.679300364931E-17,0.499088067355,-0.866551268549)
  );
#398 = ORIENTED_EDGE('',*,*,#48,.T.);
#399 = ORIENTED_EDGE('',*,*,#400,.F.);
#400 = EDGE_CURVE('',#401,#24,#403,.T.);
#401 = VERTEX_POINT('',#402);
#402 = CARTESIAN_POINT('',(14.312816352832,30.833294344103,30.5));
#403 = ELLIPSE('',#404,4.250959398044,3.681438265322);
#404 = AXIS2_PLACEMENT_3D('',#405,#406,#407);
#405 = CARTESIAN_POINT('',(17.914714141108,29.954416118449,30.5));
#406 = DIRECTION('',(0.,0.,-1.));
#407 = DIRECTION('',(-2.30883229736E-15,-1.,-0.));
#408 = ORIENTED_EDGE('',*,*,#409,.T.);
#409 = EDGE_CURVE('',#401,#410,#412,.T.);
#410 = VERTEX_POINT('',#411);
#411 = CARTESIAN_POINT('',(14.313842134999,29.653465836111,29.5));
#412 = B_SPLINE_CURVE_WITH_KNOTS('',3,(#413,#414,#415,#416,#417,#418,
    #419,#420,#421,#422,#423,#424),.UNSPECIFIED.,.F.,.F.,(4,2,2,2,2,4),(
    0.112676760783,0.119400154698,0.159953086001,0.2010450471,
    0.242137008199,0.275131999743),.UNSPECIFIED.);
#413 = CARTESIAN_POINT('',(14.312816352832,30.833294344103,30.5));
#414 = CARTESIAN_POINT('',(14.308520531764,30.809820309905,30.5));
#415 = CARTESIAN_POINT('',(14.304317108353,30.786288846106,
    30.499260771705));
#416 = CARTESIAN_POINT('',(14.275643862931,30.620980405776,
    30.488910403805));
#417 = CARTESIAN_POINT('',(14.25618736988,30.479872431591,
    30.452044772787));
#418 = CARTESIAN_POINT('',(14.234472676527,30.231411906086,
    30.343135330405));
#419 = CARTESIAN_POINT('',(14.23080485337,30.106008576482,
    30.262704010235));
#420 = CARTESIAN_POINT('',(14.241065417428,29.89192801138,
    30.064051221598));
#421 = CARTESIAN_POINT('',(14.254805073882,29.803144179069,
    29.945934953438));
#422 = CARTESIAN_POINT('',(14.284080261976,29.695909580092,
    29.725410076412));
#423 = CARTESIAN_POINT('',(14.300159639435,29.662015843391,
    29.613522288201));
#424 = CARTESIAN_POINT('',(14.313842134999,29.653465836111,29.5));
#425 = ORIENTED_EDGE('',*,*,#426,.F.);
#426 = EDGE_CURVE('',#427,#410,#429,.T.);
#427 = VERTEX_POINT('',#428);
#428 = CARTESIAN_POINT('',(14.647970794599,29.444673334874,28.));
#429 = ELLIPSE('',#430,8.69379266908,3.686340962984);
#430 = AXIS2_PLACEMENT_3D('',#431,#432,#433);
#431 = CARTESIAN_POINT('',(17.919130579172,27.400569622886,
    34.939708336237));
#432 = DIRECTION('',(0.529929745783,0.848041546467,-2.775557561563E-17)
  );
#433 = DIRECTION('',(-0.248109765864,0.155040452556,-0.956244739674));
#434 = ORIENTED_EDGE('',*,*,#435,.F.);
#435 = EDGE_CURVE('',#436,#427,#438,.T.);
#436 = VERTEX_POINT('',#437);
#437 = CARTESIAN_POINT('',(14.804688431951,29.468470104893,
    27.41455364939));
#438 = ELLIPSE('',#439,13.812710715912,3.690668107618);
#439 = AXIS2_PLACEMENT_3D('',#440,#441,#442);
#440 = CARTESIAN_POINT('',(17.921624382852,25.140108562869,
    38.864153316863));
#441 = DIRECTION('',(0.521878922199,0.835157889837,0.173648177667));
#442 = DIRECTION('',(-0.14470465998,0.287295167034,-0.946848482271));
#443 = ORIENTED_EDGE('',*,*,#444,.F.);
#444 = EDGE_CURVE('',#445,#436,#447,.T.);
#445 = VERTEX_POINT('',#446);
#446 = CARTESIAN_POINT('',(15.060825887022,33.99745964501,
    18.886908691297));
#447 = ELLIPSE('',#448,210.89056653182,3.852982175745);
#448 = AXIS2_PLACEMENT_3D('',#449,#450,#451);
#449 = CARTESIAN_POINT('',(18.011808887213,-62.12828666702,
    190.35055825483));
#450 = DIRECTION('',(0.480279455185,0.768586657294,0.422618261741));
#451 = DIRECTION('',(-8.788268962318E-03,0.486019915921,-0.873903545969)
  );
#452 = ORIENTED_EDGE('',*,*,#453,.T.);
#453 = EDGE_CURVE('',#445,#454,#456,.T.);
#454 = VERTEX_POINT('',#455);
#455 = CARTESIAN_POINT('',(14.453913497286,39.720245142731,16.));
#456 = B_SPLINE_CURVE_WITH_KNOTS('',3,(#457,#458,#459,#460,#461,#462,
    #463,#464,#465,#466,#467,#468,#469,#470,#471,#472),.UNSPECIFIED.,.F.
  ,.F.,(4,2,2,2,2,2,2,4),(0.,5.981874687666E-02,0.109992732577,
    0.173905927399,0.281470049309,0.449462233981,0.550656330282,
    0.68730971631),.UNSPECIFIED.);
#457 = CARTESIAN_POINT('',(15.060825887022,33.99745964501,
    18.886908691297));
#458 = CARTESIAN_POINT('',(15.067294168411,34.090364705248,
    18.710597871104));
#459 = CARTESIAN_POINT('',(15.06916930097,34.188659110523,
    18.536361118583));
#460 = CARTESIAN_POINT('',(15.060166672054,34.382175721621,
    18.224509806374));
#461 = CARTESIAN_POINT('',(15.051313107305,34.474991127719,
    18.086049545671));
#462 = CARTESIAN_POINT('',(15.018362780198,34.700097934003,
    17.780665207534));
#463 = CARTESIAN_POINT('',(14.991041800285,34.833924897959,
    17.619406213321));
#464 = CARTESIAN_POINT('',(14.894131461673,35.223075525377,
    17.21189788422));
#465 = CARTESIAN_POINT('',(14.810732380963,35.488390616274,
    16.994136329079));
#466 = CARTESIAN_POINT('',(14.577332622588,36.238978387933,
    16.525677683431));
#467 = CARTESIAN_POINT('',(14.424662035069,36.743243203315,
    16.338456013463));
#468 = CARTESIAN_POINT('',(14.277777607329,37.637602512464,
    16.140737201275));
#469 = CARTESIAN_POINT('',(14.246823244914,37.981951671372,
    16.09186873065));
#470 = CARTESIAN_POINT('',(14.252897124122,38.799474879987,
    16.014733053313));
#471 = CARTESIAN_POINT('',(14.317481479435,39.268707190382,16.));
#472 = CARTESIAN_POINT('',(14.453913497286,39.720245142731,16.));
#473 = ORIENTED_EDGE('',*,*,#474,.F.);
#474 = EDGE_CURVE('',#475,#454,#477,.T.);
#475 = VERTEX_POINT('',#476);
#476 = CARTESIAN_POINT('',(15.456845870962,41.465847117805,16.));
#477 = ELLIPSE('',#478,4.232426154214,3.66538800781);
#478 = AXIS2_PLACEMENT_3D('',#479,#480,#481);
#479 = CARTESIAN_POINT('',(17.914714141108,38.326005279054,16.));
#480 = DIRECTION('',(0.,0.,1.));
#481 = DIRECTION('',(1.789345030454E-14,-1.,0.));
#482 = ORIENTED_EDGE('',*,*,#483,.F.);
#483 = EDGE_CURVE('',#484,#475,#486,.T.);
#484 = VERTEX_POINT('',#485);
#485 = CARTESIAN_POINT('',(17.914714141108,35.939706298467,
    12.809481110376));
#486 = CIRCLE('',#487,3.663883618246);
#487 = AXIS2_PLACEMENT_3D('',#488,#489,#490);
#488 = CARTESIAN_POINT('',(17.914714141108,39.112722588378,
    14.641422919498));
#489 = DIRECTION('',(-9.510037270417E-16,0.5,-0.866025403784));
#490 = DIRECTION('',(6.123233995737E-17,0.866025403784,0.5));
#491 = ORIENTED_EDGE('',*,*,#492,.T.);
#492 = EDGE_CURVE('',#484,#493,#495,.T.);
#493 = VERTEX_POINT('',#494);
#494 = CARTESIAN_POINT('',(17.914714141108,18.99681782619,
    42.090565581586));
#495 = LINE('',#496,#497);
#496 = CARTESIAN_POINT('',(17.914714141108,25.569511933828,
    30.731486420788));
#497 = VECTOR('',#498,1.);
#498 = DIRECTION('',(-1.173965190655E-19,-0.500829955489,0.865545698207)
  );
#499 = ORIENTED_EDGE('',*,*,#500,.F.);
#500 = EDGE_CURVE('',#501,#493,#503,.T.);
#501 = VERTEX_POINT('',#502);
#502 = CARTESIAN_POINT('',(14.218400927989,22.197918969095,
    43.938722188146));
#503 = CIRCLE('',#504,3.696313213119);
#504 = AXIS2_PLACEMENT_3D('',#505,#506,#507);
#505 = CARTESIAN_POINT('',(17.914714141108,22.197918969095,
    43.938722188146));
#506 = DIRECTION('',(0.,-0.5,0.866025403784));
#507 = DIRECTION('',(6.123233995737E-17,0.866025403784,0.5));
#508 = ORIENTED_EDGE('',*,*,#509,.F.);
#509 = EDGE_CURVE('',#493,#501,#510,.T.);
#510 = CIRCLE('',#511,3.696313213119);
#511 = AXIS2_PLACEMENT_3D('',#512,#513,#514);
#512 = CARTESIAN_POINT('',(17.914714141108,22.197918969095,
    43.938722188146));
#513 = DIRECTION('',(0.,-0.5,0.866025403784));
#514 = DIRECTION('',(6.123233995737E-17,0.866025403784,0.5));
#515 = ORIENTED_EDGE('',*,*,#492,.F.);
#516 = ORIENTED_EDGE('',*,*,#517,.F.);
#517 = EDGE_CURVE('',#518,#484,#520,.T.);
#518 = VERTEX_POINT('',#519);
#519 = CARTESIAN_POINT('',(21.578597759354,39.112722588378,
    14.641422919498));
#520 = CIRCLE('',#521,3.663883618246);
#521 = AXIS2_PLACEMENT_3D('',#522,#523,#524);
#522 = CARTESIAN_POINT('',(17.914714141108,39.112722588378,
    14.641422919498));
#523 = DIRECTION('',(-9.510037270417E-16,0.5,-0.866025403784));
#524 = DIRECTION('',(6.123233995737E-17,0.866025403784,0.5));
#525 = ORIENTED_EDGE('',*,*,#526,.F.);
#526 = EDGE_CURVE('',#527,#518,#529,.T.);
#527 = VERTEX_POINT('',#528);
#528 = CARTESIAN_POINT('',(20.372582411255,41.465847117805,16.));
#529 = CIRCLE('',#530,3.663883618246);
#530 = AXIS2_PLACEMENT_3D('',#531,#532,#533);
#531 = CARTESIAN_POINT('',(17.914714141108,39.112722588378,
    14.641422919498));
#532 = DIRECTION('',(-9.510037270417E-16,0.5,-0.866025403784));
#533 = DIRECTION('',(6.123233995737E-17,0.866025403784,0.5));
#534 = ORIENTED_EDGE('',*,*,#535,.F.);
#535 = EDGE_CURVE('',#536,#527,#538,.T.);
#536 = VERTEX_POINT('',#537);
#537 = CARTESIAN_POINT('',(21.375514784931,39.720245142731,16.));
#538 = ELLIPSE('',#539,4.232426154214,3.66538800781);
#539 = AXIS2_PLACEMENT_3D('',#540,#541,#542);
#540 = CARTESIAN_POINT('',(17.914714141108,38.326005279054,16.));
#541 = DIRECTION('',(0.,0.,1.));
#542 = DIRECTION('',(1.789345030454E-14,-1.,0.));
#543 = ORIENTED_EDGE('',*,*,#544,.T.);
#544 = EDGE_CURVE('',#536,#545,#547,.T.);
#545 = VERTEX_POINT('',#546);
#546 = CARTESIAN_POINT('',(20.768602395195,33.99745964501,
    18.886908691297));
#547 = B_SPLINE_CURVE_WITH_KNOTS('',3,(#548,#549,#550,#551,#552,#553,
    #554,#555,#556,#557,#558,#559),.UNSPECIFIED.,.F.,.F.,(4,2,2,2,2,4),(
    0.,0.140767218856,0.307320570643,0.483632773239,0.698809461236,
    0.776400041379),.UNSPECIFIED.);
#548 = CARTESIAN_POINT('',(21.375514784931,39.720245142731,16.));
#549 = CARTESIAN_POINT('',(21.511230880766,39.271076619245,16.));
#550 = CARTESIAN_POINT('',(21.575860998381,38.804375779126,
    16.014588019605));
#551 = CARTESIAN_POINT('',(21.584812918844,37.784253570569,
    16.110152001034));
#552 = CARTESIAN_POINT('',(21.504868511327,37.258285478458,
    16.200487891652));
#553 = CARTESIAN_POINT('',(21.2665078664,36.251373497755,16.525499556601
    ));
#554 = CARTESIAN_POINT('',(21.107821200856,35.787296652303,
    16.764953377536));
#555 = CARTESIAN_POINT('',(20.828725399346,34.853437465614,
    17.526988126394));
#556 = CARTESIAN_POINT('',(20.772074125316,34.513044070192,
    18.005529798886));
#557 = CARTESIAN_POINT('',(20.760739446826,34.166410203482,
    18.575956875159));
#558 = CARTESIAN_POINT('',(20.762868553165,34.079815823895,
    18.730617038183));
#559 = CARTESIAN_POINT('',(20.768602395195,33.99745964501,
    18.886908691297));
#560 = ORIENTED_EDGE('',*,*,#561,.F.);
#561 = EDGE_CURVE('',#562,#545,#564,.T.);
#562 = VERTEX_POINT('',#563);
#563 = CARTESIAN_POINT('',(21.024739850265,29.468470104893,
    27.41455364939));
#564 = ELLIPSE('',#565,210.8905665318,3.852982175745);
#565 = AXIS2_PLACEMENT_3D('',#566,#567,#568);
#566 = CARTESIAN_POINT('',(17.817619395003,-62.12828666701,
    190.35055825482));
#567 = DIRECTION('',(-0.480279455185,0.768586657294,0.422618261741));
#568 = DIRECTION('',(8.78826896232E-03,0.486019915921,-0.873903545969));
#569 = ORIENTED_EDGE('',*,*,#570,.F.);
#570 = EDGE_CURVE('',#571,#562,#573,.T.);
#571 = VERTEX_POINT('',#572);
#572 = CARTESIAN_POINT('',(21.181457487617,29.444673334874,28.));
#573 = ELLIPSE('',#574,13.812710715911,3.690668107618);
#574 = AXIS2_PLACEMENT_3D('',#575,#576,#577);
#575 = CARTESIAN_POINT('',(17.907803899364,25.140108562869,
    38.864153316863));
#576 = DIRECTION('',(-0.521878922199,0.835157889837,0.173648177667));
#577 = DIRECTION('',(0.14470465998,0.287295167034,-0.946848482271));
#578 = ORIENTED_EDGE('',*,*,#579,.F.);
#579 = EDGE_CURVE('',#580,#571,#582,.T.);
#580 = VERTEX_POINT('',#581);
#581 = CARTESIAN_POINT('',(21.515586147217,29.653465836111,29.5));
#582 = ELLIPSE('',#583,8.69379266908,3.686340962984);
#583 = AXIS2_PLACEMENT_3D('',#584,#585,#586);
#584 = CARTESIAN_POINT('',(17.910297703044,27.400569622886,
    34.939708336237));
#585 = DIRECTION('',(-0.529929745783,0.848041546467,0.));
#586 = DIRECTION('',(0.248109765864,0.155040452556,-0.956244739674));
#587 = ORIENTED_EDGE('',*,*,#588,.T.);
#588 = EDGE_CURVE('',#580,#589,#591,.T.);
#589 = VERTEX_POINT('',#590);
#590 = CARTESIAN_POINT('',(21.516611929384,30.833294344103,30.5));
#591 = B_SPLINE_CURVE_WITH_KNOTS('',3,(#592,#593,#594,#595,#596,#597,
    #598,#599,#600,#601,#602,#603),.UNSPECIFIED.,.F.,.F.,(4,2,2,2,2,4),(
    0.376435291444,0.409430282988,0.450522244087,0.491614205186,
    0.532167136489,0.538890530404),.UNSPECIFIED.);
#592 = CARTESIAN_POINT('',(21.515586147217,29.653465836111,29.5));
#593 = CARTESIAN_POINT('',(21.529268642781,29.662015843392,
    29.613522288201));
#594 = CARTESIAN_POINT('',(21.54534802024,29.695909580092,
    29.725410076412));
#595 = CARTESIAN_POINT('',(21.574623208334,29.803144179069,
    29.945934953438));
#596 = CARTESIAN_POINT('',(21.588362864788,29.89192801138,
    30.064051221598));
#597 = CARTESIAN_POINT('',(21.598623428846,30.106008576482,
    30.262704010235));
#598 = CARTESIAN_POINT('',(21.594955605689,30.231411906086,
    30.343135330405));
#599 = CARTESIAN_POINT('',(21.573240912336,30.479872431591,
    30.452044772787));
#600 = CARTESIAN_POINT('',(21.553784419285,30.620980405776,
    30.488910403805));
#601 = CARTESIAN_POINT('',(21.525111173864,30.786288846106,
    30.499260771705));
#602 = CARTESIAN_POINT('',(21.520907750453,30.809820309905,30.5));
#603 = CARTESIAN_POINT('',(21.516611929384,30.833294344103,30.5));
#604 = ORIENTED_EDGE('',*,*,#605,.F.);
#605 = EDGE_CURVE('',#232,#589,#606,.T.);
#606 = ELLIPSE('',#607,4.250959398044,3.681438265322);
#607 = AXIS2_PLACEMENT_3D('',#608,#609,#610);
#608 = CARTESIAN_POINT('',(17.914714141108,29.954416118449,30.5));
#609 = DIRECTION('',(0.,0.,-1.));
#610 = DIRECTION('',(-2.30883229736E-15,-1.,-0.));
#611 = CONICAL_SURFACE('',#612,3.683732725,9.586154728642E-04);
#612 = AXIS2_PLACEMENT_3D('',#613,#614,#615);
#613 = CARTESIAN_POINT('',(17.914714141108,28.759718054429,
    32.573352783288));
#614 = DIRECTION('',(0.,-0.5,0.866025403784));
#615 = DIRECTION('',(0.,0.866025403784,0.5));
#616 = ADVANCED_FACE('',(#617),#622,.T.);
#617 = FACE_BOUND('',#618,.T.);
#618 = EDGE_LOOP('',(#619,#620,#621));
#619 = ORIENTED_EDGE('',*,*,#40,.F.);
#620 = ORIENTED_EDGE('',*,*,#393,.F.);
#621 = ORIENTED_EDGE('',*,*,#352,.F.);
#622 = PLANE('',#623);
#623 = AXIS2_PLACEMENT_3D('',#624,#625,#626);
#624 = CARTESIAN_POINT('',(16.392525897392,42.194023401774,30.5));
#625 = DIRECTION('',(-1.,-2.390783020637E-17,0.));
#626 = DIRECTION('',(2.390783020637E-17,-1.,0.));
#627 = ADVANCED_FACE('',(#628),#654,.T.);
#628 = FACE_BOUND('',#629,.T.);
#629 = EDGE_LOOP('',(#630,#641,#647,#648));
#630 = ORIENTED_EDGE('',*,*,#631,.T.);
#631 = EDGE_CURVE('',#632,#634,#636,.T.);
#632 = VERTEX_POINT('',#633);
#633 = CARTESIAN_POINT('',(27.244201558524,33.233200486196,29.5));
#634 = VERTEX_POINT('',#635);
#635 = CARTESIAN_POINT('',(26.588460948833,34.002624517513,30.5));
#636 = ELLIPSE('',#637,1.010944650891,1.);
#637 = AXIS2_PLACEMENT_3D('',#638,#639,#640);
#638 = CARTESIAN_POINT('',(26.588460948833,34.002624517513,29.5));
#639 = DIRECTION('',(-0.761094121858,-0.648641455407,0.));
#640 = DIRECTION('',(0.648641455407,-0.761094121858,0.));
#641 = ORIENTED_EDGE('',*,*,#642,.T.);
#642 = EDGE_CURVE('',#634,#589,#643,.T.);
#643 = LINE('',#644,#645);
#644 = CARTESIAN_POINT('',(24.457447620814,32.670982977213,30.5));
#645 = VECTOR('',#646,1.);
#646 = DIRECTION('',(-0.848041546467,-0.529929745783,0.));
#647 = ORIENTED_EDGE('',*,*,#588,.F.);
#648 = ORIENTED_EDGE('',*,*,#649,.T.);
#649 = EDGE_CURVE('',#580,#632,#650,.T.);
#650 = LINE('',#651,#652);
#651 = CARTESIAN_POINT('',(24.987377366597,31.822941430745,29.5));
#652 = VECTOR('',#653,1.);
#653 = DIRECTION('',(0.848041546467,0.529929745783,0.));
#654 = CYLINDRICAL_SURFACE('',#655,1.);
#655 = AXIS2_PLACEMENT_3D('',#656,#657,#658);
#656 = CARTESIAN_POINT('',(24.457447620814,32.670982977213,29.5));
#657 = DIRECTION('',(-0.848041546467,-0.529929745783,0.));
#658 = DIRECTION('',(0.374716916795,-0.599655928235,0.707106781187));
#659 = ADVANCED_FACE('',(#660),#678,.T.);
#660 = FACE_BOUND('',#661,.T.);
#661 = EDGE_LOOP('',(#662,#663,#664,#672));
#662 = ORIENTED_EDGE('',*,*,#649,.F.);
#663 = ORIENTED_EDGE('',*,*,#579,.T.);
#664 = ORIENTED_EDGE('',*,*,#665,.T.);
#665 = EDGE_CURVE('',#571,#666,#668,.T.);
#666 = VERTEX_POINT('',#667);
#667 = CARTESIAN_POINT('',(27.244201558524,33.233200486196,28.));
#668 = LINE('',#669,#670);
#669 = CARTESIAN_POINT('',(17.914714141108,27.403329395577,28.));
#670 = VECTOR('',#671,1.);
#671 = DIRECTION('',(0.848041546467,0.529929745783,0.));
#672 = ORIENTED_EDGE('',*,*,#673,.F.);
#673 = EDGE_CURVE('',#632,#666,#674,.T.);
#674 = LINE('',#675,#676);
#675 = CARTESIAN_POINT('',(27.244201558524,33.233200486196,30.5));
#676 = VECTOR('',#677,1.);
#677 = DIRECTION('',(0.,0.,-1.));
#678 = PLANE('',#679);
#679 = AXIS2_PLACEMENT_3D('',#680,#681,#682);
#680 = CARTESIAN_POINT('',(27.930060010632,33.661784199674,30.5));
#681 = DIRECTION('',(0.529929745783,-0.848041546467,0.));
#682 = DIRECTION('',(-0.848041546467,-0.529929745783,0.));
#683 = ADVANCED_FACE('',(#684),#710,.T.);
#684 = FACE_BOUND('',#685,.T.);
#685 = EDGE_LOOP('',(#686,#697,#703,#704));
#686 = ORIENTED_EDGE('',*,*,#687,.T.);
#687 = EDGE_CURVE('',#688,#690,#692,.T.);
#688 = VERTEX_POINT('',#689);
#689 = CARTESIAN_POINT('',(9.240967333383,34.002624517513,30.5));
#690 = VERTEX_POINT('',#691);
#691 = CARTESIAN_POINT('',(8.585226723693,33.233200486196,29.5));
#692 = ELLIPSE('',#693,1.010944650891,1.);
#693 = AXIS2_PLACEMENT_3D('',#694,#695,#696);
#694 = CARTESIAN_POINT('',(9.240967333383,34.002624517513,29.5));
#695 = DIRECTION('',(0.761094121858,-0.648641455407,0.));
#696 = DIRECTION('',(-0.648641455407,-0.761094121858,-4.324176556657E-15
    ));
#697 = ORIENTED_EDGE('',*,*,#698,.T.);
#698 = EDGE_CURVE('',#690,#410,#699,.T.);
#699 = LINE('',#700,#701);
#700 = CARTESIAN_POINT('',(14.34027786529,29.636946504139,29.5));
#701 = VECTOR('',#702,1.);
#702 = DIRECTION('',(0.848041546467,-0.529929745783,0.));
#703 = ORIENTED_EDGE('',*,*,#409,.F.);
#704 = ORIENTED_EDGE('',*,*,#705,.T.);
#705 = EDGE_CURVE('',#401,#688,#706,.T.);
#706 = LINE('',#707,#708);
#707 = CARTESIAN_POINT('',(14.870207611073,30.484988050606,30.5));
#708 = VECTOR('',#709,1.);
#709 = DIRECTION('',(-0.848041546467,0.529929745783,0.));
#710 = CYLINDRICAL_SURFACE('',#711,1.);
#711 = AXIS2_PLACEMENT_3D('',#712,#713,#714);
#712 = CARTESIAN_POINT('',(14.870207611073,30.484988050606,29.5));
#713 = DIRECTION('',(-0.848041546467,0.529929745783,0.));
#714 = DIRECTION('',(-0.374716916795,-0.599655928235,0.707106781187));
#715 = ADVANCED_FACE('',(#716),#750,.T.);
#716 = FACE_BOUND('',#717,.T.);
#717 = EDGE_LOOP('',(#718,#719,#720,#721,#729,#738,#744,#745,#746,#747,
    #748,#749));
#718 = ORIENTED_EDGE('',*,*,#231,.F.);
#719 = ORIENTED_EDGE('',*,*,#605,.T.);
#720 = ORIENTED_EDGE('',*,*,#642,.F.);
#721 = ORIENTED_EDGE('',*,*,#722,.F.);
#722 = EDGE_CURVE('',#723,#634,#725,.T.);
#723 = VERTEX_POINT('',#724);
#724 = CARTESIAN_POINT('',(19.436902384824,42.394023401774,30.5));
#725 = LINE('',#726,#727);
#726 = CARTESIAN_POINT('',(20.548533370648,41.089672898221,30.5));
#727 = VECTOR('',#728,1.);
#728 = DIRECTION('',(0.648641455407,-0.761094121858,0.));
#729 = ORIENTED_EDGE('',*,*,#730,.F.);
#730 = EDGE_CURVE('',#731,#723,#733,.T.);
#731 = VERTEX_POINT('',#732);
#732 = CARTESIAN_POINT('',(16.392525897392,42.394023401774,30.5));
#733 = CIRCLE('',#734,2.);
#734 = AXIS2_PLACEMENT_3D('',#735,#736,#737);
#735 = CARTESIAN_POINT('',(17.914714141108,41.096740490959,30.5));
#736 = DIRECTION('',(0.,0.,-1.));
#737 = DIRECTION('',(0.761094121858,0.648641455407,0.));
#738 = ORIENTED_EDGE('',*,*,#739,.F.);
#739 = EDGE_CURVE('',#688,#731,#740,.T.);
#740 = LINE('',#741,#742);
#741 = CARTESIAN_POINT('',(11.338753747408,36.464096715008,30.5));
#742 = VECTOR('',#743,1.);
#743 = DIRECTION('',(0.648641455407,0.761094121858,0.));
#744 = ORIENTED_EDGE('',*,*,#705,.F.);
#745 = ORIENTED_EDGE('',*,*,#400,.T.);
#746 = ORIENTED_EDGE('',*,*,#21,.F.);
#747 = ORIENTED_EDGE('',*,*,#86,.F.);
#748 = ORIENTED_EDGE('',*,*,#139,.F.);
#749 = ORIENTED_EDGE('',*,*,#173,.F.);
#750 = PLANE('',#751);
#751 = AXIS2_PLACEMENT_3D('',#752,#753,#754);
#752 = CARTESIAN_POINT('',(17.914714141108,36.59326741871,30.5));
#753 = DIRECTION('',(0.,0.,1.));
#754 = DIRECTION('',(-1.,0.,0.));
#755 = ADVANCED_FACE('',(#756),#783,.F.);
#756 = FACE_BOUND('',#757,.F.);
#757 = EDGE_LOOP('',(#758,#768,#775,#776));
#758 = ORIENTED_EDGE('',*,*,#759,.T.);
#759 = EDGE_CURVE('',#760,#762,#764,.T.);
#760 = VERTEX_POINT('',#761);
#761 = CARTESIAN_POINT('',(17.914714141108,37.788937796816,
    12.608625775581));
#762 = VERTEX_POINT('',#763);
#763 = CARTESIAN_POINT('',(17.914714141108,18.390773348247,
    46.132973925212));
#764 = LINE('',#765,#766);
#765 = CARTESIAN_POINT('',(17.914714141108,26.867830481138,
    31.482731354022));
#766 = VECTOR('',#767,1.);
#767 = DIRECTION('',(-1.173965190655E-19,-0.500829955489,0.865545698207)
  );
#768 = ORIENTED_EDGE('',*,*,#769,.T.);
#769 = EDGE_CURVE('',#762,#762,#770,.T.);
#770 = CIRCLE('',#771,2.199958955029);
#771 = AXIS2_PLACEMENT_3D('',#772,#773,#774);
#772 = CARTESIAN_POINT('',(17.914714141108,20.295993690585,
    47.232953402726));
#773 = DIRECTION('',(0.,0.5,-0.866025403784));
#774 = DIRECTION('',(1.,0.,0.));
#775 = ORIENTED_EDGE('',*,*,#759,.F.);
#776 = ORIENTED_EDGE('',*,*,#777,.T.);
#777 = EDGE_CURVE('',#760,#760,#778,.T.);
#778 = CIRCLE('',#779,2.162829830595);
#779 = AXIS2_PLACEMENT_3D('',#780,#781,#782);
#780 = CARTESIAN_POINT('',(17.914714141108,39.662003374174,
    13.690040690879));
#781 = DIRECTION('',(0.,-0.5,0.866025403784));
#782 = DIRECTION('',(0.,0.866025403784,0.5));
#783 = CONICAL_SURFACE('',#784,2.183733414207,9.586154728642E-04);
#784 = AXIS2_PLACEMENT_3D('',#785,#786,#787);
#785 = CARTESIAN_POINT('',(17.914714141108,28.758999092935,
    32.574598061125));
#786 = DIRECTION('',(0.,-0.5,0.866025403784));
#787 = DIRECTION('',(0.,0.866025403784,0.5));
#788 = ADVANCED_FACE('',(#789),#837,.T.);
#789 = FACE_BOUND('',#790,.T.);
#790 = EDGE_LOOP('',(#791,#802,#809,#810,#811,#828,#829,#830));
#791 = ORIENTED_EDGE('',*,*,#792,.T.);
#792 = EDGE_CURVE('',#793,#795,#797,.T.);
#793 = VERTEX_POINT('',#794);
#794 = CARTESIAN_POINT('',(17.914714141108,37.442719517533,
    12.408293793385));
#795 = VERTEX_POINT('',#796);
#796 = CARTESIAN_POINT('',(20.477543787914,39.662195097239,
    13.689708616789));
#797 = CIRCLE('',#798,2.562829646806);
#798 = AXIS2_PLACEMENT_3D('',#799,#800,#801);
#799 = CARTESIAN_POINT('',(17.914714141108,39.662195097239,
    13.689708616789));
#800 = DIRECTION('',(3.08148791102E-33,-0.5,0.866025403784));
#801 = DIRECTION('',(6.123233995737E-17,0.866025403784,0.5));
#802 = ORIENTED_EDGE('',*,*,#803,.T.);
#803 = EDGE_CURVE('',#795,#518,#804,.T.);
#804 = CIRCLE('',#805,1.1);
#805 = AXIS2_PLACEMENT_3D('',#806,#807,#808);
#806 = CARTESIAN_POINT('',(20.478598264773,39.112195349948,
    14.642336123246));
#807 = DIRECTION('',(0.,-0.866025403784,-0.5));
#808 = DIRECTION('',(1.,0.,0.));
#809 = ORIENTED_EDGE('',*,*,#517,.T.);
#810 = ORIENTED_EDGE('',*,*,#483,.T.);
#811 = ORIENTED_EDGE('',*,*,#812,.F.);
#812 = EDGE_CURVE('',#527,#475,#813,.T.);
#813 = B_SPLINE_CURVE_WITH_KNOTS('',3,(#814,#815,#816,#817,#818,#819,
    #820,#821,#822,#823,#824,#825,#826,#827),.UNSPECIFIED.,.F.,.F.,(4,2,
    2,2,2,2,4),(0.505347306556,0.560615958188,0.618108207906,
    0.760271670862,0.902435133817,0.959927383535,1.015196035167),
  .UNSPECIFIED.);
#814 = CARTESIAN_POINT('',(20.372582411255,41.465847117805,16.));
#815 = CARTESIAN_POINT('',(20.235126030008,41.609314973336,16.));
#816 = CARTESIAN_POINT('',(20.072866160573,41.742431153236,16.));
#817 = CARTESIAN_POINT('',(19.761712145475,41.953289372407,16.));
#818 = CARTESIAN_POINT('',(19.559285945834,42.062419451402,16.));
#819 = CARTESIAN_POINT('',(18.947248263582,42.323810864981,16.));
#820 = CARTESIAN_POINT('',(18.388592350959,42.429974768839,16.));
#821 = CARTESIAN_POINT('',(17.440835931257,42.429974768839,16.));
#822 = CARTESIAN_POINT('',(16.882180018635,42.323810864981,16.));
#823 = CARTESIAN_POINT('',(16.270142336382,42.062419451402,16.));
#824 = CARTESIAN_POINT('',(16.067716136742,41.953289372407,16.));
#825 = CARTESIAN_POINT('',(15.756562121643,41.742431153236,16.));
#826 = CARTESIAN_POINT('',(15.594302252208,41.609314973336,16.));
#827 = CARTESIAN_POINT('',(15.456845870962,41.465847117805,16.));
#828 = ORIENTED_EDGE('',*,*,#526,.T.);
#829 = ORIENTED_EDGE('',*,*,#803,.F.);
#830 = ORIENTED_EDGE('',*,*,#831,.T.);
#831 = EDGE_CURVE('',#795,#793,#832,.T.);
#832 = CIRCLE('',#833,2.562829646806);
#833 = AXIS2_PLACEMENT_3D('',#834,#835,#836);
#834 = CARTESIAN_POINT('',(17.914714141108,39.662195097239,
    13.689708616789));
#835 = DIRECTION('',(3.08148791102E-33,-0.5,0.866025403784));
#836 = DIRECTION('',(6.123233995737E-17,0.866025403784,0.5));
#837 = TOROIDAL_SURFACE('',#838,2.563884123665,1.1);
#838 = AXIS2_PLACEMENT_3D('',#839,#840,#841);
#839 = CARTESIAN_POINT('',(17.914714141108,39.112195349948,
    14.642336123246));
#840 = DIRECTION('',(0.,0.5,-0.866025403784));
#841 = DIRECTION('',(-1.,0.,0.));
#842 = ADVANCED_FACE('',(#843),#855,.F.);
#843 = FACE_BOUND('',#844,.F.);
#844 = EDGE_LOOP('',(#845,#846,#852,#853,#854));
#845 = ORIENTED_EDGE('',*,*,#831,.T.);
#846 = ORIENTED_EDGE('',*,*,#847,.T.);
#847 = EDGE_CURVE('',#793,#760,#848,.T.);
#848 = LINE('',#849,#850);
#849 = CARTESIAN_POINT('',(17.914714141108,37.139778523161,
    12.233003308964));
#850 = VECTOR('',#851,1.);
#851 = DIRECTION('',(1.224646236457E-16,0.865545698207,0.500829955489));
#852 = ORIENTED_EDGE('',*,*,#777,.F.);
#853 = ORIENTED_EDGE('',*,*,#847,.F.);
#854 = ORIENTED_EDGE('',*,*,#792,.T.);
#855 = CONICAL_SURFACE('',#856,2.912829485991,1.569837711322);
#856 = AXIS2_PLACEMENT_3D('',#857,#858,#859);
#857 = CARTESIAN_POINT('',(17.914714141108,39.662362854921,
    13.68941805196));
#858 = DIRECTION('',(0.,0.5,-0.866025403784));
#859 = DIRECTION('',(0.,0.866025403784,0.5));
#860 = ADVANCED_FACE('',(#861),#915,.T.);
#861 = FACE_BOUND('',#862,.T.);
#862 = EDGE_LOOP('',(#863,#873,#886,#894,#909));
#863 = ORIENTED_EDGE('',*,*,#864,.T.);
#864 = EDGE_CURVE('',#865,#867,#869,.T.);
#865 = VERTEX_POINT('',#866);
#866 = CARTESIAN_POINT('',(10.944738746155,38.915807188412,16.));
#867 = VERTEX_POINT('',#868);
#868 = CARTESIAN_POINT('',(11.367812561513,38.967429756805,
    16.265352303207));
#869 = LINE('',#870,#871);
#870 = CARTESIAN_POINT('',(10.944738746155,38.915807188412,16.));
#871 = VECTOR('',#872,1.);
#872 = DIRECTION('',(0.842669213835,0.102820707749,0.528522940006));
#873 = ORIENTED_EDGE('',*,*,#874,.F.);
#874 = EDGE_CURVE('',#875,#867,#877,.T.);
#875 = VERTEX_POINT('',#876);
#876 = CARTESIAN_POINT('',(10.38950692933,37.887071347746,
    17.400150451512));
#877 = B_SPLINE_CURVE_WITH_KNOTS('',3,(#878,#879,#880,#881,#882,#883,
    #884,#885),.UNSPECIFIED.,.F.,.F.,(4,2,2,4),(-0.153602002757,
    -0.103966711915,-6.416212391767E-02,0.),.UNSPECIFIED.);
#878 = CARTESIAN_POINT('',(10.38950692933,37.887071347746,
    17.400150451512));
#879 = CARTESIAN_POINT('',(10.538657682906,37.922698269672,
    17.245667425847));
#880 = CARTESIAN_POINT('',(10.669018109984,37.989993890732,
    17.08534513896));
#881 = CARTESIAN_POINT('',(10.88431783752,38.168537194784,
    16.812173962744));
#882 = CARTESIAN_POINT('',(10.972313149658,38.26744507494,
    16.698158376517));
#883 = CARTESIAN_POINT('',(11.189983908823,38.571612600183,
    16.436742627554));
#884 = CARTESIAN_POINT('',(11.294884352705,38.778492898639,
    16.334100535053));
#885 = CARTESIAN_POINT('',(11.367812561513,38.967429756806,
    16.265352303207));
#886 = ORIENTED_EDGE('',*,*,#887,.T.);
#887 = EDGE_CURVE('',#875,#888,#890,.T.);
#888 = VERTEX_POINT('',#889);
#889 = CARTESIAN_POINT('',(6.844019280125,37.454458474961,
    15.176417193733));
#890 = LINE('',#891,#892);
#891 = CARTESIAN_POINT('',(10.249320877263,37.869966143411,
    17.312225625056));
#892 = VECTOR('',#893,1.);
#893 = DIRECTION('',(-0.842669213835,-0.102820707749,-0.528522940006));
#894 = ORIENTED_EDGE('',*,*,#895,.F.);
#895 = EDGE_CURVE('',#896,#888,#898,.T.);
#896 = VERTEX_POINT('',#897);
#897 = CARTESIAN_POINT('',(6.407877944873,38.362229069162,
    13.154476549372));
#898 = B_SPLINE_CURVE_WITH_KNOTS('',3,(#899,#900,#901,#902,#903,#904,
    #905,#906,#907,#908),.UNSPECIFIED.,.F.,.F.,(4,2,2,2,4),(0.4183445625
    ,0.421728653524,0.531885381687,0.593588846066,0.636464629089),
  .UNSPECIFIED.);
#899 = CARTESIAN_POINT('',(6.407877944873,38.362229069162,
    13.154476549372));
#900 = CARTESIAN_POINT('',(6.412558321448,38.355272882479,
    13.162198786039));
#901 = CARTESIAN_POINT('',(6.417170112205,38.348364659213,
    13.169921303132));
#902 = CARTESIAN_POINT('',(6.569600240011,38.11829674801,13.428905659914
    ));
#903 = CARTESIAN_POINT('',(6.685263666873,37.876602084296,
    13.778702368552));
#904 = CARTESIAN_POINT('',(6.780209409301,37.64314848527,14.293155161541
    ));
#905 = CARTESIAN_POINT('',(6.80627536301,37.569258511087,14.50446063649)
  );
#906 = CARTESIAN_POINT('',(6.833994492536,37.486538508386,
    14.873203922316));
#907 = CARTESIAN_POINT('',(6.840901550014,37.464413185083,
    15.027373876967));
#908 = CARTESIAN_POINT('',(6.844019280125,37.454458474961,
    15.176417193733));
#909 = ORIENTED_EDGE('',*,*,#910,.F.);
#910 = EDGE_CURVE('',#865,#896,#911,.T.);
#911 = LINE('',#912,#913);
#912 = CARTESIAN_POINT('',(10.944738746155,38.915807188412,16.));
#913 = VECTOR('',#914,1.);
#914 = DIRECTION('',(-0.842669213835,-0.102820707749,-0.528522940006));
#915 = CYLINDRICAL_SURFACE('',#916,2.);
#916 = AXIS2_PLACEMENT_3D('',#917,#918,#919);
#917 = CARTESIAN_POINT('',(9.922417888097,39.838216077122,
    17.450524699965));
#918 = DIRECTION('',(-0.842669213835,-0.102820707749,-0.528522940006));
#919 = DIRECTION('',(0.511160429029,-0.461204444355,-0.725262349982));
#920 = ADVANCED_FACE('',(#921),#948,.T.);
#921 = FACE_BOUND('',#922,.T.);
#922 = EDGE_LOOP('',(#923,#924,#932,#941));
#923 = ORIENTED_EDGE('',*,*,#864,.F.);
#924 = ORIENTED_EDGE('',*,*,#925,.T.);
#925 = EDGE_CURVE('',#865,#926,#928,.T.);
#926 = VERTEX_POINT('',#927);
#927 = CARTESIAN_POINT('',(10.920779731905,39.112163779843,16.));
#928 = LINE('',#929,#930);
#929 = CARTESIAN_POINT('',(11.064783611242,37.931977040741,16.));
#930 = VECTOR('',#931,1.);
#931 = DIRECTION('',(-0.121119571327,0.992637924644,0.));
#932 = ORIENTED_EDGE('',*,*,#933,.T.);
#933 = EDGE_CURVE('',#926,#934,#936,.T.);
#934 = VERTEX_POINT('',#935);
#935 = CARTESIAN_POINT('',(11.03419799454,39.820544771553,
    16.123509395981));
#936 = ELLIPSE('',#937,2.600072331764,1.245);
#937 = AXIS2_PLACEMENT_3D('',#938,#939,#940);
#938 = CARTESIAN_POINT('',(12.792620160289,40.28185166423,17.245));
#939 = DIRECTION('',(0.524631914294,6.401447192985E-02,-0.848919019629)
  );
#940 = DIRECTION('',(-0.679834166343,-0.568714029378,-0.463022525437));
#941 = ORIENTED_EDGE('',*,*,#942,.T.);
#942 = EDGE_CURVE('',#934,#867,#943,.T.);
#943 = B_SPLINE_CURVE_WITH_KNOTS('',3,(#944,#945,#946,#947),
  .UNSPECIFIED.,.F.,.F.,(4,4),(0.277428375841,0.401254736935),
  .PIECEWISE_BEZIER_KNOTS.);
#944 = CARTESIAN_POINT('',(11.03419799454,39.820544771553,
    16.123509395981));
#945 = CARTESIAN_POINT('',(11.131907204968,39.521896695167,
    16.161373515486));
#946 = CARTESIAN_POINT('',(11.242454192825,39.239934771533,
    16.208429634255));
#947 = CARTESIAN_POINT('',(11.367812561513,38.967429756805,
    16.265352303207));
#948 = PLANE('',#949);
#949 = AXIS2_PLACEMENT_3D('',#950,#951,#952);
#950 = CARTESIAN_POINT('',(10.781118095195,40.256763580669,16.));
#951 = DIRECTION('',(0.524631914294,6.401447192985E-02,-0.848919019629)
  );
#952 = DIRECTION('',(0.121119571327,-0.992637924644,2.081668171172E-17)
  );
#953 = ADVANCED_FACE('',(#954),#1008,.T.);
#954 = FACE_BOUND('',#955,.T.);
#955 = EDGE_LOOP('',(#956,#973,#981,#994,#1002));
#956 = ORIENTED_EDGE('',*,*,#957,.F.);
#957 = EDGE_CURVE('',#958,#960,#962,.T.);
#958 = VERTEX_POINT('',#959);
#959 = CARTESIAN_POINT('',(28.985409002092,37.454458474961,
    15.176417193733));
#960 = VERTEX_POINT('',#961);
#961 = CARTESIAN_POINT('',(29.421550337343,38.362229069162,
    13.154476549372));
#962 = B_SPLINE_CURVE_WITH_KNOTS('',3,(#963,#964,#965,#966,#967,#968,
    #969,#970,#971,#972),.UNSPECIFIED.,.F.,.F.,(4,2,2,2,4),(
    -0.636464629089,-0.593588846066,-0.531885381687,-0.421728653524,
    -0.4183445625),.UNSPECIFIED.);
#963 = CARTESIAN_POINT('',(28.985409002092,37.454458474961,
    15.176417193733));
#964 = CARTESIAN_POINT('',(28.988526732202,37.464413185083,
    15.027373876967));
#965 = CARTESIAN_POINT('',(28.995433789681,37.486538508386,
    14.873203922316));
#966 = CARTESIAN_POINT('',(29.023152919206,37.569258511087,
    14.50446063649));
#967 = CARTESIAN_POINT('',(29.049218872916,37.64314848527,
    14.293155161541));
#968 = CARTESIAN_POINT('',(29.144164615343,37.876602084296,
    13.778702368552));
#969 = CARTESIAN_POINT('',(29.259828042205,38.11829674801,
    13.428905659914));
#970 = CARTESIAN_POINT('',(29.412258170011,38.348364659213,
    13.169921303132));
#971 = CARTESIAN_POINT('',(29.416869960769,38.355272882479,
    13.162198786039));
#972 = CARTESIAN_POINT('',(29.421550337343,38.362229069162,
    13.154476549372));
#973 = ORIENTED_EDGE('',*,*,#974,.T.);
#974 = EDGE_CURVE('',#958,#975,#977,.T.);
#975 = VERTEX_POINT('',#976);
#976 = CARTESIAN_POINT('',(25.439921352887,37.887071347746,
    17.400150451512));
#977 = LINE('',#978,#979);
#978 = CARTESIAN_POINT('',(25.580107404953,37.869966143411,
    17.312225625056));
#979 = VECTOR('',#980,1.);
#980 = DIRECTION('',(-0.842669213835,0.102820707749,0.528522940006));
#981 = ORIENTED_EDGE('',*,*,#982,.F.);
#982 = EDGE_CURVE('',#983,#975,#985,.T.);
#983 = VERTEX_POINT('',#984);
#984 = CARTESIAN_POINT('',(24.461615720703,38.967429756806,
    16.265352303207));
#985 = B_SPLINE_CURVE_WITH_KNOTS('',3,(#986,#987,#988,#989,#990,#991,
    #992,#993),.UNSPECIFIED.,.F.,.F.,(4,2,2,4),(-0.198948164473,
    -0.128132297864,-6.328350762418E-02,0.),.UNSPECIFIED.);
#986 = CARTESIAN_POINT('',(24.461615720703,38.967429756806,
    16.265352303207));
#987 = CARTESIAN_POINT('',(24.526257911068,38.799959685184,
    16.32628944074));
#988 = CARTESIAN_POINT('',(24.615070734767,38.62155193538,
    16.412599157258));
#989 = CARTESIAN_POINT('',(24.825728519419,38.302235859443,
    16.657512106769));
#990 = CARTESIAN_POINT('',(24.932484297376,38.17664793291,
    16.796448677241));
#991 = CARTESIAN_POINT('',(25.168425598048,37.985874653341,
    17.095200137519));
#992 = CARTESIAN_POINT('',(25.295378654706,37.921597565681,
    17.250440223322));
#993 = CARTESIAN_POINT('',(25.439921352886,37.887071347746,
    17.400150451512));
#994 = ORIENTED_EDGE('',*,*,#995,.T.);
#995 = EDGE_CURVE('',#983,#996,#998,.T.);
#996 = VERTEX_POINT('',#997);
#997 = CARTESIAN_POINT('',(24.884689536062,38.915807188412,16.));
#998 = LINE('',#999,#1000);
#999 = CARTESIAN_POINT('',(24.884689536062,38.915807188412,16.));
#1000 = VECTOR('',#1001,1.);
#1001 = DIRECTION('',(0.842669213835,-0.102820707749,-0.528522940006));
#1002 = ORIENTED_EDGE('',*,*,#1003,.F.);
#1003 = EDGE_CURVE('',#960,#996,#1004,.T.);
#1004 = LINE('',#1005,#1006);
#1005 = CARTESIAN_POINT('',(24.884689536062,38.915807188412,16.));
#1006 = VECTOR('',#1007,1.);
#1007 = DIRECTION('',(-0.842669213835,0.102820707749,0.528522940006));
#1008 = CYLINDRICAL_SURFACE('',#1009,2.);
#1009 = AXIS2_PLACEMENT_3D('',#1010,#1011,#1012);
#1010 = CARTESIAN_POINT('',(25.90701039412,39.838216077122,
    17.450524699965));
#1011 = DIRECTION('',(-0.842669213835,0.102820707749,0.528522940006));
#1012 = DIRECTION('',(-0.511160429029,-0.461204444355,-0.725262349982));
#1013 = ADVANCED_FACE('',(#1014),#1043,.T.);
#1014 = FACE_BOUND('',#1015,.T.);
#1015 = EDGE_LOOP('',(#1016,#1017,#1028,#1037));
#1016 = ORIENTED_EDGE('',*,*,#995,.F.);
#1017 = ORIENTED_EDGE('',*,*,#1018,.T.);
#1018 = EDGE_CURVE('',#983,#1019,#1021,.T.);
#1019 = VERTEX_POINT('',#1020);
#1020 = CARTESIAN_POINT('',(24.795230287677,39.820544771553,
    16.123509395981));
#1021 = B_SPLINE_CURVE_WITH_KNOTS('',3,(#1022,#1023,#1024,#1025,#1026,
    #1027),.UNSPECIFIED.,.F.,.F.,(4,2,4),(1.224608102213,1.261847922237,
    1.430382980849),.UNSPECIFIED.);
#1022 = CARTESIAN_POINT('',(24.461615720703,38.967429756806,
    16.265352303207));
#1023 = CARTESIAN_POINT('',(24.484430189653,39.017024030106,
    16.254992719902));
#1024 = CARTESIAN_POINT('',(24.506671680488,39.066753477649,
    16.244997430135));
#1025 = CARTESIAN_POINT('',(24.626533332757,39.342495203326,
    16.19171580247));
#1026 = CARTESIAN_POINT('',(24.715134596547,39.57573239432,
    16.154547952197));
#1027 = CARTESIAN_POINT('',(24.795230287677,39.820544771553,
    16.123509395981));
#1028 = ORIENTED_EDGE('',*,*,#1029,.T.);
#1029 = EDGE_CURVE('',#1019,#1030,#1032,.T.);
#1030 = VERTEX_POINT('',#1031);
#1031 = CARTESIAN_POINT('',(24.908648550311,39.112163779843,16.));
#1032 = ELLIPSE('',#1033,2.600072331764,1.245);
#1033 = AXIS2_PLACEMENT_3D('',#1034,#1035,#1036);
#1034 = CARTESIAN_POINT('',(23.036808121927,40.28185166423,17.245));
#1035 = DIRECTION('',(-0.524631914294,6.401447192986E-02,-0.848919019629
    ));
#1036 = DIRECTION('',(0.679834166343,-0.568714029378,-0.463022525438));
#1037 = ORIENTED_EDGE('',*,*,#1038,.T.);
#1038 = EDGE_CURVE('',#1030,#996,#1039,.T.);
#1039 = LINE('',#1040,#1041);
#1040 = CARTESIAN_POINT('',(24.632716187115,36.850754452309,16.));
#1041 = VECTOR('',#1042,1.);
#1042 = DIRECTION('',(-0.121119571327,-0.992637924644,0.));
#1043 = PLANE('',#1044);
#1044 = AXIS2_PLACEMENT_3D('',#1045,#1046,#1047);
#1045 = CARTESIAN_POINT('',(24.784453219303,38.094318403805,16.));
#1046 = DIRECTION('',(-0.524631914294,6.401447192986E-02,-0.848919019629
    ));
#1047 = DIRECTION('',(0.121119571327,0.992637924644,-5.551115123126E-17)
  );
#1048 = ADVANCED_FACE('',(#1049),#1088,.T.);
#1049 = FACE_BOUND('',#1050,.T.);
#1050 = EDGE_LOOP('',(#1051,#1060,#1067,#1068,#1077,#1086,#1087));
#1051 = ORIENTED_EDGE('',*,*,#1052,.F.);
#1052 = EDGE_CURVE('',#1053,#975,#1055,.T.);
#1053 = VERTEX_POINT('',#1054);
#1054 = CARTESIAN_POINT('',(26.534899895516,37.600741325231,
    18.886908691297));
#1055 = B_SPLINE_CURVE_WITH_KNOTS('',3,(#1056,#1057,#1058,#1059),
  .UNSPECIFIED.,.F.,.F.,(4,4),(0.,0.226468761119),
  .PIECEWISE_BEZIER_KNOTS.);
#1056 = CARTESIAN_POINT('',(26.534899895516,37.600741325231,
    18.886908691297));
#1057 = CARTESIAN_POINT('',(26.14762124095,37.709943090422,
    18.248192797226));
#1058 = CARTESIAN_POINT('',(25.795532996485,37.802128107711,
    17.768475527633));
#1059 = CARTESIAN_POINT('',(25.439921352887,37.887071347746,
    17.400150451512));
#1060 = ORIENTED_EDGE('',*,*,#1061,.T.);
#1061 = EDGE_CURVE('',#1053,#545,#1062,.T.);
#1062 = B_SPLINE_CURVE_WITH_KNOTS('',3,(#1063,#1064,#1065,#1066),
  .UNSPECIFIED.,.F.,.F.,(4,4),(-0.333169371503,0.346785227931),
  .PIECEWISE_BEZIER_KNOTS.);
#1063 = CARTESIAN_POINT('',(26.534899895516,37.600741325231,
    18.886908691297));
#1064 = CARTESIAN_POINT('',(24.612800728742,36.399647431824,
    18.886908691297));
#1065 = CARTESIAN_POINT('',(22.690701561968,35.198553538417,
    18.886908691297));
#1066 = CARTESIAN_POINT('',(20.768602395195,33.99745964501,
    18.886908691297));
#1067 = ORIENTED_EDGE('',*,*,#544,.F.);
#1068 = ORIENTED_EDGE('',*,*,#1069,.T.);
#1069 = EDGE_CURVE('',#536,#1070,#1072,.T.);
#1070 = VERTEX_POINT('',#1071);
#1071 = CARTESIAN_POINT('',(22.655528248545,40.520108324196,16.));
#1072 = B_SPLINE_CURVE_WITH_KNOTS('',3,(#1073,#1074,#1075,#1076),
  .UNSPECIFIED.,.F.,.F.,(4,4),(7.950890622525E-03,0.158888479582),
  .PIECEWISE_BEZIER_KNOTS.);
#1073 = CARTESIAN_POINT('',(21.375514784931,39.720245142731,16.));
#1074 = CARTESIAN_POINT('',(21.802185939469,39.986866203219,16.));
#1075 = CARTESIAN_POINT('',(22.228857094007,40.253487263708,16.));
#1076 = CARTESIAN_POINT('',(22.655528248545,40.520108324196,16.));
#1077 = ORIENTED_EDGE('',*,*,#1078,.T.);
#1078 = EDGE_CURVE('',#1070,#1019,#1079,.T.);
#1079 = B_SPLINE_CURVE_WITH_KNOTS('',3,(#1080,#1081,#1082,#1083,#1084,
    #1085),.UNSPECIFIED.,.F.,.F.,(4,2,4),(-2.446418601753E-03,0.,
    0.281424002754),.UNSPECIFIED.);
#1080 = CARTESIAN_POINT('',(22.655528248545,40.520108324196,16.));
#1081 = CARTESIAN_POINT('',(22.66316292425,40.517242782955,16.));
#1082 = CARTESIAN_POINT('',(22.67079879146,40.514380282049,
    16.000003145313));
#1083 = CARTESIAN_POINT('',(23.556955571758,40.18258847887,
    16.000737443888));
#1084 = CARTESIAN_POINT('',(24.245055740257,39.971480423654,
    16.044665453702));
#1085 = CARTESIAN_POINT('',(24.795230287677,39.820544771553,
    16.123509395981));
#1086 = ORIENTED_EDGE('',*,*,#1018,.F.);
#1087 = ORIENTED_EDGE('',*,*,#982,.T.);
#1088 = B_SPLINE_SURFACE_WITH_KNOTS('',3,3,(
    (#1089,#1090,#1091,#1092)
    ,(#1093,#1094,#1095,#1096)
    ,(#1097,#1098,#1099,#1100)
    ,(#1101,#1102,#1103,#1104)
    ,(#1105,#1106,#1107,#1108)
    ,(#1109,#1110,#1111,#1112)
    ,(#1113,#1114,#1115,#1116)
    ,(#1117,#1118,#1119,#1120
  )),.UNSPECIFIED.,.F.,.F.,.F.,(4,1,1,1,1,4),(4,4),(0.,0.142857142857,
    0.285714285714,0.571428571429,0.857142857143,1.),(-0.346785227931,
    0.333169371503),.UNSPECIFIED.);
#1089 = CARTESIAN_POINT('',(20.768602395195,33.99745964501,
    18.886908691297));
#1090 = CARTESIAN_POINT('',(22.690701561968,35.198553538417,
    18.886908691297));
#1091 = CARTESIAN_POINT('',(24.612800728742,36.399647431824,
    18.886908691297));
#1092 = CARTESIAN_POINT('',(26.534899895516,37.600741325231,
    18.886908691297));
#1093 = CARTESIAN_POINT('',(20.653999976868,34.180856808199,
    18.423138387471));
#1094 = CARTESIAN_POINT('',(22.576099143642,35.381950701606,
    18.423138387471));
#1095 = CARTESIAN_POINT('',(24.498198310416,36.583044595014,
    18.423138387471));
#1096 = CARTESIAN_POINT('',(26.420297477189,37.784138488421,
    18.423138387471));
#1097 = CARTESIAN_POINT('',(20.466392505931,34.481083264722,
    17.753056749465));
#1098 = CARTESIAN_POINT('',(22.388491672705,35.68217715813,
    17.753056749465));
#1099 = CARTESIAN_POINT('',(24.310590839478,36.883271051537,
    17.753056749465));
#1100 = CARTESIAN_POINT('',(26.232690006252,38.084364944944,
    17.753056749465));
#1101 = CARTESIAN_POINT('',(20.152921356755,34.982728171874,
    16.905356085258));
#1102 = CARTESIAN_POINT('',(22.075020523529,36.183822065282,
    16.905356085258));
#1103 = CARTESIAN_POINT('',(23.997119690302,37.384915958689,
    16.905356085258));
#1104 = CARTESIAN_POINT('',(25.919218857076,38.586009852096,
    16.905356085258));
#1105 = CARTESIAN_POINT('',(19.77148145813,35.593142824172,
    16.341163304305));
#1106 = CARTESIAN_POINT('',(21.693580624904,36.794236717579,
    16.341163304305));
#1107 = CARTESIAN_POINT('',(23.615679791677,37.995330610987,
    16.341163304305));
#1108 = CARTESIAN_POINT('',(25.537778958451,39.196424504394,
    16.341163304305));
#1109 = CARTESIAN_POINT('',(19.233208698172,36.454535617102,
    16.056269188553));
#1110 = CARTESIAN_POINT('',(21.155307864945,37.655629510509,
    16.056269188553));
#1111 = CARTESIAN_POINT('',(23.077407031719,38.856723403917,
    16.056269188553));
#1112 = CARTESIAN_POINT('',(24.999506198493,40.057817297324,
    16.056269188553));
#1113 = CARTESIAN_POINT('',(18.638377542945,37.406438273595,16.));
#1114 = CARTESIAN_POINT('',(20.560476709719,38.607532167002,16.));
#1115 = CARTESIAN_POINT('',(22.482575876492,39.808626060409,16.));
#1116 = CARTESIAN_POINT('',(24.404675043266,41.009719953817,16.));
#1117 = CARTESIAN_POINT('',(18.367205119269,37.84039293148,16.));
#1118 = CARTESIAN_POINT('',(20.289304286042,39.041486824887,16.));
#1119 = CARTESIAN_POINT('',(22.211403452816,40.242580718294,16.));
#1120 = CARTESIAN_POINT('',(24.13350261959,41.443674611701,16.));
#1121 = ADVANCED_FACE('',(#1122),#1172,.T.);
#1122 = FACE_BOUND('',#1123,.T.);
#1123 = EDGE_LOOP('',(#1124,#1125,#1126,#1134,#1143,#1151,#1166));
#1124 = ORIENTED_EDGE('',*,*,#1029,.F.);
#1125 = ORIENTED_EDGE('',*,*,#1078,.F.);
#1126 = ORIENTED_EDGE('',*,*,#1127,.T.);
#1127 = EDGE_CURVE('',#1070,#1128,#1130,.T.);
#1128 = VERTEX_POINT('',#1129);
#1129 = CARTESIAN_POINT('',(17.914714141108,43.482579237587,16.));
#1130 = LINE('',#1131,#1132);
#1131 = CARTESIAN_POINT('',(19.070422453392,42.760392671754,16.));
#1132 = VECTOR('',#1133,1.);
#1133 = DIRECTION('',(-0.848041546467,0.529929745783,0.));
#1134 = ORIENTED_EDGE('',*,*,#1135,.T.);
#1135 = EDGE_CURVE('',#1128,#1136,#1138,.T.);
#1136 = VERTEX_POINT('',#1137);
#1137 = CARTESIAN_POINT('',(17.914714141108,44.928364125848,
    17.028808018805));
#1138 = ELLIPSE('',#1139,1.468088450603,1.245);
#1139 = AXIS2_PLACEMENT_3D('',#1140,#1141,#1142);
#1140 = CARTESIAN_POINT('',(17.914714141108,43.482579237587,17.245));
#1141 = DIRECTION('',(1.,-3.365724954367E-15,-1.114681751632E-15));
#1142 = DIRECTION('',(3.365724954367E-15,1.,-1.783814635799E-15));
#1143 = ORIENTED_EDGE('',*,*,#1144,.T.);
#1144 = EDGE_CURVE('',#1136,#1145,#1147,.T.);
#1145 = VERTEX_POINT('',#1146);
#1146 = CARTESIAN_POINT('',(25.686356929715,40.071969171572,
    17.028808018805));
#1147 = LINE('',#1148,#1149);
#1148 = CARTESIAN_POINT('',(19.720161711529,43.800164244601,
    17.028808018805));
#1149 = VECTOR('',#1150,1.);
#1150 = DIRECTION('',(0.848041546467,-0.529929745783,9.639410251501E-18)
  );
#1151 = ORIENTED_EDGE('',*,*,#1152,.T.);
#1152 = EDGE_CURVE('',#1145,#1153,#1155,.T.);
#1153 = VERTEX_POINT('',#1154);
#1154 = CARTESIAN_POINT('',(24.933267278236,39.096779868188,16.));
#1155 = B_SPLINE_CURVE_WITH_KNOTS('',3,(#1156,#1157,#1158,#1159,#1160,
    #1161,#1162,#1163,#1164,#1165),.UNSPECIFIED.,.F.,.F.,(4,2,2,2,4),(
    -0.176680885867,-0.135140568246,-9.447232069661E-02,
    -4.825856921787E-02,0.),.UNSPECIFIED.);
#1156 = CARTESIAN_POINT('',(25.686356929715,40.071969171572,
    17.028808018805));
#1157 = CARTESIAN_POINT('',(25.638191125079,40.075096729851,
    16.899093365068));
#1158 = CARTESIAN_POINT('',(25.58524768042,40.056522222453,
    16.771502296463));
#1159 = CARTESIAN_POINT('',(25.471026479269,39.977201660839,
    16.535465362155));
#1160 = CARTESIAN_POINT('',(25.410967054049,39.917956045463,
    16.428531966113));
#1161 = CARTESIAN_POINT('',(25.278275894963,39.752681654973,
    16.231422956088));
#1162 = CARTESIAN_POINT('',(25.206762136765,39.643453064755,
    16.148019914633));
#1163 = CARTESIAN_POINT('',(25.064434540223,39.388585774795,
    16.030361177567));
#1164 = CARTESIAN_POINT('',(24.995787933417,39.244994974398,16.));
#1165 = CARTESIAN_POINT('',(24.933267278236,39.096779868188,16.));
#1166 = ORIENTED_EDGE('',*,*,#1167,.T.);
#1167 = EDGE_CURVE('',#1153,#1030,#1168,.T.);
#1168 = LINE('',#1169,#1170);
#1169 = CARTESIAN_POINT('',(19.070422453392,42.760392671754,16.));
#1170 = VECTOR('',#1171,1.);
#1171 = DIRECTION('',(-0.848041546467,0.529929745783,0.));
#1172 = CYLINDRICAL_SURFACE('',#1173,1.245);
#1173 = AXIS2_PLACEMENT_3D('',#1174,#1175,#1176);
#1174 = CARTESIAN_POINT('',(19.070422453392,42.760392671754,17.245));
#1175 = DIRECTION('',(0.848041546467,-0.529929745783,0.));
#1176 = DIRECTION('',(0.340632274593,0.545110598569,-0.766044443119));
#1177 = ADVANCED_FACE('',(#1178),#1200,.F.);
#1178 = FACE_BOUND('',#1179,.T.);
#1179 = EDGE_LOOP('',(#1180,#1181,#1182,#1183,#1184,#1193,#1199));
#1180 = ORIENTED_EDGE('',*,*,#1069,.F.);
#1181 = ORIENTED_EDGE('',*,*,#535,.T.);
#1182 = ORIENTED_EDGE('',*,*,#812,.T.);
#1183 = ORIENTED_EDGE('',*,*,#474,.T.);
#1184 = ORIENTED_EDGE('',*,*,#1185,.F.);
#1185 = EDGE_CURVE('',#1186,#454,#1188,.T.);
#1186 = VERTEX_POINT('',#1187);
#1187 = CARTESIAN_POINT('',(13.173900033672,40.520108324196,16.));
#1188 = B_SPLINE_CURVE_WITH_KNOTS('',3,(#1189,#1190,#1191,#1192),
  .UNSPECIFIED.,.F.,.F.,(4,4),(-0.858535332582,-0.707597743622),
  .PIECEWISE_BEZIER_KNOTS.);
#1189 = CARTESIAN_POINT('',(13.173900033672,40.520108324196,16.));
#1190 = CARTESIAN_POINT('',(13.60057118821,40.253487263708,16.));
#1191 = CARTESIAN_POINT('',(14.027242342748,39.986866203219,16.));
#1192 = CARTESIAN_POINT('',(14.453913497286,39.720245142731,16.));
#1193 = ORIENTED_EDGE('',*,*,#1194,.F.);
#1194 = EDGE_CURVE('',#1128,#1186,#1195,.T.);
#1195 = LINE('',#1196,#1197);
#1196 = CARTESIAN_POINT('',(10.825709836839,39.052755882277,16.));
#1197 = VECTOR('',#1198,1.);
#1198 = DIRECTION('',(-0.848041546467,-0.529929745783,0.));
#1199 = ORIENTED_EDGE('',*,*,#1127,.F.);
#1200 = PLANE('',#1201);
#1201 = AXIS2_PLACEMENT_3D('',#1202,#1203,#1204);
#1202 = CARTESIAN_POINT('',(17.914714141108,36.408392211877,16.));
#1203 = DIRECTION('',(0.,0.,1.));
#1204 = DIRECTION('',(-1.,0.,0.));
#1205 = ADVANCED_FACE('',(#1206),#1217,.F.);
#1206 = FACE_BOUND('',#1207,.T.);
#1207 = EDGE_LOOP('',(#1208,#1209,#1210));
#1208 = ORIENTED_EDGE('',*,*,#1038,.F.);
#1209 = ORIENTED_EDGE('',*,*,#1167,.F.);
#1210 = ORIENTED_EDGE('',*,*,#1211,.F.);
#1211 = EDGE_CURVE('',#996,#1153,#1212,.T.);
#1212 = ELLIPSE('',#1213,2.355621498636,1.245);
#1213 = AXIS2_PLACEMENT_3D('',#1214,#1215,#1216);
#1214 = CARTESIAN_POINT('',(27.222968771715,38.630495322289,16.));
#1215 = DIRECTION('',(0.,0.,-1.));
#1216 = DIRECTION('',(-0.992637924644,0.121119571327,0.));
#1217 = PLANE('',#1218);
#1218 = AXIS2_PLACEMENT_3D('',#1219,#1220,#1221);
#1219 = CARTESIAN_POINT('',(17.914714141108,36.408392211877,16.));
#1220 = DIRECTION('',(0.,0.,1.));
#1221 = DIRECTION('',(-1.,0.,0.));
#1222 = ADVANCED_FACE('',(#1223),#1256,.T.);
#1223 = FACE_BOUND('',#1224,.T.);
#1224 = EDGE_LOOP('',(#1225,#1234,#1235,#1236,#1245,#1254,#1255));
#1225 = ORIENTED_EDGE('',*,*,#1226,.T.);
#1226 = EDGE_CURVE('',#934,#1186,#1227,.T.);
#1227 = B_SPLINE_CURVE_WITH_KNOTS('',3,(#1228,#1229,#1230,#1231,#1232,
    #1233),.UNSPECIFIED.,.F.,.F.,(4,2,4),(3.052389769787,3.329359429134,
    3.331755952021),.UNSPECIFIED.);
#1228 = CARTESIAN_POINT('',(11.03419799454,39.820544771553,
    16.123509395981));
#1229 = CARTESIAN_POINT('',(11.586826633664,39.972153682593,
    16.044313764832));
#1230 = CARTESIAN_POINT('',(12.267186639484,40.180610352008,
    16.000742791628));
#1231 = CARTESIAN_POINT('',(13.158609427614,40.514372760873,
    16.000003153583));
#1232 = CARTESIAN_POINT('',(13.166255329039,40.517239018774,16.));
#1233 = CARTESIAN_POINT('',(13.173900033672,40.520108324196,16.));
#1234 = ORIENTED_EDGE('',*,*,#1185,.T.);
#1235 = ORIENTED_EDGE('',*,*,#453,.F.);
#1236 = ORIENTED_EDGE('',*,*,#1237,.T.);
#1237 = EDGE_CURVE('',#445,#1238,#1240,.T.);
#1238 = VERTEX_POINT('',#1239);
#1239 = CARTESIAN_POINT('',(9.294528386701,37.600741325231,
    18.886908691297));
#1240 = B_SPLINE_CURVE_WITH_KNOTS('',3,(#1241,#1242,#1243,#1244),
  .UNSPECIFIED.,.F.,.F.,(4,4),(0.352861625068,1.032816224503),
  .PIECEWISE_BEZIER_KNOTS.);
#1241 = CARTESIAN_POINT('',(15.060825887022,33.99745964501,
    18.886908691297));
#1242 = CARTESIAN_POINT('',(13.138726720248,35.198553538417,
    18.886908691297));
#1243 = CARTESIAN_POINT('',(11.216627553474,36.399647431824,
    18.886908691297));
#1244 = CARTESIAN_POINT('',(9.294528386701,37.600741325231,
    18.886908691297));
#1245 = ORIENTED_EDGE('',*,*,#1246,.F.);
#1246 = EDGE_CURVE('',#875,#1238,#1247,.T.);
#1247 = B_SPLINE_CURVE_WITH_KNOTS('',3,(#1248,#1249,#1250,#1251,#1252,
    #1253),.UNSPECIFIED.,.F.,.F.,(4,2,4),(0.891127877977,0.925234327976,
    1.225153450739),.UNSPECIFIED.);
#1248 = CARTESIAN_POINT('',(10.38950692933,37.887071347746,
    17.400150451512));
#1249 = CARTESIAN_POINT('',(10.350511164612,37.877756617302,
    17.4405403495));
#1250 = CARTESIAN_POINT('',(10.312105101662,37.868485645897,
    17.481701377378));
#1251 = CARTESIAN_POINT('',(9.941107797418,37.778036321876,
    17.89202045086));
#1252 = CARTESIAN_POINT('',(9.624349691513,37.693741722383,
    18.342953822876));
#1253 = CARTESIAN_POINT('',(9.294528386701,37.600741325231,
    18.886908691297));
#1254 = ORIENTED_EDGE('',*,*,#874,.T.);
#1255 = ORIENTED_EDGE('',*,*,#942,.F.);
#1256 = B_SPLINE_SURFACE_WITH_KNOTS('',3,3,(
    (#1257,#1258,#1259,#1260)
    ,(#1261,#1262,#1263,#1264)
    ,(#1265,#1266,#1267,#1268)
    ,(#1269,#1270,#1271,#1272)
    ,(#1273,#1274,#1275,#1276)
    ,(#1277,#1278,#1279,#1280)
    ,(#1281,#1282,#1283,#1284)
    ,(#1285,#1286,#1287,#1288
  )),.UNSPECIFIED.,.F.,.F.,.F.,(4,1,1,1,1,4),(4,4),(0.,0.142857142857,
    0.285714285714,0.571428571429,0.857142857143,1.),(-1.032816224503,
    -0.352861625068),.UNSPECIFIED.);
#1257 = CARTESIAN_POINT('',(9.294528386701,37.600741325231,
    18.886908691297));
#1258 = CARTESIAN_POINT('',(11.216627553474,36.399647431824,
    18.886908691297));
#1259 = CARTESIAN_POINT('',(13.138726720248,35.198553538417,
    18.886908691297));
#1260 = CARTESIAN_POINT('',(15.060825887022,33.99745964501,
    18.886908691297));
#1261 = CARTESIAN_POINT('',(9.409130805027,37.784138488421,
    18.423138387471));
#1262 = CARTESIAN_POINT('',(11.331229971801,36.583044595014,
    18.423138387471));
#1263 = CARTESIAN_POINT('',(13.253329138574,35.381950701606,
    18.423138387471));
#1264 = CARTESIAN_POINT('',(15.175428305348,34.180856808199,
    18.423138387471));
#1265 = CARTESIAN_POINT('',(9.596738275964,38.084364944944,
    17.753056749465));
#1266 = CARTESIAN_POINT('',(11.518837442738,36.883271051537,
    17.753056749465));
#1267 = CARTESIAN_POINT('',(13.440936609512,35.682177158129,
    17.753056749465));
#1268 = CARTESIAN_POINT('',(15.363035776285,34.481083264722,
    17.753056749465));
#1269 = CARTESIAN_POINT('',(9.910209425141,38.586009852096,
    16.905356085258));
#1270 = CARTESIAN_POINT('',(11.832308591914,37.384915958689,
    16.905356085258));
#1271 = CARTESIAN_POINT('',(13.754407758688,36.183822065282,
    16.905356085258));
#1272 = CARTESIAN_POINT('',(15.676506925462,34.982728171874,
    16.905356085258));
#1273 = CARTESIAN_POINT('',(10.291649323765,39.196424504394,
    16.341163304305));
#1274 = CARTESIAN_POINT('',(12.213748490539,37.995330610987,
    16.341163304305));
#1275 = CARTESIAN_POINT('',(14.135847657313,36.794236717579,
    16.341163304305));
#1276 = CARTESIAN_POINT('',(16.057946824087,35.593142824172,
    16.341163304305));
#1277 = CARTESIAN_POINT('',(10.829922083724,40.057817297324,
    16.056269188553));
#1278 = CARTESIAN_POINT('',(12.752021250498,38.856723403917,
    16.056269188553));
#1279 = CARTESIAN_POINT('',(14.674120417271,37.655629510509,
    16.056269188553));
#1280 = CARTESIAN_POINT('',(16.596219584045,36.454535617102,
    16.056269188553));
#1281 = CARTESIAN_POINT('',(11.42475323895,41.009719953817,16.));
#1282 = CARTESIAN_POINT('',(13.346852405724,39.808626060409,16.));
#1283 = CARTESIAN_POINT('',(15.268951572498,38.607532167002,16.));
#1284 = CARTESIAN_POINT('',(17.191050739271,37.406438273595,16.));
#1285 = CARTESIAN_POINT('',(11.695925662627,41.443674611701,16.));
#1286 = CARTESIAN_POINT('',(13.618024829401,40.242580718294,16.));
#1287 = CARTESIAN_POINT('',(15.540123996174,39.041486824887,16.));
#1288 = CARTESIAN_POINT('',(17.462223162948,37.840392931479,16.));
#1289 = ADVANCED_FACE('',(#1290),#1308,.F.);
#1290 = FACE_BOUND('',#1291,.T.);
#1291 = EDGE_LOOP('',(#1292,#1293,#1302));
#1292 = ORIENTED_EDGE('',*,*,#925,.F.);
#1293 = ORIENTED_EDGE('',*,*,#1294,.F.);
#1294 = EDGE_CURVE('',#1295,#865,#1297,.T.);
#1295 = VERTEX_POINT('',#1296);
#1296 = CARTESIAN_POINT('',(10.896161003981,39.096779868188,16.));
#1297 = ELLIPSE('',#1298,2.355621498636,1.245);
#1298 = AXIS2_PLACEMENT_3D('',#1299,#1300,#1301);
#1299 = CARTESIAN_POINT('',(8.606459510502,38.630495322289,16.));
#1300 = DIRECTION('',(0.,0.,-1.));
#1301 = DIRECTION('',(0.992637924644,0.121119571327,0.));
#1302 = ORIENTED_EDGE('',*,*,#1303,.F.);
#1303 = EDGE_CURVE('',#926,#1295,#1304,.T.);
#1304 = LINE('',#1305,#1306);
#1305 = CARTESIAN_POINT('',(10.825709836839,39.052755882277,16.));
#1306 = VECTOR('',#1307,1.);
#1307 = DIRECTION('',(-0.848041546467,-0.529929745783,0.));
#1308 = PLANE('',#1309);
#1309 = AXIS2_PLACEMENT_3D('',#1310,#1311,#1312);
#1310 = CARTESIAN_POINT('',(17.914714141108,36.408392211877,16.));
#1311 = DIRECTION('',(0.,0.,1.));
#1312 = DIRECTION('',(-1.,0.,0.));
#1313 = ADVANCED_FACE('',(#1314),#1341,.T.);
#1314 = FACE_BOUND('',#1315,.T.);
#1315 = EDGE_LOOP('',(#1316,#1317,#1318,#1326,#1335));
#1316 = ORIENTED_EDGE('',*,*,#1237,.F.);
#1317 = ORIENTED_EDGE('',*,*,#444,.T.);
#1318 = ORIENTED_EDGE('',*,*,#1319,.T.);
#1319 = EDGE_CURVE('',#436,#1320,#1322,.T.);
#1320 = VERTEX_POINT('',#1321);
#1321 = CARTESIAN_POINT('',(6.525556276784,34.641988332349,
    27.41455364939));
#1322 = LINE('',#1323,#1324);
#1323 = CARTESIAN_POINT('',(15.945970175973,28.755298507351,
    27.41455364939));
#1324 = VECTOR('',#1325,1.);
#1325 = DIRECTION('',(-0.848041546467,0.529929745783,0.));
#1326 = ORIENTED_EDGE('',*,*,#1327,.F.);
#1327 = EDGE_CURVE('',#1328,#1320,#1330,.T.);
#1328 = VERTEX_POINT('',#1329);
#1329 = CARTESIAN_POINT('',(6.962883507397,36.943282584307,
    22.732353376103));
#1330 = ELLIPSE('',#1331,8.281705541034,3.5);
#1331 = AXIS2_PLACEMENT_3D('',#1332,#1333,#1334);
#1332 = CARTESIAN_POINT('',(3.503997517735,36.408392211877,
    27.635931071709));
#1333 = DIRECTION('',(-0.480279455185,-0.768586657294,-0.422618261741));
#1334 = DIRECTION('',(-0.223957988007,-0.358397844252,0.906307787037));
#1335 = ORIENTED_EDGE('',*,*,#1336,.F.);
#1336 = EDGE_CURVE('',#1238,#1328,#1337,.T.);
#1337 = LINE('',#1338,#1339);
#1338 = CARTESIAN_POINT('',(7.108519890829,36.984347977298,
    22.492163859443));
#1339 = VECTOR('',#1340,1.);
#1340 = DIRECTION('',(-0.513022616434,-0.144658050829,0.846098010491));
#1341 = PLANE('',#1342);
#1342 = AXIS2_PLACEMENT_3D('',#1343,#1344,#1345);
#1343 = CARTESIAN_POINT('',(17.356297057131,31.012231240112,
    21.707276824695));
#1344 = DIRECTION('',(-0.480279455185,-0.768586657294,-0.422618261741));
#1345 = DIRECTION('',(-0.660603529075,-1.665334536938E-16,0.750734958141
    ));
#1346 = ADVANCED_FACE('',(#1347),#1393,.T.);
#1347 = FACE_BOUND('',#1348,.T.);
#1348 = EDGE_LOOP('',(#1349,#1360,#1367,#1376,#1385,#1392));
#1349 = ORIENTED_EDGE('',*,*,#1350,.T.);
#1350 = EDGE_CURVE('',#1351,#1353,#1355,.T.);
#1351 = VERTEX_POINT('',#1352);
#1352 = CARTESIAN_POINT('',(28.082523126452,9.609836681172,
    65.741920280687));
#1353 = VERTEX_POINT('',#1354);
#1354 = CARTESIAN_POINT('',(17.914714141108,0.804255799036,
    60.658015788015));
#1355 = CIRCLE('',#1356,10.167808985344);
#1356 = AXIS2_PLACEMENT_3D('',#1357,#1358,#1359);
#1357 = CARTESIAN_POINT('',(17.914714141108,9.609836681172,
    65.741920280687));
#1358 = DIRECTION('',(8.735199697205E-16,-0.5,0.866025403784));
#1359 = DIRECTION('',(-3.061616997868E-17,-0.866025403784,-0.5));
#1360 = ORIENTED_EDGE('',*,*,#1361,.T.);
#1361 = EDGE_CURVE('',#1353,#1351,#1362,.T.);
#1362 = CIRCLE('',#1363,10.167808985344);
#1363 = AXIS2_PLACEMENT_3D('',#1364,#1365,#1366);
#1364 = CARTESIAN_POINT('',(17.914714141108,9.609836681172,
    65.741920280687));
#1365 = DIRECTION('',(8.735199697205E-16,-0.5,0.866025403784));
#1366 = DIRECTION('',(-3.061616997868E-17,-0.866025403784,-0.5));
#1367 = ORIENTED_EDGE('',*,*,#1368,.T.);
#1368 = EDGE_CURVE('',#1351,#1369,#1371,.T.);
#1369 = VERTEX_POINT('',#1370);
#1370 = CARTESIAN_POINT('',(27.073657573578,9.114309109733,
    66.600199210971));
#1371 = CIRCLE('',#1372,1.);
#1372 = AXIS2_PLACEMENT_3D('',#1373,#1374,#1375);
#1373 = CARTESIAN_POINT('',(27.082562778576,9.614289283671,
    65.734208146933));
#1374 = DIRECTION('',(0.,-0.866025403784,-0.5));
#1375 = DIRECTION('',(1.,0.,0.));
#1376 = ORIENTED_EDGE('',*,*,#1377,.T.);
#1377 = EDGE_CURVE('',#1369,#1378,#1380,.T.);
#1378 = VERTEX_POINT('',#1379);
#1379 = CARTESIAN_POINT('',(17.914714141108,1.18243142539,
    62.020727494736));
#1380 = CIRCLE('',#1381,9.15894343247);
#1381 = AXIS2_PLACEMENT_3D('',#1382,#1383,#1384);
#1382 = CARTESIAN_POINT('',(17.914714141108,9.114309109733,
    66.600199210971));
#1383 = DIRECTION('',(-1.54074395551E-33,0.5,-0.866025403784));
#1384 = DIRECTION('',(-3.061616997868E-17,-0.866025403784,-0.5));
#1385 = ORIENTED_EDGE('',*,*,#1386,.T.);
#1386 = EDGE_CURVE('',#1378,#1369,#1387,.T.);
#1387 = CIRCLE('',#1388,9.15894343247);
#1388 = AXIS2_PLACEMENT_3D('',#1389,#1390,#1391);
#1389 = CARTESIAN_POINT('',(17.914714141108,9.114309109733,
    66.600199210971));
#1390 = DIRECTION('',(-1.54074395551E-33,0.5,-0.866025403784));
#1391 = DIRECTION('',(-3.061616997868E-17,-0.866025403784,-0.5));
#1392 = ORIENTED_EDGE('',*,*,#1368,.F.);
#1393 = TOROIDAL_SURFACE('',#1394,9.167848637468,1.);
#1394 = AXIS2_PLACEMENT_3D('',#1395,#1396,#1397);
#1395 = CARTESIAN_POINT('',(17.914714141108,9.614289283671,
    65.734208146933));
#1396 = DIRECTION('',(0.,0.5,-0.866025403784));
#1397 = DIRECTION('',(-1.,0.,0.));
#1398 = ADVANCED_FACE('',(#1399),#1428,.T.);
#1399 = FACE_BOUND('',#1400,.T.);
#1400 = EDGE_LOOP('',(#1401,#1412,#1419,#1425,#1426,#1427));
#1401 = ORIENTED_EDGE('',*,*,#1402,.F.);
#1402 = EDGE_CURVE('',#1403,#1405,#1407,.T.);
#1403 = VERTEX_POINT('',#1404);
#1404 = CARTESIAN_POINT('',(17.914714141108,24.209761518336,
    60.992998667856));
#1405 = VERTEX_POINT('',#1406);
#1406 = CARTESIAN_POINT('',(17.914714141108,6.422561019883,
    50.723553671944));
#1407 = CIRCLE('',#1408,10.269444995912);
#1408 = AXIS2_PLACEMENT_3D('',#1409,#1410,#1411);
#1409 = CARTESIAN_POINT('',(17.914714141108,15.316161269109,
    55.8582761699));
#1410 = DIRECTION('',(-3.476137567144E-16,0.5,-0.866025403784));
#1411 = DIRECTION('',(-3.061616997868E-17,-0.866025403784,-0.5));
#1412 = ORIENTED_EDGE('',*,*,#1413,.F.);
#1413 = EDGE_CURVE('',#1405,#1403,#1414,.T.);
#1414 = CIRCLE('',#1415,10.269444995912);
#1415 = AXIS2_PLACEMENT_3D('',#1416,#1417,#1418);
#1416 = CARTESIAN_POINT('',(17.914714141108,15.316161269109,
    55.8582761699));
#1417 = DIRECTION('',(-3.476137567144E-16,0.5,-0.866025403784));
#1418 = DIRECTION('',(-3.061616997868E-17,-0.866025403784,-0.5));
#1419 = ORIENTED_EDGE('',*,*,#1420,.T.);
#1420 = EDGE_CURVE('',#1405,#1353,#1421,.T.);
#1421 = LINE('',#1422,#1423);
#1422 = CARTESIAN_POINT('',(17.914714141108,3.78609874857,
    55.385428298766));
#1423 = VECTOR('',#1424,1.);
#1424 = DIRECTION('',(1.090573079686E-18,-0.492268040184,0.870443666537)
  );
#1425 = ORIENTED_EDGE('',*,*,#1350,.F.);
#1426 = ORIENTED_EDGE('',*,*,#1361,.F.);
#1427 = ORIENTED_EDGE('',*,*,#1420,.F.);
#1428 = CONICAL_SURFACE('',#1429,10.221750985577,8.905322703551E-03);
#1429 = AXIS2_PLACEMENT_3D('',#1430,#1431,#1432);
#1430 = CARTESIAN_POINT('',(17.914714141108,12.638394773238,
    60.496303791554));
#1431 = DIRECTION('',(0.,0.5,-0.866025403784));
#1432 = DIRECTION('',(0.,0.866025403784,0.5));
#1433 = ADVANCED_FACE('',(#1434),#1454,.F.);
#1434 = FACE_BOUND('',#1435,.F.);
#1435 = EDGE_LOOP('',(#1436,#1444,#1445,#1446,#1447));
#1436 = ORIENTED_EDGE('',*,*,#1437,.T.);
#1437 = EDGE_CURVE('',#1438,#1378,#1440,.T.);
#1438 = VERTEX_POINT('',#1439);
#1439 = CARTESIAN_POINT('',(17.914714141108,1.617653258658,
    62.266861514827));
#1440 = LINE('',#1441,#1442);
#1441 = CARTESIAN_POINT('',(17.914714141108,0.964820508755,
    61.89766048469));
#1442 = VECTOR('',#1443,1.);
#1443 = DIRECTION('',(-1.2245982393E-16,-0.870443666537,-0.492268040184)
  );
#1444 = ORIENTED_EDGE('',*,*,#1386,.T.);
#1445 = ORIENTED_EDGE('',*,*,#1377,.T.);
#1446 = ORIENTED_EDGE('',*,*,#1437,.F.);
#1447 = ORIENTED_EDGE('',*,*,#1448,.F.);
#1448 = EDGE_CURVE('',#1438,#1438,#1449,.T.);
#1449 = CIRCLE('',#1450,8.658963258532);
#1450 = AXIS2_PLACEMENT_3D('',#1451,#1452,#1453);
#1451 = CARTESIAN_POINT('',(17.914714141108,9.116535410983,
    66.596343144093));
#1452 = DIRECTION('',(0.,0.5,-0.866025403784));
#1453 = DIRECTION('',(1.,0.,0.));
#1454 = CONICAL_SURFACE('',#1455,9.408933519439,1.561891004091);
#1455 = AXIS2_PLACEMENT_3D('',#1456,#1457,#1458);
#1456 = CARTESIAN_POINT('',(17.914714141108,9.113195959108,
    66.602127244409));
#1457 = DIRECTION('',(0.,-0.5,0.866025403784));
#1458 = DIRECTION('',(0.,0.866025403784,0.5));
#1459 = ADVANCED_FACE('',(#1460),#1490,.F.);
#1460 = FACE_BOUND('',#1461,.F.);
#1461 = EDGE_LOOP('',(#1462,#1463,#1472,#1481,#1488,#1489));
#1462 = ORIENTED_EDGE('',*,*,#500,.F.);
#1463 = ORIENTED_EDGE('',*,*,#1464,.T.);
#1464 = EDGE_CURVE('',#501,#1465,#1467,.T.);
#1465 = VERTEX_POINT('',#1466);
#1466 = CARTESIAN_POINT('',(12.196463397365,19.188139416455,
    49.151813292901));
#1467 = CIRCLE('',#1468,10.);
#1468 = AXIS2_PLACEMENT_3D('',#1469,#1470,#1471);
#1469 = CARTESIAN_POINT('',(4.218405522707,22.202712045726,
    43.930420335898));
#1470 = DIRECTION('',(0.,-0.866025403784,-0.5));
#1471 = DIRECTION('',(-1.,-0.,0.));
#1472 = ORIENTED_EDGE('',*,*,#1473,.F.);
#1473 = EDGE_CURVE('',#1474,#1465,#1476,.T.);
#1474 = VERTEX_POINT('',#1475);
#1475 = CARTESIAN_POINT('',(17.914714141108,14.235989007164,
    46.29268792103));
#1476 = CIRCLE('',#1477,5.718250743743);
#1477 = AXIS2_PLACEMENT_3D('',#1478,#1479,#1480);
#1478 = CARTESIAN_POINT('',(17.914714141108,19.188139416455,
    49.151813292901));
#1479 = DIRECTION('',(-1.553234475896E-15,0.5,-0.866025403784));
#1480 = DIRECTION('',(6.123233995737E-17,0.866025403784,0.5));
#1481 = ORIENTED_EDGE('',*,*,#1482,.F.);
#1482 = EDGE_CURVE('',#1465,#1474,#1483,.T.);
#1483 = CIRCLE('',#1484,5.718250743743);
#1484 = AXIS2_PLACEMENT_3D('',#1485,#1486,#1487);
#1485 = CARTESIAN_POINT('',(17.914714141108,19.188139416455,
    49.151813292901));
#1486 = DIRECTION('',(-1.553234475896E-15,0.5,-0.866025403784));
#1487 = DIRECTION('',(6.123233995737E-17,0.866025403784,0.5));
#1488 = ORIENTED_EDGE('',*,*,#1464,.F.);
#1489 = ORIENTED_EDGE('',*,*,#509,.F.);
#1490 = TOROIDAL_SURFACE('',#1491,13.696308618401,10.);
#1491 = AXIS2_PLACEMENT_3D('',#1492,#1493,#1494);
#1492 = CARTESIAN_POINT('',(17.914714141108,22.202712045726,
    43.930420335898));
#1493 = DIRECTION('',(0.,-0.5,0.866025403784));
#1494 = DIRECTION('',(1.,0.,0.));
#1495 = ADVANCED_FACE('',(#1496),#1525,.T.);
#1496 = FACE_BOUND('',#1497,.T.);
#1497 = EDGE_LOOP('',(#1498,#1499,#1507,#1516,#1523,#1524));
#1498 = ORIENTED_EDGE('',*,*,#1473,.F.);
#1499 = ORIENTED_EDGE('',*,*,#1500,.T.);
#1500 = EDGE_CURVE('',#1474,#1501,#1503,.T.);
#1501 = VERTEX_POINT('',#1502);
#1502 = CARTESIAN_POINT('',(17.914714141108,8.827465271043,
    48.579682925695));
#1503 = LINE('',#1504,#1505);
#1504 = CARTESIAN_POINT('',(17.914714141108,12.448698705243,
    47.048443870677));
#1505 = VECTOR('',#1506,1.);
#1506 = DIRECTION('',(-7.383573442468E-17,-0.921042189433,0.389462816305
    ));
#1507 = ORIENTED_EDGE('',*,*,#1508,.F.);
#1508 = EDGE_CURVE('',#1509,#1501,#1511,.T.);
#1509 = VERTEX_POINT('',#1510);
#1510 = CARTESIAN_POINT('',(17.914714141108,24.863955921437,
    57.838355119557));
#1511 = CIRCLE('',#1512,9.258672193862);
#1512 = AXIS2_PLACEMENT_3D('',#1513,#1514,#1515);
#1513 = CARTESIAN_POINT('',(17.914714141108,16.84571059624,
    53.209019022626));
#1514 = DIRECTION('',(-5.737306312801E-16,-0.5,0.866025403784));
#1515 = DIRECTION('',(-3.061616997868E-17,-0.866025403784,-0.5));
#1516 = ORIENTED_EDGE('',*,*,#1517,.F.);
#1517 = EDGE_CURVE('',#1501,#1509,#1518,.T.);
#1518 = CIRCLE('',#1519,9.258672193862);
#1519 = AXIS2_PLACEMENT_3D('',#1520,#1521,#1522);
#1520 = CARTESIAN_POINT('',(17.914714141108,16.84571059624,
    53.209019022626));
#1521 = DIRECTION('',(-5.737306312801E-16,-0.5,0.866025403784));
#1522 = DIRECTION('',(-3.061616997868E-17,-0.866025403784,-0.5));
#1523 = ORIENTED_EDGE('',*,*,#1500,.F.);
#1524 = ORIENTED_EDGE('',*,*,#1482,.F.);
#1525 = CONICAL_SURFACE('',#1526,6.88821157432,0.647149265089);
#1526 = AXIS2_PLACEMENT_3D('',#1527,#1528,#1529);
#1527 = CARTESIAN_POINT('',(17.914714141108,18.414064915247,
    50.492549657837));
#1528 = DIRECTION('',(0.,-0.5,0.866025403784));
#1529 = DIRECTION('',(0.,0.866025403784,0.5));
#1530 = ADVANCED_FACE('',(#1531),#1548,.F.);
#1531 = FACE_BOUND('',#1532,.F.);
#1532 = EDGE_LOOP('',(#1533,#1534,#1535,#1545,#1546,#1547));
#1533 = ORIENTED_EDGE('',*,*,#1517,.F.);
#1534 = ORIENTED_EDGE('',*,*,#1508,.F.);
#1535 = ORIENTED_EDGE('',*,*,#1536,.T.);
#1536 = EDGE_CURVE('',#1509,#1403,#1537,.T.);
#1537 = B_SPLINE_CURVE_WITH_KNOTS('',3,(#1538,#1539,#1540,#1541,#1542,
    #1543,#1544),.UNSPECIFIED.,.F.,.F.,(4,1,1,1,4),(-1.,-0.714285714286,
    -0.571428571429,-0.285714285714,0.),.UNSPECIFIED.);
#1538 = CARTESIAN_POINT('',(17.914714141108,24.863955921437,
    57.838355119557));
#1539 = CARTESIAN_POINT('',(17.914714141108,24.867805912242,
    57.869357677088));
#1540 = CARTESIAN_POINT('',(17.914714141108,24.900518160813,
    58.255921317028));
#1541 = CARTESIAN_POINT('',(17.914714141108,24.781128451929,
    59.325434586572));
#1542 = CARTESIAN_POINT('',(17.914714141108,24.474987376954,
    60.512534076994));
#1543 = CARTESIAN_POINT('',(17.914714141108,24.2256221787,
    60.966083607844));
#1544 = CARTESIAN_POINT('',(17.914714141108,24.209761518336,
    60.992998667856));
#1545 = ORIENTED_EDGE('',*,*,#1413,.F.);
#1546 = ORIENTED_EDGE('',*,*,#1402,.F.);
#1547 = ORIENTED_EDGE('',*,*,#1536,.F.);
#1548 = B_SPLINE_SURFACE_WITH_KNOTS('',3,3,(
    (#1549,#1550,#1551,#1552,#1553,#1554,#1555,#1556,#1557,#1558,#1559
      ,#1560,#1561,#1562,#1563,#1564,#1565,#1566,#1567,#1568,#1569,#1570
      ,#1571,#1572,#1573)
    ,(#1574,#1575,#1576,#1577,#1578,#1579,#1580,#1581,#1582,#1583,#1584
      ,#1585,#1586,#1587,#1588,#1589,#1590,#1591,#1592,#1593,#1594,#1595
      ,#1596,#1597,#1598)
    ,(#1599,#1600,#1601,#1602,#1603,#1604,#1605,#1606,#1607,#1608,#1609
      ,#1610,#1611,#1612,#1613,#1614,#1615,#1616,#1617,#1618,#1619,#1620
      ,#1621,#1622,#1623)
    ,(#1624,#1625,#1626,#1627,#1628,#1629,#1630,#1631,#1632,#1633,#1634
      ,#1635,#1636,#1637,#1638,#1639,#1640,#1641,#1642,#1643,#1644,#1645
      ,#1646,#1647,#1648)
    ,(#1649,#1650,#1651,#1652,#1653,#1654,#1655,#1656,#1657,#1658,#1659
      ,#1660,#1661,#1662,#1663,#1664,#1665,#1666,#1667,#1668,#1669,#1670
      ,#1671,#1672,#1673)
    ,(#1674,#1675,#1676,#1677,#1678,#1679,#1680,#1681,#1682,#1683,#1684
      ,#1685,#1686,#1687,#1688,#1689,#1690,#1691,#1692,#1693,#1694,#1695
      ,#1696,#1697,#1698)
    ,(#1699,#1700,#1701,#1702,#1703,#1704,#1705,#1706,#1707,#1708,#1709
      ,#1710,#1711,#1712,#1713,#1714,#1715,#1716,#1717,#1718,#1719,#1720
      ,#1721,#1722,#1723
    )),.UNSPECIFIED.,.F.,.T.,.F.,(4,1,1,1,4),(1,3,1,1,1,1,1,1,1,1,1,1,1,
    1,1,1,1,1,1,1,1,1,1,3,1),(0.,0.285714285714,0.571428571429,
    0.714285714286,1.),(-3.365992128846,-3.14159265359,-2.917193178333,
    -2.692793703077,-2.468394227821,-2.243994752564,-1.795195802051,
    -1.346396851538,-1.047197551197,-0.82279807594,-0.448798950513,
    -0.149599650171,0.149599650171,0.448798950513,0.747998250855,
    1.047197551197,1.346396851538,1.64559615188,1.944795452222,
    2.243994752564,2.468394227821,2.692793703077,2.917193178333,
    3.14159265359,3.365992128846),.UNSPECIFIED.);
#1549 = CARTESIAN_POINT('',(17.914714141108,24.209761518336,
    60.992998667856));
#1550 = CARTESIAN_POINT('',(18.682866830527,24.209761518336,
    60.992998667856));
#1551 = CARTESIAN_POINT('',(20.219036992573,24.059729060976,
    60.906377388212));
#1552 = CARTESIAN_POINT('',(22.408273660411,23.396761788902,
    60.523613055216));
#1553 = CARTESIAN_POINT('',(24.371150022446,22.327764465323,
    59.906427162685));
#1554 = CARTESIAN_POINT('',(26.559333315914,20.435521344471,
    58.813940087489));
#1555 = CARTESIAN_POINT('',(28.269464270243,17.363041469391,
    57.040043004532));
#1556 = CARTESIAN_POINT('',(28.268711793912,13.724328885566,
    54.939231314756));
#1557 = CARTESIAN_POINT('',(27.035782832342,11.011787115658,
    53.373144593712));
#1558 = CARTESIAN_POINT('',(25.20080721489,8.856406390743,
    52.128734951976));
#1559 = CARTESIAN_POINT('',(22.685514614533,7.248164202435,
    51.200215891634));
#1560 = CARTESIAN_POINT('',(19.468139948544,6.389864999462,
    50.704676615753));
#1561 = CARTESIAN_POINT('',(16.361286427769,6.389469692038,
    50.704448384905));
#1562 = CARTESIAN_POINT('',(13.3918462179,7.182724680521,51.162434366042
    ));
#1563 = CARTESIAN_POINT('',(10.824681921737,8.698602293354,
    52.03762671387));
#1564 = CARTESIAN_POINT('',(8.887232352107,10.802438291781,
    53.252276993892));
#1565 = CARTESIAN_POINT('',(7.752268214517,13.307404806319,
    54.698520085372));
#1566 = CARTESIAN_POINT('',(7.51974662591,15.990779404753,
    56.247767132114));
#1567 = CARTESIAN_POINT('',(8.211605701733,18.614175267789,
    57.762385439829));
#1568 = CARTESIAN_POINT('',(9.635432194622,20.750433637303,
    58.995754784527));
#1569 = CARTESIAN_POINT('',(11.457938189095,22.328016009357,
    59.906572391701));
#1570 = CARTESIAN_POINT('',(13.421323515836,23.396633630509,
    60.523539062934));
#1571 = CARTESIAN_POINT('',(15.610322265864,24.05977991443,
    60.906406748468));
#1572 = CARTESIAN_POINT('',(17.146561451689,24.209761518336,
    60.992998667856));
#1573 = CARTESIAN_POINT('',(17.914714141108,24.209761518336,
    60.992998667856));
#1574 = CARTESIAN_POINT('',(17.914714141108,24.2256221787,
    60.966083607844));
#1575 = CARTESIAN_POINT('',(18.682994671977,24.2256221787,
    60.966083607844));
#1576 = CARTESIAN_POINT('',(20.219187170487,24.075625707702,
    60.879483104936));
#1577 = CARTESIAN_POINT('',(22.408538162508,23.41267906603,
    60.496730682908));
#1578 = CARTESIAN_POINT('',(24.37145997057,22.343639517936,
    59.879520412041));
#1579 = CARTESIAN_POINT('',(26.559826769848,20.451274444184,
    58.786962927306));
#1580 = CARTESIAN_POINT('',(28.269900786871,17.378834125125,
    57.013088682028));
#1581 = CARTESIAN_POINT('',(28.269172104717,13.739806379267,
    54.912095033368));
#1582 = CARTESIAN_POINT('',(27.036266112261,11.027341102861,
    53.346052475868));
#1583 = CARTESIAN_POINT('',(25.20099067571,8.871655308747,
    52.101466702348));
#1584 = CARTESIAN_POINT('',(22.685778370697,7.263431366269,
    51.172958176241));
#1585 = CARTESIAN_POINT('',(19.468331184653,6.405120494489,
    50.67741216337));
#1586 = CARTESIAN_POINT('',(16.36110365918,6.40471376117,50.677177335779
    ));
#1587 = CARTESIAN_POINT('',(13.39173985827,7.197957146033,
    51.135156617563));
#1588 = CARTESIAN_POINT('',(10.824379365524,8.713963806763,
    52.010423471229));
#1589 = CARTESIAN_POINT('',(8.886705982302,10.818012482442,
    53.22519654052));
#1590 = CARTESIAN_POINT('',(7.751811875304,13.322965506623,
    54.671431843339));
#1591 = CARTESIAN_POINT('',(7.519212319549,16.006274230785,
    56.220640857552));
#1592 = CARTESIAN_POINT('',(8.21122655673,18.629904598906,
    57.735394556841));
#1593 = CARTESIAN_POINT('',(9.635083097513,20.766355457361,
    58.96887503508));
#1594 = CARTESIAN_POINT('',(11.45762548566,22.343900613567,
    59.879671155675));
#1595 = CARTESIAN_POINT('',(13.420973851633,23.41251848831,
    60.496637973318));
#1596 = CARTESIAN_POINT('',(15.610176582071,24.075680136571,
    60.879514529458));
#1597 = CARTESIAN_POINT('',(17.146433610239,24.2256221787,
    60.966083607844));
#1598 = CARTESIAN_POINT('',(17.914714141108,24.2256221787,
    60.966083607844));
#1599 = CARTESIAN_POINT('',(17.914714141108,24.474987376954,
    60.512534076994));
#1600 = CARTESIAN_POINT('',(18.682145340994,24.474987376954,
    60.512534076994));
#1601 = CARTESIAN_POINT('',(20.21672681681,24.325133937142,
    60.426016153179));
#1602 = CARTESIAN_POINT('',(22.403750965753,23.662871216513,
    60.04365859315));
#1603 = CARTESIAN_POINT('',(24.364607914002,22.594962759049,
    59.427101357763));
#1604 = CARTESIAN_POINT('',(26.550623028039,20.70461754313,
    58.335710038491));
#1605 = CARTESIAN_POINT('',(28.258934258894,17.635367831613,
    56.563677891336));
#1606 = CARTESIAN_POINT('',(28.258197439648,14.000254438518,
    54.464944195298));
#1607 = CARTESIAN_POINT('',(27.026569117783,11.290590404913,
    52.900518936083));
#1608 = CARTESIAN_POINT('',(25.19332048805,9.137267656733,
    51.657297467769));
#1609 = CARTESIAN_POINT('',(22.680702215227,7.530714710662,
    50.729753691887));
#1610 = CARTESIAN_POINT('',(19.466638827072,6.673303656022,
    50.234727188685));
#1611 = CARTESIAN_POINT('',(16.362792843672,6.6729016195,50.234495072791
    ));
#1612 = CARTESIAN_POINT('',(13.396498332856,7.465321772684,
    50.691999061542));
#1613 = CARTESIAN_POINT('',(10.831889665243,8.9796985677,51.5663249118)
  );
#1614 = CARTESIAN_POINT('',(8.89632149742,11.081472617068,
    52.779784724978));
#1615 = CARTESIAN_POINT('',(7.762585210109,13.583817332051,
    54.224514119779));
#1616 = CARTESIAN_POINT('',(7.530257473638,16.264351260873,
    55.772121105156));
#1617 = CARTESIAN_POINT('',(8.221491730836,18.885156774314,
    57.285243873835));
#1618 = CARTESIAN_POINT('',(9.643851562647,21.019306751061,
    58.517395937401));
#1619 = CARTESIAN_POINT('',(11.464478930178,22.595220010676,
    59.427249882059));
#1620 = CARTESIAN_POINT('',(13.425792805526,23.662722928813,
    60.043572979206));
#1621 = CARTESIAN_POINT('',(15.612635322593,24.325186972279,
    60.42604677303));
#1622 = CARTESIAN_POINT('',(17.147282941223,24.474987376954,
    60.512534076994));
#1623 = CARTESIAN_POINT('',(17.914714141108,24.474987376954,
    60.512534076994));
#1624 = CARTESIAN_POINT('',(17.914714141108,24.781128451929,
    59.325434586572));
#1625 = CARTESIAN_POINT('',(18.65769874397,24.781128451929,
    59.325434586572));
#1626 = CARTESIAN_POINT('',(20.143130943694,24.636117847586,
    59.24171267512));
#1627 = CARTESIAN_POINT('',(22.260203220742,23.995100335101,
    58.871621041731));
#1628 = CARTESIAN_POINT('',(24.158277429444,22.961364331822,
    58.274793281967));
#1629 = CARTESIAN_POINT('',(26.274451596519,21.131455440895,
    57.218294891198));
#1630 = CARTESIAN_POINT('',(27.927956440086,18.16060274672,
    55.503072288493));
#1631 = CARTESIAN_POINT('',(27.927270262169,14.641616135634,
    53.471384421308));
#1632 = CARTESIAN_POINT('',(26.735134750155,12.018868395028,
    51.957140307253));
#1633 = CARTESIAN_POINT('',(24.960290765072,9.934200891204,
    50.753556962749));
#1634 = CARTESIAN_POINT('',(22.52827890283,8.379149601411,
    49.855747681984));
#1635 = CARTESIAN_POINT('',(19.417125671076,7.549200462229,
    49.376576323063));
#1636 = CARTESIAN_POINT('',(16.41231551028,7.548798328762,
    49.376344151197));
#1637 = CARTESIAN_POINT('',(13.541160750686,8.315812719302,
    49.819180116048));
#1638 = CARTESIAN_POINT('',(11.058510393729,9.781808909226,
    50.665573410932));
#1639 = CARTESIAN_POINT('',(9.1847119757,11.816474600023,51.840288195224
    ));
#1640 = CARTESIAN_POINT('',(8.087385074947,14.238618004991,
    53.238713342098));
#1641 = CARTESIAN_POINT('',(7.862413555932,16.833181159354,
    54.736685077699));
#1642 = CARTESIAN_POINT('',(8.531673932554,19.370271090175,
    56.201474632217));
#1643 = CARTESIAN_POINT('',(9.908489317057,21.436252308987,
    57.394269445039));
#1644 = CARTESIAN_POINT('',(11.67081722583,22.961624190709,
    58.274943311565));
#1645 = CARTESIAN_POINT('',(13.569240104694,23.994919970477,
    58.871516908167));
#1646 = CARTESIAN_POINT('',(15.686238420582,24.636173244957,
    59.241744658807));
#1647 = CARTESIAN_POINT('',(17.171729538246,24.781128451929,
    59.325434586572));
#1648 = CARTESIAN_POINT('',(17.914714141108,24.781128451929,
    59.325434586572));
#1649 = CARTESIAN_POINT('',(17.914714141108,24.900518160813,
    58.255921317028));
#1650 = CARTESIAN_POINT('',(18.625224714985,24.900518160813,
    58.255921317028));
#1651 = CARTESIAN_POINT('',(20.046168478615,24.76173166893,
    58.175792898579));
#1652 = CARTESIAN_POINT('',(22.071176103533,24.148486640758,
    57.821735716485));
#1653 = CARTESIAN_POINT('',(23.886815859359,23.159679058675,
    57.250847392793));
#1654 = CARTESIAN_POINT('',(25.910834980081,21.409390270082,
    56.240317689539));
#1655 = CARTESIAN_POINT('',(27.492707651046,18.567356444533,
    54.599468695312));
#1656 = CARTESIAN_POINT('',(27.492006751904,15.201633203205,
    52.656267475914));
#1657 = CARTESIAN_POINT('',(26.351550048638,12.692532450311,
    51.207637480807));
#1658 = CARTESIAN_POINT('',(24.654269714257,10.698880356543,
    50.056601907799));
#1659 = CARTESIAN_POINT('',(22.327622501417,9.211262100129,
    49.197725107007));
#1660 = CARTESIAN_POINT('',(19.351584755649,8.417342790537,
    48.739355579899));
#1661 = CARTESIAN_POINT('',(16.477840033052,8.416979468693,
    48.739145815934));
#1662 = CARTESIAN_POINT('',(13.731109757478,9.150738020318,
    49.162781513236));
#1663 = CARTESIAN_POINT('',(11.356538040877,10.552889486408,
    49.972314039627));
#1664 = CARTESIAN_POINT('',(9.56445437208,12.498881895327,
    51.095833280758));
#1665 = CARTESIAN_POINT('',(8.51460493423,14.815963886367,
    52.433601192019));
#1666 = CARTESIAN_POINT('',(8.299539772508,17.298083007558,
    53.866653334799));
#1667 = CARTESIAN_POINT('',(8.939473620771,19.724660762094,
    55.26763865459));
#1668 = CARTESIAN_POINT('',(10.256498577791,21.700647798835,
    56.408475302168));
#1669 = CARTESIAN_POINT('',(11.942298422613,23.159909783295,
    57.250980601714));
#1670 = CARTESIAN_POINT('',(13.758425809829,24.148374720762,
    57.821671099445));
#1671 = CARTESIAN_POINT('',(15.783195038519,24.761777977342,
    58.175819634754));
#1672 = CARTESIAN_POINT('',(17.204203567232,24.900518160813,
    58.255921317028));
#1673 = CARTESIAN_POINT('',(17.914714141108,24.900518160813,
    58.255921317028));
#1674 = CARTESIAN_POINT('',(17.914714141108,24.867805912242,
    57.869357677088));
#1675 = CARTESIAN_POINT('',(18.608967826576,24.867805912242,
    57.869357677088));
#1676 = CARTESIAN_POINT('',(19.996703941444,24.732376671173,
    57.791167568301));
#1677 = CARTESIAN_POINT('',(21.974632799938,24.133553508474,
    57.44543685412));
#1678 = CARTESIAN_POINT('',(23.747891208002,23.167774948883,
    56.887844342762));
#1679 = CARTESIAN_POINT('',(25.725060963755,21.458109091737,
    55.900768299914));
#1680 = CARTESIAN_POINT('',(27.269721171886,18.682745104347,
    54.298411154696));
#1681 = CARTESIAN_POINT('',(27.269107624131,15.394897403072,
    52.40017139931));
#1682 = CARTESIAN_POINT('',(26.155425475044,12.944780317334,
    50.985595640313));
#1683 = CARTESIAN_POINT('',(24.496996494251,10.996904062576,
    49.860988760281));
#1684 = CARTESIAN_POINT('',(22.225071768441,9.544175761016,
    49.022255684315));
#1685 = CARTESIAN_POINT('',(19.318507694338,8.768812871905,
    48.574599711568));
#1686 = CARTESIAN_POINT('',(16.51094242069,8.768423993542,48.57437519254
    ));
#1687 = CARTESIAN_POINT('',(13.828760130948,9.484965526284,
    48.988070639354));
#1688 = CARTESIAN_POINT('',(11.509208834278,10.85466754546,
    49.778868468835));
#1689 = CARTESIAN_POINT('',(9.758423126761,12.755724710843,
    50.876444335014));
#1690 = CARTESIAN_POINT('',(8.73336679874,15.01850737175,52.182862513406
    ));
#1691 = CARTESIAN_POINT('',(8.523105371845,17.442306314162,
    53.58224348527));
#1692 = CARTESIAN_POINT('',(9.148516476755,19.812760033833,
    54.950825578423));
#1693 = CARTESIAN_POINT('',(10.434790242155,21.743049254683,
    56.065278579694));
#1694 = CARTESIAN_POINT('',(12.081222212408,23.168028747144,
    56.887990873256));
#1695 = CARTESIAN_POINT('',(13.854711150678,24.133347556412,
    57.445317947641));
#1696 = CARTESIAN_POINT('',(15.832674490777,24.732432554692,
    57.791199832666));
#1697 = CARTESIAN_POINT('',(17.22046045564,24.867805912242,
    57.869357677088));
#1698 = CARTESIAN_POINT('',(17.914714141108,24.867805912242,
    57.869357677088));
#1699 = CARTESIAN_POINT('',(17.914714141108,24.863955921437,
    57.838355119557));
#1700 = CARTESIAN_POINT('',(18.607261201733,24.863955921437,
    57.838355119557));
#1701 = CARTESIAN_POINT('',(19.992233414937,24.728690447823,
    57.760259561954));
#1702 = CARTESIAN_POINT('',(21.965993892779,24.130975902407,
    57.41516890826));
#1703 = CARTESIAN_POINT('',(23.735673636951,23.167194919203,
    56.858729698167));
#1704 = CARTESIAN_POINT('',(25.70848441907,21.461196321028,
    55.873770948273));
#1705 = CARTESIAN_POINT('',(27.250295288208,18.691126078972,
    54.274470148348));
#1706 = CARTESIAN_POINT('',(27.249616874556,15.410554730206,
    52.380431397042));
#1707 = CARTESIAN_POINT('',(26.138039267583,12.964995591447,
    50.96848716996));
#1708 = CARTESIAN_POINT('',(24.48367160385,11.021758776516,
    49.846558871761));
#1709 = CARTESIAN_POINT('',(22.215947333686,9.571808245031,
    49.009429542096));
#1710 = CARTESIAN_POINT('',(19.315243608305,8.797987364959,
    48.562663848683));
#1711 = CARTESIAN_POINT('',(16.514182955596,8.797630965772,
    48.562458081516));
#1712 = CARTESIAN_POINT('',(13.83701067283,9.512809625129,
    48.975366673014));
#1713 = CARTESIAN_POINT('',(11.522520192048,10.879486588569,
    49.764417985752));
#1714 = CARTESIAN_POINT('',(9.775764601606,12.776251980159,
    50.859515995176));
#1715 = CARTESIAN_POINT('',(8.752509605263,15.034666512195,
    52.163412233188));
#1716 = CARTESIAN_POINT('',(8.542874014658,17.453929265939,
    53.560174235303));
#1717 = CARTESIAN_POINT('',(9.166636680502,19.81911670696,54.92571584106
    ));
#1718 = CARTESIAN_POINT('',(10.450322679487,21.745113289307,
    56.037690486337));
#1719 = CARTESIAN_POINT('',(12.093448046135,23.167421704949,
    56.858860632978));
#1720 = CARTESIAN_POINT('',(13.863586660029,24.130860358038,
    57.415102198687));
#1721 = CARTESIAN_POINT('',(15.837132637183,24.728736296012,
    57.760286032418));
#1722 = CARTESIAN_POINT('',(17.222167080484,24.863955921437,
    57.838355119557));
#1723 = CARTESIAN_POINT('',(17.914714141108,24.863955921437,
    57.838355119557));
#1724 = ADVANCED_FACE('',(#1725),#1744,.T.);
#1725 = FACE_BOUND('',#1726,.T.);
#1726 = EDGE_LOOP('',(#1727,#1736,#1742,#1743));
#1727 = ORIENTED_EDGE('',*,*,#1728,.F.);
#1728 = EDGE_CURVE('',#1729,#1729,#1731,.T.);
#1729 = VERTEX_POINT('',#1730);
#1730 = CARTESIAN_POINT('',(17.914714141108,18.108804160535,
    45.969818339061));
#1731 = CIRCLE('',#1732,2.525729227746);
#1732 = AXIS2_PLACEMENT_3D('',#1733,#1734,#1735);
#1733 = CARTESIAN_POINT('',(17.914714141108,20.296149834845,
    47.232682952934));
#1734 = DIRECTION('',(0.,0.5,-0.866025403784));
#1735 = DIRECTION('',(0.,0.866025403784,0.5));
#1736 = ORIENTED_EDGE('',*,*,#1737,.T.);
#1737 = EDGE_CURVE('',#1729,#762,#1738,.T.);
#1738 = LINE('',#1739,#1740);
#1739 = CARTESIAN_POINT('',(17.914714141108,17.741614074591,
    45.757351458595));
#1740 = VECTOR('',#1741,1.);
#1741 = DIRECTION('',(1.224646236457E-16,0.865545698207,0.500829955489)
  );
#1742 = ORIENTED_EDGE('',*,*,#769,.T.);
#1743 = ORIENTED_EDGE('',*,*,#1737,.F.);
#1744 = CONICAL_SURFACE('',#1745,2.949958610425,1.569837711322);
#1745 = AXIS2_PLACEMENT_3D('',#1746,#1747,#1748);
#1746 = CARTESIAN_POINT('',(17.914714141108,20.296353171332,
    47.232330763807));
#1747 = DIRECTION('',(0.,0.5,-0.866025403784));
#1748 = DIRECTION('',(0.,0.866025403784,0.5));
#1749 = ADVANCED_FACE('',(#1750),#1769,.F.);
#1750 = FACE_BOUND('',#1751,.F.);
#1751 = EDGE_LOOP('',(#1752,#1760,#1767,#1768));
#1752 = ORIENTED_EDGE('',*,*,#1753,.T.);
#1753 = EDGE_CURVE('',#1729,#1754,#1756,.T.);
#1754 = VERTEX_POINT('',#1755);
#1755 = CARTESIAN_POINT('',(17.914714141108,18.221381896655,
    46.236053882524));
#1756 = LINE('',#1757,#1758);
#1757 = CARTESIAN_POINT('',(17.914714141108,17.929284784427,
    45.545272240449));
#1758 = VECTOR('',#1759,1.);
#1759 = DIRECTION('',(9.770303039613E-17,0.389462816305,0.921042189433)
  );
#1760 = ORIENTED_EDGE('',*,*,#1761,.T.);
#1761 = EDGE_CURVE('',#1754,#1754,#1762,.T.);
#1762 = CIRCLE('',#1763,2.295116276634);
#1763 = AXIS2_PLACEMENT_3D('',#1764,#1765,#1766);
#1764 = CARTESIAN_POINT('',(17.914714141108,20.20901089686,
    47.383612020841));
#1765 = DIRECTION('',(0.,0.5,-0.866025403784));
#1766 = DIRECTION('',(1.,0.,0.));
#1767 = ORIENTED_EDGE('',*,*,#1753,.F.);
#1768 = ORIENTED_EDGE('',*,*,#1728,.F.);
#1769 = CONICAL_SURFACE('',#1770,2.893470617234,0.923647061706);
#1770 = AXIS2_PLACEMENT_3D('',#1771,#1772,#1773);
#1771 = CARTESIAN_POINT('',(17.914714141108,20.435103844055,
    46.992007549066));
#1772 = DIRECTION('',(0.,0.5,-0.866025403784));
#1773 = DIRECTION('',(0.,0.866025403784,0.5));
#1774 = ADVANCED_FACE('',(#1775),#1794,.F.);
#1775 = FACE_BOUND('',#1776,.F.);
#1776 = EDGE_LOOP('',(#1777,#1785,#1792,#1793));
#1777 = ORIENTED_EDGE('',*,*,#1778,.T.);
#1778 = EDGE_CURVE('',#1754,#1779,#1781,.T.);
#1779 = VERTEX_POINT('',#1780);
#1780 = CARTESIAN_POINT('',(17.914714141108,8.314580622572,
    50.425146161944));
#1781 = LINE('',#1782,#1783);
#1782 = CARTESIAN_POINT('',(17.914714141108,13.267981259613,
    48.330600022234));
#1783 = VECTOR('',#1784,1.);
#1784 = DIRECTION('',(-7.383573442468E-17,-0.921042189433,0.389462816305
    ));
#1785 = ORIENTED_EDGE('',*,*,#1786,.T.);
#1786 = EDGE_CURVE('',#1779,#1779,#1787,.T.);
#1787 = CIRCLE('',#1788,8.780111710525);
#1788 = AXIS2_PLACEMENT_3D('',#1789,#1790,#1791);
#1789 = CARTESIAN_POINT('',(17.914714141108,15.918380411952,
    54.815202017207));
#1790 = DIRECTION('',(0.,0.5,-0.866025403784));
#1791 = DIRECTION('',(1.,0.,0.));
#1792 = ORIENTED_EDGE('',*,*,#1778,.F.);
#1793 = ORIENTED_EDGE('',*,*,#1761,.F.);
#1794 = CONICAL_SURFACE('',#1795,5.53761399358,0.647149265089);
#1795 = AXIS2_PLACEMENT_3D('',#1796,#1797,#1798);
#1796 = CARTESIAN_POINT('',(17.914714141108,18.063695654406,
    51.099407019024));
#1797 = DIRECTION('',(0.,-0.5,0.866025403784));
#1798 = DIRECTION('',(0.,0.866025403784,0.5));
#1799 = ADVANCED_FACE('',(#1800),#1811,.F.);
#1800 = FACE_BOUND('',#1801,.F.);
#1801 = EDGE_LOOP('',(#1802,#1808,#1809,#1810));
#1802 = ORIENTED_EDGE('',*,*,#1803,.T.);
#1803 = EDGE_CURVE('',#1779,#1438,#1804,.T.);
#1804 = LINE('',#1805,#1806);
#1805 = CARTESIAN_POINT('',(17.914714141108,4.966116940615,
    56.346003838386));
#1806 = VECTOR('',#1807,1.);
#1807 = DIRECTION('',(1.090573079686E-18,-0.492268040184,0.870443666537)
  );
#1808 = ORIENTED_EDGE('',*,*,#1448,.T.);
#1809 = ORIENTED_EDGE('',*,*,#1803,.F.);
#1810 = ORIENTED_EDGE('',*,*,#1786,.F.);
#1811 = CONICAL_SURFACE('',#1812,8.719537484529,8.905322703551E-03);
#1812 = AXIS2_PLACEMENT_3D('',#1813,#1814,#1815);
#1813 = CARTESIAN_POINT('',(17.914714141108,12.517457911467,
    60.70577258065));
#1814 = DIRECTION('',(0.,0.5,-0.866025403784));
#1815 = DIRECTION('',(0.,0.866025403784,0.5));
#1816 = ADVANCED_FACE('',(#1817),#1844,.T.);
#1817 = FACE_BOUND('',#1818,.T.);
#1818 = EDGE_LOOP('',(#1819,#1820,#1828,#1836,#1843));
#1819 = ORIENTED_EDGE('',*,*,#435,.T.);
#1820 = ORIENTED_EDGE('',*,*,#1821,.T.);
#1821 = EDGE_CURVE('',#427,#1822,#1824,.T.);
#1822 = VERTEX_POINT('',#1823);
#1823 = CARTESIAN_POINT('',(8.585226723693,33.233200486196,28.));
#1824 = LINE('',#1825,#1826);
#1825 = CARTESIAN_POINT('',(17.914714141108,27.403329395577,28.));
#1826 = VECTOR('',#1827,1.);
#1827 = DIRECTION('',(-0.848041546467,0.529929745783,0.));
#1828 = ORIENTED_EDGE('',*,*,#1829,.T.);
#1829 = EDGE_CURVE('',#1822,#1830,#1832,.T.);
#1830 = VERTEX_POINT('',#1831);
#1831 = CARTESIAN_POINT('',(6.47214293037,34.553638101638,28.));
#1832 = LINE('',#1833,#1834);
#1833 = CARTESIAN_POINT('',(17.914714141108,27.403329395577,28.));
#1834 = VECTOR('',#1835,1.);
#1835 = DIRECTION('',(-0.848041546467,0.529929745783,0.));
#1836 = ORIENTED_EDGE('',*,*,#1837,.F.);
#1837 = EDGE_CURVE('',#1320,#1830,#1838,.T.);
#1838 = ELLIPSE('',#1839,20.155696691003,3.5);
#1839 = AXIS2_PLACEMENT_3D('',#1840,#1841,#1842);
#1840 = CARTESIAN_POINT('',(3.503997517735,36.408392211877,28.));
#1841 = DIRECTION('',(-0.521878922199,-0.835157889837,-0.173648177667));
#1842 = DIRECTION('',(-9.202133464666E-02,-0.14726086913,0.984807753012)
  );
#1843 = ORIENTED_EDGE('',*,*,#1319,.F.);
#1844 = PLANE('',#1845);
#1845 = AXIS2_PLACEMENT_3D('',#1846,#1847,#1848);
#1846 = CARTESIAN_POINT('',(17.914714141108,27.403329395577,28.));
#1847 = DIRECTION('',(-0.521878922199,-0.835157889837,-0.173648177667));
#1848 = DIRECTION('',(-0.848041546467,0.529929745783,1.387778780781E-17)
  );
#1849 = ADVANCED_FACE('',(#1850),#1861,.T.);
#1850 = FACE_BOUND('',#1851,.T.);
#1851 = EDGE_LOOP('',(#1852,#1853,#1859,#1860));
#1852 = ORIENTED_EDGE('',*,*,#698,.F.);
#1853 = ORIENTED_EDGE('',*,*,#1854,.F.);
#1854 = EDGE_CURVE('',#1822,#690,#1855,.T.);
#1855 = LINE('',#1856,#1857);
#1856 = CARTESIAN_POINT('',(8.585226723693,33.233200486196,30.5));
#1857 = VECTOR('',#1858,1.);
#1858 = DIRECTION('',(0.,0.,1.));
#1859 = ORIENTED_EDGE('',*,*,#1821,.F.);
#1860 = ORIENTED_EDGE('',*,*,#426,.T.);
#1861 = PLANE('',#1862);
#1862 = AXIS2_PLACEMENT_3D('',#1863,#1864,#1865);
#1863 = CARTESIAN_POINT('',(14.895822170925,29.289794346462,30.5));
#1864 = DIRECTION('',(-0.529929745783,-0.848041546467,0.));
#1865 = DIRECTION('',(-0.848041546467,0.529929745783,0.));
#1866 = ADVANCED_FACE('',(#1867),#1923,.T.);
#1867 = FACE_BOUND('',#1868,.T.);
#1868 = EDGE_LOOP('',(#1869,#1870,#1892,#1900,#1909,#1922));
#1869 = ORIENTED_EDGE('',*,*,#910,.T.);
#1870 = ORIENTED_EDGE('',*,*,#1871,.F.);
#1871 = EDGE_CURVE('',#1872,#896,#1874,.T.);
#1872 = VERTEX_POINT('',#1873);
#1873 = CARTESIAN_POINT('',(5.207540822336,39.465832351822,
    14.081919692698));
#1874 = B_SPLINE_CURVE_WITH_KNOTS('',3,(#1875,#1876,#1877,#1878,#1879,
    #1880,#1881,#1882,#1883,#1884,#1885,#1886,#1887,#1888,#1889,#1890,
    #1891),.UNSPECIFIED.,.F.,.F.,(4,3,2,2,2,2,2,4),(-1.199863737731E-02,
    0.,2.271758564638E-02,4.543517129277E-02,6.781191750689E-02,
    9.018866372101E-02,0.14690426062,0.203619857518),.UNSPECIFIED.);
#1875 = CARTESIAN_POINT('',(5.207540822336,39.465832351822,
    14.081919692698));
#1876 = CARTESIAN_POINT('',(5.203480302764,39.468094790534,
    14.040123022457));
#1877 = CARTESIAN_POINT('',(5.201392409114,39.469250029993,
    13.99891216029));
#1878 = CARTESIAN_POINT('',(5.201392409114,39.469250029993,
    13.958916702366));
#1879 = CARTESIAN_POINT('',(5.201392409114,39.469250029993,
    13.883191416878));
#1880 = CARTESIAN_POINT('',(5.209370736161,39.464893822898,
    13.800681592163));
#1881 = CARTESIAN_POINT('',(5.248279201241,39.442857770164,
    13.643843260928));
#1882 = CARTESIAN_POINT('',(5.279435822419,39.424960728628,
    13.569601625746));
#1883 = CARTESIAN_POINT('',(5.352805997195,39.380549408318,
    13.446155755769));
#1884 = CARTESIAN_POINT('',(5.400245454083,39.35088535902,
    13.387239354753));
#1885 = CARTESIAN_POINT('',(5.505602152146,39.28025589388,
    13.287477256405));
#1886 = CARTESIAN_POINT('',(5.563268191585,39.239289600115,
    13.246367224875));
#1887 = CARTESIAN_POINT('',(5.753863674783,39.094932207928,
    13.135277361422));
#1888 = CARTESIAN_POINT('',(5.903635090325,38.964162662911,
    13.09313524746));
#1889 = CARTESIAN_POINT('',(6.179870997199,38.673325813207,
    13.076494711549));
#1890 = CARTESIAN_POINT('',(6.306314653751,38.513177011465,
    13.103092978008));
#1891 = CARTESIAN_POINT('',(6.407877944873,38.362229069162,
    13.154476549372));
#1892 = ORIENTED_EDGE('',*,*,#1893,.T.);
#1893 = EDGE_CURVE('',#1872,#1894,#1896,.T.);
#1894 = VERTEX_POINT('',#1895);
#1895 = CARTESIAN_POINT('',(10.088074902103,40.061344754594,
    17.142995353569));
#1896 = LINE('',#1897,#1898);
#1897 = CARTESIAN_POINT('',(10.088074902103,40.061344754594,
    17.142995353569));
#1898 = VECTOR('',#1899,1.);
#1899 = DIRECTION('',(0.842669213835,0.102820707749,0.528522940006));
#1900 = ORIENTED_EDGE('',*,*,#1901,.T.);
#1901 = EDGE_CURVE('',#1894,#1902,#1904,.T.);
#1902 = VERTEX_POINT('',#1903);
#1903 = CARTESIAN_POINT('',(10.143071352501,40.071969171572,
    17.028808018805));
#1904 = ELLIPSE('',#1905,2.793504039011,1.245);
#1905 = AXIS2_PLACEMENT_3D('',#1906,#1907,#1908);
#1906 = CARTESIAN_POINT('',(8.184285635383,38.578982562691,
    15.735212140176));
#1907 = DIRECTION('',(-0.521878922199,0.835157889837,-0.173648177667));
#1908 = DIRECTION('',(0.681505822126,0.530646160235,0.503948873434));
#1909 = ORIENTED_EDGE('',*,*,#1910,.T.);
#1910 = EDGE_CURVE('',#1902,#1295,#1911,.T.);
#1911 = B_SPLINE_CURVE_WITH_KNOTS('',3,(#1912,#1913,#1914,#1915,#1916,
    #1917,#1918,#1919,#1920,#1921),.UNSPECIFIED.,.F.,.F.,(4,2,2,2,4),(
    -0.176678028657,-0.135146825269,-9.40203123177E-02,
    -4.79653131161E-02,0.),.UNSPECIFIED.);
#1912 = CARTESIAN_POINT('',(10.143071352501,40.071969171572,
    17.028808018805));
#1913 = CARTESIAN_POINT('',(10.191227247356,40.075096086378,
    16.899120052964));
#1914 = CARTESIAN_POINT('',(10.244158824223,40.056529853509,
    16.771554578407));
#1915 = CARTESIAN_POINT('',(10.359002252205,39.976792095505,
    16.534217336724));
#1916 = CARTESIAN_POINT('',(10.419773099572,39.916662548134,
    16.42619752836));
#1917 = CARTESIAN_POINT('',(10.55298871771,39.750001148153,
    16.229140561443));
#1918 = CARTESIAN_POINT('',(10.624247267102,39.640854218682,
    16.146412438728));
#1919 = CARTESIAN_POINT('',(10.765823941998,39.386852484876,
    16.02999356836));
#1920 = CARTESIAN_POINT('',(10.834020272281,39.244094305667,16.));
#1921 = CARTESIAN_POINT('',(10.896161003981,39.096779868188,16.));
#1922 = ORIENTED_EDGE('',*,*,#1294,.T.);
#1923 = CYLINDRICAL_SURFACE('',#1924,1.245);
#1924 = AXIS2_PLACEMENT_3D('',#1925,#1926,#1927);
#1925 = CARTESIAN_POINT('',(10.291572012859,38.836109170859,
    17.056904179438));
#1926 = DIRECTION('',(-0.842669213835,-0.102820707749,-0.528522940006));
#1927 = DIRECTION('',(0.266476683946,0.773310807335,-0.575309110107));
#1928 = ADVANCED_FACE('',(#1929),#1943,.T.);
#1929 = FACE_BOUND('',#1930,.T.);
#1930 = EDGE_LOOP('',(#1931,#1932,#1933,#1934,#1940,#1941,#1942));
#1931 = ORIENTED_EDGE('',*,*,#933,.F.);
#1932 = ORIENTED_EDGE('',*,*,#1303,.T.);
#1933 = ORIENTED_EDGE('',*,*,#1910,.F.);
#1934 = ORIENTED_EDGE('',*,*,#1935,.T.);
#1935 = EDGE_CURVE('',#1902,#1136,#1936,.T.);
#1936 = LINE('',#1937,#1938);
#1937 = CARTESIAN_POINT('',(10.175970578702,40.092527455125,
    17.028808018805));
#1938 = VECTOR('',#1939,1.);
#1939 = DIRECTION('',(0.848041546467,0.529929745783,0.));
#1940 = ORIENTED_EDGE('',*,*,#1135,.F.);
#1941 = ORIENTED_EDGE('',*,*,#1194,.T.);
#1942 = ORIENTED_EDGE('',*,*,#1226,.F.);
#1943 = CYLINDRICAL_SURFACE('',#1944,1.245);
#1944 = AXIS2_PLACEMENT_3D('',#1945,#1946,#1947);
#1945 = CARTESIAN_POINT('',(10.825709836839,39.052755882277,17.245));
#1946 = DIRECTION('',(0.848041546467,0.529929745783,0.));
#1947 = DIRECTION('',(-0.340632274593,0.545110598569,-0.766044443119));
#1948 = ADVANCED_FACE('',(#1949),#1991,.T.);
#1949 = FACE_BOUND('',#1950,.T.);
#1950 = EDGE_LOOP('',(#1951,#1961,#1981,#1982,#1983,#1984));
#1951 = ORIENTED_EDGE('',*,*,#1952,.T.);
#1952 = EDGE_CURVE('',#1953,#1955,#1957,.T.);
#1953 = VERTEX_POINT('',#1954);
#1954 = CARTESIAN_POINT('',(25.741353380114,40.061344754594,
    17.142995353569));
#1955 = VERTEX_POINT('',#1956);
#1956 = CARTESIAN_POINT('',(30.62188745988,39.465832351822,
    14.081919692698));
#1957 = LINE('',#1958,#1959);
#1958 = CARTESIAN_POINT('',(25.741353380114,40.061344754594,
    17.142995353569));
#1959 = VECTOR('',#1960,1.);
#1960 = DIRECTION('',(0.842669213835,-0.102820707749,-0.528522940006));
#1961 = ORIENTED_EDGE('',*,*,#1962,.F.);
#1962 = EDGE_CURVE('',#960,#1955,#1963,.T.);
#1963 = B_SPLINE_CURVE_WITH_KNOTS('',3,(#1964,#1965,#1966,#1967,#1968,
    #1969,#1970,#1971,#1972,#1973,#1974,#1975,#1976,#1977,#1978,#1979,
    #1980),.UNSPECIFIED.,.F.,.F.,(4,2,2,2,2,2,3,4),(-0.203253651955,
    -0.150130170281,-9.700668860754E-02,-7.264518969148E-02,
    -4.828369077541E-02,-2.414184538771E-02,0.,1.199863737731E-02),
  .UNSPECIFIED.);
#1964 = CARTESIAN_POINT('',(29.421550337343,38.362229069162,
    13.154476549372));
#1965 = CARTESIAN_POINT('',(29.516681058515,38.503616635989,
    13.106347386303));
#1966 = CARTESIAN_POINT('',(29.634367649872,38.654253964162,
    13.079631281555));
#1967 = CARTESIAN_POINT('',(29.891843968595,38.930964510185,
    13.087742323657));
#1968 = CARTESIAN_POINT('',(30.031615588835,39.05707381143,
    13.121899376117));
#1969 = CARTESIAN_POINT('',(30.220317282702,39.205568784909,
    13.217036963006));
#1970 = CARTESIAN_POINT('',(30.284367769757,39.252546603107,
    13.257317991873));
#1971 = CARTESIAN_POINT('',(30.402694004159,39.333838456904,
    13.358162272009));
#1972 = CARTESIAN_POINT('',(30.456692031503,39.368157607445,
    13.419046817287));
#1973 = CARTESIAN_POINT('',(30.539811230295,39.41902595288,
    13.548055831997));
#1974 = CARTESIAN_POINT('',(30.575003943173,39.439340206637,
    13.625625273403));
#1975 = CARTESIAN_POINT('',(30.618996152005,39.46432429049,
    13.790870723537));
#1976 = CARTESIAN_POINT('',(30.628035873102,39.469250029993,
    13.878443884407));
#1977 = CARTESIAN_POINT('',(30.628035873102,39.469250029993,
    13.958916702366));
#1978 = CARTESIAN_POINT('',(30.628035873102,39.469250029993,
    13.99891216029));
#1979 = CARTESIAN_POINT('',(30.625947979452,39.468094790534,
    14.040123022457));
#1980 = CARTESIAN_POINT('',(30.62188745988,39.465832351822,
    14.081919692698));
#1981 = ORIENTED_EDGE('',*,*,#1003,.T.);
#1982 = ORIENTED_EDGE('',*,*,#1211,.T.);
#1983 = ORIENTED_EDGE('',*,*,#1152,.F.);
#1984 = ORIENTED_EDGE('',*,*,#1985,.T.);
#1985 = EDGE_CURVE('',#1145,#1953,#1986,.T.);
#1986 = ELLIPSE('',#1987,2.793504039011,1.245);
#1987 = AXIS2_PLACEMENT_3D('',#1988,#1989,#1990);
#1988 = CARTESIAN_POINT('',(27.645142646833,38.578982562691,
    15.735212140176));
#1989 = DIRECTION('',(0.521878922199,0.835157889837,-0.173648177667));
#1990 = DIRECTION('',(-0.681505822126,0.530646160235,0.503948873434));
#1991 = CYLINDRICAL_SURFACE('',#1992,1.245);
#1992 = AXIS2_PLACEMENT_3D('',#1993,#1994,#1995);
#1993 = CARTESIAN_POINT('',(25.537856269358,38.836109170859,
    17.056904179438));
#1994 = DIRECTION('',(0.842669213835,-0.102820707749,-0.528522940006));
#1995 = DIRECTION('',(-0.266476683946,0.773310807335,-0.575309110107));
#1996 = ADVANCED_FACE('',(#1997),#2015,.T.);
#1997 = FACE_BOUND('',#1998,.T.);
#1998 = EDGE_LOOP('',(#1999,#2000,#2008));
#1999 = ORIENTED_EDGE('',*,*,#1952,.F.);
#2000 = ORIENTED_EDGE('',*,*,#2001,.T.);
#2001 = EDGE_CURVE('',#1953,#2002,#2004,.T.);
#2002 = VERTEX_POINT('',#2003);
#2003 = CARTESIAN_POINT('',(29.865760925533,38.898377007688,
    23.945138001571));
#2004 = LINE('',#2005,#2006);
#2005 = CARTESIAN_POINT('',(27.882271408846,39.457665659169,
    20.673885467783));
#2006 = VECTOR('',#2007,1.);
#2007 = DIRECTION('',(0.513022616434,-0.144658050829,0.846098010491));
#2008 = ORIENTED_EDGE('',*,*,#2009,.T.);
#2009 = EDGE_CURVE('',#2002,#1955,#2010,.T.);
#2010 = ELLIPSE('',#2011,50.614944493345,3.5);
#2011 = AXIS2_PLACEMENT_3D('',#2012,#2013,#2014);
#2012 = CARTESIAN_POINT('',(32.325430764482,36.408392211877,
    53.568177702139));
#2013 = DIRECTION('',(-0.163451494583,-0.984124966856,-6.91495374545E-02
    ));
#2014 = DIRECTION('',(-1.132971511949E-02,-6.821507227499E-02,
    0.997606305849));
#2015 = PLANE('',#2016);
#2016 = AXIS2_PLACEMENT_3D('',#2017,#2018,#2019);
#2017 = CARTESIAN_POINT('',(25.048310187022,40.256763580669,16.));
#2018 = DIRECTION('',(0.163451494583,0.984124966856,6.91495374545E-02));
#2019 = DIRECTION('',(0.513022616434,-0.144658050829,0.846098010491));
#2020 = ADVANCED_FACE('',(#2021,#2094),#2167,.T.);
#2021 = FACE_BOUND('',#2022,.T.);
#2022 = EDGE_LOOP('',(#2023,#2032,#2040,#2049,#2058,#2067,#2074,#2075,
    #2076,#2077,#2086,#2093));
#2023 = ORIENTED_EDGE('',*,*,#2024,.T.);
#2024 = EDGE_CURVE('',#2025,#2025,#2027,.T.);
#2025 = VERTEX_POINT('',#2026);
#2026 = CARTESIAN_POINT('',(32.325430764482,39.908392211877,0.));
#2027 = CIRCLE('',#2028,3.5);
#2028 = AXIS2_PLACEMENT_3D('',#2029,#2030,#2031);
#2029 = CARTESIAN_POINT('',(32.325430764482,36.408392211877,0.));
#2030 = DIRECTION('',(0.,0.,1.));
#2031 = DIRECTION('',(-1.586032892322E-16,-1.,0.));
#2032 = ORIENTED_EDGE('',*,*,#2033,.T.);
#2033 = EDGE_CURVE('',#2025,#2034,#2036,.T.);
#2034 = VERTEX_POINT('',#2035);
#2035 = CARTESIAN_POINT('',(32.325430764482,39.908392211877,28.));
#2036 = LINE('',#2037,#2038);
#2037 = CARTESIAN_POINT('',(32.325430764482,39.908392211877,28.));
#2038 = VECTOR('',#2039,1.);
#2039 = DIRECTION('',(0.,0.,1.));
#2040 = ORIENTED_EDGE('',*,*,#2041,.T.);
#2041 = EDGE_CURVE('',#2034,#2042,#2044,.T.);
#2042 = VERTEX_POINT('',#2043);
#2043 = CARTESIAN_POINT('',(29.357285351846,34.553638101638,28.));
#2044 = CIRCLE('',#2045,3.5);
#2045 = AXIS2_PLACEMENT_3D('',#2046,#2047,#2048);
#2046 = CARTESIAN_POINT('',(32.325430764482,36.408392211877,28.));
#2047 = DIRECTION('',(0.,0.,-1.));
#2048 = DIRECTION('',(-1.586032892322E-16,-1.,-0.));
#2049 = ORIENTED_EDGE('',*,*,#2050,.F.);
#2050 = EDGE_CURVE('',#2051,#2042,#2053,.T.);
#2051 = VERTEX_POINT('',#2052);
#2052 = CARTESIAN_POINT('',(29.303872005432,34.641988332349,
    27.41455364939));
#2053 = ELLIPSE('',#2054,20.155696691003,3.5);
#2054 = AXIS2_PLACEMENT_3D('',#2055,#2056,#2057);
#2055 = CARTESIAN_POINT('',(32.325430764482,36.408392211877,28.));
#2056 = DIRECTION('',(-0.521878922199,0.835157889837,0.173648177667));
#2057 = DIRECTION('',(9.202133464666E-02,-0.14726086913,0.984807753012)
  );
#2058 = ORIENTED_EDGE('',*,*,#2059,.F.);
#2059 = EDGE_CURVE('',#2060,#2051,#2062,.T.);
#2060 = VERTEX_POINT('',#2061);
#2061 = CARTESIAN_POINT('',(28.866544774819,36.943282584307,
    22.732353376103));
#2062 = ELLIPSE('',#2063,8.281705541034,3.5);
#2063 = AXIS2_PLACEMENT_3D('',#2064,#2065,#2066);
#2064 = CARTESIAN_POINT('',(32.325430764482,36.408392211877,
    27.635931071709));
#2065 = DIRECTION('',(-0.480279455185,0.768586657294,0.422618261741));
#2066 = DIRECTION('',(0.223957988007,-0.358397844252,0.906307787037));
#2067 = ORIENTED_EDGE('',*,*,#2068,.F.);
#2068 = EDGE_CURVE('',#958,#2060,#2069,.T.);
#2069 = ELLIPSE('',#2070,50.614944493345,3.5);
#2070 = AXIS2_PLACEMENT_3D('',#2071,#2072,#2073);
#2071 = CARTESIAN_POINT('',(32.325430764482,36.408392211877,
    22.168920618658));
#2072 = DIRECTION('',(0.163451494583,0.984124966856,6.91495374545E-02));
#2073 = DIRECTION('',(-1.132971511949E-02,-6.821507227499E-02,
    0.997606305849));
#2074 = ORIENTED_EDGE('',*,*,#957,.T.);
#2075 = ORIENTED_EDGE('',*,*,#1962,.T.);
#2076 = ORIENTED_EDGE('',*,*,#2009,.F.);
#2077 = ORIENTED_EDGE('',*,*,#2078,.F.);
#2078 = EDGE_CURVE('',#2079,#2002,#2081,.T.);
#2079 = VERTEX_POINT('',#2080);
#2080 = CARTESIAN_POINT('',(30.460241633004,39.369991358254,28.));
#2081 = ELLIPSE('',#2082,20.155696691003,3.5);
#2082 = AXIS2_PLACEMENT_3D('',#2083,#2084,#2085);
#2083 = CARTESIAN_POINT('',(32.325430764482,36.408392211877,
    19.361844275285));
#2084 = DIRECTION('',(-0.521878922199,-0.835157889837,0.173648177667));
#2085 = DIRECTION('',(-9.202133464666E-02,-0.14726086913,-0.984807753012
    ));
#2086 = ORIENTED_EDGE('',*,*,#2087,.T.);
#2087 = EDGE_CURVE('',#2079,#2034,#2088,.T.);
#2088 = CIRCLE('',#2089,3.5);
#2089 = AXIS2_PLACEMENT_3D('',#2090,#2091,#2092);
#2090 = CARTESIAN_POINT('',(32.325430764482,36.408392211877,28.));
#2091 = DIRECTION('',(0.,0.,-1.));
#2092 = DIRECTION('',(-1.586032892322E-16,-1.,-0.));
#2093 = ORIENTED_EDGE('',*,*,#2033,.F.);
#2094 = FACE_BOUND('',#2095,.T.);
#2095 = EDGE_LOOP('',(#2096,#2125,#2133,#2161));
#2096 = ORIENTED_EDGE('',*,*,#2097,.T.);
#2097 = EDGE_CURVE('',#2098,#2100,#2102,.T.);
#2098 = VERTEX_POINT('',#2099);
#2099 = CARTESIAN_POINT('',(33.700566696477,39.626932435107,
    11.865954331034));
#2100 = VERTEX_POINT('',#2101);
#2101 = CARTESIAN_POINT('',(33.700566696477,33.189851988648,
    11.865954331034));
#2102 = B_SPLINE_CURVE_WITH_KNOTS('',3,(#2103,#2104,#2105,#2106,#2107,
    #2108,#2109,#2110,#2111,#2112,#2113,#2114,#2115,#2116,#2117,#2118,
    #2119,#2120,#2121,#2122,#2123,#2124),.UNSPECIFIED.,.F.,.F.,(4,2,2,2,
    2,2,2,2,2,2,4),(0.619494373092,0.741225248849,0.862956124605,
    0.986605915321,1.112797330753,1.238988746184,1.365180161615,
    1.491371577047,1.615021367763,1.736752243519,1.858483119276),
  .UNSPECIFIED.);
#2103 = CARTESIAN_POINT('',(33.700566696477,39.626932435105,
    11.865954331034));
#2104 = CARTESIAN_POINT('',(33.700566696477,39.626932435105,
    11.460184745178));
#2105 = CARTESIAN_POINT('',(33.753524093722,39.606123207786,
    11.020391153661));
#2106 = CARTESIAN_POINT('',(33.97308781332,39.49872607027,
    10.180977246201));
#2107 = CARTESIAN_POINT('',(34.139517846287,39.410150499874,9.7815663248
    ));
#2108 = CARTESIAN_POINT('',(34.514773650574,39.148807839798,
    9.103405822148));
#2109 = CARTESIAN_POINT('',(34.778333316765,38.927483991433,
    8.748187032658));
#2110 = CARTESIAN_POINT('',(35.216664080729,38.410390939479,
    8.264406655287));
#2111 = CARTESIAN_POINT('',(35.438471886547,38.063293872916,
    8.071657236095));
#2112 = CARTESIAN_POINT('',(35.74355907578,37.27218581487,7.829366101902
    ));
#2113 = CARTESIAN_POINT('',(35.825430764482,36.829030263315,
    7.775282824722));
#2114 = CARTESIAN_POINT('',(35.825430764482,35.987754160439,
    7.775282824722));
#2115 = CARTESIAN_POINT('',(35.74355907578,35.544598608885,
    7.829366101902));
#2116 = CARTESIAN_POINT('',(35.438471886547,34.753490550839,
    8.071657236095));
#2117 = CARTESIAN_POINT('',(35.216664080729,34.406393484275,
    8.264406655287));
#2118 = CARTESIAN_POINT('',(34.778333316765,33.889300432321,
    8.748187032658));
#2119 = CARTESIAN_POINT('',(34.514773650574,33.667976583956,
    9.103405822148));
#2120 = CARTESIAN_POINT('',(34.139517846287,33.40663392388,9.7815663248)
  );
#2121 = CARTESIAN_POINT('',(33.97308781332,33.318058353484,
    10.180977246201));
#2122 = CARTESIAN_POINT('',(33.753524093722,33.210661215969,
    11.020391153661));
#2123 = CARTESIAN_POINT('',(33.700566696477,33.18985198865,
    11.460184745178));
#2124 = CARTESIAN_POINT('',(33.700566696477,33.18985198865,
    11.865954331034));
#2125 = ORIENTED_EDGE('',*,*,#2126,.T.);
#2126 = EDGE_CURVE('',#2100,#2127,#2129,.T.);
#2127 = VERTEX_POINT('',#2128);
#2128 = CARTESIAN_POINT('',(33.700566696477,33.189851988648,
    16.929934688397));
#2129 = LINE('',#2130,#2131);
#2130 = CARTESIAN_POINT('',(33.700566696477,33.18985198865,28.));
#2131 = VECTOR('',#2132,1.);
#2132 = DIRECTION('',(0.,0.,1.));
#2133 = ORIENTED_EDGE('',*,*,#2134,.T.);
#2134 = EDGE_CURVE('',#2127,#2135,#2137,.T.);
#2135 = VERTEX_POINT('',#2136);
#2136 = CARTESIAN_POINT('',(33.700566696477,39.626932435107,
    16.929934688397));
#2137 = B_SPLINE_CURVE_WITH_KNOTS('',3,(#2138,#2139,#2140,#2141,#2142,
    #2143,#2144,#2145,#2146,#2147,#2148,#2149,#2150,#2151,#2152,#2153,
    #2154,#2155,#2156,#2157,#2158,#2159,#2160),.UNSPECIFIED.,.F.,.F.,(4,
    2,2,2,2,3,2,2,2,2,4),(1.858483119276,1.980213995033,2.101944870789,
    2.225594661505,2.351786076937,2.477977492368,2.604168907799,
    2.730360323231,2.854010113947,2.975740989703,3.09747186546),
  .UNSPECIFIED.);
#2138 = CARTESIAN_POINT('',(33.700566696477,33.18985198865,
    16.929934688397));
#2139 = CARTESIAN_POINT('',(33.700566696477,33.18985198865,
    17.335704274253));
#2140 = CARTESIAN_POINT('',(33.753524093722,33.210661215969,
    17.77549786577));
#2141 = CARTESIAN_POINT('',(33.97308781332,33.318058353484,
    18.61491177323));
#2142 = CARTESIAN_POINT('',(34.139517846287,33.40663392388,
    19.014322694631));
#2143 = CARTESIAN_POINT('',(34.514773650574,33.667976583956,
    19.692483197283));
#2144 = CARTESIAN_POINT('',(34.778333316765,33.889300432321,
    20.047701986773));
#2145 = CARTESIAN_POINT('',(35.216664080729,34.406393484275,
    20.531482364144));
#2146 = CARTESIAN_POINT('',(35.438471886547,34.753490550839,
    20.724231783336));
#2147 = CARTESIAN_POINT('',(35.74355907578,35.544598608885,
    20.966522917529));
#2148 = CARTESIAN_POINT('',(35.825430764482,35.987754160439,
    21.020606194709));
#2149 = CARTESIAN_POINT('',(35.825430764482,36.408392211877,
    21.020606194709));
#2150 = CARTESIAN_POINT('',(35.825430764482,36.829030263315,
    21.020606194709));
#2151 = CARTESIAN_POINT('',(35.74355907578,37.27218581487,
    20.966522917529));
#2152 = CARTESIAN_POINT('',(35.438471886547,38.063293872916,
    20.724231783336));
#2153 = CARTESIAN_POINT('',(35.216664080729,38.410390939479,
    20.531482364144));
#2154 = CARTESIAN_POINT('',(34.778333316765,38.927483991433,
    20.047701986773));
#2155 = CARTESIAN_POINT('',(34.514773650574,39.148807839798,
    19.692483197283));
#2156 = CARTESIAN_POINT('',(34.139517846287,39.410150499874,
    19.014322694631));
#2157 = CARTESIAN_POINT('',(33.97308781332,39.49872607027,18.61491177323
    ));
#2158 = CARTESIAN_POINT('',(33.753524093722,39.606123207786,
    17.77549786577));
#2159 = CARTESIAN_POINT('',(33.700566696477,39.626932435105,
    17.335704274253));
#2160 = CARTESIAN_POINT('',(33.700566696477,39.626932435105,
    16.929934688397));
#2161 = ORIENTED_EDGE('',*,*,#2162,.T.);
#2162 = EDGE_CURVE('',#2135,#2098,#2163,.T.);
#2163 = LINE('',#2164,#2165);
#2164 = CARTESIAN_POINT('',(33.700566696477,39.626932435105,28.));
#2165 = VECTOR('',#2166,1.);
#2166 = DIRECTION('',(0.,0.,-1.));
#2167 = CYLINDRICAL_SURFACE('',#2168,3.5);
#2168 = AXIS2_PLACEMENT_3D('',#2169,#2170,#2171);
#2169 = CARTESIAN_POINT('',(32.325430764482,36.408392211877,28.));
#2170 = DIRECTION('',(0.,0.,1.));
#2171 = DIRECTION('',(-1.586032892322E-16,-1.,0.));
#2172 = ADVANCED_FACE('',(#2173,#2236),#2309,.T.);
#2173 = FACE_BOUND('',#2174,.T.);
#2174 = EDGE_LOOP('',(#2175,#2184,#2192,#2201,#2210,#2217,#2218,#2219,
    #2226,#2227,#2228,#2235));
#2175 = ORIENTED_EDGE('',*,*,#2176,.F.);
#2176 = EDGE_CURVE('',#2177,#2177,#2179,.T.);
#2177 = VERTEX_POINT('',#2178);
#2178 = CARTESIAN_POINT('',(3.503997517735,39.908392211877,0.));
#2179 = CIRCLE('',#2180,3.5);
#2180 = AXIS2_PLACEMENT_3D('',#2181,#2182,#2183);
#2181 = CARTESIAN_POINT('',(3.503997517735,36.408392211877,0.));
#2182 = DIRECTION('',(0.,0.,-1.));
#2183 = DIRECTION('',(1.586032892322E-16,-1.,0.));
#2184 = ORIENTED_EDGE('',*,*,#2185,.T.);
#2185 = EDGE_CURVE('',#2177,#2186,#2188,.T.);
#2186 = VERTEX_POINT('',#2187);
#2187 = CARTESIAN_POINT('',(3.503997517735,39.908392211877,28.));
#2188 = LINE('',#2189,#2190);
#2189 = CARTESIAN_POINT('',(3.503997517735,39.908392211877,28.));
#2190 = VECTOR('',#2191,1.);
#2191 = DIRECTION('',(0.,0.,1.));
#2192 = ORIENTED_EDGE('',*,*,#2193,.F.);
#2193 = EDGE_CURVE('',#2194,#2186,#2196,.T.);
#2194 = VERTEX_POINT('',#2195);
#2195 = CARTESIAN_POINT('',(5.369186649213,39.369991358254,28.));
#2196 = CIRCLE('',#2197,3.5);
#2197 = AXIS2_PLACEMENT_3D('',#2198,#2199,#2200);
#2198 = CARTESIAN_POINT('',(3.503997517735,36.408392211877,28.));
#2199 = DIRECTION('',(0.,0.,1.));
#2200 = DIRECTION('',(1.586032892322E-16,-1.,0.));
#2201 = ORIENTED_EDGE('',*,*,#2202,.T.);
#2202 = EDGE_CURVE('',#2194,#2203,#2205,.T.);
#2203 = VERTEX_POINT('',#2204);
#2204 = CARTESIAN_POINT('',(5.963667356683,38.898377007688,
    23.945138001571));
#2205 = ELLIPSE('',#2206,20.155696691003,3.5);
#2206 = AXIS2_PLACEMENT_3D('',#2207,#2208,#2209);
#2207 = CARTESIAN_POINT('',(3.503997517735,36.408392211877,
    19.361844275285));
#2208 = DIRECTION('',(-0.521878922199,0.835157889837,-0.173648177667));
#2209 = DIRECTION('',(9.202133464666E-02,-0.14726086913,-0.984807753012)
  );
#2210 = ORIENTED_EDGE('',*,*,#2211,.T.);
#2211 = EDGE_CURVE('',#2203,#1872,#2212,.T.);
#2212 = ELLIPSE('',#2213,50.614944493343,3.5);
#2213 = AXIS2_PLACEMENT_3D('',#2214,#2215,#2216);
#2214 = CARTESIAN_POINT('',(3.503997517735,36.408392211877,
    53.568177702138));
#2215 = DIRECTION('',(-0.163451494583,0.984124966856,6.91495374545E-02)
  );
#2216 = DIRECTION('',(1.132971511949E-02,-6.8215072275E-02,
    0.997606305849));
#2217 = ORIENTED_EDGE('',*,*,#1871,.T.);
#2218 = ORIENTED_EDGE('',*,*,#895,.T.);
#2219 = ORIENTED_EDGE('',*,*,#2220,.T.);
#2220 = EDGE_CURVE('',#888,#1328,#2221,.T.);
#2221 = ELLIPSE('',#2222,50.614944493343,3.5);
#2222 = AXIS2_PLACEMENT_3D('',#2223,#2224,#2225);
#2223 = CARTESIAN_POINT('',(3.503997517735,36.408392211877,
    22.168920618657));
#2224 = DIRECTION('',(0.163451494583,-0.984124966856,-6.91495374545E-02)
  );
#2225 = DIRECTION('',(1.132971511949E-02,-6.8215072275E-02,
    0.997606305849));
#2226 = ORIENTED_EDGE('',*,*,#1327,.T.);
#2227 = ORIENTED_EDGE('',*,*,#1837,.T.);
#2228 = ORIENTED_EDGE('',*,*,#2229,.F.);
#2229 = EDGE_CURVE('',#2186,#1830,#2230,.T.);
#2230 = CIRCLE('',#2231,3.5);
#2231 = AXIS2_PLACEMENT_3D('',#2232,#2233,#2234);
#2232 = CARTESIAN_POINT('',(3.503997517735,36.408392211877,28.));
#2233 = DIRECTION('',(0.,0.,1.));
#2234 = DIRECTION('',(1.586032892322E-16,-1.,0.));
#2235 = ORIENTED_EDGE('',*,*,#2185,.F.);
#2236 = FACE_BOUND('',#2237,.T.);
#2237 = EDGE_LOOP('',(#2238,#2267,#2275,#2303));
#2238 = ORIENTED_EDGE('',*,*,#2239,.T.);
#2239 = EDGE_CURVE('',#2240,#2242,#2244,.T.);
#2240 = VERTEX_POINT('',#2241);
#2241 = CARTESIAN_POINT('',(2.12886158574,33.189851988648,
    11.865954331034));
#2242 = VERTEX_POINT('',#2243);
#2243 = CARTESIAN_POINT('',(2.12886158574,39.626932435107,
    11.865954331034));
#2244 = B_SPLINE_CURVE_WITH_KNOTS('',3,(#2245,#2246,#2247,#2248,#2249,
    #2250,#2251,#2252,#2253,#2254,#2255,#2256,#2257,#2258,#2259,#2260,
    #2261,#2262,#2263,#2264,#2265,#2266),.UNSPECIFIED.,.F.,.F.,(4,2,2,2,
    2,2,2,2,2,2,4),(0.619494373092,0.741225248849,0.862956124605,
    0.986605915321,1.112797330753,1.238988746184,1.365180161615,
    1.491371577047,1.615021367763,1.736752243519,1.858483119276),
  .UNSPECIFIED.);
#2245 = CARTESIAN_POINT('',(2.128861585739,33.18985198865,
    11.865954331034));
#2246 = CARTESIAN_POINT('',(2.128861585739,33.18985198865,
    11.460184745178));
#2247 = CARTESIAN_POINT('',(2.075904188494,33.210661215969,
    11.020391153661));
#2248 = CARTESIAN_POINT('',(1.856340468896,33.318058353484,
    10.180977246201));
#2249 = CARTESIAN_POINT('',(1.689910435929,33.40663392388,9.7815663248)
  );
#2250 = CARTESIAN_POINT('',(1.314654631643,33.667976583956,
    9.103405822148));
#2251 = CARTESIAN_POINT('',(1.051094965451,33.889300432321,
    8.748187032658));
#2252 = CARTESIAN_POINT('',(0.612764201488,34.406393484275,
    8.264406655287));
#2253 = CARTESIAN_POINT('',(0.390956395669,34.753490550839,
    8.071657236095));
#2254 = CARTESIAN_POINT('',(8.58692064364E-02,35.544598608885,
    7.829366101902));
#2255 = CARTESIAN_POINT('',(3.997517734796E-03,35.987754160439,
    7.775282824722));
#2256 = CARTESIAN_POINT('',(3.997517734796E-03,36.829030263315,
    7.775282824722));
#2257 = CARTESIAN_POINT('',(8.58692064364E-02,37.27218581487,
    7.829366101902));
#2258 = CARTESIAN_POINT('',(0.390956395669,38.063293872916,
    8.071657236095));
#2259 = CARTESIAN_POINT('',(0.612764201488,38.410390939479,
    8.264406655287));
#2260 = CARTESIAN_POINT('',(1.051094965451,38.927483991433,
    8.748187032658));
#2261 = CARTESIAN_POINT('',(1.314654631643,39.148807839798,
    9.103405822148));
#2262 = CARTESIAN_POINT('',(1.689910435929,39.410150499874,9.7815663248)
  );
#2263 = CARTESIAN_POINT('',(1.856340468896,39.49872607027,
    10.180977246201));
#2264 = CARTESIAN_POINT('',(2.075904188494,39.606123207786,
    11.020391153661));
#2265 = CARTESIAN_POINT('',(2.128861585739,39.626932435105,
    11.460184745178));
#2266 = CARTESIAN_POINT('',(2.128861585739,39.626932435105,
    11.865954331034));
#2267 = ORIENTED_EDGE('',*,*,#2268,.T.);
#2268 = EDGE_CURVE('',#2242,#2269,#2271,.T.);
#2269 = VERTEX_POINT('',#2270);
#2270 = CARTESIAN_POINT('',(2.12886158574,39.626932435107,
    16.929934688397));
#2271 = LINE('',#2272,#2273);
#2272 = CARTESIAN_POINT('',(2.128861585739,39.626932435105,28.));
#2273 = VECTOR('',#2274,1.);
#2274 = DIRECTION('',(0.,0.,1.));
#2275 = ORIENTED_EDGE('',*,*,#2276,.T.);
#2276 = EDGE_CURVE('',#2269,#2277,#2279,.T.);
#2277 = VERTEX_POINT('',#2278);
#2278 = CARTESIAN_POINT('',(2.12886158574,33.189851988648,
    16.929934688397));
#2279 = B_SPLINE_CURVE_WITH_KNOTS('',3,(#2280,#2281,#2282,#2283,#2284,
    #2285,#2286,#2287,#2288,#2289,#2290,#2291,#2292,#2293,#2294,#2295,
    #2296,#2297,#2298,#2299,#2300,#2301,#2302),.UNSPECIFIED.,.F.,.F.,(4,
    2,2,2,2,3,2,2,2,2,4),(1.858483119276,1.980213995033,2.101944870789,
    2.225594661505,2.351786076937,2.477977492368,2.604168907799,
    2.730360323231,2.854010113947,2.975740989703,3.09747186546),
  .UNSPECIFIED.);
#2280 = CARTESIAN_POINT('',(2.128861585739,39.626932435105,
    16.929934688397));
#2281 = CARTESIAN_POINT('',(2.128861585739,39.626932435105,
    17.335704274253));
#2282 = CARTESIAN_POINT('',(2.075904188494,39.606123207786,
    17.77549786577));
#2283 = CARTESIAN_POINT('',(1.856340468896,39.49872607027,18.61491177323
    ));
#2284 = CARTESIAN_POINT('',(1.689910435929,39.410150499874,
    19.014322694631));
#2285 = CARTESIAN_POINT('',(1.314654631643,39.148807839798,
    19.692483197283));
#2286 = CARTESIAN_POINT('',(1.051094965451,38.927483991433,
    20.047701986773));
#2287 = CARTESIAN_POINT('',(0.612764201488,38.410390939479,
    20.531482364144));
#2288 = CARTESIAN_POINT('',(0.390956395669,38.063293872916,
    20.724231783336));
#2289 = CARTESIAN_POINT('',(8.58692064364E-02,37.27218581487,
    20.966522917529));
#2290 = CARTESIAN_POINT('',(3.997517734796E-03,36.829030263315,
    21.020606194709));
#2291 = CARTESIAN_POINT('',(3.997517734796E-03,36.408392211877,
    21.020606194709));
#2292 = CARTESIAN_POINT('',(3.997517734796E-03,35.987754160439,
    21.020606194709));
#2293 = CARTESIAN_POINT('',(8.58692064364E-02,35.544598608885,
    20.966522917529));
#2294 = CARTESIAN_POINT('',(0.390956395669,34.753490550839,
    20.724231783336));
#2295 = CARTESIAN_POINT('',(0.612764201488,34.406393484275,
    20.531482364144));
#2296 = CARTESIAN_POINT('',(1.051094965451,33.889300432321,
    20.047701986773));
#2297 = CARTESIAN_POINT('',(1.314654631643,33.667976583956,
    19.692483197283));
#2298 = CARTESIAN_POINT('',(1.689910435929,33.40663392388,
    19.014322694631));
#2299 = CARTESIAN_POINT('',(1.856340468896,33.318058353484,
    18.61491177323));
#2300 = CARTESIAN_POINT('',(2.075904188494,33.210661215969,
    17.77549786577));
#2301 = CARTESIAN_POINT('',(2.128861585739,33.18985198865,
    17.335704274253));
#2302 = CARTESIAN_POINT('',(2.128861585739,33.18985198865,
    16.929934688397));
#2303 = ORIENTED_EDGE('',*,*,#2304,.T.);
#2304 = EDGE_CURVE('',#2277,#2240,#2305,.T.);
#2305 = LINE('',#2306,#2307);
#2306 = CARTESIAN_POINT('',(2.128861585739,33.18985198865,28.));
#2307 = VECTOR('',#2308,1.);
#2308 = DIRECTION('',(0.,0.,-1.));
#2309 = CYLINDRICAL_SURFACE('',#2310,3.5);
#2310 = AXIS2_PLACEMENT_3D('',#2311,#2312,#2313);
#2311 = CARTESIAN_POINT('',(3.503997517735,36.408392211877,28.));
#2312 = DIRECTION('',(0.,0.,-1.));
#2313 = DIRECTION('',(1.586032892322E-16,-1.,0.));
#2314 = ADVANCED_FACE('',(#2315,#2342),#2415,.F.);
#2315 = FACE_BOUND('',#2316,.F.);
#2316 = EDGE_LOOP('',(#2317,#2327,#2334,#2335));
#2317 = ORIENTED_EDGE('',*,*,#2318,.T.);
#2318 = EDGE_CURVE('',#2319,#2321,#2323,.T.);
#2319 = VERTEX_POINT('',#2320);
#2320 = CARTESIAN_POINT('',(32.325430764482,38.908392211877,0.));
#2321 = VERTEX_POINT('',#2322);
#2322 = CARTESIAN_POINT('',(32.325430764482,38.908392211877,28.));
#2323 = LINE('',#2324,#2325);
#2324 = CARTESIAN_POINT('',(32.325430764482,38.908392211877,28.));
#2325 = VECTOR('',#2326,1.);
#2326 = DIRECTION('',(0.,0.,1.));
#2327 = ORIENTED_EDGE('',*,*,#2328,.F.);
#2328 = EDGE_CURVE('',#2321,#2321,#2329,.T.);
#2329 = CIRCLE('',#2330,2.5);
#2330 = AXIS2_PLACEMENT_3D('',#2331,#2332,#2333);
#2331 = CARTESIAN_POINT('',(32.325430764482,36.408392211877,28.));
#2332 = DIRECTION('',(0.,0.,1.));
#2333 = DIRECTION('',(-1.665334536938E-16,-1.,0.));
#2334 = ORIENTED_EDGE('',*,*,#2318,.F.);
#2335 = ORIENTED_EDGE('',*,*,#2336,.F.);
#2336 = EDGE_CURVE('',#2319,#2319,#2337,.T.);
#2337 = CIRCLE('',#2338,2.5);
#2338 = AXIS2_PLACEMENT_3D('',#2339,#2340,#2341);
#2339 = CARTESIAN_POINT('',(32.325430764482,36.408392211877,0.));
#2340 = DIRECTION('',(0.,0.,-1.));
#2341 = DIRECTION('',(-1.665334536938E-16,-1.,-0.));
#2342 = FACE_BOUND('',#2343,.F.);
#2343 = EDGE_LOOP('',(#2344,#2354,#2382,#2390));
#2344 = ORIENTED_EDGE('',*,*,#2345,.F.);
#2345 = EDGE_CURVE('',#2346,#2348,#2350,.T.);
#2346 = VERTEX_POINT('',#2347);
#2347 = CARTESIAN_POINT('',(33.700566696477,38.496214323202,
    11.865954331034));
#2348 = VERTEX_POINT('',#2349);
#2349 = CARTESIAN_POINT('',(33.700566696477,38.496214323202,
    16.929934688397));
#2350 = LINE('',#2351,#2352);
#2351 = CARTESIAN_POINT('',(33.700566696477,38.496214323202,28.));
#2352 = VECTOR('',#2353,1.);
#2353 = DIRECTION('',(0.,0.,1.));
#2354 = ORIENTED_EDGE('',*,*,#2355,.F.);
#2355 = EDGE_CURVE('',#2356,#2346,#2358,.T.);
#2356 = VERTEX_POINT('',#2357);
#2357 = CARTESIAN_POINT('',(33.700566696477,34.320570100553,
    11.865954331034));
#2358 = B_SPLINE_CURVE_WITH_KNOTS('',3,(#2359,#2360,#2361,#2362,#2363,
    #2364,#2365,#2366,#2367,#2368,#2369,#2370,#2371,#2372,#2373,#2374,
    #2375,#2376,#2377,#2378,#2379,#2380,#2381),.UNSPECIFIED.,.F.,.F.,(4,
    2,2,2,2,3,2,2,2,2,4),(1.27276919052,1.362964326995,1.45315946347,
    1.540249457749,1.618637522555,1.69702558736,1.775413652166,
    1.853801716971,1.94089171125,2.031086847725,2.1212819842),
  .UNSPECIFIED.);
#2359 = CARTESIAN_POINT('',(33.700566696477,34.320570100553,
    11.865954331034));
#2360 = CARTESIAN_POINT('',(33.700566696477,34.320570100553,
    11.565303876117));
#2361 = CARTESIAN_POINT('',(33.729686855222,34.338672101807,
    11.237762316968));
#2362 = CARTESIAN_POINT('',(33.85178299684,34.4269970611,10.603588770289
    ));
#2363 = CARTESIAN_POINT('',(33.944606017775,34.498181157703,
    10.297061574269));
#2364 = CARTESIAN_POINT('',(34.149162932848,34.692805017045,
    9.777927256872));
#2365 = CARTESIAN_POINT('',(34.290033685177,34.847724267819,
    9.499520844346));
#2366 = CARTESIAN_POINT('',(34.513920012497,35.184768829065,
    9.124645800067));
#2367 = CARTESIAN_POINT('',(34.624480306594,35.394297485997,
    8.967245359767));
#2368 = CARTESIAN_POINT('',(34.781049678669,35.875513159416,
    8.758805649331));
#2369 = CARTESIAN_POINT('',(34.825430764482,36.147098662526,8.7063148724
    ));
#2370 = CARTESIAN_POINT('',(34.825430764482,36.408392211877,8.7063148724
    ));
#2371 = CARTESIAN_POINT('',(34.825430764482,36.669685761229,8.7063148724
    ));
#2372 = CARTESIAN_POINT('',(34.781049678669,36.941271264338,
    8.758805649331));
#2373 = CARTESIAN_POINT('',(34.624480306594,37.422486937758,
    8.967245359767));
#2374 = CARTESIAN_POINT('',(34.513920012497,37.632015594689,
    9.124645800067));
#2375 = CARTESIAN_POINT('',(34.290033685177,37.969060155935,
    9.499520844346));
#2376 = CARTESIAN_POINT('',(34.149162932848,38.12397940671,
    9.777927256872));
#2377 = CARTESIAN_POINT('',(33.944606017775,38.318603266052,
    10.297061574269));
#2378 = CARTESIAN_POINT('',(33.85178299684,38.389787362654,
    10.603588770289));
#2379 = CARTESIAN_POINT('',(33.729686855222,38.478112321947,
    11.237762316968));
#2380 = CARTESIAN_POINT('',(33.700566696477,38.496214323202,
    11.565303876117));
#2381 = CARTESIAN_POINT('',(33.700566696477,38.496214323202,
    11.865954331034));
#2382 = ORIENTED_EDGE('',*,*,#2383,.F.);
#2383 = EDGE_CURVE('',#2384,#2356,#2386,.T.);
#2384 = VERTEX_POINT('',#2385);
#2385 = CARTESIAN_POINT('',(33.700566696477,34.320570100553,
    16.929934688397));
#2386 = LINE('',#2387,#2388);
#2387 = CARTESIAN_POINT('',(33.700566696477,34.320570100553,28.));
#2388 = VECTOR('',#2389,1.);
#2389 = DIRECTION('',(0.,0.,-1.));
#2390 = ORIENTED_EDGE('',*,*,#2391,.F.);
#2391 = EDGE_CURVE('',#2348,#2384,#2392,.T.);
#2392 = B_SPLINE_CURVE_WITH_KNOTS('',3,(#2393,#2394,#2395,#2396,#2397,
    #2398,#2399,#2400,#2401,#2402,#2403,#2404,#2405,#2406,#2407,#2408,
    #2409,#2410,#2411,#2412,#2413,#2414),.UNSPECIFIED.,.F.,.F.,(4,2,2,2,
    2,2,2,2,2,2,4),(0.42425639684,0.514451533315,0.60464666979,
    0.691736664069,0.770124728875,0.84851279368,0.926900858485,
    1.005288923291,1.09237891757,1.182574054045,1.27276919052),
  .UNSPECIFIED.);
#2393 = CARTESIAN_POINT('',(33.700566696477,38.496214323202,
    16.929934688397));
#2394 = CARTESIAN_POINT('',(33.700566696477,38.496214323202,
    17.230585143314));
#2395 = CARTESIAN_POINT('',(33.729686855222,38.478112321947,
    17.558126702463));
#2396 = CARTESIAN_POINT('',(33.85178299684,38.389787362654,
    18.192300249142));
#2397 = CARTESIAN_POINT('',(33.944606017775,38.318603266052,
    18.498827445162));
#2398 = CARTESIAN_POINT('',(34.149162932848,38.12397940671,
    19.017961762559));
#2399 = CARTESIAN_POINT('',(34.290033685177,37.969060155935,
    19.296368175085));
#2400 = CARTESIAN_POINT('',(34.513920012497,37.632015594689,
    19.671243219364));
#2401 = CARTESIAN_POINT('',(34.624480306594,37.422486937758,
    19.828643659664));
#2402 = CARTESIAN_POINT('',(34.781049678669,36.941271264338,
    20.0370833701));
#2403 = CARTESIAN_POINT('',(34.825430764482,36.669685761229,
    20.089574147031));
#2404 = CARTESIAN_POINT('',(34.825430764482,36.147098662526,
    20.089574147031));
#2405 = CARTESIAN_POINT('',(34.781049678669,35.875513159416,
    20.0370833701));
#2406 = CARTESIAN_POINT('',(34.624480306594,35.394297485997,
    19.828643659664));
#2407 = CARTESIAN_POINT('',(34.513920012497,35.184768829065,
    19.671243219364));
#2408 = CARTESIAN_POINT('',(34.290033685177,34.847724267819,
    19.296368175085));
#2409 = CARTESIAN_POINT('',(34.149162932848,34.692805017045,
    19.017961762559));
#2410 = CARTESIAN_POINT('',(33.944606017775,34.498181157703,
    18.498827445162));
#2411 = CARTESIAN_POINT('',(33.85178299684,34.4269970611,18.192300249142
    ));
#2412 = CARTESIAN_POINT('',(33.729686855222,34.338672101807,
    17.558126702463));
#2413 = CARTESIAN_POINT('',(33.700566696477,34.320570100553,
    17.230585143314));
#2414 = CARTESIAN_POINT('',(33.700566696477,34.320570100553,
    16.929934688397));
#2415 = CYLINDRICAL_SURFACE('',#2416,2.5);
#2416 = AXIS2_PLACEMENT_3D('',#2417,#2418,#2419);
#2417 = CARTESIAN_POINT('',(32.325430764482,36.408392211877,28.));
#2418 = DIRECTION('',(0.,0.,1.));
#2419 = DIRECTION('',(-1.665334536938E-16,-1.,0.));
#2420 = ADVANCED_FACE('',(#2421),#2437,.F.);
#2421 = FACE_BOUND('',#2422,.F.);
#2422 = EDGE_LOOP('',(#2423,#2429,#2430,#2436));
#2423 = ORIENTED_EDGE('',*,*,#2424,.F.);
#2424 = EDGE_CURVE('',#2127,#2384,#2425,.T.);
#2425 = LINE('',#2426,#2427);
#2426 = CARTESIAN_POINT('',(33.700566696477,30.529108835251,
    16.929934688397));
#2427 = VECTOR('',#2428,1.);
#2428 = DIRECTION('',(0.,1.,0.));
#2429 = ORIENTED_EDGE('',*,*,#2134,.T.);
#2430 = ORIENTED_EDGE('',*,*,#2431,.F.);
#2431 = EDGE_CURVE('',#2348,#2135,#2432,.T.);
#2432 = LINE('',#2433,#2434);
#2433 = CARTESIAN_POINT('',(33.700566696477,30.529108835251,
    16.929934688397));
#2434 = VECTOR('',#2435,1.);
#2435 = DIRECTION('',(0.,1.,0.));
#2436 = ORIENTED_EDGE('',*,*,#2391,.T.);
#2437 = CYLINDRICAL_SURFACE('',#2438,5.);
#2438 = AXIS2_PLACEMENT_3D('',#2439,#2440,#2441);
#2439 = CARTESIAN_POINT('',(38.700566696477,30.529108835251,
    16.929934688397));
#2440 = DIRECTION('',(0.,-1.,0.));
#2441 = DIRECTION('',(-1.,0.,3.172065784643E-16));
#2442 = ADVANCED_FACE('',(#2443),#2454,.T.);
#2443 = FACE_BOUND('',#2444,.T.);
#2444 = EDGE_LOOP('',(#2445,#2446,#2452,#2453));
#2445 = ORIENTED_EDGE('',*,*,#2345,.F.);
#2446 = ORIENTED_EDGE('',*,*,#2447,.T.);
#2447 = EDGE_CURVE('',#2346,#2098,#2448,.T.);
#2448 = LINE('',#2449,#2450);
#2449 = CARTESIAN_POINT('',(33.700566696477,30.529108835251,
    11.865954331034));
#2450 = VECTOR('',#2451,1.);
#2451 = DIRECTION('',(0.,1.,0.));
#2452 = ORIENTED_EDGE('',*,*,#2162,.F.);
#2453 = ORIENTED_EDGE('',*,*,#2431,.F.);
#2454 = PLANE('',#2455);
#2455 = AXIS2_PLACEMENT_3D('',#2456,#2457,#2458);
#2456 = CARTESIAN_POINT('',(33.700566696477,30.529108835251,
    16.929934688397));
#2457 = DIRECTION('',(1.,0.,0.));
#2458 = DIRECTION('',(0.,0.,-1.));
#2459 = ADVANCED_FACE('',(#2460),#2471,.T.);
#2460 = FACE_BOUND('',#2461,.T.);
#2461 = EDGE_LOOP('',(#2462,#2463,#2464,#2465));
#2462 = ORIENTED_EDGE('',*,*,#2383,.F.);
#2463 = ORIENTED_EDGE('',*,*,#2424,.F.);
#2464 = ORIENTED_EDGE('',*,*,#2126,.F.);
#2465 = ORIENTED_EDGE('',*,*,#2466,.T.);
#2466 = EDGE_CURVE('',#2100,#2356,#2467,.T.);
#2467 = LINE('',#2468,#2469);
#2468 = CARTESIAN_POINT('',(33.700566696477,30.529108835251,
    11.865954331034));
#2469 = VECTOR('',#2470,1.);
#2470 = DIRECTION('',(0.,1.,0.));
#2471 = PLANE('',#2472);
#2472 = AXIS2_PLACEMENT_3D('',#2473,#2474,#2475);
#2473 = CARTESIAN_POINT('',(33.700566696477,30.529108835251,
    16.929934688397));
#2474 = DIRECTION('',(1.,0.,0.));
#2475 = DIRECTION('',(0.,0.,-1.));
#2476 = ADVANCED_FACE('',(#2477),#2483,.F.);
#2477 = FACE_BOUND('',#2478,.F.);
#2478 = EDGE_LOOP('',(#2479,#2480,#2481,#2482));
#2479 = ORIENTED_EDGE('',*,*,#2447,.T.);
#2480 = ORIENTED_EDGE('',*,*,#2097,.T.);
#2481 = ORIENTED_EDGE('',*,*,#2466,.T.);
#2482 = ORIENTED_EDGE('',*,*,#2355,.T.);
#2483 = CYLINDRICAL_SURFACE('',#2484,5.);
#2484 = AXIS2_PLACEMENT_3D('',#2485,#2486,#2487);
#2485 = CARTESIAN_POINT('',(38.700566696477,30.529108835251,
    11.865954331034));
#2486 = DIRECTION('',(0.,-1.,0.));
#2487 = DIRECTION('',(-1.268826313857E-15,-0.,-1.));
#2488 = ADVANCED_FACE('',(#2489,#2492),#2495,.T.);
#2489 = FACE_BOUND('',#2490,.T.);
#2490 = EDGE_LOOP('',(#2491));
#2491 = ORIENTED_EDGE('',*,*,#2024,.F.);
#2492 = FACE_BOUND('',#2493,.T.);
#2493 = EDGE_LOOP('',(#2494));
#2494 = ORIENTED_EDGE('',*,*,#2336,.F.);
#2495 = PLANE('',#2496);
#2496 = AXIS2_PLACEMENT_3D('',#2497,#2498,#2499);
#2497 = CARTESIAN_POINT('',(32.325430764482,36.408392211877,0.));
#2498 = DIRECTION('',(0.,0.,-1.));
#2499 = DIRECTION('',(-2.22044604925E-16,-1.,-0.));
#2500 = ADVANCED_FACE('',(#2501),#2512,.T.);
#2501 = FACE_BOUND('',#2502,.T.);
#2502 = EDGE_LOOP('',(#2503,#2504,#2505,#2511));
#2503 = ORIENTED_EDGE('',*,*,#974,.F.);
#2504 = ORIENTED_EDGE('',*,*,#2068,.T.);
#2505 = ORIENTED_EDGE('',*,*,#2506,.T.);
#2506 = EDGE_CURVE('',#2060,#1053,#2507,.T.);
#2507 = LINE('',#2508,#2509);
#2508 = CARTESIAN_POINT('',(27.527378314985,37.320890127543,
    20.523744942309));
#2509 = VECTOR('',#2510,1.);
#2510 = DIRECTION('',(-0.513022616434,0.144658050829,-0.846098010491));
#2511 = ORIENTED_EDGE('',*,*,#1052,.T.);
#2512 = PLANE('',#2513);
#2513 = AXIS2_PLACEMENT_3D('',#2514,#2515,#2516);
#2514 = CARTESIAN_POINT('',(29.351951215644,36.806411523773,
    23.532905653341));
#2515 = DIRECTION('',(-0.163451494583,-0.984124966856,-6.91495374545E-02
    ));
#2516 = DIRECTION('',(-0.513022616434,0.144658050829,-0.846098010491));
#2517 = ADVANCED_FACE('',(#2518),#2530,.T.);
#2518 = FACE_BOUND('',#2519,.T.);
#2519 = EDGE_LOOP('',(#2520,#2521,#2522,#2523,#2529));
#2520 = ORIENTED_EDGE('',*,*,#1061,.F.);
#2521 = ORIENTED_EDGE('',*,*,#2506,.F.);
#2522 = ORIENTED_EDGE('',*,*,#2059,.T.);
#2523 = ORIENTED_EDGE('',*,*,#2524,.F.);
#2524 = EDGE_CURVE('',#562,#2051,#2525,.T.);
#2525 = LINE('',#2526,#2527);
#2526 = CARTESIAN_POINT('',(19.883458106243,28.755298507351,
    27.41455364939));
#2527 = VECTOR('',#2528,1.);
#2528 = DIRECTION('',(0.848041546467,0.529929745783,0.));
#2529 = ORIENTED_EDGE('',*,*,#561,.T.);
#2530 = PLANE('',#2531);
#2531 = AXIS2_PLACEMENT_3D('',#2532,#2533,#2534);
#2532 = CARTESIAN_POINT('',(24.406427217072,34.719868029589,
    21.707276824695));
#2533 = DIRECTION('',(0.480279455185,-0.768586657294,-0.422618261741));
#2534 = DIRECTION('',(-0.660603529075,-3.053113317719E-16,
    -0.750734958141));
#2535 = ADVANCED_FACE('',(#2536),#2546,.T.);
#2536 = FACE_BOUND('',#2537,.T.);
#2537 = EDGE_LOOP('',(#2538,#2539,#2540));
#2538 = ORIENTED_EDGE('',*,*,#1893,.F.);
#2539 = ORIENTED_EDGE('',*,*,#2211,.F.);
#2540 = ORIENTED_EDGE('',*,*,#2541,.T.);
#2541 = EDGE_CURVE('',#2203,#1894,#2542,.T.);
#2542 = LINE('',#2543,#2544);
#2543 = CARTESIAN_POINT('',(6.753626796968,39.121123508924,
    22.642304384917));
#2544 = VECTOR('',#2545,1.);
#2545 = DIRECTION('',(0.513022616434,0.144658050829,-0.846098010491));
#2546 = PLANE('',#2547);
#2547 = AXIS2_PLACEMENT_3D('',#2548,#2549,#2550);
#2548 = CARTESIAN_POINT('',(5.394392257929,38.737857327788,
    24.884009920759));
#2549 = DIRECTION('',(-0.163451494583,0.984124966856,6.91495374545E-02)
  );
#2550 = DIRECTION('',(0.513022616434,0.144658050829,-0.846098010491));
#2551 = ADVANCED_FACE('',(#2552),#2572,.T.);
#2552 = FACE_BOUND('',#2553,.T.);
#2553 = EDGE_LOOP('',(#2554,#2555,#2556,#2557,#2558,#2566));
#2554 = ORIENTED_EDGE('',*,*,#1935,.F.);
#2555 = ORIENTED_EDGE('',*,*,#1901,.F.);
#2556 = ORIENTED_EDGE('',*,*,#2541,.F.);
#2557 = ORIENTED_EDGE('',*,*,#2202,.F.);
#2558 = ORIENTED_EDGE('',*,*,#2559,.T.);
#2559 = EDGE_CURVE('',#2194,#2560,#2562,.T.);
#2560 = VERTEX_POINT('',#2561);
#2561 = CARTESIAN_POINT('',(17.914714141108,47.209522596062,28.));
#2562 = LINE('',#2563,#2564);
#2563 = CARTESIAN_POINT('',(9.150812393577,41.73307837646,28.));
#2564 = VECTOR('',#2565,1.);
#2565 = DIRECTION('',(0.848041546467,0.529929745783,0.));
#2566 = ORIENTED_EDGE('',*,*,#2567,.T.);
#2567 = EDGE_CURVE('',#2560,#1136,#2568,.T.);
#2568 = LINE('',#2569,#2570);
#2569 = CARTESIAN_POINT('',(17.914714141108,46.981447658383,
    26.90307755465));
#2570 = VECTOR('',#2571,1.);
#2571 = DIRECTION('',(1.55869626364E-16,-0.203568808179,-0.979060641808)
  );
#2572 = PLANE('',#2573);
#2573 = AXIS2_PLACEMENT_3D('',#2574,#2575,#2576);
#2574 = CARTESIAN_POINT('',(5.265303773839,39.250918283982,27.7395277335
    ));
#2575 = DIRECTION('',(-0.521878922199,0.835157889837,-0.173648177667));
#2576 = DIRECTION('',(0.848041546467,0.529929745783,1.110223024625E-16)
  );
#2577 = ADVANCED_FACE('',(#2578),#2584,.T.);
#2578 = FACE_BOUND('',#2579,.T.);
#2579 = EDGE_LOOP('',(#2580,#2581,#2582,#2583));
#2580 = ORIENTED_EDGE('',*,*,#887,.F.);
#2581 = ORIENTED_EDGE('',*,*,#1246,.T.);
#2582 = ORIENTED_EDGE('',*,*,#1336,.T.);
#2583 = ORIENTED_EDGE('',*,*,#2220,.F.);
#2584 = PLANE('',#2585);
#2585 = AXIS2_PLACEMENT_3D('',#2586,#2587,#2588);
#2586 = CARTESIAN_POINT('',(11.044975062913,38.094318403805,16.));
#2587 = DIRECTION('',(0.163451494583,-0.984124966856,-6.91495374545E-02)
  );
#2588 = DIRECTION('',(-0.513022616434,-0.144658050829,0.846098010491));
#2589 = ADVANCED_FACE('',(#2590),#2609,.T.);
#2590 = FACE_BOUND('',#2591,.T.);
#2591 = EDGE_LOOP('',(#2592,#2593,#2594,#2602,#2608));
#2592 = ORIENTED_EDGE('',*,*,#687,.F.);
#2593 = ORIENTED_EDGE('',*,*,#739,.T.);
#2594 = ORIENTED_EDGE('',*,*,#2595,.T.);
#2595 = EDGE_CURVE('',#731,#2596,#2598,.T.);
#2596 = VERTEX_POINT('',#2597);
#2597 = CARTESIAN_POINT('',(16.392525897392,42.394023401774,28.));
#2598 = LINE('',#2599,#2600);
#2599 = CARTESIAN_POINT('',(16.392525897392,42.394023401774,30.5));
#2600 = VECTOR('',#2601,1.);
#2601 = DIRECTION('',(0.,0.,-1.));
#2602 = ORIENTED_EDGE('',*,*,#2603,.F.);
#2603 = EDGE_CURVE('',#1822,#2596,#2604,.T.);
#2604 = LINE('',#2605,#2606);
#2605 = CARTESIAN_POINT('',(11.29311941028,36.410550914854,28.));
#2606 = VECTOR('',#2607,1.);
#2607 = DIRECTION('',(0.648641455407,0.761094121858,0.));
#2608 = ORIENTED_EDGE('',*,*,#1854,.T.);
#2609 = PLANE('',#2610);
#2610 = AXIS2_PLACEMENT_3D('',#2611,#2612,#2613);
#2611 = CARTESIAN_POINT('',(8.508243569071,33.142871035348,30.5));
#2612 = DIRECTION('',(-0.761094121858,0.648641455407,0.));
#2613 = DIRECTION('',(0.648641455407,0.761094121858,0.));
#2614 = ADVANCED_FACE('',(#2615),#2634,.T.);
#2615 = FACE_BOUND('',#2616,.T.);
#2616 = EDGE_LOOP('',(#2617,#2618,#2619,#2627,#2633));
#2617 = ORIENTED_EDGE('',*,*,#631,.F.);
#2618 = ORIENTED_EDGE('',*,*,#673,.T.);
#2619 = ORIENTED_EDGE('',*,*,#2620,.F.);
#2620 = EDGE_CURVE('',#2621,#666,#2623,.T.);
#2621 = VERTEX_POINT('',#2622);
#2622 = CARTESIAN_POINT('',(19.436902384824,42.394023401774,28.));
#2623 = LINE('',#2624,#2625);
#2624 = CARTESIAN_POINT('',(20.594167707776,41.036127098067,28.));
#2625 = VECTOR('',#2626,1.);
#2626 = DIRECTION('',(0.648641455407,-0.761094121858,0.));
#2627 = ORIENTED_EDGE('',*,*,#2628,.F.);
#2628 = EDGE_CURVE('',#723,#2621,#2629,.T.);
#2629 = LINE('',#2630,#2631);
#2630 = CARTESIAN_POINT('',(19.436902384824,42.394023401774,30.5));
#2631 = VECTOR('',#2632,1.);
#2632 = DIRECTION('',(0.,0.,-1.));
#2633 = ORIENTED_EDGE('',*,*,#722,.T.);
#2634 = PLANE('',#2635);
#2635 = AXIS2_PLACEMENT_3D('',#2636,#2637,#2638);
#2636 = CARTESIAN_POINT('',(19.436902384824,42.394023401774,30.5));
#2637 = DIRECTION('',(0.761094121858,0.648641455407,0.));
#2638 = DIRECTION('',(0.648641455407,-0.761094121858,0.));
#2639 = ADVANCED_FACE('',(#2640),#2652,.T.);
#2640 = FACE_BOUND('',#2641,.T.);
#2641 = EDGE_LOOP('',(#2642,#2643,#2644,#2651));
#2642 = ORIENTED_EDGE('',*,*,#730,.T.);
#2643 = ORIENTED_EDGE('',*,*,#2628,.T.);
#2644 = ORIENTED_EDGE('',*,*,#2645,.F.);
#2645 = EDGE_CURVE('',#2596,#2621,#2646,.T.);
#2646 = CIRCLE('',#2647,2.);
#2647 = AXIS2_PLACEMENT_3D('',#2648,#2649,#2650);
#2648 = CARTESIAN_POINT('',(17.914714141108,41.096740490959,28.));
#2649 = DIRECTION('',(0.,0.,-1.));
#2650 = DIRECTION('',(0.761094121858,0.648641455407,0.));
#2651 = ORIENTED_EDGE('',*,*,#2595,.F.);
#2652 = CYLINDRICAL_SURFACE('',#2653,2.);
#2653 = AXIS2_PLACEMENT_3D('',#2654,#2655,#2656);
#2654 = CARTESIAN_POINT('',(17.914714141108,41.096740490959,30.5));
#2655 = DIRECTION('',(0.,0.,-1.));
#2656 = DIRECTION('',(0.761094121858,0.648641455407,0.));
#2657 = ADVANCED_FACE('',(#2658),#2671,.T.);
#2658 = FACE_BOUND('',#2659,.T.);
#2659 = EDGE_LOOP('',(#2660,#2661,#2662,#2668,#2669,#2670));
#2660 = ORIENTED_EDGE('',*,*,#1144,.F.);
#2661 = ORIENTED_EDGE('',*,*,#2567,.F.);
#2662 = ORIENTED_EDGE('',*,*,#2663,.T.);
#2663 = EDGE_CURVE('',#2560,#2079,#2664,.T.);
#2664 = LINE('',#2665,#2666);
#2665 = CARTESIAN_POINT('',(20.745319896653,45.440715165936,28.));
#2666 = VECTOR('',#2667,1.);
#2667 = DIRECTION('',(0.848041546467,-0.529929745783,0.));
#2668 = ORIENTED_EDGE('',*,*,#2078,.T.);
#2669 = ORIENTED_EDGE('',*,*,#2001,.F.);
#2670 = ORIENTED_EDGE('',*,*,#1985,.F.);
#2671 = PLANE('',#2672);
#2672 = AXIS2_PLACEMENT_3D('',#2673,#2674,#2675);
#2673 = CARTESIAN_POINT('',(18.697532524406,46.666191862934,
    27.7395277335));
#2674 = DIRECTION('',(0.521878922199,0.835157889837,-0.173648177667));
#2675 = DIRECTION('',(0.848041546467,-0.529929745783,-6.938893903907E-17
    ));
#2676 = ADVANCED_FACE('',(#2677),#2689,.T.);
#2677 = FACE_BOUND('',#2678,.T.);
#2678 = EDGE_LOOP('',(#2679,#2680,#2681,#2682,#2688));
#2679 = ORIENTED_EDGE('',*,*,#570,.T.);
#2680 = ORIENTED_EDGE('',*,*,#2524,.T.);
#2681 = ORIENTED_EDGE('',*,*,#2050,.T.);
#2682 = ORIENTED_EDGE('',*,*,#2683,.F.);
#2683 = EDGE_CURVE('',#666,#2042,#2684,.T.);
#2684 = LINE('',#2685,#2686);
#2685 = CARTESIAN_POINT('',(17.914714141108,27.403329395577,28.));
#2686 = VECTOR('',#2687,1.);
#2687 = DIRECTION('',(0.848041546467,0.529929745783,0.));
#2688 = ORIENTED_EDGE('',*,*,#665,.F.);
#2689 = PLANE('',#2690);
#2690 = AXIS2_PLACEMENT_3D('',#2691,#2692,#2693);
#2691 = CARTESIAN_POINT('',(29.78130612508,34.818602974529,28.));
#2692 = DIRECTION('',(0.521878922199,-0.835157889837,-0.173648177667));
#2693 = DIRECTION('',(-0.848041546467,-0.529929745783,
    -1.110223024625E-16));
#2694 = ADVANCED_FACE('',(#2695,#2708,#2711),#2722,.T.);
#2695 = FACE_BOUND('',#2696,.T.);
#2696 = EDGE_LOOP('',(#2697,#2698,#2699,#2700,#2701,#2702,#2703,#2704,
    #2705,#2706,#2707));
#2697 = ORIENTED_EDGE('',*,*,#2663,.F.);
#2698 = ORIENTED_EDGE('',*,*,#2559,.F.);
#2699 = ORIENTED_EDGE('',*,*,#2193,.T.);
#2700 = ORIENTED_EDGE('',*,*,#2229,.T.);
#2701 = ORIENTED_EDGE('',*,*,#1829,.F.);
#2702 = ORIENTED_EDGE('',*,*,#2603,.T.);
#2703 = ORIENTED_EDGE('',*,*,#2645,.T.);
#2704 = ORIENTED_EDGE('',*,*,#2620,.T.);
#2705 = ORIENTED_EDGE('',*,*,#2683,.T.);
#2706 = ORIENTED_EDGE('',*,*,#2041,.F.);
#2707 = ORIENTED_EDGE('',*,*,#2087,.F.);
#2708 = FACE_BOUND('',#2709,.T.);
#2709 = EDGE_LOOP('',(#2710));
#2710 = ORIENTED_EDGE('',*,*,#2328,.F.);
#2711 = FACE_BOUND('',#2712,.T.);
#2712 = EDGE_LOOP('',(#2713));
#2713 = ORIENTED_EDGE('',*,*,#2714,.T.);
#2714 = EDGE_CURVE('',#2715,#2715,#2717,.T.);
#2715 = VERTEX_POINT('',#2716);
#2716 = CARTESIAN_POINT('',(3.503997517735,38.908392211877,28.));
#2717 = CIRCLE('',#2718,2.5);
#2718 = AXIS2_PLACEMENT_3D('',#2719,#2720,#2721);
#2719 = CARTESIAN_POINT('',(3.503997517735,36.408392211877,28.));
#2720 = DIRECTION('',(0.,0.,-1.));
#2721 = DIRECTION('',(1.665334536938E-16,-1.,0.));
#2722 = PLANE('',#2723);
#2723 = AXIS2_PLACEMENT_3D('',#2724,#2725,#2726);
#2724 = CARTESIAN_POINT('',(3.503997517735,36.408392211877,28.));
#2725 = DIRECTION('',(0.,0.,1.));
#2726 = DIRECTION('',(2.22044604925E-16,-1.,0.));
#2727 = ADVANCED_FACE('',(#2728),#2772,.F.);
#2728 = FACE_BOUND('',#2729,.F.);
#2729 = EDGE_LOOP('',(#2730,#2738,#2739,#2747));
#2730 = ORIENTED_EDGE('',*,*,#2731,.T.);
#2731 = EDGE_CURVE('',#2732,#2269,#2734,.T.);
#2732 = VERTEX_POINT('',#2733);
#2733 = CARTESIAN_POINT('',(2.128861585739,38.496214323202,
    16.929934688397));
#2734 = LINE('',#2735,#2736);
#2735 = CARTESIAN_POINT('',(2.128861585739,30.529108835251,
    16.929934688397));
#2736 = VECTOR('',#2737,1.);
#2737 = DIRECTION('',(0.,1.,0.));
#2738 = ORIENTED_EDGE('',*,*,#2276,.T.);
#2739 = ORIENTED_EDGE('',*,*,#2740,.T.);
#2740 = EDGE_CURVE('',#2277,#2741,#2743,.T.);
#2741 = VERTEX_POINT('',#2742);
#2742 = CARTESIAN_POINT('',(2.128861585739,34.320570100553,
    16.929934688397));
#2743 = LINE('',#2744,#2745);
#2744 = CARTESIAN_POINT('',(2.128861585739,30.529108835251,
    16.929934688397));
#2745 = VECTOR('',#2746,1.);
#2746 = DIRECTION('',(0.,1.,0.));
#2747 = ORIENTED_EDGE('',*,*,#2748,.T.);
#2748 = EDGE_CURVE('',#2741,#2732,#2749,.T.);
#2749 = B_SPLINE_CURVE_WITH_KNOTS('',3,(#2750,#2751,#2752,#2753,#2754,
    #2755,#2756,#2757,#2758,#2759,#2760,#2761,#2762,#2763,#2764,#2765,
    #2766,#2767,#2768,#2769,#2770,#2771),.UNSPECIFIED.,.F.,.F.,(4,2,2,2,
    2,2,2,2,2,2,4),(0.42425639684,0.514451533315,0.60464666979,
    0.691736664069,0.770124728875,0.84851279368,0.926900858485,
    1.005288923291,1.09237891757,1.182574054045,1.27276919052),
  .UNSPECIFIED.);
#2750 = CARTESIAN_POINT('',(2.128861585739,34.320570100553,
    16.929934688397));
#2751 = CARTESIAN_POINT('',(2.128861585739,34.320570100553,
    17.230585143314));
#2752 = CARTESIAN_POINT('',(2.099741426995,34.338672101807,
    17.558126702463));
#2753 = CARTESIAN_POINT('',(1.977645285376,34.4269970611,18.192300249142
    ));
#2754 = CARTESIAN_POINT('',(1.884822264442,34.498181157703,
    18.498827445162));
#2755 = CARTESIAN_POINT('',(1.680265349368,34.692805017045,
    19.017961762559));
#2756 = CARTESIAN_POINT('',(1.539394597039,34.847724267819,
    19.296368175085));
#2757 = CARTESIAN_POINT('',(1.315508269719,35.184768829065,
    19.671243219364));
#2758 = CARTESIAN_POINT('',(1.204947975622,35.394297485997,
    19.828643659664));
#2759 = CARTESIAN_POINT('',(1.048378603547,35.875513159416,20.0370833701
    ));
#2760 = CARTESIAN_POINT('',(1.003997517735,36.147098662526,
    20.089574147031));
#2761 = CARTESIAN_POINT('',(1.003997517735,36.669685761229,
    20.089574147031));
#2762 = CARTESIAN_POINT('',(1.048378603547,36.941271264338,20.0370833701
    ));
#2763 = CARTESIAN_POINT('',(1.204947975622,37.422486937758,
    19.828643659664));
#2764 = CARTESIAN_POINT('',(1.315508269719,37.632015594689,
    19.671243219364));
#2765 = CARTESIAN_POINT('',(1.539394597039,37.969060155935,
    19.296368175085));
#2766 = CARTESIAN_POINT('',(1.680265349368,38.12397940671,
    19.017961762559));
#2767 = CARTESIAN_POINT('',(1.884822264442,38.318603266052,
    18.498827445162));
#2768 = CARTESIAN_POINT('',(1.977645285376,38.389787362654,
    18.192300249142));
#2769 = CARTESIAN_POINT('',(2.099741426995,38.478112321947,
    17.558126702463));
#2770 = CARTESIAN_POINT('',(2.128861585739,38.496214323202,
    17.230585143314));
#2771 = CARTESIAN_POINT('',(2.128861585739,38.496214323202,
    16.929934688397));
#2772 = CYLINDRICAL_SURFACE('',#2773,5.);
#2773 = AXIS2_PLACEMENT_3D('',#2774,#2775,#2776);
#2774 = CARTESIAN_POINT('',(-2.871138414261,30.529108835251,
    16.929934688397));
#2775 = DIRECTION('',(0.,1.,0.));
#2776 = DIRECTION('',(1.,-0.,3.172065784643E-16));
#2777 = ADVANCED_FACE('',(#2778),#2796,.F.);
#2778 = FACE_BOUND('',#2779,.T.);
#2779 = EDGE_LOOP('',(#2780,#2788,#2789,#2790));
#2780 = ORIENTED_EDGE('',*,*,#2781,.F.);
#2781 = EDGE_CURVE('',#2732,#2782,#2784,.T.);
#2782 = VERTEX_POINT('',#2783);
#2783 = CARTESIAN_POINT('',(2.128861585739,38.496214323202,
    11.865954331034));
#2784 = LINE('',#2785,#2786);
#2785 = CARTESIAN_POINT('',(2.128861585739,38.496214323202,28.));
#2786 = VECTOR('',#2787,1.);
#2787 = DIRECTION('',(0.,0.,-1.));
#2788 = ORIENTED_EDGE('',*,*,#2731,.T.);
#2789 = ORIENTED_EDGE('',*,*,#2268,.F.);
#2790 = ORIENTED_EDGE('',*,*,#2791,.F.);
#2791 = EDGE_CURVE('',#2782,#2242,#2792,.T.);
#2792 = LINE('',#2793,#2794);
#2793 = CARTESIAN_POINT('',(2.128861585739,30.529108835251,
    11.865954331034));
#2794 = VECTOR('',#2795,1.);
#2795 = DIRECTION('',(0.,1.,0.));
#2796 = PLANE('',#2797);
#2797 = AXIS2_PLACEMENT_3D('',#2798,#2799,#2800);
#2798 = CARTESIAN_POINT('',(2.128861585739,30.529108835251,
    16.929934688397));
#2799 = DIRECTION('',(1.,0.,0.));
#2800 = DIRECTION('',(0.,0.,-1.));
#2801 = ADVANCED_FACE('',(#2802),#2820,.F.);
#2802 = FACE_BOUND('',#2803,.T.);
#2803 = EDGE_LOOP('',(#2804,#2812,#2818,#2819));
#2804 = ORIENTED_EDGE('',*,*,#2805,.F.);
#2805 = EDGE_CURVE('',#2806,#2741,#2808,.T.);
#2806 = VERTEX_POINT('',#2807);
#2807 = CARTESIAN_POINT('',(2.128861585739,34.320570100553,
    11.865954331034));
#2808 = LINE('',#2809,#2810);
#2809 = CARTESIAN_POINT('',(2.128861585739,34.320570100553,28.));
#2810 = VECTOR('',#2811,1.);
#2811 = DIRECTION('',(0.,0.,1.));
#2812 = ORIENTED_EDGE('',*,*,#2813,.F.);
#2813 = EDGE_CURVE('',#2240,#2806,#2814,.T.);
#2814 = LINE('',#2815,#2816);
#2815 = CARTESIAN_POINT('',(2.128861585739,30.529108835251,
    11.865954331034));
#2816 = VECTOR('',#2817,1.);
#2817 = DIRECTION('',(0.,1.,0.));
#2818 = ORIENTED_EDGE('',*,*,#2304,.F.);
#2819 = ORIENTED_EDGE('',*,*,#2740,.T.);
#2820 = PLANE('',#2821);
#2821 = AXIS2_PLACEMENT_3D('',#2822,#2823,#2824);
#2822 = CARTESIAN_POINT('',(2.128861585739,30.529108835251,
    16.929934688397));
#2823 = DIRECTION('',(1.,0.,0.));
#2824 = DIRECTION('',(0.,0.,-1.));
#2825 = ADVANCED_FACE('',(#2826),#2857,.F.);
#2826 = FACE_BOUND('',#2827,.F.);
#2827 = EDGE_LOOP('',(#2828,#2829,#2830,#2831));
#2828 = ORIENTED_EDGE('',*,*,#2813,.F.);
#2829 = ORIENTED_EDGE('',*,*,#2239,.T.);
#2830 = ORIENTED_EDGE('',*,*,#2791,.F.);
#2831 = ORIENTED_EDGE('',*,*,#2832,.T.);
#2832 = EDGE_CURVE('',#2782,#2806,#2833,.T.);
#2833 = B_SPLINE_CURVE_WITH_KNOTS('',3,(#2834,#2835,#2836,#2837,#2838,
    #2839,#2840,#2841,#2842,#2843,#2844,#2845,#2846,#2847,#2848,#2849,
    #2850,#2851,#2852,#2853,#2854,#2855,#2856),.UNSPECIFIED.,.F.,.F.,(4,
    2,2,2,2,3,2,2,2,2,4),(1.27276919052,1.362964326995,1.45315946347,
    1.540249457749,1.618637522555,1.69702558736,1.775413652166,
    1.853801716971,1.94089171125,2.031086847725,2.1212819842),
  .UNSPECIFIED.);
#2834 = CARTESIAN_POINT('',(2.128861585739,38.496214323202,
    11.865954331034));
#2835 = CARTESIAN_POINT('',(2.128861585739,38.496214323202,
    11.565303876117));
#2836 = CARTESIAN_POINT('',(2.099741426995,38.478112321947,
    11.237762316968));
#2837 = CARTESIAN_POINT('',(1.977645285376,38.389787362654,
    10.603588770289));
#2838 = CARTESIAN_POINT('',(1.884822264442,38.318603266052,
    10.297061574269));
#2839 = CARTESIAN_POINT('',(1.680265349368,38.12397940671,9.777927256872
    ));
#2840 = CARTESIAN_POINT('',(1.539394597039,37.969060155935,
    9.499520844346));
#2841 = CARTESIAN_POINT('',(1.315508269719,37.632015594689,
    9.124645800067));
#2842 = CARTESIAN_POINT('',(1.204947975622,37.422486937758,
    8.967245359767));
#2843 = CARTESIAN_POINT('',(1.048378603547,36.941271264338,
    8.758805649331));
#2844 = CARTESIAN_POINT('',(1.003997517735,36.669685761229,8.7063148724)
  );
#2845 = CARTESIAN_POINT('',(1.003997517735,36.408392211877,8.7063148724)
  );
#2846 = CARTESIAN_POINT('',(1.003997517735,36.147098662526,8.7063148724)
  );
#2847 = CARTESIAN_POINT('',(1.048378603547,35.875513159416,
    8.758805649331));
#2848 = CARTESIAN_POINT('',(1.204947975622,35.394297485997,
    8.967245359767));
#2849 = CARTESIAN_POINT('',(1.315508269719,35.184768829065,
    9.124645800067));
#2850 = CARTESIAN_POINT('',(1.539394597039,34.847724267819,
    9.499520844346));
#2851 = CARTESIAN_POINT('',(1.680265349368,34.692805017045,
    9.777927256872));
#2852 = CARTESIAN_POINT('',(1.884822264442,34.498181157703,
    10.297061574269));
#2853 = CARTESIAN_POINT('',(1.977645285376,34.4269970611,10.603588770289
    ));
#2854 = CARTESIAN_POINT('',(2.099741426995,34.338672101807,
    11.237762316968));
#2855 = CARTESIAN_POINT('',(2.128861585739,34.320570100553,
    11.565303876117));
#2856 = CARTESIAN_POINT('',(2.128861585739,34.320570100553,
    11.865954331034));
#2857 = CYLINDRICAL_SURFACE('',#2858,5.);
#2858 = AXIS2_PLACEMENT_3D('',#2859,#2860,#2861);
#2859 = CARTESIAN_POINT('',(-2.871138414261,30.529108835251,
    11.865954331034));
#2860 = DIRECTION('',(0.,1.,0.));
#2861 = DIRECTION('',(1.268826313857E-15,0.,-1.));
#2862 = ADVANCED_FACE('',(#2863,#2882),#2888,.F.);
#2863 = FACE_BOUND('',#2864,.F.);
#2864 = EDGE_LOOP('',(#2865,#2873,#2874,#2875));
#2865 = ORIENTED_EDGE('',*,*,#2866,.T.);
#2866 = EDGE_CURVE('',#2867,#2715,#2869,.T.);
#2867 = VERTEX_POINT('',#2868);
#2868 = CARTESIAN_POINT('',(3.503997517735,38.908392211877,0.));
#2869 = LINE('',#2870,#2871);
#2870 = CARTESIAN_POINT('',(3.503997517735,38.908392211877,28.));
#2871 = VECTOR('',#2872,1.);
#2872 = DIRECTION('',(0.,0.,1.));
#2873 = ORIENTED_EDGE('',*,*,#2714,.T.);
#2874 = ORIENTED_EDGE('',*,*,#2866,.F.);
#2875 = ORIENTED_EDGE('',*,*,#2876,.T.);
#2876 = EDGE_CURVE('',#2867,#2867,#2877,.T.);
#2877 = CIRCLE('',#2878,2.5);
#2878 = AXIS2_PLACEMENT_3D('',#2879,#2880,#2881);
#2879 = CARTESIAN_POINT('',(3.503997517735,36.408392211877,0.));
#2880 = DIRECTION('',(0.,0.,1.));
#2881 = DIRECTION('',(1.665334536938E-16,-1.,0.));
#2882 = FACE_BOUND('',#2883,.F.);
#2883 = EDGE_LOOP('',(#2884,#2885,#2886,#2887));
#2884 = ORIENTED_EDGE('',*,*,#2805,.F.);
#2885 = ORIENTED_EDGE('',*,*,#2832,.F.);
#2886 = ORIENTED_EDGE('',*,*,#2781,.F.);
#2887 = ORIENTED_EDGE('',*,*,#2748,.F.);
#2888 = CYLINDRICAL_SURFACE('',#2889,2.5);
#2889 = AXIS2_PLACEMENT_3D('',#2890,#2891,#2892);
#2890 = CARTESIAN_POINT('',(3.503997517735,36.408392211877,28.));
#2891 = DIRECTION('',(0.,0.,-1.));
#2892 = DIRECTION('',(1.665334536938E-16,-1.,0.));
#2893 = ADVANCED_FACE('',(#2894,#2897),#2900,.F.);
#2894 = FACE_BOUND('',#2895,.T.);
#2895 = EDGE_LOOP('',(#2896));
#2896 = ORIENTED_EDGE('',*,*,#2176,.T.);
#2897 = FACE_BOUND('',#2898,.T.);
#2898 = EDGE_LOOP('',(#2899));
#2899 = ORIENTED_EDGE('',*,*,#2876,.T.);
#2900 = PLANE('',#2901);
#2901 = AXIS2_PLACEMENT_3D('',#2902,#2903,#2904);
#2902 = CARTESIAN_POINT('',(3.503997517735,36.408392211877,0.));
#2903 = DIRECTION('',(0.,0.,1.));
#2904 = DIRECTION('',(2.22044604925E-16,-1.,0.));
#2905 = ( GEOMETRIC_REPRESENTATION_CONTEXT(3) 
GLOBAL_UNCERTAINTY_ASSIGNED_CONTEXT((#2909)) 
GLOBAL_UNIT_ASSIGNED_CONTEXT((#2906,#2907,#2908)) REPRESENTATION_CONTEXT
('Context #1','3D Context with UNIT and UNCERTAINTY') );
#2906 = ( LENGTH_UNIT() NAMED_UNIT(*) SI_UNIT(.MILLI.,.METRE.) );
#2907 = ( NAMED_UNIT(*) PLANE_ANGLE_UNIT() SI_UNIT($,.RADIAN.) );
#2908 = ( NAMED_UNIT(*) SI_UNIT($,.STERADIAN.) SOLID_ANGLE_UNIT() );
#2909 = UNCERTAINTY_MEASURE_WITH_UNIT(LENGTH_MEASURE(1.E-03),#2906,
  'distance_accuracy_value','confusion accuracy');
#2910 = PRODUCT_RELATED_PRODUCT_CATEGORY('part',$,(#7));
ENDSEC;
END-ISO-10303-21;
