ISO-10303-21;
HEADER;
FILE_DESCRIPTION(('FreeCAD Model'),'2;1');
FILE_NAME('Open CASCADE Shape Model','2026-07-24T12:46:41',('FreeCAD'),(
    'FreeCAD'),'Open CASCADE STEP processor 7.8','FreeCAD','Unknown');
FILE_SCHEMA(('AUTOMOTIVE_DESIGN { 1 0 10303 214 1 1 1 1 }'));
ENDSEC;
DATA;
#1 = APPLICATION_PROTOCOL_DEFINITION('international standard',
  'automotive_design',2000,#2);
#2 = APPLICATION_CONTEXT(
  'core data for automotive mechanical design processes');
#3 = SHAPE_DEFINITION_REPRESENTATION(#4,#10);
#4 = PRODUCT_DEFINITION_SHAPE('','',#5);
#5 = PRODUCT_DEFINITION('design','',#6,#9);
#6 = PRODUCT_DEFINITION_FORMATION('','',#7);
#7 = PRODUCT('Open CASCADE STEP translator 7.8 3',
  'Open CASCADE STEP translator 7.8 3','',(#8));
#8 = PRODUCT_CONTEXT('',#2,'mechanical');
#9 = PRODUCT_DEFINITION_CONTEXT('part definition',#2,'design');
#10 = ADVANCED_BREP_SHAPE_REPRESENTATION('',(#11,#15),#3665);
#11 = AXIS2_PLACEMENT_3D('',#12,#13,#14);
#12 = CARTESIAN_POINT('',(0.,0.,0.));
#13 = DIRECTION('',(0.,0.,1.));
#14 = DIRECTION('',(1.,0.,-0.));
#15 = MANIFOLD_SOLID_BREP('',#16);
#16 = CLOSED_SHELL('',(#17,#50,#70,#103,#123,#148,#168,#193,#213,#253,
    #286,#317,#350,#381,#414,#445,#478,#509,#542,#573,#606,#637,#670,
    #701,#734,#765,#798,#829,#862,#893,#926,#957,#990,#1021,#1054,#1085,
    #1109,#1141,#1165,#1190,#1214,#1239,#1263,#1288,#1312,#1337,#1361,
    #1386,#1410,#1435,#1459,#1787,#1818,#1851,#1882,#1915,#1946,#1979,
    #2010,#2043,#2074,#2107,#2138,#2171,#2202,#2235,#2264,#2289,#2313,
    #2338,#2362,#2387,#2411,#2436,#2460,#2485,#2509,#2534,#2558,#2576,
    #2598,#2615,#2632,#2649,#2666,#2683,#2700,#2717,#2734,#2751,#2768,
    #2785,#2797,#3109,#3126,#3143,#3165,#3182,#3199,#3211,#3228,#3245,
    #3267,#3284,#3301,#3318,#3335,#3352,#3369,#3386,#3403,#3420,#3437,
    #3449,#3471,#3488,#3505,#3517,#3539,#3556,#3573,#3585,#3607,#3624,
    #3641,#3653));
#17 = ADVANCED_FACE('',(#18),#45,.F.);
#18 = FACE_BOUND('',#19,.F.);
#19 = EDGE_LOOP('',(#20,#30,#37,#38));
#20 = ORIENTED_EDGE('',*,*,#21,.T.);
#21 = EDGE_CURVE('',#22,#24,#26,.T.);
#22 = VERTEX_POINT('',#23);
#23 = CARTESIAN_POINT('',(110.72118105733,17.73053206802,8.));
#24 = VERTEX_POINT('',#25);
#25 = CARTESIAN_POINT('',(110.72118105733,17.73053206802,5.5));
#26 = LINE('',#27,#28);
#27 = CARTESIAN_POINT('',(110.72118105733,17.73053206802,6.75));
#28 = VECTOR('',#29,1.);
#29 = DIRECTION('',(0.,0.,-1.));
#30 = ORIENTED_EDGE('',*,*,#31,.F.);
#31 = EDGE_CURVE('',#24,#24,#32,.T.);
#32 = CIRCLE('',#33,3.2);
#33 = AXIS2_PLACEMENT_3D('',#34,#35,#36);
#34 = CARTESIAN_POINT('',(113.92118105733,17.73053206802,5.5));
#35 = DIRECTION('',(0.,0.,-1.));
#36 = DIRECTION('',(1.,0.,0.));
#37 = ORIENTED_EDGE('',*,*,#21,.F.);
#38 = ORIENTED_EDGE('',*,*,#39,.T.);
#39 = EDGE_CURVE('',#22,#22,#40,.T.);
#40 = CIRCLE('',#41,3.2);
#41 = AXIS2_PLACEMENT_3D('',#42,#43,#44);
#42 = CARTESIAN_POINT('',(113.92118105733,17.73053206802,8.));
#43 = DIRECTION('',(0.,0.,-1.));
#44 = DIRECTION('',(1.,0.,0.));
#45 = CYLINDRICAL_SURFACE('',#46,3.2);
#46 = AXIS2_PLACEMENT_3D('',#47,#48,#49);
#47 = CARTESIAN_POINT('',(113.92118105733,17.73053206802,6.75));
#48 = DIRECTION('',(0.,0.,-1.));
#49 = DIRECTION('',(1.,0.,0.));
#50 = ADVANCED_FACE('',(#51,#54),#65,.F.);
#51 = FACE_BOUND('',#52,.T.);
#52 = EDGE_LOOP('',(#53));
#53 = ORIENTED_EDGE('',*,*,#31,.F.);
#54 = FACE_BOUND('',#55,.T.);
#55 = EDGE_LOOP('',(#56));
#56 = ORIENTED_EDGE('',*,*,#57,.F.);
#57 = EDGE_CURVE('',#58,#58,#60,.T.);
#58 = VERTEX_POINT('',#59);
#59 = CARTESIAN_POINT('',(111.77118105733,17.73053206802,5.5));
#60 = CIRCLE('',#61,2.15);
#61 = AXIS2_PLACEMENT_3D('',#62,#63,#64);
#62 = CARTESIAN_POINT('',(113.92118105733,17.73053206802,5.5));
#63 = DIRECTION('',(0.,0.,1.));
#64 = DIRECTION('',(1.,0.,-0.));
#65 = PLANE('',#66);
#66 = AXIS2_PLACEMENT_3D('',#67,#68,#69);
#67 = CARTESIAN_POINT('',(113.92118105733,17.73053206802,5.5));
#68 = DIRECTION('',(0.,0.,-1.));
#69 = DIRECTION('',(1.,0.,0.));
#70 = ADVANCED_FACE('',(#71),#98,.F.);
#71 = FACE_BOUND('',#72,.F.);
#72 = EDGE_LOOP('',(#73,#83,#90,#91));
#73 = ORIENTED_EDGE('',*,*,#74,.T.);
#74 = EDGE_CURVE('',#75,#77,#79,.T.);
#75 = VERTEX_POINT('',#76);
#76 = CARTESIAN_POINT('',(125.614636801,6.230499960095,8.));
#77 = VERTEX_POINT('',#78);
#78 = CARTESIAN_POINT('',(125.614636801,6.230499960095,5.5));
#79 = LINE('',#80,#81);
#80 = CARTESIAN_POINT('',(125.614636801,6.230499960095,6.75));
#81 = VECTOR('',#82,1.);
#82 = DIRECTION('',(0.,0.,-1.));
#83 = ORIENTED_EDGE('',*,*,#84,.F.);
#84 = EDGE_CURVE('',#77,#77,#85,.T.);
#85 = CIRCLE('',#86,3.2);
#86 = AXIS2_PLACEMENT_3D('',#87,#88,#89);
#87 = CARTESIAN_POINT('',(128.814636801,6.230499960095,5.5));
#88 = DIRECTION('',(0.,0.,-1.));
#89 = DIRECTION('',(1.,0.,0.));
#90 = ORIENTED_EDGE('',*,*,#74,.F.);
#91 = ORIENTED_EDGE('',*,*,#92,.T.);
#92 = EDGE_CURVE('',#75,#75,#93,.T.);
#93 = CIRCLE('',#94,3.2);
#94 = AXIS2_PLACEMENT_3D('',#95,#96,#97);
#95 = CARTESIAN_POINT('',(128.814636801,6.230499960095,8.));
#96 = DIRECTION('',(0.,0.,-1.));
#97 = DIRECTION('',(1.,0.,0.));
#98 = CYLINDRICAL_SURFACE('',#99,3.2);
#99 = AXIS2_PLACEMENT_3D('',#100,#101,#102);
#100 = CARTESIAN_POINT('',(128.814636801,6.230499960095,6.75));
#101 = DIRECTION('',(0.,0.,-1.));
#102 = DIRECTION('',(1.,0.,0.));
#103 = ADVANCED_FACE('',(#104,#107),#118,.F.);
#104 = FACE_BOUND('',#105,.T.);
#105 = EDGE_LOOP('',(#106));
#106 = ORIENTED_EDGE('',*,*,#84,.F.);
#107 = FACE_BOUND('',#108,.T.);
#108 = EDGE_LOOP('',(#109));
#109 = ORIENTED_EDGE('',*,*,#110,.F.);
#110 = EDGE_CURVE('',#111,#111,#113,.T.);
#111 = VERTEX_POINT('',#112);
#112 = CARTESIAN_POINT('',(126.664636801,6.230499960095,5.5));
#113 = CIRCLE('',#114,2.15);
#114 = AXIS2_PLACEMENT_3D('',#115,#116,#117);
#115 = CARTESIAN_POINT('',(128.814636801,6.230499960095,5.5));
#116 = DIRECTION('',(0.,0.,1.));
#117 = DIRECTION('',(1.,0.,-0.));
#118 = PLANE('',#119);
#119 = AXIS2_PLACEMENT_3D('',#120,#121,#122);
#120 = CARTESIAN_POINT('',(128.814636801,6.230499960095,5.5));
#121 = DIRECTION('',(0.,0.,-1.));
#122 = DIRECTION('',(1.,0.,0.));
#123 = ADVANCED_FACE('',(#124),#143,.F.);
#124 = FACE_BOUND('',#125,.F.);
#125 = EDGE_LOOP('',(#126,#134,#141,#142));
#126 = ORIENTED_EDGE('',*,*,#127,.T.);
#127 = EDGE_CURVE('',#58,#128,#130,.T.);
#128 = VERTEX_POINT('',#129);
#129 = CARTESIAN_POINT('',(111.77118105733,17.73053206802,4.));
#130 = LINE('',#131,#132);
#131 = CARTESIAN_POINT('',(111.77118105733,17.73053206802,6.));
#132 = VECTOR('',#133,1.);
#133 = DIRECTION('',(0.,0.,-1.));
#134 = ORIENTED_EDGE('',*,*,#135,.F.);
#135 = EDGE_CURVE('',#128,#128,#136,.T.);
#136 = CIRCLE('',#137,2.15);
#137 = AXIS2_PLACEMENT_3D('',#138,#139,#140);
#138 = CARTESIAN_POINT('',(113.92118105733,17.73053206802,4.));
#139 = DIRECTION('',(0.,0.,-1.));
#140 = DIRECTION('',(1.,0.,0.));
#141 = ORIENTED_EDGE('',*,*,#127,.F.);
#142 = ORIENTED_EDGE('',*,*,#57,.F.);
#143 = CYLINDRICAL_SURFACE('',#144,2.15);
#144 = AXIS2_PLACEMENT_3D('',#145,#146,#147);
#145 = CARTESIAN_POINT('',(113.92118105733,17.73053206802,6.));
#146 = DIRECTION('',(0.,0.,-1.));
#147 = DIRECTION('',(1.,0.,0.));
#148 = ADVANCED_FACE('',(#149,#152),#163,.F.);
#149 = FACE_BOUND('',#150,.T.);
#150 = EDGE_LOOP('',(#151));
#151 = ORIENTED_EDGE('',*,*,#135,.F.);
#152 = FACE_BOUND('',#153,.T.);
#153 = EDGE_LOOP('',(#154));
#154 = ORIENTED_EDGE('',*,*,#155,.F.);
#155 = EDGE_CURVE('',#156,#156,#158,.T.);
#156 = VERTEX_POINT('',#157);
#157 = CARTESIAN_POINT('',(112.42118105733,17.73053206802,4.));
#158 = CIRCLE('',#159,1.5);
#159 = AXIS2_PLACEMENT_3D('',#160,#161,#162);
#160 = CARTESIAN_POINT('',(113.92118105733,17.73053206802,4.));
#161 = DIRECTION('',(0.,0.,1.));
#162 = DIRECTION('',(1.,0.,-0.));
#163 = PLANE('',#164);
#164 = AXIS2_PLACEMENT_3D('',#165,#166,#167);
#165 = CARTESIAN_POINT('',(113.92118105733,17.73053206802,4.));
#166 = DIRECTION('',(0.,0.,-1.));
#167 = DIRECTION('',(1.,0.,0.));
#168 = ADVANCED_FACE('',(#169),#188,.F.);
#169 = FACE_BOUND('',#170,.F.);
#170 = EDGE_LOOP('',(#171,#179,#186,#187));
#171 = ORIENTED_EDGE('',*,*,#172,.T.);
#172 = EDGE_CURVE('',#111,#173,#175,.T.);
#173 = VERTEX_POINT('',#174);
#174 = CARTESIAN_POINT('',(126.664636801,6.230499960095,4.));
#175 = LINE('',#176,#177);
#176 = CARTESIAN_POINT('',(126.664636801,6.230499960095,6.));
#177 = VECTOR('',#178,1.);
#178 = DIRECTION('',(0.,0.,-1.));
#179 = ORIENTED_EDGE('',*,*,#180,.F.);
#180 = EDGE_CURVE('',#173,#173,#181,.T.);
#181 = CIRCLE('',#182,2.15);
#182 = AXIS2_PLACEMENT_3D('',#183,#184,#185);
#183 = CARTESIAN_POINT('',(128.814636801,6.230499960095,4.));
#184 = DIRECTION('',(0.,0.,-1.));
#185 = DIRECTION('',(1.,0.,0.));
#186 = ORIENTED_EDGE('',*,*,#172,.F.);
#187 = ORIENTED_EDGE('',*,*,#110,.F.);
#188 = CYLINDRICAL_SURFACE('',#189,2.15);
#189 = AXIS2_PLACEMENT_3D('',#190,#191,#192);
#190 = CARTESIAN_POINT('',(128.814636801,6.230499960095,6.));
#191 = DIRECTION('',(0.,0.,-1.));
#192 = DIRECTION('',(1.,0.,0.));
#193 = ADVANCED_FACE('',(#194,#197),#208,.F.);
#194 = FACE_BOUND('',#195,.T.);
#195 = EDGE_LOOP('',(#196));
#196 = ORIENTED_EDGE('',*,*,#180,.F.);
#197 = FACE_BOUND('',#198,.T.);
#198 = EDGE_LOOP('',(#199));
#199 = ORIENTED_EDGE('',*,*,#200,.F.);
#200 = EDGE_CURVE('',#201,#201,#203,.T.);
#201 = VERTEX_POINT('',#202);
#202 = CARTESIAN_POINT('',(127.314636801,6.230499960095,4.));
#203 = CIRCLE('',#204,1.5);
#204 = AXIS2_PLACEMENT_3D('',#205,#206,#207);
#205 = CARTESIAN_POINT('',(128.814636801,6.230499960095,4.));
#206 = DIRECTION('',(0.,0.,1.));
#207 = DIRECTION('',(1.,0.,-0.));
#208 = PLANE('',#209);
#209 = AXIS2_PLACEMENT_3D('',#210,#211,#212);
#210 = CARTESIAN_POINT('',(128.814636801,6.230499960095,4.));
#211 = DIRECTION('',(0.,0.,-1.));
#212 = DIRECTION('',(1.,0.,0.));
#213 = ADVANCED_FACE('',(#214),#248,.T.);
#214 = FACE_BOUND('',#215,.T.);
#215 = EDGE_LOOP('',(#216,#226,#234,#242));
#216 = ORIENTED_EDGE('',*,*,#217,.T.);
#217 = EDGE_CURVE('',#218,#220,#222,.T.);
#218 = VERTEX_POINT('',#219);
#219 = CARTESIAN_POINT('',(94.179434441062,23.455556188411,
    4.105604745064E-13));
#220 = VERTEX_POINT('',#221);
#221 = CARTESIAN_POINT('',(93.384608613567,22.556527877429,1.2));
#222 = LINE('',#223,#224);
#223 = CARTESIAN_POINT('',(94.179434441062,23.455556188411,
    4.105604745064E-13));
#224 = VECTOR('',#225,1.);
#225 = DIRECTION('',(-0.468355610403,-0.529757512645,0.707106781187));
#226 = ORIENTED_EDGE('',*,*,#227,.T.);
#227 = EDGE_CURVE('',#220,#228,#230,.T.);
#228 = VERTEX_POINT('',#229);
#229 = CARTESIAN_POINT('',(62.68130303573,49.701146088713,1.2));
#230 = LINE('',#231,#232);
#231 = CARTESIAN_POINT('',(63.160242433206,49.277718485523,1.2));
#232 = VECTOR('',#233,1.);
#233 = DIRECTION('',(-0.749190259152,0.662354856246,0.));
#234 = ORIENTED_EDGE('',*,*,#235,.T.);
#235 = EDGE_CURVE('',#228,#236,#238,.T.);
#236 = VERTEX_POINT('',#237);
#237 = CARTESIAN_POINT('',(63.476128863225,50.600174399695,
    4.105604745064E-13));
#238 = LINE('',#239,#240);
#239 = CARTESIAN_POINT('',(62.68130303573,49.701146088713,1.2));
#240 = VECTOR('',#241,1.);
#241 = DIRECTION('',(0.468355610403,0.529757512645,-0.707106781187));
#242 = ORIENTED_EDGE('',*,*,#243,.T.);
#243 = EDGE_CURVE('',#236,#218,#244,.T.);
#244 = LINE('',#245,#246);
#245 = CARTESIAN_POINT('',(63.955068260701,50.176746796505,
    4.105604745064E-13));
#246 = VECTOR('',#247,1.);
#247 = DIRECTION('',(0.749190259152,-0.662354856246,0.));
#248 = PLANE('',#249);
#249 = AXIS2_PLACEMENT_3D('',#250,#251,#252);
#250 = CARTESIAN_POINT('',(63.557655346954,49.727232641014,0.6));
#251 = DIRECTION('',(-0.468355610403,-0.529757512645,-0.707106781187));
#252 = DIRECTION('',(-0.833705702101,3.053113317719E-16,0.552209020466)
  );
#253 = ADVANCED_FACE('',(#254),#281,.T.);
#254 = FACE_BOUND('',#255,.T.);
#255 = EDGE_LOOP('',(#256,#266,#273,#274));
#256 = ORIENTED_EDGE('',*,*,#257,.T.);
#257 = EDGE_CURVE('',#258,#260,#262,.T.);
#258 = VERTEX_POINT('',#259);
#259 = CARTESIAN_POINT('',(94.649382253628,23.100950104904,
    4.105604745064E-13));
#260 = VERTEX_POINT('',#261);
#261 = CARTESIAN_POINT('',(94.002960998523,22.089940925446,1.2));
#262 = LINE('',#263,#264);
#263 = CARTESIAN_POINT('',(94.649382253628,23.100950104904,
    4.105604745064E-13));
#264 = VECTOR('',#265,1.);
#265 = DIRECTION('',(-0.38090737749,-0.595742872197,0.707106781187));
#266 = ORIENTED_EDGE('',*,*,#267,.T.);
#267 = EDGE_CURVE('',#260,#220,#268,.T.);
#268 = CIRCLE('',#269,5.);
#269 = AXIS2_PLACEMENT_3D('',#270,#271,#272);
#270 = CARTESIAN_POINT('',(96.696382894796,26.302479173187,1.2));
#271 = DIRECTION('',(0.,0.,-1.));
#272 = DIRECTION('',(-0.602329515415,-0.798247552367,-0.));
#273 = ORIENTED_EDGE('',*,*,#217,.F.);
#274 = ORIENTED_EDGE('',*,*,#275,.T.);
#275 = EDGE_CURVE('',#218,#258,#276,.T.);
#276 = CIRCLE('',#277,3.8);
#277 = AXIS2_PLACEMENT_3D('',#278,#279,#280);
#278 = CARTESIAN_POINT('',(96.696382894796,26.302479173187,
    4.105604745064E-13));
#279 = DIRECTION('',(0.,0.,1.));
#280 = DIRECTION('',(-0.602329515415,-0.798247552367,0.));
#281 = CONICAL_SURFACE('',#282,4.4,0.785398163397);
#282 = AXIS2_PLACEMENT_3D('',#283,#284,#285);
#283 = CARTESIAN_POINT('',(96.696382894796,26.302479173187,0.6));
#284 = DIRECTION('',(0.,0.,1.));
#285 = DIRECTION('',(-0.602329515415,-0.798247552367,0.));
#286 = ADVANCED_FACE('',(#287),#312,.T.);
#287 = FACE_BOUND('',#288,.T.);
#288 = EDGE_LOOP('',(#289,#299,#305,#306));
#289 = ORIENTED_EDGE('',*,*,#290,.T.);
#290 = EDGE_CURVE('',#291,#293,#295,.T.);
#291 = VERTEX_POINT('',#292);
#292 = CARTESIAN_POINT('',(127.1244498976,2.336970496611,
    4.105604745064E-13));
#293 = VERTEX_POINT('',#294);
#294 = CARTESIAN_POINT('',(126.47802864249,1.325961317153,1.2));
#295 = LINE('',#296,#297);
#296 = CARTESIAN_POINT('',(127.1244498976,2.336970496611,
    4.105604745064E-13));
#297 = VECTOR('',#298,1.);
#298 = DIRECTION('',(-0.38090737749,-0.595742872197,0.707106781186));
#299 = ORIENTED_EDGE('',*,*,#300,.T.);
#300 = EDGE_CURVE('',#293,#260,#301,.T.);
#301 = LINE('',#302,#303);
#302 = CARTESIAN_POINT('',(77.496443159244,32.643914317471,1.2));
#303 = VECTOR('',#304,1.);
#304 = DIRECTION('',(-0.842507649548,0.538684379255,0.));
#305 = ORIENTED_EDGE('',*,*,#257,.F.);
#306 = ORIENTED_EDGE('',*,*,#307,.T.);
#307 = EDGE_CURVE('',#258,#291,#308,.T.);
#308 = LINE('',#309,#310);
#309 = CARTESIAN_POINT('',(78.14286441435,33.654923496929,
    4.105604745064E-13));
#310 = VECTOR('',#311,1.);
#311 = DIRECTION('',(0.842507649548,-0.538684379255,0.));
#312 = PLANE('',#313);
#313 = AXIS2_PLACEMENT_3D('',#314,#315,#316);
#314 = CARTESIAN_POINT('',(77.819653786797,33.1494189072,0.6));
#315 = DIRECTION('',(-0.38090737749,-0.595742872197,-0.707106781187));
#316 = DIRECTION('',(-0.880389192369,8.326672684689E-17,0.474251905594)
  );
#317 = ADVANCED_FACE('',(#318),#345,.T.);
#318 = FACE_BOUND('',#319,.T.);
#319 = EDGE_LOOP('',(#320,#330,#337,#338));
#320 = ORIENTED_EDGE('',*,*,#321,.T.);
#321 = EDGE_CURVE('',#322,#324,#326,.T.);
#322 = VERTEX_POINT('',#323);
#323 = CARTESIAN_POINT('',(128.8276853832,1.754080782859,
    4.105604745064E-13));
#324 = VERTEX_POINT('',#325);
#325 = CARTESIAN_POINT('',(128.71912796565,0.559001167479,1.2));
#326 = LINE('',#327,#328);
#327 = CARTESIAN_POINT('',(128.8276853832,1.754080782859,
    4.105604745064E-13));
#328 = VECTOR('',#329,1.);
#329 = DIRECTION('',(-6.396807174687E-02,-0.704207416744,0.707106781187)
  );
#330 = ORIENTED_EDGE('',*,*,#331,.T.);
#331 = EDGE_CURVE('',#324,#293,#332,.T.);
#332 = CIRCLE('',#333,5.);
#333 = AXIS2_PLACEMENT_3D('',#334,#335,#336);
#334 = CARTESIAN_POINT('',(129.17145053877,5.538499564893,1.2));
#335 = DIRECTION('',(0.,0.,-1.));
#336 = DIRECTION('',(-0.538684379255,-0.842507649548,-0.));
#337 = ORIENTED_EDGE('',*,*,#290,.F.);
#338 = ORIENTED_EDGE('',*,*,#339,.T.);
#339 = EDGE_CURVE('',#291,#322,#340,.T.);
#340 = CIRCLE('',#341,3.8);
#341 = AXIS2_PLACEMENT_3D('',#342,#343,#344);
#342 = CARTESIAN_POINT('',(129.17145053877,5.538499564893,
    4.105604745064E-13));
#343 = DIRECTION('',(0.,0.,1.));
#344 = DIRECTION('',(-0.538684379255,-0.842507649548,0.));
#345 = CONICAL_SURFACE('',#346,4.4,0.785398163397);
#346 = AXIS2_PLACEMENT_3D('',#347,#348,#349);
#347 = CARTESIAN_POINT('',(129.17145053877,5.538499564893,0.6));
#348 = DIRECTION('',(0.,0.,1.));
#349 = DIRECTION('',(-0.538684379255,-0.842507649548,0.));
#350 = ADVANCED_FACE('',(#351),#376,.T.);
#351 = FACE_BOUND('',#352,.T.);
#352 = EDGE_LOOP('',(#353,#363,#369,#370));
#353 = ORIENTED_EDGE('',*,*,#354,.T.);
#354 = EDGE_CURVE('',#355,#357,#359,.T.);
#355 = VERTEX_POINT('',#356);
#356 = CARTESIAN_POINT('',(134.91387093322,1.201230096155,
    4.105604745064E-13));
#357 = VERTEX_POINT('',#358);
#358 = CARTESIAN_POINT('',(134.80531351567,6.150480775724E-03,1.2));
#359 = LINE('',#360,#361);
#360 = CARTESIAN_POINT('',(134.91387093322,1.201230096155,
    4.105604745064E-13));
#361 = VECTOR('',#362,1.);
#362 = DIRECTION('',(-6.396807174688E-02,-0.704207416744,0.707106781187)
  );
#363 = ORIENTED_EDGE('',*,*,#364,.T.);
#364 = EDGE_CURVE('',#357,#324,#365,.T.);
#365 = LINE('',#366,#367);
#366 = CARTESIAN_POINT('',(96.319692844544,3.502067856508,1.2));
#367 = VECTOR('',#368,1.);
#368 = DIRECTION('',(-0.995899679483,9.046451462329E-02,0.));
#369 = ORIENTED_EDGE('',*,*,#321,.F.);
#370 = ORIENTED_EDGE('',*,*,#371,.T.);
#371 = EDGE_CURVE('',#322,#355,#372,.T.);
#372 = LINE('',#373,#374);
#373 = CARTESIAN_POINT('',(96.428250262092,4.697147471887,
    4.105604745064E-13));
#374 = VECTOR('',#375,1.);
#375 = DIRECTION('',(0.995899679483,-9.046451462329E-02,0.));
#376 = PLANE('',#377);
#377 = AXIS2_PLACEMENT_3D('',#378,#379,#380);
#378 = CARTESIAN_POINT('',(96.373971553318,4.099607664198,0.6));
#379 = DIRECTION('',(-6.396807174688E-02,-0.704207416744,-0.707106781187
    ));
#380 = DIRECTION('',(-0.995933031372,-1.387778780781E-17,
    9.00965982804E-02));
#381 = ADVANCED_FACE('',(#382),#409,.T.);
#382 = FACE_BOUND('',#383,.T.);
#383 = EDGE_LOOP('',(#384,#394,#401,#402));
#384 = ORIENTED_EDGE('',*,*,#385,.T.);
#385 = EDGE_CURVE('',#386,#388,#390,.T.);
#386 = VERTEX_POINT('',#387);
#387 = CARTESIAN_POINT('',(135.22319810489,1.601833372599,
    4.105604745064E-13));
#388 = VERTEX_POINT('',#389);
#389 = CARTESIAN_POINT('',(136.35194937404,2.009166862993,1.2));
#390 = LINE('',#391,#392);
#391 = CARTESIAN_POINT('',(135.22319810489,1.601833372599,
    4.105604745064E-13));
#392 = VECTOR('',#393,1.);
#393 = DIRECTION('',(0.665123063906,0.240023561052,0.707106781187));
#394 = ORIENTED_EDGE('',*,*,#395,.T.);
#395 = EDGE_CURVE('',#388,#357,#396,.T.);
#396 = CIRCLE('',#397,1.5);
#397 = AXIS2_PLACEMENT_3D('',#398,#399,#400);
#398 = CARTESIAN_POINT('',(134.9410102876,1.5,1.2));
#399 = DIRECTION('',(0.,0.,-1.));
#400 = DIRECTION('',(-9.046451462291E-02,-0.995899679483,-0.));
#401 = ORIENTED_EDGE('',*,*,#354,.F.);
#402 = ORIENTED_EDGE('',*,*,#403,.T.);
#403 = EDGE_CURVE('',#355,#386,#404,.T.);
#404 = CIRCLE('',#405,0.3);
#405 = AXIS2_PLACEMENT_3D('',#406,#407,#408);
#406 = CARTESIAN_POINT('',(134.9410102876,1.5,4.105604745064E-13));
#407 = DIRECTION('',(0.,0.,1.));
#408 = DIRECTION('',(-9.046451462291E-02,-0.995899679483,0.));
#409 = CONICAL_SURFACE('',#410,0.9,0.785398163397);
#410 = AXIS2_PLACEMENT_3D('',#411,#412,#413);
#411 = CARTESIAN_POINT('',(134.9410102876,1.5,0.6));
#412 = DIRECTION('',(0.,0.,1.));
#413 = DIRECTION('',(-9.046451462291E-02,-0.995899679483,0.));
#414 = ADVANCED_FACE('',(#415),#440,.T.);
#415 = FACE_BOUND('',#416,.T.);
#416 = EDGE_LOOP('',(#417,#418,#426,#434));
#417 = ORIENTED_EDGE('',*,*,#385,.F.);
#418 = ORIENTED_EDGE('',*,*,#419,.T.);
#419 = EDGE_CURVE('',#386,#420,#422,.T.);
#420 = VERTEX_POINT('',#421);
#421 = CARTESIAN_POINT('',(133.14876961379,7.350228354362,
    4.105604745064E-13));
#422 = LINE('',#423,#424);
#423 = CARTESIAN_POINT('',(123.03222736498,35.383916160583,
    4.105604745064E-13));
#424 = VECTOR('',#425,1.);
#425 = DIRECTION('',(-0.339444575329,0.940626057623,0.));
#426 = ORIENTED_EDGE('',*,*,#427,.T.);
#427 = EDGE_CURVE('',#420,#428,#430,.T.);
#428 = VERTEX_POINT('',#429);
#429 = CARTESIAN_POINT('',(134.27752088294,7.757561844757,1.2));
#430 = LINE('',#431,#432);
#431 = CARTESIAN_POINT('',(133.14876961379,7.350228354362,
    4.105604745064E-13));
#432 = VECTOR('',#433,1.);
#433 = DIRECTION('',(0.665123063906,0.240023561052,0.707106781187));
#434 = ORIENTED_EDGE('',*,*,#435,.T.);
#435 = EDGE_CURVE('',#428,#388,#436,.T.);
#436 = LINE('',#437,#438);
#437 = CARTESIAN_POINT('',(124.16097863412,35.791249650978,1.2));
#438 = VECTOR('',#439,1.);
#439 = DIRECTION('',(0.339444575329,-0.940626057623,0.));
#440 = PLANE('',#441);
#441 = AXIS2_PLACEMENT_3D('',#442,#443,#444);
#442 = CARTESIAN_POINT('',(123.59660299955,35.58758290578,0.6));
#443 = DIRECTION('',(0.665123063906,0.240023561052,-0.707106781187));
#444 = DIRECTION('',(-0.728400054258,4.163336342344E-17,-0.685152071409)
  );
#445 = ADVANCED_FACE('',(#446),#473,.T.);
#446 = FACE_BOUND('',#447,.T.);
#447 = EDGE_LOOP('',(#448,#458,#465,#466));
#448 = ORIENTED_EDGE('',*,*,#449,.T.);
#449 = EDGE_CURVE('',#450,#452,#454,.T.);
#450 = VERTEX_POINT('',#451);
#451 = CARTESIAN_POINT('',(132.15398775773,8.850621834974,
    4.105604745064E-13));
#452 = VERTEX_POINT('',#453);
#453 = CARTESIAN_POINT('',(132.96859738813,9.73176379293,1.2));
#454 = LINE('',#455,#456);
#455 = CARTESIAN_POINT('',(132.15398775773,8.850621834974,
    4.105604745064E-13));
#456 = VECTOR('',#457,1.);
#457 = DIRECTION('',(0.480013328059,0.519217878049,0.707106781187));
#458 = ORIENTED_EDGE('',*,*,#459,.T.);
#459 = EDGE_CURVE('',#452,#428,#460,.T.);
#460 = CIRCLE('',#461,5.);
#461 = AXIS2_PLACEMENT_3D('',#462,#463,#464);
#462 = CARTESIAN_POINT('',(129.57439059482,6.060338968113,1.2));
#463 = DIRECTION('',(0.,0.,-1.));
#464 = DIRECTION('',(0.940626057623,0.339444575329,0.));
#465 = ORIENTED_EDGE('',*,*,#427,.F.);
#466 = ORIENTED_EDGE('',*,*,#467,.T.);
#467 = EDGE_CURVE('',#420,#450,#468,.T.);
#468 = CIRCLE('',#469,3.8);
#469 = AXIS2_PLACEMENT_3D('',#470,#471,#472);
#470 = CARTESIAN_POINT('',(129.57439059482,6.060338968113,
    4.105604745064E-13));
#471 = DIRECTION('',(0.,0.,1.));
#472 = DIRECTION('',(0.940626057623,0.339444575329,-0.));
#473 = CONICAL_SURFACE('',#474,4.4,0.785398163397);
#474 = AXIS2_PLACEMENT_3D('',#475,#476,#477);
#475 = CARTESIAN_POINT('',(129.57439059482,6.060338968113,0.6));
#476 = DIRECTION('',(0.,0.,1.));
#477 = DIRECTION('',(0.940626057623,0.339444575329,-0.));
#478 = ADVANCED_FACE('',(#479),#504,.T.);
#479 = FACE_BOUND('',#480,.T.);
#480 = EDGE_LOOP('',(#481,#482,#490,#498));
#481 = ORIENTED_EDGE('',*,*,#449,.F.);
#482 = ORIENTED_EDGE('',*,*,#483,.T.);
#483 = EDGE_CURVE('',#450,#484,#486,.T.);
#484 = VERTEX_POINT('',#485);
#485 = CARTESIAN_POINT('',(103.85044188496,35.017053740805,
    4.105604745064E-13));
#486 = LINE('',#487,#488);
#487 = CARTESIAN_POINT('',(103.71917418857,35.138409815928,
    4.105604745064E-13));
#488 = VECTOR('',#489,1.);
#489 = DIRECTION('',(-0.734284964963,0.678841358661,0.));
#490 = ORIENTED_EDGE('',*,*,#491,.T.);
#491 = EDGE_CURVE('',#484,#492,#494,.T.);
#492 = VERTEX_POINT('',#493);
#493 = CARTESIAN_POINT('',(104.66505151536,35.898195698761,1.2));
#494 = LINE('',#495,#496);
#495 = CARTESIAN_POINT('',(103.85044188496,35.017053740805,
    4.105604745064E-13));
#496 = VECTOR('',#497,1.);
#497 = DIRECTION('',(0.480013328059,0.519217878049,0.707106781187));
#498 = ORIENTED_EDGE('',*,*,#499,.T.);
#499 = EDGE_CURVE('',#492,#452,#500,.T.);
#500 = LINE('',#501,#502);
#501 = CARTESIAN_POINT('',(104.53378381896,36.019551773884,1.2));
#502 = VECTOR('',#503,1.);
#503 = DIRECTION('',(0.734284964963,-0.678841358661,0.));
#504 = PLANE('',#505);
#505 = AXIS2_PLACEMENT_3D('',#506,#507,#508);
#506 = CARTESIAN_POINT('',(104.12647900376,35.578980794906,0.6));
#507 = DIRECTION('',(0.480013328059,0.519217878049,-0.707106781187));
#508 = DIRECTION('',(-0.827371993501,8.326672684689E-17,-0.561654328186)
  );
#509 = ADVANCED_FACE('',(#510),#537,.T.);
#510 = FACE_BOUND('',#511,.T.);
#511 = EDGE_LOOP('',(#512,#522,#529,#530));
#512 = ORIENTED_EDGE('',*,*,#513,.T.);
#513 = EDGE_CURVE('',#514,#516,#518,.T.);
#514 = VERTEX_POINT('',#515);
#515 = CARTESIAN_POINT('',(103.38849095157,35.382016418526,
    4.105604745064E-13));
#516 = VERTEX_POINT('',#517);
#517 = CARTESIAN_POINT('',(104.05722133984,36.378409748394,1.2));
#518 = LINE('',#519,#520);
#519 = CARTESIAN_POINT('',(103.38849095157,35.382016418526,
    4.105604745064E-13));
#520 = VECTOR('',#521,1.);
#521 = DIRECTION('',(0.394053160275,0.587130400232,0.707106781187));
#522 = ORIENTED_EDGE('',*,*,#523,.T.);
#523 = EDGE_CURVE('',#516,#492,#524,.T.);
#524 = CIRCLE('',#525,5.);
#525 = AXIS2_PLACEMENT_3D('',#526,#527,#528);
#526 = CARTESIAN_POINT('',(101.27084472205,32.226770873944,1.2));
#527 = DIRECTION('',(0.,0.,-1.));
#528 = DIRECTION('',(0.619921098487,0.784664152138,0.));
#529 = ORIENTED_EDGE('',*,*,#491,.F.);
#530 = ORIENTED_EDGE('',*,*,#531,.T.);
#531 = EDGE_CURVE('',#484,#514,#532,.T.);
#532 = CIRCLE('',#533,3.8);
#533 = AXIS2_PLACEMENT_3D('',#534,#535,#536);
#534 = CARTESIAN_POINT('',(101.27084472205,32.226770873944,
    4.105604745064E-13));
#535 = DIRECTION('',(0.,0.,1.));
#536 = DIRECTION('',(0.619921098487,0.784664152138,-0.));
#537 = CONICAL_SURFACE('',#538,4.4,0.785398163397);
#538 = AXIS2_PLACEMENT_3D('',#539,#540,#541);
#539 = CARTESIAN_POINT('',(101.27084472205,32.226770873944,0.6));
#540 = DIRECTION('',(0.,0.,1.));
#541 = DIRECTION('',(0.619921098487,0.784664152138,-0.));
#542 = ADVANCED_FACE('',(#543),#568,.T.);
#543 = FACE_BOUND('',#544,.T.);
#544 = EDGE_LOOP('',(#545,#546,#554,#562));
#545 = ORIENTED_EDGE('',*,*,#513,.F.);
#546 = ORIENTED_EDGE('',*,*,#547,.T.);
#547 = EDGE_CURVE('',#514,#548,#550,.T.);
#548 = VERTEX_POINT('',#549);
#549 = CARTESIAN_POINT('',(69.360008745876,58.22026657083,
    4.105604745064E-13));
#550 = LINE('',#551,#552);
#551 = CARTESIAN_POINT('',(87.168774198292,46.267895676136,
    4.105604745064E-13));
#552 = VECTOR('',#553,1.);
#553 = DIRECTION('',(-0.83032777489,0.557275323557,0.));
#554 = ORIENTED_EDGE('',*,*,#555,.T.);
#555 = EDGE_CURVE('',#548,#556,#558,.T.);
#556 = VERTEX_POINT('',#557);
#557 = CARTESIAN_POINT('',(70.028739134145,59.216659900698,1.2));
#558 = LINE('',#559,#560);
#559 = CARTESIAN_POINT('',(69.360008745876,58.22026657083,
    4.105604745064E-13));
#560 = VECTOR('',#561,1.);
#561 = DIRECTION('',(0.394053160275,0.587130400232,0.707106781187));
#562 = ORIENTED_EDGE('',*,*,#563,.T.);
#563 = EDGE_CURVE('',#556,#516,#564,.T.);
#564 = LINE('',#565,#566);
#565 = CARTESIAN_POINT('',(87.837504586561,47.264289006004,1.2));
#566 = VECTOR('',#567,1.);
#567 = DIRECTION('',(0.83032777489,-0.557275323557,0.));
#568 = PLANE('',#569);
#569 = AXIS2_PLACEMENT_3D('',#570,#571,#572);
#570 = CARTESIAN_POINT('',(87.503139392427,46.76609234107,0.6));
#571 = DIRECTION('',(0.394053160275,0.587130400232,-0.707106781187));
#572 = DIRECTION('',(-0.873518774891,-3.608224830032E-16,-0.486790457911
    ));
#573 = ADVANCED_FACE('',(#574),#601,.F.);
#574 = FACE_BOUND('',#575,.F.);
#575 = EDGE_LOOP('',(#576,#585,#586,#595));
#576 = ORIENTED_EDGE('',*,*,#577,.F.);
#577 = EDGE_CURVE('',#548,#578,#580,.T.);
#578 = VERTEX_POINT('',#579);
#579 = CARTESIAN_POINT('',(69.025904870841,58.460969471075,
    4.105604745064E-13));
#580 = CIRCLE('',#581,6.2);
#581 = AXIS2_PLACEMENT_3D('',#582,#583,#584);
#582 = CARTESIAN_POINT('',(72.815115751932,63.368298775149,
    4.105604745064E-13));
#583 = DIRECTION('',(0.,0.,-1.));
#584 = DIRECTION('',(-0.584541583421,-0.811363751502,-0.));
#585 = ORIENTED_EDGE('',*,*,#555,.T.);
#586 = ORIENTED_EDGE('',*,*,#587,.F.);
#587 = EDGE_CURVE('',#588,#556,#590,.T.);
#588 = VERTEX_POINT('',#589);
#589 = CARTESIAN_POINT('',(69.759300525246,59.410775142831,1.2));
#590 = CIRCLE('',#591,5.);
#591 = AXIS2_PLACEMENT_3D('',#592,#593,#594);
#592 = CARTESIAN_POINT('',(72.815115751932,63.368298775149,1.2));
#593 = DIRECTION('',(0.,0.,1.));
#594 = DIRECTION('',(-0.584541583421,-0.811363751502,0.));
#595 = ORIENTED_EDGE('',*,*,#596,.F.);
#596 = EDGE_CURVE('',#578,#588,#597,.T.);
#597 = LINE('',#598,#599);
#598 = CARTESIAN_POINT('',(69.025904870841,58.460969471075,
    4.105604745064E-13));
#599 = VECTOR('',#600,1.);
#600 = DIRECTION('',(0.432157533769,0.559678359424,0.707106781187));
#601 = CONICAL_SURFACE('',#602,5.6,0.785398163397);
#602 = AXIS2_PLACEMENT_3D('',#603,#604,#605);
#603 = CARTESIAN_POINT('',(72.815115751932,63.368298775149,0.6));
#604 = DIRECTION('',(0.,0.,-1.));
#605 = DIRECTION('',(-0.584541583421,-0.811363751502,-0.));
#606 = ADVANCED_FACE('',(#607),#632,.T.);
#607 = FACE_BOUND('',#608,.T.);
#608 = EDGE_LOOP('',(#609,#619,#625,#626));
#609 = ORIENTED_EDGE('',*,*,#610,.T.);
#610 = EDGE_CURVE('',#611,#613,#615,.T.);
#611 = VERTEX_POINT('',#612);
#612 = CARTESIAN_POINT('',(41.941781135989,79.374067003725,
    4.105604745064E-13));
#613 = VERTEX_POINT('',#614);
#614 = CARTESIAN_POINT('',(42.675176790393,80.323872675481,1.2));
#615 = LINE('',#616,#617);
#616 = CARTESIAN_POINT('',(41.941781135989,79.374067003725,
    4.105604745064E-13));
#617 = VECTOR('',#618,1.);
#618 = DIRECTION('',(0.432157533769,0.559678359424,0.707106781187));
#619 = ORIENTED_EDGE('',*,*,#620,.T.);
#620 = EDGE_CURVE('',#613,#588,#621,.T.);
#621 = LINE('',#622,#623);
#622 = CARTESIAN_POINT('',(70.70363839132,58.681601473033,1.2));
#623 = VECTOR('',#624,1.);
#624 = DIRECTION('',(0.791504726463,-0.611163045337,0.));
#625 = ORIENTED_EDGE('',*,*,#596,.F.);
#626 = ORIENTED_EDGE('',*,*,#627,.T.);
#627 = EDGE_CURVE('',#578,#611,#628,.T.);
#628 = LINE('',#629,#630);
#629 = CARTESIAN_POINT('',(69.970242736916,57.731795801277,
    4.105604745064E-13));
#630 = VECTOR('',#631,1.);
#631 = DIRECTION('',(-0.791504726463,0.611163045337,0.));
#632 = PLANE('',#633);
#633 = AXIS2_PLACEMENT_3D('',#634,#635,#636);
#634 = CARTESIAN_POINT('',(70.336940564118,58.206698637155,0.6));
#635 = DIRECTION('',(0.432157533769,0.559678359424,-0.707106781187));
#636 = DIRECTION('',(-0.853262116021,-2.775557561563E-17,-0.521482273298
    ));
#637 = ADVANCED_FACE('',(#638),#665,.F.);
#638 = FACE_BOUND('',#639,.F.);
#639 = EDGE_LOOP('',(#640,#649,#657,#664));
#640 = ORIENTED_EDGE('',*,*,#641,.F.);
#641 = EDGE_CURVE('',#642,#613,#644,.T.);
#642 = VERTEX_POINT('',#643);
#643 = CARTESIAN_POINT('',(37.127547883227,86.978157964043,1.2));
#644 = CIRCLE('',#645,20.);
#645 = AXIS2_PLACEMENT_3D('',#646,#647,#648);
#646 = CARTESIAN_POINT('',(54.898437697137,96.153967204753,1.2));
#647 = DIRECTION('',(0.,0.,1.));
#648 = DIRECTION('',(-0.888544490695,-0.458790462035,0.));
#649 = ORIENTED_EDGE('',*,*,#650,.F.);
#650 = EDGE_CURVE('',#651,#642,#653,.T.);
#651 = VERTEX_POINT('',#652);
#652 = CARTESIAN_POINT('',(36.061294494392,86.427609409601,
    4.105604745064E-13));
#653 = LINE('',#654,#655);
#654 = CARTESIAN_POINT('',(36.061294494392,86.427609409601,
    4.105604745064E-13));
#655 = VECTOR('',#656,1.);
#656 = DIRECTION('',(0.628295834757,0.324413846849,0.707106781187));
#657 = ORIENTED_EDGE('',*,*,#658,.F.);
#658 = EDGE_CURVE('',#611,#651,#659,.T.);
#659 = CIRCLE('',#660,21.2);
#660 = AXIS2_PLACEMENT_3D('',#661,#662,#663);
#661 = CARTESIAN_POINT('',(54.898437697137,96.153967204753,
    4.105604745064E-13));
#662 = DIRECTION('',(0.,0.,-1.));
#663 = DIRECTION('',(-0.888544490695,-0.458790462035,-0.));
#664 = ORIENTED_EDGE('',*,*,#610,.T.);
#665 = CONICAL_SURFACE('',#666,20.6,0.785398163397);
#666 = AXIS2_PLACEMENT_3D('',#667,#668,#669);
#667 = CARTESIAN_POINT('',(54.898437697137,96.153967204753,0.6));
#668 = DIRECTION('',(0.,0.,-1.));
#669 = DIRECTION('',(-0.888544490695,-0.458790462035,-0.));
#670 = ADVANCED_FACE('',(#671),#696,.T.);
#671 = FACE_BOUND('',#672,.T.);
#672 = EDGE_LOOP('',(#673,#674,#682,#690));
#673 = ORIENTED_EDGE('',*,*,#650,.F.);
#674 = ORIENTED_EDGE('',*,*,#675,.T.);
#675 = EDGE_CURVE('',#651,#676,#678,.T.);
#676 = VERTEX_POINT('',#677);
#677 = CARTESIAN_POINT('',(32.163458080565,93.976591696142,
    4.105604745064E-13));
#678 = LINE('',#679,#680);
#679 = CARTESIAN_POINT('',(46.099259489741,66.986973144313,
    4.105604745064E-13));
#680 = VECTOR('',#681,1.);
#681 = DIRECTION('',(-0.458790462035,0.888544490696,0.));
#682 = ORIENTED_EDGE('',*,*,#683,.T.);
#683 = EDGE_CURVE('',#676,#684,#686,.T.);
#684 = VERTEX_POINT('',#685);
#685 = CARTESIAN_POINT('',(33.2297114694,94.527140250584,1.2));
#686 = LINE('',#687,#688);
#687 = CARTESIAN_POINT('',(32.163458080565,93.976591696142,
    4.105604745064E-13));
#688 = VECTOR('',#689,1.);
#689 = DIRECTION('',(0.628295834757,0.324413846849,0.707106781186));
#690 = ORIENTED_EDGE('',*,*,#691,.T.);
#691 = EDGE_CURVE('',#684,#642,#692,.T.);
#692 = LINE('',#693,#694);
#693 = CARTESIAN_POINT('',(47.165512878576,67.537521698756,1.2));
#694 = VECTOR('',#695,1.);
#695 = DIRECTION('',(0.458790462035,-0.888544490696,0.));
#696 = PLANE('',#697);
#697 = AXIS2_PLACEMENT_3D('',#698,#699,#700);
#698 = CARTESIAN_POINT('',(46.632386184158,67.262247421535,0.6));
#699 = DIRECTION('',(0.628295834757,0.324413846849,-0.707106781187));
#700 = DIRECTION('',(-0.747537142307,-1.665334536938E-16,-0.664220009388
    ));
#701 = ADVANCED_FACE('',(#702),#729,.T.);
#702 = FACE_BOUND('',#703,.T.);
#703 = EDGE_LOOP('',(#704,#714,#721,#722));
#704 = ORIENTED_EDGE('',*,*,#705,.T.);
#705 = EDGE_CURVE('',#706,#708,#710,.T.);
#706 = VERTEX_POINT('',#707);
#707 = CARTESIAN_POINT('',(31.664171478921,94.575477372113,
    4.105604745064E-13));
#708 = VERTEX_POINT('',#709);
#709 = CARTESIAN_POINT('',(32.397567133326,95.525283043869,1.2));
#710 = LINE('',#711,#712);
#711 = CARTESIAN_POINT('',(31.664171478921,94.575477372113,
    4.105604745064E-13));
#712 = VECTOR('',#713,1.);
#713 = DIRECTION('',(0.432157533769,0.559678359423,0.707106781187));
#714 = ORIENTED_EDGE('',*,*,#715,.T.);
#715 = EDGE_CURVE('',#708,#684,#716,.T.);
#716 = CIRCLE('',#717,3.);
#717 = AXIS2_PLACEMENT_3D('',#718,#719,#720);
#718 = CARTESIAN_POINT('',(30.564077997313,93.150768864479,1.2));
#719 = DIRECTION('',(0.,0.,-1.));
#720 = DIRECTION('',(0.888544490696,0.458790462035,0.));
#721 = ORIENTED_EDGE('',*,*,#683,.F.);
#722 = ORIENTED_EDGE('',*,*,#723,.T.);
#723 = EDGE_CURVE('',#676,#706,#724,.T.);
#724 = CIRCLE('',#725,1.8);
#725 = AXIS2_PLACEMENT_3D('',#726,#727,#728);
#726 = CARTESIAN_POINT('',(30.564077997313,93.150768864479,
    4.105604745064E-13));
#727 = DIRECTION('',(0.,0.,1.));
#728 = DIRECTION('',(0.888544490696,0.458790462035,-0.));
#729 = CONICAL_SURFACE('',#730,2.4,0.785398163397);
#730 = AXIS2_PLACEMENT_3D('',#731,#732,#733);
#731 = CARTESIAN_POINT('',(30.564077997313,93.150768864479,0.6));
#732 = DIRECTION('',(0.,0.,1.));
#733 = DIRECTION('',(0.888544490696,0.458790462035,-0.));
#734 = ADVANCED_FACE('',(#735),#760,.T.);
#735 = FACE_BOUND('',#736,.T.);
#736 = EDGE_LOOP('',(#737,#738,#746,#754));
#737 = ORIENTED_EDGE('',*,*,#705,.F.);
#738 = ORIENTED_EDGE('',*,*,#739,.T.);
#739 = EDGE_CURVE('',#706,#740,#742,.T.);
#740 = VERTEX_POINT('',#741);
#741 = CARTESIAN_POINT('',(17.414333744253,105.5785376626,
    4.105604745064E-13));
#742 = LINE('',#743,#744);
#743 = CARTESIAN_POINT('',(52.980934332988,78.115667004534,
    4.105604745064E-13));
#744 = VECTOR('',#745,1.);
#745 = DIRECTION('',(-0.791504726463,0.611163045338,0.));
#746 = ORIENTED_EDGE('',*,*,#747,.T.);
#747 = EDGE_CURVE('',#740,#748,#750,.T.);
#748 = VERTEX_POINT('',#749);
#749 = CARTESIAN_POINT('',(18.147729398658,106.52834333436,1.2));
#750 = LINE('',#751,#752);
#751 = CARTESIAN_POINT('',(17.414333744253,105.5785376626,
    4.105604745064E-13));
#752 = VECTOR('',#753,1.);
#753 = DIRECTION('',(0.432157533769,0.559678359423,0.707106781187));
#754 = ORIENTED_EDGE('',*,*,#755,.T.);
#755 = EDGE_CURVE('',#748,#708,#756,.T.);
#756 = LINE('',#757,#758);
#757 = CARTESIAN_POINT('',(53.714329987393,79.06547267629,1.2));
#758 = VECTOR('',#759,1.);
#759 = DIRECTION('',(0.791504726463,-0.611163045338,0.));
#760 = PLANE('',#761);
#761 = AXIS2_PLACEMENT_3D('',#762,#763,#764);
#762 = CARTESIAN_POINT('',(53.347632160191,78.590569840412,0.6));
#763 = DIRECTION('',(0.432157533769,0.559678359423,-0.707106781187));
#764 = DIRECTION('',(-0.85326211602,0.,-0.521482273298));
#765 = ADVANCED_FACE('',(#766),#793,.T.);
#766 = FACE_BOUND('',#767,.T.);
#767 = EDGE_LOOP('',(#768,#778,#785,#786));
#768 = ORIENTED_EDGE('',*,*,#769,.T.);
#769 = EDGE_CURVE('',#770,#772,#774,.T.);
#770 = VERTEX_POINT('',#771);
#771 = CARTESIAN_POINT('',(14.716032861788,106.35218364123,
    4.105604745064E-13));
#772 = VERTEX_POINT('',#773);
#773 = CARTESIAN_POINT('',(14.597333500677,107.5462985694,1.2));
#774 = LINE('',#775,#776);
#775 = CARTESIAN_POINT('',(14.716032861788,106.35218364123,
    4.105604745064E-13));
#776 = VECTOR('',#777,1.);
#777 = DIRECTION('',(-6.994426930327E-02,0.703638969353,0.707106781187)
  );
#778 = ORIENTED_EDGE('',*,*,#779,.T.);
#779 = EDGE_CURVE('',#772,#748,#780,.T.);
#780 = CIRCLE('',#781,5.);
#781 = AXIS2_PLACEMENT_3D('',#782,#783,#784);
#782 = CARTESIAN_POINT('',(15.091914171972,102.57081970204,1.2));
#783 = DIRECTION('',(0.,0.,-1.));
#784 = DIRECTION('',(0.611163045337,0.791504726464,0.));
#785 = ORIENTED_EDGE('',*,*,#747,.F.);
#786 = ORIENTED_EDGE('',*,*,#787,.T.);
#787 = EDGE_CURVE('',#740,#770,#788,.T.);
#788 = CIRCLE('',#789,3.8);
#789 = AXIS2_PLACEMENT_3D('',#790,#791,#792);
#790 = CARTESIAN_POINT('',(15.091914171972,102.57081970204,
    4.105604745064E-13));
#791 = DIRECTION('',(0.,0.,1.));
#792 = DIRECTION('',(0.611163045337,0.791504726464,-0.));
#793 = CONICAL_SURFACE('',#794,4.4,0.785398163397);
#794 = AXIS2_PLACEMENT_3D('',#795,#796,#797);
#795 = CARTESIAN_POINT('',(15.091914171972,102.57081970204,0.6));
#796 = DIRECTION('',(0.,0.,1.));
#797 = DIRECTION('',(0.611163045337,0.791504726464,-0.));
#798 = ADVANCED_FACE('',(#799),#824,.T.);
#799 = FACE_BOUND('',#800,.T.);
#800 = EDGE_LOOP('',(#801,#802,#810,#818));
#801 = ORIENTED_EDGE('',*,*,#769,.F.);
#802 = ORIENTED_EDGE('',*,*,#803,.T.);
#803 = EDGE_CURVE('',#770,#804,#806,.T.);
#804 = VERTEX_POINT('',#805);
#805 = CARTESIAN_POINT('',(2.821950958334,105.16986869848,
    4.105604745064E-13));
#806 = LINE('',#807,#808);
#807 = CARTESIAN_POINT('',(38.619413611723,108.72826650937,
    4.105604745064E-13));
#808 = VECTOR('',#809,1.);
#809 = DIRECTION('',(-0.995095773473,-9.891613425897E-02,0.));
#810 = ORIENTED_EDGE('',*,*,#811,.T.);
#811 = EDGE_CURVE('',#804,#812,#814,.T.);
#812 = VERTEX_POINT('',#813);
#813 = CARTESIAN_POINT('',(2.703251597224,106.36398362665,1.2));
#814 = LINE('',#815,#816);
#815 = CARTESIAN_POINT('',(2.821950958334,105.16986869848,
    4.105604745064E-13));
#816 = VECTOR('',#817,1.);
#817 = DIRECTION('',(-6.994426930328E-02,0.703638969353,0.707106781187)
  );
#818 = ORIENTED_EDGE('',*,*,#819,.T.);
#819 = EDGE_CURVE('',#812,#772,#820,.T.);
#820 = LINE('',#821,#822);
#821 = CARTESIAN_POINT('',(38.500714250612,109.92238143754,1.2));
#822 = VECTOR('',#823,1.);
#823 = DIRECTION('',(0.995095773473,9.891613425897E-02,0.));
#824 = PLANE('',#825);
#825 = AXIS2_PLACEMENT_3D('',#826,#827,#828);
#826 = CARTESIAN_POINT('',(38.560063931167,109.32532397345,0.6));
#827 = DIRECTION('',(-6.994426930327E-02,0.703638969353,-0.707106781187)
  );
#828 = DIRECTION('',(-0.995143409399,0.,9.8435739091E-02));
#829 = ADVANCED_FACE('',(#830),#857,.T.);
#830 = FACE_BOUND('',#831,.T.);
#831 = EDGE_LOOP('',(#832,#842,#849,#850));
#832 = ORIENTED_EDGE('',*,*,#833,.T.);
#833 = EDGE_CURVE('',#834,#836,#838,.T.);
#834 = VERTEX_POINT('',#835);
#835 = CARTESIAN_POINT('',(1.222042935747,103.09786062887,
    4.105604745064E-13));
#836 = VERTEX_POINT('',#837);
#837 = CARTESIAN_POINT('',(3.673822624637E-02,102.91063684397,1.2));
#838 = LINE('',#839,#840);
#839 = CARTESIAN_POINT('',(1.222042935747,103.09786062887,
    4.105604745064E-13));
#840 = VECTOR('',#841,1.);
#841 = DIRECTION('',(-0.698447498217,-0.110322673253,0.707106781187));
#842 = ORIENTED_EDGE('',*,*,#843,.T.);
#843 = EDGE_CURVE('',#836,#812,#844,.T.);
#844 = CIRCLE('',#845,3.);
#845 = AXIS2_PLACEMENT_3D('',#846,#847,#848);
#846 = CARTESIAN_POINT('',(3.,103.37869630623,1.2));
#847 = DIRECTION('',(0.,0.,-1.));
#848 = DIRECTION('',(-9.891613425864E-02,0.995095773473,0.));
#849 = ORIENTED_EDGE('',*,*,#811,.F.);
#850 = ORIENTED_EDGE('',*,*,#851,.T.);
#851 = EDGE_CURVE('',#804,#834,#852,.T.);
#852 = CIRCLE('',#853,1.8);
#853 = AXIS2_PLACEMENT_3D('',#854,#855,#856);
#854 = CARTESIAN_POINT('',(3.,103.37869630623,4.105604745064E-13));
#855 = DIRECTION('',(0.,0.,1.));
#856 = DIRECTION('',(-9.891613425864E-02,0.995095773473,0.));
#857 = CONICAL_SURFACE('',#858,2.4,0.785398163397);
#858 = AXIS2_PLACEMENT_3D('',#859,#860,#861);
#859 = CARTESIAN_POINT('',(3.,103.37869630623,0.6));
#860 = DIRECTION('',(0.,0.,1.));
#861 = DIRECTION('',(-9.891613425864E-02,0.995095773473,0.));
#862 = ADVANCED_FACE('',(#863),#888,.T.);
#863 = FACE_BOUND('',#864,.T.);
#864 = EDGE_LOOP('',(#865,#875,#881,#882));
#865 = ORIENTED_EDGE('',*,*,#866,.T.);
#866 = EDGE_CURVE('',#867,#869,#871,.T.);
#867 = VERTEX_POINT('',#868);
#868 = CARTESIAN_POINT('',(3.086901149463,91.291533647437,
    4.105604745064E-13));
#869 = VERTEX_POINT('',#870);
#870 = CARTESIAN_POINT('',(1.901596439961,91.104309862533,1.2));
#871 = LINE('',#872,#873);
#872 = CARTESIAN_POINT('',(3.086901149463,91.291533647437,
    4.105604745064E-13));
#873 = VECTOR('',#874,1.);
#874 = DIRECTION('',(-0.698447498217,-0.110322673254,0.707106781187));
#875 = ORIENTED_EDGE('',*,*,#876,.T.);
#876 = EDGE_CURVE('',#869,#836,#877,.T.);
#877 = LINE('',#878,#879);
#878 = CARTESIAN_POINT('',(4.651933618894,73.692058461922,1.2));
#879 = VECTOR('',#880,1.);
#880 = DIRECTION('',(-0.156019820753,0.987753924585,0.));
#881 = ORIENTED_EDGE('',*,*,#833,.F.);
#882 = ORIENTED_EDGE('',*,*,#883,.T.);
#883 = EDGE_CURVE('',#834,#867,#884,.T.);
#884 = LINE('',#885,#886);
#885 = CARTESIAN_POINT('',(5.837238328396,73.879282246825,
    4.105604745064E-13));
#886 = VECTOR('',#887,1.);
#887 = DIRECTION('',(0.156019820753,-0.987753924585,0.));
#888 = PLANE('',#889);
#889 = AXIS2_PLACEMENT_3D('',#890,#891,#892);
#890 = CARTESIAN_POINT('',(5.244585973645,73.785670354373,0.6));
#891 = DIRECTION('',(-0.698447498217,-0.110322673254,-0.707106781187));
#892 = DIRECTION('',(-0.711449595159,-2.081668171172E-17,0.702737129763)
  );
#893 = ADVANCED_FACE('',(#894),#921,.T.);
#894 = FACE_BOUND('',#895,.T.);
#895 = EDGE_LOOP('',(#896,#906,#913,#914));
#896 = ORIENTED_EDGE('',*,*,#897,.T.);
#897 = EDGE_CURVE('',#898,#900,#902,.T.);
#898 = VERTEX_POINT('',#899);
#899 = CARTESIAN_POINT('',(4.517946490602,88.876691005736,
    4.105604745064E-13));
#900 = VERTEX_POINT('',#901);
#901 = CARTESIAN_POINT('',(3.784550836197,87.92688533398,1.2));
#902 = LINE('',#903,#904);
#903 = CARTESIAN_POINT('',(4.517946490602,88.876691005736,
    4.105604745064E-13));
#904 = VECTOR('',#905,1.);
#905 = DIRECTION('',(-0.432157533769,-0.559678359423,0.707106781187));
#906 = ORIENTED_EDGE('',*,*,#907,.T.);
#907 = EDGE_CURVE('',#900,#869,#908,.T.);
#908 = CIRCLE('',#909,5.);
#909 = AXIS2_PLACEMENT_3D('',#910,#911,#912);
#910 = CARTESIAN_POINT('',(6.840366062884,91.884408966296,1.2));
#911 = DIRECTION('',(0.,0.,-1.));
#912 = DIRECTION('',(-0.987753924585,-0.156019820753,-0.));
#913 = ORIENTED_EDGE('',*,*,#866,.F.);
#914 = ORIENTED_EDGE('',*,*,#915,.T.);
#915 = EDGE_CURVE('',#867,#898,#916,.T.);
#916 = CIRCLE('',#917,3.8);
#917 = AXIS2_PLACEMENT_3D('',#918,#919,#920);
#918 = CARTESIAN_POINT('',(6.840366062884,91.884408966296,
    4.105604745064E-13));
#919 = DIRECTION('',(0.,0.,1.));
#920 = DIRECTION('',(-0.987753924585,-0.156019820753,0.));
#921 = CONICAL_SURFACE('',#922,4.4,0.785398163397);
#922 = AXIS2_PLACEMENT_3D('',#923,#924,#925);
#923 = CARTESIAN_POINT('',(6.840366062884,91.884408966296,0.6));
#924 = DIRECTION('',(0.,0.,1.));
#925 = DIRECTION('',(-0.987753924585,-0.156019820753,0.));
#926 = ADVANCED_FACE('',(#927),#952,.T.);
#927 = FACE_BOUND('',#928,.T.);
#928 = EDGE_LOOP('',(#929,#939,#945,#946));
#929 = ORIENTED_EDGE('',*,*,#930,.T.);
#930 = EDGE_CURVE('',#931,#933,#935,.T.);
#931 = VERTEX_POINT('',#932);
#932 = CARTESIAN_POINT('',(18.767784225263,77.873630715248,
    4.105604745064E-13));
#933 = VERTEX_POINT('',#934);
#934 = CARTESIAN_POINT('',(18.034388570858,76.923825043493,1.2));
#935 = LINE('',#936,#937);
#936 = CARTESIAN_POINT('',(18.767784225263,77.873630715248,
    4.105604745064E-13));
#937 = VECTOR('',#938,1.);
#938 = DIRECTION('',(-0.432157533769,-0.559678359423,0.707106781187));
#939 = ORIENTED_EDGE('',*,*,#940,.T.);
#940 = EDGE_CURVE('',#933,#900,#941,.T.);
#941 = LINE('',#942,#943);
#942 = CARTESIAN_POINT('',(32.226232557592,65.965544821154,1.2));
#943 = VECTOR('',#944,1.);
#944 = DIRECTION('',(-0.791504726463,0.611163045338,0.));
#945 = ORIENTED_EDGE('',*,*,#897,.F.);
#946 = ORIENTED_EDGE('',*,*,#947,.T.);
#947 = EDGE_CURVE('',#898,#931,#948,.T.);
#948 = LINE('',#949,#950);
#949 = CARTESIAN_POINT('',(32.959628211998,66.91535049291,
    4.105604745064E-13));
#950 = VECTOR('',#951,1.);
#951 = DIRECTION('',(0.791504726463,-0.611163045338,0.));
#952 = PLANE('',#953);
#953 = AXIS2_PLACEMENT_3D('',#954,#955,#956);
#954 = CARTESIAN_POINT('',(32.592930384795,66.440447657032,0.6));
#955 = DIRECTION('',(-0.432157533769,-0.559678359423,-0.707106781187));
#956 = DIRECTION('',(-0.85326211602,-2.775557561563E-16,0.521482273298)
  );
#957 = ADVANCED_FACE('',(#958),#985,.T.);
#958 = FACE_BOUND('',#959,.T.);
#959 = EDGE_LOOP('',(#960,#970,#977,#978));
#960 = ORIENTED_EDGE('',*,*,#961,.T.);
#961 = EDGE_CURVE('',#962,#964,#966,.T.);
#962 = VERTEX_POINT('',#963);
#963 = CARTESIAN_POINT('',(19.473491540509,77.542076272245,
    4.105604745064E-13));
#964 = VERTEX_POINT('',#965);
#965 = CARTESIAN_POINT('',(19.210567429601,76.371234305154,1.2));
#966 = LINE('',#967,#968);
#967 = CARTESIAN_POINT('',(19.473491540509,77.542076272245,
    4.105604745064E-13));
#968 = VECTOR('',#969,1.);
#969 = DIRECTION('',(-0.154929518134,-0.689925245524,0.707106781187));
#970 = ORIENTED_EDGE('',*,*,#971,.T.);
#971 = EDGE_CURVE('',#964,#933,#972,.T.);
#972 = CIRCLE('',#973,3.);
#973 = AXIS2_PLACEMENT_3D('',#974,#975,#976);
#974 = CARTESIAN_POINT('',(19.867877706871,79.298339222883,1.2));
#975 = DIRECTION('',(0.,0.,-1.));
#976 = DIRECTION('',(-0.611163045338,-0.791504726463,-0.));
#977 = ORIENTED_EDGE('',*,*,#930,.F.);
#978 = ORIENTED_EDGE('',*,*,#979,.T.);
#979 = EDGE_CURVE('',#931,#962,#980,.T.);
#980 = CIRCLE('',#981,1.8);
#981 = AXIS2_PLACEMENT_3D('',#982,#983,#984);
#982 = CARTESIAN_POINT('',(19.867877706871,79.298339222883,
    4.105604745064E-13));
#983 = DIRECTION('',(0.,0.,1.));
#984 = DIRECTION('',(-0.611163045338,-0.791504726463,0.));
#985 = CONICAL_SURFACE('',#986,2.4,0.785398163397);
#986 = AXIS2_PLACEMENT_3D('',#987,#988,#989);
#987 = CARTESIAN_POINT('',(19.867877706871,79.298339222883,0.6));
#988 = DIRECTION('',(0.,0.,1.));
#989 = DIRECTION('',(-0.611163045338,-0.791504726463,0.));
#990 = ADVANCED_FACE('',(#991),#1016,.T.);
#991 = FACE_BOUND('',#992,.T.);
#992 = EDGE_LOOP('',(#993,#1003,#1009,#1010));
#993 = ORIENTED_EDGE('',*,*,#994,.T.);
#994 = EDGE_CURVE('',#995,#997,#999,.T.);
#995 = VERTEX_POINT('',#996);
#996 = CARTESIAN_POINT('',(27.762951965663,75.680596180605,
    4.105604745064E-13));
#997 = VERTEX_POINT('',#998);
#998 = CARTESIAN_POINT('',(27.500027854754,74.509754213513,1.2));
#999 = LINE('',#1000,#1001);
#1000 = CARTESIAN_POINT('',(27.762951965663,75.680596180605,
    4.105604745064E-13));
#1001 = VECTOR('',#1002,1.);
#1002 = DIRECTION('',(-0.154929518134,-0.689925245524,0.707106781187));
#1003 = ORIENTED_EDGE('',*,*,#1004,.T.);
#1004 = EDGE_CURVE('',#997,#964,#1005,.T.);
#1005 = LINE('',#1006,#1007);
#1006 = CARTESIAN_POINT('',(44.953337065195,70.590441500481,1.2));
#1007 = VECTOR('',#1008,1.);
#1008 = DIRECTION('',(-0.975701639243,0.219103425757,0.));
#1009 = ORIENTED_EDGE('',*,*,#961,.F.);
#1010 = ORIENTED_EDGE('',*,*,#1011,.T.);
#1011 = EDGE_CURVE('',#962,#995,#1012,.T.);
#1012 = LINE('',#1013,#1014);
#1013 = CARTESIAN_POINT('',(45.216261176104,71.761283467572,
    4.105604745064E-13));
#1014 = VECTOR('',#1015,1.);
#1015 = DIRECTION('',(0.975701639243,-0.219103425757,0.));
#1016 = PLANE('',#1017);
#1017 = AXIS2_PLACEMENT_3D('',#1018,#1019,#1020);
#1018 = CARTESIAN_POINT('',(45.084799120649,71.175862484026,0.6));
#1019 = DIRECTION('',(-0.154929518134,-0.689925245524,-0.707106781187));
#1020 = DIRECTION('',(-0.976827890174,-5.551115123126E-17,0.214026337113
    ));
#1021 = ADVANCED_FACE('',(#1022),#1049,.F.);
#1022 = FACE_BOUND('',#1023,.F.);
#1023 = EDGE_LOOP('',(#1024,#1033,#1041,#1048));
#1024 = ORIENTED_EDGE('',*,*,#1025,.F.);
#1025 = EDGE_CURVE('',#1026,#997,#1028,.T.);
#1026 = VERTEX_POINT('',#1027);
#1027 = CARTESIAN_POINT('',(35.341220246328,70.825815957931,1.2));
#1028 = CIRCLE('',#1029,20.);
#1029 = AXIS2_PLACEMENT_3D('',#1030,#1031,#1032);
#1030 = CARTESIAN_POINT('',(23.117959339585,54.995721428659,1.2));
#1031 = DIRECTION('',(0.,0.,1.));
#1032 = DIRECTION('',(0.611163045337,0.791504726464,-0.));
#1033 = ORIENTED_EDGE('',*,*,#1034,.F.);
#1034 = EDGE_CURVE('',#1035,#1026,#1037,.T.);
#1035 = VERTEX_POINT('',#1036);
#1036 = CARTESIAN_POINT('',(36.074615900733,71.775621629687,
    4.105604745064E-13));
#1037 = LINE('',#1038,#1039);
#1038 = CARTESIAN_POINT('',(36.074615900733,71.775621629687,
    4.105604745064E-13));
#1039 = VECTOR('',#1040,1.);
#1040 = DIRECTION('',(-0.432157533769,-0.559678359424,0.707106781187));
#1041 = ORIENTED_EDGE('',*,*,#1042,.F.);
#1042 = EDGE_CURVE('',#995,#1035,#1043,.T.);
#1043 = CIRCLE('',#1044,21.2);
#1044 = AXIS2_PLACEMENT_3D('',#1045,#1046,#1047);
#1045 = CARTESIAN_POINT('',(23.117959339585,54.995721428659,
    4.105604745064E-13));
#1046 = DIRECTION('',(0.,0.,-1.));
#1047 = DIRECTION('',(0.611163045337,0.791504726464,0.));
#1048 = ORIENTED_EDGE('',*,*,#994,.T.);
#1049 = CONICAL_SURFACE('',#1050,20.6,0.785398163397);
#1050 = AXIS2_PLACEMENT_3D('',#1051,#1052,#1053);
#1051 = CARTESIAN_POINT('',(23.117959339585,54.995721428659,0.6));
#1052 = DIRECTION('',(0.,0.,-1.));
#1053 = DIRECTION('',(0.611163045337,0.791504726464,0.));
#1054 = ADVANCED_FACE('',(#1055),#1080,.T.);
#1055 = FACE_BOUND('',#1056,.T.);
#1056 = EDGE_LOOP('',(#1057,#1058,#1066,#1074));
#1057 = ORIENTED_EDGE('',*,*,#1034,.F.);
#1058 = ORIENTED_EDGE('',*,*,#1059,.T.);
#1059 = EDGE_CURVE('',#1035,#1060,#1062,.T.);
#1060 = VERTEX_POINT('',#1061);
#1061 = CARTESIAN_POINT('',(63.158739635592,50.862524097029,
    4.105604745064E-13));
#1062 = LINE('',#1063,#1064);
#1063 = CARTESIAN_POINT('',(50.495268421673,60.640666125595,
    4.105604745064E-13));
#1064 = VECTOR('',#1065,1.);
#1065 = DIRECTION('',(0.791504726463,-0.611163045337,0.));
#1066 = ORIENTED_EDGE('',*,*,#1067,.T.);
#1067 = EDGE_CURVE('',#1060,#1068,#1070,.T.);
#1068 = VERTEX_POINT('',#1069);
#1069 = CARTESIAN_POINT('',(62.425343981188,49.912718425273,1.2));
#1070 = LINE('',#1071,#1072);
#1071 = CARTESIAN_POINT('',(63.158739635592,50.862524097029,
    4.105604745064E-13));
#1072 = VECTOR('',#1073,1.);
#1073 = DIRECTION('',(-0.432157533769,-0.559678359423,0.707106781187));
#1074 = ORIENTED_EDGE('',*,*,#1075,.T.);
#1075 = EDGE_CURVE('',#1068,#1026,#1076,.T.);
#1076 = LINE('',#1077,#1078);
#1077 = CARTESIAN_POINT('',(49.761872767268,59.690860453839,1.2));
#1078 = VECTOR('',#1079,1.);
#1079 = DIRECTION('',(-0.791504726463,0.611163045337,0.));
#1080 = PLANE('',#1081);
#1081 = AXIS2_PLACEMENT_3D('',#1082,#1083,#1084);
#1082 = CARTESIAN_POINT('',(50.12857059447,60.165763289717,0.6));
#1083 = DIRECTION('',(-0.432157533769,-0.559678359424,-0.707106781187));
#1084 = DIRECTION('',(-0.853262116021,1.942890293094E-16,0.521482273298)
  );
#1085 = ADVANCED_FACE('',(#1086),#1104,.F.);
#1086 = FACE_BOUND('',#1087,.F.);
#1087 = EDGE_LOOP('',(#1088,#1095,#1096,#1103));
#1088 = ORIENTED_EDGE('',*,*,#1089,.F.);
#1089 = EDGE_CURVE('',#1060,#236,#1090,.T.);
#1090 = CIRCLE('',#1091,6.2);
#1091 = AXIS2_PLACEMENT_3D('',#1092,#1093,#1094);
#1092 = CARTESIAN_POINT('',(59.369528754501,45.955194792955,
    4.105604745064E-13));
#1093 = DIRECTION('',(0.,0.,-1.));
#1094 = DIRECTION('',(0.637110343621,0.770772605929,0.));
#1095 = ORIENTED_EDGE('',*,*,#1067,.T.);
#1096 = ORIENTED_EDGE('',*,*,#1097,.F.);
#1097 = EDGE_CURVE('',#228,#1068,#1098,.T.);
#1098 = CIRCLE('',#1099,5.);
#1099 = AXIS2_PLACEMENT_3D('',#1100,#1101,#1102);
#1100 = CARTESIAN_POINT('',(59.369528754501,45.955194792955,1.2));
#1101 = DIRECTION('',(0.,0.,1.));
#1102 = DIRECTION('',(0.637110343621,0.770772605929,-0.));
#1103 = ORIENTED_EDGE('',*,*,#235,.T.);
#1104 = CONICAL_SURFACE('',#1105,5.6,0.785398163397);
#1105 = AXIS2_PLACEMENT_3D('',#1106,#1107,#1108);
#1106 = CARTESIAN_POINT('',(59.369528754501,45.955194792955,0.6));
#1107 = DIRECTION('',(0.,0.,-1.));
#1108 = DIRECTION('',(0.637110343621,0.770772605929,0.));
#1109 = ADVANCED_FACE('',(#1110),#1136,.T.);
#1110 = FACE_BOUND('',#1111,.T.);
#1111 = EDGE_LOOP('',(#1112,#1113,#1121,#1130));
#1112 = ORIENTED_EDGE('',*,*,#715,.F.);
#1113 = ORIENTED_EDGE('',*,*,#1114,.T.);
#1114 = EDGE_CURVE('',#708,#1115,#1117,.T.);
#1115 = VERTEX_POINT('',#1116);
#1116 = CARTESIAN_POINT('',(32.397567133326,95.525283043869,6.8));
#1117 = LINE('',#1118,#1119);
#1118 = CARTESIAN_POINT('',(32.397567133326,95.525283043869,
    4.105604745064E-13));
#1119 = VECTOR('',#1120,1.);
#1120 = DIRECTION('',(0.,0.,1.));
#1121 = ORIENTED_EDGE('',*,*,#1122,.F.);
#1122 = EDGE_CURVE('',#1123,#1115,#1125,.T.);
#1123 = VERTEX_POINT('',#1124);
#1124 = CARTESIAN_POINT('',(33.2297114694,94.527140250584,6.8));
#1125 = CIRCLE('',#1126,3.);
#1126 = AXIS2_PLACEMENT_3D('',#1127,#1128,#1129);
#1127 = CARTESIAN_POINT('',(30.564077997313,93.150768864479,6.8));
#1128 = DIRECTION('',(0.,0.,1.));
#1129 = DIRECTION('',(0.888544490696,0.458790462035,-0.));
#1130 = ORIENTED_EDGE('',*,*,#1131,.F.);
#1131 = EDGE_CURVE('',#684,#1123,#1132,.T.);
#1132 = LINE('',#1133,#1134);
#1133 = CARTESIAN_POINT('',(33.2297114694,94.527140250584,
    4.105604745064E-13));
#1134 = VECTOR('',#1135,1.);
#1135 = DIRECTION('',(0.,0.,1.));
#1136 = CYLINDRICAL_SURFACE('',#1137,3.);
#1137 = AXIS2_PLACEMENT_3D('',#1138,#1139,#1140);
#1138 = CARTESIAN_POINT('',(30.564077997313,93.150768864479,
    4.105604745064E-13));
#1139 = DIRECTION('',(0.,0.,1.));
#1140 = DIRECTION('',(0.888544490696,0.458790462035,-0.));
#1141 = ADVANCED_FACE('',(#1142),#1160,.T.);
#1142 = FACE_BOUND('',#1143,.T.);
#1143 = EDGE_LOOP('',(#1144,#1145,#1153,#1159));
#1144 = ORIENTED_EDGE('',*,*,#755,.F.);
#1145 = ORIENTED_EDGE('',*,*,#1146,.T.);
#1146 = EDGE_CURVE('',#748,#1147,#1149,.T.);
#1147 = VERTEX_POINT('',#1148);
#1148 = CARTESIAN_POINT('',(18.147729398658,106.52834333436,6.8));
#1149 = LINE('',#1150,#1151);
#1150 = CARTESIAN_POINT('',(18.147729398658,106.52834333436,
    4.105604745064E-13));
#1151 = VECTOR('',#1152,1.);
#1152 = DIRECTION('',(0.,0.,1.));
#1153 = ORIENTED_EDGE('',*,*,#1154,.F.);
#1154 = EDGE_CURVE('',#1115,#1147,#1155,.T.);
#1155 = LINE('',#1156,#1157);
#1156 = CARTESIAN_POINT('',(53.714329987393,79.06547267629,6.8));
#1157 = VECTOR('',#1158,1.);
#1158 = DIRECTION('',(-0.791504726463,0.611163045338,0.));
#1159 = ORIENTED_EDGE('',*,*,#1114,.F.);
#1160 = PLANE('',#1161);
#1161 = AXIS2_PLACEMENT_3D('',#1162,#1163,#1164);
#1162 = CARTESIAN_POINT('',(32.397567133326,95.525283043869,
    4.105604745064E-13));
#1163 = DIRECTION('',(0.611163045338,0.791504726463,0.));
#1164 = DIRECTION('',(-0.791504726463,0.611163045338,0.));
#1165 = ADVANCED_FACE('',(#1166),#1185,.T.);
#1166 = FACE_BOUND('',#1167,.T.);
#1167 = EDGE_LOOP('',(#1168,#1169,#1177,#1184));
#1168 = ORIENTED_EDGE('',*,*,#779,.F.);
#1169 = ORIENTED_EDGE('',*,*,#1170,.T.);
#1170 = EDGE_CURVE('',#772,#1171,#1173,.T.);
#1171 = VERTEX_POINT('',#1172);
#1172 = CARTESIAN_POINT('',(14.597333500677,107.5462985694,6.8));
#1173 = LINE('',#1174,#1175);
#1174 = CARTESIAN_POINT('',(14.597333500677,107.5462985694,
    4.105604745064E-13));
#1175 = VECTOR('',#1176,1.);
#1176 = DIRECTION('',(0.,0.,1.));
#1177 = ORIENTED_EDGE('',*,*,#1178,.F.);
#1178 = EDGE_CURVE('',#1147,#1171,#1179,.T.);
#1179 = CIRCLE('',#1180,5.);
#1180 = AXIS2_PLACEMENT_3D('',#1181,#1182,#1183);
#1181 = CARTESIAN_POINT('',(15.091914171972,102.57081970204,6.8));
#1182 = DIRECTION('',(0.,0.,1.));
#1183 = DIRECTION('',(0.611163045337,0.791504726464,-0.));
#1184 = ORIENTED_EDGE('',*,*,#1146,.F.);
#1185 = CYLINDRICAL_SURFACE('',#1186,5.);
#1186 = AXIS2_PLACEMENT_3D('',#1187,#1188,#1189);
#1187 = CARTESIAN_POINT('',(15.091914171972,102.57081970204,
    4.105604745064E-13));
#1188 = DIRECTION('',(0.,0.,1.));
#1189 = DIRECTION('',(0.611163045337,0.791504726464,-0.));
#1190 = ADVANCED_FACE('',(#1191),#1209,.T.);
#1191 = FACE_BOUND('',#1192,.T.);
#1192 = EDGE_LOOP('',(#1193,#1194,#1202,#1208));
#1193 = ORIENTED_EDGE('',*,*,#819,.F.);
#1194 = ORIENTED_EDGE('',*,*,#1195,.T.);
#1195 = EDGE_CURVE('',#812,#1196,#1198,.T.);
#1196 = VERTEX_POINT('',#1197);
#1197 = CARTESIAN_POINT('',(2.703251597224,106.36398362665,6.8));
#1198 = LINE('',#1199,#1200);
#1199 = CARTESIAN_POINT('',(2.703251597224,106.36398362665,
    4.105604745064E-13));
#1200 = VECTOR('',#1201,1.);
#1201 = DIRECTION('',(0.,0.,1.));
#1202 = ORIENTED_EDGE('',*,*,#1203,.F.);
#1203 = EDGE_CURVE('',#1171,#1196,#1204,.T.);
#1204 = LINE('',#1205,#1206);
#1205 = CARTESIAN_POINT('',(38.500714250612,109.92238143754,6.8));
#1206 = VECTOR('',#1207,1.);
#1207 = DIRECTION('',(-0.995095773473,-9.891613425897E-02,0.));
#1208 = ORIENTED_EDGE('',*,*,#1170,.F.);
#1209 = PLANE('',#1210);
#1210 = AXIS2_PLACEMENT_3D('',#1211,#1212,#1213);
#1211 = CARTESIAN_POINT('',(14.597333500677,107.5462985694,
    4.105604745064E-13));
#1212 = DIRECTION('',(-9.891613425897E-02,0.995095773473,0.));
#1213 = DIRECTION('',(-0.995095773473,-9.891613425897E-02,0.));
#1214 = ADVANCED_FACE('',(#1215),#1234,.T.);
#1215 = FACE_BOUND('',#1216,.T.);
#1216 = EDGE_LOOP('',(#1217,#1218,#1226,#1233));
#1217 = ORIENTED_EDGE('',*,*,#843,.F.);
#1218 = ORIENTED_EDGE('',*,*,#1219,.T.);
#1219 = EDGE_CURVE('',#836,#1220,#1222,.T.);
#1220 = VERTEX_POINT('',#1221);
#1221 = CARTESIAN_POINT('',(3.673822624637E-02,102.91063684397,6.8));
#1222 = LINE('',#1223,#1224);
#1223 = CARTESIAN_POINT('',(3.673822624637E-02,102.91063684397,
    4.105604745064E-13));
#1224 = VECTOR('',#1225,1.);
#1225 = DIRECTION('',(0.,0.,1.));
#1226 = ORIENTED_EDGE('',*,*,#1227,.F.);
#1227 = EDGE_CURVE('',#1196,#1220,#1228,.T.);
#1228 = CIRCLE('',#1229,3.);
#1229 = AXIS2_PLACEMENT_3D('',#1230,#1231,#1232);
#1230 = CARTESIAN_POINT('',(3.,103.37869630623,6.8));
#1231 = DIRECTION('',(0.,0.,1.));
#1232 = DIRECTION('',(-9.891613425864E-02,0.995095773473,0.));
#1233 = ORIENTED_EDGE('',*,*,#1195,.F.);
#1234 = CYLINDRICAL_SURFACE('',#1235,3.);
#1235 = AXIS2_PLACEMENT_3D('',#1236,#1237,#1238);
#1236 = CARTESIAN_POINT('',(3.,103.37869630623,4.105604745064E-13));
#1237 = DIRECTION('',(0.,0.,1.));
#1238 = DIRECTION('',(-9.891613425864E-02,0.995095773473,0.));
#1239 = ADVANCED_FACE('',(#1240),#1258,.T.);
#1240 = FACE_BOUND('',#1241,.T.);
#1241 = EDGE_LOOP('',(#1242,#1243,#1251,#1257));
#1242 = ORIENTED_EDGE('',*,*,#876,.F.);
#1243 = ORIENTED_EDGE('',*,*,#1244,.T.);
#1244 = EDGE_CURVE('',#869,#1245,#1247,.T.);
#1245 = VERTEX_POINT('',#1246);
#1246 = CARTESIAN_POINT('',(1.901596439961,91.104309862533,6.8));
#1247 = LINE('',#1248,#1249);
#1248 = CARTESIAN_POINT('',(1.901596439961,91.104309862533,
    4.105604745064E-13));
#1249 = VECTOR('',#1250,1.);
#1250 = DIRECTION('',(0.,0.,1.));
#1251 = ORIENTED_EDGE('',*,*,#1252,.F.);
#1252 = EDGE_CURVE('',#1220,#1245,#1253,.T.);
#1253 = LINE('',#1254,#1255);
#1254 = CARTESIAN_POINT('',(4.651933618894,73.692058461922,6.8));
#1255 = VECTOR('',#1256,1.);
#1256 = DIRECTION('',(0.156019820753,-0.987753924585,0.));
#1257 = ORIENTED_EDGE('',*,*,#1219,.F.);
#1258 = PLANE('',#1259);
#1259 = AXIS2_PLACEMENT_3D('',#1260,#1261,#1262);
#1260 = CARTESIAN_POINT('',(3.673822624637E-02,102.91063684397,
    4.105604745064E-13));
#1261 = DIRECTION('',(-0.987753924585,-0.156019820753,0.));
#1262 = DIRECTION('',(0.156019820753,-0.987753924585,0.));
#1263 = ADVANCED_FACE('',(#1264),#1283,.T.);
#1264 = FACE_BOUND('',#1265,.T.);
#1265 = EDGE_LOOP('',(#1266,#1267,#1275,#1282));
#1266 = ORIENTED_EDGE('',*,*,#907,.F.);
#1267 = ORIENTED_EDGE('',*,*,#1268,.T.);
#1268 = EDGE_CURVE('',#900,#1269,#1271,.T.);
#1269 = VERTEX_POINT('',#1270);
#1270 = CARTESIAN_POINT('',(3.784550836197,87.92688533398,6.8));
#1271 = LINE('',#1272,#1273);
#1272 = CARTESIAN_POINT('',(3.784550836197,87.92688533398,
    4.105604745064E-13));
#1273 = VECTOR('',#1274,1.);
#1274 = DIRECTION('',(0.,0.,1.));
#1275 = ORIENTED_EDGE('',*,*,#1276,.F.);
#1276 = EDGE_CURVE('',#1245,#1269,#1277,.T.);
#1277 = CIRCLE('',#1278,5.);
#1278 = AXIS2_PLACEMENT_3D('',#1279,#1280,#1281);
#1279 = CARTESIAN_POINT('',(6.840366062884,91.884408966296,6.8));
#1280 = DIRECTION('',(0.,0.,1.));
#1281 = DIRECTION('',(-0.987753924585,-0.156019820753,0.));
#1282 = ORIENTED_EDGE('',*,*,#1244,.F.);
#1283 = CYLINDRICAL_SURFACE('',#1284,5.);
#1284 = AXIS2_PLACEMENT_3D('',#1285,#1286,#1287);
#1285 = CARTESIAN_POINT('',(6.840366062884,91.884408966296,
    4.105604745064E-13));
#1286 = DIRECTION('',(0.,0.,1.));
#1287 = DIRECTION('',(-0.987753924585,-0.156019820753,0.));
#1288 = ADVANCED_FACE('',(#1289),#1307,.T.);
#1289 = FACE_BOUND('',#1290,.T.);
#1290 = EDGE_LOOP('',(#1291,#1292,#1300,#1306));
#1291 = ORIENTED_EDGE('',*,*,#940,.F.);
#1292 = ORIENTED_EDGE('',*,*,#1293,.T.);
#1293 = EDGE_CURVE('',#933,#1294,#1296,.T.);
#1294 = VERTEX_POINT('',#1295);
#1295 = CARTESIAN_POINT('',(18.034388570858,76.923825043493,6.8));
#1296 = LINE('',#1297,#1298);
#1297 = CARTESIAN_POINT('',(18.034388570858,76.923825043493,
    4.105604745064E-13));
#1298 = VECTOR('',#1299,1.);
#1299 = DIRECTION('',(0.,0.,1.));
#1300 = ORIENTED_EDGE('',*,*,#1301,.F.);
#1301 = EDGE_CURVE('',#1269,#1294,#1302,.T.);
#1302 = LINE('',#1303,#1304);
#1303 = CARTESIAN_POINT('',(32.226232557592,65.965544821154,6.8));
#1304 = VECTOR('',#1305,1.);
#1305 = DIRECTION('',(0.791504726463,-0.611163045338,0.));
#1306 = ORIENTED_EDGE('',*,*,#1268,.F.);
#1307 = PLANE('',#1308);
#1308 = AXIS2_PLACEMENT_3D('',#1309,#1310,#1311);
#1309 = CARTESIAN_POINT('',(3.784550836197,87.92688533398,
    4.105604745064E-13));
#1310 = DIRECTION('',(-0.611163045338,-0.791504726463,0.));
#1311 = DIRECTION('',(0.791504726463,-0.611163045338,0.));
#1312 = ADVANCED_FACE('',(#1313),#1332,.T.);
#1313 = FACE_BOUND('',#1314,.T.);
#1314 = EDGE_LOOP('',(#1315,#1316,#1324,#1331));
#1315 = ORIENTED_EDGE('',*,*,#971,.F.);
#1316 = ORIENTED_EDGE('',*,*,#1317,.T.);
#1317 = EDGE_CURVE('',#964,#1318,#1320,.T.);
#1318 = VERTEX_POINT('',#1319);
#1319 = CARTESIAN_POINT('',(19.210567429601,76.371234305154,6.8));
#1320 = LINE('',#1321,#1322);
#1321 = CARTESIAN_POINT('',(19.210567429601,76.371234305154,
    4.105604745064E-13));
#1322 = VECTOR('',#1323,1.);
#1323 = DIRECTION('',(0.,0.,1.));
#1324 = ORIENTED_EDGE('',*,*,#1325,.F.);
#1325 = EDGE_CURVE('',#1294,#1318,#1326,.T.);
#1326 = CIRCLE('',#1327,3.);
#1327 = AXIS2_PLACEMENT_3D('',#1328,#1329,#1330);
#1328 = CARTESIAN_POINT('',(19.867877706871,79.298339222883,6.8));
#1329 = DIRECTION('',(0.,0.,1.));
#1330 = DIRECTION('',(-0.611163045338,-0.791504726463,0.));
#1331 = ORIENTED_EDGE('',*,*,#1293,.F.);
#1332 = CYLINDRICAL_SURFACE('',#1333,3.);
#1333 = AXIS2_PLACEMENT_3D('',#1334,#1335,#1336);
#1334 = CARTESIAN_POINT('',(19.867877706871,79.298339222883,
    4.105604745064E-13));
#1335 = DIRECTION('',(0.,0.,1.));
#1336 = DIRECTION('',(-0.611163045338,-0.791504726463,0.));
#1337 = ADVANCED_FACE('',(#1338),#1356,.T.);
#1338 = FACE_BOUND('',#1339,.T.);
#1339 = EDGE_LOOP('',(#1340,#1341,#1349,#1355));
#1340 = ORIENTED_EDGE('',*,*,#1004,.F.);
#1341 = ORIENTED_EDGE('',*,*,#1342,.T.);
#1342 = EDGE_CURVE('',#997,#1343,#1345,.T.);
#1343 = VERTEX_POINT('',#1344);
#1344 = CARTESIAN_POINT('',(27.500027854754,74.509754213513,6.8));
#1345 = LINE('',#1346,#1347);
#1346 = CARTESIAN_POINT('',(27.500027854754,74.509754213513,
    4.105604745064E-13));
#1347 = VECTOR('',#1348,1.);
#1348 = DIRECTION('',(0.,0.,1.));
#1349 = ORIENTED_EDGE('',*,*,#1350,.F.);
#1350 = EDGE_CURVE('',#1318,#1343,#1351,.T.);
#1351 = LINE('',#1352,#1353);
#1352 = CARTESIAN_POINT('',(44.953337065195,70.590441500481,6.8));
#1353 = VECTOR('',#1354,1.);
#1354 = DIRECTION('',(0.975701639243,-0.219103425757,0.));
#1355 = ORIENTED_EDGE('',*,*,#1317,.F.);
#1356 = PLANE('',#1357);
#1357 = AXIS2_PLACEMENT_3D('',#1358,#1359,#1360);
#1358 = CARTESIAN_POINT('',(19.210567429601,76.371234305154,
    4.105604745064E-13));
#1359 = DIRECTION('',(-0.219103425757,-0.975701639243,0.));
#1360 = DIRECTION('',(0.975701639243,-0.219103425757,0.));
#1361 = ADVANCED_FACE('',(#1362),#1381,.F.);
#1362 = FACE_BOUND('',#1363,.F.);
#1363 = EDGE_LOOP('',(#1364,#1365,#1374,#1380));
#1364 = ORIENTED_EDGE('',*,*,#1342,.T.);
#1365 = ORIENTED_EDGE('',*,*,#1366,.T.);
#1366 = EDGE_CURVE('',#1343,#1367,#1369,.T.);
#1367 = VERTEX_POINT('',#1368);
#1368 = CARTESIAN_POINT('',(35.341220246328,70.825815957931,6.8));
#1369 = CIRCLE('',#1370,20.);
#1370 = AXIS2_PLACEMENT_3D('',#1371,#1372,#1373);
#1371 = CARTESIAN_POINT('',(23.117959339585,54.995721428659,6.8));
#1372 = DIRECTION('',(0.,0.,-1.));
#1373 = DIRECTION('',(0.611163045337,0.791504726464,0.));
#1374 = ORIENTED_EDGE('',*,*,#1375,.F.);
#1375 = EDGE_CURVE('',#1026,#1367,#1376,.T.);
#1376 = LINE('',#1377,#1378);
#1377 = CARTESIAN_POINT('',(35.341220246328,70.825815957931,
    4.105604745064E-13));
#1378 = VECTOR('',#1379,1.);
#1379 = DIRECTION('',(0.,0.,1.));
#1380 = ORIENTED_EDGE('',*,*,#1025,.T.);
#1381 = CYLINDRICAL_SURFACE('',#1382,20.);
#1382 = AXIS2_PLACEMENT_3D('',#1383,#1384,#1385);
#1383 = CARTESIAN_POINT('',(23.117959339585,54.995721428659,
    4.105604745064E-13));
#1384 = DIRECTION('',(0.,0.,1.));
#1385 = DIRECTION('',(0.611163045337,0.791504726464,-0.));
#1386 = ADVANCED_FACE('',(#1387),#1405,.T.);
#1387 = FACE_BOUND('',#1388,.T.);
#1388 = EDGE_LOOP('',(#1389,#1390,#1398,#1404));
#1389 = ORIENTED_EDGE('',*,*,#1075,.F.);
#1390 = ORIENTED_EDGE('',*,*,#1391,.F.);
#1391 = EDGE_CURVE('',#1392,#1068,#1394,.T.);
#1392 = VERTEX_POINT('',#1393);
#1393 = CARTESIAN_POINT('',(62.425343981188,49.912718425273,6.8));
#1394 = LINE('',#1395,#1396);
#1395 = CARTESIAN_POINT('',(62.425343981188,49.912718425273,
    4.105604745064E-13));
#1396 = VECTOR('',#1397,1.);
#1397 = DIRECTION('',(0.,0.,-1.));
#1398 = ORIENTED_EDGE('',*,*,#1399,.F.);
#1399 = EDGE_CURVE('',#1367,#1392,#1400,.T.);
#1400 = LINE('',#1401,#1402);
#1401 = CARTESIAN_POINT('',(49.761872767268,59.690860453839,6.8));
#1402 = VECTOR('',#1403,1.);
#1403 = DIRECTION('',(0.791504726463,-0.611163045337,0.));
#1404 = ORIENTED_EDGE('',*,*,#1375,.F.);
#1405 = PLANE('',#1406);
#1406 = AXIS2_PLACEMENT_3D('',#1407,#1408,#1409);
#1407 = CARTESIAN_POINT('',(35.341220246328,70.825815957931,
    4.105604745064E-13));
#1408 = DIRECTION('',(-0.611163045337,-0.791504726463,0.));
#1409 = DIRECTION('',(0.791504726463,-0.611163045337,0.));
#1410 = ADVANCED_FACE('',(#1411),#1430,.F.);
#1411 = FACE_BOUND('',#1412,.F.);
#1412 = EDGE_LOOP('',(#1413,#1414,#1423,#1429));
#1413 = ORIENTED_EDGE('',*,*,#1391,.F.);
#1414 = ORIENTED_EDGE('',*,*,#1415,.T.);
#1415 = EDGE_CURVE('',#1392,#1416,#1418,.T.);
#1416 = VERTEX_POINT('',#1417);
#1417 = CARTESIAN_POINT('',(62.68130303573,49.701146088713,6.8));
#1418 = CIRCLE('',#1419,5.);
#1419 = AXIS2_PLACEMENT_3D('',#1420,#1421,#1422);
#1420 = CARTESIAN_POINT('',(59.369528754501,45.955194792955,6.8));
#1421 = DIRECTION('',(0.,0.,-1.));
#1422 = DIRECTION('',(0.637110343621,0.770772605929,0.));
#1423 = ORIENTED_EDGE('',*,*,#1424,.F.);
#1424 = EDGE_CURVE('',#228,#1416,#1425,.T.);
#1425 = LINE('',#1426,#1427);
#1426 = CARTESIAN_POINT('',(62.68130303573,49.701146088713,
    4.105604745064E-13));
#1427 = VECTOR('',#1428,1.);
#1428 = DIRECTION('',(0.,0.,1.));
#1429 = ORIENTED_EDGE('',*,*,#1097,.T.);
#1430 = CYLINDRICAL_SURFACE('',#1431,5.);
#1431 = AXIS2_PLACEMENT_3D('',#1432,#1433,#1434);
#1432 = CARTESIAN_POINT('',(59.369528754501,45.955194792955,
    4.105604745064E-13));
#1433 = DIRECTION('',(0.,0.,1.));
#1434 = DIRECTION('',(0.637110343621,0.770772605929,-0.));
#1435 = ADVANCED_FACE('',(#1436),#1454,.T.);
#1436 = FACE_BOUND('',#1437,.T.);
#1437 = EDGE_LOOP('',(#1438,#1439,#1447,#1453));
#1438 = ORIENTED_EDGE('',*,*,#227,.F.);
#1439 = ORIENTED_EDGE('',*,*,#1440,.F.);
#1440 = EDGE_CURVE('',#1441,#220,#1443,.T.);
#1441 = VERTEX_POINT('',#1442);
#1442 = CARTESIAN_POINT('',(93.384608613567,22.556527877429,6.8));
#1443 = LINE('',#1444,#1445);
#1444 = CARTESIAN_POINT('',(93.384608613567,22.556527877429,
    4.105604745064E-13));
#1445 = VECTOR('',#1446,1.);
#1446 = DIRECTION('',(0.,0.,-1.));
#1447 = ORIENTED_EDGE('',*,*,#1448,.F.);
#1448 = EDGE_CURVE('',#1416,#1441,#1449,.T.);
#1449 = LINE('',#1450,#1451);
#1450 = CARTESIAN_POINT('',(63.160242433206,49.277718485523,6.8));
#1451 = VECTOR('',#1452,1.);
#1452 = DIRECTION('',(0.749190259152,-0.662354856246,0.));
#1453 = ORIENTED_EDGE('',*,*,#1424,.F.);
#1454 = PLANE('',#1455);
#1455 = AXIS2_PLACEMENT_3D('',#1456,#1457,#1458);
#1456 = CARTESIAN_POINT('',(62.556838406329,49.811184561194,
    4.105604745064E-13));
#1457 = DIRECTION('',(-0.662354856246,-0.749190259152,0.));
#1458 = DIRECTION('',(0.749190259152,-0.662354856246,0.));
#1459 = ADVANCED_FACE('',(#1460,#1490,#1501,#1512,#1548,#1559,#1570,
    #1674,#1710,#1746),#1782,.F.);
#1460 = FACE_BOUND('',#1461,.T.);
#1461 = EDGE_LOOP('',(#1462,#1463,#1464,#1465,#1466,#1467,#1468,#1469,
    #1470,#1471,#1472,#1473,#1474,#1475,#1476,#1477,#1478,#1479,#1480,
    #1481,#1482,#1483,#1484,#1485,#1486,#1487,#1488,#1489));
#1462 = ORIENTED_EDGE('',*,*,#243,.F.);
#1463 = ORIENTED_EDGE('',*,*,#1089,.F.);
#1464 = ORIENTED_EDGE('',*,*,#1059,.F.);
#1465 = ORIENTED_EDGE('',*,*,#1042,.F.);
#1466 = ORIENTED_EDGE('',*,*,#1011,.F.);
#1467 = ORIENTED_EDGE('',*,*,#979,.F.);
#1468 = ORIENTED_EDGE('',*,*,#947,.F.);
#1469 = ORIENTED_EDGE('',*,*,#915,.F.);
#1470 = ORIENTED_EDGE('',*,*,#883,.F.);
#1471 = ORIENTED_EDGE('',*,*,#851,.F.);
#1472 = ORIENTED_EDGE('',*,*,#803,.F.);
#1473 = ORIENTED_EDGE('',*,*,#787,.F.);
#1474 = ORIENTED_EDGE('',*,*,#739,.F.);
#1475 = ORIENTED_EDGE('',*,*,#723,.F.);
#1476 = ORIENTED_EDGE('',*,*,#675,.F.);
#1477 = ORIENTED_EDGE('',*,*,#658,.F.);
#1478 = ORIENTED_EDGE('',*,*,#627,.F.);
#1479 = ORIENTED_EDGE('',*,*,#577,.F.);
#1480 = ORIENTED_EDGE('',*,*,#547,.F.);
#1481 = ORIENTED_EDGE('',*,*,#531,.F.);
#1482 = ORIENTED_EDGE('',*,*,#483,.F.);
#1483 = ORIENTED_EDGE('',*,*,#467,.F.);
#1484 = ORIENTED_EDGE('',*,*,#419,.F.);
#1485 = ORIENTED_EDGE('',*,*,#403,.F.);
#1486 = ORIENTED_EDGE('',*,*,#371,.F.);
#1487 = ORIENTED_EDGE('',*,*,#339,.F.);
#1488 = ORIENTED_EDGE('',*,*,#307,.F.);
#1489 = ORIENTED_EDGE('',*,*,#275,.F.);
#1490 = FACE_BOUND('',#1491,.T.);
#1491 = EDGE_LOOP('',(#1492));
#1492 = ORIENTED_EDGE('',*,*,#1493,.F.);
#1493 = EDGE_CURVE('',#1494,#1494,#1496,.T.);
#1494 = VERTEX_POINT('',#1495);
#1495 = CARTESIAN_POINT('',(97.52772531367,29.230564175944,
    4.105604745064E-13));
#1496 = CIRCLE('',#1497,1.5);
#1497 = AXIS2_PLACEMENT_3D('',#1498,#1499,#1500);
#1498 = CARTESIAN_POINT('',(99.02772531367,29.230564175944,
    4.105604745064E-13));
#1499 = DIRECTION('',(0.,0.,-1.));
#1500 = DIRECTION('',(1.,0.,0.));
#1501 = FACE_BOUND('',#1502,.T.);
#1502 = EDGE_LOOP('',(#1503));
#1503 = ORIENTED_EDGE('',*,*,#1504,.F.);
#1504 = EDGE_CURVE('',#1505,#1505,#1507,.T.);
#1505 = VERTEX_POINT('',#1506);
#1506 = CARTESIAN_POINT('',(127.314636801,6.230499960095,
    4.105604745064E-13));
#1507 = CIRCLE('',#1508,1.5);
#1508 = AXIS2_PLACEMENT_3D('',#1509,#1510,#1511);
#1509 = CARTESIAN_POINT('',(128.814636801,6.230499960095,
    4.105604745064E-13));
#1510 = DIRECTION('',(0.,0.,-1.));
#1511 = DIRECTION('',(1.,0.,0.));
#1512 = FACE_BOUND('',#1513,.T.);
#1513 = EDGE_LOOP('',(#1514,#1524,#1533,#1541));
#1514 = ORIENTED_EDGE('',*,*,#1515,.F.);
#1515 = EDGE_CURVE('',#1516,#1518,#1520,.T.);
#1516 = VERTEX_POINT('',#1517);
#1517 = CARTESIAN_POINT('',(10.572191325334,90.384841164366,
    4.105604745064E-13));
#1518 = VERTEX_POINT('',#1519);
#1519 = CARTESIAN_POINT('',(12.059945165124,90.576122402848,
    4.105604745064E-13));
#1520 = LINE('',#1521,#1522);
#1521 = CARTESIAN_POINT('',(12.059945165124,90.576122402848,
    4.105604745064E-13));
#1522 = VECTOR('',#1523,1.);
#1523 = DIRECTION('',(0.991835893192,0.127520825655,0.));
#1524 = ORIENTED_EDGE('',*,*,#1525,.F.);
#1525 = EDGE_CURVE('',#1526,#1516,#1528,.T.);
#1526 = VERTEX_POINT('',#1527);
#1527 = CARTESIAN_POINT('',(10.954753802302,87.409333484789,
    4.105604745064E-13));
#1528 = CIRCLE('',#1529,1.5);
#1529 = AXIS2_PLACEMENT_3D('',#1530,#1531,#1532);
#1530 = CARTESIAN_POINT('',(10.763472563819,88.897087324577,
    4.105604745064E-13));
#1531 = DIRECTION('',(0.,0.,-1.));
#1532 = DIRECTION('',(-0.127520825656,0.991835893192,0.));
#1533 = ORIENTED_EDGE('',*,*,#1534,.F.);
#1534 = EDGE_CURVE('',#1535,#1526,#1537,.T.);
#1535 = VERTEX_POINT('',#1536);
#1536 = CARTESIAN_POINT('',(12.442507642091,87.600614723272,
    4.105604745064E-13));
#1537 = LINE('',#1538,#1539);
#1538 = CARTESIAN_POINT('',(12.442507642091,87.600614723272,
    4.105604745064E-13));
#1539 = VECTOR('',#1540,1.);
#1540 = DIRECTION('',(-0.991835893192,-0.127520825655,0.));
#1541 = ORIENTED_EDGE('',*,*,#1542,.F.);
#1542 = EDGE_CURVE('',#1518,#1535,#1543,.T.);
#1543 = CIRCLE('',#1544,1.5);
#1544 = AXIS2_PLACEMENT_3D('',#1545,#1546,#1547);
#1545 = CARTESIAN_POINT('',(12.251226403607,89.08836856306,
    4.105604745064E-13));
#1546 = DIRECTION('',(0.,0.,-1.));
#1547 = DIRECTION('',(0.127520825656,-0.991835893192,0.));
#1548 = FACE_BOUND('',#1549,.T.);
#1549 = EDGE_LOOP('',(#1550));
#1550 = ORIENTED_EDGE('',*,*,#1551,.F.);
#1551 = EDGE_CURVE('',#1552,#1552,#1554,.T.);
#1552 = VERTEX_POINT('',#1553);
#1553 = CARTESIAN_POINT('',(112.42118105733,17.73053206802,
    4.105604745064E-13));
#1554 = CIRCLE('',#1555,1.5);
#1555 = AXIS2_PLACEMENT_3D('',#1556,#1557,#1558);
#1556 = CARTESIAN_POINT('',(113.92118105733,17.73053206802,
    4.105604745064E-13));
#1557 = DIRECTION('',(0.,0.,-1.));
#1558 = DIRECTION('',(1.,0.,0.));
#1559 = FACE_BOUND('',#1560,.T.);
#1560 = EDGE_LOOP('',(#1561));
#1561 = ORIENTED_EDGE('',*,*,#1562,.F.);
#1562 = EDGE_CURVE('',#1563,#1563,#1565,.T.);
#1563 = VERTEX_POINT('',#1564);
#1564 = CARTESIAN_POINT('',(16.685913549144,90.108535168305,
    4.105604745064E-13));
#1565 = CIRCLE('',#1566,3.5);
#1566 = AXIS2_PLACEMENT_3D('',#1567,#1568,#1569);
#1567 = CARTESIAN_POINT('',(20.185913549144,90.108535168305,
    4.105604745064E-13));
#1568 = DIRECTION('',(0.,0.,-1.));
#1569 = DIRECTION('',(1.,0.,0.));
#1570 = FACE_BOUND('',#1571,.T.);
#1571 = EDGE_LOOP('',(#1572,#1583,#1591,#1600,#1608,#1617,#1625,#1634,
    #1642,#1651,#1659,#1668));
#1572 = ORIENTED_EDGE('',*,*,#1573,.F.);
#1573 = EDGE_CURVE('',#1574,#1576,#1578,.T.);
#1574 = VERTEX_POINT('',#1575);
#1575 = CARTESIAN_POINT('',(14.876079974411,103.90876336108,
    4.105604745064E-13));
#1576 = VERTEX_POINT('',#1577);
#1577 = CARTESIAN_POINT('',(15.246748837026,102.92750588885,
    4.105604745064E-13));
#1578 = CIRCLE('',#1579,1.);
#1579 = AXIS2_PLACEMENT_3D('',#1580,#1581,#1582);
#1580 = CARTESIAN_POINT('',(14.264916929074,103.11725863462,
    4.105604745064E-13));
#1581 = DIRECTION('',(0.,0.,-1.));
#1582 = DIRECTION('',(0.981831907952,-0.189752745771,0.));
#1583 = ORIENTED_EDGE('',*,*,#1584,.F.);
#1584 = EDGE_CURVE('',#1585,#1574,#1587,.T.);
#1585 = VERTEX_POINT('',#1586);
#1586 = CARTESIAN_POINT('',(14.444343517301,104.24213012326,
    4.105604745064E-13));
#1587 = LINE('',#1588,#1589);
#1588 = CARTESIAN_POINT('',(14.444343517301,104.24213012326,
    4.105604745064E-13));
#1589 = VECTOR('',#1590,1.);
#1590 = DIRECTION('',(0.791504726463,-0.611163045338,0.));
#1591 = ORIENTED_EDGE('',*,*,#1592,.F.);
#1592 = EDGE_CURVE('',#1593,#1585,#1595,.T.);
#1593 = VERTEX_POINT('',#1594);
#1594 = CARTESIAN_POINT('',(13.734264337705,104.44572117027,
    4.105604745064E-13));
#1595 = CIRCLE('',#1596,1.);
#1596 = AXIS2_PLACEMENT_3D('',#1597,#1598,#1599);
#1597 = CARTESIAN_POINT('',(13.833180471963,103.4506253968,
    4.105604745064E-13));
#1598 = DIRECTION('',(0.,0.,-1.));
#1599 = DIRECTION('',(0.611163045337,0.791504726463,0.));
#1600 = ORIENTED_EDGE('',*,*,#1601,.F.);
#1601 = EDGE_CURVE('',#1602,#1593,#1604,.T.);
#1602 = VERTEX_POINT('',#1603);
#1603 = CARTESIAN_POINT('',(4.054110448034,103.48347871349,
    4.105604745064E-13));
#1604 = LINE('',#1605,#1606);
#1605 = CARTESIAN_POINT('',(4.054110448034,103.48347871349,
    4.105604745064E-13));
#1606 = VECTOR('',#1607,1.);
#1607 = DIRECTION('',(0.995095773473,9.891613425893E-02,0.));
#1608 = ORIENTED_EDGE('',*,*,#1609,.F.);
#1609 = EDGE_CURVE('',#1610,#1602,#1612,.T.);
#1610 = VERTEX_POINT('',#1611);
#1611 = CARTESIAN_POINT('',(3.165272657706,102.33236311927,
    4.105604745064E-13));
#1612 = CIRCLE('',#1613,1.);
#1613 = AXIS2_PLACEMENT_3D('',#1614,#1615,#1616);
#1614 = CARTESIAN_POINT('',(4.153026582291,102.48838294002,
    4.105604745064E-13));
#1615 = DIRECTION('',(0.,0.,-1.));
#1616 = DIRECTION('',(-9.891613425665E-02,0.995095773473,0.));
#1617 = ORIENTED_EDGE('',*,*,#1618,.F.);
#1618 = EDGE_CURVE('',#1619,#1610,#1621,.T.);
#1619 = VERTEX_POINT('',#1620);
#1620 = CARTESIAN_POINT('',(4.683011869332,92.723629718931,
    4.105604745064E-13));
#1621 = LINE('',#1622,#1623);
#1622 = CARTESIAN_POINT('',(3.165272657705,102.33236311927,
    4.105604745064E-13));
#1623 = VECTOR('',#1624,1.);
#1624 = DIRECTION('',(-0.156019820753,0.987753924585,0.));
#1625 = ORIENTED_EDGE('',*,*,#1626,.F.);
#1626 = EDGE_CURVE('',#1627,#1619,#1629,.T.);
#1627 = VERTEX_POINT('',#1628);
#1628 = CARTESIAN_POINT('',(5.059602748578,92.08814481322,
    4.105604745064E-13));
#1629 = CIRCLE('',#1630,1.);
#1630 = AXIS2_PLACEMENT_3D('',#1631,#1632,#1633);
#1631 = CARTESIAN_POINT('',(5.670765793916,92.879649539683,
    4.105604745064E-13));
#1632 = DIRECTION('',(0.,0.,-1.));
#1633 = DIRECTION('',(-0.987753924585,-0.156019820752,-0.));
#1634 = ORIENTED_EDGE('',*,*,#1635,.F.);
#1635 = EDGE_CURVE('',#1636,#1627,#1638,.T.);
#1636 = VERTEX_POINT('',#1637);
#1637 = CARTESIAN_POINT('',(5.491339205686,91.754778051042,
    4.105604745064E-13));
#1638 = LINE('',#1639,#1640);
#1639 = CARTESIAN_POINT('',(5.059602748578,92.08814481322,
    4.105604745064E-13));
#1640 = VECTOR('',#1641,1.);
#1641 = DIRECTION('',(-0.791504726463,0.611163045338,0.));
#1642 = ORIENTED_EDGE('',*,*,#1643,.F.);
#1643 = EDGE_CURVE('',#1644,#1636,#1646,.T.);
#1644 = VERTEX_POINT('',#1645);
#1645 = CARTESIAN_POINT('',(6.534447318305,91.644382861299,
    4.105604745064E-13));
#1646 = CIRCLE('',#1647,1.);
#1647 = AXIS2_PLACEMENT_3D('',#1648,#1649,#1650);
#1648 = CARTESIAN_POINT('',(6.102502251024,92.546282777505,
    4.105604745064E-13));
#1649 = DIRECTION('',(0.,0.,-1.));
#1650 = DIRECTION('',(-0.611163045338,-0.791504726463,-0.));
#1651 = ORIENTED_EDGE('',*,*,#1652,.F.);
#1652 = EDGE_CURVE('',#1653,#1644,#1655,.T.);
#1653 = VERTEX_POINT('',#1654);
#1654 = CARTESIAN_POINT('',(13.278058514966,94.874086667352,
    4.105604745064E-13));
#1655 = LINE('',#1656,#1657);
#1656 = CARTESIAN_POINT('',(6.534447318305,91.644382861299,
    4.105604745064E-13));
#1657 = VECTOR('',#1658,1.);
#1658 = DIRECTION('',(-0.901899916206,-0.43194506728,0.));
#1659 = ORIENTED_EDGE('',*,*,#1660,.F.);
#1660 = EDGE_CURVE('',#1661,#1653,#1663,.T.);
#1661 = VERTEX_POINT('',#1662);
#1662 = CARTESIAN_POINT('',(13.827945355637,95.586233837788,
    4.105604745064E-13));
#1663 = CIRCLE('',#1664,1.);
#1664 = AXIS2_PLACEMENT_3D('',#1665,#1666,#1667);
#1665 = CARTESIAN_POINT('',(12.846113447685,95.775986583558,
    4.105604745064E-13));
#1666 = DIRECTION('',(0.,0.,-1.));
#1667 = DIRECTION('',(0.431945067281,-0.901899916206,0.));
#1668 = ORIENTED_EDGE('',*,*,#1669,.F.);
#1669 = EDGE_CURVE('',#1576,#1661,#1670,.T.);
#1670 = LINE('',#1671,#1672);
#1671 = CARTESIAN_POINT('',(15.246748837026,102.92750588885,
    4.105604745064E-13));
#1672 = VECTOR('',#1673,1.);
#1673 = DIRECTION('',(-0.189752745771,-0.981831907952,0.));
#1674 = FACE_BOUND('',#1675,.T.);
#1675 = EDGE_LOOP('',(#1676,#1687,#1695,#1704));
#1676 = ORIENTED_EDGE('',*,*,#1677,.F.);
#1677 = EDGE_CURVE('',#1678,#1680,#1682,.T.);
#1678 = VERTEX_POINT('',#1679);
#1679 = CARTESIAN_POINT('',(20.6535007837,98.234503552319,
    4.105604745064E-13));
#1680 = VERTEX_POINT('',#1681);
#1681 = CARTESIAN_POINT('',(17.677993104122,97.851941075359,
    4.105604745064E-13));
#1682 = CIRCLE('',#1683,1.5);
#1683 = AXIS2_PLACEMENT_3D('',#1684,#1685,#1686);
#1684 = CARTESIAN_POINT('',(19.165746943911,98.043222313839,
    4.105604745064E-13));
#1685 = DIRECTION('',(0.,0.,-1.));
#1686 = DIRECTION('',(-0.991835893192,-0.127520825654,-0.));
#1687 = ORIENTED_EDGE('',*,*,#1688,.F.);
#1688 = EDGE_CURVE('',#1689,#1678,#1691,.T.);
#1689 = VERTEX_POINT('',#1690);
#1690 = CARTESIAN_POINT('',(20.462219545219,99.722257392107,
    4.105604745064E-13));
#1691 = LINE('',#1692,#1693);
#1692 = CARTESIAN_POINT('',(20.653500783701,98.23450355232,
    4.105604745064E-13));
#1693 = VECTOR('',#1694,1.);
#1694 = DIRECTION('',(0.127520825655,-0.991835893192,0.));
#1695 = ORIENTED_EDGE('',*,*,#1696,.F.);
#1696 = EDGE_CURVE('',#1697,#1689,#1699,.T.);
#1697 = VERTEX_POINT('',#1698);
#1698 = CARTESIAN_POINT('',(17.486711868492,99.339694892978,
    4.105604745064E-13));
#1699 = CIRCLE('',#1700,1.5);
#1700 = AXIS2_PLACEMENT_3D('',#1701,#1702,#1703);
#1701 = CARTESIAN_POINT('',(18.97446570543,99.530976153627,
    4.105604745064E-13));
#1702 = DIRECTION('',(0.,0.,-1.));
#1703 = DIRECTION('',(0.991835893192,0.127520825653,0.));
#1704 = ORIENTED_EDGE('',*,*,#1705,.F.);
#1705 = EDGE_CURVE('',#1680,#1697,#1706,.T.);
#1706 = LINE('',#1707,#1708);
#1707 = CARTESIAN_POINT('',(17.677993104122,97.851941075359,
    4.105604745064E-13));
#1708 = VECTOR('',#1709,1.);
#1709 = DIRECTION('',(-0.127520825654,0.991835893192,0.));
#1710 = FACE_BOUND('',#1711,.T.);
#1711 = EDGE_LOOP('',(#1712,#1723,#1731,#1740));
#1712 = ORIENTED_EDGE('',*,*,#1713,.F.);
#1713 = EDGE_CURVE('',#1714,#1716,#1718,.T.);
#1714 = VERTEX_POINT('',#1715);
#1715 = CARTESIAN_POINT('',(19.718326314596,81.982566784282,
    4.105604745064E-13));
#1716 = VERTEX_POINT('',#1717);
#1717 = CARTESIAN_POINT('',(22.693833994173,82.365129261245,
    4.105604745064E-13));
#1718 = CIRCLE('',#1719,1.5);
#1719 = AXIS2_PLACEMENT_3D('',#1720,#1721,#1722);
#1720 = CARTESIAN_POINT('',(21.206080154384,82.173848022765,
    4.105604745064E-13));
#1721 = DIRECTION('',(0.,0.,-1.));
#1722 = DIRECTION('',(0.991835893192,0.127520825653,0.));
#1723 = ORIENTED_EDGE('',*,*,#1724,.F.);
#1724 = EDGE_CURVE('',#1725,#1714,#1727,.T.);
#1725 = VERTEX_POINT('',#1726);
#1726 = CARTESIAN_POINT('',(19.909607553078,80.494812944492,
    4.105604745064E-13));
#1727 = LINE('',#1728,#1729);
#1728 = CARTESIAN_POINT('',(19.718326314596,81.982566784282,
    4.105604745064E-13));
#1729 = VECTOR('',#1730,1.);
#1730 = DIRECTION('',(-0.127520825654,0.991835893192,0.));
#1731 = ORIENTED_EDGE('',*,*,#1732,.F.);
#1732 = EDGE_CURVE('',#1733,#1725,#1735,.T.);
#1733 = VERTEX_POINT('',#1734);
#1734 = CARTESIAN_POINT('',(22.885115229804,80.877375443627,
    4.105604745064E-13));
#1735 = CIRCLE('',#1736,1.5);
#1736 = AXIS2_PLACEMENT_3D('',#1737,#1738,#1739);
#1737 = CARTESIAN_POINT('',(21.397361392866,80.686094182975,
    4.105604745064E-13));
#1738 = DIRECTION('',(0.,0.,-1.));
#1739 = DIRECTION('',(-0.991835893192,-0.127520825655,-0.));
#1740 = ORIENTED_EDGE('',*,*,#1741,.F.);
#1741 = EDGE_CURVE('',#1716,#1733,#1742,.T.);
#1742 = LINE('',#1743,#1744);
#1743 = CARTESIAN_POINT('',(22.693833994173,82.365129261245,
    4.105604745064E-13));
#1744 = VECTOR('',#1745,1.);
#1745 = DIRECTION('',(0.127520825654,-0.991835893192,0.));
#1746 = FACE_BOUND('',#1747,.T.);
#1747 = EDGE_LOOP('',(#1748,#1759,#1767,#1776));
#1748 = ORIENTED_EDGE('',*,*,#1749,.F.);
#1749 = EDGE_CURVE('',#1750,#1752,#1754,.T.);
#1750 = VERTEX_POINT('',#1751);
#1751 = CARTESIAN_POINT('',(28.311881933163,89.640947933763,
    4.105604745064E-13));
#1752 = VERTEX_POINT('',#1753);
#1753 = CARTESIAN_POINT('',(27.929319456195,92.61645561334,
    4.105604745064E-13));
#1754 = CIRCLE('',#1755,1.5);
#1755 = AXIS2_PLACEMENT_3D('',#1756,#1757,#1758);
#1756 = CARTESIAN_POINT('',(28.120600694679,91.128701773551,
    4.105604745064E-13));
#1757 = DIRECTION('',(0.,0.,-1.));
#1758 = DIRECTION('',(-0.127520825656,0.991835893192,0.));
#1759 = ORIENTED_EDGE('',*,*,#1760,.F.);
#1760 = EDGE_CURVE('',#1761,#1750,#1763,.T.);
#1761 = VERTEX_POINT('',#1762);
#1762 = CARTESIAN_POINT('',(29.799635772952,89.832229172248,
    4.105604745064E-13));
#1763 = LINE('',#1764,#1765);
#1764 = CARTESIAN_POINT('',(28.311881933165,89.640947933762,
    4.105604745064E-13));
#1765 = VECTOR('',#1766,1.);
#1766 = DIRECTION('',(-0.991835893192,-0.127520825657,0.));
#1767 = ORIENTED_EDGE('',*,*,#1768,.F.);
#1768 = EDGE_CURVE('',#1769,#1761,#1771,.T.);
#1769 = VERTEX_POINT('',#1770);
#1770 = CARTESIAN_POINT('',(29.41707329598,92.807736851824,
    4.105604745064E-13));
#1771 = CIRCLE('',#1772,1.5);
#1772 = AXIS2_PLACEMENT_3D('',#1773,#1774,#1775);
#1773 = CARTESIAN_POINT('',(29.608354534466,91.319983012036,
    4.105604745064E-13));
#1774 = DIRECTION('',(0.,0.,-1.));
#1775 = DIRECTION('',(0.127520825657,-0.991835893192,0.));
#1776 = ORIENTED_EDGE('',*,*,#1777,.F.);
#1777 = EDGE_CURVE('',#1752,#1769,#1778,.T.);
#1778 = LINE('',#1779,#1780);
#1779 = CARTESIAN_POINT('',(27.929319456195,92.616455613341,
    4.105604745064E-13));
#1780 = VECTOR('',#1781,1.);
#1781 = DIRECTION('',(0.991835893192,0.127520825656,0.));
#1782 = PLANE('',#1783);
#1783 = AXIS2_PLACEMENT_3D('',#1784,#1785,#1786);
#1784 = CARTESIAN_POINT('',(68.220505143804,53.785409851022,
    4.105604745064E-13));
#1785 = DIRECTION('',(0.,0.,1.));
#1786 = DIRECTION('',(1.,0.,-0.));
#1787 = ADVANCED_FACE('',(#1788),#1813,.T.);
#1788 = FACE_BOUND('',#1789,.T.);
#1789 = EDGE_LOOP('',(#1790,#1798,#1806,#1812));
#1790 = ORIENTED_EDGE('',*,*,#1791,.T.);
#1791 = EDGE_CURVE('',#1441,#1792,#1794,.T.);
#1792 = VERTEX_POINT('',#1793);
#1793 = CARTESIAN_POINT('',(94.179434441062,23.455556188411,8.));
#1794 = LINE('',#1795,#1796);
#1795 = CARTESIAN_POINT('',(93.384608613567,22.556527877429,6.8));
#1796 = VECTOR('',#1797,1.);
#1797 = DIRECTION('',(0.468355610403,0.529757512645,0.707106781187));
#1798 = ORIENTED_EDGE('',*,*,#1799,.T.);
#1799 = EDGE_CURVE('',#1792,#1800,#1802,.T.);
#1800 = VERTEX_POINT('',#1801);
#1801 = CARTESIAN_POINT('',(63.476128863225,50.600174399695,8.));
#1802 = LINE('',#1803,#1804);
#1803 = CARTESIAN_POINT('',(63.955068260701,50.176746796505,8.));
#1804 = VECTOR('',#1805,1.);
#1805 = DIRECTION('',(-0.749190259152,0.662354856246,0.));
#1806 = ORIENTED_EDGE('',*,*,#1807,.T.);
#1807 = EDGE_CURVE('',#1800,#1416,#1808,.T.);
#1808 = LINE('',#1809,#1810);
#1809 = CARTESIAN_POINT('',(63.476128863225,50.600174399695,8.));
#1810 = VECTOR('',#1811,1.);
#1811 = DIRECTION('',(-0.468355610403,-0.529757512645,-0.707106781187));
#1812 = ORIENTED_EDGE('',*,*,#1448,.T.);
#1813 = PLANE('',#1814);
#1814 = AXIS2_PLACEMENT_3D('',#1815,#1816,#1817);
#1815 = CARTESIAN_POINT('',(63.557655346954,49.727232641014,7.4));
#1816 = DIRECTION('',(-0.468355610403,-0.529757512645,0.707106781187));
#1817 = DIRECTION('',(0.833705702101,0.,0.552209020466));
#1818 = ADVANCED_FACE('',(#1819),#1846,.T.);
#1819 = FACE_BOUND('',#1820,.T.);
#1820 = EDGE_LOOP('',(#1821,#1822,#1831,#1839));
#1821 = ORIENTED_EDGE('',*,*,#1791,.F.);
#1822 = ORIENTED_EDGE('',*,*,#1823,.T.);
#1823 = EDGE_CURVE('',#1441,#1824,#1826,.T.);
#1824 = VERTEX_POINT('',#1825);
#1825 = CARTESIAN_POINT('',(94.002960998523,22.089940925446,6.8));
#1826 = CIRCLE('',#1827,5.);
#1827 = AXIS2_PLACEMENT_3D('',#1828,#1829,#1830);
#1828 = CARTESIAN_POINT('',(96.696382894796,26.302479173187,6.8));
#1829 = DIRECTION('',(0.,0.,1.));
#1830 = DIRECTION('',(-0.602329515415,-0.798247552367,0.));
#1831 = ORIENTED_EDGE('',*,*,#1832,.T.);
#1832 = EDGE_CURVE('',#1824,#1833,#1835,.T.);
#1833 = VERTEX_POINT('',#1834);
#1834 = CARTESIAN_POINT('',(94.649382253628,23.100950104904,8.));
#1835 = LINE('',#1836,#1837);
#1836 = CARTESIAN_POINT('',(94.002960998523,22.089940925446,6.8));
#1837 = VECTOR('',#1838,1.);
#1838 = DIRECTION('',(0.38090737749,0.595742872197,0.707106781187));
#1839 = ORIENTED_EDGE('',*,*,#1840,.T.);
#1840 = EDGE_CURVE('',#1833,#1792,#1841,.T.);
#1841 = CIRCLE('',#1842,3.8);
#1842 = AXIS2_PLACEMENT_3D('',#1843,#1844,#1845);
#1843 = CARTESIAN_POINT('',(96.696382894796,26.302479173187,8.));
#1844 = DIRECTION('',(0.,0.,-1.));
#1845 = DIRECTION('',(-0.602329515415,-0.798247552367,-0.));
#1846 = CONICAL_SURFACE('',#1847,4.4,0.785398163397);
#1847 = AXIS2_PLACEMENT_3D('',#1848,#1849,#1850);
#1848 = CARTESIAN_POINT('',(96.696382894796,26.302479173187,7.4));
#1849 = DIRECTION('',(0.,0.,-1.));
#1850 = DIRECTION('',(-0.602329515415,-0.798247552367,-0.));
#1851 = ADVANCED_FACE('',(#1852),#1877,.T.);
#1852 = FACE_BOUND('',#1853,.T.);
#1853 = EDGE_LOOP('',(#1854,#1864,#1870,#1871));
#1854 = ORIENTED_EDGE('',*,*,#1855,.T.);
#1855 = EDGE_CURVE('',#1856,#1858,#1860,.T.);
#1856 = VERTEX_POINT('',#1857);
#1857 = CARTESIAN_POINT('',(126.47802864249,1.325961317153,6.8));
#1858 = VERTEX_POINT('',#1859);
#1859 = CARTESIAN_POINT('',(127.1244498976,2.336970496611,8.));
#1860 = LINE('',#1861,#1862);
#1861 = CARTESIAN_POINT('',(126.47802864249,1.325961317153,6.8));
#1862 = VECTOR('',#1863,1.);
#1863 = DIRECTION('',(0.38090737749,0.595742872197,0.707106781186));
#1864 = ORIENTED_EDGE('',*,*,#1865,.T.);
#1865 = EDGE_CURVE('',#1858,#1833,#1866,.T.);
#1866 = LINE('',#1867,#1868);
#1867 = CARTESIAN_POINT('',(78.14286441435,33.654923496929,8.));
#1868 = VECTOR('',#1869,1.);
#1869 = DIRECTION('',(-0.842507649548,0.538684379255,0.));
#1870 = ORIENTED_EDGE('',*,*,#1832,.F.);
#1871 = ORIENTED_EDGE('',*,*,#1872,.T.);
#1872 = EDGE_CURVE('',#1824,#1856,#1873,.T.);
#1873 = LINE('',#1874,#1875);
#1874 = CARTESIAN_POINT('',(77.496443159244,32.643914317471,6.8));
#1875 = VECTOR('',#1876,1.);
#1876 = DIRECTION('',(0.842507649548,-0.538684379255,0.));
#1877 = PLANE('',#1878);
#1878 = AXIS2_PLACEMENT_3D('',#1879,#1880,#1881);
#1879 = CARTESIAN_POINT('',(77.819653786797,33.1494189072,7.4));
#1880 = DIRECTION('',(-0.38090737749,-0.595742872197,0.707106781187));
#1881 = DIRECTION('',(0.880389192369,-8.326672684689E-17,0.474251905594)
  );
#1882 = ADVANCED_FACE('',(#1883),#1910,.T.);
#1883 = FACE_BOUND('',#1884,.T.);
#1884 = EDGE_LOOP('',(#1885,#1895,#1902,#1903));
#1885 = ORIENTED_EDGE('',*,*,#1886,.T.);
#1886 = EDGE_CURVE('',#1887,#1889,#1891,.T.);
#1887 = VERTEX_POINT('',#1888);
#1888 = CARTESIAN_POINT('',(128.71912796565,0.559001167479,6.8));
#1889 = VERTEX_POINT('',#1890);
#1890 = CARTESIAN_POINT('',(128.8276853832,1.754080782859,8.));
#1891 = LINE('',#1892,#1893);
#1892 = CARTESIAN_POINT('',(128.71912796565,0.559001167479,6.8));
#1893 = VECTOR('',#1894,1.);
#1894 = DIRECTION('',(6.396807174687E-02,0.704207416744,0.707106781187)
  );
#1895 = ORIENTED_EDGE('',*,*,#1896,.T.);
#1896 = EDGE_CURVE('',#1889,#1858,#1897,.T.);
#1897 = CIRCLE('',#1898,3.8);
#1898 = AXIS2_PLACEMENT_3D('',#1899,#1900,#1901);
#1899 = CARTESIAN_POINT('',(129.17145053877,5.538499564893,8.));
#1900 = DIRECTION('',(0.,0.,-1.));
#1901 = DIRECTION('',(-0.538684379255,-0.842507649548,-0.));
#1902 = ORIENTED_EDGE('',*,*,#1855,.F.);
#1903 = ORIENTED_EDGE('',*,*,#1904,.T.);
#1904 = EDGE_CURVE('',#1856,#1887,#1905,.T.);
#1905 = CIRCLE('',#1906,5.);
#1906 = AXIS2_PLACEMENT_3D('',#1907,#1908,#1909);
#1907 = CARTESIAN_POINT('',(129.17145053877,5.538499564893,6.8));
#1908 = DIRECTION('',(0.,0.,1.));
#1909 = DIRECTION('',(-0.538684379255,-0.842507649548,0.));
#1910 = CONICAL_SURFACE('',#1911,4.4,0.785398163397);
#1911 = AXIS2_PLACEMENT_3D('',#1912,#1913,#1914);
#1912 = CARTESIAN_POINT('',(129.17145053877,5.538499564893,7.4));
#1913 = DIRECTION('',(0.,0.,-1.));
#1914 = DIRECTION('',(-0.538684379255,-0.842507649548,-0.));
#1915 = ADVANCED_FACE('',(#1916),#1941,.T.);
#1916 = FACE_BOUND('',#1917,.T.);
#1917 = EDGE_LOOP('',(#1918,#1928,#1934,#1935));
#1918 = ORIENTED_EDGE('',*,*,#1919,.T.);
#1919 = EDGE_CURVE('',#1920,#1922,#1924,.T.);
#1920 = VERTEX_POINT('',#1921);
#1921 = CARTESIAN_POINT('',(134.80531351567,6.150480775724E-03,6.8));
#1922 = VERTEX_POINT('',#1923);
#1923 = CARTESIAN_POINT('',(134.91387093322,1.201230096155,8.));
#1924 = LINE('',#1925,#1926);
#1925 = CARTESIAN_POINT('',(134.80531351567,6.150480775724E-03,6.8));
#1926 = VECTOR('',#1927,1.);
#1927 = DIRECTION('',(6.396807174688E-02,0.704207416744,0.707106781187)
  );
#1928 = ORIENTED_EDGE('',*,*,#1929,.T.);
#1929 = EDGE_CURVE('',#1922,#1889,#1930,.T.);
#1930 = LINE('',#1931,#1932);
#1931 = CARTESIAN_POINT('',(96.428250262092,4.697147471887,8.));
#1932 = VECTOR('',#1933,1.);
#1933 = DIRECTION('',(-0.995899679483,9.046451462329E-02,0.));
#1934 = ORIENTED_EDGE('',*,*,#1886,.F.);
#1935 = ORIENTED_EDGE('',*,*,#1936,.T.);
#1936 = EDGE_CURVE('',#1887,#1920,#1937,.T.);
#1937 = LINE('',#1938,#1939);
#1938 = CARTESIAN_POINT('',(96.319692844544,3.502067856508,6.8));
#1939 = VECTOR('',#1940,1.);
#1940 = DIRECTION('',(0.995899679483,-9.046451462329E-02,0.));
#1941 = PLANE('',#1942);
#1942 = AXIS2_PLACEMENT_3D('',#1943,#1944,#1945);
#1943 = CARTESIAN_POINT('',(96.373971553318,4.099607664198,7.4));
#1944 = DIRECTION('',(-6.396807174688E-02,-0.704207416744,0.707106781187
    ));
#1945 = DIRECTION('',(0.995933031372,-3.469446951954E-17,
    9.00965982804E-02));
#1946 = ADVANCED_FACE('',(#1947),#1974,.T.);
#1947 = FACE_BOUND('',#1948,.T.);
#1948 = EDGE_LOOP('',(#1949,#1959,#1966,#1967));
#1949 = ORIENTED_EDGE('',*,*,#1950,.T.);
#1950 = EDGE_CURVE('',#1951,#1953,#1955,.T.);
#1951 = VERTEX_POINT('',#1952);
#1952 = CARTESIAN_POINT('',(136.35194937404,2.009166862993,6.8));
#1953 = VERTEX_POINT('',#1954);
#1954 = CARTESIAN_POINT('',(135.22319810489,1.601833372599,8.));
#1955 = LINE('',#1956,#1957);
#1956 = CARTESIAN_POINT('',(136.35194937404,2.009166862993,6.8));
#1957 = VECTOR('',#1958,1.);
#1958 = DIRECTION('',(-0.665123063906,-0.240023561052,0.707106781187));
#1959 = ORIENTED_EDGE('',*,*,#1960,.T.);
#1960 = EDGE_CURVE('',#1953,#1922,#1961,.T.);
#1961 = CIRCLE('',#1962,0.3);
#1962 = AXIS2_PLACEMENT_3D('',#1963,#1964,#1965);
#1963 = CARTESIAN_POINT('',(134.9410102876,1.5,8.));
#1964 = DIRECTION('',(0.,0.,-1.));
#1965 = DIRECTION('',(-9.046451462291E-02,-0.995899679483,-0.));
#1966 = ORIENTED_EDGE('',*,*,#1919,.F.);
#1967 = ORIENTED_EDGE('',*,*,#1968,.T.);
#1968 = EDGE_CURVE('',#1920,#1951,#1969,.T.);
#1969 = CIRCLE('',#1970,1.5);
#1970 = AXIS2_PLACEMENT_3D('',#1971,#1972,#1973);
#1971 = CARTESIAN_POINT('',(134.9410102876,1.5,6.8));
#1972 = DIRECTION('',(0.,0.,1.));
#1973 = DIRECTION('',(-9.046451462291E-02,-0.995899679483,0.));
#1974 = CONICAL_SURFACE('',#1975,0.9,0.785398163397);
#1975 = AXIS2_PLACEMENT_3D('',#1976,#1977,#1978);
#1976 = CARTESIAN_POINT('',(134.9410102876,1.5,7.4));
#1977 = DIRECTION('',(0.,0.,-1.));
#1978 = DIRECTION('',(-9.046451462291E-02,-0.995899679483,-0.));
#1979 = ADVANCED_FACE('',(#1980),#2005,.T.);
#1980 = FACE_BOUND('',#1981,.T.);
#1981 = EDGE_LOOP('',(#1982,#1992,#1998,#1999));
#1982 = ORIENTED_EDGE('',*,*,#1983,.T.);
#1983 = EDGE_CURVE('',#1984,#1986,#1988,.T.);
#1984 = VERTEX_POINT('',#1985);
#1985 = CARTESIAN_POINT('',(134.27752088294,7.757561844757,6.8));
#1986 = VERTEX_POINT('',#1987);
#1987 = CARTESIAN_POINT('',(133.14876961379,7.350228354362,8.));
#1988 = LINE('',#1989,#1990);
#1989 = CARTESIAN_POINT('',(134.27752088294,7.757561844757,6.8));
#1990 = VECTOR('',#1991,1.);
#1991 = DIRECTION('',(-0.665123063906,-0.240023561052,0.707106781187));
#1992 = ORIENTED_EDGE('',*,*,#1993,.T.);
#1993 = EDGE_CURVE('',#1986,#1953,#1994,.T.);
#1994 = LINE('',#1995,#1996);
#1995 = CARTESIAN_POINT('',(123.03222736498,35.383916160583,8.));
#1996 = VECTOR('',#1997,1.);
#1997 = DIRECTION('',(0.339444575329,-0.940626057623,0.));
#1998 = ORIENTED_EDGE('',*,*,#1950,.F.);
#1999 = ORIENTED_EDGE('',*,*,#2000,.T.);
#2000 = EDGE_CURVE('',#1951,#1984,#2001,.T.);
#2001 = LINE('',#2002,#2003);
#2002 = CARTESIAN_POINT('',(124.16097863412,35.791249650978,6.8));
#2003 = VECTOR('',#2004,1.);
#2004 = DIRECTION('',(-0.339444575329,0.940626057623,0.));
#2005 = PLANE('',#2006);
#2006 = AXIS2_PLACEMENT_3D('',#2007,#2008,#2009);
#2007 = CARTESIAN_POINT('',(123.59660299955,35.58758290578,7.4));
#2008 = DIRECTION('',(0.665123063906,0.240023561052,0.707106781187));
#2009 = DIRECTION('',(0.728400054258,-4.163336342344E-17,-0.685152071409
    ));
#2010 = ADVANCED_FACE('',(#2011),#2038,.T.);
#2011 = FACE_BOUND('',#2012,.T.);
#2012 = EDGE_LOOP('',(#2013,#2023,#2030,#2031));
#2013 = ORIENTED_EDGE('',*,*,#2014,.T.);
#2014 = EDGE_CURVE('',#2015,#2017,#2019,.T.);
#2015 = VERTEX_POINT('',#2016);
#2016 = CARTESIAN_POINT('',(132.96859738813,9.73176379293,6.8));
#2017 = VERTEX_POINT('',#2018);
#2018 = CARTESIAN_POINT('',(132.15398775773,8.850621834974,8.));
#2019 = LINE('',#2020,#2021);
#2020 = CARTESIAN_POINT('',(132.96859738813,9.73176379293,6.8));
#2021 = VECTOR('',#2022,1.);
#2022 = DIRECTION('',(-0.480013328059,-0.519217878049,0.707106781187));
#2023 = ORIENTED_EDGE('',*,*,#2024,.T.);
#2024 = EDGE_CURVE('',#2017,#1986,#2025,.T.);
#2025 = CIRCLE('',#2026,3.8);
#2026 = AXIS2_PLACEMENT_3D('',#2027,#2028,#2029);
#2027 = CARTESIAN_POINT('',(129.57439059482,6.060338968113,8.));
#2028 = DIRECTION('',(0.,0.,-1.));
#2029 = DIRECTION('',(0.940626057623,0.339444575329,0.));
#2030 = ORIENTED_EDGE('',*,*,#1983,.F.);
#2031 = ORIENTED_EDGE('',*,*,#2032,.T.);
#2032 = EDGE_CURVE('',#1984,#2015,#2033,.T.);
#2033 = CIRCLE('',#2034,5.);
#2034 = AXIS2_PLACEMENT_3D('',#2035,#2036,#2037);
#2035 = CARTESIAN_POINT('',(129.57439059482,6.060338968113,6.8));
#2036 = DIRECTION('',(0.,0.,1.));
#2037 = DIRECTION('',(0.940626057623,0.339444575329,-0.));
#2038 = CONICAL_SURFACE('',#2039,4.4,0.785398163397);
#2039 = AXIS2_PLACEMENT_3D('',#2040,#2041,#2042);
#2040 = CARTESIAN_POINT('',(129.57439059482,6.060338968113,7.4));
#2041 = DIRECTION('',(0.,0.,-1.));
#2042 = DIRECTION('',(0.940626057623,0.339444575329,0.));
#2043 = ADVANCED_FACE('',(#2044),#2069,.T.);
#2044 = FACE_BOUND('',#2045,.T.);
#2045 = EDGE_LOOP('',(#2046,#2056,#2062,#2063));
#2046 = ORIENTED_EDGE('',*,*,#2047,.T.);
#2047 = EDGE_CURVE('',#2048,#2050,#2052,.T.);
#2048 = VERTEX_POINT('',#2049);
#2049 = CARTESIAN_POINT('',(104.66505151536,35.898195698761,6.8));
#2050 = VERTEX_POINT('',#2051);
#2051 = CARTESIAN_POINT('',(103.85044188496,35.017053740805,8.));
#2052 = LINE('',#2053,#2054);
#2053 = CARTESIAN_POINT('',(104.66505151536,35.898195698761,6.8));
#2054 = VECTOR('',#2055,1.);
#2055 = DIRECTION('',(-0.480013328059,-0.519217878049,0.707106781187));
#2056 = ORIENTED_EDGE('',*,*,#2057,.T.);
#2057 = EDGE_CURVE('',#2050,#2017,#2058,.T.);
#2058 = LINE('',#2059,#2060);
#2059 = CARTESIAN_POINT('',(103.71917418857,35.138409815928,8.));
#2060 = VECTOR('',#2061,1.);
#2061 = DIRECTION('',(0.734284964963,-0.678841358661,0.));
#2062 = ORIENTED_EDGE('',*,*,#2014,.F.);
#2063 = ORIENTED_EDGE('',*,*,#2064,.T.);
#2064 = EDGE_CURVE('',#2015,#2048,#2065,.T.);
#2065 = LINE('',#2066,#2067);
#2066 = CARTESIAN_POINT('',(104.53378381896,36.019551773884,6.8));
#2067 = VECTOR('',#2068,1.);
#2068 = DIRECTION('',(-0.734284964963,0.678841358661,0.));
#2069 = PLANE('',#2070);
#2070 = AXIS2_PLACEMENT_3D('',#2071,#2072,#2073);
#2071 = CARTESIAN_POINT('',(104.12647900376,35.578980794906,7.4));
#2072 = DIRECTION('',(0.480013328059,0.519217878049,0.707106781187));
#2073 = DIRECTION('',(0.827371993501,-8.326672684689E-17,-0.561654328186
    ));
#2074 = ADVANCED_FACE('',(#2075),#2102,.T.);
#2075 = FACE_BOUND('',#2076,.T.);
#2076 = EDGE_LOOP('',(#2077,#2078,#2087,#2095));
#2077 = ORIENTED_EDGE('',*,*,#2047,.F.);
#2078 = ORIENTED_EDGE('',*,*,#2079,.T.);
#2079 = EDGE_CURVE('',#2048,#2080,#2082,.T.);
#2080 = VERTEX_POINT('',#2081);
#2081 = CARTESIAN_POINT('',(104.05722133984,36.378409748394,6.8));
#2082 = CIRCLE('',#2083,5.);
#2083 = AXIS2_PLACEMENT_3D('',#2084,#2085,#2086);
#2084 = CARTESIAN_POINT('',(101.27084472205,32.226770873944,6.8));
#2085 = DIRECTION('',(0.,0.,1.));
#2086 = DIRECTION('',(0.619921098487,0.784664152138,-0.));
#2087 = ORIENTED_EDGE('',*,*,#2088,.T.);
#2088 = EDGE_CURVE('',#2080,#2089,#2091,.T.);
#2089 = VERTEX_POINT('',#2090);
#2090 = CARTESIAN_POINT('',(103.38849095157,35.382016418526,8.));
#2091 = LINE('',#2092,#2093);
#2092 = CARTESIAN_POINT('',(104.05722133984,36.378409748394,6.8));
#2093 = VECTOR('',#2094,1.);
#2094 = DIRECTION('',(-0.394053160275,-0.587130400232,0.707106781187));
#2095 = ORIENTED_EDGE('',*,*,#2096,.T.);
#2096 = EDGE_CURVE('',#2089,#2050,#2097,.T.);
#2097 = CIRCLE('',#2098,3.8);
#2098 = AXIS2_PLACEMENT_3D('',#2099,#2100,#2101);
#2099 = CARTESIAN_POINT('',(101.27084472205,32.226770873944,8.));
#2100 = DIRECTION('',(0.,0.,-1.));
#2101 = DIRECTION('',(0.619921098487,0.784664152138,0.));
#2102 = CONICAL_SURFACE('',#2103,4.4,0.785398163397);
#2103 = AXIS2_PLACEMENT_3D('',#2104,#2105,#2106);
#2104 = CARTESIAN_POINT('',(101.27084472205,32.226770873944,7.4));
#2105 = DIRECTION('',(0.,0.,-1.));
#2106 = DIRECTION('',(0.619921098487,0.784664152138,0.));
#2107 = ADVANCED_FACE('',(#2108),#2133,.T.);
#2108 = FACE_BOUND('',#2109,.T.);
#2109 = EDGE_LOOP('',(#2110,#2120,#2126,#2127));
#2110 = ORIENTED_EDGE('',*,*,#2111,.T.);
#2111 = EDGE_CURVE('',#2112,#2114,#2116,.T.);
#2112 = VERTEX_POINT('',#2113);
#2113 = CARTESIAN_POINT('',(70.028739134145,59.216659900698,6.8));
#2114 = VERTEX_POINT('',#2115);
#2115 = CARTESIAN_POINT('',(69.360008745876,58.22026657083,8.));
#2116 = LINE('',#2117,#2118);
#2117 = CARTESIAN_POINT('',(70.028739134145,59.216659900698,6.8));
#2118 = VECTOR('',#2119,1.);
#2119 = DIRECTION('',(-0.394053160275,-0.587130400232,0.707106781187));
#2120 = ORIENTED_EDGE('',*,*,#2121,.T.);
#2121 = EDGE_CURVE('',#2114,#2089,#2122,.T.);
#2122 = LINE('',#2123,#2124);
#2123 = CARTESIAN_POINT('',(87.168774198292,46.267895676136,8.));
#2124 = VECTOR('',#2125,1.);
#2125 = DIRECTION('',(0.83032777489,-0.557275323557,0.));
#2126 = ORIENTED_EDGE('',*,*,#2088,.F.);
#2127 = ORIENTED_EDGE('',*,*,#2128,.T.);
#2128 = EDGE_CURVE('',#2080,#2112,#2129,.T.);
#2129 = LINE('',#2130,#2131);
#2130 = CARTESIAN_POINT('',(87.837504586561,47.264289006004,6.8));
#2131 = VECTOR('',#2132,1.);
#2132 = DIRECTION('',(-0.83032777489,0.557275323557,0.));
#2133 = PLANE('',#2134);
#2134 = AXIS2_PLACEMENT_3D('',#2135,#2136,#2137);
#2135 = CARTESIAN_POINT('',(87.503139392427,46.76609234107,7.4));
#2136 = DIRECTION('',(0.394053160275,0.587130400232,0.707106781187));
#2137 = DIRECTION('',(0.873518774891,3.608224830032E-16,-0.486790457911)
  );
#2138 = ADVANCED_FACE('',(#2139),#2166,.F.);
#2139 = FACE_BOUND('',#2140,.F.);
#2140 = EDGE_LOOP('',(#2141,#2150,#2158,#2165));
#2141 = ORIENTED_EDGE('',*,*,#2142,.F.);
#2142 = EDGE_CURVE('',#2143,#2114,#2145,.T.);
#2143 = VERTEX_POINT('',#2144);
#2144 = CARTESIAN_POINT('',(69.025904870841,58.460969471075,8.));
#2145 = CIRCLE('',#2146,6.2);
#2146 = AXIS2_PLACEMENT_3D('',#2147,#2148,#2149);
#2147 = CARTESIAN_POINT('',(72.815115751932,63.368298775149,8.));
#2148 = DIRECTION('',(0.,0.,1.));
#2149 = DIRECTION('',(-0.584541583421,-0.811363751502,0.));
#2150 = ORIENTED_EDGE('',*,*,#2151,.F.);
#2151 = EDGE_CURVE('',#2152,#2143,#2154,.T.);
#2152 = VERTEX_POINT('',#2153);
#2153 = CARTESIAN_POINT('',(69.759300525246,59.410775142831,6.8));
#2154 = LINE('',#2155,#2156);
#2155 = CARTESIAN_POINT('',(69.759300525246,59.410775142831,6.8));
#2156 = VECTOR('',#2157,1.);
#2157 = DIRECTION('',(-0.432157533769,-0.559678359424,0.707106781187));
#2158 = ORIENTED_EDGE('',*,*,#2159,.F.);
#2159 = EDGE_CURVE('',#2112,#2152,#2160,.T.);
#2160 = CIRCLE('',#2161,5.);
#2161 = AXIS2_PLACEMENT_3D('',#2162,#2163,#2164);
#2162 = CARTESIAN_POINT('',(72.815115751932,63.368298775149,6.8));
#2163 = DIRECTION('',(0.,0.,-1.));
#2164 = DIRECTION('',(-0.584541583421,-0.811363751502,-0.));
#2165 = ORIENTED_EDGE('',*,*,#2111,.T.);
#2166 = CONICAL_SURFACE('',#2167,5.6,0.785398163397);
#2167 = AXIS2_PLACEMENT_3D('',#2168,#2169,#2170);
#2168 = CARTESIAN_POINT('',(72.815115751932,63.368298775149,7.4));
#2169 = DIRECTION('',(0.,0.,1.));
#2170 = DIRECTION('',(-0.584541583421,-0.811363751502,0.));
#2171 = ADVANCED_FACE('',(#2172),#2197,.T.);
#2172 = FACE_BOUND('',#2173,.T.);
#2173 = EDGE_LOOP('',(#2174,#2184,#2190,#2191));
#2174 = ORIENTED_EDGE('',*,*,#2175,.T.);
#2175 = EDGE_CURVE('',#2176,#2178,#2180,.T.);
#2176 = VERTEX_POINT('',#2177);
#2177 = CARTESIAN_POINT('',(42.675176790393,80.323872675481,6.8));
#2178 = VERTEX_POINT('',#2179);
#2179 = CARTESIAN_POINT('',(41.941781135989,79.374067003725,8.));
#2180 = LINE('',#2181,#2182);
#2181 = CARTESIAN_POINT('',(42.675176790393,80.323872675481,6.8));
#2182 = VECTOR('',#2183,1.);
#2183 = DIRECTION('',(-0.432157533769,-0.559678359424,0.707106781187));
#2184 = ORIENTED_EDGE('',*,*,#2185,.T.);
#2185 = EDGE_CURVE('',#2178,#2143,#2186,.T.);
#2186 = LINE('',#2187,#2188);
#2187 = CARTESIAN_POINT('',(69.970242736916,57.731795801277,8.));
#2188 = VECTOR('',#2189,1.);
#2189 = DIRECTION('',(0.791504726463,-0.611163045337,0.));
#2190 = ORIENTED_EDGE('',*,*,#2151,.F.);
#2191 = ORIENTED_EDGE('',*,*,#2192,.T.);
#2192 = EDGE_CURVE('',#2152,#2176,#2193,.T.);
#2193 = LINE('',#2194,#2195);
#2194 = CARTESIAN_POINT('',(70.70363839132,58.681601473033,6.8));
#2195 = VECTOR('',#2196,1.);
#2196 = DIRECTION('',(-0.791504726463,0.611163045337,0.));
#2197 = PLANE('',#2198);
#2198 = AXIS2_PLACEMENT_3D('',#2199,#2200,#2201);
#2199 = CARTESIAN_POINT('',(70.336940564118,58.206698637155,7.4));
#2200 = DIRECTION('',(0.432157533769,0.559678359424,0.707106781187));
#2201 = DIRECTION('',(0.853262116021,2.775557561563E-17,-0.521482273298)
  );
#2202 = ADVANCED_FACE('',(#2203),#2230,.F.);
#2203 = FACE_BOUND('',#2204,.F.);
#2204 = EDGE_LOOP('',(#2205,#2214,#2215,#2224));
#2205 = ORIENTED_EDGE('',*,*,#2206,.F.);
#2206 = EDGE_CURVE('',#2176,#2207,#2209,.T.);
#2207 = VERTEX_POINT('',#2208);
#2208 = CARTESIAN_POINT('',(37.127547883227,86.978157964043,6.8));
#2209 = CIRCLE('',#2210,20.);
#2210 = AXIS2_PLACEMENT_3D('',#2211,#2212,#2213);
#2211 = CARTESIAN_POINT('',(54.898437697137,96.153967204753,6.8));
#2212 = DIRECTION('',(0.,0.,-1.));
#2213 = DIRECTION('',(-0.888544490695,-0.458790462035,-0.));
#2214 = ORIENTED_EDGE('',*,*,#2175,.T.);
#2215 = ORIENTED_EDGE('',*,*,#2216,.F.);
#2216 = EDGE_CURVE('',#2217,#2178,#2219,.T.);
#2217 = VERTEX_POINT('',#2218);
#2218 = CARTESIAN_POINT('',(36.061294494392,86.427609409601,8.));
#2219 = CIRCLE('',#2220,21.2);
#2220 = AXIS2_PLACEMENT_3D('',#2221,#2222,#2223);
#2221 = CARTESIAN_POINT('',(54.898437697137,96.153967204753,8.));
#2222 = DIRECTION('',(0.,0.,1.));
#2223 = DIRECTION('',(-0.888544490695,-0.458790462035,0.));
#2224 = ORIENTED_EDGE('',*,*,#2225,.F.);
#2225 = EDGE_CURVE('',#2207,#2217,#2226,.T.);
#2226 = LINE('',#2227,#2228);
#2227 = CARTESIAN_POINT('',(37.127547883227,86.978157964043,6.8));
#2228 = VECTOR('',#2229,1.);
#2229 = DIRECTION('',(-0.628295834757,-0.324413846849,0.707106781187));
#2230 = CONICAL_SURFACE('',#2231,20.6,0.785398163397);
#2231 = AXIS2_PLACEMENT_3D('',#2232,#2233,#2234);
#2232 = CARTESIAN_POINT('',(54.898437697137,96.153967204753,7.4));
#2233 = DIRECTION('',(0.,0.,1.));
#2234 = DIRECTION('',(-0.888544490695,-0.458790462035,0.));
#2235 = ADVANCED_FACE('',(#2236),#2259,.T.);
#2236 = FACE_BOUND('',#2237,.T.);
#2237 = EDGE_LOOP('',(#2238,#2246,#2252,#2253));
#2238 = ORIENTED_EDGE('',*,*,#2239,.T.);
#2239 = EDGE_CURVE('',#1123,#2240,#2242,.T.);
#2240 = VERTEX_POINT('',#2241);
#2241 = CARTESIAN_POINT('',(32.163458080565,93.976591696142,8.));
#2242 = LINE('',#2243,#2244);
#2243 = CARTESIAN_POINT('',(33.2297114694,94.527140250584,6.8));
#2244 = VECTOR('',#2245,1.);
#2245 = DIRECTION('',(-0.628295834757,-0.324413846849,0.707106781186));
#2246 = ORIENTED_EDGE('',*,*,#2247,.T.);
#2247 = EDGE_CURVE('',#2240,#2217,#2248,.T.);
#2248 = LINE('',#2249,#2250);
#2249 = CARTESIAN_POINT('',(46.099259489741,66.986973144313,8.));
#2250 = VECTOR('',#2251,1.);
#2251 = DIRECTION('',(0.458790462035,-0.888544490696,0.));
#2252 = ORIENTED_EDGE('',*,*,#2225,.F.);
#2253 = ORIENTED_EDGE('',*,*,#2254,.T.);
#2254 = EDGE_CURVE('',#2207,#1123,#2255,.T.);
#2255 = LINE('',#2256,#2257);
#2256 = CARTESIAN_POINT('',(47.165512878576,67.537521698756,6.8));
#2257 = VECTOR('',#2258,1.);
#2258 = DIRECTION('',(-0.458790462035,0.888544490696,0.));
#2259 = PLANE('',#2260);
#2260 = AXIS2_PLACEMENT_3D('',#2261,#2262,#2263);
#2261 = CARTESIAN_POINT('',(46.632386184158,67.262247421535,7.4));
#2262 = DIRECTION('',(0.628295834757,0.324413846849,0.707106781187));
#2263 = DIRECTION('',(0.747537142307,1.665334536938E-16,-0.664220009388)
  );
#2264 = ADVANCED_FACE('',(#2265),#2284,.T.);
#2265 = FACE_BOUND('',#2266,.T.);
#2266 = EDGE_LOOP('',(#2267,#2275,#2282,#2283));
#2267 = ORIENTED_EDGE('',*,*,#2268,.T.);
#2268 = EDGE_CURVE('',#1115,#2269,#2271,.T.);
#2269 = VERTEX_POINT('',#2270);
#2270 = CARTESIAN_POINT('',(31.664171478921,94.575477372113,8.));
#2271 = LINE('',#2272,#2273);
#2272 = CARTESIAN_POINT('',(32.397567133326,95.525283043869,6.8));
#2273 = VECTOR('',#2274,1.);
#2274 = DIRECTION('',(-0.432157533769,-0.559678359423,0.707106781187));
#2275 = ORIENTED_EDGE('',*,*,#2276,.T.);
#2276 = EDGE_CURVE('',#2269,#2240,#2277,.T.);
#2277 = CIRCLE('',#2278,1.8);
#2278 = AXIS2_PLACEMENT_3D('',#2279,#2280,#2281);
#2279 = CARTESIAN_POINT('',(30.564077997313,93.150768864479,8.));
#2280 = DIRECTION('',(0.,0.,-1.));
#2281 = DIRECTION('',(0.888544490696,0.458790462035,0.));
#2282 = ORIENTED_EDGE('',*,*,#2239,.F.);
#2283 = ORIENTED_EDGE('',*,*,#1122,.T.);
#2284 = CONICAL_SURFACE('',#2285,2.4,0.785398163397);
#2285 = AXIS2_PLACEMENT_3D('',#2286,#2287,#2288);
#2286 = CARTESIAN_POINT('',(30.564077997313,93.150768864479,7.4));
#2287 = DIRECTION('',(0.,0.,-1.));
#2288 = DIRECTION('',(0.888544490696,0.458790462035,0.));
#2289 = ADVANCED_FACE('',(#2290),#2308,.T.);
#2290 = FACE_BOUND('',#2291,.T.);
#2291 = EDGE_LOOP('',(#2292,#2300,#2306,#2307));
#2292 = ORIENTED_EDGE('',*,*,#2293,.T.);
#2293 = EDGE_CURVE('',#1147,#2294,#2296,.T.);
#2294 = VERTEX_POINT('',#2295);
#2295 = CARTESIAN_POINT('',(17.414333744253,105.5785376626,8.));
#2296 = LINE('',#2297,#2298);
#2297 = CARTESIAN_POINT('',(18.147729398658,106.52834333436,6.8));
#2298 = VECTOR('',#2299,1.);
#2299 = DIRECTION('',(-0.432157533769,-0.559678359423,0.707106781187));
#2300 = ORIENTED_EDGE('',*,*,#2301,.T.);
#2301 = EDGE_CURVE('',#2294,#2269,#2302,.T.);
#2302 = LINE('',#2303,#2304);
#2303 = CARTESIAN_POINT('',(52.980934332988,78.115667004534,8.));
#2304 = VECTOR('',#2305,1.);
#2305 = DIRECTION('',(0.791504726463,-0.611163045338,0.));
#2306 = ORIENTED_EDGE('',*,*,#2268,.F.);
#2307 = ORIENTED_EDGE('',*,*,#1154,.T.);
#2308 = PLANE('',#2309);
#2309 = AXIS2_PLACEMENT_3D('',#2310,#2311,#2312);
#2310 = CARTESIAN_POINT('',(53.347632160191,78.590569840412,7.4));
#2311 = DIRECTION('',(0.432157533769,0.559678359423,0.707106781187));
#2312 = DIRECTION('',(0.85326211602,0.,-0.521482273298));
#2313 = ADVANCED_FACE('',(#2314),#2333,.T.);
#2314 = FACE_BOUND('',#2315,.T.);
#2315 = EDGE_LOOP('',(#2316,#2324,#2331,#2332));
#2316 = ORIENTED_EDGE('',*,*,#2317,.T.);
#2317 = EDGE_CURVE('',#1171,#2318,#2320,.T.);
#2318 = VERTEX_POINT('',#2319);
#2319 = CARTESIAN_POINT('',(14.716032861788,106.35218364123,8.));
#2320 = LINE('',#2321,#2322);
#2321 = CARTESIAN_POINT('',(14.597333500677,107.5462985694,6.8));
#2322 = VECTOR('',#2323,1.);
#2323 = DIRECTION('',(6.994426930327E-02,-0.703638969353,0.707106781187)
  );
#2324 = ORIENTED_EDGE('',*,*,#2325,.T.);
#2325 = EDGE_CURVE('',#2318,#2294,#2326,.T.);
#2326 = CIRCLE('',#2327,3.8);
#2327 = AXIS2_PLACEMENT_3D('',#2328,#2329,#2330);
#2328 = CARTESIAN_POINT('',(15.091914171972,102.57081970204,8.));
#2329 = DIRECTION('',(0.,0.,-1.));
#2330 = DIRECTION('',(0.611163045337,0.791504726464,0.));
#2331 = ORIENTED_EDGE('',*,*,#2293,.F.);
#2332 = ORIENTED_EDGE('',*,*,#1178,.T.);
#2333 = CONICAL_SURFACE('',#2334,4.4,0.785398163397);
#2334 = AXIS2_PLACEMENT_3D('',#2335,#2336,#2337);
#2335 = CARTESIAN_POINT('',(15.091914171972,102.57081970204,7.4));
#2336 = DIRECTION('',(0.,0.,-1.));
#2337 = DIRECTION('',(0.611163045337,0.791504726464,0.));
#2338 = ADVANCED_FACE('',(#2339),#2357,.T.);
#2339 = FACE_BOUND('',#2340,.T.);
#2340 = EDGE_LOOP('',(#2341,#2349,#2355,#2356));
#2341 = ORIENTED_EDGE('',*,*,#2342,.T.);
#2342 = EDGE_CURVE('',#1196,#2343,#2345,.T.);
#2343 = VERTEX_POINT('',#2344);
#2344 = CARTESIAN_POINT('',(2.821950958334,105.16986869848,8.));
#2345 = LINE('',#2346,#2347);
#2346 = CARTESIAN_POINT('',(2.703251597224,106.36398362665,6.8));
#2347 = VECTOR('',#2348,1.);
#2348 = DIRECTION('',(6.994426930328E-02,-0.703638969353,0.707106781187)
  );
#2349 = ORIENTED_EDGE('',*,*,#2350,.T.);
#2350 = EDGE_CURVE('',#2343,#2318,#2351,.T.);
#2351 = LINE('',#2352,#2353);
#2352 = CARTESIAN_POINT('',(38.619413611723,108.72826650937,8.));
#2353 = VECTOR('',#2354,1.);
#2354 = DIRECTION('',(0.995095773473,9.891613425897E-02,0.));
#2355 = ORIENTED_EDGE('',*,*,#2317,.F.);
#2356 = ORIENTED_EDGE('',*,*,#1203,.T.);
#2357 = PLANE('',#2358);
#2358 = AXIS2_PLACEMENT_3D('',#2359,#2360,#2361);
#2359 = CARTESIAN_POINT('',(38.560063931167,109.32532397345,7.4));
#2360 = DIRECTION('',(-6.994426930327E-02,0.703638969353,0.707106781187)
  );
#2361 = DIRECTION('',(0.995143409399,0.,9.8435739091E-02));
#2362 = ADVANCED_FACE('',(#2363),#2382,.T.);
#2363 = FACE_BOUND('',#2364,.T.);
#2364 = EDGE_LOOP('',(#2365,#2373,#2380,#2381));
#2365 = ORIENTED_EDGE('',*,*,#2366,.T.);
#2366 = EDGE_CURVE('',#1220,#2367,#2369,.T.);
#2367 = VERTEX_POINT('',#2368);
#2368 = CARTESIAN_POINT('',(1.222042935747,103.09786062887,8.));
#2369 = LINE('',#2370,#2371);
#2370 = CARTESIAN_POINT('',(3.673822624637E-02,102.91063684397,6.8));
#2371 = VECTOR('',#2372,1.);
#2372 = DIRECTION('',(0.698447498217,0.110322673253,0.707106781187));
#2373 = ORIENTED_EDGE('',*,*,#2374,.T.);
#2374 = EDGE_CURVE('',#2367,#2343,#2375,.T.);
#2375 = CIRCLE('',#2376,1.8);
#2376 = AXIS2_PLACEMENT_3D('',#2377,#2378,#2379);
#2377 = CARTESIAN_POINT('',(3.,103.37869630623,8.));
#2378 = DIRECTION('',(0.,0.,-1.));
#2379 = DIRECTION('',(-9.891613425864E-02,0.995095773473,0.));
#2380 = ORIENTED_EDGE('',*,*,#2342,.F.);
#2381 = ORIENTED_EDGE('',*,*,#1227,.T.);
#2382 = CONICAL_SURFACE('',#2383,2.4,0.785398163397);
#2383 = AXIS2_PLACEMENT_3D('',#2384,#2385,#2386);
#2384 = CARTESIAN_POINT('',(3.,103.37869630623,7.4));
#2385 = DIRECTION('',(0.,0.,-1.));
#2386 = DIRECTION('',(-9.891613425864E-02,0.995095773473,0.));
#2387 = ADVANCED_FACE('',(#2388),#2406,.T.);
#2388 = FACE_BOUND('',#2389,.T.);
#2389 = EDGE_LOOP('',(#2390,#2398,#2404,#2405));
#2390 = ORIENTED_EDGE('',*,*,#2391,.T.);
#2391 = EDGE_CURVE('',#1245,#2392,#2394,.T.);
#2392 = VERTEX_POINT('',#2393);
#2393 = CARTESIAN_POINT('',(3.086901149463,91.291533647437,8.));
#2394 = LINE('',#2395,#2396);
#2395 = CARTESIAN_POINT('',(1.901596439961,91.104309862533,6.8));
#2396 = VECTOR('',#2397,1.);
#2397 = DIRECTION('',(0.698447498217,0.110322673254,0.707106781187));
#2398 = ORIENTED_EDGE('',*,*,#2399,.T.);
#2399 = EDGE_CURVE('',#2392,#2367,#2400,.T.);
#2400 = LINE('',#2401,#2402);
#2401 = CARTESIAN_POINT('',(5.837238328396,73.879282246825,8.));
#2402 = VECTOR('',#2403,1.);
#2403 = DIRECTION('',(-0.156019820753,0.987753924585,0.));
#2404 = ORIENTED_EDGE('',*,*,#2366,.F.);
#2405 = ORIENTED_EDGE('',*,*,#1252,.T.);
#2406 = PLANE('',#2407);
#2407 = AXIS2_PLACEMENT_3D('',#2408,#2409,#2410);
#2408 = CARTESIAN_POINT('',(5.244585973645,73.785670354373,7.4));
#2409 = DIRECTION('',(-0.698447498217,-0.110322673254,0.707106781187));
#2410 = DIRECTION('',(0.711449595159,2.081668171172E-17,0.702737129763)
  );
#2411 = ADVANCED_FACE('',(#2412),#2431,.T.);
#2412 = FACE_BOUND('',#2413,.T.);
#2413 = EDGE_LOOP('',(#2414,#2422,#2429,#2430));
#2414 = ORIENTED_EDGE('',*,*,#2415,.T.);
#2415 = EDGE_CURVE('',#1269,#2416,#2418,.T.);
#2416 = VERTEX_POINT('',#2417);
#2417 = CARTESIAN_POINT('',(4.517946490602,88.876691005736,8.));
#2418 = LINE('',#2419,#2420);
#2419 = CARTESIAN_POINT('',(3.784550836197,87.92688533398,6.8));
#2420 = VECTOR('',#2421,1.);
#2421 = DIRECTION('',(0.432157533769,0.559678359423,0.707106781187));
#2422 = ORIENTED_EDGE('',*,*,#2423,.T.);
#2423 = EDGE_CURVE('',#2416,#2392,#2424,.T.);
#2424 = CIRCLE('',#2425,3.8);
#2425 = AXIS2_PLACEMENT_3D('',#2426,#2427,#2428);
#2426 = CARTESIAN_POINT('',(6.840366062884,91.884408966296,8.));
#2427 = DIRECTION('',(0.,0.,-1.));
#2428 = DIRECTION('',(-0.987753924585,-0.156019820753,-0.));
#2429 = ORIENTED_EDGE('',*,*,#2391,.F.);
#2430 = ORIENTED_EDGE('',*,*,#1276,.T.);
#2431 = CONICAL_SURFACE('',#2432,4.4,0.785398163397);
#2432 = AXIS2_PLACEMENT_3D('',#2433,#2434,#2435);
#2433 = CARTESIAN_POINT('',(6.840366062884,91.884408966296,7.4));
#2434 = DIRECTION('',(0.,0.,-1.));
#2435 = DIRECTION('',(-0.987753924585,-0.156019820753,-0.));
#2436 = ADVANCED_FACE('',(#2437),#2455,.T.);
#2437 = FACE_BOUND('',#2438,.T.);
#2438 = EDGE_LOOP('',(#2439,#2447,#2453,#2454));
#2439 = ORIENTED_EDGE('',*,*,#2440,.T.);
#2440 = EDGE_CURVE('',#1294,#2441,#2443,.T.);
#2441 = VERTEX_POINT('',#2442);
#2442 = CARTESIAN_POINT('',(18.767784225263,77.873630715248,8.));
#2443 = LINE('',#2444,#2445);
#2444 = CARTESIAN_POINT('',(18.034388570858,76.923825043493,6.8));
#2445 = VECTOR('',#2446,1.);
#2446 = DIRECTION('',(0.432157533769,0.559678359423,0.707106781187));
#2447 = ORIENTED_EDGE('',*,*,#2448,.T.);
#2448 = EDGE_CURVE('',#2441,#2416,#2449,.T.);
#2449 = LINE('',#2450,#2451);
#2450 = CARTESIAN_POINT('',(32.959628211998,66.91535049291,8.));
#2451 = VECTOR('',#2452,1.);
#2452 = DIRECTION('',(-0.791504726463,0.611163045338,0.));
#2453 = ORIENTED_EDGE('',*,*,#2415,.F.);
#2454 = ORIENTED_EDGE('',*,*,#1301,.T.);
#2455 = PLANE('',#2456);
#2456 = AXIS2_PLACEMENT_3D('',#2457,#2458,#2459);
#2457 = CARTESIAN_POINT('',(32.592930384795,66.440447657032,7.4));
#2458 = DIRECTION('',(-0.432157533769,-0.559678359423,0.707106781187));
#2459 = DIRECTION('',(0.85326211602,5.551115123126E-17,0.521482273298));
#2460 = ADVANCED_FACE('',(#2461),#2480,.T.);
#2461 = FACE_BOUND('',#2462,.T.);
#2462 = EDGE_LOOP('',(#2463,#2471,#2478,#2479));
#2463 = ORIENTED_EDGE('',*,*,#2464,.T.);
#2464 = EDGE_CURVE('',#1318,#2465,#2467,.T.);
#2465 = VERTEX_POINT('',#2466);
#2466 = CARTESIAN_POINT('',(19.473491540509,77.542076272245,8.));
#2467 = LINE('',#2468,#2469);
#2468 = CARTESIAN_POINT('',(19.210567429601,76.371234305154,6.8));
#2469 = VECTOR('',#2470,1.);
#2470 = DIRECTION('',(0.154929518134,0.689925245524,0.707106781187));
#2471 = ORIENTED_EDGE('',*,*,#2472,.T.);
#2472 = EDGE_CURVE('',#2465,#2441,#2473,.T.);
#2473 = CIRCLE('',#2474,1.8);
#2474 = AXIS2_PLACEMENT_3D('',#2475,#2476,#2477);
#2475 = CARTESIAN_POINT('',(19.867877706871,79.298339222883,8.));
#2476 = DIRECTION('',(0.,0.,-1.));
#2477 = DIRECTION('',(-0.611163045338,-0.791504726463,-0.));
#2478 = ORIENTED_EDGE('',*,*,#2440,.F.);
#2479 = ORIENTED_EDGE('',*,*,#1325,.T.);
#2480 = CONICAL_SURFACE('',#2481,2.4,0.785398163397);
#2481 = AXIS2_PLACEMENT_3D('',#2482,#2483,#2484);
#2482 = CARTESIAN_POINT('',(19.867877706871,79.298339222883,7.4));
#2483 = DIRECTION('',(0.,0.,-1.));
#2484 = DIRECTION('',(-0.611163045338,-0.791504726463,-0.));
#2485 = ADVANCED_FACE('',(#2486),#2504,.T.);
#2486 = FACE_BOUND('',#2487,.T.);
#2487 = EDGE_LOOP('',(#2488,#2496,#2502,#2503));
#2488 = ORIENTED_EDGE('',*,*,#2489,.T.);
#2489 = EDGE_CURVE('',#1343,#2490,#2492,.T.);
#2490 = VERTEX_POINT('',#2491);
#2491 = CARTESIAN_POINT('',(27.762951965663,75.680596180605,8.));
#2492 = LINE('',#2493,#2494);
#2493 = CARTESIAN_POINT('',(27.500027854754,74.509754213513,6.8));
#2494 = VECTOR('',#2495,1.);
#2495 = DIRECTION('',(0.154929518134,0.689925245524,0.707106781187));
#2496 = ORIENTED_EDGE('',*,*,#2497,.T.);
#2497 = EDGE_CURVE('',#2490,#2465,#2498,.T.);
#2498 = LINE('',#2499,#2500);
#2499 = CARTESIAN_POINT('',(45.216261176104,71.761283467572,8.));
#2500 = VECTOR('',#2501,1.);
#2501 = DIRECTION('',(-0.975701639243,0.219103425757,0.));
#2502 = ORIENTED_EDGE('',*,*,#2464,.F.);
#2503 = ORIENTED_EDGE('',*,*,#1350,.T.);
#2504 = PLANE('',#2505);
#2505 = AXIS2_PLACEMENT_3D('',#2506,#2507,#2508);
#2506 = CARTESIAN_POINT('',(45.084799120649,71.175862484026,7.4));
#2507 = DIRECTION('',(-0.154929518134,-0.689925245524,0.707106781187));
#2508 = DIRECTION('',(0.976827890174,5.551115123126E-17,0.214026337113)
  );
#2509 = ADVANCED_FACE('',(#2510),#2529,.F.);
#2510 = FACE_BOUND('',#2511,.F.);
#2511 = EDGE_LOOP('',(#2512,#2513,#2514,#2523));
#2512 = ORIENTED_EDGE('',*,*,#1366,.F.);
#2513 = ORIENTED_EDGE('',*,*,#2489,.T.);
#2514 = ORIENTED_EDGE('',*,*,#2515,.F.);
#2515 = EDGE_CURVE('',#2516,#2490,#2518,.T.);
#2516 = VERTEX_POINT('',#2517);
#2517 = CARTESIAN_POINT('',(36.074615900733,71.775621629687,8.));
#2518 = CIRCLE('',#2519,21.2);
#2519 = AXIS2_PLACEMENT_3D('',#2520,#2521,#2522);
#2520 = CARTESIAN_POINT('',(23.117959339585,54.995721428659,8.));
#2521 = DIRECTION('',(0.,0.,1.));
#2522 = DIRECTION('',(0.611163045337,0.791504726464,-0.));
#2523 = ORIENTED_EDGE('',*,*,#2524,.F.);
#2524 = EDGE_CURVE('',#1367,#2516,#2525,.T.);
#2525 = LINE('',#2526,#2527);
#2526 = CARTESIAN_POINT('',(35.341220246328,70.825815957931,6.8));
#2527 = VECTOR('',#2528,1.);
#2528 = DIRECTION('',(0.432157533769,0.559678359424,0.707106781187));
#2529 = CONICAL_SURFACE('',#2530,20.6,0.785398163397);
#2530 = AXIS2_PLACEMENT_3D('',#2531,#2532,#2533);
#2531 = CARTESIAN_POINT('',(23.117959339585,54.995721428659,7.4));
#2532 = DIRECTION('',(0.,0.,1.));
#2533 = DIRECTION('',(0.611163045337,0.791504726464,-0.));
#2534 = ADVANCED_FACE('',(#2535),#2553,.T.);
#2535 = FACE_BOUND('',#2536,.T.);
#2536 = EDGE_LOOP('',(#2537,#2545,#2551,#2552));
#2537 = ORIENTED_EDGE('',*,*,#2538,.T.);
#2538 = EDGE_CURVE('',#1392,#2539,#2541,.T.);
#2539 = VERTEX_POINT('',#2540);
#2540 = CARTESIAN_POINT('',(63.158739635592,50.862524097029,8.));
#2541 = LINE('',#2542,#2543);
#2542 = CARTESIAN_POINT('',(62.425343981188,49.912718425273,6.8));
#2543 = VECTOR('',#2544,1.);
#2544 = DIRECTION('',(0.432157533769,0.559678359423,0.707106781187));
#2545 = ORIENTED_EDGE('',*,*,#2546,.T.);
#2546 = EDGE_CURVE('',#2539,#2516,#2547,.T.);
#2547 = LINE('',#2548,#2549);
#2548 = CARTESIAN_POINT('',(50.495268421673,60.640666125595,8.));
#2549 = VECTOR('',#2550,1.);
#2550 = DIRECTION('',(-0.791504726463,0.611163045337,0.));
#2551 = ORIENTED_EDGE('',*,*,#2524,.F.);
#2552 = ORIENTED_EDGE('',*,*,#1399,.T.);
#2553 = PLANE('',#2554);
#2554 = AXIS2_PLACEMENT_3D('',#2555,#2556,#2557);
#2555 = CARTESIAN_POINT('',(50.12857059447,60.165763289717,7.4));
#2556 = DIRECTION('',(-0.432157533769,-0.559678359424,0.707106781187));
#2557 = DIRECTION('',(0.853262116021,-1.942890293094E-16,0.521482273298)
  );
#2558 = ADVANCED_FACE('',(#2559),#2571,.F.);
#2559 = FACE_BOUND('',#2560,.F.);
#2560 = EDGE_LOOP('',(#2561,#2568,#2569,#2570));
#2561 = ORIENTED_EDGE('',*,*,#2562,.F.);
#2562 = EDGE_CURVE('',#1800,#2539,#2563,.T.);
#2563 = CIRCLE('',#2564,6.2);
#2564 = AXIS2_PLACEMENT_3D('',#2565,#2566,#2567);
#2565 = CARTESIAN_POINT('',(59.369528754501,45.955194792955,8.));
#2566 = DIRECTION('',(0.,0.,1.));
#2567 = DIRECTION('',(0.637110343621,0.770772605929,-0.));
#2568 = ORIENTED_EDGE('',*,*,#1807,.T.);
#2569 = ORIENTED_EDGE('',*,*,#1415,.F.);
#2570 = ORIENTED_EDGE('',*,*,#2538,.T.);
#2571 = CONICAL_SURFACE('',#2572,5.6,0.785398163397);
#2572 = AXIS2_PLACEMENT_3D('',#2573,#2574,#2575);
#2573 = CARTESIAN_POINT('',(59.369528754501,45.955194792955,7.4));
#2574 = DIRECTION('',(0.,0.,1.));
#2575 = DIRECTION('',(0.637110343621,0.770772605929,-0.));
#2576 = ADVANCED_FACE('',(#2577),#2593,.F.);
#2577 = FACE_BOUND('',#2578,.F.);
#2578 = EDGE_LOOP('',(#2579,#2585,#2586,#2592));
#2579 = ORIENTED_EDGE('',*,*,#2580,.T.);
#2580 = EDGE_CURVE('',#613,#2176,#2581,.T.);
#2581 = LINE('',#2582,#2583);
#2582 = CARTESIAN_POINT('',(42.675176790393,80.323872675481,
    4.105604745064E-13));
#2583 = VECTOR('',#2584,1.);
#2584 = DIRECTION('',(0.,0.,1.));
#2585 = ORIENTED_EDGE('',*,*,#2206,.T.);
#2586 = ORIENTED_EDGE('',*,*,#2587,.F.);
#2587 = EDGE_CURVE('',#642,#2207,#2588,.T.);
#2588 = LINE('',#2589,#2590);
#2589 = CARTESIAN_POINT('',(37.127547883227,86.978157964043,
    4.105604745064E-13));
#2590 = VECTOR('',#2591,1.);
#2591 = DIRECTION('',(0.,0.,1.));
#2592 = ORIENTED_EDGE('',*,*,#641,.T.);
#2593 = CYLINDRICAL_SURFACE('',#2594,20.);
#2594 = AXIS2_PLACEMENT_3D('',#2595,#2596,#2597);
#2595 = CARTESIAN_POINT('',(54.898437697137,96.153967204753,
    4.105604745064E-13));
#2596 = DIRECTION('',(0.,0.,1.));
#2597 = DIRECTION('',(-0.888544490695,-0.458790462035,0.));
#2598 = ADVANCED_FACE('',(#2599),#2610,.T.);
#2599 = FACE_BOUND('',#2600,.T.);
#2600 = EDGE_LOOP('',(#2601,#2602,#2603,#2604));
#2601 = ORIENTED_EDGE('',*,*,#620,.F.);
#2602 = ORIENTED_EDGE('',*,*,#2580,.T.);
#2603 = ORIENTED_EDGE('',*,*,#2192,.F.);
#2604 = ORIENTED_EDGE('',*,*,#2605,.F.);
#2605 = EDGE_CURVE('',#588,#2152,#2606,.T.);
#2606 = LINE('',#2607,#2608);
#2607 = CARTESIAN_POINT('',(69.759300525246,59.410775142831,
    4.105604745064E-13));
#2608 = VECTOR('',#2609,1.);
#2609 = DIRECTION('',(0.,0.,1.));
#2610 = PLANE('',#2611);
#2611 = AXIS2_PLACEMENT_3D('',#2612,#2613,#2614);
#2612 = CARTESIAN_POINT('',(69.890794950384,59.309241278755,
    4.105604745064E-13));
#2613 = DIRECTION('',(0.611163045337,0.791504726463,0.));
#2614 = DIRECTION('',(-0.791504726463,0.611163045337,0.));
#2615 = ADVANCED_FACE('',(#2616),#2627,.F.);
#2616 = FACE_BOUND('',#2617,.F.);
#2617 = EDGE_LOOP('',(#2618,#2624,#2625,#2626));
#2618 = ORIENTED_EDGE('',*,*,#2619,.F.);
#2619 = EDGE_CURVE('',#2112,#556,#2620,.T.);
#2620 = LINE('',#2621,#2622);
#2621 = CARTESIAN_POINT('',(70.028739134145,59.216659900698,
    4.105604745064E-13));
#2622 = VECTOR('',#2623,1.);
#2623 = DIRECTION('',(0.,0.,-1.));
#2624 = ORIENTED_EDGE('',*,*,#2159,.T.);
#2625 = ORIENTED_EDGE('',*,*,#2605,.F.);
#2626 = ORIENTED_EDGE('',*,*,#587,.T.);
#2627 = CYLINDRICAL_SURFACE('',#2628,5.);
#2628 = AXIS2_PLACEMENT_3D('',#2629,#2630,#2631);
#2629 = CARTESIAN_POINT('',(72.815115751932,63.368298775149,
    4.105604745064E-13));
#2630 = DIRECTION('',(0.,0.,1.));
#2631 = DIRECTION('',(-0.584541583421,-0.811363751502,0.));
#2632 = ADVANCED_FACE('',(#2633),#2644,.T.);
#2633 = FACE_BOUND('',#2634,.T.);
#2634 = EDGE_LOOP('',(#2635,#2636,#2637,#2638));
#2635 = ORIENTED_EDGE('',*,*,#563,.F.);
#2636 = ORIENTED_EDGE('',*,*,#2619,.F.);
#2637 = ORIENTED_EDGE('',*,*,#2128,.F.);
#2638 = ORIENTED_EDGE('',*,*,#2639,.F.);
#2639 = EDGE_CURVE('',#516,#2080,#2640,.T.);
#2640 = LINE('',#2641,#2642);
#2641 = CARTESIAN_POINT('',(104.05722133984,36.378409748394,
    4.105604745064E-13));
#2642 = VECTOR('',#2643,1.);
#2643 = DIRECTION('',(0.,0.,1.));
#2644 = PLANE('',#2645);
#2645 = AXIS2_PLACEMENT_3D('',#2646,#2647,#2648);
#2646 = CARTESIAN_POINT('',(104.37979207207,36.161916076126,
    4.105604745064E-13));
#2647 = DIRECTION('',(0.557275323557,0.83032777489,0.));
#2648 = DIRECTION('',(-0.83032777489,0.557275323557,0.));
#2649 = ADVANCED_FACE('',(#2650),#2661,.T.);
#2650 = FACE_BOUND('',#2651,.T.);
#2651 = EDGE_LOOP('',(#2652,#2653,#2654,#2655));
#2652 = ORIENTED_EDGE('',*,*,#523,.F.);
#2653 = ORIENTED_EDGE('',*,*,#2639,.T.);
#2654 = ORIENTED_EDGE('',*,*,#2079,.F.);
#2655 = ORIENTED_EDGE('',*,*,#2656,.T.);
#2656 = EDGE_CURVE('',#2048,#492,#2657,.T.);
#2657 = LINE('',#2658,#2659);
#2658 = CARTESIAN_POINT('',(104.66505151536,35.898195698761,
    4.105604745064E-13));
#2659 = VECTOR('',#2660,1.);
#2660 = DIRECTION('',(0.,0.,-1.));
#2661 = CYLINDRICAL_SURFACE('',#2662,5.);
#2662 = AXIS2_PLACEMENT_3D('',#2663,#2664,#2665);
#2663 = CARTESIAN_POINT('',(101.27084472205,32.226770873944,
    4.105604745064E-13));
#2664 = DIRECTION('',(0.,0.,1.));
#2665 = DIRECTION('',(0.619921098487,0.784664152138,-0.));
#2666 = ADVANCED_FACE('',(#2667),#2678,.T.);
#2667 = FACE_BOUND('',#2668,.T.);
#2668 = EDGE_LOOP('',(#2669,#2670,#2671,#2672));
#2669 = ORIENTED_EDGE('',*,*,#499,.F.);
#2670 = ORIENTED_EDGE('',*,*,#2656,.F.);
#2671 = ORIENTED_EDGE('',*,*,#2064,.F.);
#2672 = ORIENTED_EDGE('',*,*,#2673,.F.);
#2673 = EDGE_CURVE('',#452,#2015,#2674,.T.);
#2674 = LINE('',#2675,#2676);
#2675 = CARTESIAN_POINT('',(132.96859738813,9.73176379293,
    4.105604745064E-13));
#2676 = VECTOR('',#2677,1.);
#2677 = DIRECTION('',(0.,0.,1.));
#2678 = PLANE('',#2679);
#2679 = AXIS2_PLACEMENT_3D('',#2680,#2681,#2682);
#2680 = CARTESIAN_POINT('',(132.96859738813,9.73176379293,
    4.105604745064E-13));
#2681 = DIRECTION('',(0.678841358661,0.734284964963,0.));
#2682 = DIRECTION('',(-0.734284964963,0.678841358661,0.));
#2683 = ADVANCED_FACE('',(#2684),#2695,.T.);
#2684 = FACE_BOUND('',#2685,.T.);
#2685 = EDGE_LOOP('',(#2686,#2687,#2688,#2689));
#2686 = ORIENTED_EDGE('',*,*,#459,.F.);
#2687 = ORIENTED_EDGE('',*,*,#2673,.T.);
#2688 = ORIENTED_EDGE('',*,*,#2032,.F.);
#2689 = ORIENTED_EDGE('',*,*,#2690,.F.);
#2690 = EDGE_CURVE('',#428,#1984,#2691,.T.);
#2691 = LINE('',#2692,#2693);
#2692 = CARTESIAN_POINT('',(134.27752088294,7.757561844757,
    4.105604745064E-13));
#2693 = VECTOR('',#2694,1.);
#2694 = DIRECTION('',(0.,0.,1.));
#2695 = CYLINDRICAL_SURFACE('',#2696,5.);
#2696 = AXIS2_PLACEMENT_3D('',#2697,#2698,#2699);
#2697 = CARTESIAN_POINT('',(129.57439059482,6.060338968113,
    4.105604745064E-13));
#2698 = DIRECTION('',(0.,0.,1.));
#2699 = DIRECTION('',(0.940626057623,0.339444575329,-0.));
#2700 = ADVANCED_FACE('',(#2701),#2712,.T.);
#2701 = FACE_BOUND('',#2702,.T.);
#2702 = EDGE_LOOP('',(#2703,#2704,#2705,#2706));
#2703 = ORIENTED_EDGE('',*,*,#435,.F.);
#2704 = ORIENTED_EDGE('',*,*,#2690,.T.);
#2705 = ORIENTED_EDGE('',*,*,#2000,.F.);
#2706 = ORIENTED_EDGE('',*,*,#2707,.F.);
#2707 = EDGE_CURVE('',#388,#1951,#2708,.T.);
#2708 = LINE('',#2709,#2710);
#2709 = CARTESIAN_POINT('',(136.35194937404,2.009166862993,
    4.105604745064E-13));
#2710 = VECTOR('',#2711,1.);
#2711 = DIRECTION('',(0.,0.,1.));
#2712 = PLANE('',#2713);
#2713 = AXIS2_PLACEMENT_3D('',#2714,#2715,#2716);
#2714 = CARTESIAN_POINT('',(136.35194937404,2.009166862993,
    4.105604745064E-13));
#2715 = DIRECTION('',(0.940626057623,0.339444575329,0.));
#2716 = DIRECTION('',(-0.339444575329,0.940626057623,0.));
#2717 = ADVANCED_FACE('',(#2718),#2729,.T.);
#2718 = FACE_BOUND('',#2719,.T.);
#2719 = EDGE_LOOP('',(#2720,#2721,#2722,#2723));
#2720 = ORIENTED_EDGE('',*,*,#395,.F.);
#2721 = ORIENTED_EDGE('',*,*,#2707,.T.);
#2722 = ORIENTED_EDGE('',*,*,#1968,.F.);
#2723 = ORIENTED_EDGE('',*,*,#2724,.F.);
#2724 = EDGE_CURVE('',#357,#1920,#2725,.T.);
#2725 = LINE('',#2726,#2727);
#2726 = CARTESIAN_POINT('',(134.80531351567,6.150480775724E-03,
    4.105604745064E-13));
#2727 = VECTOR('',#2728,1.);
#2728 = DIRECTION('',(0.,0.,1.));
#2729 = CYLINDRICAL_SURFACE('',#2730,1.5);
#2730 = AXIS2_PLACEMENT_3D('',#2731,#2732,#2733);
#2731 = CARTESIAN_POINT('',(134.9410102876,1.5,4.105604745064E-13));
#2732 = DIRECTION('',(0.,0.,1.));
#2733 = DIRECTION('',(-9.046451462291E-02,-0.995899679483,0.));
#2734 = ADVANCED_FACE('',(#2735),#2746,.T.);
#2735 = FACE_BOUND('',#2736,.T.);
#2736 = EDGE_LOOP('',(#2737,#2738,#2739,#2740));
#2737 = ORIENTED_EDGE('',*,*,#364,.F.);
#2738 = ORIENTED_EDGE('',*,*,#2724,.T.);
#2739 = ORIENTED_EDGE('',*,*,#1936,.F.);
#2740 = ORIENTED_EDGE('',*,*,#2741,.F.);
#2741 = EDGE_CURVE('',#324,#1887,#2742,.T.);
#2742 = LINE('',#2743,#2744);
#2743 = CARTESIAN_POINT('',(128.71912796565,0.559001167479,
    4.105604745064E-13));
#2744 = VECTOR('',#2745,1.);
#2745 = DIRECTION('',(0.,0.,1.));
#2746 = PLANE('',#2747);
#2747 = AXIS2_PLACEMENT_3D('',#2748,#2749,#2750);
#2748 = CARTESIAN_POINT('',(128.71912796565,0.559001167479,
    4.105604745064E-13));
#2749 = DIRECTION('',(-9.046451462329E-02,-0.995899679483,0.));
#2750 = DIRECTION('',(0.995899679483,-9.046451462329E-02,0.));
#2751 = ADVANCED_FACE('',(#2752),#2763,.T.);
#2752 = FACE_BOUND('',#2753,.T.);
#2753 = EDGE_LOOP('',(#2754,#2755,#2756,#2757));
#2754 = ORIENTED_EDGE('',*,*,#331,.F.);
#2755 = ORIENTED_EDGE('',*,*,#2741,.T.);
#2756 = ORIENTED_EDGE('',*,*,#1904,.F.);
#2757 = ORIENTED_EDGE('',*,*,#2758,.F.);
#2758 = EDGE_CURVE('',#293,#1856,#2759,.T.);
#2759 = LINE('',#2760,#2761);
#2760 = CARTESIAN_POINT('',(126.47802864249,1.325961317153,
    4.105604745064E-13));
#2761 = VECTOR('',#2762,1.);
#2762 = DIRECTION('',(0.,0.,1.));
#2763 = CYLINDRICAL_SURFACE('',#2764,5.);
#2764 = AXIS2_PLACEMENT_3D('',#2765,#2766,#2767);
#2765 = CARTESIAN_POINT('',(129.17145053877,5.538499564893,
    4.105604745064E-13));
#2766 = DIRECTION('',(0.,0.,1.));
#2767 = DIRECTION('',(-0.538684379255,-0.842507649548,0.));
#2768 = ADVANCED_FACE('',(#2769),#2780,.T.);
#2769 = FACE_BOUND('',#2770,.T.);
#2770 = EDGE_LOOP('',(#2771,#2772,#2773,#2774));
#2771 = ORIENTED_EDGE('',*,*,#300,.F.);
#2772 = ORIENTED_EDGE('',*,*,#2758,.T.);
#2773 = ORIENTED_EDGE('',*,*,#1872,.F.);
#2774 = ORIENTED_EDGE('',*,*,#2775,.F.);
#2775 = EDGE_CURVE('',#260,#1824,#2776,.T.);
#2776 = LINE('',#2777,#2778);
#2777 = CARTESIAN_POINT('',(94.002960998523,22.089940925446,
    4.105604745064E-13));
#2778 = VECTOR('',#2779,1.);
#2779 = DIRECTION('',(0.,0.,1.));
#2780 = PLANE('',#2781);
#2781 = AXIS2_PLACEMENT_3D('',#2782,#2783,#2784);
#2782 = CARTESIAN_POINT('',(93.675658555267,22.299212275764,
    4.105604745064E-13));
#2783 = DIRECTION('',(-0.538684379255,-0.842507649548,0.));
#2784 = DIRECTION('',(0.842507649548,-0.538684379255,0.));
#2785 = ADVANCED_FACE('',(#2786),#2792,.T.);
#2786 = FACE_BOUND('',#2787,.T.);
#2787 = EDGE_LOOP('',(#2788,#2789,#2790,#2791));
#2788 = ORIENTED_EDGE('',*,*,#267,.F.);
#2789 = ORIENTED_EDGE('',*,*,#2775,.T.);
#2790 = ORIENTED_EDGE('',*,*,#1823,.F.);
#2791 = ORIENTED_EDGE('',*,*,#1440,.T.);
#2792 = CYLINDRICAL_SURFACE('',#2793,5.);
#2793 = AXIS2_PLACEMENT_3D('',#2794,#2795,#2796);
#2794 = CARTESIAN_POINT('',(96.696382894796,26.302479173187,
    4.105604745064E-13));
#2795 = DIRECTION('',(0.,0.,1.));
#2796 = DIRECTION('',(-0.602329515415,-0.798247552367,0.));
#2797 = ADVANCED_FACE('',(#2798,#2828,#2831,#2834,#2845,#2881,#2892,
    #2996,#3032,#3068),#3104,.T.);
#2798 = FACE_BOUND('',#2799,.T.);
#2799 = EDGE_LOOP('',(#2800,#2801,#2802,#2803,#2804,#2805,#2806,#2807,
    #2808,#2809,#2810,#2811,#2812,#2813,#2814,#2815,#2816,#2817,#2818,
    #2819,#2820,#2821,#2822,#2823,#2824,#2825,#2826,#2827));
#2800 = ORIENTED_EDGE('',*,*,#1799,.F.);
#2801 = ORIENTED_EDGE('',*,*,#1840,.F.);
#2802 = ORIENTED_EDGE('',*,*,#1865,.F.);
#2803 = ORIENTED_EDGE('',*,*,#1896,.F.);
#2804 = ORIENTED_EDGE('',*,*,#1929,.F.);
#2805 = ORIENTED_EDGE('',*,*,#1960,.F.);
#2806 = ORIENTED_EDGE('',*,*,#1993,.F.);
#2807 = ORIENTED_EDGE('',*,*,#2024,.F.);
#2808 = ORIENTED_EDGE('',*,*,#2057,.F.);
#2809 = ORIENTED_EDGE('',*,*,#2096,.F.);
#2810 = ORIENTED_EDGE('',*,*,#2121,.F.);
#2811 = ORIENTED_EDGE('',*,*,#2142,.F.);
#2812 = ORIENTED_EDGE('',*,*,#2185,.F.);
#2813 = ORIENTED_EDGE('',*,*,#2216,.F.);
#2814 = ORIENTED_EDGE('',*,*,#2247,.F.);
#2815 = ORIENTED_EDGE('',*,*,#2276,.F.);
#2816 = ORIENTED_EDGE('',*,*,#2301,.F.);
#2817 = ORIENTED_EDGE('',*,*,#2325,.F.);
#2818 = ORIENTED_EDGE('',*,*,#2350,.F.);
#2819 = ORIENTED_EDGE('',*,*,#2374,.F.);
#2820 = ORIENTED_EDGE('',*,*,#2399,.F.);
#2821 = ORIENTED_EDGE('',*,*,#2423,.F.);
#2822 = ORIENTED_EDGE('',*,*,#2448,.F.);
#2823 = ORIENTED_EDGE('',*,*,#2472,.F.);
#2824 = ORIENTED_EDGE('',*,*,#2497,.F.);
#2825 = ORIENTED_EDGE('',*,*,#2515,.F.);
#2826 = ORIENTED_EDGE('',*,*,#2546,.F.);
#2827 = ORIENTED_EDGE('',*,*,#2562,.F.);
#2828 = FACE_BOUND('',#2829,.T.);
#2829 = EDGE_LOOP('',(#2830));
#2830 = ORIENTED_EDGE('',*,*,#39,.T.);
#2831 = FACE_BOUND('',#2832,.T.);
#2832 = EDGE_LOOP('',(#2833));
#2833 = ORIENTED_EDGE('',*,*,#92,.T.);
#2834 = FACE_BOUND('',#2835,.T.);
#2835 = EDGE_LOOP('',(#2836));
#2836 = ORIENTED_EDGE('',*,*,#2837,.T.);
#2837 = EDGE_CURVE('',#2838,#2838,#2840,.T.);
#2838 = VERTEX_POINT('',#2839);
#2839 = CARTESIAN_POINT('',(97.52772531367,29.230564175944,8.));
#2840 = CIRCLE('',#2841,1.5);
#2841 = AXIS2_PLACEMENT_3D('',#2842,#2843,#2844);
#2842 = CARTESIAN_POINT('',(99.02772531367,29.230564175944,8.));
#2843 = DIRECTION('',(0.,0.,-1.));
#2844 = DIRECTION('',(1.,0.,0.));
#2845 = FACE_BOUND('',#2846,.T.);
#2846 = EDGE_LOOP('',(#2847,#2857,#2866,#2874));
#2847 = ORIENTED_EDGE('',*,*,#2848,.T.);
#2848 = EDGE_CURVE('',#2849,#2851,#2853,.T.);
#2849 = VERTEX_POINT('',#2850);
#2850 = CARTESIAN_POINT('',(10.572191325334,90.384841164366,8.));
#2851 = VERTEX_POINT('',#2852);
#2852 = CARTESIAN_POINT('',(12.059945165124,90.576122402848,8.));
#2853 = LINE('',#2854,#2855);
#2854 = CARTESIAN_POINT('',(12.059945165124,90.576122402848,8.));
#2855 = VECTOR('',#2856,1.);
#2856 = DIRECTION('',(0.991835893192,0.127520825655,0.));
#2857 = ORIENTED_EDGE('',*,*,#2858,.T.);
#2858 = EDGE_CURVE('',#2851,#2859,#2861,.T.);
#2859 = VERTEX_POINT('',#2860);
#2860 = CARTESIAN_POINT('',(12.442507642091,87.600614723272,8.));
#2861 = CIRCLE('',#2862,1.5);
#2862 = AXIS2_PLACEMENT_3D('',#2863,#2864,#2865);
#2863 = CARTESIAN_POINT('',(12.251226403607,89.08836856306,8.));
#2864 = DIRECTION('',(0.,0.,-1.));
#2865 = DIRECTION('',(0.127520825656,-0.991835893192,0.));
#2866 = ORIENTED_EDGE('',*,*,#2867,.T.);
#2867 = EDGE_CURVE('',#2859,#2868,#2870,.T.);
#2868 = VERTEX_POINT('',#2869);
#2869 = CARTESIAN_POINT('',(10.954753802302,87.409333484789,8.));
#2870 = LINE('',#2871,#2872);
#2871 = CARTESIAN_POINT('',(12.442507642091,87.600614723272,8.));
#2872 = VECTOR('',#2873,1.);
#2873 = DIRECTION('',(-0.991835893192,-0.127520825655,0.));
#2874 = ORIENTED_EDGE('',*,*,#2875,.T.);
#2875 = EDGE_CURVE('',#2868,#2849,#2876,.T.);
#2876 = CIRCLE('',#2877,1.5);
#2877 = AXIS2_PLACEMENT_3D('',#2878,#2879,#2880);
#2878 = CARTESIAN_POINT('',(10.763472563819,88.897087324577,8.));
#2879 = DIRECTION('',(0.,0.,-1.));
#2880 = DIRECTION('',(-0.127520825656,0.991835893192,0.));
#2881 = FACE_BOUND('',#2882,.T.);
#2882 = EDGE_LOOP('',(#2883));
#2883 = ORIENTED_EDGE('',*,*,#2884,.T.);
#2884 = EDGE_CURVE('',#2885,#2885,#2887,.T.);
#2885 = VERTEX_POINT('',#2886);
#2886 = CARTESIAN_POINT('',(16.685913549144,90.108535168305,8.));
#2887 = CIRCLE('',#2888,3.5);
#2888 = AXIS2_PLACEMENT_3D('',#2889,#2890,#2891);
#2889 = CARTESIAN_POINT('',(20.185913549144,90.108535168305,8.));
#2890 = DIRECTION('',(0.,0.,-1.));
#2891 = DIRECTION('',(1.,0.,0.));
#2892 = FACE_BOUND('',#2893,.T.);
#2893 = EDGE_LOOP('',(#2894,#2905,#2913,#2922,#2930,#2939,#2947,#2956,
    #2964,#2973,#2981,#2990));
#2894 = ORIENTED_EDGE('',*,*,#2895,.T.);
#2895 = EDGE_CURVE('',#2896,#2898,#2900,.T.);
#2896 = VERTEX_POINT('',#2897);
#2897 = CARTESIAN_POINT('',(14.876079974411,103.90876336108,8.));
#2898 = VERTEX_POINT('',#2899);
#2899 = CARTESIAN_POINT('',(15.246748837026,102.92750588885,8.));
#2900 = CIRCLE('',#2901,1.);
#2901 = AXIS2_PLACEMENT_3D('',#2902,#2903,#2904);
#2902 = CARTESIAN_POINT('',(14.264916929074,103.11725863462,8.));
#2903 = DIRECTION('',(0.,0.,-1.));
#2904 = DIRECTION('',(0.981831907952,-0.189752745771,0.));
#2905 = ORIENTED_EDGE('',*,*,#2906,.T.);
#2906 = EDGE_CURVE('',#2898,#2907,#2909,.T.);
#2907 = VERTEX_POINT('',#2908);
#2908 = CARTESIAN_POINT('',(13.827945355637,95.586233837788,8.));
#2909 = LINE('',#2910,#2911);
#2910 = CARTESIAN_POINT('',(15.246748837026,102.92750588885,8.));
#2911 = VECTOR('',#2912,1.);
#2912 = DIRECTION('',(-0.189752745771,-0.981831907952,0.));
#2913 = ORIENTED_EDGE('',*,*,#2914,.T.);
#2914 = EDGE_CURVE('',#2907,#2915,#2917,.T.);
#2915 = VERTEX_POINT('',#2916);
#2916 = CARTESIAN_POINT('',(13.278058514966,94.874086667352,8.));
#2917 = CIRCLE('',#2918,1.);
#2918 = AXIS2_PLACEMENT_3D('',#2919,#2920,#2921);
#2919 = CARTESIAN_POINT('',(12.846113447685,95.775986583558,8.));
#2920 = DIRECTION('',(0.,0.,-1.));
#2921 = DIRECTION('',(0.431945067281,-0.901899916206,0.));
#2922 = ORIENTED_EDGE('',*,*,#2923,.T.);
#2923 = EDGE_CURVE('',#2915,#2924,#2926,.T.);
#2924 = VERTEX_POINT('',#2925);
#2925 = CARTESIAN_POINT('',(6.534447318305,91.644382861299,8.));
#2926 = LINE('',#2927,#2928);
#2927 = CARTESIAN_POINT('',(6.534447318305,91.644382861299,8.));
#2928 = VECTOR('',#2929,1.);
#2929 = DIRECTION('',(-0.901899916206,-0.43194506728,0.));
#2930 = ORIENTED_EDGE('',*,*,#2931,.T.);
#2931 = EDGE_CURVE('',#2924,#2932,#2934,.T.);
#2932 = VERTEX_POINT('',#2933);
#2933 = CARTESIAN_POINT('',(5.491339205686,91.754778051042,8.));
#2934 = CIRCLE('',#2935,1.);
#2935 = AXIS2_PLACEMENT_3D('',#2936,#2937,#2938);
#2936 = CARTESIAN_POINT('',(6.102502251024,92.546282777505,8.));
#2937 = DIRECTION('',(0.,0.,-1.));
#2938 = DIRECTION('',(-0.611163045338,-0.791504726463,-0.));
#2939 = ORIENTED_EDGE('',*,*,#2940,.T.);
#2940 = EDGE_CURVE('',#2932,#2941,#2943,.T.);
#2941 = VERTEX_POINT('',#2942);
#2942 = CARTESIAN_POINT('',(5.059602748578,92.08814481322,8.));
#2943 = LINE('',#2944,#2945);
#2944 = CARTESIAN_POINT('',(5.059602748578,92.08814481322,8.));
#2945 = VECTOR('',#2946,1.);
#2946 = DIRECTION('',(-0.791504726463,0.611163045338,0.));
#2947 = ORIENTED_EDGE('',*,*,#2948,.T.);
#2948 = EDGE_CURVE('',#2941,#2949,#2951,.T.);
#2949 = VERTEX_POINT('',#2950);
#2950 = CARTESIAN_POINT('',(4.683011869332,92.723629718931,8.));
#2951 = CIRCLE('',#2952,1.);
#2952 = AXIS2_PLACEMENT_3D('',#2953,#2954,#2955);
#2953 = CARTESIAN_POINT('',(5.670765793916,92.879649539683,8.));
#2954 = DIRECTION('',(0.,0.,-1.));
#2955 = DIRECTION('',(-0.987753924585,-0.156019820752,-0.));
#2956 = ORIENTED_EDGE('',*,*,#2957,.T.);
#2957 = EDGE_CURVE('',#2949,#2958,#2960,.T.);
#2958 = VERTEX_POINT('',#2959);
#2959 = CARTESIAN_POINT('',(3.165272657706,102.33236311927,8.));
#2960 = LINE('',#2961,#2962);
#2961 = CARTESIAN_POINT('',(3.165272657705,102.33236311927,8.));
#2962 = VECTOR('',#2963,1.);
#2963 = DIRECTION('',(-0.156019820753,0.987753924585,0.));
#2964 = ORIENTED_EDGE('',*,*,#2965,.T.);
#2965 = EDGE_CURVE('',#2958,#2966,#2968,.T.);
#2966 = VERTEX_POINT('',#2967);
#2967 = CARTESIAN_POINT('',(4.054110448034,103.48347871349,8.));
#2968 = CIRCLE('',#2969,1.);
#2969 = AXIS2_PLACEMENT_3D('',#2970,#2971,#2972);
#2970 = CARTESIAN_POINT('',(4.153026582291,102.48838294002,8.));
#2971 = DIRECTION('',(0.,0.,-1.));
#2972 = DIRECTION('',(-9.891613425665E-02,0.995095773473,0.));
#2973 = ORIENTED_EDGE('',*,*,#2974,.T.);
#2974 = EDGE_CURVE('',#2966,#2975,#2977,.T.);
#2975 = VERTEX_POINT('',#2976);
#2976 = CARTESIAN_POINT('',(13.734264337705,104.44572117027,8.));
#2977 = LINE('',#2978,#2979);
#2978 = CARTESIAN_POINT('',(4.054110448034,103.48347871349,8.));
#2979 = VECTOR('',#2980,1.);
#2980 = DIRECTION('',(0.995095773473,9.891613425893E-02,0.));
#2981 = ORIENTED_EDGE('',*,*,#2982,.T.);
#2982 = EDGE_CURVE('',#2975,#2983,#2985,.T.);
#2983 = VERTEX_POINT('',#2984);
#2984 = CARTESIAN_POINT('',(14.444343517301,104.24213012326,8.));
#2985 = CIRCLE('',#2986,1.);
#2986 = AXIS2_PLACEMENT_3D('',#2987,#2988,#2989);
#2987 = CARTESIAN_POINT('',(13.833180471963,103.4506253968,8.));
#2988 = DIRECTION('',(0.,0.,-1.));
#2989 = DIRECTION('',(0.611163045337,0.791504726463,0.));
#2990 = ORIENTED_EDGE('',*,*,#2991,.T.);
#2991 = EDGE_CURVE('',#2983,#2896,#2992,.T.);
#2992 = LINE('',#2993,#2994);
#2993 = CARTESIAN_POINT('',(14.444343517301,104.24213012326,8.));
#2994 = VECTOR('',#2995,1.);
#2995 = DIRECTION('',(0.791504726463,-0.611163045338,0.));
#2996 = FACE_BOUND('',#2997,.T.);
#2997 = EDGE_LOOP('',(#2998,#3009,#3017,#3026));
#2998 = ORIENTED_EDGE('',*,*,#2999,.T.);
#2999 = EDGE_CURVE('',#3000,#3002,#3004,.T.);
#3000 = VERTEX_POINT('',#3001);
#3001 = CARTESIAN_POINT('',(20.6535007837,98.234503552319,8.));
#3002 = VERTEX_POINT('',#3003);
#3003 = CARTESIAN_POINT('',(17.677993104122,97.851941075359,8.));
#3004 = CIRCLE('',#3005,1.5);
#3005 = AXIS2_PLACEMENT_3D('',#3006,#3007,#3008);
#3006 = CARTESIAN_POINT('',(19.165746943911,98.043222313839,8.));
#3007 = DIRECTION('',(0.,0.,-1.));
#3008 = DIRECTION('',(-0.991835893192,-0.127520825654,-0.));
#3009 = ORIENTED_EDGE('',*,*,#3010,.T.);
#3010 = EDGE_CURVE('',#3002,#3011,#3013,.T.);
#3011 = VERTEX_POINT('',#3012);
#3012 = CARTESIAN_POINT('',(17.486711868492,99.339694892978,8.));
#3013 = LINE('',#3014,#3015);
#3014 = CARTESIAN_POINT('',(17.677993104122,97.851941075359,8.));
#3015 = VECTOR('',#3016,1.);
#3016 = DIRECTION('',(-0.127520825654,0.991835893192,0.));
#3017 = ORIENTED_EDGE('',*,*,#3018,.T.);
#3018 = EDGE_CURVE('',#3011,#3019,#3021,.T.);
#3019 = VERTEX_POINT('',#3020);
#3020 = CARTESIAN_POINT('',(20.462219545219,99.722257392107,8.));
#3021 = CIRCLE('',#3022,1.5);
#3022 = AXIS2_PLACEMENT_3D('',#3023,#3024,#3025);
#3023 = CARTESIAN_POINT('',(18.97446570543,99.530976153627,8.));
#3024 = DIRECTION('',(0.,0.,-1.));
#3025 = DIRECTION('',(0.991835893192,0.127520825653,0.));
#3026 = ORIENTED_EDGE('',*,*,#3027,.T.);
#3027 = EDGE_CURVE('',#3019,#3000,#3028,.T.);
#3028 = LINE('',#3029,#3030);
#3029 = CARTESIAN_POINT('',(20.653500783701,98.23450355232,8.));
#3030 = VECTOR('',#3031,1.);
#3031 = DIRECTION('',(0.127520825655,-0.991835893192,0.));
#3032 = FACE_BOUND('',#3033,.T.);
#3033 = EDGE_LOOP('',(#3034,#3045,#3053,#3062));
#3034 = ORIENTED_EDGE('',*,*,#3035,.T.);
#3035 = EDGE_CURVE('',#3036,#3038,#3040,.T.);
#3036 = VERTEX_POINT('',#3037);
#3037 = CARTESIAN_POINT('',(19.718326314596,81.982566784282,8.));
#3038 = VERTEX_POINT('',#3039);
#3039 = CARTESIAN_POINT('',(22.693833994173,82.365129261245,8.));
#3040 = CIRCLE('',#3041,1.5);
#3041 = AXIS2_PLACEMENT_3D('',#3042,#3043,#3044);
#3042 = CARTESIAN_POINT('',(21.206080154384,82.173848022765,8.));
#3043 = DIRECTION('',(0.,0.,-1.));
#3044 = DIRECTION('',(0.991835893192,0.127520825653,0.));
#3045 = ORIENTED_EDGE('',*,*,#3046,.T.);
#3046 = EDGE_CURVE('',#3038,#3047,#3049,.T.);
#3047 = VERTEX_POINT('',#3048);
#3048 = CARTESIAN_POINT('',(22.885115229804,80.877375443627,8.));
#3049 = LINE('',#3050,#3051);
#3050 = CARTESIAN_POINT('',(22.693833994173,82.365129261245,8.));
#3051 = VECTOR('',#3052,1.);
#3052 = DIRECTION('',(0.127520825654,-0.991835893192,0.));
#3053 = ORIENTED_EDGE('',*,*,#3054,.T.);
#3054 = EDGE_CURVE('',#3047,#3055,#3057,.T.);
#3055 = VERTEX_POINT('',#3056);
#3056 = CARTESIAN_POINT('',(19.909607553078,80.494812944492,8.));
#3057 = CIRCLE('',#3058,1.5);
#3058 = AXIS2_PLACEMENT_3D('',#3059,#3060,#3061);
#3059 = CARTESIAN_POINT('',(21.397361392866,80.686094182975,8.));
#3060 = DIRECTION('',(0.,0.,-1.));
#3061 = DIRECTION('',(-0.991835893192,-0.127520825655,-0.));
#3062 = ORIENTED_EDGE('',*,*,#3063,.T.);
#3063 = EDGE_CURVE('',#3055,#3036,#3064,.T.);
#3064 = LINE('',#3065,#3066);
#3065 = CARTESIAN_POINT('',(19.718326314596,81.982566784282,8.));
#3066 = VECTOR('',#3067,1.);
#3067 = DIRECTION('',(-0.127520825654,0.991835893192,0.));
#3068 = FACE_BOUND('',#3069,.T.);
#3069 = EDGE_LOOP('',(#3070,#3081,#3089,#3098));
#3070 = ORIENTED_EDGE('',*,*,#3071,.T.);
#3071 = EDGE_CURVE('',#3072,#3074,#3076,.T.);
#3072 = VERTEX_POINT('',#3073);
#3073 = CARTESIAN_POINT('',(28.311881933163,89.640947933763,8.));
#3074 = VERTEX_POINT('',#3075);
#3075 = CARTESIAN_POINT('',(27.929319456195,92.61645561334,8.));
#3076 = CIRCLE('',#3077,1.5);
#3077 = AXIS2_PLACEMENT_3D('',#3078,#3079,#3080);
#3078 = CARTESIAN_POINT('',(28.120600694679,91.128701773551,8.));
#3079 = DIRECTION('',(0.,0.,-1.));
#3080 = DIRECTION('',(-0.127520825656,0.991835893192,0.));
#3081 = ORIENTED_EDGE('',*,*,#3082,.T.);
#3082 = EDGE_CURVE('',#3074,#3083,#3085,.T.);
#3083 = VERTEX_POINT('',#3084);
#3084 = CARTESIAN_POINT('',(29.41707329598,92.807736851824,8.));
#3085 = LINE('',#3086,#3087);
#3086 = CARTESIAN_POINT('',(27.929319456195,92.616455613341,8.));
#3087 = VECTOR('',#3088,1.);
#3088 = DIRECTION('',(0.991835893192,0.127520825656,0.));
#3089 = ORIENTED_EDGE('',*,*,#3090,.T.);
#3090 = EDGE_CURVE('',#3083,#3091,#3093,.T.);
#3091 = VERTEX_POINT('',#3092);
#3092 = CARTESIAN_POINT('',(29.799635772952,89.832229172248,8.));
#3093 = CIRCLE('',#3094,1.5);
#3094 = AXIS2_PLACEMENT_3D('',#3095,#3096,#3097);
#3095 = CARTESIAN_POINT('',(29.608354534466,91.319983012036,8.));
#3096 = DIRECTION('',(0.,0.,-1.));
#3097 = DIRECTION('',(0.127520825657,-0.991835893192,0.));
#3098 = ORIENTED_EDGE('',*,*,#3099,.T.);
#3099 = EDGE_CURVE('',#3091,#3072,#3100,.T.);
#3100 = LINE('',#3101,#3102);
#3101 = CARTESIAN_POINT('',(28.311881933165,89.640947933762,8.));
#3102 = VECTOR('',#3103,1.);
#3103 = DIRECTION('',(-0.991835893192,-0.127520825657,0.));
#3104 = PLANE('',#3105);
#3105 = AXIS2_PLACEMENT_3D('',#3106,#3107,#3108);
#3106 = CARTESIAN_POINT('',(68.220505143804,53.785409851022,8.));
#3107 = DIRECTION('',(0.,0.,1.));
#3108 = DIRECTION('',(1.,0.,-0.));
#3109 = ADVANCED_FACE('',(#3110),#3121,.F.);
#3110 = FACE_BOUND('',#3111,.F.);
#3111 = EDGE_LOOP('',(#3112,#3118,#3119,#3120));
#3112 = ORIENTED_EDGE('',*,*,#3113,.T.);
#3113 = EDGE_CURVE('',#2838,#1494,#3114,.T.);
#3114 = LINE('',#3115,#3116);
#3115 = CARTESIAN_POINT('',(97.52772531367,29.230564175944,
    4.105604745064E-13));
#3116 = VECTOR('',#3117,1.);
#3117 = DIRECTION('',(0.,0.,-1.));
#3118 = ORIENTED_EDGE('',*,*,#1493,.F.);
#3119 = ORIENTED_EDGE('',*,*,#3113,.F.);
#3120 = ORIENTED_EDGE('',*,*,#2837,.T.);
#3121 = CYLINDRICAL_SURFACE('',#3122,1.5);
#3122 = AXIS2_PLACEMENT_3D('',#3123,#3124,#3125);
#3123 = CARTESIAN_POINT('',(99.02772531367,29.230564175944,
    4.105604745064E-13));
#3124 = DIRECTION('',(0.,0.,1.));
#3125 = DIRECTION('',(1.,0.,-0.));
#3126 = ADVANCED_FACE('',(#3127),#3138,.F.);
#3127 = FACE_BOUND('',#3128,.F.);
#3128 = EDGE_LOOP('',(#3129,#3135,#3136,#3137));
#3129 = ORIENTED_EDGE('',*,*,#3130,.T.);
#3130 = EDGE_CURVE('',#201,#1505,#3131,.T.);
#3131 = LINE('',#3132,#3133);
#3132 = CARTESIAN_POINT('',(127.314636801,6.230499960095,
    4.105604745064E-13));
#3133 = VECTOR('',#3134,1.);
#3134 = DIRECTION('',(0.,0.,-1.));
#3135 = ORIENTED_EDGE('',*,*,#1504,.F.);
#3136 = ORIENTED_EDGE('',*,*,#3130,.F.);
#3137 = ORIENTED_EDGE('',*,*,#200,.F.);
#3138 = CYLINDRICAL_SURFACE('',#3139,1.5);
#3139 = AXIS2_PLACEMENT_3D('',#3140,#3141,#3142);
#3140 = CARTESIAN_POINT('',(128.814636801,6.230499960095,
    4.105604745064E-13));
#3141 = DIRECTION('',(0.,0.,1.));
#3142 = DIRECTION('',(1.,0.,-0.));
#3143 = ADVANCED_FACE('',(#3144),#3160,.F.);
#3144 = FACE_BOUND('',#3145,.F.);
#3145 = EDGE_LOOP('',(#3146,#3152,#3153,#3159));
#3146 = ORIENTED_EDGE('',*,*,#3147,.T.);
#3147 = EDGE_CURVE('',#1526,#2868,#3148,.T.);
#3148 = LINE('',#3149,#3150);
#3149 = CARTESIAN_POINT('',(10.954753802302,87.409333484789,
    4.105604745064E-13));
#3150 = VECTOR('',#3151,1.);
#3151 = DIRECTION('',(0.,0.,1.));
#3152 = ORIENTED_EDGE('',*,*,#2875,.T.);
#3153 = ORIENTED_EDGE('',*,*,#3154,.F.);
#3154 = EDGE_CURVE('',#1516,#2849,#3155,.T.);
#3155 = LINE('',#3156,#3157);
#3156 = CARTESIAN_POINT('',(10.572191325334,90.384841164366,
    4.105604745064E-13));
#3157 = VECTOR('',#3158,1.);
#3158 = DIRECTION('',(0.,0.,1.));
#3159 = ORIENTED_EDGE('',*,*,#1525,.F.);
#3160 = CYLINDRICAL_SURFACE('',#3161,1.5);
#3161 = AXIS2_PLACEMENT_3D('',#3162,#3163,#3164);
#3162 = CARTESIAN_POINT('',(10.763472563819,88.897087324577,
    4.105604745064E-13));
#3163 = DIRECTION('',(0.,0.,1.));
#3164 = DIRECTION('',(-0.127520825656,0.991835893192,0.));
#3165 = ADVANCED_FACE('',(#3166),#3177,.T.);
#3166 = FACE_BOUND('',#3167,.T.);
#3167 = EDGE_LOOP('',(#3168,#3169,#3170,#3171));
#3168 = ORIENTED_EDGE('',*,*,#1534,.T.);
#3169 = ORIENTED_EDGE('',*,*,#3147,.T.);
#3170 = ORIENTED_EDGE('',*,*,#2867,.F.);
#3171 = ORIENTED_EDGE('',*,*,#3172,.F.);
#3172 = EDGE_CURVE('',#1535,#2859,#3173,.T.);
#3173 = LINE('',#3174,#3175);
#3174 = CARTESIAN_POINT('',(12.442507642091,87.600614723272,
    4.105604745064E-13));
#3175 = VECTOR('',#3176,1.);
#3176 = DIRECTION('',(0.,0.,1.));
#3177 = PLANE('',#3178);
#3178 = AXIS2_PLACEMENT_3D('',#3179,#3180,#3181);
#3179 = CARTESIAN_POINT('',(12.442507642091,87.600614723272,
    4.105604745064E-13));
#3180 = DIRECTION('',(-0.127520825655,0.991835893192,0.));
#3181 = DIRECTION('',(-0.991835893192,-0.127520825655,0.));
#3182 = ADVANCED_FACE('',(#3183),#3194,.F.);
#3183 = FACE_BOUND('',#3184,.F.);
#3184 = EDGE_LOOP('',(#3185,#3191,#3192,#3193));
#3185 = ORIENTED_EDGE('',*,*,#3186,.T.);
#3186 = EDGE_CURVE('',#1518,#2851,#3187,.T.);
#3187 = LINE('',#3188,#3189);
#3188 = CARTESIAN_POINT('',(12.059945165124,90.576122402848,
    4.105604745064E-13));
#3189 = VECTOR('',#3190,1.);
#3190 = DIRECTION('',(0.,0.,1.));
#3191 = ORIENTED_EDGE('',*,*,#2858,.T.);
#3192 = ORIENTED_EDGE('',*,*,#3172,.F.);
#3193 = ORIENTED_EDGE('',*,*,#1542,.F.);
#3194 = CYLINDRICAL_SURFACE('',#3195,1.5);
#3195 = AXIS2_PLACEMENT_3D('',#3196,#3197,#3198);
#3196 = CARTESIAN_POINT('',(12.251226403607,89.08836856306,
    4.105604745064E-13));
#3197 = DIRECTION('',(0.,0.,1.));
#3198 = DIRECTION('',(0.127520825656,-0.991835893192,0.));
#3199 = ADVANCED_FACE('',(#3200),#3206,.T.);
#3200 = FACE_BOUND('',#3201,.T.);
#3201 = EDGE_LOOP('',(#3202,#3203,#3204,#3205));
#3202 = ORIENTED_EDGE('',*,*,#1515,.T.);
#3203 = ORIENTED_EDGE('',*,*,#3186,.T.);
#3204 = ORIENTED_EDGE('',*,*,#2848,.F.);
#3205 = ORIENTED_EDGE('',*,*,#3154,.F.);
#3206 = PLANE('',#3207);
#3207 = AXIS2_PLACEMENT_3D('',#3208,#3209,#3210);
#3208 = CARTESIAN_POINT('',(10.572191325334,90.384841164365,
    4.105604745064E-13));
#3209 = DIRECTION('',(0.127520825655,-0.991835893192,0.));
#3210 = DIRECTION('',(0.991835893192,0.127520825655,0.));
#3211 = ADVANCED_FACE('',(#3212),#3223,.F.);
#3212 = FACE_BOUND('',#3213,.F.);
#3213 = EDGE_LOOP('',(#3214,#3220,#3221,#3222));
#3214 = ORIENTED_EDGE('',*,*,#3215,.T.);
#3215 = EDGE_CURVE('',#156,#1552,#3216,.T.);
#3216 = LINE('',#3217,#3218);
#3217 = CARTESIAN_POINT('',(112.42118105733,17.73053206802,
    4.105604745064E-13));
#3218 = VECTOR('',#3219,1.);
#3219 = DIRECTION('',(0.,0.,-1.));
#3220 = ORIENTED_EDGE('',*,*,#1551,.F.);
#3221 = ORIENTED_EDGE('',*,*,#3215,.F.);
#3222 = ORIENTED_EDGE('',*,*,#155,.F.);
#3223 = CYLINDRICAL_SURFACE('',#3224,1.5);
#3224 = AXIS2_PLACEMENT_3D('',#3225,#3226,#3227);
#3225 = CARTESIAN_POINT('',(113.92118105733,17.73053206802,
    4.105604745064E-13));
#3226 = DIRECTION('',(0.,0.,1.));
#3227 = DIRECTION('',(1.,0.,-0.));
#3228 = ADVANCED_FACE('',(#3229),#3240,.F.);
#3229 = FACE_BOUND('',#3230,.F.);
#3230 = EDGE_LOOP('',(#3231,#3237,#3238,#3239));
#3231 = ORIENTED_EDGE('',*,*,#3232,.T.);
#3232 = EDGE_CURVE('',#2885,#1563,#3233,.T.);
#3233 = LINE('',#3234,#3235);
#3234 = CARTESIAN_POINT('',(16.685913549144,90.108535168305,
    4.105604745064E-13));
#3235 = VECTOR('',#3236,1.);
#3236 = DIRECTION('',(0.,0.,-1.));
#3237 = ORIENTED_EDGE('',*,*,#1562,.F.);
#3238 = ORIENTED_EDGE('',*,*,#3232,.F.);
#3239 = ORIENTED_EDGE('',*,*,#2884,.T.);
#3240 = CYLINDRICAL_SURFACE('',#3241,3.5);
#3241 = AXIS2_PLACEMENT_3D('',#3242,#3243,#3244);
#3242 = CARTESIAN_POINT('',(20.185913549144,90.108535168305,
    4.105604745064E-13));
#3243 = DIRECTION('',(0.,0.,1.));
#3244 = DIRECTION('',(1.,0.,-0.));
#3245 = ADVANCED_FACE('',(#3246),#3262,.T.);
#3246 = FACE_BOUND('',#3247,.T.);
#3247 = EDGE_LOOP('',(#3248,#3249,#3255,#3256));
#3248 = ORIENTED_EDGE('',*,*,#1584,.T.);
#3249 = ORIENTED_EDGE('',*,*,#3250,.T.);
#3250 = EDGE_CURVE('',#1574,#2896,#3251,.T.);
#3251 = LINE('',#3252,#3253);
#3252 = CARTESIAN_POINT('',(14.876079974411,103.90876336108,
    4.105604745064E-13));
#3253 = VECTOR('',#3254,1.);
#3254 = DIRECTION('',(0.,0.,1.));
#3255 = ORIENTED_EDGE('',*,*,#2991,.F.);
#3256 = ORIENTED_EDGE('',*,*,#3257,.F.);
#3257 = EDGE_CURVE('',#1585,#2983,#3258,.T.);
#3258 = LINE('',#3259,#3260);
#3259 = CARTESIAN_POINT('',(14.444343517301,104.24213012326,
    4.105604745064E-13));
#3260 = VECTOR('',#3261,1.);
#3261 = DIRECTION('',(0.,0.,1.));
#3262 = PLANE('',#3263);
#3263 = AXIS2_PLACEMENT_3D('',#3264,#3265,#3266);
#3264 = CARTESIAN_POINT('',(14.444343517301,104.24213012326,
    4.105604745064E-13));
#3265 = DIRECTION('',(-0.611163045338,-0.791504726463,0.));
#3266 = DIRECTION('',(0.791504726463,-0.611163045338,0.));
#3267 = ADVANCED_FACE('',(#3268),#3279,.F.);
#3268 = FACE_BOUND('',#3269,.F.);
#3269 = EDGE_LOOP('',(#3270,#3276,#3277,#3278));
#3270 = ORIENTED_EDGE('',*,*,#3271,.T.);
#3271 = EDGE_CURVE('',#1593,#2975,#3272,.T.);
#3272 = LINE('',#3273,#3274);
#3273 = CARTESIAN_POINT('',(13.734264337705,104.44572117027,
    4.105604745064E-13));
#3274 = VECTOR('',#3275,1.);
#3275 = DIRECTION('',(0.,0.,1.));
#3276 = ORIENTED_EDGE('',*,*,#2982,.T.);
#3277 = ORIENTED_EDGE('',*,*,#3257,.F.);
#3278 = ORIENTED_EDGE('',*,*,#1592,.F.);
#3279 = CYLINDRICAL_SURFACE('',#3280,1.);
#3280 = AXIS2_PLACEMENT_3D('',#3281,#3282,#3283);
#3281 = CARTESIAN_POINT('',(13.833180471963,103.4506253968,
    4.105604745064E-13));
#3282 = DIRECTION('',(0.,0.,1.));
#3283 = DIRECTION('',(0.611163045337,0.791504726463,-0.));
#3284 = ADVANCED_FACE('',(#3285),#3296,.T.);
#3285 = FACE_BOUND('',#3286,.T.);
#3286 = EDGE_LOOP('',(#3287,#3288,#3289,#3290));
#3287 = ORIENTED_EDGE('',*,*,#1601,.T.);
#3288 = ORIENTED_EDGE('',*,*,#3271,.T.);
#3289 = ORIENTED_EDGE('',*,*,#2974,.F.);
#3290 = ORIENTED_EDGE('',*,*,#3291,.F.);
#3291 = EDGE_CURVE('',#1602,#2966,#3292,.T.);
#3292 = LINE('',#3293,#3294);
#3293 = CARTESIAN_POINT('',(4.054110448034,103.48347871349,
    4.105604745064E-13));
#3294 = VECTOR('',#3295,1.);
#3295 = DIRECTION('',(0.,0.,1.));
#3296 = PLANE('',#3297);
#3297 = AXIS2_PLACEMENT_3D('',#3298,#3299,#3300);
#3298 = CARTESIAN_POINT('',(4.054110448034,103.48347871349,
    4.105604745064E-13));
#3299 = DIRECTION('',(9.891613425893E-02,-0.995095773473,0.));
#3300 = DIRECTION('',(0.995095773473,9.891613425893E-02,0.));
#3301 = ADVANCED_FACE('',(#3302),#3313,.F.);
#3302 = FACE_BOUND('',#3303,.F.);
#3303 = EDGE_LOOP('',(#3304,#3310,#3311,#3312));
#3304 = ORIENTED_EDGE('',*,*,#3305,.T.);
#3305 = EDGE_CURVE('',#1610,#2958,#3306,.T.);
#3306 = LINE('',#3307,#3308);
#3307 = CARTESIAN_POINT('',(3.165272657706,102.33236311927,
    4.105604745064E-13));
#3308 = VECTOR('',#3309,1.);
#3309 = DIRECTION('',(0.,0.,1.));
#3310 = ORIENTED_EDGE('',*,*,#2965,.T.);
#3311 = ORIENTED_EDGE('',*,*,#3291,.F.);
#3312 = ORIENTED_EDGE('',*,*,#1609,.F.);
#3313 = CYLINDRICAL_SURFACE('',#3314,1.);
#3314 = AXIS2_PLACEMENT_3D('',#3315,#3316,#3317);
#3315 = CARTESIAN_POINT('',(4.153026582291,102.48838294002,
    4.105604745064E-13));
#3316 = DIRECTION('',(0.,0.,1.));
#3317 = DIRECTION('',(-9.891613425665E-02,0.995095773473,0.));
#3318 = ADVANCED_FACE('',(#3319),#3330,.T.);
#3319 = FACE_BOUND('',#3320,.T.);
#3320 = EDGE_LOOP('',(#3321,#3322,#3323,#3324));
#3321 = ORIENTED_EDGE('',*,*,#1618,.T.);
#3322 = ORIENTED_EDGE('',*,*,#3305,.T.);
#3323 = ORIENTED_EDGE('',*,*,#2957,.F.);
#3324 = ORIENTED_EDGE('',*,*,#3325,.F.);
#3325 = EDGE_CURVE('',#1619,#2949,#3326,.T.);
#3326 = LINE('',#3327,#3328);
#3327 = CARTESIAN_POINT('',(4.683011869332,92.723629718931,
    4.105604745064E-13));
#3328 = VECTOR('',#3329,1.);
#3329 = DIRECTION('',(0.,0.,1.));
#3330 = PLANE('',#3331);
#3331 = AXIS2_PLACEMENT_3D('',#3332,#3333,#3334);
#3332 = CARTESIAN_POINT('',(4.683011869333,92.723629718931,
    4.105604745064E-13));
#3333 = DIRECTION('',(0.987753924585,0.156019820753,0.));
#3334 = DIRECTION('',(-0.156019820753,0.987753924585,0.));
#3335 = ADVANCED_FACE('',(#3336),#3347,.F.);
#3336 = FACE_BOUND('',#3337,.F.);
#3337 = EDGE_LOOP('',(#3338,#3344,#3345,#3346));
#3338 = ORIENTED_EDGE('',*,*,#3339,.T.);
#3339 = EDGE_CURVE('',#1627,#2941,#3340,.T.);
#3340 = LINE('',#3341,#3342);
#3341 = CARTESIAN_POINT('',(5.059602748578,92.08814481322,
    4.105604745064E-13));
#3342 = VECTOR('',#3343,1.);
#3343 = DIRECTION('',(0.,0.,1.));
#3344 = ORIENTED_EDGE('',*,*,#2948,.T.);
#3345 = ORIENTED_EDGE('',*,*,#3325,.F.);
#3346 = ORIENTED_EDGE('',*,*,#1626,.F.);
#3347 = CYLINDRICAL_SURFACE('',#3348,1.);
#3348 = AXIS2_PLACEMENT_3D('',#3349,#3350,#3351);
#3349 = CARTESIAN_POINT('',(5.670765793916,92.879649539683,
    4.105604745064E-13));
#3350 = DIRECTION('',(0.,0.,1.));
#3351 = DIRECTION('',(-0.987753924585,-0.156019820752,0.));
#3352 = ADVANCED_FACE('',(#3353),#3364,.T.);
#3353 = FACE_BOUND('',#3354,.T.);
#3354 = EDGE_LOOP('',(#3355,#3356,#3357,#3358));
#3355 = ORIENTED_EDGE('',*,*,#1635,.T.);
#3356 = ORIENTED_EDGE('',*,*,#3339,.T.);
#3357 = ORIENTED_EDGE('',*,*,#2940,.F.);
#3358 = ORIENTED_EDGE('',*,*,#3359,.F.);
#3359 = EDGE_CURVE('',#1636,#2932,#3360,.T.);
#3360 = LINE('',#3361,#3362);
#3361 = CARTESIAN_POINT('',(5.491339205686,91.754778051042,
    4.105604745064E-13));
#3362 = VECTOR('',#3363,1.);
#3363 = DIRECTION('',(0.,0.,1.));
#3364 = PLANE('',#3365);
#3365 = AXIS2_PLACEMENT_3D('',#3366,#3367,#3368);
#3366 = CARTESIAN_POINT('',(5.491339205686,91.754778051042,
    4.105604745064E-13));
#3367 = DIRECTION('',(0.611163045338,0.791504726463,0.));
#3368 = DIRECTION('',(-0.791504726463,0.611163045338,0.));
#3369 = ADVANCED_FACE('',(#3370),#3381,.F.);
#3370 = FACE_BOUND('',#3371,.F.);
#3371 = EDGE_LOOP('',(#3372,#3378,#3379,#3380));
#3372 = ORIENTED_EDGE('',*,*,#3373,.T.);
#3373 = EDGE_CURVE('',#1644,#2924,#3374,.T.);
#3374 = LINE('',#3375,#3376);
#3375 = CARTESIAN_POINT('',(6.534447318305,91.644382861299,
    4.105604745064E-13));
#3376 = VECTOR('',#3377,1.);
#3377 = DIRECTION('',(0.,0.,1.));
#3378 = ORIENTED_EDGE('',*,*,#2931,.T.);
#3379 = ORIENTED_EDGE('',*,*,#3359,.F.);
#3380 = ORIENTED_EDGE('',*,*,#1643,.F.);
#3381 = CYLINDRICAL_SURFACE('',#3382,1.);
#3382 = AXIS2_PLACEMENT_3D('',#3383,#3384,#3385);
#3383 = CARTESIAN_POINT('',(6.102502251024,92.546282777505,
    4.105604745064E-13));
#3384 = DIRECTION('',(0.,0.,1.));
#3385 = DIRECTION('',(-0.611163045338,-0.791504726463,0.));
#3386 = ADVANCED_FACE('',(#3387),#3398,.T.);
#3387 = FACE_BOUND('',#3388,.T.);
#3388 = EDGE_LOOP('',(#3389,#3390,#3391,#3392));
#3389 = ORIENTED_EDGE('',*,*,#1652,.T.);
#3390 = ORIENTED_EDGE('',*,*,#3373,.T.);
#3391 = ORIENTED_EDGE('',*,*,#2923,.F.);
#3392 = ORIENTED_EDGE('',*,*,#3393,.F.);
#3393 = EDGE_CURVE('',#1653,#2915,#3394,.T.);
#3394 = LINE('',#3395,#3396);
#3395 = CARTESIAN_POINT('',(13.278058514966,94.874086667352,
    4.105604745064E-13));
#3396 = VECTOR('',#3397,1.);
#3397 = DIRECTION('',(0.,0.,1.));
#3398 = PLANE('',#3399);
#3399 = AXIS2_PLACEMENT_3D('',#3400,#3401,#3402);
#3400 = CARTESIAN_POINT('',(13.278058514966,94.874086667352,
    4.105604745064E-13));
#3401 = DIRECTION('',(-0.43194506728,0.901899916206,0.));
#3402 = DIRECTION('',(-0.901899916206,-0.43194506728,0.));
#3403 = ADVANCED_FACE('',(#3404),#3415,.F.);
#3404 = FACE_BOUND('',#3405,.F.);
#3405 = EDGE_LOOP('',(#3406,#3412,#3413,#3414));
#3406 = ORIENTED_EDGE('',*,*,#3407,.T.);
#3407 = EDGE_CURVE('',#1661,#2907,#3408,.T.);
#3408 = LINE('',#3409,#3410);
#3409 = CARTESIAN_POINT('',(13.827945355637,95.586233837788,
    4.105604745064E-13));
#3410 = VECTOR('',#3411,1.);
#3411 = DIRECTION('',(0.,0.,1.));
#3412 = ORIENTED_EDGE('',*,*,#2914,.T.);
#3413 = ORIENTED_EDGE('',*,*,#3393,.F.);
#3414 = ORIENTED_EDGE('',*,*,#1660,.F.);
#3415 = CYLINDRICAL_SURFACE('',#3416,1.);
#3416 = AXIS2_PLACEMENT_3D('',#3417,#3418,#3419);
#3417 = CARTESIAN_POINT('',(12.846113447685,95.775986583558,
    4.105604745064E-13));
#3418 = DIRECTION('',(0.,0.,1.));
#3419 = DIRECTION('',(0.431945067281,-0.901899916206,0.));
#3420 = ADVANCED_FACE('',(#3421),#3432,.T.);
#3421 = FACE_BOUND('',#3422,.T.);
#3422 = EDGE_LOOP('',(#3423,#3424,#3425,#3426));
#3423 = ORIENTED_EDGE('',*,*,#1669,.T.);
#3424 = ORIENTED_EDGE('',*,*,#3407,.T.);
#3425 = ORIENTED_EDGE('',*,*,#2906,.F.);
#3426 = ORIENTED_EDGE('',*,*,#3427,.F.);
#3427 = EDGE_CURVE('',#1576,#2898,#3428,.T.);
#3428 = LINE('',#3429,#3430);
#3429 = CARTESIAN_POINT('',(15.246748837026,102.92750588885,
    4.105604745064E-13));
#3430 = VECTOR('',#3431,1.);
#3431 = DIRECTION('',(0.,0.,1.));
#3432 = PLANE('',#3433);
#3433 = AXIS2_PLACEMENT_3D('',#3434,#3435,#3436);
#3434 = CARTESIAN_POINT('',(15.246748837026,102.92750588885,
    4.105604745064E-13));
#3435 = DIRECTION('',(-0.981831907952,0.189752745771,0.));
#3436 = DIRECTION('',(-0.189752745771,-0.981831907952,0.));
#3437 = ADVANCED_FACE('',(#3438),#3444,.F.);
#3438 = FACE_BOUND('',#3439,.F.);
#3439 = EDGE_LOOP('',(#3440,#3441,#3442,#3443));
#3440 = ORIENTED_EDGE('',*,*,#3250,.T.);
#3441 = ORIENTED_EDGE('',*,*,#2895,.T.);
#3442 = ORIENTED_EDGE('',*,*,#3427,.F.);
#3443 = ORIENTED_EDGE('',*,*,#1573,.F.);
#3444 = CYLINDRICAL_SURFACE('',#3445,1.);
#3445 = AXIS2_PLACEMENT_3D('',#3446,#3447,#3448);
#3446 = CARTESIAN_POINT('',(14.264916929074,103.11725863462,
    4.105604745064E-13));
#3447 = DIRECTION('',(0.,0.,1.));
#3448 = DIRECTION('',(0.981831907952,-0.189752745771,0.));
#3449 = ADVANCED_FACE('',(#3450),#3466,.T.);
#3450 = FACE_BOUND('',#3451,.T.);
#3451 = EDGE_LOOP('',(#3452,#3453,#3459,#3460));
#3452 = ORIENTED_EDGE('',*,*,#1688,.T.);
#3453 = ORIENTED_EDGE('',*,*,#3454,.T.);
#3454 = EDGE_CURVE('',#1678,#3000,#3455,.T.);
#3455 = LINE('',#3456,#3457);
#3456 = CARTESIAN_POINT('',(20.6535007837,98.234503552319,
    4.105604745064E-13));
#3457 = VECTOR('',#3458,1.);
#3458 = DIRECTION('',(0.,0.,1.));
#3459 = ORIENTED_EDGE('',*,*,#3027,.F.);
#3460 = ORIENTED_EDGE('',*,*,#3461,.F.);
#3461 = EDGE_CURVE('',#1689,#3019,#3462,.T.);
#3462 = LINE('',#3463,#3464);
#3463 = CARTESIAN_POINT('',(20.462219545219,99.722257392107,
    4.105604745064E-13));
#3464 = VECTOR('',#3465,1.);
#3465 = DIRECTION('',(0.,0.,1.));
#3466 = PLANE('',#3467);
#3467 = AXIS2_PLACEMENT_3D('',#3468,#3469,#3470);
#3468 = CARTESIAN_POINT('',(20.462219545219,99.722257392107,
    4.105604745064E-13));
#3469 = DIRECTION('',(-0.991835893192,-0.127520825655,0.));
#3470 = DIRECTION('',(0.127520825655,-0.991835893192,0.));
#3471 = ADVANCED_FACE('',(#3472),#3483,.F.);
#3472 = FACE_BOUND('',#3473,.F.);
#3473 = EDGE_LOOP('',(#3474,#3480,#3481,#3482));
#3474 = ORIENTED_EDGE('',*,*,#3475,.T.);
#3475 = EDGE_CURVE('',#1697,#3011,#3476,.T.);
#3476 = LINE('',#3477,#3478);
#3477 = CARTESIAN_POINT('',(17.486711868492,99.339694892978,
    4.105604745064E-13));
#3478 = VECTOR('',#3479,1.);
#3479 = DIRECTION('',(0.,0.,1.));
#3480 = ORIENTED_EDGE('',*,*,#3018,.T.);
#3481 = ORIENTED_EDGE('',*,*,#3461,.F.);
#3482 = ORIENTED_EDGE('',*,*,#1696,.F.);
#3483 = CYLINDRICAL_SURFACE('',#3484,1.5);
#3484 = AXIS2_PLACEMENT_3D('',#3485,#3486,#3487);
#3485 = CARTESIAN_POINT('',(18.97446570543,99.530976153627,
    4.105604745064E-13));
#3486 = DIRECTION('',(0.,0.,1.));
#3487 = DIRECTION('',(0.991835893192,0.127520825653,-0.));
#3488 = ADVANCED_FACE('',(#3489),#3500,.T.);
#3489 = FACE_BOUND('',#3490,.T.);
#3490 = EDGE_LOOP('',(#3491,#3492,#3493,#3494));
#3491 = ORIENTED_EDGE('',*,*,#1705,.T.);
#3492 = ORIENTED_EDGE('',*,*,#3475,.T.);
#3493 = ORIENTED_EDGE('',*,*,#3010,.F.);
#3494 = ORIENTED_EDGE('',*,*,#3495,.F.);
#3495 = EDGE_CURVE('',#1680,#3002,#3496,.T.);
#3496 = LINE('',#3497,#3498);
#3497 = CARTESIAN_POINT('',(17.677993104122,97.851941075359,
    4.105604745064E-13));
#3498 = VECTOR('',#3499,1.);
#3499 = DIRECTION('',(0.,0.,1.));
#3500 = PLANE('',#3501);
#3501 = AXIS2_PLACEMENT_3D('',#3502,#3503,#3504);
#3502 = CARTESIAN_POINT('',(17.677993104122,97.851941075359,
    4.105604745064E-13));
#3503 = DIRECTION('',(0.991835893192,0.127520825654,0.));
#3504 = DIRECTION('',(-0.127520825654,0.991835893192,0.));
#3505 = ADVANCED_FACE('',(#3506),#3512,.F.);
#3506 = FACE_BOUND('',#3507,.F.);
#3507 = EDGE_LOOP('',(#3508,#3509,#3510,#3511));
#3508 = ORIENTED_EDGE('',*,*,#3454,.T.);
#3509 = ORIENTED_EDGE('',*,*,#2999,.T.);
#3510 = ORIENTED_EDGE('',*,*,#3495,.F.);
#3511 = ORIENTED_EDGE('',*,*,#1677,.F.);
#3512 = CYLINDRICAL_SURFACE('',#3513,1.5);
#3513 = AXIS2_PLACEMENT_3D('',#3514,#3515,#3516);
#3514 = CARTESIAN_POINT('',(19.165746943911,98.043222313839,
    4.105604745064E-13));
#3515 = DIRECTION('',(0.,0.,1.));
#3516 = DIRECTION('',(-0.991835893192,-0.127520825654,0.));
#3517 = ADVANCED_FACE('',(#3518),#3534,.T.);
#3518 = FACE_BOUND('',#3519,.T.);
#3519 = EDGE_LOOP('',(#3520,#3521,#3527,#3528));
#3520 = ORIENTED_EDGE('',*,*,#1724,.T.);
#3521 = ORIENTED_EDGE('',*,*,#3522,.T.);
#3522 = EDGE_CURVE('',#1714,#3036,#3523,.T.);
#3523 = LINE('',#3524,#3525);
#3524 = CARTESIAN_POINT('',(19.718326314596,81.982566784282,
    4.105604745064E-13));
#3525 = VECTOR('',#3526,1.);
#3526 = DIRECTION('',(0.,0.,1.));
#3527 = ORIENTED_EDGE('',*,*,#3063,.F.);
#3528 = ORIENTED_EDGE('',*,*,#3529,.F.);
#3529 = EDGE_CURVE('',#1725,#3055,#3530,.T.);
#3530 = LINE('',#3531,#3532);
#3531 = CARTESIAN_POINT('',(19.909607553078,80.494812944492,
    4.105604745064E-13));
#3532 = VECTOR('',#3533,1.);
#3533 = DIRECTION('',(0.,0.,1.));
#3534 = PLANE('',#3535);
#3535 = AXIS2_PLACEMENT_3D('',#3536,#3537,#3538);
#3536 = CARTESIAN_POINT('',(19.909607553078,80.494812944492,
    4.105604745064E-13));
#3537 = DIRECTION('',(0.991835893192,0.127520825654,0.));
#3538 = DIRECTION('',(-0.127520825654,0.991835893192,0.));
#3539 = ADVANCED_FACE('',(#3540),#3551,.F.);
#3540 = FACE_BOUND('',#3541,.F.);
#3541 = EDGE_LOOP('',(#3542,#3548,#3549,#3550));
#3542 = ORIENTED_EDGE('',*,*,#3543,.T.);
#3543 = EDGE_CURVE('',#1733,#3047,#3544,.T.);
#3544 = LINE('',#3545,#3546);
#3545 = CARTESIAN_POINT('',(22.885115229804,80.877375443627,
    4.105604745064E-13));
#3546 = VECTOR('',#3547,1.);
#3547 = DIRECTION('',(0.,0.,1.));
#3548 = ORIENTED_EDGE('',*,*,#3054,.T.);
#3549 = ORIENTED_EDGE('',*,*,#3529,.F.);
#3550 = ORIENTED_EDGE('',*,*,#1732,.F.);
#3551 = CYLINDRICAL_SURFACE('',#3552,1.5);
#3552 = AXIS2_PLACEMENT_3D('',#3553,#3554,#3555);
#3553 = CARTESIAN_POINT('',(21.397361392866,80.686094182975,
    4.105604745064E-13));
#3554 = DIRECTION('',(0.,0.,1.));
#3555 = DIRECTION('',(-0.991835893192,-0.127520825655,0.));
#3556 = ADVANCED_FACE('',(#3557),#3568,.T.);
#3557 = FACE_BOUND('',#3558,.T.);
#3558 = EDGE_LOOP('',(#3559,#3560,#3561,#3562));
#3559 = ORIENTED_EDGE('',*,*,#1741,.T.);
#3560 = ORIENTED_EDGE('',*,*,#3543,.T.);
#3561 = ORIENTED_EDGE('',*,*,#3046,.F.);
#3562 = ORIENTED_EDGE('',*,*,#3563,.F.);
#3563 = EDGE_CURVE('',#1716,#3038,#3564,.T.);
#3564 = LINE('',#3565,#3566);
#3565 = CARTESIAN_POINT('',(22.693833994173,82.365129261245,
    4.105604745064E-13));
#3566 = VECTOR('',#3567,1.);
#3567 = DIRECTION('',(0.,0.,1.));
#3568 = PLANE('',#3569);
#3569 = AXIS2_PLACEMENT_3D('',#3570,#3571,#3572);
#3570 = CARTESIAN_POINT('',(22.693833994173,82.365129261245,
    4.105604745064E-13));
#3571 = DIRECTION('',(-0.991835893192,-0.127520825654,0.));
#3572 = DIRECTION('',(0.127520825654,-0.991835893192,0.));
#3573 = ADVANCED_FACE('',(#3574),#3580,.F.);
#3574 = FACE_BOUND('',#3575,.F.);
#3575 = EDGE_LOOP('',(#3576,#3577,#3578,#3579));
#3576 = ORIENTED_EDGE('',*,*,#3522,.T.);
#3577 = ORIENTED_EDGE('',*,*,#3035,.T.);
#3578 = ORIENTED_EDGE('',*,*,#3563,.F.);
#3579 = ORIENTED_EDGE('',*,*,#1713,.F.);
#3580 = CYLINDRICAL_SURFACE('',#3581,1.5);
#3581 = AXIS2_PLACEMENT_3D('',#3582,#3583,#3584);
#3582 = CARTESIAN_POINT('',(21.206080154384,82.173848022765,
    4.105604745064E-13));
#3583 = DIRECTION('',(0.,0.,1.));
#3584 = DIRECTION('',(0.991835893192,0.127520825653,-0.));
#3585 = ADVANCED_FACE('',(#3586),#3602,.T.);
#3586 = FACE_BOUND('',#3587,.T.);
#3587 = EDGE_LOOP('',(#3588,#3589,#3595,#3596));
#3588 = ORIENTED_EDGE('',*,*,#1760,.T.);
#3589 = ORIENTED_EDGE('',*,*,#3590,.T.);
#3590 = EDGE_CURVE('',#1750,#3072,#3591,.T.);
#3591 = LINE('',#3592,#3593);
#3592 = CARTESIAN_POINT('',(28.311881933163,89.640947933763,
    4.105604745064E-13));
#3593 = VECTOR('',#3594,1.);
#3594 = DIRECTION('',(0.,0.,1.));
#3595 = ORIENTED_EDGE('',*,*,#3099,.F.);
#3596 = ORIENTED_EDGE('',*,*,#3597,.F.);
#3597 = EDGE_CURVE('',#1761,#3091,#3598,.T.);
#3598 = LINE('',#3599,#3600);
#3599 = CARTESIAN_POINT('',(29.799635772952,89.832229172248,
    4.105604745064E-13));
#3600 = VECTOR('',#3601,1.);
#3601 = DIRECTION('',(0.,0.,1.));
#3602 = PLANE('',#3603);
#3603 = AXIS2_PLACEMENT_3D('',#3604,#3605,#3606);
#3604 = CARTESIAN_POINT('',(29.799635772952,89.832229172248,
    4.105604745064E-13));
#3605 = DIRECTION('',(-0.127520825657,0.991835893192,0.));
#3606 = DIRECTION('',(-0.991835893192,-0.127520825657,0.));
#3607 = ADVANCED_FACE('',(#3608),#3619,.F.);
#3608 = FACE_BOUND('',#3609,.F.);
#3609 = EDGE_LOOP('',(#3610,#3616,#3617,#3618));
#3610 = ORIENTED_EDGE('',*,*,#3611,.T.);
#3611 = EDGE_CURVE('',#1769,#3083,#3612,.T.);
#3612 = LINE('',#3613,#3614);
#3613 = CARTESIAN_POINT('',(29.41707329598,92.807736851824,
    4.105604745064E-13));
#3614 = VECTOR('',#3615,1.);
#3615 = DIRECTION('',(0.,0.,1.));
#3616 = ORIENTED_EDGE('',*,*,#3090,.T.);
#3617 = ORIENTED_EDGE('',*,*,#3597,.F.);
#3618 = ORIENTED_EDGE('',*,*,#1768,.F.);
#3619 = CYLINDRICAL_SURFACE('',#3620,1.5);
#3620 = AXIS2_PLACEMENT_3D('',#3621,#3622,#3623);
#3621 = CARTESIAN_POINT('',(29.608354534466,91.319983012036,
    4.105604745064E-13));
#3622 = DIRECTION('',(0.,0.,1.));
#3623 = DIRECTION('',(0.127520825657,-0.991835893192,0.));
#3624 = ADVANCED_FACE('',(#3625),#3636,.T.);
#3625 = FACE_BOUND('',#3626,.T.);
#3626 = EDGE_LOOP('',(#3627,#3628,#3629,#3630));
#3627 = ORIENTED_EDGE('',*,*,#1777,.T.);
#3628 = ORIENTED_EDGE('',*,*,#3611,.T.);
#3629 = ORIENTED_EDGE('',*,*,#3082,.F.);
#3630 = ORIENTED_EDGE('',*,*,#3631,.F.);
#3631 = EDGE_CURVE('',#1752,#3074,#3632,.T.);
#3632 = LINE('',#3633,#3634);
#3633 = CARTESIAN_POINT('',(27.929319456195,92.61645561334,
    4.105604745064E-13));
#3634 = VECTOR('',#3635,1.);
#3635 = DIRECTION('',(0.,0.,1.));
#3636 = PLANE('',#3637);
#3637 = AXIS2_PLACEMENT_3D('',#3638,#3639,#3640);
#3638 = CARTESIAN_POINT('',(27.929319456195,92.616455613341,
    4.105604745064E-13));
#3639 = DIRECTION('',(0.127520825656,-0.991835893192,0.));
#3640 = DIRECTION('',(0.991835893192,0.127520825656,0.));
#3641 = ADVANCED_FACE('',(#3642),#3648,.F.);
#3642 = FACE_BOUND('',#3643,.F.);
#3643 = EDGE_LOOP('',(#3644,#3645,#3646,#3647));
#3644 = ORIENTED_EDGE('',*,*,#3590,.T.);
#3645 = ORIENTED_EDGE('',*,*,#3071,.T.);
#3646 = ORIENTED_EDGE('',*,*,#3631,.F.);
#3647 = ORIENTED_EDGE('',*,*,#1749,.F.);
#3648 = CYLINDRICAL_SURFACE('',#3649,1.5);
#3649 = AXIS2_PLACEMENT_3D('',#3650,#3651,#3652);
#3650 = CARTESIAN_POINT('',(28.120600694679,91.128701773551,
    4.105604745064E-13));
#3651 = DIRECTION('',(0.,0.,1.));
#3652 = DIRECTION('',(-0.127520825656,0.991835893192,0.));
#3653 = ADVANCED_FACE('',(#3654),#3660,.T.);
#3654 = FACE_BOUND('',#3655,.T.);
#3655 = EDGE_LOOP('',(#3656,#3657,#3658,#3659));
#3656 = ORIENTED_EDGE('',*,*,#691,.F.);
#3657 = ORIENTED_EDGE('',*,*,#1131,.T.);
#3658 = ORIENTED_EDGE('',*,*,#2254,.F.);
#3659 = ORIENTED_EDGE('',*,*,#2587,.F.);
#3660 = PLANE('',#3661);
#3661 = AXIS2_PLACEMENT_3D('',#3662,#3663,#3664);
#3662 = CARTESIAN_POINT('',(37.127547883227,86.978157964043,
    4.105604745064E-13));
#3663 = DIRECTION('',(0.888544490696,0.458790462035,0.));
#3664 = DIRECTION('',(-0.458790462035,0.888544490696,0.));
#3665 = ( GEOMETRIC_REPRESENTATION_CONTEXT(3) 
GLOBAL_UNCERTAINTY_ASSIGNED_CONTEXT((#3669)) 
GLOBAL_UNIT_ASSIGNED_CONTEXT((#3666,#3667,#3668)) REPRESENTATION_CONTEXT
('Context #1','3D Context with UNIT and UNCERTAINTY') );
#3666 = ( LENGTH_UNIT() NAMED_UNIT(*) SI_UNIT(.MILLI.,.METRE.) );
#3667 = ( NAMED_UNIT(*) PLANE_ANGLE_UNIT() SI_UNIT($,.RADIAN.) );
#3668 = ( NAMED_UNIT(*) SI_UNIT($,.STERADIAN.) SOLID_ANGLE_UNIT() );
#3669 = UNCERTAINTY_MEASURE_WITH_UNIT(LENGTH_MEASURE(1.E-07),#3666,
  'distance_accuracy_value','confusion accuracy');
#3670 = PRODUCT_RELATED_PRODUCT_CATEGORY('part',$,(#7));
ENDSEC;
END-ISO-10303-21;
