ISO-10303-21;
HEADER;
FILE_DESCRIPTION(('FreeCAD Model'),'2;1');
FILE_NAME('Open CASCADE Shape Model','2026-07-24T12:46:42',('FreeCAD'),(
    'FreeCAD'),'Open CASCADE STEP processor 7.8','FreeCAD','Unknown');
FILE_SCHEMA(('AUTOMOTIVE_DESIGN { 1 0 10303 214 1 1 1 1 }'));
ENDSEC;
DATA;
#1 = APPLICATION_PROTOCOL_DEFINITION('international standard',
  'automotive_design',2000,#2);
#2 = APPLICATION_CONTEXT(
  'core data for automotive mechanical design processes');
#3 = SHAPE_DEFINITION_REPRESENTATION(#4,#10);
#4 = PRODUCT_DEFINITION_SHAPE('','',#5);
#5 = PRODUCT_DEFINITION('design','',#6,#9);
#6 = PRODUCT_DEFINITION_FORMATION('','',#7);
#7 = PRODUCT('Open CASCADE STEP translator 7.8 10',
  'Open CASCADE STEP translator 7.8 10','',(#8));
#8 = PRODUCT_CONTEXT('',#2,'mechanical');
#9 = PRODUCT_DEFINITION_CONTEXT('part definition',#2,'design');
#10 = ADVANCED_BREP_SHAPE_REPRESENTATION('',(#11,#15),#13967);
#11 = AXIS2_PLACEMENT_3D('',#12,#13,#14);
#12 = CARTESIAN_POINT('',(0.,0.,0.));
#13 = DIRECTION('',(0.,0.,1.));
#14 = DIRECTION('',(1.,0.,-0.));
#15 = MANIFOLD_SOLID_BREP('',#16);
#16 = CLOSED_SHELL('',(#17,#66,#99,#130,#163,#203,#244,#268,#292,#317,
    #341,#366,#390,#439,#477,#510,#541,#574,#605,#638,#669,#702,#733,
    #766,#797,#830,#861,#894,#925,#958,#989,#1022,#1053,#1086,#1117,
    #1150,#1181,#1214,#1245,#1278,#1309,#1342,#1373,#1406,#1437,#1470,
    #1501,#1518,#1556,#1589,#1620,#1653,#1684,#1701,#1739,#1772,#1803,
    #1836,#1867,#1900,#1931,#1964,#1995,#2028,#2059,#2092,#2123,#2156,
    #2187,#2220,#2251,#2284,#2315,#2348,#2379,#2412,#2443,#2476,#2507,
    #2540,#2571,#2604,#2635,#2668,#2699,#2732,#2763,#2780,#2827,#2844,
    #2875,#2899,#2933,#5310,#5343,#5374,#5399,#5423,#5448,#5472,#5497,
    #5521,#5545,#5569,#5594,#5618,#5643,#5667,#5691,#5716,#5740,#5765,
    #5789,#5807,#5834,#5865,#5890,#5914,#5939,#5963,#5988,#6012,#6037,
    #6061,#6086,#6110,#6135,#6159,#6184,#6208,#6232,#6256,#6274,#6300,
    #6331,#6356,#6380,#6404,#6429,#6453,#6478,#6502,#6526,#6550,#6575,
    #6599,#6624,#6648,#6673,#6697,#6715,#6740,#6765,#6790,#6815,#6840,
    #6865,#6890,#6915,#6940,#6965,#6990,#7015,#7040,#7065,#7090,#7115,
    #7140,#7165,#7190,#7215,#7240,#7265,#7296,#7321,#7345,#7363,#7394,
    #7419,#7443,#7461,#7492,#7517,#7541,#7559,#7590,#7615,#7639,#7664,
    #7688,#7706,#7737,#7762,#7786,#7811,#7835,#7860,#7884,#7909,#7933,
    #7951,#7976,#8007,#8032,#8056,#8074,#8106,#8130,#8155,#8179,#8204,
    #8228,#8253,#8277,#8302,#8319,#8350,#8375,#8399,#8424,#8448,#8473,
    #8497,#8522,#8546,#8564,#8595,#8620,#8644,#8669,#8693,#8718,#8742,
    #8767,#8791,#8816,#8840,#8858,#8890,#8914,#8939,#8963,#8988,#9012,
    #9037,#9054,#9085,#9110,#9134,#9159,#9183,#9208,#9232,#9250,#9275,
    #9300,#9325,#9350,#9375,#9400,#9425,#9450,#9481,#9506,#9530,#9555,
    #9579,#9604,#9628,#9653,#9677,#9702,#9726,#9744,#9775,#9800,#9824,
    #9849,#9873,#9898,#9922,#9940,#9971,#9996,#10020,#10045,#10069,
    #10094,#10118,#10143,#10167,#10192,#10216,#10241,#10265,#10283,
    #10314,#10339,#10363,#10388,#10412,#10437,#10461,#10479,#10510,
    #10535,#10559,#10584,#10608,#10626,#10658,#10682,#10707,#10731,
    #10756,#10780,#10805,#10829,#10854,#10878,#10903,#10920,#10951,
    #10976,#11000,#11025,#11049,#11074,#11098,#11123,#11147,#11172,
    #11196,#11214,#11245,#11270,#11294,#11319,#11343,#11368,#11392,
    #11410,#11441,#11466,#11490,#11515,#11539,#11564,#11588,#11606,
    #11630,#11656,#11673,#11697,#11721,#11746,#11770,#11795,#11819,
    #11844,#11868,#11893,#11917,#11942,#11966,#11991,#12015,#12040,
    #12064,#12089,#12113,#12138,#12162,#12187,#12211,#12236,#12260,
    #12285,#12309,#12334,#12358,#12383,#12407,#12432,#12456,#12481,
    #12505,#12530,#12554,#12579,#12603,#12628,#12652,#12677,#12701,
    #12726,#12750,#12775,#12799,#12824,#12848,#12873,#12897,#12922,
    #12946,#12971,#12995,#13020,#13044,#13069,#13093,#13118,#13142,
    #13167,#13191,#13216,#13240,#13265,#13289,#13314,#13338,#13363,
    #13387,#13412,#13436,#13461,#13485,#13510,#13534,#13552,#13569));
#17 = ADVANCED_FACE('',(#18),#61,.T.);
#18 = FACE_BOUND('',#19,.T.);
#19 = EDGE_LOOP('',(#20,#30,#38,#46,#54));
#20 = ORIENTED_EDGE('',*,*,#21,.T.);
#21 = EDGE_CURVE('',#22,#24,#26,.T.);
#22 = VERTEX_POINT('',#23);
#23 = CARTESIAN_POINT('',(38.590625806096,215.31669331296,0.43940782235)
  );
#24 = VERTEX_POINT('',#25);
#25 = CARTESIAN_POINT('',(38.590625806098,215.8993352164,1.000000000001)
  );
#26 = LINE('',#27,#28);
#27 = CARTESIAN_POINT('',(38.590625806096,215.29918839205,0.422565364447
    ));
#28 = VECTOR('',#29,1.);
#29 = DIRECTION('',(2.250462965425E-12,0.720610835835,0.693339760346));
#30 = ORIENTED_EDGE('',*,*,#31,.T.);
#31 = EDGE_CURVE('',#24,#32,#34,.T.);
#32 = VERTEX_POINT('',#33);
#33 = CARTESIAN_POINT('',(42.470895629539,216.9983007467,1.000000000001)
  );
#34 = LINE('',#35,#36);
#35 = CARTESIAN_POINT('',(29.089240658683,213.20836390712,1.000000000001
    ));
#36 = VECTOR('',#37,1.);
#37 = DIRECTION('',(0.962155612804,0.272500599539,1.178300791503E-16));
#38 = ORIENTED_EDGE('',*,*,#39,.T.);
#39 = EDGE_CURVE('',#32,#40,#42,.T.);
#40 = VERTEX_POINT('',#41);
#41 = CARTESIAN_POINT('',(42.743396229078,216.0361451339,
    5.782041512248E-13));
#42 = LINE('',#43,#44);
#43 = CARTESIAN_POINT('',(42.470895629539,216.9983007467,1.000000000001)
  );
#44 = VECTOR('',#45,1.);
#45 = DIRECTION('',(0.192687021811,-0.680346758371,-0.707106781187));
#46 = ORIENTED_EDGE('',*,*,#47,.T.);
#47 = EDGE_CURVE('',#40,#48,#50,.T.);
#48 = VERTEX_POINT('',#49);
#49 = CARTESIAN_POINT('',(39.201662673667,215.03305945378,
    5.782041512248E-13));
#50 = LINE('',#51,#52);
#51 = CARTESIAN_POINT('',(29.361741258222,212.24620829432,
    5.782041512248E-13));
#52 = VECTOR('',#53,1.);
#53 = DIRECTION('',(-0.962155612804,-0.272500599539,-1.178300791503E-16)
  );
#54 = ORIENTED_EDGE('',*,*,#55,.T.);
#55 = EDGE_CURVE('',#48,#22,#56,.T.);
#56 = ELLIPSE('',#57,1.131370849898,0.8);
#57 = AXIS2_PLACEMENT_3D('',#58,#59,#60);
#58 = CARTESIAN_POINT('',(38.590625842847,214.51669331296,
    -0.330316677908));
#59 = DIRECTION('',(0.192687021811,-0.680346758371,0.707106781187));
#60 = DIRECTION('',(-0.192687021811,0.680346758371,0.707106781187));
#61 = PLANE('',#62);
#62 = AXIS2_PLACEMENT_3D('',#63,#64,#65);
#63 = CARTESIAN_POINT('',(29.225490958452,212.72728610072,0.500000000001
    ));
#64 = DIRECTION('',(-0.192687021811,0.680346758371,-0.707106781187));
#65 = DIRECTION('',(-0.96481931558,-5.551115123126E-17,0.262913841942));
#66 = ADVANCED_FACE('',(#67),#94,.T.);
#67 = FACE_BOUND('',#68,.T.);
#68 = EDGE_LOOP('',(#69,#79,#86,#87));
#69 = ORIENTED_EDGE('',*,*,#70,.T.);
#70 = EDGE_CURVE('',#71,#73,#75,.T.);
#71 = VERTEX_POINT('',#72);
#72 = CARTESIAN_POINT('',(43.015896828615,217.0739895211,1.000000000001)
  );
#73 = VERTEX_POINT('',#74);
#74 = CARTESIAN_POINT('',(43.015896828616,216.0739895211,
    5.782041512248E-13));
#75 = LINE('',#76,#77);
#76 = CARTESIAN_POINT('',(43.015896828615,217.0739895211,1.000000000001)
  );
#77 = VECTOR('',#78,1.);
#78 = DIRECTION('',(3.014577520673E-13,-0.707106781187,-0.707106781187)
  );
#79 = ORIENTED_EDGE('',*,*,#80,.T.);
#80 = EDGE_CURVE('',#73,#40,#81,.T.);
#81 = CIRCLE('',#82,1.000000000001);
#82 = AXIS2_PLACEMENT_3D('',#83,#84,#85);
#83 = CARTESIAN_POINT('',(43.015896828616,215.07398952109,
    5.782041512248E-13));
#84 = DIRECTION('',(-1.224646799147E-16,0.,1.));
#85 = DIRECTION('',(-4.313216450667E-13,1.,-5.282166720339E-29));
#86 = ORIENTED_EDGE('',*,*,#39,.F.);
#87 = ORIENTED_EDGE('',*,*,#88,.T.);
#88 = EDGE_CURVE('',#32,#71,#89,.T.);
#89 = CIRCLE('',#90,2.000000000001);
#90 = AXIS2_PLACEMENT_3D('',#91,#92,#93);
#91 = CARTESIAN_POINT('',(43.015896828616,215.07398952109,1.000000000001
    ));
#92 = DIRECTION('',(1.224646799147E-16,0.,-1.));
#93 = DIRECTION('',(-4.313216450667E-13,1.,-5.282166720339E-29));
#94 = CONICAL_SURFACE('',#95,1.500000000001,0.785398163397);
#95 = AXIS2_PLACEMENT_3D('',#96,#97,#98);
#96 = CARTESIAN_POINT('',(43.015896828616,215.07398952109,0.500000000001
    ));
#97 = DIRECTION('',(0.,0.,1.));
#98 = DIRECTION('',(-4.313216450667E-13,1.,0.));
#99 = ADVANCED_FACE('',(#100),#125,.T.);
#100 = FACE_BOUND('',#101,.T.);
#101 = EDGE_LOOP('',(#102,#112,#118,#119));
#102 = ORIENTED_EDGE('',*,*,#103,.T.);
#103 = EDGE_CURVE('',#104,#106,#108,.T.);
#104 = VERTEX_POINT('',#105);
#105 = CARTESIAN_POINT('',(53.925354782211,217.0739895211,1.000000000001
    ));
#106 = VERTEX_POINT('',#107);
#107 = CARTESIAN_POINT('',(53.925354782211,216.0739895211,
    5.782041512248E-13));
#108 = LINE('',#109,#110);
#109 = CARTESIAN_POINT('',(53.925354782211,217.0739895211,1.000000000001
    ));
#110 = VECTOR('',#111,1.);
#111 = DIRECTION('',(-1.413083212815E-14,-0.707106781187,-0.707106781187
    ));
#112 = ORIENTED_EDGE('',*,*,#113,.T.);
#113 = EDGE_CURVE('',#106,#73,#114,.T.);
#114 = LINE('',#115,#116);
#115 = CARTESIAN_POINT('',(45.743261317015,216.0739895211,
    5.782041512248E-13));
#116 = VECTOR('',#117,1.);
#117 = DIRECTION('',(-1.,1.95392678203E-14,-1.224646799147E-16));
#118 = ORIENTED_EDGE('',*,*,#70,.F.);
#119 = ORIENTED_EDGE('',*,*,#120,.T.);
#120 = EDGE_CURVE('',#71,#104,#121,.T.);
#121 = LINE('',#122,#123);
#122 = CARTESIAN_POINT('',(45.743261317015,217.0739895211,1.000000000001
    ));
#123 = VECTOR('',#124,1.);
#124 = DIRECTION('',(1.,-1.95392678203E-14,1.224646799147E-16));
#125 = PLANE('',#126);
#126 = AXIS2_PLACEMENT_3D('',#127,#128,#129);
#127 = CARTESIAN_POINT('',(45.743261317015,216.5739895211,0.500000000001
    ));
#128 = DIRECTION('',(1.390294438078E-14,0.707106781187,-0.707106781187)
  );
#129 = DIRECTION('',(-1.,3.313215801928E-29,-1.966173250021E-14));
#130 = ADVANCED_FACE('',(#131),#158,.T.);
#131 = FACE_BOUND('',#132,.T.);
#132 = EDGE_LOOP('',(#133,#143,#150,#151));
#133 = ORIENTED_EDGE('',*,*,#134,.T.);
#134 = EDGE_CURVE('',#135,#137,#139,.T.);
#135 = VERTEX_POINT('',#136);
#136 = CARTESIAN_POINT('',(54.470355981287,216.9983007467,1.000000000001
    ));
#137 = VERTEX_POINT('',#138);
#138 = CARTESIAN_POINT('',(54.197855381749,216.0361451339,
    5.782041512248E-13));
#139 = LINE('',#140,#141);
#140 = CARTESIAN_POINT('',(54.470355981287,216.9983007467,1.000000000001
    ));
#141 = VECTOR('',#142,1.);
#142 = DIRECTION('',(-0.192687021811,-0.680346758371,-0.707106781187));
#143 = ORIENTED_EDGE('',*,*,#144,.T.);
#144 = EDGE_CURVE('',#137,#106,#145,.T.);
#145 = CIRCLE('',#146,1.000000000001);
#146 = AXIS2_PLACEMENT_3D('',#147,#148,#149);
#147 = CARTESIAN_POINT('',(53.92535478221,215.07398952109,
    5.782041512248E-13));
#148 = DIRECTION('',(-1.224646799147E-16,0.,1.));
#149 = DIRECTION('',(4.31876756579E-13,1.,5.288964875707E-29));
#150 = ORIENTED_EDGE('',*,*,#103,.F.);
#151 = ORIENTED_EDGE('',*,*,#152,.T.);
#152 = EDGE_CURVE('',#104,#135,#153,.T.);
#153 = CIRCLE('',#154,2.000000000001);
#154 = AXIS2_PLACEMENT_3D('',#155,#156,#157);
#155 = CARTESIAN_POINT('',(53.92535478221,215.07398952109,1.000000000001
    ));
#156 = DIRECTION('',(1.224646799147E-16,0.,-1.));
#157 = DIRECTION('',(4.31876756579E-13,1.,5.288964875707E-29));
#158 = CONICAL_SURFACE('',#159,1.500000000001,0.785398163397);
#159 = AXIS2_PLACEMENT_3D('',#160,#161,#162);
#160 = CARTESIAN_POINT('',(53.92535478221,215.07398952109,0.500000000001
    ));
#161 = DIRECTION('',(0.,0.,1.));
#162 = DIRECTION('',(4.31876756579E-13,1.,-0.));
#163 = ADVANCED_FACE('',(#164),#198,.T.);
#164 = FACE_BOUND('',#165,.T.);
#165 = EDGE_LOOP('',(#166,#177,#183,#184,#192));
#166 = ORIENTED_EDGE('',*,*,#167,.T.);
#167 = EDGE_CURVE('',#168,#170,#172,.T.);
#168 = VERTEX_POINT('',#169);
#169 = CARTESIAN_POINT('',(58.35062580473,215.31669331296,0.43940782235)
  );
#170 = VERTEX_POINT('',#171);
#171 = CARTESIAN_POINT('',(57.739588937159,215.03305945378,
    5.782041512248E-13));
#172 = ELLIPSE('',#173,1.131370849898,0.8);
#173 = AXIS2_PLACEMENT_3D('',#174,#175,#176);
#174 = CARTESIAN_POINT('',(58.350625767979,214.51669331296,
    -0.330316677908));
#175 = DIRECTION('',(-0.192687021811,-0.680346758371,0.707106781187));
#176 = DIRECTION('',(0.192687021811,0.680346758371,0.707106781187));
#177 = ORIENTED_EDGE('',*,*,#178,.T.);
#178 = EDGE_CURVE('',#170,#137,#179,.T.);
#179 = LINE('',#180,#181);
#180 = CARTESIAN_POINT('',(65.639375440884,212.79569105947,
    5.782041512248E-13));
#181 = VECTOR('',#182,1.);
#182 = DIRECTION('',(-0.962155612804,0.272500599539,-1.178300791503E-16)
  );
#183 = ORIENTED_EDGE('',*,*,#134,.F.);
#184 = ORIENTED_EDGE('',*,*,#185,.T.);
#185 = EDGE_CURVE('',#135,#186,#188,.T.);
#186 = VERTEX_POINT('',#187);
#187 = CARTESIAN_POINT('',(58.350625804728,215.8993352164,1.000000000001
    ));
#188 = LINE('',#189,#190);
#189 = CARTESIAN_POINT('',(65.911876040422,213.75784667227,
    1.000000000001));
#190 = VECTOR('',#191,1.);
#191 = DIRECTION('',(0.962155612804,-0.272500599539,1.178300791503E-16)
  );
#192 = ORIENTED_EDGE('',*,*,#193,.T.);
#193 = EDGE_CURVE('',#186,#168,#194,.T.);
#194 = LINE('',#195,#196);
#195 = CARTESIAN_POINT('',(58.350625804729,215.59313322783,
    0.705386038047));
#196 = VECTOR('',#197,1.);
#197 = DIRECTION('',(2.250632784689E-12,-0.720610835835,-0.693339760346)
  );
#198 = PLANE('',#199);
#199 = AXIS2_PLACEMENT_3D('',#200,#201,#202);
#200 = CARTESIAN_POINT('',(65.775625740653,213.27676886587,
    0.500000000001));
#201 = DIRECTION('',(0.192687021811,0.680346758371,-0.707106781187));
#202 = DIRECTION('',(-0.96481931558,-3.885780586188E-16,-0.262913841942)
  );
#203 = ADVANCED_FACE('',(#204),#239,.F.);
#204 = FACE_BOUND('',#205,.F.);
#205 = EDGE_LOOP('',(#206,#215,#223,#232,#238));
#206 = ORIENTED_EDGE('',*,*,#207,.T.);
#207 = EDGE_CURVE('',#170,#208,#210,.T.);
#208 = VERTEX_POINT('',#209);
#209 = CARTESIAN_POINT('',(58.350625767979,213.71669331296,
    5.782041512248E-13));
#210 = CIRCLE('',#211,0.8);
#211 = AXIS2_PLACEMENT_3D('',#212,#213,#214);
#212 = CARTESIAN_POINT('',(58.350625767979,214.51669331296,
    5.782041512248E-13));
#213 = DIRECTION('',(-1.224646799147E-16,0.,1.));
#214 = DIRECTION('',(4.593856128834E-08,1.,5.62585120392E-24));
#215 = ORIENTED_EDGE('',*,*,#216,.F.);
#216 = EDGE_CURVE('',#217,#208,#219,.T.);
#217 = VERTEX_POINT('',#218);
#218 = CARTESIAN_POINT('',(58.350625767979,213.71669331296,
    3.000000000001));
#219 = LINE('',#220,#221);
#220 = CARTESIAN_POINT('',(58.350625767979,213.71669331296,
    3.000000000001));
#221 = VECTOR('',#222,1.);
#222 = DIRECTION('',(1.224646799147E-16,0.,-1.));
#223 = ORIENTED_EDGE('',*,*,#224,.F.);
#224 = EDGE_CURVE('',#225,#217,#227,.T.);
#225 = VERTEX_POINT('',#226);
#226 = CARTESIAN_POINT('',(58.35062580473,215.31669331296,3.000000000001
    ));
#227 = CIRCLE('',#228,0.8);
#228 = AXIS2_PLACEMENT_3D('',#229,#230,#231);
#229 = CARTESIAN_POINT('',(58.350625767979,214.51669331296,
    3.000000000001));
#230 = DIRECTION('',(-1.224646799147E-16,0.,1.));
#231 = DIRECTION('',(4.593856128834E-08,1.,5.62585120392E-24));
#232 = ORIENTED_EDGE('',*,*,#233,.T.);
#233 = EDGE_CURVE('',#225,#168,#234,.T.);
#234 = LINE('',#235,#236);
#235 = CARTESIAN_POINT('',(58.35062580473,215.31669331296,3.000000000001
    ));
#236 = VECTOR('',#237,1.);
#237 = DIRECTION('',(1.224646799147E-16,0.,-1.));
#238 = ORIENTED_EDGE('',*,*,#167,.T.);
#239 = CYLINDRICAL_SURFACE('',#240,0.8);
#240 = AXIS2_PLACEMENT_3D('',#241,#242,#243);
#241 = CARTESIAN_POINT('',(58.350625767979,214.51669331296,
    3.000000000001));
#242 = DIRECTION('',(1.224646799147E-16,0.,-1.));
#243 = DIRECTION('',(4.593856128834E-08,1.,5.62585120392E-24));
#244 = ADVANCED_FACE('',(#245),#263,.T.);
#245 = FACE_BOUND('',#246,.T.);
#246 = EDGE_LOOP('',(#247,#248,#256,#262));
#247 = ORIENTED_EDGE('',*,*,#193,.F.);
#248 = ORIENTED_EDGE('',*,*,#249,.F.);
#249 = EDGE_CURVE('',#250,#186,#252,.T.);
#250 = VERTEX_POINT('',#251);
#251 = CARTESIAN_POINT('',(58.350625804728,215.8993352164,3.000000000001
    ));
#252 = LINE('',#253,#254);
#253 = CARTESIAN_POINT('',(58.350625804728,215.8993352164,3.000000000001
    ));
#254 = VECTOR('',#255,1.);
#255 = DIRECTION('',(1.224646799147E-16,0.,-1.));
#256 = ORIENTED_EDGE('',*,*,#257,.T.);
#257 = EDGE_CURVE('',#250,#225,#258,.T.);
#258 = LINE('',#259,#260);
#259 = CARTESIAN_POINT('',(58.350625804728,215.8993352164,3.000000000001
    ));
#260 = VECTOR('',#261,1.);
#261 = DIRECTION('',(3.123111342683E-12,-1.,3.824708309197E-28));
#262 = ORIENTED_EDGE('',*,*,#233,.T.);
#263 = PLANE('',#264);
#264 = AXIS2_PLACEMENT_3D('',#265,#266,#267);
#265 = CARTESIAN_POINT('',(58.350625804728,215.8993352164,3.000000000001
    ));
#266 = DIRECTION('',(1.,3.123111342683E-12,1.224646799147E-16));
#267 = DIRECTION('',(3.123111342683E-12,-1.,3.824708309197E-28));
#268 = ADVANCED_FACE('',(#269),#287,.T.);
#269 = FACE_BOUND('',#270,.T.);
#270 = EDGE_LOOP('',(#271,#272,#280,#286));
#271 = ORIENTED_EDGE('',*,*,#185,.F.);
#272 = ORIENTED_EDGE('',*,*,#273,.F.);
#273 = EDGE_CURVE('',#274,#135,#276,.T.);
#274 = VERTEX_POINT('',#275);
#275 = CARTESIAN_POINT('',(54.470355981287,216.9983007467,3.000000000001
    ));
#276 = LINE('',#277,#278);
#277 = CARTESIAN_POINT('',(54.470355981287,216.9983007467,3.000000000001
    ));
#278 = VECTOR('',#279,1.);
#279 = DIRECTION('',(1.224646799147E-16,0.,-1.));
#280 = ORIENTED_EDGE('',*,*,#281,.T.);
#281 = EDGE_CURVE('',#274,#250,#282,.T.);
#282 = LINE('',#283,#284);
#283 = CARTESIAN_POINT('',(54.470355981287,216.9983007467,3.000000000001
    ));
#284 = VECTOR('',#285,1.);
#285 = DIRECTION('',(0.962155612804,-0.272500599539,1.178300791503E-16)
  );
#286 = ORIENTED_EDGE('',*,*,#249,.T.);
#287 = PLANE('',#288);
#288 = AXIS2_PLACEMENT_3D('',#289,#290,#291);
#289 = CARTESIAN_POINT('',(54.470355981287,216.9983007467,3.000000000001
    ));
#290 = DIRECTION('',(0.272500599539,0.962155612804,3.337169869907E-17));
#291 = DIRECTION('',(0.962155612804,-0.272500599539,1.178300791503E-16)
  );
#292 = ADVANCED_FACE('',(#293),#312,.T.);
#293 = FACE_BOUND('',#294,.T.);
#294 = EDGE_LOOP('',(#295,#296,#304,#311));
#295 = ORIENTED_EDGE('',*,*,#152,.F.);
#296 = ORIENTED_EDGE('',*,*,#297,.F.);
#297 = EDGE_CURVE('',#298,#104,#300,.T.);
#298 = VERTEX_POINT('',#299);
#299 = CARTESIAN_POINT('',(53.925354782211,217.0739895211,3.000000000001
    ));
#300 = LINE('',#301,#302);
#301 = CARTESIAN_POINT('',(53.925354782211,217.0739895211,3.000000000001
    ));
#302 = VECTOR('',#303,1.);
#303 = DIRECTION('',(1.224646799147E-16,0.,-1.));
#304 = ORIENTED_EDGE('',*,*,#305,.T.);
#305 = EDGE_CURVE('',#298,#274,#306,.T.);
#306 = CIRCLE('',#307,2.000000000001);
#307 = AXIS2_PLACEMENT_3D('',#308,#309,#310);
#308 = CARTESIAN_POINT('',(53.92535478221,215.07398952109,3.000000000001
    ));
#309 = DIRECTION('',(1.224646799147E-16,0.,-1.));
#310 = DIRECTION('',(4.31876756579E-13,1.,5.288964875707E-29));
#311 = ORIENTED_EDGE('',*,*,#273,.T.);
#312 = CYLINDRICAL_SURFACE('',#313,2.000000000001);
#313 = AXIS2_PLACEMENT_3D('',#314,#315,#316);
#314 = CARTESIAN_POINT('',(53.92535478221,215.07398952109,3.000000000001
    ));
#315 = DIRECTION('',(1.224646799147E-16,0.,-1.));
#316 = DIRECTION('',(4.31876756579E-13,1.,5.288964875707E-29));
#317 = ADVANCED_FACE('',(#318),#336,.T.);
#318 = FACE_BOUND('',#319,.T.);
#319 = EDGE_LOOP('',(#320,#321,#329,#335));
#320 = ORIENTED_EDGE('',*,*,#120,.F.);
#321 = ORIENTED_EDGE('',*,*,#322,.F.);
#322 = EDGE_CURVE('',#323,#71,#325,.T.);
#323 = VERTEX_POINT('',#324);
#324 = CARTESIAN_POINT('',(43.015896828615,217.0739895211,3.000000000001
    ));
#325 = LINE('',#326,#327);
#326 = CARTESIAN_POINT('',(43.015896828615,217.0739895211,3.000000000001
    ));
#327 = VECTOR('',#328,1.);
#328 = DIRECTION('',(1.224646799147E-16,0.,-1.));
#329 = ORIENTED_EDGE('',*,*,#330,.T.);
#330 = EDGE_CURVE('',#323,#298,#331,.T.);
#331 = LINE('',#332,#333);
#332 = CARTESIAN_POINT('',(48.470625805453,217.0739895211,3.000000000001
    ));
#333 = VECTOR('',#334,1.);
#334 = DIRECTION('',(1.,-1.95392678203E-14,1.224646799147E-16));
#335 = ORIENTED_EDGE('',*,*,#297,.T.);
#336 = PLANE('',#337);
#337 = AXIS2_PLACEMENT_3D('',#338,#339,#340);
#338 = CARTESIAN_POINT('',(43.015896828615,217.0739895211,3.000000000001
    ));
#339 = DIRECTION('',(1.95392678203E-14,1.,2.392870179381E-30));
#340 = DIRECTION('',(1.,-1.95392678203E-14,1.224646799147E-16));
#341 = ADVANCED_FACE('',(#342),#361,.T.);
#342 = FACE_BOUND('',#343,.T.);
#343 = EDGE_LOOP('',(#344,#345,#353,#360));
#344 = ORIENTED_EDGE('',*,*,#88,.F.);
#345 = ORIENTED_EDGE('',*,*,#346,.F.);
#346 = EDGE_CURVE('',#347,#32,#349,.T.);
#347 = VERTEX_POINT('',#348);
#348 = CARTESIAN_POINT('',(42.470895629539,216.9983007467,3.000000000001
    ));
#349 = LINE('',#350,#351);
#350 = CARTESIAN_POINT('',(42.470895629539,216.9983007467,3.000000000001
    ));
#351 = VECTOR('',#352,1.);
#352 = DIRECTION('',(1.224646799147E-16,0.,-1.));
#353 = ORIENTED_EDGE('',*,*,#354,.F.);
#354 = EDGE_CURVE('',#323,#347,#355,.T.);
#355 = CIRCLE('',#356,2.000000000001);
#356 = AXIS2_PLACEMENT_3D('',#357,#358,#359);
#357 = CARTESIAN_POINT('',(43.015896828616,215.07398952109,
    3.000000000001));
#358 = DIRECTION('',(-1.224646799147E-16,0.,1.));
#359 = DIRECTION('',(-4.313216450667E-13,1.,-5.282166720339E-29));
#360 = ORIENTED_EDGE('',*,*,#322,.T.);
#361 = CYLINDRICAL_SURFACE('',#362,2.000000000001);
#362 = AXIS2_PLACEMENT_3D('',#363,#364,#365);
#363 = CARTESIAN_POINT('',(43.015896828616,215.07398952109,
    3.000000000001));
#364 = DIRECTION('',(1.224646799147E-16,0.,-1.));
#365 = DIRECTION('',(-4.313216450667E-13,1.,-5.282166720339E-29));
#366 = ADVANCED_FACE('',(#367),#385,.T.);
#367 = FACE_BOUND('',#368,.T.);
#368 = EDGE_LOOP('',(#369,#370,#378,#384));
#369 = ORIENTED_EDGE('',*,*,#31,.F.);
#370 = ORIENTED_EDGE('',*,*,#371,.F.);
#371 = EDGE_CURVE('',#372,#24,#374,.T.);
#372 = VERTEX_POINT('',#373);
#373 = CARTESIAN_POINT('',(38.590625806098,215.8993352164,3.000000000001
    ));
#374 = LINE('',#375,#376);
#375 = CARTESIAN_POINT('',(38.590625806098,215.8993352164,3.000000000001
    ));
#376 = VECTOR('',#377,1.);
#377 = DIRECTION('',(1.224646799147E-16,0.,-1.));
#378 = ORIENTED_EDGE('',*,*,#379,.F.);
#379 = EDGE_CURVE('',#347,#372,#380,.T.);
#380 = LINE('',#381,#382);
#381 = CARTESIAN_POINT('',(42.470895629539,216.9983007467,3.000000000001
    ));
#382 = VECTOR('',#383,1.);
#383 = DIRECTION('',(-0.962155612804,-0.272500599539,-1.178300791503E-16
    ));
#384 = ORIENTED_EDGE('',*,*,#346,.T.);
#385 = PLANE('',#386);
#386 = AXIS2_PLACEMENT_3D('',#387,#388,#389);
#387 = CARTESIAN_POINT('',(38.590625806098,215.8993352164,3.000000000001
    ));
#388 = DIRECTION('',(-0.272500599539,0.962155612804,-3.337169869907E-17)
  );
#389 = DIRECTION('',(0.962155612804,0.272500599539,1.178300791503E-16));
#390 = ADVANCED_FACE('',(#391),#434,.T.);
#391 = FACE_BOUND('',#392,.T.);
#392 = EDGE_LOOP('',(#393,#403,#411,#419,#427));
#393 = ORIENTED_EDGE('',*,*,#394,.T.);
#394 = EDGE_CURVE('',#395,#397,#399,.T.);
#395 = VERTEX_POINT('',#396);
#396 = CARTESIAN_POINT('',(62.270625804728,214.51669331296,0.31455914224
    ));
#397 = VERTEX_POINT('',#398);
#398 = CARTESIAN_POINT('',(62.270625804728,215.23921019652,
    1.000000000001));
#399 = LINE('',#400,#401);
#400 = CARTESIAN_POINT('',(62.270625804728,214.43952502343,
    0.241350751172));
#401 = VECTOR('',#402,1.);
#402 = DIRECTION('',(4.374791991869E-15,0.725475669662,0.688247813457));
#403 = ORIENTED_EDGE('',*,*,#404,.T.);
#404 = EDGE_CURVE('',#397,#405,#407,.T.);
#405 = VERTEX_POINT('',#406);
#406 = CARTESIAN_POINT('',(66.104474031686,213.96128237329,
    1.000000000001));
#407 = LINE('',#408,#409);
#408 = CARTESIAN_POINT('',(72.065720864848,211.97423365924,
    1.000000000001));
#409 = VECTOR('',#410,1.);
#410 = DIRECTION('',(0.948684900455,-0.316222958761,1.161803926742E-16)
  );
#411 = ORIENTED_EDGE('',*,*,#412,.T.);
#412 = EDGE_CURVE('',#405,#413,#415,.T.);
#413 = VERTEX_POINT('',#414);
#414 = CARTESIAN_POINT('',(65.788251072924,213.01259747284,
    5.782041512248E-13));
#415 = LINE('',#416,#417);
#416 = CARTESIAN_POINT('',(66.104474031686,213.96128237329,
    1.000000000001));
#417 = VECTOR('',#418,1.);
#418 = DIRECTION('',(-0.223603398507,-0.670821526321,-0.707106781187));
#419 = ORIENTED_EDGE('',*,*,#420,.T.);
#420 = EDGE_CURVE('',#413,#421,#423,.T.);
#421 = VERTEX_POINT('',#422);
#422 = CARTESIAN_POINT('',(62.207848632503,214.2060447942,
    5.782041512248E-13));
#423 = LINE('',#424,#425);
#424 = CARTESIAN_POINT('',(71.749497906087,211.02554875879,
    5.782041512248E-13));
#425 = VECTOR('',#426,1.);
#426 = DIRECTION('',(-0.948684900455,0.316222958761,-1.161803926742E-16)
  );
#427 = ORIENTED_EDGE('',*,*,#428,.T.);
#428 = EDGE_CURVE('',#421,#395,#429,.T.);
#429 = ELLIPSE('',#430,1.131370849898,0.8);
#430 = AXIS2_PLACEMENT_3D('',#431,#432,#433);
#431 = CARTESIAN_POINT('',(61.470625804729,214.51669331296,
    6.158077523111E-02));
#432 = DIRECTION('',(-0.223603398507,-0.670821526321,0.707106781187));
#433 = DIRECTION('',(-0.223603398507,-0.670821526321,-0.707106781187));
#434 = PLANE('',#435);
#435 = AXIS2_PLACEMENT_3D('',#436,#437,#438);
#436 = CARTESIAN_POINT('',(71.907609385467,211.49989120901,
    0.500000000001));
#437 = DIRECTION('',(0.223603398507,0.670821526321,-0.707106781187));
#438 = DIRECTION('',(-0.953463906913,1.942890293094E-16,-0.301507177716)
  );
#439 = ADVANCED_FACE('',(#440),#472,.T.);
#440 = FACE_BOUND('',#441,.T.);
#441 = EDGE_LOOP('',(#442,#452,#458,#466));
#442 = ORIENTED_EDGE('',*,*,#443,.T.);
#443 = EDGE_CURVE('',#444,#446,#448,.T.);
#444 = VERTEX_POINT('',#445);
#445 = CARTESIAN_POINT('',(66.788251072924,196.51120815841,
    1.000000000001));
#446 = VERTEX_POINT('',#447);
#447 = CARTESIAN_POINT('',(65.788251072924,196.51120815841,
    5.782041512248E-13));
#448 = LINE('',#449,#450);
#449 = CARTESIAN_POINT('',(66.788251072924,196.51120815841,
    1.000000000001));
#450 = VECTOR('',#451,1.);
#451 = DIRECTION('',(-0.707106781187,0.,-0.707106781187));
#452 = ORIENTED_EDGE('',*,*,#453,.T.);
#453 = EDGE_CURVE('',#446,#413,#454,.T.);
#454 = LINE('',#455,#456);
#455 = CARTESIAN_POINT('',(65.788251072924,160.77479611669,
    5.782041512248E-13));
#456 = VECTOR('',#457,1.);
#457 = DIRECTION('',(0.,1.,0.));
#458 = ORIENTED_EDGE('',*,*,#459,.T.);
#459 = EDGE_CURVE('',#413,#460,#462,.T.);
#460 = VERTEX_POINT('',#461);
#461 = CARTESIAN_POINT('',(66.788251072924,213.01259747284,
    1.000000000001));
#462 = LINE('',#463,#464);
#463 = CARTESIAN_POINT('',(65.788251072924,213.01259747284,
    5.782041512248E-13));
#464 = VECTOR('',#465,1.);
#465 = DIRECTION('',(0.707106781187,0.,0.707106781187));
#466 = ORIENTED_EDGE('',*,*,#467,.T.);
#467 = EDGE_CURVE('',#460,#444,#468,.T.);
#468 = LINE('',#469,#470);
#469 = CARTESIAN_POINT('',(66.788251072924,160.77479611669,
    1.000000000001));
#470 = VECTOR('',#471,1.);
#471 = DIRECTION('',(0.,-1.,0.));
#472 = PLANE('',#473);
#473 = AXIS2_PLACEMENT_3D('',#474,#475,#476);
#474 = CARTESIAN_POINT('',(66.288251072924,160.77479611669,
    0.500000000001));
#475 = DIRECTION('',(0.707106781187,0.,-0.707106781187));
#476 = DIRECTION('',(-0.707106781187,0.,-0.707106781187));
#477 = ADVANCED_FACE('',(#478),#505,.F.);
#478 = FACE_BOUND('',#479,.F.);
#479 = EDGE_LOOP('',(#480,#489,#490,#499));
#480 = ORIENTED_EDGE('',*,*,#481,.F.);
#481 = EDGE_CURVE('',#444,#482,#484,.T.);
#482 = VERTEX_POINT('',#483);
#483 = CARTESIAN_POINT('',(67.614620847099,194.44352064784,
    1.000000000001));
#484 = CIRCLE('',#485,3.);
#485 = AXIS2_PLACEMENT_3D('',#486,#487,#488);
#486 = CARTESIAN_POINT('',(69.788251072925,196.51120815841,
    1.000000000001));
#487 = DIRECTION('',(-1.224646799147E-16,0.,1.));
#488 = DIRECTION('',(-1.,-2.901382837687E-13,-1.224646799147E-16));
#489 = ORIENTED_EDGE('',*,*,#443,.T.);
#490 = ORIENTED_EDGE('',*,*,#491,.F.);
#491 = EDGE_CURVE('',#492,#446,#494,.T.);
#492 = VERTEX_POINT('',#493);
#493 = CARTESIAN_POINT('',(66.890077438491,193.75429147765,
    5.782041512248E-13));
#494 = CIRCLE('',#495,4.);
#495 = AXIS2_PLACEMENT_3D('',#496,#497,#498);
#496 = CARTESIAN_POINT('',(69.788251072925,196.51120815841,
    5.782041512248E-13));
#497 = DIRECTION('',(1.224646799147E-16,0.,-1.));
#498 = DIRECTION('',(-1.,-2.901382837687E-13,-1.224646799147E-16));
#499 = ORIENTED_EDGE('',*,*,#500,.F.);
#500 = EDGE_CURVE('',#482,#492,#501,.T.);
#501 = LINE('',#502,#503);
#502 = CARTESIAN_POINT('',(67.614620847099,194.44352064784,
    1.000000000001));
#503 = VECTOR('',#504,1.);
#504 = DIRECTION('',(-0.512329557491,-0.487358620034,-0.707106781187));
#505 = CONICAL_SURFACE('',#506,3.5,0.785398163397);
#506 = AXIS2_PLACEMENT_3D('',#507,#508,#509);
#507 = CARTESIAN_POINT('',(69.788251072925,196.51120815841,
    0.500000000001));
#508 = DIRECTION('',(0.,0.,-1.));
#509 = DIRECTION('',(-1.,-2.901382837687E-13,-0.));
#510 = ADVANCED_FACE('',(#511),#536,.T.);
#511 = FACE_BOUND('',#512,.T.);
#512 = EDGE_LOOP('',(#513,#523,#529,#530));
#513 = ORIENTED_EDGE('',*,*,#514,.T.);
#514 = EDGE_CURVE('',#515,#517,#519,.T.);
#515 = VERTEX_POINT('',#516);
#516 = CARTESIAN_POINT('',(72.88281744796,188.90539590284,1.000000000001
    ));
#517 = VERTEX_POINT('',#518);
#518 = CARTESIAN_POINT('',(72.158274039351,188.21616673265,
    5.782041512248E-13));
#519 = LINE('',#520,#521);
#520 = CARTESIAN_POINT('',(72.88281744796,188.90539590284,1.000000000001
    ));
#521 = VECTOR('',#522,1.);
#522 = DIRECTION('',(-0.512329557491,-0.487358620033,-0.707106781187));
#523 = ORIENTED_EDGE('',*,*,#524,.T.);
#524 = EDGE_CURVE('',#517,#492,#525,.T.);
#525 = LINE('',#526,#527);
#526 = CARTESIAN_POINT('',(83.79287395991,175.98544138202,
    5.884182030513E-13));
#527 = VECTOR('',#528,1.);
#528 = DIRECTION('',(-0.689229170191,0.724543408609,-8.440622971529E-17)
  );
#529 = ORIENTED_EDGE('',*,*,#500,.F.);
#530 = ORIENTED_EDGE('',*,*,#531,.T.);
#531 = EDGE_CURVE('',#482,#515,#532,.T.);
#532 = LINE('',#533,#534);
#533 = CARTESIAN_POINT('',(84.517417368518,176.67467055221,
    1.000000000001));
#534 = VECTOR('',#535,1.);
#535 = DIRECTION('',(0.689229170191,-0.724543408609,8.440622971529E-17)
  );
#536 = PLANE('',#537);
#537 = AXIS2_PLACEMENT_3D('',#538,#539,#540);
#538 = CARTESIAN_POINT('',(84.155145664214,176.33005596712,
    0.500000000001));
#539 = DIRECTION('',(0.512329557491,0.487358620033,-0.707106781187));
#540 = DIRECTION('',(-0.809786113793,5.551115123126E-17,-0.586725191132)
  );
#541 = ADVANCED_FACE('',(#542),#569,.T.);
#542 = FACE_BOUND('',#543,.T.);
#543 = EDGE_LOOP('',(#544,#554,#561,#562));
#544 = ORIENTED_EDGE('',*,*,#545,.T.);
#545 = EDGE_CURVE('',#546,#548,#550,.T.);
#546 = VERTEX_POINT('',#547);
#547 = CARTESIAN_POINT('',(73.709187222135,186.83770839227,
    1.000000000001));
#548 = VERTEX_POINT('',#549);
#549 = CARTESIAN_POINT('',(72.709187222135,186.83770839227,
    5.782041512248E-13));
#550 = LINE('',#551,#552);
#551 = CARTESIAN_POINT('',(73.709187222135,186.83770839227,
    1.000000000001));
#552 = VECTOR('',#553,1.);
#553 = DIRECTION('',(-0.707106781187,-2.637755330589E-13,-0.707106781187
    ));
#554 = ORIENTED_EDGE('',*,*,#555,.T.);
#555 = EDGE_CURVE('',#548,#517,#556,.T.);
#556 = CIRCLE('',#557,2.);
#557 = AXIS2_PLACEMENT_3D('',#558,#559,#560);
#558 = CARTESIAN_POINT('',(70.709187222134,186.83770839226,
    5.782041512248E-13));
#559 = DIRECTION('',(-1.224646799147E-16,0.,1.));
#560 = DIRECTION('',(0.724543408608,0.689229170191,8.873097661956E-17));
#561 = ORIENTED_EDGE('',*,*,#514,.F.);
#562 = ORIENTED_EDGE('',*,*,#563,.T.);
#563 = EDGE_CURVE('',#515,#546,#564,.T.);
#564 = CIRCLE('',#565,3.);
#565 = AXIS2_PLACEMENT_3D('',#566,#567,#568);
#566 = CARTESIAN_POINT('',(70.709187222134,186.83770839226,
    1.000000000001));
#567 = DIRECTION('',(1.224646799147E-16,0.,-1.));
#568 = DIRECTION('',(0.724543408608,0.689229170191,8.873097661956E-17));
#569 = CONICAL_SURFACE('',#570,2.5,0.785398163397);
#570 = AXIS2_PLACEMENT_3D('',#571,#572,#573);
#571 = CARTESIAN_POINT('',(70.709187222134,186.83770839226,
    0.500000000001));
#572 = DIRECTION('',(0.,0.,1.));
#573 = DIRECTION('',(0.724543408608,0.689229170191,-0.));
#574 = ADVANCED_FACE('',(#575),#600,.T.);
#575 = FACE_BOUND('',#576,.T.);
#576 = EDGE_LOOP('',(#577,#587,#593,#594));
#577 = ORIENTED_EDGE('',*,*,#578,.T.);
#578 = EDGE_CURVE('',#579,#581,#583,.T.);
#579 = VERTEX_POINT('',#580);
#580 = CARTESIAN_POINT('',(73.709187222135,181.77954834853,
    1.000000000001));
#581 = VERTEX_POINT('',#582);
#582 = CARTESIAN_POINT('',(72.709187222135,181.77954834853,
    5.782041512248E-13));
#583 = LINE('',#584,#585);
#584 = CARTESIAN_POINT('',(73.709187222135,181.77954834853,
    1.000000000001));
#585 = VECTOR('',#586,1.);
#586 = DIRECTION('',(-0.707106781187,0.,-0.707106781187));
#587 = ORIENTED_EDGE('',*,*,#588,.T.);
#588 = EDGE_CURVE('',#581,#548,#589,.T.);
#589 = LINE('',#590,#591);
#590 = CARTESIAN_POINT('',(72.709187222135,147.68735157641,
    5.782041512248E-13));
#591 = VECTOR('',#592,1.);
#592 = DIRECTION('',(8.779659125255E-16,1.,1.075198144535E-31));
#593 = ORIENTED_EDGE('',*,*,#545,.F.);
#594 = ORIENTED_EDGE('',*,*,#595,.T.);
#595 = EDGE_CURVE('',#546,#579,#596,.T.);
#596 = LINE('',#597,#598);
#597 = CARTESIAN_POINT('',(73.709187222135,147.68735157641,
    1.000000000001));
#598 = VECTOR('',#599,1.);
#599 = DIRECTION('',(-8.779659125255E-16,-1.,-1.075198144535E-31));
#600 = PLANE('',#601);
#601 = AXIS2_PLACEMENT_3D('',#602,#603,#604);
#602 = CARTESIAN_POINT('',(73.209187222135,147.68735157641,
    0.500000000001));
#603 = DIRECTION('',(0.707106781187,-6.208156503974E-16,-0.707106781187)
  );
#604 = DIRECTION('',(-0.707106781187,0.,-0.707106781187));
#605 = ADVANCED_FACE('',(#606),#633,.T.);
#606 = FACE_BOUND('',#607,.T.);
#607 = EDGE_LOOP('',(#608,#618,#625,#626));
#608 = ORIENTED_EDGE('',*,*,#609,.T.);
#609 = EDGE_CURVE('',#610,#612,#614,.T.);
#610 = VERTEX_POINT('',#611);
#611 = CARTESIAN_POINT('',(72.700313578475,179.53557512385,
    1.000000000001));
#612 = VERTEX_POINT('',#613);
#613 = CARTESIAN_POINT('',(72.036604793028,180.28356619874,
    5.782041512248E-13));
#614 = LINE('',#615,#616);
#615 = CARTESIAN_POINT('',(72.700313578475,179.53557512385,
    1.000000000001));
#616 = VECTOR('',#617,1.);
#617 = DIRECTION('',(-0.469312982923,0.528909561324,-0.707106781187));
#618 = ORIENTED_EDGE('',*,*,#619,.T.);
#619 = EDGE_CURVE('',#612,#581,#620,.T.);
#620 = CIRCLE('',#621,2.);
#621 = AXIS2_PLACEMENT_3D('',#622,#623,#624);
#622 = CARTESIAN_POINT('',(70.709187222135,181.77954834853,
    5.782041512248E-13));
#623 = DIRECTION('',(-1.224646799147E-16,0.,1.));
#624 = DIRECTION('',(1.,5.240252676231E-13,1.224646799147E-16));
#625 = ORIENTED_EDGE('',*,*,#578,.F.);
#626 = ORIENTED_EDGE('',*,*,#627,.T.);
#627 = EDGE_CURVE('',#579,#610,#628,.T.);
#628 = CIRCLE('',#629,3.);
#629 = AXIS2_PLACEMENT_3D('',#630,#631,#632);
#630 = CARTESIAN_POINT('',(70.709187222135,181.77954834853,
    1.000000000001));
#631 = DIRECTION('',(1.224646799147E-16,0.,-1.));
#632 = DIRECTION('',(1.,5.240252676231E-13,1.224646799147E-16));
#633 = CONICAL_SURFACE('',#634,2.5,0.785398163397);
#634 = AXIS2_PLACEMENT_3D('',#635,#636,#637);
#635 = CARTESIAN_POINT('',(70.709187222135,181.77954834853,
    0.500000000001));
#636 = DIRECTION('',(0.,0.,1.));
#637 = DIRECTION('',(1.,5.240252676231E-13,-0.));
#638 = ADVANCED_FACE('',(#639),#664,.T.);
#639 = FACE_BOUND('',#640,.T.);
#640 = EDGE_LOOP('',(#641,#651,#657,#658));
#641 = ORIENTED_EDGE('',*,*,#642,.T.);
#642 = EDGE_CURVE('',#643,#645,#647,.T.);
#643 = VERTEX_POINT('',#644);
#644 = CARTESIAN_POINT('',(69.898560363318,177.04951842348,
    1.000000000001));
#645 = VERTEX_POINT('',#646);
#646 = CARTESIAN_POINT('',(69.234851577872,177.79750949838,
    5.782041512248E-13));
#647 = LINE('',#648,#649);
#648 = CARTESIAN_POINT('',(69.898560363318,177.04951842348,
    1.000000000001));
#649 = VECTOR('',#650,1.);
#650 = DIRECTION('',(-0.469312982922,0.528909561325,-0.707106781187));
#651 = ORIENTED_EDGE('',*,*,#652,.T.);
#652 = EDGE_CURVE('',#645,#612,#653,.T.);
#653 = LINE('',#654,#655);
#654 = CARTESIAN_POINT('',(47.634902524721,158.63140386833,
    5.782041512248E-13));
#655 = VECTOR('',#656,1.);
#656 = DIRECTION('',(0.747991074894,0.663708785446,9.160248756603E-17));
#657 = ORIENTED_EDGE('',*,*,#609,.F.);
#658 = ORIENTED_EDGE('',*,*,#659,.T.);
#659 = EDGE_CURVE('',#610,#643,#660,.T.);
#660 = LINE('',#661,#662);
#661 = CARTESIAN_POINT('',(48.298611310167,157.88341279343,
    1.000000000001));
#662 = VECTOR('',#663,1.);
#663 = DIRECTION('',(-0.747991074894,-0.663708785446,-9.160248756603E-17
    ));
#664 = PLANE('',#665);
#665 = AXIS2_PLACEMENT_3D('',#666,#667,#668);
#666 = CARTESIAN_POINT('',(47.966756917444,158.25740833088,
    0.500000000001));
#667 = DIRECTION('',(0.469312982922,-0.528909561325,-0.707106781187));
#668 = DIRECTION('',(-0.833185990511,1.942890293094E-16,-0.552992861813)
  );
#669 = ADVANCED_FACE('',(#670),#697,.F.);
#670 = FACE_BOUND('',#671,.F.);
#671 = EDGE_LOOP('',(#672,#681,#682,#691));
#672 = ORIENTED_EDGE('',*,*,#673,.F.);
#673 = EDGE_CURVE('',#643,#674,#676,.T.);
#674 = VERTEX_POINT('',#675);
#675 = CARTESIAN_POINT('',(68.889686719659,174.8055451988,1.000000000001
    ));
#676 = CIRCLE('',#677,3.);
#677 = AXIS2_PLACEMENT_3D('',#678,#679,#680);
#678 = CARTESIAN_POINT('',(71.889686719659,174.8055451988,1.000000000001
    ));
#679 = DIRECTION('',(-1.224646799147E-16,0.,1.));
#680 = DIRECTION('',(-0.663708785447,0.747991074894,-8.128088396635E-17)
  );
#681 = ORIENTED_EDGE('',*,*,#642,.T.);
#682 = ORIENTED_EDGE('',*,*,#683,.F.);
#683 = EDGE_CURVE('',#684,#645,#686,.T.);
#684 = VERTEX_POINT('',#685);
#685 = CARTESIAN_POINT('',(67.889686719659,174.8055451988,
    5.782041512248E-13));
#686 = CIRCLE('',#687,4.);
#687 = AXIS2_PLACEMENT_3D('',#688,#689,#690);
#688 = CARTESIAN_POINT('',(71.889686719659,174.8055451988,
    5.782041512248E-13));
#689 = DIRECTION('',(1.224646799147E-16,0.,-1.));
#690 = DIRECTION('',(-0.663708785447,0.747991074894,-8.128088396635E-17)
  );
#691 = ORIENTED_EDGE('',*,*,#692,.F.);
#692 = EDGE_CURVE('',#674,#684,#693,.T.);
#693 = LINE('',#694,#695);
#694 = CARTESIAN_POINT('',(68.889686719659,174.8055451988,1.000000000001
    ));
#695 = VECTOR('',#696,1.);
#696 = DIRECTION('',(-0.707106781187,-3.32859601241E-13,-0.707106781187)
  );
#697 = CONICAL_SURFACE('',#698,3.5,0.785398163397);
#698 = AXIS2_PLACEMENT_3D('',#699,#700,#701);
#699 = CARTESIAN_POINT('',(71.889686719659,174.8055451988,0.500000000001
    ));
#700 = DIRECTION('',(0.,0.,-1.));
#701 = DIRECTION('',(-0.663708785447,0.747991074894,0.));
#702 = ADVANCED_FACE('',(#703),#728,.T.);
#703 = FACE_BOUND('',#704,.T.);
#704 = EDGE_LOOP('',(#705,#715,#721,#722));
#705 = ORIENTED_EDGE('',*,*,#706,.T.);
#706 = EDGE_CURVE('',#707,#709,#711,.T.);
#707 = VERTEX_POINT('',#708);
#708 = CARTESIAN_POINT('',(68.889686719659,165.41259965286,
    1.000000000001));
#709 = VERTEX_POINT('',#710);
#710 = CARTESIAN_POINT('',(67.889686719659,165.41259965286,
    5.782041512248E-13));
#711 = LINE('',#712,#713);
#712 = CARTESIAN_POINT('',(68.889686719659,165.41259965286,
    1.000000000001));
#713 = VECTOR('',#714,1.);
#714 = DIRECTION('',(-0.707106781187,0.,-0.707106781187));
#715 = ORIENTED_EDGE('',*,*,#716,.T.);
#716 = EDGE_CURVE('',#709,#684,#717,.T.);
#717 = LINE('',#718,#719);
#718 = CARTESIAN_POINT('',(67.889686719659,141.67126997967,
    5.782041512248E-13));
#719 = VECTOR('',#720,1.);
#720 = DIRECTION('',(0.,1.,0.));
#721 = ORIENTED_EDGE('',*,*,#692,.F.);
#722 = ORIENTED_EDGE('',*,*,#723,.T.);
#723 = EDGE_CURVE('',#674,#707,#724,.T.);
#724 = LINE('',#725,#726);
#725 = CARTESIAN_POINT('',(68.889686719659,141.67126997967,
    1.000000000001));
#726 = VECTOR('',#727,1.);
#727 = DIRECTION('',(0.,-1.,0.));
#728 = PLANE('',#729);
#729 = AXIS2_PLACEMENT_3D('',#730,#731,#732);
#730 = CARTESIAN_POINT('',(68.389686719659,141.67126997967,
    0.500000000001));
#731 = DIRECTION('',(0.707106781187,0.,-0.707106781187));
#732 = DIRECTION('',(-0.707106781187,0.,-0.707106781187));
#733 = ADVANCED_FACE('',(#734),#761,.F.);
#734 = FACE_BOUND('',#735,.F.);
#735 = EDGE_LOOP('',(#736,#745,#746,#755));
#736 = ORIENTED_EDGE('',*,*,#737,.F.);
#737 = EDGE_CURVE('',#707,#738,#740,.T.);
#738 = VERTEX_POINT('',#739);
#739 = CARTESIAN_POINT('',(69.768366376099,163.2912793093,1.000000000001
    ));
#740 = CIRCLE('',#741,3.);
#741 = AXIS2_PLACEMENT_3D('',#742,#743,#744);
#742 = CARTESIAN_POINT('',(71.889686719659,165.41259965286,
    1.000000000001));
#743 = DIRECTION('',(-1.224646799147E-16,0.,1.));
#744 = DIRECTION('',(-1.,1.184237892934E-14,-1.224646799147E-16));
#745 = ORIENTED_EDGE('',*,*,#706,.T.);
#746 = ORIENTED_EDGE('',*,*,#747,.F.);
#747 = EDGE_CURVE('',#748,#709,#750,.T.);
#748 = VERTEX_POINT('',#749);
#749 = CARTESIAN_POINT('',(69.061259594912,162.58417252812,
    5.782041512248E-13));
#750 = CIRCLE('',#751,4.);
#751 = AXIS2_PLACEMENT_3D('',#752,#753,#754);
#752 = CARTESIAN_POINT('',(71.889686719659,165.41259965286,
    5.782041512248E-13));
#753 = DIRECTION('',(1.224646799147E-16,0.,-1.));
#754 = DIRECTION('',(-1.,1.184237892934E-14,-1.224646799147E-16));
#755 = ORIENTED_EDGE('',*,*,#756,.F.);
#756 = EDGE_CURVE('',#738,#748,#757,.T.);
#757 = LINE('',#758,#759);
#758 = CARTESIAN_POINT('',(69.768366376099,163.2912793093,1.000000000001
    ));
#759 = VECTOR('',#760,1.);
#760 = DIRECTION('',(-0.5,-0.5,-0.707106781187));
#761 = CONICAL_SURFACE('',#762,3.5,0.785398163397);
#762 = AXIS2_PLACEMENT_3D('',#763,#764,#765);
#763 = CARTESIAN_POINT('',(71.889686719659,165.41259965286,
    0.500000000001));
#764 = DIRECTION('',(0.,0.,-1.));
#765 = DIRECTION('',(-1.,1.184237892934E-14,0.));
#766 = ADVANCED_FACE('',(#767),#792,.T.);
#767 = FACE_BOUND('',#768,.T.);
#768 = EDGE_LOOP('',(#769,#779,#785,#786));
#769 = ORIENTED_EDGE('',*,*,#770,.T.);
#770 = EDGE_CURVE('',#771,#773,#775,.T.);
#771 = VERTEX_POINT('',#772);
#772 = CARTESIAN_POINT('',(79.145483923013,153.91416176239,
    1.000000000001));
#773 = VERTEX_POINT('',#774);
#774 = CARTESIAN_POINT('',(78.438377141826,153.2070549812,
    5.884182030513E-13));
#775 = LINE('',#776,#777);
#776 = CARTESIAN_POINT('',(79.145483923013,153.91416176239,
    1.000000000001));
#777 = VECTOR('',#778,1.);
#778 = DIRECTION('',(-0.5,-0.5,-0.707106781187));
#779 = ORIENTED_EDGE('',*,*,#780,.T.);
#780 = EDGE_CURVE('',#773,#748,#781,.T.);
#781 = LINE('',#782,#783);
#782 = CARTESIAN_POINT('',(77.425395589431,154.2200365336,
    5.884182030513E-13));
#783 = VECTOR('',#784,1.);
#784 = DIRECTION('',(-0.707106781186,0.707106781187,-8.659560562354E-17)
  );
#785 = ORIENTED_EDGE('',*,*,#756,.F.);
#786 = ORIENTED_EDGE('',*,*,#787,.T.);
#787 = EDGE_CURVE('',#738,#771,#788,.T.);
#788 = LINE('',#789,#790);
#789 = CARTESIAN_POINT('',(78.132502370618,154.92714331478,
    1.000000000001));
#790 = VECTOR('',#791,1.);
#791 = DIRECTION('',(0.707106781186,-0.707106781187,8.659560562354E-17)
  );
#792 = PLANE('',#793);
#793 = AXIS2_PLACEMENT_3D('',#794,#795,#796);
#794 = CARTESIAN_POINT('',(77.778948980025,154.57358992419,
    0.500000000001));
#795 = DIRECTION('',(0.5,0.5,-0.707106781187));
#796 = DIRECTION('',(-0.816496580928,1.110223024625E-16,-0.57735026919)
  );
#797 = ADVANCED_FACE('',(#798),#825,.F.);
#798 = FACE_BOUND('',#799,.F.);
#799 = EDGE_LOOP('',(#800,#809,#810,#819));
#800 = ORIENTED_EDGE('',*,*,#801,.F.);
#801 = EDGE_CURVE('',#771,#802,#804,.T.);
#802 = VERTEX_POINT('',#803);
#803 = CARTESIAN_POINT('',(82.122354125909,152.14767849496,
    1.000000000001));
#804 = CIRCLE('',#805,7.);
#805 = AXIS2_PLACEMENT_3D('',#806,#807,#808);
#806 = CARTESIAN_POINT('',(84.095231391319,158.86390923069,
    1.000000000001));
#807 = DIRECTION('',(-1.224646799147E-16,-1.232595164408E-32,1.));
#808 = DIRECTION('',(-0.707106781187,-0.707106781186,-8.659560562356E-17
    ));
#809 = ORIENTED_EDGE('',*,*,#770,.T.);
#810 = ORIENTED_EDGE('',*,*,#811,.F.);
#811 = EDGE_CURVE('',#812,#773,#814,.T.);
#812 = VERTEX_POINT('',#813);
#813 = CARTESIAN_POINT('',(81.840514516564,151.18821696128,
    5.884182030513E-13));
#814 = CIRCLE('',#815,8.);
#815 = AXIS2_PLACEMENT_3D('',#816,#817,#818);
#816 = CARTESIAN_POINT('',(84.095231391319,158.86390923069,
    5.884182030513E-13));
#817 = DIRECTION('',(1.224646799147E-16,1.232595164408E-32,-1.));
#818 = DIRECTION('',(-0.707106781187,-0.707106781186,-8.659560562356E-17
    ));
#819 = ORIENTED_EDGE('',*,*,#820,.F.);
#820 = EDGE_CURVE('',#802,#812,#821,.T.);
#821 = LINE('',#822,#823);
#822 = CARTESIAN_POINT('',(82.122354125909,152.14767849496,
    1.000000000001));
#823 = VECTOR('',#824,1.);
#824 = DIRECTION('',(-0.199290698974,-0.67844175675,-0.707106781187));
#825 = CONICAL_SURFACE('',#826,7.5,0.785398163397);
#826 = AXIS2_PLACEMENT_3D('',#827,#828,#829);
#827 = CARTESIAN_POINT('',(84.095231391319,158.86390923069,
    0.500000000001));
#828 = DIRECTION('',(0.,0.,-1.));
#829 = DIRECTION('',(-0.707106781187,-0.707106781186,-0.));
#830 = ADVANCED_FACE('',(#831),#856,.T.);
#831 = FACE_BOUND('',#832,.T.);
#832 = EDGE_LOOP('',(#833,#843,#849,#850));
#833 = ORIENTED_EDGE('',*,*,#834,.T.);
#834 = EDGE_CURVE('',#835,#837,#839,.T.);
#835 = VERTEX_POINT('',#836);
#836 = CARTESIAN_POINT('',(89.848616739971,149.87810669827,
    1.000000000001));
#837 = VERTEX_POINT('',#838);
#838 = CARTESIAN_POINT('',(89.566777130626,148.91864516459,
    5.884182030513E-13));
#839 = LINE('',#840,#841);
#840 = CARTESIAN_POINT('',(89.848616739971,149.87810669827,
    1.000000000001));
#841 = VECTOR('',#842,1.);
#842 = DIRECTION('',(-0.199290698974,-0.67844175675,-0.707106781187));
#843 = ORIENTED_EDGE('',*,*,#844,.T.);
#844 = EDGE_CURVE('',#837,#812,#845,.T.);
#845 = LINE('',#846,#847);
#846 = CARTESIAN_POINT('',(72.24766420605,154.00609458234,
    5.782041512248E-13));
#847 = VECTOR('',#848,1.);
#848 = DIRECTION('',(-0.959461533676,0.281839609344,-1.175001496122E-16)
  );
#849 = ORIENTED_EDGE('',*,*,#820,.F.);
#850 = ORIENTED_EDGE('',*,*,#851,.T.);
#851 = EDGE_CURVE('',#802,#835,#852,.T.);
#852 = LINE('',#853,#854);
#853 = CARTESIAN_POINT('',(72.529503815394,154.96555611602,
    1.000000000001));
#854 = VECTOR('',#855,1.);
#855 = DIRECTION('',(0.959461533676,-0.281839609344,1.175001496122E-16)
  );
#856 = PLANE('',#857);
#857 = AXIS2_PLACEMENT_3D('',#858,#859,#860);
#858 = CARTESIAN_POINT('',(72.388584010722,154.48582534918,
    0.500000000001));
#859 = DIRECTION('',(0.199290698974,0.67844175675,-0.707106781187));
#860 = DIRECTION('',(-0.962502886819,1.942890293094E-16,-0.271271437614)
  );
#861 = ADVANCED_FACE('',(#862),#889,.T.);
#862 = FACE_BOUND('',#863,.T.);
#863 = EDGE_LOOP('',(#864,#874,#881,#882));
#864 = ORIENTED_EDGE('',*,*,#865,.T.);
#865 = EDGE_CURVE('',#866,#868,#870,.T.);
#866 = VERTEX_POINT('',#867);
#867 = CARTESIAN_POINT('',(93.416272559803,147.4400172799,1.000000000001
    ));
#868 = VERTEX_POINT('',#869);
#869 = CARTESIAN_POINT('',(92.624767833339,146.82885423456,
    5.884182030513E-13));
#870 = LINE('',#871,#872);
#871 = CARTESIAN_POINT('',(93.416272559803,147.4400172799,1.000000000001
    ));
#872 = VECTOR('',#873,1.);
#873 = DIRECTION('',(-0.559678359423,-0.432157533769,-0.707106781187));
#874 = ORIENTED_EDGE('',*,*,#875,.T.);
#875 = EDGE_CURVE('',#868,#837,#876,.T.);
#876 = CIRCLE('',#877,5.999999999999);
#877 = AXIS2_PLACEMENT_3D('',#878,#879,#880);
#878 = CARTESIAN_POINT('',(87.875739474561,143.16187596254,
    5.884182030513E-13));
#879 = DIRECTION('',(-1.224646799147E-16,0.,1.));
#880 = DIRECTION('',(0.281839609344,0.959461533676,3.451539754565E-17));
#881 = ORIENTED_EDGE('',*,*,#834,.F.);
#882 = ORIENTED_EDGE('',*,*,#883,.T.);
#883 = EDGE_CURVE('',#835,#866,#884,.T.);
#884 = CIRCLE('',#885,6.999999999999);
#885 = AXIS2_PLACEMENT_3D('',#886,#887,#888);
#886 = CARTESIAN_POINT('',(87.875739474561,143.16187596254,
    1.000000000001));
#887 = DIRECTION('',(1.224646799147E-16,0.,-1.));
#888 = DIRECTION('',(0.281839609344,0.959461533676,3.451539754565E-17));
#889 = CONICAL_SURFACE('',#890,6.499999999999,0.785398163397);
#890 = AXIS2_PLACEMENT_3D('',#891,#892,#893);
#891 = CARTESIAN_POINT('',(87.875739474561,143.16187596254,
    0.500000000001));
#892 = DIRECTION('',(0.,0.,1.));
#893 = DIRECTION('',(0.281839609344,0.959461533676,-0.));
#894 = ADVANCED_FACE('',(#895),#920,.T.);
#895 = FACE_BOUND('',#896,.T.);
#896 = EDGE_LOOP('',(#897,#907,#913,#914));
#897 = ORIENTED_EDGE('',*,*,#898,.T.);
#898 = EDGE_CURVE('',#899,#901,#903,.T.);
#899 = VERTEX_POINT('',#900);
#900 = CARTESIAN_POINT('',(95.481784696068,144.76501487114,
    1.000000000001));
#901 = VERTEX_POINT('',#902);
#902 = CARTESIAN_POINT('',(94.690279969605,144.15385182581,
    5.884182030513E-13));
#903 = LINE('',#904,#905);
#904 = CARTESIAN_POINT('',(95.481784696068,144.76501487114,
    1.000000000001));
#905 = VECTOR('',#906,1.);
#906 = DIRECTION('',(-0.559678359423,-0.432157533769,-0.707106781187));
#907 = ORIENTED_EDGE('',*,*,#908,.T.);
#908 = EDGE_CURVE('',#901,#868,#909,.T.);
#909 = LINE('',#910,#911);
#910 = CARTESIAN_POINT('',(93.640156516503,145.51384517429,
    5.884182030513E-13));
#911 = VECTOR('',#912,1.);
#912 = DIRECTION('',(-0.611163045338,0.791504726463,-7.484588672298E-17)
  );
#913 = ORIENTED_EDGE('',*,*,#865,.F.);
#914 = ORIENTED_EDGE('',*,*,#915,.T.);
#915 = EDGE_CURVE('',#866,#899,#916,.T.);
#916 = LINE('',#917,#918);
#917 = CARTESIAN_POINT('',(94.431661242966,146.12500821963,
    1.000000000001));
#918 = VECTOR('',#919,1.);
#919 = DIRECTION('',(0.611163045338,-0.791504726463,7.484588672298E-17)
  );
#920 = PLANE('',#921);
#921 = AXIS2_PLACEMENT_3D('',#922,#923,#924);
#922 = CARTESIAN_POINT('',(94.035908879734,145.81942669696,
    0.500000000001));
#923 = DIRECTION('',(0.559678359423,0.432157533769,-0.707106781187));
#924 = DIRECTION('',(-0.784107615899,1.942890293094E-16,-0.62062488404)
  );
#925 = ADVANCED_FACE('',(#926),#953,.T.);
#926 = FACE_BOUND('',#927,.T.);
#927 = EDGE_LOOP('',(#928,#938,#945,#946));
#928 = ORIENTED_EDGE('',*,*,#929,.T.);
#929 = EDGE_CURVE('',#930,#932,#934,.T.);
#930 = VERTEX_POINT('',#931);
#931 = CARTESIAN_POINT('',(94.578155071141,135.24291261764,
    1.000000000001));
#932 = VERTEX_POINT('',#933);
#933 = CARTESIAN_POINT('',(93.915740291096,135.99204989423,
    5.884182030513E-13));
#934 = LINE('',#935,#936);
#935 = CARTESIAN_POINT('',(94.578155071141,135.24291261764,
    1.000000000001));
#936 = VECTOR('',#937,1.);
#937 = DIRECTION('',(-0.468397982928,0.529720048317,-0.707106781187));
#938 = ORIENTED_EDGE('',*,*,#939,.T.);
#939 = EDGE_CURVE('',#932,#901,#940,.T.);
#940 = CIRCLE('',#941,6.);
#941 = AXIS2_PLACEMENT_3D('',#942,#943,#944);
#942 = CARTESIAN_POINT('',(89.941251610826,140.48687355378,
    5.884182030513E-13));
#943 = DIRECTION('',(-1.224646799147E-16,0.,1.));
#944 = DIRECTION('',(0.791504726463,0.611163045338,9.693137297731E-17));
#945 = ORIENTED_EDGE('',*,*,#898,.F.);
#946 = ORIENTED_EDGE('',*,*,#947,.T.);
#947 = EDGE_CURVE('',#899,#930,#948,.T.);
#948 = CIRCLE('',#949,7.);
#949 = AXIS2_PLACEMENT_3D('',#950,#951,#952);
#950 = CARTESIAN_POINT('',(89.941251610826,140.48687355378,
    1.000000000001));
#951 = DIRECTION('',(1.224646799147E-16,0.,-1.));
#952 = DIRECTION('',(0.791504726463,0.611163045338,9.693137297731E-17));
#953 = CONICAL_SURFACE('',#954,6.5,0.785398163397);
#954 = AXIS2_PLACEMENT_3D('',#955,#956,#957);
#955 = CARTESIAN_POINT('',(89.941251610826,140.48687355378,
    0.500000000001));
#956 = DIRECTION('',(0.,0.,1.));
#957 = DIRECTION('',(0.791504726463,0.611163045338,-0.));
#958 = ADVANCED_FACE('',(#959),#984,.T.);
#959 = FACE_BOUND('',#960,.T.);
#960 = EDGE_LOOP('',(#961,#971,#977,#978));
#961 = ORIENTED_EDGE('',*,*,#962,.T.);
#962 = EDGE_CURVE('',#963,#965,#967,.T.);
#963 = VERTEX_POINT('',#964);
#964 = CARTESIAN_POINT('',(75.30486143582,118.20075630916,1.000000000001
    ));
#965 = VERTEX_POINT('',#966);
#966 = CARTESIAN_POINT('',(74.642446655776,118.94989358575,
    5.884182030513E-13));
#967 = LINE('',#968,#969);
#968 = CARTESIAN_POINT('',(75.30486143582,118.20075630916,1.000000000001
    ));
#969 = VECTOR('',#970,1.);
#970 = DIRECTION('',(-0.468397982928,0.529720048317,-0.707106781187));
#971 = ORIENTED_EDGE('',*,*,#972,.T.);
#972 = EDGE_CURVE('',#965,#932,#973,.T.);
#973 = LINE('',#974,#975);
#974 = CARTESIAN_POINT('',(74.351547005115,118.69266939717,
    5.884182030513E-13));
#975 = VECTOR('',#976,1.);
#976 = DIRECTION('',(0.749137276591,0.662414780045,9.174285678992E-17));
#977 = ORIENTED_EDGE('',*,*,#929,.F.);
#978 = ORIENTED_EDGE('',*,*,#979,.T.);
#979 = EDGE_CURVE('',#930,#963,#980,.T.);
#980 = LINE('',#981,#982);
#981 = CARTESIAN_POINT('',(75.01396178516,117.94353212058,1.000000000001
    ));
#982 = VECTOR('',#983,1.);
#983 = DIRECTION('',(-0.749137276591,-0.662414780045,-9.174285678992E-17
    ));
#984 = PLANE('',#985);
#985 = AXIS2_PLACEMENT_3D('',#986,#987,#988);
#986 = CARTESIAN_POINT('',(74.682754395138,118.31810075887,
    0.500000000001));
#987 = DIRECTION('',(0.468397982928,-0.529720048317,-0.707106781187));
#988 = DIRECTION('',(-0.833682701984,-1.110223024625E-16,-0.552243743662
    ));
#989 = ADVANCED_FACE('',(#990),#1017,.F.);
#990 = FACE_BOUND('',#991,.F.);
#991 = EDGE_LOOP('',(#992,#1001,#1002,#1011));
#992 = ORIENTED_EDGE('',*,*,#993,.F.);
#993 = EDGE_CURVE('',#963,#994,#996,.T.);
#994 = VERTEX_POINT('',#995);
#995 = CARTESIAN_POINT('',(75.304861435819,103.21801077734,
    1.000000000001));
#996 = CIRCLE('',#997,10.000000000001);
#997 = AXIS2_PLACEMENT_3D('',#998,#999,#1000);
#998 = CARTESIAN_POINT('',(81.929009236269,110.70938354325,
    1.000000000001));
#999 = DIRECTION('',(-1.224646799147E-16,-1.232595164408E-32,1.));
#1000 = DIRECTION('',(-0.662414780045,0.749137276591,-8.112241400897E-17
    ));
#1001 = ORIENTED_EDGE('',*,*,#962,.T.);
#1002 = ORIENTED_EDGE('',*,*,#1003,.F.);
#1003 = EDGE_CURVE('',#1004,#965,#1006,.T.);
#1004 = VERTEX_POINT('',#1005);
#1005 = CARTESIAN_POINT('',(74.642446655774,102.46887350075,
    5.884182030513E-13));
#1006 = CIRCLE('',#1007,11.000000000001);
#1007 = AXIS2_PLACEMENT_3D('',#1008,#1009,#1010);
#1008 = CARTESIAN_POINT('',(81.929009236269,110.70938354325,
    5.884182030513E-13));
#1009 = DIRECTION('',(1.224646799147E-16,1.232595164408E-32,-1.));
#1010 = DIRECTION('',(-0.662414780045,0.749137276591,-8.112241400897E-17
    ));
#1011 = ORIENTED_EDGE('',*,*,#1012,.F.);
#1012 = EDGE_CURVE('',#994,#1004,#1013,.T.);
#1013 = LINE('',#1014,#1015);
#1014 = CARTESIAN_POINT('',(75.304861435819,103.21801077734,
    1.000000000001));
#1015 = VECTOR('',#1016,1.);
#1016 = DIRECTION('',(-0.468397982928,-0.529720048317,-0.707106781187));
#1017 = CONICAL_SURFACE('',#1018,10.500000000001,0.785398163397);
#1018 = AXIS2_PLACEMENT_3D('',#1019,#1020,#1021);
#1019 = CARTESIAN_POINT('',(81.929009236269,110.70938354325,
    0.500000000001));
#1020 = DIRECTION('',(0.,0.,-1.));
#1021 = DIRECTION('',(-0.662414780045,0.749137276591,0.));
#1022 = ADVANCED_FACE('',(#1023),#1048,.T.);
#1023 = FACE_BOUND('',#1024,.T.);
#1024 = EDGE_LOOP('',(#1025,#1035,#1041,#1042));
#1025 = ORIENTED_EDGE('',*,*,#1026,.T.);
#1026 = EDGE_CURVE('',#1027,#1029,#1031,.T.);
#1027 = VERTEX_POINT('',#1028);
#1028 = CARTESIAN_POINT('',(94.578155071139,86.175854468855,
    1.000000000001));
#1029 = VERTEX_POINT('',#1030);
#1030 = CARTESIAN_POINT('',(93.915740291094,85.426717192264,
    5.884182030513E-13));
#1031 = LINE('',#1032,#1033);
#1032 = CARTESIAN_POINT('',(94.578155071139,86.175854468855,
    1.000000000001));
#1033 = VECTOR('',#1034,1.);
#1034 = DIRECTION('',(-0.468397982928,-0.529720048317,-0.707106781187));
#1035 = ORIENTED_EDGE('',*,*,#1036,.T.);
#1036 = EDGE_CURVE('',#1029,#1004,#1037,.T.);
#1037 = LINE('',#1038,#1039);
#1038 = CARTESIAN_POINT('',(65.792925537359,110.29394611204,
    5.782041512248E-13));
#1039 = VECTOR('',#1040,1.);
#1040 = DIRECTION('',(-0.749137276591,0.662414780045,-9.174285678992E-17
    ));
#1041 = ORIENTED_EDGE('',*,*,#1012,.F.);
#1042 = ORIENTED_EDGE('',*,*,#1043,.T.);
#1043 = EDGE_CURVE('',#994,#1027,#1044,.T.);
#1044 = LINE('',#1045,#1046);
#1045 = CARTESIAN_POINT('',(66.455340317404,111.04308338864,
    1.000000000001));
#1046 = VECTOR('',#1047,1.);
#1047 = DIRECTION('',(0.749137276591,-0.662414780045,9.174285678992E-17)
  );
#1048 = PLANE('',#1049);
#1049 = AXIS2_PLACEMENT_3D('',#1050,#1051,#1052);
#1050 = CARTESIAN_POINT('',(66.124132927382,110.66851475034,
    0.500000000001));
#1051 = DIRECTION('',(0.468397982928,0.529720048317,-0.707106781187));
#1052 = DIRECTION('',(-0.833682701984,3.608224830032E-16,-0.552243743662
    ));
#1053 = ADVANCED_FACE('',(#1054),#1081,.T.);
#1054 = FACE_BOUND('',#1055,.T.);
#1055 = EDGE_LOOP('',(#1056,#1066,#1073,#1074));
#1056 = ORIENTED_EDGE('',*,*,#1057,.T.);
#1057 = EDGE_CURVE('',#1058,#1060,#1062,.T.);
#1058 = VERTEX_POINT('',#1059);
#1059 = CARTESIAN_POINT('',(95.481784696068,76.653752215353,
    1.000000000001));
#1060 = VERTEX_POINT('',#1061);
#1061 = CARTESIAN_POINT('',(94.690279969605,77.264915260691,
    5.884182030513E-13));
#1062 = LINE('',#1063,#1064);
#1063 = CARTESIAN_POINT('',(95.481784696068,76.653752215353,
    1.000000000001));
#1064 = VECTOR('',#1065,1.);
#1065 = DIRECTION('',(-0.559678359423,0.432157533769,-0.707106781187));
#1066 = ORIENTED_EDGE('',*,*,#1067,.T.);
#1067 = EDGE_CURVE('',#1060,#1029,#1068,.T.);
#1068 = CIRCLE('',#1069,6.000000000001);
#1069 = AXIS2_PLACEMENT_3D('',#1070,#1071,#1072);
#1070 = CARTESIAN_POINT('',(89.941251610824,80.931893532717,
    5.884182030513E-13));
#1071 = DIRECTION('',(-1.224646799147E-16,0.,1.));
#1072 = DIRECTION('',(0.662414780045,0.749137276591,8.112241400898E-17)
  );
#1073 = ORIENTED_EDGE('',*,*,#1026,.F.);
#1074 = ORIENTED_EDGE('',*,*,#1075,.T.);
#1075 = EDGE_CURVE('',#1027,#1058,#1076,.T.);
#1076 = CIRCLE('',#1077,7.000000000001);
#1077 = AXIS2_PLACEMENT_3D('',#1078,#1079,#1080);
#1078 = CARTESIAN_POINT('',(89.941251610824,80.931893532717,
    1.000000000001));
#1079 = DIRECTION('',(1.224646799147E-16,0.,-1.));
#1080 = DIRECTION('',(0.662414780045,0.749137276591,8.112241400898E-17)
  );
#1081 = CONICAL_SURFACE('',#1082,6.500000000001,0.785398163397);
#1082 = AXIS2_PLACEMENT_3D('',#1083,#1084,#1085);
#1083 = CARTESIAN_POINT('',(89.941251610824,80.931893532717,
    0.500000000001));
#1084 = DIRECTION('',(0.,0.,1.));
#1085 = DIRECTION('',(0.662414780045,0.749137276591,-0.));
#1086 = ADVANCED_FACE('',(#1087),#1112,.T.);
#1087 = FACE_BOUND('',#1088,.T.);
#1088 = EDGE_LOOP('',(#1089,#1099,#1105,#1106));
#1089 = ORIENTED_EDGE('',*,*,#1090,.T.);
#1090 = EDGE_CURVE('',#1091,#1093,#1095,.T.);
#1091 = VERTEX_POINT('',#1092);
#1092 = CARTESIAN_POINT('',(93.416272559803,73.978749806596,
    1.000000000001));
#1093 = VERTEX_POINT('',#1094);
#1094 = CARTESIAN_POINT('',(92.624767833339,74.589912851934,
    5.884182030513E-13));
#1095 = LINE('',#1096,#1097);
#1096 = CARTESIAN_POINT('',(93.416272559803,73.978749806596,
    1.000000000001));
#1097 = VECTOR('',#1098,1.);
#1098 = DIRECTION('',(-0.559678359423,0.432157533769,-0.707106781187));
#1099 = ORIENTED_EDGE('',*,*,#1100,.T.);
#1100 = EDGE_CURVE('',#1093,#1060,#1101,.T.);
#1101 = LINE('',#1102,#1103);
#1102 = CARTESIAN_POINT('',(93.622044625937,75.881465574166,
    5.884182030513E-13));
#1103 = VECTOR('',#1104,1.);
#1104 = DIRECTION('',(0.611163045338,0.791504726463,7.484588672298E-17)
  );
#1105 = ORIENTED_EDGE('',*,*,#1057,.F.);
#1106 = ORIENTED_EDGE('',*,*,#1107,.T.);
#1107 = EDGE_CURVE('',#1058,#1091,#1108,.T.);
#1108 = LINE('',#1109,#1110);
#1109 = CARTESIAN_POINT('',(94.413549352401,75.270302528829,
    1.000000000001));
#1110 = VECTOR('',#1111,1.);
#1111 = DIRECTION('',(-0.611163045338,-0.791504726463,
    -7.484588672298E-17));
#1112 = PLANE('',#1113);
#1113 = AXIS2_PLACEMENT_3D('',#1114,#1115,#1116);
#1114 = CARTESIAN_POINT('',(94.017796989169,75.575884051497,
    0.500000000001));
#1115 = DIRECTION('',(0.559678359423,-0.432157533769,-0.707106781187));
#1116 = DIRECTION('',(-0.784107615899,0.,-0.62062488404));
#1117 = ADVANCED_FACE('',(#1118),#1145,.T.);
#1118 = FACE_BOUND('',#1119,.T.);
#1119 = EDGE_LOOP('',(#1120,#1130,#1137,#1138));
#1120 = ORIENTED_EDGE('',*,*,#1121,.T.);
#1121 = EDGE_CURVE('',#1122,#1124,#1126,.T.);
#1122 = VERTEX_POINT('',#1123);
#1123 = CARTESIAN_POINT('',(89.848616739971,71.540660388225,
    1.000000000001));
#1124 = VERTEX_POINT('',#1125);
#1125 = CARTESIAN_POINT('',(89.566777130626,72.500121921902,
    5.884182030513E-13));
#1126 = LINE('',#1127,#1128);
#1127 = CARTESIAN_POINT('',(89.848616739971,71.540660388225,
    1.000000000001));
#1128 = VECTOR('',#1129,1.);
#1129 = DIRECTION('',(-0.199290698974,0.67844175675,-0.707106781187));
#1130 = ORIENTED_EDGE('',*,*,#1131,.T.);
#1131 = EDGE_CURVE('',#1124,#1093,#1132,.T.);
#1132 = CIRCLE('',#1133,5.999999999999);
#1133 = AXIS2_PLACEMENT_3D('',#1134,#1135,#1136);
#1134 = CARTESIAN_POINT('',(87.875739474561,78.256891123959,
    5.884182030513E-13));
#1135 = DIRECTION('',(-1.224646799147E-16,0.,1.));
#1136 = DIRECTION('',(0.791504726463,-0.611163045338,9.693137297733E-17)
  );
#1137 = ORIENTED_EDGE('',*,*,#1090,.F.);
#1138 = ORIENTED_EDGE('',*,*,#1139,.T.);
#1139 = EDGE_CURVE('',#1091,#1122,#1140,.T.);
#1140 = CIRCLE('',#1141,6.999999999999);
#1141 = AXIS2_PLACEMENT_3D('',#1142,#1143,#1144);
#1142 = CARTESIAN_POINT('',(87.875739474561,78.256891123959,
    1.000000000001));
#1143 = DIRECTION('',(1.224646799147E-16,0.,-1.));
#1144 = DIRECTION('',(0.791504726463,-0.611163045338,9.693137297733E-17)
  );
#1145 = CONICAL_SURFACE('',#1146,6.499999999999,0.785398163397);
#1146 = AXIS2_PLACEMENT_3D('',#1147,#1148,#1149);
#1147 = CARTESIAN_POINT('',(87.875739474561,78.256891123959,
    0.500000000001));
#1148 = DIRECTION('',(0.,0.,1.));
#1149 = DIRECTION('',(0.791504726463,-0.611163045338,0.));
#1150 = ADVANCED_FACE('',(#1151),#1176,.T.);
#1151 = FACE_BOUND('',#1152,.T.);
#1152 = EDGE_LOOP('',(#1153,#1163,#1169,#1170));
#1153 = ORIENTED_EDGE('',*,*,#1154,.T.);
#1154 = EDGE_CURVE('',#1155,#1157,#1159,.T.);
#1155 = VERTEX_POINT('',#1156);
#1156 = CARTESIAN_POINT('',(82.122354125909,69.271088591539,
    1.000000000001));
#1157 = VERTEX_POINT('',#1158);
#1158 = CARTESIAN_POINT('',(81.840514516565,70.230550125215,
    5.884182030513E-13));
#1159 = LINE('',#1160,#1161);
#1160 = CARTESIAN_POINT('',(82.122354125909,69.271088591539,
    1.000000000001));
#1161 = VECTOR('',#1162,1.);
#1162 = DIRECTION('',(-0.199290698974,0.67844175675,-0.707106781187));
#1163 = ORIENTED_EDGE('',*,*,#1164,.T.);
#1164 = EDGE_CURVE('',#1157,#1124,#1165,.T.);
#1165 = LINE('',#1166,#1167);
#1166 = CARTESIAN_POINT('',(75.52335059965,68.374897816066,
    5.884182030513E-13));
#1167 = VECTOR('',#1168,1.);
#1168 = DIRECTION('',(0.959461533676,0.281839609344,1.175001496122E-16)
  );
#1169 = ORIENTED_EDGE('',*,*,#1121,.F.);
#1170 = ORIENTED_EDGE('',*,*,#1171,.T.);
#1171 = EDGE_CURVE('',#1122,#1155,#1172,.T.);
#1172 = LINE('',#1173,#1174);
#1173 = CARTESIAN_POINT('',(75.805190208994,67.41543628239,
    1.000000000001));
#1174 = VECTOR('',#1175,1.);
#1175 = DIRECTION('',(-0.959461533676,-0.281839609344,
    -1.175001496122E-16));
#1176 = PLANE('',#1177);
#1177 = AXIS2_PLACEMENT_3D('',#1178,#1179,#1180);
#1178 = CARTESIAN_POINT('',(75.664270404322,67.895167049228,
    0.500000000001));
#1179 = DIRECTION('',(0.199290698974,-0.67844175675,-0.707106781187));
#1180 = DIRECTION('',(-0.962502886819,-1.942890293094E-16,
    -0.271271437614));
#1181 = ADVANCED_FACE('',(#1182),#1209,.F.);
#1182 = FACE_BOUND('',#1183,.F.);
#1183 = EDGE_LOOP('',(#1184,#1193,#1194,#1203));
#1184 = ORIENTED_EDGE('',*,*,#1185,.F.);
#1185 = EDGE_CURVE('',#1155,#1186,#1188,.T.);
#1186 = VERTEX_POINT('',#1187);
#1187 = CARTESIAN_POINT('',(79.145483923013,67.504605324109,
    1.000000000001));
#1188 = CIRCLE('',#1189,7.);
#1189 = AXIS2_PLACEMENT_3D('',#1190,#1191,#1192);
#1190 = CARTESIAN_POINT('',(84.095231391319,62.554857855804,
    1.000000000001));
#1191 = DIRECTION('',(-1.224646799147E-16,0.,1.));
#1192 = DIRECTION('',(-0.281839609344,0.959461533676,-3.451539754565E-17
    ));
#1193 = ORIENTED_EDGE('',*,*,#1154,.T.);
#1194 = ORIENTED_EDGE('',*,*,#1195,.F.);
#1195 = EDGE_CURVE('',#1196,#1157,#1198,.T.);
#1196 = VERTEX_POINT('',#1197);
#1197 = CARTESIAN_POINT('',(78.438377141826,68.211712105296,
    5.884182030513E-13));
#1198 = CIRCLE('',#1199,8.);
#1199 = AXIS2_PLACEMENT_3D('',#1200,#1201,#1202);
#1200 = CARTESIAN_POINT('',(84.095231391319,62.554857855804,
    5.884182030513E-13));
#1201 = DIRECTION('',(1.224646799147E-16,0.,-1.));
#1202 = DIRECTION('',(-0.281839609344,0.959461533676,-3.451539754565E-17
    ));
#1203 = ORIENTED_EDGE('',*,*,#1204,.F.);
#1204 = EDGE_CURVE('',#1186,#1196,#1205,.T.);
#1205 = LINE('',#1206,#1207);
#1206 = CARTESIAN_POINT('',(79.145483923013,67.504605324109,
    1.000000000001));
#1207 = VECTOR('',#1208,1.);
#1208 = DIRECTION('',(-0.5,0.5,-0.707106781187));
#1209 = CONICAL_SURFACE('',#1210,7.5,0.785398163397);
#1210 = AXIS2_PLACEMENT_3D('',#1211,#1212,#1213);
#1211 = CARTESIAN_POINT('',(84.095231391319,62.554857855804,
    0.500000000001));
#1212 = DIRECTION('',(0.,0.,-1.));
#1213 = DIRECTION('',(-0.281839609344,0.959461533676,0.));
#1214 = ADVANCED_FACE('',(#1215),#1240,.T.);
#1215 = FACE_BOUND('',#1216,.T.);
#1216 = EDGE_LOOP('',(#1217,#1227,#1233,#1234));
#1217 = ORIENTED_EDGE('',*,*,#1218,.T.);
#1218 = EDGE_CURVE('',#1219,#1221,#1223,.T.);
#1219 = VERTEX_POINT('',#1220);
#1220 = CARTESIAN_POINT('',(69.768366376099,58.127487777194,
    1.000000000001));
#1221 = VERTEX_POINT('',#1222);
#1222 = CARTESIAN_POINT('',(69.061259594912,58.83459455838,
    5.782041512248E-13));
#1223 = LINE('',#1224,#1225);
#1224 = CARTESIAN_POINT('',(69.768366376099,58.127487777194,
    1.000000000001));
#1225 = VECTOR('',#1226,1.);
#1226 = DIRECTION('',(-0.5,0.5,-0.707106781187));
#1227 = ORIENTED_EDGE('',*,*,#1228,.T.);
#1228 = EDGE_CURVE('',#1221,#1196,#1229,.T.);
#1229 = LINE('',#1230,#1231);
#1230 = CARTESIAN_POINT('',(81.027759971538,70.801094935008,
    5.884182030513E-13));
#1231 = VECTOR('',#1232,1.);
#1232 = DIRECTION('',(0.707106781186,0.707106781187,8.659560562354E-17)
  );
#1233 = ORIENTED_EDGE('',*,*,#1204,.F.);
#1234 = ORIENTED_EDGE('',*,*,#1235,.T.);
#1235 = EDGE_CURVE('',#1186,#1219,#1236,.T.);
#1236 = LINE('',#1237,#1238);
#1237 = CARTESIAN_POINT('',(81.734866752725,70.093988153822,
    1.000000000001));
#1238 = VECTOR('',#1239,1.);
#1239 = DIRECTION('',(-0.707106781186,-0.707106781187,
    -8.659560562354E-17));
#1240 = PLANE('',#1241);
#1241 = AXIS2_PLACEMENT_3D('',#1242,#1243,#1244);
#1242 = CARTESIAN_POINT('',(81.381313362131,70.447541544415,
    0.500000000001));
#1243 = DIRECTION('',(0.5,-0.5,-0.707106781187));
#1244 = DIRECTION('',(-0.816496580928,-2.775557561563E-17,-0.57735026919
    ));
#1245 = ADVANCED_FACE('',(#1246),#1273,.F.);
#1246 = FACE_BOUND('',#1247,.F.);
#1247 = EDGE_LOOP('',(#1248,#1257,#1258,#1267));
#1248 = ORIENTED_EDGE('',*,*,#1249,.F.);
#1249 = EDGE_CURVE('',#1219,#1250,#1252,.T.);
#1250 = VERTEX_POINT('',#1251);
#1251 = CARTESIAN_POINT('',(68.889686719659,56.006167433634,
    1.000000000001));
#1252 = CIRCLE('',#1253,3.);
#1253 = AXIS2_PLACEMENT_3D('',#1254,#1255,#1256);
#1254 = CARTESIAN_POINT('',(71.889686719659,56.006167433635,
    1.000000000001));
#1255 = DIRECTION('',(-1.224646799147E-16,0.,1.));
#1256 = DIRECTION('',(-0.707106781187,0.707106781186,-8.659560562356E-17
    ));
#1257 = ORIENTED_EDGE('',*,*,#1218,.T.);
#1258 = ORIENTED_EDGE('',*,*,#1259,.F.);
#1259 = EDGE_CURVE('',#1260,#1221,#1262,.T.);
#1260 = VERTEX_POINT('',#1261);
#1261 = CARTESIAN_POINT('',(67.889686719659,56.006167433634,
    5.782041512248E-13));
#1262 = CIRCLE('',#1263,4.);
#1263 = AXIS2_PLACEMENT_3D('',#1264,#1265,#1266);
#1264 = CARTESIAN_POINT('',(71.889686719659,56.006167433635,
    5.782041512248E-13));
#1265 = DIRECTION('',(1.224646799147E-16,0.,-1.));
#1266 = DIRECTION('',(-0.707106781187,0.707106781186,-8.659560562356E-17
    ));
#1267 = ORIENTED_EDGE('',*,*,#1268,.F.);
#1268 = EDGE_CURVE('',#1250,#1260,#1269,.T.);
#1269 = LINE('',#1270,#1271);
#1270 = CARTESIAN_POINT('',(68.889686719659,56.006167433634,
    1.000000000001));
#1271 = VECTOR('',#1272,1.);
#1272 = DIRECTION('',(-0.707106781187,-6.280369834735E-14,
    -0.707106781187));
#1273 = CONICAL_SURFACE('',#1274,3.5,0.785398163397);
#1274 = AXIS2_PLACEMENT_3D('',#1275,#1276,#1277);
#1275 = CARTESIAN_POINT('',(71.889686719659,56.006167433635,
    0.500000000001));
#1276 = DIRECTION('',(0.,0.,-1.));
#1277 = DIRECTION('',(-0.707106781187,0.707106781186,0.));
#1278 = ADVANCED_FACE('',(#1279),#1304,.T.);
#1279 = FACE_BOUND('',#1280,.T.);
#1280 = EDGE_LOOP('',(#1281,#1291,#1297,#1298));
#1281 = ORIENTED_EDGE('',*,*,#1282,.T.);
#1282 = EDGE_CURVE('',#1283,#1285,#1287,.T.);
#1283 = VERTEX_POINT('',#1284);
#1284 = CARTESIAN_POINT('',(68.889686719659,3.925419950632,
    1.000000000001));
#1285 = VERTEX_POINT('',#1286);
#1286 = CARTESIAN_POINT('',(67.889686719659,3.925419950632,
    5.782041512248E-13));
#1287 = LINE('',#1288,#1289);
#1288 = CARTESIAN_POINT('',(68.889686719659,3.925419950632,
    1.000000000001));
#1289 = VECTOR('',#1290,1.);
#1290 = DIRECTION('',(-0.707106781187,0.,-0.707106781187));
#1291 = ORIENTED_EDGE('',*,*,#1292,.T.);
#1292 = EDGE_CURVE('',#1285,#1260,#1293,.T.);
#1293 = LINE('',#1294,#1295);
#1294 = CARTESIAN_POINT('',(67.889686719659,82.271581097092,
    5.782041512248E-13));
#1295 = VECTOR('',#1296,1.);
#1296 = DIRECTION('',(0.,1.,0.));
#1297 = ORIENTED_EDGE('',*,*,#1268,.F.);
#1298 = ORIENTED_EDGE('',*,*,#1299,.T.);
#1299 = EDGE_CURVE('',#1250,#1283,#1300,.T.);
#1300 = LINE('',#1301,#1302);
#1301 = CARTESIAN_POINT('',(68.889686719659,82.271581097092,
    1.000000000001));
#1302 = VECTOR('',#1303,1.);
#1303 = DIRECTION('',(0.,-1.,0.));
#1304 = PLANE('',#1305);
#1305 = AXIS2_PLACEMENT_3D('',#1306,#1307,#1308);
#1306 = CARTESIAN_POINT('',(68.389686719659,82.271581097092,
    0.500000000001));
#1307 = DIRECTION('',(0.707106781187,0.,-0.707106781187));
#1308 = DIRECTION('',(-0.707106781187,0.,-0.707106781187));
#1309 = ADVANCED_FACE('',(#1310),#1337,.T.);
#1310 = FACE_BOUND('',#1311,.T.);
#1311 = EDGE_LOOP('',(#1312,#1322,#1329,#1330));
#1312 = ORIENTED_EDGE('',*,*,#1313,.T.);
#1313 = EDGE_CURVE('',#1314,#1316,#1318,.T.);
#1314 = VERTEX_POINT('',#1315);
#1315 = CARTESIAN_POINT('',(65.889686719659,0.925419950632,
    1.000000000001));
#1316 = VERTEX_POINT('',#1317);
#1317 = CARTESIAN_POINT('',(65.889686719659,1.925419950632,
    5.782041512248E-13));
#1318 = LINE('',#1319,#1320);
#1319 = CARTESIAN_POINT('',(65.889686719659,0.925419950632,
    1.000000000001));
#1320 = VECTOR('',#1321,1.);
#1321 = DIRECTION('',(-3.140184917368E-15,0.707106781187,-0.707106781187
    ));
#1322 = ORIENTED_EDGE('',*,*,#1323,.T.);
#1323 = EDGE_CURVE('',#1316,#1285,#1324,.T.);
#1324 = CIRCLE('',#1325,2.);
#1325 = AXIS2_PLACEMENT_3D('',#1326,#1327,#1328);
#1326 = CARTESIAN_POINT('',(65.889686719659,3.925419950632,
    5.782041512248E-13));
#1327 = DIRECTION('',(-1.224646799147E-16,0.,1.));
#1328 = DIRECTION('',(1.,-5.921189464667E-15,1.224646799147E-16));
#1329 = ORIENTED_EDGE('',*,*,#1282,.F.);
#1330 = ORIENTED_EDGE('',*,*,#1331,.T.);
#1331 = EDGE_CURVE('',#1283,#1314,#1332,.T.);
#1332 = CIRCLE('',#1333,3.);
#1333 = AXIS2_PLACEMENT_3D('',#1334,#1335,#1336);
#1334 = CARTESIAN_POINT('',(65.889686719659,3.925419950632,
    1.000000000001));
#1335 = DIRECTION('',(1.224646799147E-16,0.,-1.));
#1336 = DIRECTION('',(1.,-5.921189464667E-15,1.224646799147E-16));
#1337 = CONICAL_SURFACE('',#1338,2.5,0.785398163397);
#1338 = AXIS2_PLACEMENT_3D('',#1339,#1340,#1341);
#1339 = CARTESIAN_POINT('',(65.889686719659,3.925419950632,
    0.500000000001));
#1340 = DIRECTION('',(0.,0.,1.));
#1341 = DIRECTION('',(1.,-5.921189464667E-15,0.));
#1342 = ADVANCED_FACE('',(#1343),#1368,.T.);
#1343 = FACE_BOUND('',#1344,.T.);
#1344 = EDGE_LOOP('',(#1345,#1355,#1361,#1362));
#1345 = ORIENTED_EDGE('',*,*,#1346,.T.);
#1346 = EDGE_CURVE('',#1347,#1349,#1351,.T.);
#1347 = VERTEX_POINT('',#1348);
#1348 = CARTESIAN_POINT('',(58.609969200544,0.925419950632,
    1.000000000001));
#1349 = VERTEX_POINT('',#1350);
#1350 = CARTESIAN_POINT('',(58.609969200544,1.925419950632,
    5.782041512248E-13));
#1351 = LINE('',#1352,#1353);
#1352 = CARTESIAN_POINT('',(58.609969200544,0.925419950632,
    1.000000000001));
#1353 = VECTOR('',#1354,1.);
#1354 = DIRECTION('',(0.,0.707106781187,-0.707106781187));
#1355 = ORIENTED_EDGE('',*,*,#1356,.T.);
#1356 = EDGE_CURVE('',#1349,#1316,#1357,.T.);
#1357 = LINE('',#1358,#1359);
#1358 = CARTESIAN_POINT('',(57.180156262536,1.925419950632,
    5.782041512248E-13));
#1359 = VECTOR('',#1360,1.);
#1360 = DIRECTION('',(1.,0.,1.224646799147E-16));
#1361 = ORIENTED_EDGE('',*,*,#1313,.F.);
#1362 = ORIENTED_EDGE('',*,*,#1363,.T.);
#1363 = EDGE_CURVE('',#1314,#1347,#1364,.T.);
#1364 = LINE('',#1365,#1366);
#1365 = CARTESIAN_POINT('',(57.180156262536,0.925419950632,
    1.000000000001));
#1366 = VECTOR('',#1367,1.);
#1367 = DIRECTION('',(-1.,0.,-1.224646799147E-16));
#1368 = PLANE('',#1369);
#1369 = AXIS2_PLACEMENT_3D('',#1370,#1371,#1372);
#1370 = CARTESIAN_POINT('',(57.180156262536,1.425419950632,
    0.500000000001));
#1371 = DIRECTION('',(8.659560562355E-17,-0.707106781187,-0.707106781187
    ));
#1372 = DIRECTION('',(-1.,-1.972152263053E-31,-1.224646799147E-16));
#1373 = ADVANCED_FACE('',(#1374),#1401,.F.);
#1374 = FACE_BOUND('',#1375,.F.);
#1375 = EDGE_LOOP('',(#1376,#1385,#1386,#1395));
#1376 = ORIENTED_EDGE('',*,*,#1377,.F.);
#1377 = EDGE_CURVE('',#1347,#1378,#1380,.T.);
#1378 = VERTEX_POINT('',#1379);
#1379 = CARTESIAN_POINT('',(58.189351030977,0.880689843877,
    1.000000000001));
#1380 = CIRCLE('',#1381,2.000000000013);
#1381 = AXIS2_PLACEMENT_3D('',#1382,#1383,#1384);
#1382 = CARTESIAN_POINT('',(58.609969200544,-1.074580049381,
    1.000000000001));
#1383 = DIRECTION('',(-1.224646799147E-16,0.,1.));
#1384 = DIRECTION('',(-1.97619698382E-13,1.,-2.420143310719E-29));
#1385 = ORIENTED_EDGE('',*,*,#1346,.T.);
#1386 = ORIENTED_EDGE('',*,*,#1387,.F.);
#1387 = EDGE_CURVE('',#1388,#1349,#1390,.T.);
#1388 = VERTEX_POINT('',#1389);
#1389 = CARTESIAN_POINT('',(57.979041946195,1.8583247905,
    5.782041512248E-13));
#1390 = CIRCLE('',#1391,3.000000000013);
#1391 = AXIS2_PLACEMENT_3D('',#1392,#1393,#1394);
#1392 = CARTESIAN_POINT('',(58.609969200544,-1.074580049381,
    5.782041512248E-13));
#1393 = DIRECTION('',(1.224646799147E-16,0.,-1.));
#1394 = DIRECTION('',(-1.97619698382E-13,1.,-2.420143310719E-29));
#1395 = ORIENTED_EDGE('',*,*,#1396,.F.);
#1396 = EDGE_CURVE('',#1378,#1388,#1397,.T.);
#1397 = LINE('',#1398,#1399);
#1398 = CARTESIAN_POINT('',(58.189351030977,0.880689843877,
    1.000000000001));
#1399 = VECTOR('',#1400,1.);
#1400 = DIRECTION('',(-0.148710979994,0.691292300282,-0.707106781187));
#1401 = CONICAL_SURFACE('',#1402,2.500000000013,0.785398163397);
#1402 = AXIS2_PLACEMENT_3D('',#1403,#1404,#1405);
#1403 = CARTESIAN_POINT('',(58.609969200544,-1.074580049381,
    0.500000000001));
#1404 = DIRECTION('',(0.,0.,-1.));
#1405 = DIRECTION('',(-1.97619698382E-13,1.,0.));
#1406 = ADVANCED_FACE('',(#1407),#1432,.T.);
#1407 = FACE_BOUND('',#1408,.T.);
#1408 = EDGE_LOOP('',(#1409,#1419,#1425,#1426));
#1409 = ORIENTED_EDGE('',*,*,#1410,.T.);
#1410 = EDGE_CURVE('',#1411,#1413,#1415,.T.);
#1411 = VERTEX_POINT('',#1412);
#1412 = CARTESIAN_POINT('',(54.303339859263,4.473010675554E-02,
    1.000000000001));
#1413 = VERTEX_POINT('',#1414);
#1414 = CARTESIAN_POINT('',(54.09303077448,1.022365053378,
    5.782041512248E-13));
#1415 = LINE('',#1416,#1417);
#1416 = CARTESIAN_POINT('',(54.303339859263,4.473010675554E-02,
    1.000000000001));
#1417 = VECTOR('',#1418,1.);
#1418 = DIRECTION('',(-0.148710979995,0.691292300282,-0.707106781187));
#1419 = ORIENTED_EDGE('',*,*,#1420,.T.);
#1420 = EDGE_CURVE('',#1413,#1388,#1421,.T.);
#1421 = LINE('',#1422,#1423);
#1422 = CARTESIAN_POINT('',(64.401973295693,3.24002745815,
    5.782041512248E-13));
#1423 = VECTOR('',#1424,1.);
#1424 = DIRECTION('',(0.977634946623,0.210309084783,1.197257508116E-16)
  );
#1425 = ORIENTED_EDGE('',*,*,#1396,.F.);
#1426 = ORIENTED_EDGE('',*,*,#1427,.T.);
#1427 = EDGE_CURVE('',#1378,#1411,#1428,.T.);
#1428 = LINE('',#1429,#1430);
#1429 = CARTESIAN_POINT('',(64.612282380476,2.262392511528,
    1.000000000001));
#1430 = VECTOR('',#1431,1.);
#1431 = DIRECTION('',(-0.977634946623,-0.210309084783,
    -1.197257508116E-16));
#1432 = PLANE('',#1433);
#1433 = AXIS2_PLACEMENT_3D('',#1434,#1435,#1436);
#1434 = CARTESIAN_POINT('',(64.507127838084,2.751209984839,
    0.500000000001));
#1435 = DIRECTION('',(0.148710979995,-0.691292300282,-0.707106781187));
#1436 = DIRECTION('',(-0.978592618271,-1.110223024625E-16,
    -0.205806917924));
#1437 = ADVANCED_FACE('',(#1438),#1465,.T.);
#1438 = FACE_BOUND('',#1439,.T.);
#1439 = EDGE_LOOP('',(#1440,#1450,#1457,#1458));
#1440 = ORIENTED_EDGE('',*,*,#1441,.T.);
#1441 = EDGE_CURVE('',#1442,#1444,#1446,.T.);
#1442 = VERTEX_POINT('',#1443);
#1443 = CARTESIAN_POINT('',(53.882721689696,5.400124791777E-13,
    1.000000000001));
#1444 = VERTEX_POINT('',#1445);
#1445 = CARTESIAN_POINT('',(53.882721689696,1.000000000001,
    5.782041512248E-13));
#1446 = LINE('',#1447,#1448);
#1447 = CARTESIAN_POINT('',(53.882721689696,5.400124791777E-13,
    1.000000000001));
#1448 = VECTOR('',#1449,1.);
#1449 = DIRECTION('',(-1.381681363642E-13,0.707106781187,-0.707106781187
    ));
#1450 = ORIENTED_EDGE('',*,*,#1451,.T.);
#1451 = EDGE_CURVE('',#1444,#1413,#1452,.T.);
#1452 = CIRCLE('',#1453,1.000000000004);
#1453 = AXIS2_PLACEMENT_3D('',#1454,#1455,#1456);
#1454 = CARTESIAN_POINT('',(53.882721689696,2.000000000005,
    5.782041512248E-13));
#1455 = DIRECTION('',(-1.224646799147E-16,-3.08148791102E-33,1.));
#1456 = DIRECTION('',(0.210309084783,-0.977634946623,2.57554347511E-17)
  );
#1457 = ORIENTED_EDGE('',*,*,#1410,.F.);
#1458 = ORIENTED_EDGE('',*,*,#1459,.T.);
#1459 = EDGE_CURVE('',#1411,#1442,#1460,.T.);
#1460 = CIRCLE('',#1461,2.000000000004);
#1461 = AXIS2_PLACEMENT_3D('',#1462,#1463,#1464);
#1462 = CARTESIAN_POINT('',(53.882721689696,2.000000000005,
    1.000000000001));
#1463 = DIRECTION('',(1.224646799147E-16,3.08148791102E-33,-1.));
#1464 = DIRECTION('',(0.210309084783,-0.977634946623,2.57554347511E-17)
  );
#1465 = CONICAL_SURFACE('',#1466,1.500000000004,0.785398163397);
#1466 = AXIS2_PLACEMENT_3D('',#1467,#1468,#1469);
#1467 = CARTESIAN_POINT('',(53.882721689696,2.000000000005,
    0.500000000001));
#1468 = DIRECTION('',(0.,0.,1.));
#1469 = DIRECTION('',(0.210309084783,-0.977634946623,0.));
#1470 = ADVANCED_FACE('',(#1471),#1496,.T.);
#1471 = FACE_BOUND('',#1472,.T.);
#1472 = EDGE_LOOP('',(#1473,#1483,#1489,#1490));
#1473 = ORIENTED_EDGE('',*,*,#1474,.T.);
#1474 = EDGE_CURVE('',#1475,#1477,#1479,.T.);
#1475 = VERTEX_POINT('',#1476);
#1476 = CARTESIAN_POINT('',(52.823216723583,5.400124791777E-13,
    1.000000000001));
#1477 = VERTEX_POINT('',#1478);
#1478 = CARTESIAN_POINT('',(52.823216723583,1.000000000001,
    5.782041512248E-13));
#1479 = LINE('',#1480,#1481);
#1480 = CARTESIAN_POINT('',(52.823216723583,5.400124791777E-13,
    1.000000000001));
#1481 = VECTOR('',#1482,1.);
#1482 = DIRECTION('',(0.,0.707106781187,-0.707106781187));
#1483 = ORIENTED_EDGE('',*,*,#1484,.T.);
#1484 = EDGE_CURVE('',#1477,#1444,#1485,.T.);
#1485 = LINE('',#1486,#1487);
#1486 = CARTESIAN_POINT('',(51.176673747555,1.000000000001,
    5.782041512248E-13));
#1487 = VECTOR('',#1488,1.);
#1488 = DIRECTION('',(1.,0.,1.224646799147E-16));
#1489 = ORIENTED_EDGE('',*,*,#1441,.F.);
#1490 = ORIENTED_EDGE('',*,*,#1491,.T.);
#1491 = EDGE_CURVE('',#1442,#1475,#1492,.T.);
#1492 = LINE('',#1493,#1494);
#1493 = CARTESIAN_POINT('',(51.176673747555,5.400124791777E-13,
    1.000000000001));
#1494 = VECTOR('',#1495,1.);
#1495 = DIRECTION('',(-1.,0.,-1.224646799147E-16));
#1496 = PLANE('',#1497);
#1497 = AXIS2_PLACEMENT_3D('',#1498,#1499,#1500);
#1498 = CARTESIAN_POINT('',(51.176673747555,0.500000000001,
    0.500000000001));
#1499 = DIRECTION('',(8.659560562355E-17,-0.707106781187,-0.707106781187
    ));
#1500 = DIRECTION('',(-1.,-1.232595164408E-31,-1.224646799147E-16));
#1501 = ADVANCED_FACE('',(#1502),#1513,.T.);
#1502 = FACE_BOUND('',#1503,.T.);
#1503 = EDGE_LOOP('',(#1504,#1505,#1506));
#1504 = ORIENTED_EDGE('',*,*,#459,.F.);
#1505 = ORIENTED_EDGE('',*,*,#412,.F.);
#1506 = ORIENTED_EDGE('',*,*,#1507,.T.);
#1507 = EDGE_CURVE('',#405,#460,#1508,.T.);
#1508 = CIRCLE('',#1509,1.);
#1509 = AXIS2_PLACEMENT_3D('',#1510,#1511,#1512);
#1510 = CARTESIAN_POINT('',(65.788251072924,213.01259747284,
    1.000000000001));
#1511 = DIRECTION('',(1.224646799147E-16,0.,-1.));
#1512 = DIRECTION('',(0.316222958762,0.948684900455,3.872614342642E-17)
  );
#1513 = CONICAL_SURFACE('',#1514,1.,0.785398163397);
#1514 = AXIS2_PLACEMENT_3D('',#1515,#1516,#1517);
#1515 = CARTESIAN_POINT('',(65.788251072924,213.01259747284,
    1.000000000001));
#1516 = DIRECTION('',(-1.224646799147E-16,0.,1.));
#1517 = DIRECTION('',(0.316222958762,0.948684900455,3.872614342642E-17)
  );
#1518 = ADVANCED_FACE('',(#1519),#1551,.T.);
#1519 = FACE_BOUND('',#1520,.T.);
#1520 = EDGE_LOOP('',(#1521,#1531,#1537,#1545));
#1521 = ORIENTED_EDGE('',*,*,#1522,.T.);
#1522 = EDGE_CURVE('',#1523,#1525,#1527,.T.);
#1523 = VERTEX_POINT('',#1524);
#1524 = CARTESIAN_POINT('',(49.637484686019,3.196347328288,
    1.000000000001));
#1525 = VERTEX_POINT('',#1526);
#1526 = CARTESIAN_POINT('',(50.398578807877,3.844988783696,
    5.782041512248E-13));
#1527 = LINE('',#1528,#1529);
#1528 = CARTESIAN_POINT('',(49.637484686019,3.196347328288,
    1.000000000001));
#1529 = VECTOR('',#1530,1.);
#1530 = DIRECTION('',(0.538174814687,0.458658771678,-0.707106781187));
#1531 = ORIENTED_EDGE('',*,*,#1532,.T.);
#1532 = EDGE_CURVE('',#1525,#1477,#1533,.T.);
#1533 = LINE('',#1534,#1535);
#1534 = CARTESIAN_POINT('',(25.363290272225,33.220556417595,
    5.782041512248E-13));
#1535 = VECTOR('',#1536,1.);
#1536 = DIRECTION('',(0.648641455408,-0.761094121858,7.943566821598E-17)
  );
#1537 = ORIENTED_EDGE('',*,*,#1538,.T.);
#1538 = EDGE_CURVE('',#1477,#1539,#1541,.T.);
#1539 = VERTEX_POINT('',#1540);
#1540 = CARTESIAN_POINT('',(52.062122601724,0.351358544593,
    1.000000000001));
#1541 = LINE('',#1542,#1543);
#1542 = CARTESIAN_POINT('',(52.823216723581,1.000000000001,
    5.782041512248E-13));
#1543 = VECTOR('',#1544,1.);
#1544 = DIRECTION('',(-0.538174814687,-0.458658771678,0.707106781187));
#1545 = ORIENTED_EDGE('',*,*,#1546,.T.);
#1546 = EDGE_CURVE('',#1539,#1523,#1547,.T.);
#1547 = LINE('',#1548,#1549);
#1548 = CARTESIAN_POINT('',(24.602196150368,32.571914962187,
    1.000000000001));
#1549 = VECTOR('',#1550,1.);
#1550 = DIRECTION('',(-0.648641455408,0.761094121858,-7.943566821598E-17
    ));
#1551 = PLANE('',#1552);
#1552 = AXIS2_PLACEMENT_3D('',#1553,#1554,#1555);
#1553 = CARTESIAN_POINT('',(24.982743211296,32.896235689891,
    0.500000000001));
#1554 = DIRECTION('',(-0.538174814687,-0.458658771678,-0.707106781187));
#1555 = DIRECTION('',(-0.795742577202,1.942890293094E-16,0.605634998021)
  );
#1556 = ADVANCED_FACE('',(#1557),#1584,.F.);
#1557 = FACE_BOUND('',#1558,.F.);
#1558 = EDGE_LOOP('',(#1559,#1568,#1569,#1578));
#1559 = ORIENTED_EDGE('',*,*,#1560,.F.);
#1560 = EDGE_CURVE('',#1523,#1561,#1563,.T.);
#1561 = VERTEX_POINT('',#1562);
#1562 = CARTESIAN_POINT('',(48.87639056416,3.54770587288,1.000000000001)
  );
#1563 = CIRCLE('',#1564,1.000000000001);
#1564 = AXIS2_PLACEMENT_3D('',#1565,#1566,#1567);
#1565 = CARTESIAN_POINT('',(48.876390564161,2.547705872879,
    1.000000000001));
#1566 = DIRECTION('',(-1.224646799147E-16,0.,1.));
#1567 = DIRECTION('',(0.761094121857,0.648641455409,9.320714801822E-17)
  );
#1568 = ORIENTED_EDGE('',*,*,#1522,.T.);
#1569 = ORIENTED_EDGE('',*,*,#1570,.F.);
#1570 = EDGE_CURVE('',#1571,#1525,#1573,.T.);
#1571 = VERTEX_POINT('',#1572);
#1572 = CARTESIAN_POINT('',(48.876390564159,4.54770587288,
    5.782041512248E-13));
#1573 = CIRCLE('',#1574,2.000000000001);
#1574 = AXIS2_PLACEMENT_3D('',#1575,#1576,#1577);
#1575 = CARTESIAN_POINT('',(48.876390564161,2.547705872879,
    5.782041512248E-13));
#1576 = DIRECTION('',(1.224646799147E-16,0.,-1.));
#1577 = DIRECTION('',(0.761094121857,0.648641455409,9.320714801822E-17)
  );
#1578 = ORIENTED_EDGE('',*,*,#1579,.F.);
#1579 = EDGE_CURVE('',#1561,#1571,#1580,.T.);
#1580 = LINE('',#1581,#1582);
#1581 = CARTESIAN_POINT('',(48.87639056416,3.54770587288,1.000000000001)
  );
#1582 = VECTOR('',#1583,1.);
#1583 = DIRECTION('',(-5.523781531207E-13,0.707106781187,-0.707106781187
    ));
#1584 = CONICAL_SURFACE('',#1585,1.500000000001,0.785398163397);
#1585 = AXIS2_PLACEMENT_3D('',#1586,#1587,#1588);
#1586 = CARTESIAN_POINT('',(48.876390564161,2.547705872879,
    0.500000000001));
#1587 = DIRECTION('',(1.387778780781E-16,0.,-1.));
#1588 = DIRECTION('',(0.761094121857,0.648641455409,1.056230272491E-16)
  );
#1589 = ADVANCED_FACE('',(#1590),#1615,.T.);
#1590 = FACE_BOUND('',#1591,.T.);
#1591 = EDGE_LOOP('',(#1592,#1602,#1608,#1609));
#1592 = ORIENTED_EDGE('',*,*,#1593,.T.);
#1593 = EDGE_CURVE('',#1594,#1596,#1598,.T.);
#1594 = VERTEX_POINT('',#1595);
#1595 = CARTESIAN_POINT('',(48.064861046666,3.54770587288,1.000000000001
    ));
#1596 = VERTEX_POINT('',#1597);
#1597 = CARTESIAN_POINT('',(48.064861046666,4.54770587288,
    5.782041512248E-13));
#1598 = LINE('',#1599,#1600);
#1599 = CARTESIAN_POINT('',(48.064861046666,3.54770587288,1.000000000001
    ));
#1600 = VECTOR('',#1601,1.);
#1601 = DIRECTION('',(9.813077866774E-17,0.707106781187,-0.707106781187)
  );
#1602 = ORIENTED_EDGE('',*,*,#1603,.T.);
#1603 = EDGE_CURVE('',#1596,#1571,#1604,.T.);
#1604 = LINE('',#1605,#1606);
#1605 = CARTESIAN_POINT('',(48.673508184786,4.54770587288,
    5.782041512248E-13));
#1606 = VECTOR('',#1607,1.);
#1607 = DIRECTION('',(1.,0.,1.224646799147E-16));
#1608 = ORIENTED_EDGE('',*,*,#1579,.F.);
#1609 = ORIENTED_EDGE('',*,*,#1610,.T.);
#1610 = EDGE_CURVE('',#1561,#1594,#1611,.T.);
#1611 = LINE('',#1612,#1613);
#1612 = CARTESIAN_POINT('',(48.673508184786,3.54770587288,1.000000000001
    ));
#1613 = VECTOR('',#1614,1.);
#1614 = DIRECTION('',(-1.,0.,-1.224646799147E-16));
#1615 = PLANE('',#1616);
#1616 = AXIS2_PLACEMENT_3D('',#1617,#1618,#1619);
#1617 = CARTESIAN_POINT('',(48.673508184786,4.04770587288,0.500000000001
    ));
#1618 = DIRECTION('',(8.659560562355E-17,-0.707106781187,-0.707106781187
    ));
#1619 = DIRECTION('',(-1.,-1.972152263053E-31,-1.224646799147E-16));
#1620 = ADVANCED_FACE('',(#1621),#1648,.F.);
#1621 = FACE_BOUND('',#1622,.F.);
#1622 = EDGE_LOOP('',(#1623,#1632,#1633,#1642));
#1623 = ORIENTED_EDGE('',*,*,#1624,.F.);
#1624 = EDGE_CURVE('',#1594,#1625,#1627,.T.);
#1625 = VERTEX_POINT('',#1626);
#1626 = CARTESIAN_POINT('',(47.303766924807,3.196347328288,
    1.000000000001));
#1627 = CIRCLE('',#1628,1.000000000001);
#1628 = AXIS2_PLACEMENT_3D('',#1629,#1630,#1631);
#1629 = CARTESIAN_POINT('',(48.064861046665,2.547705872879,
    1.000000000001));
#1630 = DIRECTION('',(-1.224646799147E-16,0.,1.));
#1631 = DIRECTION('',(-0.761094121857,0.648641455409,-9.320714801822E-17
    ));
#1632 = ORIENTED_EDGE('',*,*,#1593,.T.);
#1633 = ORIENTED_EDGE('',*,*,#1634,.F.);
#1634 = EDGE_CURVE('',#1635,#1596,#1637,.T.);
#1635 = VERTEX_POINT('',#1636);
#1636 = CARTESIAN_POINT('',(46.54267280295,3.844988783697,
    5.782041512248E-13));
#1637 = CIRCLE('',#1638,2.000000000001);
#1638 = AXIS2_PLACEMENT_3D('',#1639,#1640,#1641);
#1639 = CARTESIAN_POINT('',(48.064861046665,2.547705872879,
    5.782041512248E-13));
#1640 = DIRECTION('',(1.224646799147E-16,0.,-1.));
#1641 = DIRECTION('',(-0.761094121857,0.648641455409,-9.320714801822E-17
    ));
#1642 = ORIENTED_EDGE('',*,*,#1643,.F.);
#1643 = EDGE_CURVE('',#1625,#1635,#1644,.T.);
#1644 = LINE('',#1645,#1646);
#1645 = CARTESIAN_POINT('',(47.303766924807,3.196347328288,
    1.000000000001));
#1646 = VECTOR('',#1647,1.);
#1647 = DIRECTION('',(-0.538174814686,0.458658771678,-0.707106781187));
#1648 = CONICAL_SURFACE('',#1649,1.500000000001,0.785398163397);
#1649 = AXIS2_PLACEMENT_3D('',#1650,#1651,#1652);
#1650 = CARTESIAN_POINT('',(48.064861046665,2.547705872879,
    0.500000000001));
#1651 = DIRECTION('',(1.387778780781E-16,0.,-1.));
#1652 = DIRECTION('',(-0.761094121857,0.648641455409,-1.056230272491E-16
    ));
#1653 = ADVANCED_FACE('',(#1654),#1679,.T.);
#1654 = FACE_BOUND('',#1655,.T.);
#1655 = EDGE_LOOP('',(#1656,#1666,#1672,#1673));
#1656 = ORIENTED_EDGE('',*,*,#1657,.T.);
#1657 = EDGE_CURVE('',#1658,#1660,#1662,.T.);
#1658 = VERTEX_POINT('',#1659);
#1659 = CARTESIAN_POINT('',(44.879129009102,0.351358544593,
    1.000000000001));
#1660 = VERTEX_POINT('',#1661);
#1661 = CARTESIAN_POINT('',(44.118034887245,1.000000000001,
    5.782041512248E-13));
#1662 = LINE('',#1663,#1664);
#1663 = CARTESIAN_POINT('',(44.879129009102,0.351358544593,
    1.000000000001));
#1664 = VECTOR('',#1665,1.);
#1665 = DIRECTION('',(-0.538174814687,0.458658771678,-0.707106781187));
#1666 = ORIENTED_EDGE('',*,*,#1667,.T.);
#1667 = EDGE_CURVE('',#1660,#1635,#1668,.T.);
#1668 = LINE('',#1669,#1670);
#1669 = CARTESIAN_POINT('',(72.790280296453,34.643050809443,
    5.782041512248E-13));
#1670 = VECTOR('',#1671,1.);
#1671 = DIRECTION('',(0.648641455408,0.761094121858,7.943566821598E-17)
  );
#1672 = ORIENTED_EDGE('',*,*,#1643,.F.);
#1673 = ORIENTED_EDGE('',*,*,#1674,.T.);
#1674 = EDGE_CURVE('',#1625,#1658,#1675,.T.);
#1675 = LINE('',#1676,#1677);
#1676 = CARTESIAN_POINT('',(73.551374418311,33.994409354035,
    1.000000000001));
#1677 = VECTOR('',#1678,1.);
#1678 = DIRECTION('',(-0.648641455408,-0.761094121858,
    -7.943566821598E-17));
#1679 = PLANE('',#1680);
#1680 = AXIS2_PLACEMENT_3D('',#1681,#1682,#1683);
#1681 = CARTESIAN_POINT('',(73.170827357382,34.318730081739,
    0.500000000001));
#1682 = DIRECTION('',(0.538174814687,-0.458658771678,-0.707106781187));
#1683 = DIRECTION('',(-0.795742577202,1.665334536938E-16,-0.60563499802)
  );
#1684 = ADVANCED_FACE('',(#1685),#1696,.T.);
#1685 = FACE_BOUND('',#1686,.T.);
#1686 = EDGE_LOOP('',(#1687,#1688,#1689));
#1687 = ORIENTED_EDGE('',*,*,#1538,.F.);
#1688 = ORIENTED_EDGE('',*,*,#1474,.F.);
#1689 = ORIENTED_EDGE('',*,*,#1690,.T.);
#1690 = EDGE_CURVE('',#1475,#1539,#1691,.T.);
#1691 = CIRCLE('',#1692,1.000000000002);
#1692 = AXIS2_PLACEMENT_3D('',#1693,#1694,#1695);
#1693 = CARTESIAN_POINT('',(52.823216723582,1.000000000002,
    1.000000000001));
#1694 = DIRECTION('',(1.224646799147E-16,0.,-1.));
#1695 = DIRECTION('',(6.666889262864E-13,-1.,8.164584596036E-29));
#1696 = CONICAL_SURFACE('',#1697,1.000000000002,0.785398163398);
#1697 = AXIS2_PLACEMENT_3D('',#1698,#1699,#1700);
#1698 = CARTESIAN_POINT('',(52.823216723582,1.000000000002,
    1.000000000001));
#1699 = DIRECTION('',(-1.224646799147E-16,0.,1.));
#1700 = DIRECTION('',(6.666889262864E-13,-1.,8.164584596036E-29));
#1701 = ADVANCED_FACE('',(#1702),#1734,.T.);
#1702 = FACE_BOUND('',#1703,.T.);
#1703 = EDGE_LOOP('',(#1704,#1714,#1720,#1728));
#1704 = ORIENTED_EDGE('',*,*,#1705,.T.);
#1705 = EDGE_CURVE('',#1706,#1708,#1710,.T.);
#1706 = VERTEX_POINT('',#1707);
#1707 = CARTESIAN_POINT('',(43.05852992113,5.400124791777E-13,
    1.000000000001));
#1708 = VERTEX_POINT('',#1709);
#1709 = CARTESIAN_POINT('',(43.05852992113,1.000000000001,
    5.782041512248E-13));
#1710 = LINE('',#1711,#1712);
#1711 = CARTESIAN_POINT('',(43.05852992113,5.400124791777E-13,
    1.000000000001));
#1712 = VECTOR('',#1713,1.);
#1713 = DIRECTION('',(0.,0.707106781187,-0.707106781187));
#1714 = ORIENTED_EDGE('',*,*,#1715,.T.);
#1715 = EDGE_CURVE('',#1708,#1660,#1716,.T.);
#1716 = LINE('',#1717,#1718);
#1717 = CARTESIAN_POINT('',(46.294330346328,1.000000000001,
    5.782041512248E-13));
#1718 = VECTOR('',#1719,1.);
#1719 = DIRECTION('',(1.,0.,1.224646799147E-16));
#1720 = ORIENTED_EDGE('',*,*,#1721,.T.);
#1721 = EDGE_CURVE('',#1660,#1722,#1724,.T.);
#1722 = VERTEX_POINT('',#1723);
#1723 = CARTESIAN_POINT('',(44.118034887243,5.400124791777E-13,
    1.000000000001));
#1724 = LINE('',#1725,#1726);
#1725 = CARTESIAN_POINT('',(44.118034887243,1.000000000001,
    5.782041512248E-13));
#1726 = VECTOR('',#1727,1.);
#1727 = DIRECTION('',(0.,-0.707106781187,0.707106781187));
#1728 = ORIENTED_EDGE('',*,*,#1729,.T.);
#1729 = EDGE_CURVE('',#1722,#1706,#1730,.T.);
#1730 = LINE('',#1731,#1732);
#1731 = CARTESIAN_POINT('',(46.294330346328,5.400124791777E-13,
    1.000000000001));
#1732 = VECTOR('',#1733,1.);
#1733 = DIRECTION('',(-1.,0.,-1.224646799147E-16));
#1734 = PLANE('',#1735);
#1735 = AXIS2_PLACEMENT_3D('',#1736,#1737,#1738);
#1736 = CARTESIAN_POINT('',(46.294330346328,0.500000000001,
    0.500000000001));
#1737 = DIRECTION('',(8.659560562355E-17,-0.707106781187,-0.707106781187
    ));
#1738 = DIRECTION('',(-1.,-1.232595164408E-31,-1.224646799147E-16));
#1739 = ADVANCED_FACE('',(#1740),#1767,.T.);
#1740 = FACE_BOUND('',#1741,.T.);
#1741 = EDGE_LOOP('',(#1742,#1752,#1759,#1760));
#1742 = ORIENTED_EDGE('',*,*,#1743,.T.);
#1743 = EDGE_CURVE('',#1744,#1746,#1748,.T.);
#1744 = VERTEX_POINT('',#1745);
#1745 = CARTESIAN_POINT('',(42.637911751564,4.473010675554E-02,
    1.000000000001));
#1746 = VERTEX_POINT('',#1747);
#1747 = CARTESIAN_POINT('',(42.848220836346,1.022365053378,
    5.782041512248E-13));
#1748 = LINE('',#1749,#1750);
#1749 = CARTESIAN_POINT('',(42.637911751564,4.473010675554E-02,
    1.000000000001));
#1750 = VECTOR('',#1751,1.);
#1751 = DIRECTION('',(0.148710979995,0.691292300282,-0.707106781187));
#1752 = ORIENTED_EDGE('',*,*,#1753,.T.);
#1753 = EDGE_CURVE('',#1746,#1708,#1754,.T.);
#1754 = CIRCLE('',#1755,1.000000000004);
#1755 = AXIS2_PLACEMENT_3D('',#1756,#1757,#1758);
#1756 = CARTESIAN_POINT('',(43.05852992113,2.000000000005,
    5.782041512248E-13));
#1757 = DIRECTION('',(-1.224646799147E-16,3.08148791102E-33,1.));
#1758 = DIRECTION('',(-0.210309084783,-0.977634946623,-2.57554347511E-17
    ));
#1759 = ORIENTED_EDGE('',*,*,#1705,.F.);
#1760 = ORIENTED_EDGE('',*,*,#1761,.T.);
#1761 = EDGE_CURVE('',#1706,#1744,#1762,.T.);
#1762 = CIRCLE('',#1763,2.000000000004);
#1763 = AXIS2_PLACEMENT_3D('',#1764,#1765,#1766);
#1764 = CARTESIAN_POINT('',(43.05852992113,2.000000000005,1.000000000001
    ));
#1765 = DIRECTION('',(1.224646799147E-16,-3.08148791102E-33,-1.));
#1766 = DIRECTION('',(-0.210309084783,-0.977634946623,-2.57554347511E-17
    ));
#1767 = CONICAL_SURFACE('',#1768,1.500000000004,0.785398163397);
#1768 = AXIS2_PLACEMENT_3D('',#1769,#1770,#1771);
#1769 = CARTESIAN_POINT('',(43.05852992113,2.000000000005,0.500000000001
    ));
#1770 = DIRECTION('',(0.,0.,1.));
#1771 = DIRECTION('',(-0.210309084783,-0.977634946623,0.));
#1772 = ADVANCED_FACE('',(#1773),#1798,.T.);
#1773 = FACE_BOUND('',#1774,.T.);
#1774 = EDGE_LOOP('',(#1775,#1785,#1791,#1792));
#1775 = ORIENTED_EDGE('',*,*,#1776,.T.);
#1776 = EDGE_CURVE('',#1777,#1779,#1781,.T.);
#1777 = VERTEX_POINT('',#1778);
#1778 = CARTESIAN_POINT('',(38.751900579849,0.880689843877,
    1.000000000001));
#1779 = VERTEX_POINT('',#1780);
#1780 = CARTESIAN_POINT('',(38.962209664632,1.8583247905,
    5.782041512248E-13));
#1781 = LINE('',#1782,#1783);
#1782 = CARTESIAN_POINT('',(38.751900579849,0.880689843877,
    1.000000000001));
#1783 = VECTOR('',#1784,1.);
#1784 = DIRECTION('',(0.148710979995,0.691292300282,-0.707106781187));
#1785 = ORIENTED_EDGE('',*,*,#1786,.T.);
#1786 = EDGE_CURVE('',#1779,#1746,#1787,.T.);
#1787 = LINE('',#1788,#1789);
#1788 = CARTESIAN_POINT('',(34.482283900991,2.822047589589,
    5.782041512248E-13));
#1789 = VECTOR('',#1790,1.);
#1790 = DIRECTION('',(0.977634946623,-0.210309084783,1.197257508116E-16)
  );
#1791 = ORIENTED_EDGE('',*,*,#1743,.F.);
#1792 = ORIENTED_EDGE('',*,*,#1793,.T.);
#1793 = EDGE_CURVE('',#1744,#1777,#1794,.T.);
#1794 = LINE('',#1795,#1796);
#1795 = CARTESIAN_POINT('',(34.271974816208,1.844412642967,
    1.000000000001));
#1796 = VECTOR('',#1797,1.);
#1797 = DIRECTION('',(-0.977634946623,0.210309084783,-1.197257508116E-16
    ));
#1798 = PLANE('',#1799);
#1799 = AXIS2_PLACEMENT_3D('',#1800,#1801,#1802);
#1800 = CARTESIAN_POINT('',(34.377129358599,2.333230116278,
    0.500000000001));
#1801 = DIRECTION('',(-0.148710979995,-0.691292300282,-0.707106781187));
#1802 = DIRECTION('',(-0.978592618271,-2.081668171172E-16,0.205806917924
    ));
#1803 = ADVANCED_FACE('',(#1804),#1831,.F.);
#1804 = FACE_BOUND('',#1805,.F.);
#1805 = EDGE_LOOP('',(#1806,#1815,#1816,#1825));
#1806 = ORIENTED_EDGE('',*,*,#1807,.F.);
#1807 = EDGE_CURVE('',#1777,#1808,#1810,.T.);
#1808 = VERTEX_POINT('',#1809);
#1809 = CARTESIAN_POINT('',(38.331282410282,0.925419950632,
    1.000000000001));
#1810 = CIRCLE('',#1811,2.000000000013);
#1811 = AXIS2_PLACEMENT_3D('',#1812,#1813,#1814);
#1812 = CARTESIAN_POINT('',(38.331282410282,-1.074580049381,
    1.000000000001));
#1813 = DIRECTION('',(-1.224646799147E-16,0.,1.));
#1814 = DIRECTION('',(1.97619698382E-13,1.,2.420143310719E-29));
#1815 = ORIENTED_EDGE('',*,*,#1776,.T.);
#1816 = ORIENTED_EDGE('',*,*,#1817,.F.);
#1817 = EDGE_CURVE('',#1818,#1779,#1820,.T.);
#1818 = VERTEX_POINT('',#1819);
#1819 = CARTESIAN_POINT('',(38.331282410283,1.925419950632,
    5.782041512248E-13));
#1820 = CIRCLE('',#1821,3.000000000013);
#1821 = AXIS2_PLACEMENT_3D('',#1822,#1823,#1824);
#1822 = CARTESIAN_POINT('',(38.331282410282,-1.074580049381,
    5.782041512248E-13));
#1823 = DIRECTION('',(1.224646799147E-16,0.,-1.));
#1824 = DIRECTION('',(1.97619698382E-13,1.,2.420143310719E-29));
#1825 = ORIENTED_EDGE('',*,*,#1826,.F.);
#1826 = EDGE_CURVE('',#1808,#1818,#1827,.T.);
#1827 = LINE('',#1828,#1829);
#1828 = CARTESIAN_POINT('',(38.331282410282,0.925419950632,
    1.000000000001));
#1829 = VECTOR('',#1830,1.);
#1830 = DIRECTION('',(1.381681363642E-13,0.707106781187,-0.707106781187)
  );
#1831 = CONICAL_SURFACE('',#1832,2.500000000013,0.785398163397);
#1832 = AXIS2_PLACEMENT_3D('',#1833,#1834,#1835);
#1833 = CARTESIAN_POINT('',(38.331282410282,-1.074580049381,
    0.500000000001));
#1834 = DIRECTION('',(0.,0.,-1.));
#1835 = DIRECTION('',(1.97619698382E-13,1.,0.));
#1836 = ADVANCED_FACE('',(#1837),#1862,.T.);
#1837 = FACE_BOUND('',#1838,.T.);
#1838 = EDGE_LOOP('',(#1839,#1849,#1855,#1856));
#1839 = ORIENTED_EDGE('',*,*,#1840,.T.);
#1840 = EDGE_CURVE('',#1841,#1843,#1845,.T.);
#1841 = VERTEX_POINT('',#1842);
#1842 = CARTESIAN_POINT('',(31.051564891167,0.925419950632,
    1.000000000001));
#1843 = VERTEX_POINT('',#1844);
#1844 = CARTESIAN_POINT('',(31.051564891167,1.925419950632,
    5.782041512248E-13));
#1845 = LINE('',#1846,#1847);
#1846 = CARTESIAN_POINT('',(31.051564891167,0.925419950632,
    1.000000000001));
#1847 = VECTOR('',#1848,1.);
#1848 = DIRECTION('',(0.,0.707106781187,-0.707106781187));
#1849 = ORIENTED_EDGE('',*,*,#1850,.T.);
#1850 = EDGE_CURVE('',#1843,#1818,#1851,.T.);
#1851 = LINE('',#1852,#1853);
#1852 = CARTESIAN_POINT('',(43.400954107848,1.925419950632,
    5.782041512248E-13));
#1853 = VECTOR('',#1854,1.);
#1854 = DIRECTION('',(1.,0.,1.224646799147E-16));
#1855 = ORIENTED_EDGE('',*,*,#1826,.F.);
#1856 = ORIENTED_EDGE('',*,*,#1857,.T.);
#1857 = EDGE_CURVE('',#1808,#1841,#1858,.T.);
#1858 = LINE('',#1859,#1860);
#1859 = CARTESIAN_POINT('',(43.400954107848,0.925419950632,
    1.000000000001));
#1860 = VECTOR('',#1861,1.);
#1861 = DIRECTION('',(-1.,0.,-1.224646799147E-16));
#1862 = PLANE('',#1863);
#1863 = AXIS2_PLACEMENT_3D('',#1864,#1865,#1866);
#1864 = CARTESIAN_POINT('',(43.400954107848,1.425419950632,
    0.500000000001));
#1865 = DIRECTION('',(8.659560562355E-17,-0.707106781187,-0.707106781187
    ));
#1866 = DIRECTION('',(-1.,-1.972152263053E-31,-1.224646799147E-16));
#1867 = ADVANCED_FACE('',(#1868),#1895,.T.);
#1868 = FACE_BOUND('',#1869,.T.);
#1869 = EDGE_LOOP('',(#1870,#1880,#1887,#1888));
#1870 = ORIENTED_EDGE('',*,*,#1871,.T.);
#1871 = EDGE_CURVE('',#1872,#1874,#1876,.T.);
#1872 = VERTEX_POINT('',#1873);
#1873 = CARTESIAN_POINT('',(28.051564891167,3.925419950632,
    1.000000000001));
#1874 = VERTEX_POINT('',#1875);
#1875 = CARTESIAN_POINT('',(29.051564891167,3.925419950632,
    5.782041512248E-13));
#1876 = LINE('',#1877,#1878);
#1877 = CARTESIAN_POINT('',(28.051564891167,3.925419950632,
    1.000000000001));
#1878 = VECTOR('',#1879,1.);
#1879 = DIRECTION('',(0.707106781187,0.,-0.707106781187));
#1880 = ORIENTED_EDGE('',*,*,#1881,.T.);
#1881 = EDGE_CURVE('',#1874,#1843,#1882,.T.);
#1882 = CIRCLE('',#1883,2.);
#1883 = AXIS2_PLACEMENT_3D('',#1884,#1885,#1886);
#1884 = CARTESIAN_POINT('',(31.051564891167,3.925419950632,
    5.782041512248E-13));
#1885 = DIRECTION('',(-1.224646799147E-16,0.,1.));
#1886 = DIRECTION('',(-1.,-5.921189464667E-15,-1.224646799147E-16));
#1887 = ORIENTED_EDGE('',*,*,#1840,.F.);
#1888 = ORIENTED_EDGE('',*,*,#1889,.T.);
#1889 = EDGE_CURVE('',#1841,#1872,#1890,.T.);
#1890 = CIRCLE('',#1891,3.);
#1891 = AXIS2_PLACEMENT_3D('',#1892,#1893,#1894);
#1892 = CARTESIAN_POINT('',(31.051564891167,3.925419950632,
    1.000000000001));
#1893 = DIRECTION('',(1.224646799147E-16,0.,-1.));
#1894 = DIRECTION('',(-1.,-5.921189464667E-15,-1.224646799147E-16));
#1895 = CONICAL_SURFACE('',#1896,2.5,0.785398163397);
#1896 = AXIS2_PLACEMENT_3D('',#1897,#1898,#1899);
#1897 = CARTESIAN_POINT('',(31.051564891167,3.925419950632,
    0.500000000001));
#1898 = DIRECTION('',(0.,0.,1.));
#1899 = DIRECTION('',(-1.,-5.921189464667E-15,0.));
#1900 = ADVANCED_FACE('',(#1901),#1926,.T.);
#1901 = FACE_BOUND('',#1902,.T.);
#1902 = EDGE_LOOP('',(#1903,#1913,#1919,#1920));
#1903 = ORIENTED_EDGE('',*,*,#1904,.T.);
#1904 = EDGE_CURVE('',#1905,#1907,#1909,.T.);
#1905 = VERTEX_POINT('',#1906);
#1906 = CARTESIAN_POINT('',(28.051564891167,56.006167433634,
    1.000000000001));
#1907 = VERTEX_POINT('',#1908);
#1908 = CARTESIAN_POINT('',(29.051564891167,56.006167433634,
    5.782041512248E-13));
#1909 = LINE('',#1910,#1911);
#1910 = CARTESIAN_POINT('',(28.051564891167,56.006167433634,
    1.000000000001));
#1911 = VECTOR('',#1912,1.);
#1912 = DIRECTION('',(0.707106781187,0.,-0.707106781187));
#1913 = ORIENTED_EDGE('',*,*,#1914,.T.);
#1914 = EDGE_CURVE('',#1907,#1874,#1915,.T.);
#1915 = LINE('',#1916,#1917);
#1916 = CARTESIAN_POINT('',(29.051564891167,56.231207355591,
    5.782041512248E-13));
#1917 = VECTOR('',#1918,1.);
#1918 = DIRECTION('',(0.,-1.,0.));
#1919 = ORIENTED_EDGE('',*,*,#1871,.F.);
#1920 = ORIENTED_EDGE('',*,*,#1921,.T.);
#1921 = EDGE_CURVE('',#1872,#1905,#1922,.T.);
#1922 = LINE('',#1923,#1924);
#1923 = CARTESIAN_POINT('',(28.051564891167,56.231207355591,
    1.000000000001));
#1924 = VECTOR('',#1925,1.);
#1925 = DIRECTION('',(0.,1.,0.));
#1926 = PLANE('',#1927);
#1927 = AXIS2_PLACEMENT_3D('',#1928,#1929,#1930);
#1928 = CARTESIAN_POINT('',(28.551564891167,56.231207355591,
    0.500000000001));
#1929 = DIRECTION('',(-0.707106781187,0.,-0.707106781187));
#1930 = DIRECTION('',(-0.707106781187,0.,0.707106781187));
#1931 = ADVANCED_FACE('',(#1932),#1959,.F.);
#1932 = FACE_BOUND('',#1933,.F.);
#1933 = EDGE_LOOP('',(#1934,#1943,#1944,#1953));
#1934 = ORIENTED_EDGE('',*,*,#1935,.F.);
#1935 = EDGE_CURVE('',#1905,#1936,#1938,.T.);
#1936 = VERTEX_POINT('',#1937);
#1937 = CARTESIAN_POINT('',(27.172885234727,58.127487777194,
    1.000000000001));
#1938 = CIRCLE('',#1939,3.);
#1939 = AXIS2_PLACEMENT_3D('',#1940,#1941,#1942);
#1940 = CARTESIAN_POINT('',(25.051564891167,56.006167433635,
    1.000000000001));
#1941 = DIRECTION('',(-1.224646799147E-16,0.,1.));
#1942 = DIRECTION('',(0.707106781187,0.707106781186,8.659560562356E-17)
  );
#1943 = ORIENTED_EDGE('',*,*,#1904,.T.);
#1944 = ORIENTED_EDGE('',*,*,#1945,.F.);
#1945 = EDGE_CURVE('',#1946,#1907,#1948,.T.);
#1946 = VERTEX_POINT('',#1947);
#1947 = CARTESIAN_POINT('',(27.879992015914,58.83459455838,
    5.782041512248E-13));
#1948 = CIRCLE('',#1949,4.);
#1949 = AXIS2_PLACEMENT_3D('',#1950,#1951,#1952);
#1950 = CARTESIAN_POINT('',(25.051564891167,56.006167433635,
    5.782041512248E-13));
#1951 = DIRECTION('',(1.224646799147E-16,0.,-1.));
#1952 = DIRECTION('',(0.707106781187,0.707106781186,8.659560562356E-17)
  );
#1953 = ORIENTED_EDGE('',*,*,#1954,.F.);
#1954 = EDGE_CURVE('',#1936,#1946,#1955,.T.);
#1955 = LINE('',#1956,#1957);
#1956 = CARTESIAN_POINT('',(27.172885234727,58.127487777194,
    1.000000000001));
#1957 = VECTOR('',#1958,1.);
#1958 = DIRECTION('',(0.5,0.5,-0.707106781187));
#1959 = CONICAL_SURFACE('',#1960,3.5,0.785398163397);
#1960 = AXIS2_PLACEMENT_3D('',#1961,#1962,#1963);
#1961 = CARTESIAN_POINT('',(25.051564891167,56.006167433635,
    0.500000000001));
#1962 = DIRECTION('',(0.,0.,-1.));
#1963 = DIRECTION('',(0.707106781187,0.707106781186,0.));
#1964 = ADVANCED_FACE('',(#1965),#1990,.T.);
#1965 = FACE_BOUND('',#1966,.T.);
#1966 = EDGE_LOOP('',(#1967,#1977,#1983,#1984));
#1967 = ORIENTED_EDGE('',*,*,#1968,.T.);
#1968 = EDGE_CURVE('',#1969,#1971,#1973,.T.);
#1969 = VERTEX_POINT('',#1970);
#1970 = CARTESIAN_POINT('',(17.795767687813,67.504605324109,
    1.000000000001));
#1971 = VERTEX_POINT('',#1972);
#1972 = CARTESIAN_POINT('',(18.502874469,68.211712105296,
    5.782041512248E-13));
#1973 = LINE('',#1974,#1975);
#1974 = CARTESIAN_POINT('',(17.795767687813,67.504605324109,
    1.000000000001));
#1975 = VECTOR('',#1976,1.);
#1976 = DIRECTION('',(0.5,0.5,-0.707106781187));
#1977 = ORIENTED_EDGE('',*,*,#1978,.T.);
#1978 = EDGE_CURVE('',#1971,#1946,#1979,.T.);
#1979 = LINE('',#1980,#1981);
#1980 = CARTESIAN_POINT('',(20.602050412745,66.11253616155,
    5.782041512248E-13));
#1981 = VECTOR('',#1982,1.);
#1982 = DIRECTION('',(0.707106781186,-0.707106781187,8.659560562354E-17)
  );
#1983 = ORIENTED_EDGE('',*,*,#1954,.F.);
#1984 = ORIENTED_EDGE('',*,*,#1985,.T.);
#1985 = EDGE_CURVE('',#1936,#1969,#1986,.T.);
#1986 = LINE('',#1987,#1988);
#1987 = CARTESIAN_POINT('',(19.894943631558,65.405429380364,
    1.000000000001));
#1988 = VECTOR('',#1989,1.);
#1989 = DIRECTION('',(-0.707106781186,0.707106781187,-8.659560562354E-17
    ));
#1990 = PLANE('',#1991);
#1991 = AXIS2_PLACEMENT_3D('',#1992,#1993,#1994);
#1992 = CARTESIAN_POINT('',(20.248497022152,65.758982770957,
    0.500000000001));
#1993 = DIRECTION('',(-0.5,-0.5,-0.707106781187));
#1994 = DIRECTION('',(-0.816496580928,-1.942890293094E-16,0.57735026919)
  );
#1995 = ADVANCED_FACE('',(#1996),#2023,.F.);
#1996 = FACE_BOUND('',#1997,.F.);
#1997 = EDGE_LOOP('',(#1998,#2007,#2008,#2017));
#1998 = ORIENTED_EDGE('',*,*,#1999,.F.);
#1999 = EDGE_CURVE('',#1969,#2000,#2002,.T.);
#2000 = VERTEX_POINT('',#2001);
#2001 = CARTESIAN_POINT('',(14.818897484917,69.271088591539,
    1.000000000001));
#2002 = CIRCLE('',#2003,7.);
#2003 = AXIS2_PLACEMENT_3D('',#2004,#2005,#2006);
#2004 = CARTESIAN_POINT('',(12.846020219507,62.554857855804,
    1.000000000001));
#2005 = DIRECTION('',(-1.224646799147E-16,0.,1.));
#2006 = DIRECTION('',(0.281839609344,0.959461533676,3.451539754565E-17)
  );
#2007 = ORIENTED_EDGE('',*,*,#1968,.T.);
#2008 = ORIENTED_EDGE('',*,*,#2009,.F.);
#2009 = EDGE_CURVE('',#2010,#1971,#2012,.T.);
#2010 = VERTEX_POINT('',#2011);
#2011 = CARTESIAN_POINT('',(15.100737094262,70.230550125215,
    5.782041512248E-13));
#2012 = CIRCLE('',#2013,8.);
#2013 = AXIS2_PLACEMENT_3D('',#2014,#2015,#2016);
#2014 = CARTESIAN_POINT('',(12.846020219507,62.554857855804,
    5.782041512248E-13));
#2015 = DIRECTION('',(1.224646799147E-16,0.,-1.));
#2016 = DIRECTION('',(0.281839609344,0.959461533676,3.451539754565E-17)
  );
#2017 = ORIENTED_EDGE('',*,*,#2018,.F.);
#2018 = EDGE_CURVE('',#2000,#2010,#2019,.T.);
#2019 = LINE('',#2020,#2021);
#2020 = CARTESIAN_POINT('',(14.818897484917,69.271088591539,
    1.000000000001));
#2021 = VECTOR('',#2022,1.);
#2022 = DIRECTION('',(0.199290698974,0.67844175675,-0.707106781187));
#2023 = CONICAL_SURFACE('',#2024,7.5,0.785398163397);
#2024 = AXIS2_PLACEMENT_3D('',#2025,#2026,#2027);
#2025 = CARTESIAN_POINT('',(12.846020219507,62.554857855804,
    0.500000000001));
#2026 = DIRECTION('',(0.,0.,-1.));
#2027 = DIRECTION('',(0.281839609344,0.959461533676,0.));
#2028 = ADVANCED_FACE('',(#2029),#2054,.T.);
#2029 = FACE_BOUND('',#2030,.T.);
#2030 = EDGE_LOOP('',(#2031,#2041,#2047,#2048));
#2031 = ORIENTED_EDGE('',*,*,#2032,.T.);
#2032 = EDGE_CURVE('',#2033,#2035,#2037,.T.);
#2033 = VERTEX_POINT('',#2034);
#2034 = CARTESIAN_POINT('',(7.092634870855,71.540660388225,
    1.000000000001));
#2035 = VERTEX_POINT('',#2036);
#2036 = CARTESIAN_POINT('',(7.3744744802,72.500121921902,
    5.782041512248E-13));
#2037 = LINE('',#2038,#2039);
#2038 = CARTESIAN_POINT('',(7.092634870855,71.540660388225,
    1.000000000001));
#2039 = VECTOR('',#2040,1.);
#2040 = DIRECTION('',(0.199290698974,0.67844175675,-0.707106781187));
#2041 = ORIENTED_EDGE('',*,*,#2042,.T.);
#2042 = EDGE_CURVE('',#2035,#2010,#2043,.T.);
#2043 = LINE('',#2044,#2045);
#2044 = CARTESIAN_POINT('',(25.281032318207,67.240111917723,
    5.782041512248E-13));
#2045 = VECTOR('',#2046,1.);
#2046 = DIRECTION('',(0.959461533676,-0.281839609344,1.175001496122E-16)
  );
#2047 = ORIENTED_EDGE('',*,*,#2018,.F.);
#2048 = ORIENTED_EDGE('',*,*,#2049,.T.);
#2049 = EDGE_CURVE('',#2000,#2033,#2050,.T.);
#2050 = LINE('',#2051,#2052);
#2051 = CARTESIAN_POINT('',(24.999192708863,66.280650384046,
    1.000000000001));
#2052 = VECTOR('',#2053,1.);
#2053 = DIRECTION('',(-0.959461533676,0.281839609344,-1.175001496122E-16
    ));
#2054 = PLANE('',#2055);
#2055 = AXIS2_PLACEMENT_3D('',#2056,#2057,#2058);
#2056 = CARTESIAN_POINT('',(25.140112513535,66.760381150885,
    0.500000000001));
#2057 = DIRECTION('',(-0.199290698974,-0.67844175675,-0.707106781187));
#2058 = DIRECTION('',(-0.962502886819,1.942890293094E-16,0.271271437614)
  );
#2059 = ADVANCED_FACE('',(#2060),#2087,.T.);
#2060 = FACE_BOUND('',#2061,.T.);
#2061 = EDGE_LOOP('',(#2062,#2072,#2079,#2080));
#2062 = ORIENTED_EDGE('',*,*,#2063,.T.);
#2063 = EDGE_CURVE('',#2064,#2066,#2068,.T.);
#2064 = VERTEX_POINT('',#2065);
#2065 = CARTESIAN_POINT('',(3.524979051023,73.978749806596,
    1.000000000001));
#2066 = VERTEX_POINT('',#2067);
#2067 = CARTESIAN_POINT('',(4.316483777487,74.589912851934,
    5.782041512248E-13));
#2068 = LINE('',#2069,#2070);
#2069 = CARTESIAN_POINT('',(3.524979051023,73.978749806596,
    1.000000000001));
#2070 = VECTOR('',#2071,1.);
#2071 = DIRECTION('',(0.559678359423,0.432157533769,-0.707106781187));
#2072 = ORIENTED_EDGE('',*,*,#2073,.T.);
#2073 = EDGE_CURVE('',#2066,#2035,#2074,.T.);
#2074 = CIRCLE('',#2075,5.999999999999);
#2075 = AXIS2_PLACEMENT_3D('',#2076,#2077,#2078);
#2076 = CARTESIAN_POINT('',(9.065512136265,78.256891123959,
    5.782041512248E-13));
#2077 = DIRECTION('',(-1.224646799147E-16,1.232595164408E-32,1.));
#2078 = DIRECTION('',(-0.791504726463,-0.611163045338,
    -9.693137297732E-17));
#2079 = ORIENTED_EDGE('',*,*,#2032,.F.);
#2080 = ORIENTED_EDGE('',*,*,#2081,.T.);
#2081 = EDGE_CURVE('',#2033,#2064,#2082,.T.);
#2082 = CIRCLE('',#2083,6.999999999999);
#2083 = AXIS2_PLACEMENT_3D('',#2084,#2085,#2086);
#2084 = CARTESIAN_POINT('',(9.065512136265,78.256891123959,
    1.000000000001));
#2085 = DIRECTION('',(1.224646799147E-16,-1.232595164408E-32,-1.));
#2086 = DIRECTION('',(-0.791504726463,-0.611163045338,
    -9.693137297732E-17));
#2087 = CONICAL_SURFACE('',#2088,6.499999999999,0.785398163397);
#2088 = AXIS2_PLACEMENT_3D('',#2089,#2090,#2091);
#2089 = CARTESIAN_POINT('',(9.065512136265,78.256891123959,
    0.500000000001));
#2090 = DIRECTION('',(0.,0.,1.));
#2091 = DIRECTION('',(-0.791504726463,-0.611163045338,0.));
#2092 = ADVANCED_FACE('',(#2093),#2118,.T.);
#2093 = FACE_BOUND('',#2094,.T.);
#2094 = EDGE_LOOP('',(#2095,#2105,#2111,#2112));
#2095 = ORIENTED_EDGE('',*,*,#2096,.T.);
#2096 = EDGE_CURVE('',#2097,#2099,#2101,.T.);
#2097 = VERTEX_POINT('',#2098);
#2098 = CARTESIAN_POINT('',(1.459466914758,76.653752215353,
    1.000000000001));
#2099 = VERTEX_POINT('',#2100);
#2100 = CARTESIAN_POINT('',(2.250971641222,77.264915260691,
    5.782041512248E-13));
#2101 = LINE('',#2102,#2103);
#2102 = CARTESIAN_POINT('',(1.459466914758,76.653752215353,
    1.000000000001));
#2103 = VECTOR('',#2104,1.);
#2104 = DIRECTION('',(0.559678359423,0.432157533769,-0.707106781187));
#2105 = ORIENTED_EDGE('',*,*,#2106,.T.);
#2106 = EDGE_CURVE('',#2099,#2066,#2107,.T.);
#2107 = LINE('',#2108,#2109);
#2108 = CARTESIAN_POINT('',(4.351963053021,74.543964369788,
    5.782041512248E-13));
#2109 = VECTOR('',#2110,1.);
#2110 = DIRECTION('',(0.611163045338,-0.791504726463,7.484588672298E-17)
  );
#2111 = ORIENTED_EDGE('',*,*,#2063,.F.);
#2112 = ORIENTED_EDGE('',*,*,#2113,.T.);
#2113 = EDGE_CURVE('',#2064,#2097,#2114,.T.);
#2114 = LINE('',#2115,#2116);
#2115 = CARTESIAN_POINT('',(3.560458326558,73.93280132445,1.000000000001
    ));
#2116 = VECTOR('',#2117,1.);
#2117 = DIRECTION('',(-0.611163045338,0.791504726463,-7.484588672298E-17
    ));
#2118 = PLANE('',#2119);
#2119 = AXIS2_PLACEMENT_3D('',#2120,#2121,#2122);
#2120 = CARTESIAN_POINT('',(3.95621068979,74.238382847119,0.500000000001
    ));
#2121 = DIRECTION('',(-0.559678359423,-0.432157533769,-0.707106781187));
#2122 = DIRECTION('',(-0.784107615899,2.775557561563E-17,0.62062488404)
  );
#2123 = ADVANCED_FACE('',(#2124),#2151,.T.);
#2124 = FACE_BOUND('',#2125,.T.);
#2125 = EDGE_LOOP('',(#2126,#2136,#2143,#2144));
#2126 = ORIENTED_EDGE('',*,*,#2127,.T.);
#2127 = EDGE_CURVE('',#2128,#2130,#2132,.T.);
#2128 = VERTEX_POINT('',#2129);
#2129 = CARTESIAN_POINT('',(2.363096539687,86.175854468855,
    1.000000000001));
#2130 = VERTEX_POINT('',#2131);
#2131 = CARTESIAN_POINT('',(3.025511319732,85.426717192264,
    5.782041512248E-13));
#2132 = LINE('',#2133,#2134);
#2133 = CARTESIAN_POINT('',(2.363096539687,86.175854468855,
    1.000000000001));
#2134 = VECTOR('',#2135,1.);
#2135 = DIRECTION('',(0.468397982928,-0.529720048317,-0.707106781187));
#2136 = ORIENTED_EDGE('',*,*,#2137,.T.);
#2137 = EDGE_CURVE('',#2130,#2099,#2138,.T.);
#2138 = CIRCLE('',#2139,6.000000000001);
#2139 = AXIS2_PLACEMENT_3D('',#2140,#2141,#2142);
#2140 = CARTESIAN_POINT('',(7.000000000002,80.931893532717,
    5.782041512248E-13));
#2141 = DIRECTION('',(-1.224646799147E-16,0.,1.));
#2142 = DIRECTION('',(-0.662414780045,0.749137276591,-8.112241400898E-17
    ));
#2143 = ORIENTED_EDGE('',*,*,#2096,.F.);
#2144 = ORIENTED_EDGE('',*,*,#2145,.T.);
#2145 = EDGE_CURVE('',#2097,#2128,#2146,.T.);
#2146 = CIRCLE('',#2147,7.000000000001);
#2147 = AXIS2_PLACEMENT_3D('',#2148,#2149,#2150);
#2148 = CARTESIAN_POINT('',(7.000000000002,80.931893532717,
    1.000000000001));
#2149 = DIRECTION('',(1.224646799147E-16,0.,-1.));
#2150 = DIRECTION('',(-0.662414780045,0.749137276591,-8.112241400898E-17
    ));
#2151 = CONICAL_SURFACE('',#2152,6.500000000001,0.785398163397);
#2152 = AXIS2_PLACEMENT_3D('',#2153,#2154,#2155);
#2153 = CARTESIAN_POINT('',(7.000000000002,80.931893532717,
    0.500000000001));
#2154 = DIRECTION('',(0.,0.,1.));
#2155 = DIRECTION('',(-0.662414780045,0.749137276591,0.));
#2156 = ADVANCED_FACE('',(#2157),#2182,.T.);
#2157 = FACE_BOUND('',#2158,.T.);
#2158 = EDGE_LOOP('',(#2159,#2169,#2175,#2176));
#2159 = ORIENTED_EDGE('',*,*,#2160,.T.);
#2160 = EDGE_CURVE('',#2161,#2163,#2165,.T.);
#2161 = VERTEX_POINT('',#2162);
#2162 = CARTESIAN_POINT('',(21.636390175007,103.21801077734,
    1.000000000001));
#2163 = VERTEX_POINT('',#2164);
#2164 = CARTESIAN_POINT('',(22.298804955052,102.46887350075,
    5.782041512248E-13));
#2165 = LINE('',#2166,#2167);
#2166 = CARTESIAN_POINT('',(21.636390175007,103.21801077734,
    1.000000000001));
#2167 = VECTOR('',#2168,1.);
#2168 = DIRECTION('',(0.468397982928,-0.529720048317,-0.707106781187));
#2169 = ORIENTED_EDGE('',*,*,#2170,.T.);
#2170 = EDGE_CURVE('',#2163,#2130,#2171,.T.);
#2171 = LINE('',#2172,#2173);
#2172 = CARTESIAN_POINT('',(21.511679255806,101.7728679578,
    5.782041512248E-13));
#2173 = VECTOR('',#2174,1.);
#2174 = DIRECTION('',(-0.749137276591,-0.662414780045,
    -9.174285678992E-17));
#2175 = ORIENTED_EDGE('',*,*,#2127,.F.);
#2176 = ORIENTED_EDGE('',*,*,#2177,.T.);
#2177 = EDGE_CURVE('',#2128,#2161,#2178,.T.);
#2178 = LINE('',#2179,#2180);
#2179 = CARTESIAN_POINT('',(20.849264475762,102.52200523439,
    1.000000000001));
#2180 = VECTOR('',#2181,1.);
#2181 = DIRECTION('',(0.749137276591,0.662414780045,9.174285678992E-17)
  );
#2182 = PLANE('',#2183);
#2183 = AXIS2_PLACEMENT_3D('',#2184,#2185,#2186);
#2184 = CARTESIAN_POINT('',(21.180471865784,102.1474365961,
    0.500000000001));
#2185 = DIRECTION('',(-0.468397982928,0.529720048317,-0.707106781187));
#2186 = DIRECTION('',(-0.833682701984,8.326672684689E-17,0.552243743662)
  );
#2187 = ADVANCED_FACE('',(#2188),#2215,.F.);
#2188 = FACE_BOUND('',#2189,.F.);
#2189 = EDGE_LOOP('',(#2190,#2199,#2200,#2209));
#2190 = ORIENTED_EDGE('',*,*,#2191,.F.);
#2191 = EDGE_CURVE('',#2161,#2192,#2194,.T.);
#2192 = VERTEX_POINT('',#2193);
#2193 = CARTESIAN_POINT('',(21.636390175006,118.20075630916,
    1.000000000001));
#2194 = CIRCLE('',#2195,10.000000000001);
#2195 = AXIS2_PLACEMENT_3D('',#2196,#2197,#2198);
#2196 = CARTESIAN_POINT('',(15.012242374558,110.70938354325,
    1.000000000001));
#2197 = DIRECTION('',(-1.224646799147E-16,1.232595164408E-32,1.));
#2198 = DIRECTION('',(0.662414780045,0.749137276591,8.112241400897E-17)
  );
#2199 = ORIENTED_EDGE('',*,*,#2160,.T.);
#2200 = ORIENTED_EDGE('',*,*,#2201,.F.);
#2201 = EDGE_CURVE('',#2202,#2163,#2204,.T.);
#2202 = VERTEX_POINT('',#2203);
#2203 = CARTESIAN_POINT('',(22.29880495505,118.94989358575,
    5.782041512248E-13));
#2204 = CIRCLE('',#2205,11.000000000001);
#2205 = AXIS2_PLACEMENT_3D('',#2206,#2207,#2208);
#2206 = CARTESIAN_POINT('',(15.012242374558,110.70938354325,
    5.782041512248E-13));
#2207 = DIRECTION('',(1.224646799147E-16,-1.232595164408E-32,-1.));
#2208 = DIRECTION('',(0.662414780045,0.749137276591,8.112241400897E-17)
  );
#2209 = ORIENTED_EDGE('',*,*,#2210,.F.);
#2210 = EDGE_CURVE('',#2192,#2202,#2211,.T.);
#2211 = LINE('',#2212,#2213);
#2212 = CARTESIAN_POINT('',(21.636390175006,118.20075630916,
    1.000000000001));
#2213 = VECTOR('',#2214,1.);
#2214 = DIRECTION('',(0.468397982928,0.529720048317,-0.707106781187));
#2215 = CONICAL_SURFACE('',#2216,10.500000000001,0.785398163397);
#2216 = AXIS2_PLACEMENT_3D('',#2217,#2218,#2219);
#2217 = CARTESIAN_POINT('',(15.012242374558,110.70938354325,
    0.500000000001));
#2218 = DIRECTION('',(0.,0.,-1.));
#2219 = DIRECTION('',(0.662414780045,0.749137276591,0.));
#2220 = ADVANCED_FACE('',(#2221),#2246,.T.);
#2221 = FACE_BOUND('',#2222,.T.);
#2222 = EDGE_LOOP('',(#2223,#2233,#2239,#2240));
#2223 = ORIENTED_EDGE('',*,*,#2224,.T.);
#2224 = EDGE_CURVE('',#2225,#2227,#2229,.T.);
#2225 = VERTEX_POINT('',#2226);
#2226 = CARTESIAN_POINT('',(2.363096539685,135.24291261764,
    1.000000000001));
#2227 = VERTEX_POINT('',#2228);
#2228 = CARTESIAN_POINT('',(3.02551131973,135.99204989423,
    5.782041512248E-13));
#2229 = LINE('',#2230,#2231);
#2230 = CARTESIAN_POINT('',(2.363096539685,135.24291261764,
    1.000000000001));
#2231 = VECTOR('',#2232,1.);
#2232 = DIRECTION('',(0.468397982928,0.529720048317,-0.707106781187));
#2233 = ORIENTED_EDGE('',*,*,#2234,.T.);
#2234 = EDGE_CURVE('',#2227,#2202,#2235,.T.);
#2235 = LINE('',#2236,#2237);
#2236 = CARTESIAN_POINT('',(32.226351423371,110.17159124292,
    5.782041512248E-13));
#2237 = VECTOR('',#2238,1.);
#2238 = DIRECTION('',(0.749137276591,-0.662414780045,9.174285678992E-17)
  );
#2239 = ORIENTED_EDGE('',*,*,#2210,.F.);
#2240 = ORIENTED_EDGE('',*,*,#2241,.T.);
#2241 = EDGE_CURVE('',#2192,#2225,#2242,.T.);
#2242 = LINE('',#2243,#2244);
#2243 = CARTESIAN_POINT('',(31.563936643326,109.42245396633,
    1.000000000001));
#2244 = VECTOR('',#2245,1.);
#2245 = DIRECTION('',(-0.749137276591,0.662414780045,-9.174285678992E-17
    ));
#2246 = PLANE('',#2247);
#2247 = AXIS2_PLACEMENT_3D('',#2248,#2249,#2250);
#2248 = CARTESIAN_POINT('',(31.895144033349,109.79702260463,
    0.500000000001));
#2249 = DIRECTION('',(-0.468397982928,-0.529720048317,-0.707106781187));
#2250 = DIRECTION('',(-0.833682701984,0.,0.552243743662));
#2251 = ADVANCED_FACE('',(#2252),#2279,.T.);
#2252 = FACE_BOUND('',#2253,.T.);
#2253 = EDGE_LOOP('',(#2254,#2264,#2271,#2272));
#2254 = ORIENTED_EDGE('',*,*,#2255,.T.);
#2255 = EDGE_CURVE('',#2256,#2258,#2260,.T.);
#2256 = VERTEX_POINT('',#2257);
#2257 = CARTESIAN_POINT('',(1.459466914758,144.76501487114,
    1.000000000001));
#2258 = VERTEX_POINT('',#2259);
#2259 = CARTESIAN_POINT('',(2.250971641221,144.15385182581,
    5.782041512248E-13));
#2260 = LINE('',#2261,#2262);
#2261 = CARTESIAN_POINT('',(1.459466914758,144.76501487114,
    1.000000000001));
#2262 = VECTOR('',#2263,1.);
#2263 = DIRECTION('',(0.559678359423,-0.432157533769,-0.707106781187));
#2264 = ORIENTED_EDGE('',*,*,#2265,.T.);
#2265 = EDGE_CURVE('',#2258,#2227,#2266,.T.);
#2266 = CIRCLE('',#2267,6.);
#2267 = AXIS2_PLACEMENT_3D('',#2268,#2269,#2270);
#2268 = CARTESIAN_POINT('',(7.,140.48687355378,5.782041512248E-13));
#2269 = DIRECTION('',(-1.224646799147E-16,0.,1.));
#2270 = DIRECTION('',(-0.791504726463,0.611163045338,-9.693137297731E-17
    ));
#2271 = ORIENTED_EDGE('',*,*,#2224,.F.);
#2272 = ORIENTED_EDGE('',*,*,#2273,.T.);
#2273 = EDGE_CURVE('',#2225,#2256,#2274,.T.);
#2274 = CIRCLE('',#2275,7.);
#2275 = AXIS2_PLACEMENT_3D('',#2276,#2277,#2278);
#2276 = CARTESIAN_POINT('',(7.,140.48687355378,1.000000000001));
#2277 = DIRECTION('',(1.224646799147E-16,0.,-1.));
#2278 = DIRECTION('',(-0.791504726463,0.611163045338,-9.693137297731E-17
    ));
#2279 = CONICAL_SURFACE('',#2280,6.5,0.785398163397);
#2280 = AXIS2_PLACEMENT_3D('',#2281,#2282,#2283);
#2281 = CARTESIAN_POINT('',(7.,140.48687355378,0.500000000001));
#2282 = DIRECTION('',(0.,0.,1.));
#2283 = DIRECTION('',(-0.791504726463,0.611163045338,0.));
#2284 = ADVANCED_FACE('',(#2285),#2310,.T.);
#2285 = FACE_BOUND('',#2286,.T.);
#2286 = EDGE_LOOP('',(#2287,#2297,#2303,#2304));
#2287 = ORIENTED_EDGE('',*,*,#2288,.T.);
#2288 = EDGE_CURVE('',#2289,#2291,#2293,.T.);
#2289 = VERTEX_POINT('',#2290);
#2290 = CARTESIAN_POINT('',(3.524979051023,147.4400172799,1.000000000001
    ));
#2291 = VERTEX_POINT('',#2292);
#2292 = CARTESIAN_POINT('',(4.316483777487,146.82885423456,
    5.782041512248E-13));
#2293 = LINE('',#2294,#2295);
#2294 = CARTESIAN_POINT('',(3.524979051023,147.4400172799,1.000000000001
    ));
#2295 = VECTOR('',#2296,1.);
#2296 = DIRECTION('',(0.559678359423,-0.432157533769,-0.707106781187));
#2297 = ORIENTED_EDGE('',*,*,#2298,.T.);
#2298 = EDGE_CURVE('',#2291,#2258,#2299,.T.);
#2299 = LINE('',#2300,#2301);
#2300 = CARTESIAN_POINT('',(2.268339026191,144.17634396991,
    5.782041512248E-13));
#2301 = VECTOR('',#2302,1.);
#2302 = DIRECTION('',(-0.611163045338,-0.791504726463,
    -7.484588672298E-17));
#2303 = ORIENTED_EDGE('',*,*,#2255,.F.);
#2304 = ORIENTED_EDGE('',*,*,#2305,.T.);
#2305 = EDGE_CURVE('',#2256,#2289,#2306,.T.);
#2306 = LINE('',#2307,#2308);
#2307 = CARTESIAN_POINT('',(1.476834299728,144.78750701525,
    1.000000000001));
#2308 = VECTOR('',#2309,1.);
#2309 = DIRECTION('',(0.611163045338,0.791504726463,7.484588672298E-17)
  );
#2310 = PLANE('',#2311);
#2311 = AXIS2_PLACEMENT_3D('',#2312,#2313,#2314);
#2312 = CARTESIAN_POINT('',(1.872586662959,144.48192549258,
    0.500000000001));
#2313 = DIRECTION('',(-0.559678359423,0.432157533769,-0.707106781187));
#2314 = DIRECTION('',(-0.784107615899,1.110223024625E-16,0.62062488404)
  );
#2315 = ADVANCED_FACE('',(#2316),#2343,.T.);
#2316 = FACE_BOUND('',#2317,.T.);
#2317 = EDGE_LOOP('',(#2318,#2328,#2335,#2336));
#2318 = ORIENTED_EDGE('',*,*,#2319,.T.);
#2319 = EDGE_CURVE('',#2320,#2322,#2324,.T.);
#2320 = VERTEX_POINT('',#2321);
#2321 = CARTESIAN_POINT('',(7.092634870855,149.87810669827,
    1.000000000001));
#2322 = VERTEX_POINT('',#2323);
#2323 = CARTESIAN_POINT('',(7.3744744802,148.9186451646,
    5.782041512248E-13));
#2324 = LINE('',#2325,#2326);
#2325 = CARTESIAN_POINT('',(7.092634870855,149.87810669827,
    1.000000000001));
#2326 = VECTOR('',#2327,1.);
#2327 = DIRECTION('',(0.199290698974,-0.67844175675,-0.707106781187));
#2328 = ORIENTED_EDGE('',*,*,#2329,.T.);
#2329 = EDGE_CURVE('',#2322,#2291,#2330,.T.);
#2330 = CIRCLE('',#2331,5.999999999999);
#2331 = AXIS2_PLACEMENT_3D('',#2332,#2333,#2334);
#2332 = CARTESIAN_POINT('',(9.065512136265,143.16187596254,
    5.782041512248E-13));
#2333 = DIRECTION('',(-1.224646799147E-16,0.,1.));
#2334 = DIRECTION('',(-0.281839609344,0.959461533676,-3.451539754565E-17
    ));
#2335 = ORIENTED_EDGE('',*,*,#2288,.F.);
#2336 = ORIENTED_EDGE('',*,*,#2337,.T.);
#2337 = EDGE_CURVE('',#2289,#2320,#2338,.T.);
#2338 = CIRCLE('',#2339,6.999999999999);
#2339 = AXIS2_PLACEMENT_3D('',#2340,#2341,#2342);
#2340 = CARTESIAN_POINT('',(9.065512136265,143.16187596254,
    1.000000000001));
#2341 = DIRECTION('',(1.224646799147E-16,0.,-1.));
#2342 = DIRECTION('',(-0.281839609344,0.959461533676,-3.451539754565E-17
    ));
#2343 = CONICAL_SURFACE('',#2344,6.499999999999,0.785398163397);
#2344 = AXIS2_PLACEMENT_3D('',#2345,#2346,#2347);
#2345 = CARTESIAN_POINT('',(9.065512136265,143.16187596254,
    0.500000000001));
#2346 = DIRECTION('',(0.,0.,1.));
#2347 = DIRECTION('',(-0.281839609344,0.959461533676,0.));
#2348 = ADVANCED_FACE('',(#2349),#2374,.T.);
#2349 = FACE_BOUND('',#2350,.T.);
#2350 = EDGE_LOOP('',(#2351,#2361,#2367,#2368));
#2351 = ORIENTED_EDGE('',*,*,#2352,.T.);
#2352 = EDGE_CURVE('',#2353,#2355,#2357,.T.);
#2353 = VERTEX_POINT('',#2354);
#2354 = CARTESIAN_POINT('',(14.818897484917,152.14767849496,
    1.000000000001));
#2355 = VERTEX_POINT('',#2356);
#2356 = CARTESIAN_POINT('',(15.100737094261,151.18821696128,
    5.782041512248E-13));
#2357 = LINE('',#2358,#2359);
#2358 = CARTESIAN_POINT('',(14.818897484917,152.14767849496,
    1.000000000001));
#2359 = VECTOR('',#2360,1.);
#2360 = DIRECTION('',(0.199290698974,-0.67844175675,-0.707106781187));
#2361 = ORIENTED_EDGE('',*,*,#2362,.T.);
#2362 = EDGE_CURVE('',#2355,#2322,#2363,.T.);
#2363 = LINE('',#2364,#2365);
#2364 = CARTESIAN_POINT('',(20.830456097745,152.871308684,
    5.782041512248E-13));
#2365 = VECTOR('',#2366,1.);
#2366 = DIRECTION('',(-0.959461533676,-0.281839609344,
    -1.175001496122E-16));
#2367 = ORIENTED_EDGE('',*,*,#2319,.F.);
#2368 = ORIENTED_EDGE('',*,*,#2369,.T.);
#2369 = EDGE_CURVE('',#2320,#2353,#2370,.T.);
#2370 = LINE('',#2371,#2372);
#2371 = CARTESIAN_POINT('',(20.548616488401,153.83077021767,
    1.000000000001));
#2372 = VECTOR('',#2373,1.);
#2373 = DIRECTION('',(0.959461533676,0.281839609344,1.175001496122E-16)
  );
#2374 = PLANE('',#2375);
#2375 = AXIS2_PLACEMENT_3D('',#2376,#2377,#2378);
#2376 = CARTESIAN_POINT('',(20.689536293073,153.35103945083,
    0.500000000001));
#2377 = DIRECTION('',(-0.199290698974,0.67844175675,-0.707106781187));
#2378 = DIRECTION('',(-0.962502886819,3.330669073875E-16,0.271271437614)
  );
#2379 = ADVANCED_FACE('',(#2380),#2407,.F.);
#2380 = FACE_BOUND('',#2381,.F.);
#2381 = EDGE_LOOP('',(#2382,#2391,#2392,#2401));
#2382 = ORIENTED_EDGE('',*,*,#2383,.F.);
#2383 = EDGE_CURVE('',#2353,#2384,#2386,.T.);
#2384 = VERTEX_POINT('',#2385);
#2385 = CARTESIAN_POINT('',(17.795767687813,153.91416176239,
    1.000000000001));
#2386 = CIRCLE('',#2387,7.);
#2387 = AXIS2_PLACEMENT_3D('',#2388,#2389,#2390);
#2388 = CARTESIAN_POINT('',(12.846020219507,158.86390923069,
    1.000000000001));
#2389 = DIRECTION('',(-1.224646799147E-16,0.,1.));
#2390 = DIRECTION('',(0.707106781187,-0.707106781186,8.659560562356E-17)
  );
#2391 = ORIENTED_EDGE('',*,*,#2352,.T.);
#2392 = ORIENTED_EDGE('',*,*,#2393,.F.);
#2393 = EDGE_CURVE('',#2394,#2355,#2396,.T.);
#2394 = VERTEX_POINT('',#2395);
#2395 = CARTESIAN_POINT('',(18.502874469,153.2070549812,
    5.782041512248E-13));
#2396 = CIRCLE('',#2397,8.);
#2397 = AXIS2_PLACEMENT_3D('',#2398,#2399,#2400);
#2398 = CARTESIAN_POINT('',(12.846020219507,158.86390923069,
    5.782041512248E-13));
#2399 = DIRECTION('',(1.224646799147E-16,0.,-1.));
#2400 = DIRECTION('',(0.707106781187,-0.707106781186,8.659560562356E-17)
  );
#2401 = ORIENTED_EDGE('',*,*,#2402,.F.);
#2402 = EDGE_CURVE('',#2384,#2394,#2403,.T.);
#2403 = LINE('',#2404,#2405);
#2404 = CARTESIAN_POINT('',(17.795767687813,153.91416176239,
    1.000000000001));
#2405 = VECTOR('',#2406,1.);
#2406 = DIRECTION('',(0.5,-0.5,-0.707106781187));
#2407 = CONICAL_SURFACE('',#2408,7.5,0.785398163397);
#2408 = AXIS2_PLACEMENT_3D('',#2409,#2410,#2411);
#2409 = CARTESIAN_POINT('',(12.846020219507,158.86390923069,
    0.500000000001));
#2410 = DIRECTION('',(0.,0.,-1.));
#2411 = DIRECTION('',(0.707106781187,-0.707106781186,0.));
#2412 = ADVANCED_FACE('',(#2413),#2438,.T.);
#2413 = FACE_BOUND('',#2414,.T.);
#2414 = EDGE_LOOP('',(#2415,#2425,#2431,#2432));
#2415 = ORIENTED_EDGE('',*,*,#2416,.T.);
#2416 = EDGE_CURVE('',#2417,#2419,#2421,.T.);
#2417 = VERTEX_POINT('',#2418);
#2418 = CARTESIAN_POINT('',(27.172885234727,163.2912793093,
    1.000000000001));
#2419 = VERTEX_POINT('',#2420);
#2420 = CARTESIAN_POINT('',(27.879992015914,162.58417252812,
    5.782041512248E-13));
#2421 = LINE('',#2422,#2423);
#2422 = CARTESIAN_POINT('',(27.172885234727,163.2912793093,
    1.000000000001));
#2423 = VECTOR('',#2424,1.);
#2424 = DIRECTION('',(0.5,-0.5,-0.707106781187));
#2425 = ORIENTED_EDGE('',*,*,#2426,.T.);
#2426 = EDGE_CURVE('',#2419,#2394,#2427,.T.);
#2427 = LINE('',#2428,#2429);
#2428 = CARTESIAN_POINT('',(14.827297247938,149.53147776014,
    5.782041512248E-13));
#2429 = VECTOR('',#2430,1.);
#2430 = DIRECTION('',(-0.707106781186,-0.707106781187,
    -8.659560562354E-17));
#2431 = ORIENTED_EDGE('',*,*,#2402,.F.);
#2432 = ORIENTED_EDGE('',*,*,#2433,.T.);
#2433 = EDGE_CURVE('',#2384,#2417,#2434,.T.);
#2434 = LINE('',#2435,#2436);
#2435 = CARTESIAN_POINT('',(14.120190466751,150.23858454132,
    1.000000000001));
#2436 = VECTOR('',#2437,1.);
#2437 = DIRECTION('',(0.707106781186,0.707106781187,8.659560562354E-17)
  );
#2438 = PLANE('',#2439);
#2439 = AXIS2_PLACEMENT_3D('',#2440,#2441,#2442);
#2440 = CARTESIAN_POINT('',(14.473743857344,149.88503115073,
    0.500000000001));
#2441 = DIRECTION('',(-0.5,0.5,-0.707106781187));
#2442 = DIRECTION('',(-0.816496580928,-1.110223024625E-16,0.57735026919)
  );
#2443 = ADVANCED_FACE('',(#2444),#2471,.F.);
#2444 = FACE_BOUND('',#2445,.F.);
#2445 = EDGE_LOOP('',(#2446,#2455,#2456,#2465));
#2446 = ORIENTED_EDGE('',*,*,#2447,.F.);
#2447 = EDGE_CURVE('',#2417,#2448,#2450,.T.);
#2448 = VERTEX_POINT('',#2449);
#2449 = CARTESIAN_POINT('',(28.051564891167,165.41259965286,
    1.000000000001));
#2450 = CIRCLE('',#2451,3.);
#2451 = AXIS2_PLACEMENT_3D('',#2452,#2453,#2454);
#2452 = CARTESIAN_POINT('',(25.051564891167,165.41259965286,
    1.000000000001));
#2453 = DIRECTION('',(-1.224646799147E-16,0.,1.));
#2454 = DIRECTION('',(1.,1.184237892934E-14,1.224646799147E-16));
#2455 = ORIENTED_EDGE('',*,*,#2416,.T.);
#2456 = ORIENTED_EDGE('',*,*,#2457,.F.);
#2457 = EDGE_CURVE('',#2458,#2419,#2460,.T.);
#2458 = VERTEX_POINT('',#2459);
#2459 = CARTESIAN_POINT('',(29.051564891167,165.41259965286,
    5.782041512248E-13));
#2460 = CIRCLE('',#2461,4.);
#2461 = AXIS2_PLACEMENT_3D('',#2462,#2463,#2464);
#2462 = CARTESIAN_POINT('',(25.051564891167,165.41259965286,
    5.782041512248E-13));
#2463 = DIRECTION('',(1.224646799147E-16,0.,-1.));
#2464 = DIRECTION('',(1.,1.184237892934E-14,1.224646799147E-16));
#2465 = ORIENTED_EDGE('',*,*,#2466,.F.);
#2466 = EDGE_CURVE('',#2448,#2458,#2467,.T.);
#2467 = LINE('',#2468,#2469);
#2468 = CARTESIAN_POINT('',(28.051564891167,165.41259965286,
    1.000000000001));
#2469 = VECTOR('',#2470,1.);
#2470 = DIRECTION('',(0.707106781187,6.280369834735E-15,-0.707106781187)
  );
#2471 = CONICAL_SURFACE('',#2472,3.5,0.785398163397);
#2472 = AXIS2_PLACEMENT_3D('',#2473,#2474,#2475);
#2473 = CARTESIAN_POINT('',(25.051564891167,165.41259965286,
    0.500000000001));
#2474 = DIRECTION('',(0.,0.,-1.));
#2475 = DIRECTION('',(1.,1.184237892934E-14,0.));
#2476 = ADVANCED_FACE('',(#2477),#2502,.T.);
#2477 = FACE_BOUND('',#2478,.T.);
#2478 = EDGE_LOOP('',(#2479,#2489,#2495,#2496));
#2479 = ORIENTED_EDGE('',*,*,#2480,.T.);
#2480 = EDGE_CURVE('',#2481,#2483,#2485,.T.);
#2481 = VERTEX_POINT('',#2482);
#2482 = CARTESIAN_POINT('',(28.051564891167,174.8055451988,
    1.000000000001));
#2483 = VERTEX_POINT('',#2484);
#2484 = CARTESIAN_POINT('',(29.051564891167,174.8055451988,
    5.782041512248E-13));
#2485 = LINE('',#2486,#2487);
#2486 = CARTESIAN_POINT('',(28.051564891167,174.8055451988,
    1.000000000001));
#2487 = VECTOR('',#2488,1.);
#2488 = DIRECTION('',(0.707106781187,0.,-0.707106781187));
#2489 = ORIENTED_EDGE('',*,*,#2490,.T.);
#2490 = EDGE_CURVE('',#2483,#2458,#2491,.T.);
#2491 = LINE('',#2492,#2493);
#2492 = CARTESIAN_POINT('',(29.051564891167,136.9747972067,
    5.782041512248E-13));
#2493 = VECTOR('',#2494,1.);
#2494 = DIRECTION('',(0.,-1.,0.));
#2495 = ORIENTED_EDGE('',*,*,#2466,.F.);
#2496 = ORIENTED_EDGE('',*,*,#2497,.T.);
#2497 = EDGE_CURVE('',#2448,#2481,#2498,.T.);
#2498 = LINE('',#2499,#2500);
#2499 = CARTESIAN_POINT('',(28.051564891167,136.9747972067,
    1.000000000001));
#2500 = VECTOR('',#2501,1.);
#2501 = DIRECTION('',(0.,1.,0.));
#2502 = PLANE('',#2503);
#2503 = AXIS2_PLACEMENT_3D('',#2504,#2505,#2506);
#2504 = CARTESIAN_POINT('',(28.551564891167,136.9747972067,
    0.500000000001));
#2505 = DIRECTION('',(-0.707106781187,0.,-0.707106781187));
#2506 = DIRECTION('',(-0.707106781187,0.,0.707106781187));
#2507 = ADVANCED_FACE('',(#2508),#2535,.F.);
#2508 = FACE_BOUND('',#2509,.F.);
#2509 = EDGE_LOOP('',(#2510,#2519,#2520,#2529));
#2510 = ORIENTED_EDGE('',*,*,#2511,.F.);
#2511 = EDGE_CURVE('',#2481,#2512,#2514,.T.);
#2512 = VERTEX_POINT('',#2513);
#2513 = CARTESIAN_POINT('',(27.042691247508,177.04951842348,
    1.000000000001));
#2514 = CIRCLE('',#2515,3.);
#2515 = AXIS2_PLACEMENT_3D('',#2516,#2517,#2518);
#2516 = CARTESIAN_POINT('',(25.051564891167,174.8055451988,
    1.000000000001));
#2517 = DIRECTION('',(-1.224646799147E-16,0.,1.));
#2518 = DIRECTION('',(0.663708785447,0.747991074894,8.128088396635E-17)
  );
#2519 = ORIENTED_EDGE('',*,*,#2480,.T.);
#2520 = ORIENTED_EDGE('',*,*,#2521,.F.);
#2521 = EDGE_CURVE('',#2522,#2483,#2524,.T.);
#2522 = VERTEX_POINT('',#2523);
#2523 = CARTESIAN_POINT('',(27.706400032955,177.79750949838,
    5.782041512248E-13));
#2524 = CIRCLE('',#2525,4.);
#2525 = AXIS2_PLACEMENT_3D('',#2526,#2527,#2528);
#2526 = CARTESIAN_POINT('',(25.051564891167,174.8055451988,
    5.782041512248E-13));
#2527 = DIRECTION('',(1.224646799147E-16,0.,-1.));
#2528 = DIRECTION('',(0.663708785447,0.747991074894,8.128088396635E-17)
  );
#2529 = ORIENTED_EDGE('',*,*,#2530,.F.);
#2530 = EDGE_CURVE('',#2512,#2522,#2531,.T.);
#2531 = LINE('',#2532,#2533);
#2532 = CARTESIAN_POINT('',(27.042691247508,177.04951842348,
    1.000000000001));
#2533 = VECTOR('',#2534,1.);
#2534 = DIRECTION('',(0.469312982923,0.528909561324,-0.707106781187));
#2535 = CONICAL_SURFACE('',#2536,3.5,0.785398163397);
#2536 = AXIS2_PLACEMENT_3D('',#2537,#2538,#2539);
#2537 = CARTESIAN_POINT('',(25.051564891167,174.8055451988,
    0.500000000001));
#2538 = DIRECTION('',(0.,0.,-1.));
#2539 = DIRECTION('',(0.663708785447,0.747991074894,0.));
#2540 = ADVANCED_FACE('',(#2541),#2566,.T.);
#2541 = FACE_BOUND('',#2542,.T.);
#2542 = EDGE_LOOP('',(#2543,#2553,#2559,#2560));
#2543 = ORIENTED_EDGE('',*,*,#2544,.T.);
#2544 = EDGE_CURVE('',#2545,#2547,#2549,.T.);
#2545 = VERTEX_POINT('',#2546);
#2546 = CARTESIAN_POINT('',(24.240938032351,179.53557512385,
    1.000000000001));
#2547 = VERTEX_POINT('',#2548);
#2548 = CARTESIAN_POINT('',(24.904646817797,180.28356619874,
    5.782041512248E-13));
#2549 = LINE('',#2550,#2551);
#2550 = CARTESIAN_POINT('',(24.240938032351,179.53557512385,
    1.000000000001));
#2551 = VECTOR('',#2552,1.);
#2552 = DIRECTION('',(0.469312982922,0.528909561325,-0.707106781187));
#2553 = ORIENTED_EDGE('',*,*,#2554,.T.);
#2554 = EDGE_CURVE('',#2547,#2522,#2555,.T.);
#2555 = LINE('',#2556,#2557);
#2556 = CARTESIAN_POINT('',(50.707225693683,157.38837551815,
    5.782041512248E-13));
#2557 = VECTOR('',#2558,1.);
#2558 = DIRECTION('',(0.747991074894,-0.663708785446,9.160248756603E-17)
  );
#2559 = ORIENTED_EDGE('',*,*,#2530,.F.);
#2560 = ORIENTED_EDGE('',*,*,#2561,.T.);
#2561 = EDGE_CURVE('',#2512,#2545,#2562,.T.);
#2562 = LINE('',#2563,#2564);
#2563 = CARTESIAN_POINT('',(50.043516908237,156.64038444325,
    1.000000000001));
#2564 = VECTOR('',#2565,1.);
#2565 = DIRECTION('',(-0.747991074894,0.663708785446,-9.160248756603E-17
    ));
#2566 = PLANE('',#2567);
#2567 = AXIS2_PLACEMENT_3D('',#2568,#2569,#2570);
#2568 = CARTESIAN_POINT('',(50.37537130096,157.0143799807,0.500000000001
    ));
#2569 = DIRECTION('',(-0.469312982922,-0.528909561325,-0.707106781187));
#2570 = DIRECTION('',(-0.833185990511,1.387778780781E-16,0.552992861813)
  );
#2571 = ADVANCED_FACE('',(#2572),#2599,.T.);
#2572 = FACE_BOUND('',#2573,.T.);
#2573 = EDGE_LOOP('',(#2574,#2584,#2591,#2592));
#2574 = ORIENTED_EDGE('',*,*,#2575,.T.);
#2575 = EDGE_CURVE('',#2576,#2578,#2580,.T.);
#2576 = VERTEX_POINT('',#2577);
#2577 = CARTESIAN_POINT('',(23.232064388692,181.77954834853,
    1.000000000001));
#2578 = VERTEX_POINT('',#2579);
#2579 = CARTESIAN_POINT('',(24.232064388692,181.77954834853,
    5.782041512248E-13));
#2580 = LINE('',#2581,#2582);
#2581 = CARTESIAN_POINT('',(23.232064388692,181.77954834853,
    1.000000000001));
#2582 = VECTOR('',#2583,1.);
#2583 = DIRECTION('',(0.707106781187,-3.705418202494E-13,-0.707106781187
    ));
#2584 = ORIENTED_EDGE('',*,*,#2585,.T.);
#2585 = EDGE_CURVE('',#2578,#2547,#2586,.T.);
#2586 = CIRCLE('',#2587,2.);
#2587 = AXIS2_PLACEMENT_3D('',#2588,#2589,#2590);
#2588 = CARTESIAN_POINT('',(26.232064388691,181.77954834853,
    5.782041512248E-13));
#2589 = DIRECTION('',(-1.224646799147E-16,0.,1.));
#2590 = DIRECTION('',(-1.,5.240252676231E-13,-1.224646799147E-16));
#2591 = ORIENTED_EDGE('',*,*,#2544,.F.);
#2592 = ORIENTED_EDGE('',*,*,#2593,.T.);
#2593 = EDGE_CURVE('',#2545,#2576,#2594,.T.);
#2594 = CIRCLE('',#2595,3.);
#2595 = AXIS2_PLACEMENT_3D('',#2596,#2597,#2598);
#2596 = CARTESIAN_POINT('',(26.232064388691,181.77954834853,
    1.000000000001));
#2597 = DIRECTION('',(1.224646799147E-16,0.,-1.));
#2598 = DIRECTION('',(-1.,5.240252676231E-13,-1.224646799147E-16));
#2599 = CONICAL_SURFACE('',#2600,2.5,0.785398163397);
#2600 = AXIS2_PLACEMENT_3D('',#2601,#2602,#2603);
#2601 = CARTESIAN_POINT('',(26.232064388691,181.77954834853,
    0.500000000001));
#2602 = DIRECTION('',(0.,0.,1.));
#2603 = DIRECTION('',(-1.,5.240252676231E-13,0.));
#2604 = ADVANCED_FACE('',(#2605),#2630,.T.);
#2605 = FACE_BOUND('',#2606,.T.);
#2606 = EDGE_LOOP('',(#2607,#2617,#2623,#2624));
#2607 = ORIENTED_EDGE('',*,*,#2608,.T.);
#2608 = EDGE_CURVE('',#2609,#2611,#2613,.T.);
#2609 = VERTEX_POINT('',#2610);
#2610 = CARTESIAN_POINT('',(23.232064388692,186.83770839227,
    1.000000000001));
#2611 = VERTEX_POINT('',#2612);
#2612 = CARTESIAN_POINT('',(24.232064388692,186.83770839227,
    5.782041512248E-13));
#2613 = LINE('',#2614,#2615);
#2614 = CARTESIAN_POINT('',(23.232064388692,186.83770839227,
    1.000000000001));
#2615 = VECTOR('',#2616,1.);
#2616 = DIRECTION('',(0.707106781187,0.,-0.707106781187));
#2617 = ORIENTED_EDGE('',*,*,#2618,.T.);
#2618 = EDGE_CURVE('',#2611,#2578,#2619,.T.);
#2619 = LINE('',#2620,#2621);
#2620 = CARTESIAN_POINT('',(24.232064388692,145.15827155454,
    5.782041512248E-13));
#2621 = VECTOR('',#2622,1.);
#2622 = DIRECTION('',(0.,-1.,0.));
#2623 = ORIENTED_EDGE('',*,*,#2575,.F.);
#2624 = ORIENTED_EDGE('',*,*,#2625,.T.);
#2625 = EDGE_CURVE('',#2576,#2609,#2626,.T.);
#2626 = LINE('',#2627,#2628);
#2627 = CARTESIAN_POINT('',(23.232064388692,145.15827155454,
    1.000000000001));
#2628 = VECTOR('',#2629,1.);
#2629 = DIRECTION('',(0.,1.,0.));
#2630 = PLANE('',#2631);
#2631 = AXIS2_PLACEMENT_3D('',#2632,#2633,#2634);
#2632 = CARTESIAN_POINT('',(23.732064388692,145.15827155454,
    0.500000000001));
#2633 = DIRECTION('',(-0.707106781187,0.,-0.707106781187));
#2634 = DIRECTION('',(-0.707106781187,0.,0.707106781187));
#2635 = ADVANCED_FACE('',(#2636),#2663,.T.);
#2636 = FACE_BOUND('',#2637,.T.);
#2637 = EDGE_LOOP('',(#2638,#2648,#2655,#2656));
#2638 = ORIENTED_EDGE('',*,*,#2639,.T.);
#2639 = EDGE_CURVE('',#2640,#2642,#2644,.T.);
#2640 = VERTEX_POINT('',#2641);
#2641 = CARTESIAN_POINT('',(24.058434162867,188.90539590284,
    1.000000000001));
#2642 = VERTEX_POINT('',#2643);
#2643 = CARTESIAN_POINT('',(24.782977571475,188.21616673265,
    5.782041512248E-13));
#2644 = LINE('',#2645,#2646);
#2645 = CARTESIAN_POINT('',(24.058434162867,188.90539590284,
    1.000000000001));
#2646 = VECTOR('',#2647,1.);
#2647 = DIRECTION('',(0.512329557491,-0.487358620034,-0.707106781187));
#2648 = ORIENTED_EDGE('',*,*,#2649,.T.);
#2649 = EDGE_CURVE('',#2642,#2611,#2650,.T.);
#2650 = CIRCLE('',#2651,2.);
#2651 = AXIS2_PLACEMENT_3D('',#2652,#2653,#2654);
#2652 = CARTESIAN_POINT('',(26.232064388692,186.83770839226,
    5.782041512248E-13));
#2653 = DIRECTION('',(-1.224646799147E-16,0.,1.));
#2654 = DIRECTION('',(-0.724543408608,0.689229170191,-8.873097661956E-17
    ));
#2655 = ORIENTED_EDGE('',*,*,#2608,.F.);
#2656 = ORIENTED_EDGE('',*,*,#2657,.T.);
#2657 = EDGE_CURVE('',#2609,#2640,#2658,.T.);
#2658 = CIRCLE('',#2659,3.);
#2659 = AXIS2_PLACEMENT_3D('',#2660,#2661,#2662);
#2660 = CARTESIAN_POINT('',(26.232064388692,186.83770839226,
    1.000000000001));
#2661 = DIRECTION('',(1.224646799147E-16,0.,-1.));
#2662 = DIRECTION('',(-0.724543408608,0.689229170191,-8.873097661956E-17
    ));
#2663 = CONICAL_SURFACE('',#2664,2.5,0.785398163397);
#2664 = AXIS2_PLACEMENT_3D('',#2665,#2666,#2667);
#2665 = CARTESIAN_POINT('',(26.232064388692,186.83770839226,
    0.500000000001));
#2666 = DIRECTION('',(0.,0.,1.));
#2667 = DIRECTION('',(-0.724543408608,0.689229170191,0.));
#2668 = ADVANCED_FACE('',(#2669),#2694,.T.);
#2669 = FACE_BOUND('',#2670,.T.);
#2670 = EDGE_LOOP('',(#2671,#2681,#2687,#2688));
#2671 = ORIENTED_EDGE('',*,*,#2672,.T.);
#2672 = EDGE_CURVE('',#2673,#2675,#2677,.T.);
#2673 = VERTEX_POINT('',#2674);
#2674 = CARTESIAN_POINT('',(29.326630763727,194.44352064784,
    1.000000000001));
#2675 = VERTEX_POINT('',#2676);
#2676 = CARTESIAN_POINT('',(30.051174172336,193.75429147765,
    5.782041512248E-13));
#2677 = LINE('',#2678,#2679);
#2678 = CARTESIAN_POINT('',(29.326630763727,194.44352064784,
    1.000000000001));
#2679 = VECTOR('',#2680,1.);
#2680 = DIRECTION('',(0.512329557491,-0.487358620033,-0.707106781187));
#2681 = ORIENTED_EDGE('',*,*,#2682,.T.);
#2682 = EDGE_CURVE('',#2675,#2642,#2683,.T.);
#2683 = LINE('',#2684,#2685);
#2684 = CARTESIAN_POINT('',(10.514279350486,173.21637900952,
    5.782041512248E-13));
#2685 = VECTOR('',#2686,1.);
#2686 = DIRECTION('',(-0.689229170191,-0.724543408609,
    -8.440622971529E-17));
#2687 = ORIENTED_EDGE('',*,*,#2639,.F.);
#2688 = ORIENTED_EDGE('',*,*,#2689,.T.);
#2689 = EDGE_CURVE('',#2640,#2673,#2690,.T.);
#2690 = LINE('',#2691,#2692);
#2691 = CARTESIAN_POINT('',(9.789735941878,173.90560817971,
    1.000000000001));
#2692 = VECTOR('',#2693,1.);
#2693 = DIRECTION('',(0.689229170191,0.724543408609,8.440622971529E-17)
  );
#2694 = PLANE('',#2695);
#2695 = AXIS2_PLACEMENT_3D('',#2696,#2697,#2698);
#2696 = CARTESIAN_POINT('',(10.152007646182,173.56099359462,
    0.500000000001));
#2697 = DIRECTION('',(-0.512329557491,0.487358620033,-0.707106781187));
#2698 = DIRECTION('',(-0.809786113793,-3.885780586188E-16,0.586725191132
    ));
#2699 = ADVANCED_FACE('',(#2700),#2727,.F.);
#2700 = FACE_BOUND('',#2701,.F.);
#2701 = EDGE_LOOP('',(#2702,#2711,#2712,#2721));
#2702 = ORIENTED_EDGE('',*,*,#2703,.F.);
#2703 = EDGE_CURVE('',#2673,#2704,#2706,.T.);
#2704 = VERTEX_POINT('',#2705);
#2705 = CARTESIAN_POINT('',(30.153000537902,196.51120815841,
    1.000000000001));
#2706 = CIRCLE('',#2707,3.);
#2707 = AXIS2_PLACEMENT_3D('',#2708,#2709,#2710);
#2708 = CARTESIAN_POINT('',(27.153000537901,196.51120815841,
    1.000000000001));
#2709 = DIRECTION('',(-1.224646799147E-16,0.,1.));
#2710 = DIRECTION('',(1.,-2.901382837687E-13,1.224646799147E-16));
#2711 = ORIENTED_EDGE('',*,*,#2672,.T.);
#2712 = ORIENTED_EDGE('',*,*,#2713,.F.);
#2713 = EDGE_CURVE('',#2714,#2675,#2716,.T.);
#2714 = VERTEX_POINT('',#2715);
#2715 = CARTESIAN_POINT('',(31.153000537902,196.51120815841,
    5.782041512248E-13));
#2716 = CIRCLE('',#2717,4.);
#2717 = AXIS2_PLACEMENT_3D('',#2718,#2719,#2720);
#2718 = CARTESIAN_POINT('',(27.153000537901,196.51120815841,
    5.782041512248E-13));
#2719 = DIRECTION('',(1.224646799147E-16,0.,-1.));
#2720 = DIRECTION('',(1.,-2.901382837687E-13,1.224646799147E-16));
#2721 = ORIENTED_EDGE('',*,*,#2722,.F.);
#2722 = EDGE_CURVE('',#2704,#2714,#2723,.T.);
#2723 = LINE('',#2724,#2725);
#2724 = CARTESIAN_POINT('',(30.153000537902,196.51120815841,
    1.000000000001));
#2725 = VECTOR('',#2726,1.);
#2726 = DIRECTION('',(0.707106781187,-2.009718347115E-13,-0.707106781187
    ));
#2727 = CONICAL_SURFACE('',#2728,3.5,0.785398163397);
#2728 = AXIS2_PLACEMENT_3D('',#2729,#2730,#2731);
#2729 = CARTESIAN_POINT('',(27.153000537901,196.51120815841,
    0.500000000001));
#2730 = DIRECTION('',(0.,0.,-1.));
#2731 = DIRECTION('',(1.,-2.901382837687E-13,0.));
#2732 = ADVANCED_FACE('',(#2733),#2758,.T.);
#2733 = FACE_BOUND('',#2734,.T.);
#2734 = EDGE_LOOP('',(#2735,#2745,#2751,#2752));
#2735 = ORIENTED_EDGE('',*,*,#2736,.T.);
#2736 = EDGE_CURVE('',#2737,#2739,#2741,.T.);
#2737 = VERTEX_POINT('',#2738);
#2738 = CARTESIAN_POINT('',(30.153000537902,213.01259747284,
    1.000000000001));
#2739 = VERTEX_POINT('',#2740);
#2740 = CARTESIAN_POINT('',(31.153000537902,213.01259747284,
    5.782041512248E-13));
#2741 = LINE('',#2742,#2743);
#2742 = CARTESIAN_POINT('',(30.153000537902,213.01259747284,
    1.000000000001));
#2743 = VECTOR('',#2744,1.);
#2744 = DIRECTION('',(0.707106781187,0.,-0.707106781187));
#2745 = ORIENTED_EDGE('',*,*,#2746,.T.);
#2746 = EDGE_CURVE('',#2739,#2714,#2747,.T.);
#2747 = LINE('',#2748,#2749);
#2748 = CARTESIAN_POINT('',(31.153000537902,152.52410145948,
    5.782041512248E-13));
#2749 = VECTOR('',#2750,1.);
#2750 = DIRECTION('',(0.,-1.,0.));
#2751 = ORIENTED_EDGE('',*,*,#2722,.F.);
#2752 = ORIENTED_EDGE('',*,*,#2753,.T.);
#2753 = EDGE_CURVE('',#2704,#2737,#2754,.T.);
#2754 = LINE('',#2755,#2756);
#2755 = CARTESIAN_POINT('',(30.153000537902,152.52410145948,
    1.000000000001));
#2756 = VECTOR('',#2757,1.);
#2757 = DIRECTION('',(0.,1.,0.));
#2758 = PLANE('',#2759);
#2759 = AXIS2_PLACEMENT_3D('',#2760,#2761,#2762);
#2760 = CARTESIAN_POINT('',(30.653000537902,152.52410145948,
    0.500000000001));
#2761 = DIRECTION('',(-0.707106781187,0.,-0.707106781187));
#2762 = DIRECTION('',(-0.707106781187,0.,0.707106781187));
#2763 = ADVANCED_FACE('',(#2764),#2775,.T.);
#2764 = FACE_BOUND('',#2765,.T.);
#2765 = EDGE_LOOP('',(#2766,#2767,#2768));
#2766 = ORIENTED_EDGE('',*,*,#1721,.F.);
#2767 = ORIENTED_EDGE('',*,*,#1657,.F.);
#2768 = ORIENTED_EDGE('',*,*,#2769,.T.);
#2769 = EDGE_CURVE('',#1658,#1722,#2770,.T.);
#2770 = CIRCLE('',#2771,1.000000000002);
#2771 = AXIS2_PLACEMENT_3D('',#2772,#2773,#2774);
#2772 = CARTESIAN_POINT('',(44.118034887244,1.000000000002,
    1.000000000001));
#2773 = DIRECTION('',(1.224646799147E-16,0.,-1.));
#2774 = DIRECTION('',(-6.67799149311E-13,-1.,-8.17818090677E-29));
#2775 = CONICAL_SURFACE('',#2776,1.000000000002,0.785398163398);
#2776 = AXIS2_PLACEMENT_3D('',#2777,#2778,#2779);
#2777 = CARTESIAN_POINT('',(44.118034887244,1.000000000002,
    1.000000000001));
#2778 = DIRECTION('',(-1.224646799147E-16,0.,1.));
#2779 = DIRECTION('',(-6.67799149311E-13,-1.,-8.17818090677E-29));
#2780 = ADVANCED_FACE('',(#2781),#2822,.T.);
#2781 = FACE_BOUND('',#2782,.T.);
#2782 = EDGE_LOOP('',(#2783,#2794,#2800,#2808,#2816));
#2783 = ORIENTED_EDGE('',*,*,#2784,.T.);
#2784 = EDGE_CURVE('',#2785,#2787,#2789,.T.);
#2785 = VERTEX_POINT('',#2786);
#2786 = CARTESIAN_POINT('',(34.670625806098,214.51669331296,
    0.31455914224));
#2787 = VERTEX_POINT('',#2788);
#2788 = CARTESIAN_POINT('',(34.733402978323,214.2060447942,
    5.782041512248E-13));
#2789 = ELLIPSE('',#2790,1.131370849898,0.8);
#2790 = AXIS2_PLACEMENT_3D('',#2791,#2792,#2793);
#2791 = CARTESIAN_POINT('',(35.470625806097,214.51669331296,
    6.15807752311E-02));
#2792 = DIRECTION('',(0.223603398507,-0.670821526321,0.707106781187));
#2793 = DIRECTION('',(0.223603398507,-0.670821526321,-0.707106781187));
#2794 = ORIENTED_EDGE('',*,*,#2795,.T.);
#2795 = EDGE_CURVE('',#2787,#2739,#2796,.T.);
#2796 = LINE('',#2797,#2798);
#2797 = CARTESIAN_POINT('',(23.274829591261,210.38658484717,
    5.782041512248E-13));
#2798 = VECTOR('',#2799,1.);
#2799 = DIRECTION('',(-0.948684900455,-0.316222958761,
    -1.161803926742E-16));
#2800 = ORIENTED_EDGE('',*,*,#2801,.T.);
#2801 = EDGE_CURVE('',#2739,#2802,#2804,.T.);
#2802 = VERTEX_POINT('',#2803);
#2803 = CARTESIAN_POINT('',(30.83677757914,213.96128237329,
    1.000000000001));
#2804 = LINE('',#2805,#2806);
#2805 = CARTESIAN_POINT('',(31.153000537902,213.01259747284,
    5.782041512248E-13));
#2806 = VECTOR('',#2807,1.);
#2807 = DIRECTION('',(-0.223603398507,0.670821526321,0.707106781187));
#2808 = ORIENTED_EDGE('',*,*,#2809,.T.);
#2809 = EDGE_CURVE('',#2802,#2810,#2812,.T.);
#2810 = VERTEX_POINT('',#2811);
#2811 = CARTESIAN_POINT('',(34.670625806098,215.23921019652,
    1.000000000001));
#2812 = LINE('',#2813,#2814);
#2813 = CARTESIAN_POINT('',(22.958606632499,211.33526974763,
    1.000000000001));
#2814 = VECTOR('',#2815,1.);
#2815 = DIRECTION('',(0.948684900455,0.316222958761,1.161803926742E-16)
  );
#2816 = ORIENTED_EDGE('',*,*,#2817,.T.);
#2817 = EDGE_CURVE('',#2810,#2785,#2818,.T.);
#2818 = LINE('',#2819,#2820);
#2819 = CARTESIAN_POINT('',(34.670625806098,214.46151261245,
    0.262210044866));
#2820 = VECTOR('',#2821,1.);
#2821 = DIRECTION('',(4.543364088223E-15,-0.725475669662,-0.688247813457
    ));
#2822 = PLANE('',#2823);
#2823 = AXIS2_PLACEMENT_3D('',#2824,#2825,#2826);
#2824 = CARTESIAN_POINT('',(23.11671811188,210.8609272974,0.500000000001
    ));
#2825 = DIRECTION('',(-0.223603398507,0.670821526321,-0.707106781187));
#2826 = DIRECTION('',(-0.953463906913,-1.110223024625E-16,0.301507177716
    ));
#2827 = ADVANCED_FACE('',(#2828),#2839,.T.);
#2828 = FACE_BOUND('',#2829,.T.);
#2829 = EDGE_LOOP('',(#2830,#2831,#2832));
#2830 = ORIENTED_EDGE('',*,*,#2801,.F.);
#2831 = ORIENTED_EDGE('',*,*,#2736,.F.);
#2832 = ORIENTED_EDGE('',*,*,#2833,.T.);
#2833 = EDGE_CURVE('',#2737,#2802,#2834,.T.);
#2834 = CIRCLE('',#2835,1.);
#2835 = AXIS2_PLACEMENT_3D('',#2836,#2837,#2838);
#2836 = CARTESIAN_POINT('',(31.153000537902,213.01259747284,
    1.000000000001));
#2837 = DIRECTION('',(1.224646799147E-16,0.,-1.));
#2838 = DIRECTION('',(-0.316222958762,0.948684900455,-3.872614342642E-17
    ));
#2839 = CONICAL_SURFACE('',#2840,1.,0.785398163397);
#2840 = AXIS2_PLACEMENT_3D('',#2841,#2842,#2843);
#2841 = CARTESIAN_POINT('',(31.153000537902,213.01259747284,
    1.000000000001));
#2842 = DIRECTION('',(-1.224646799147E-16,0.,1.));
#2843 = DIRECTION('',(-0.316222958762,0.948684900455,-3.872614342642E-17
    ));
#2844 = ADVANCED_FACE('',(#2845),#2870,.T.);
#2845 = FACE_BOUND('',#2846,.T.);
#2846 = EDGE_LOOP('',(#2847,#2848,#2856,#2864));
#2847 = ORIENTED_EDGE('',*,*,#404,.F.);
#2848 = ORIENTED_EDGE('',*,*,#2849,.F.);
#2849 = EDGE_CURVE('',#2850,#397,#2852,.T.);
#2850 = VERTEX_POINT('',#2851);
#2851 = CARTESIAN_POINT('',(62.270625804728,215.23921019652,
    3.000000000001));
#2852 = LINE('',#2853,#2854);
#2853 = CARTESIAN_POINT('',(62.270625804728,215.23921019652,
    3.000000000001));
#2854 = VECTOR('',#2855,1.);
#2855 = DIRECTION('',(1.224646799147E-16,0.,-1.));
#2856 = ORIENTED_EDGE('',*,*,#2857,.T.);
#2857 = EDGE_CURVE('',#2850,#2858,#2860,.T.);
#2858 = VERTEX_POINT('',#2859);
#2859 = CARTESIAN_POINT('',(66.104474031686,213.96128237329,
    3.000000000001));
#2860 = LINE('',#2861,#2862);
#2861 = CARTESIAN_POINT('',(62.270625804728,215.23921019652,
    3.000000000001));
#2862 = VECTOR('',#2863,1.);
#2863 = DIRECTION('',(0.948684900455,-0.316222958761,1.161803926742E-16)
  );
#2864 = ORIENTED_EDGE('',*,*,#2865,.T.);
#2865 = EDGE_CURVE('',#2858,#405,#2866,.T.);
#2866 = LINE('',#2867,#2868);
#2867 = CARTESIAN_POINT('',(66.104474031686,213.96128237329,
    3.000000000001));
#2868 = VECTOR('',#2869,1.);
#2869 = DIRECTION('',(1.224646799147E-16,0.,-1.));
#2870 = PLANE('',#2871);
#2871 = AXIS2_PLACEMENT_3D('',#2872,#2873,#2874);
#2872 = CARTESIAN_POINT('',(62.270625804728,215.23921019652,
    3.000000000001));
#2873 = DIRECTION('',(0.316222958761,0.948684900455,3.872614342642E-17)
  );
#2874 = DIRECTION('',(0.948684900455,-0.316222958761,1.161803926742E-16)
  );
#2875 = ADVANCED_FACE('',(#2876),#2894,.T.);
#2876 = FACE_BOUND('',#2877,.T.);
#2877 = EDGE_LOOP('',(#2878,#2879,#2887,#2893));
#2878 = ORIENTED_EDGE('',*,*,#394,.F.);
#2879 = ORIENTED_EDGE('',*,*,#2880,.F.);
#2880 = EDGE_CURVE('',#2881,#395,#2883,.T.);
#2881 = VERTEX_POINT('',#2882);
#2882 = CARTESIAN_POINT('',(62.270625804728,214.51669331296,
    3.000000000001));
#2883 = LINE('',#2884,#2885);
#2884 = CARTESIAN_POINT('',(62.270625804728,214.51669331296,
    3.000000000001));
#2885 = VECTOR('',#2886,1.);
#2886 = DIRECTION('',(1.224646799147E-16,0.,-1.));
#2887 = ORIENTED_EDGE('',*,*,#2888,.T.);
#2888 = EDGE_CURVE('',#2881,#2850,#2889,.T.);
#2889 = LINE('',#2890,#2891);
#2890 = CARTESIAN_POINT('',(62.270625804728,214.51669331296,
    3.000000000001));
#2891 = VECTOR('',#2892,1.);
#2892 = DIRECTION('',(6.146419827036E-15,1.,7.527193367396E-31));
#2893 = ORIENTED_EDGE('',*,*,#2849,.T.);
#2894 = PLANE('',#2895);
#2895 = AXIS2_PLACEMENT_3D('',#2896,#2897,#2898);
#2896 = CARTESIAN_POINT('',(62.270625804728,214.51669331296,
    3.000000000001));
#2897 = DIRECTION('',(-1.,6.146419827036E-15,-1.224646799147E-16));
#2898 = DIRECTION('',(6.146419827036E-15,1.,7.527193367396E-31));
#2899 = ADVANCED_FACE('',(#2900),#2928,.F.);
#2900 = FACE_BOUND('',#2901,.F.);
#2901 = EDGE_LOOP('',(#2902,#2903,#2912,#2920,#2927));
#2902 = ORIENTED_EDGE('',*,*,#2880,.F.);
#2903 = ORIENTED_EDGE('',*,*,#2904,.F.);
#2904 = EDGE_CURVE('',#2905,#2881,#2907,.T.);
#2905 = VERTEX_POINT('',#2906);
#2906 = CARTESIAN_POINT('',(61.470625804729,213.71669331296,
    3.000000000001));
#2907 = CIRCLE('',#2908,0.8);
#2908 = AXIS2_PLACEMENT_3D('',#2909,#2910,#2911);
#2909 = CARTESIAN_POINT('',(61.470625804729,214.51669331296,
    3.000000000001));
#2910 = DIRECTION('',(-1.224646799147E-16,0.,1.));
#2911 = DIRECTION('',(4.0800696155E-13,-1.,4.99664419492E-29));
#2912 = ORIENTED_EDGE('',*,*,#2913,.T.);
#2913 = EDGE_CURVE('',#2905,#2914,#2916,.T.);
#2914 = VERTEX_POINT('',#2915);
#2915 = CARTESIAN_POINT('',(61.470625804729,213.71669331296,
    5.782041512248E-13));
#2916 = LINE('',#2917,#2918);
#2917 = CARTESIAN_POINT('',(61.470625804729,213.71669331296,
    3.000000000001));
#2918 = VECTOR('',#2919,1.);
#2919 = DIRECTION('',(1.224646799147E-16,0.,-1.));
#2920 = ORIENTED_EDGE('',*,*,#2921,.T.);
#2921 = EDGE_CURVE('',#2914,#421,#2922,.T.);
#2922 = CIRCLE('',#2923,0.8);
#2923 = AXIS2_PLACEMENT_3D('',#2924,#2925,#2926);
#2924 = CARTESIAN_POINT('',(61.470625804729,214.51669331296,
    5.782041512248E-13));
#2925 = DIRECTION('',(-1.224646799147E-16,0.,1.));
#2926 = DIRECTION('',(4.0800696155E-13,-1.,4.99664419492E-29));
#2927 = ORIENTED_EDGE('',*,*,#428,.T.);
#2928 = CYLINDRICAL_SURFACE('',#2929,0.8);
#2929 = AXIS2_PLACEMENT_3D('',#2930,#2931,#2932);
#2930 = CARTESIAN_POINT('',(61.470625804729,214.51669331296,
    3.000000000001));
#2931 = DIRECTION('',(1.224646799147E-16,0.,-1.));
#2932 = DIRECTION('',(4.0800696155E-13,-1.,4.99664419492E-29));
#2933 = ADVANCED_FACE('',(#2934,#3046,#3057,#3068,#3079,#3090,#3101,
    #3112,#3123,#3134,#3145,#3156,#3167,#3178,#3189,#3200,#3211,#3222,
    #3233,#3244,#3255,#3266,#3277,#3313,#3349,#3385,#3438,#3525,#3536,
    #3572,#3659,#3746,#3850,#3920,#3990,#4001,#4012,#4023,#4034,#4045,
    #4056,#4067,#4078,#4182,#4252,#4373,#4443,#4496,#4600,#4704,#4774,
    #4844,#4989,#5143),#5305,.T.);
#2934 = FACE_BOUND('',#2935,.T.);
#2935 = EDGE_LOOP('',(#2936,#2937,#2938,#2944,#2945,#2946,#2947,#2948,
    #2949,#2950,#2951,#2952,#2953,#2954,#2955,#2956,#2957,#2958,#2959,
    #2960,#2961,#2962,#2963,#2964,#2965,#2966,#2967,#2968,#2969,#2970,
    #2971,#2972,#2973,#2974,#2975,#2976,#2977,#2978,#2979,#2980,#2981,
    #2982,#2983,#2984,#2985,#2986,#2987,#2988,#2989,#2990,#2991,#2992,
    #2993,#2994,#2995,#2996,#2997,#2998,#2999,#3000,#3001,#3002,#3003,
    #3004,#3005,#3006,#3007,#3008,#3009,#3010,#3011,#3012,#3013,#3014,
    #3015,#3016,#3017,#3018,#3027,#3035,#3042,#3043,#3044,#3045));
#2936 = ORIENTED_EDGE('',*,*,#178,.F.);
#2937 = ORIENTED_EDGE('',*,*,#207,.T.);
#2938 = ORIENTED_EDGE('',*,*,#2939,.T.);
#2939 = EDGE_CURVE('',#208,#2914,#2940,.T.);
#2940 = LINE('',#2941,#2942);
#2941 = CARTESIAN_POINT('',(58.350625767979,213.71669331296,
    5.782041512248E-13));
#2942 = VECTOR('',#2943,1.);
#2943 = DIRECTION('',(1.,-5.693451341272E-15,1.224646799147E-16));
#2944 = ORIENTED_EDGE('',*,*,#2921,.T.);
#2945 = ORIENTED_EDGE('',*,*,#420,.F.);
#2946 = ORIENTED_EDGE('',*,*,#453,.F.);
#2947 = ORIENTED_EDGE('',*,*,#491,.F.);
#2948 = ORIENTED_EDGE('',*,*,#524,.F.);
#2949 = ORIENTED_EDGE('',*,*,#555,.F.);
#2950 = ORIENTED_EDGE('',*,*,#588,.F.);
#2951 = ORIENTED_EDGE('',*,*,#619,.F.);
#2952 = ORIENTED_EDGE('',*,*,#652,.F.);
#2953 = ORIENTED_EDGE('',*,*,#683,.F.);
#2954 = ORIENTED_EDGE('',*,*,#716,.F.);
#2955 = ORIENTED_EDGE('',*,*,#747,.F.);
#2956 = ORIENTED_EDGE('',*,*,#780,.F.);
#2957 = ORIENTED_EDGE('',*,*,#811,.F.);
#2958 = ORIENTED_EDGE('',*,*,#844,.F.);
#2959 = ORIENTED_EDGE('',*,*,#875,.F.);
#2960 = ORIENTED_EDGE('',*,*,#908,.F.);
#2961 = ORIENTED_EDGE('',*,*,#939,.F.);
#2962 = ORIENTED_EDGE('',*,*,#972,.F.);
#2963 = ORIENTED_EDGE('',*,*,#1003,.F.);
#2964 = ORIENTED_EDGE('',*,*,#1036,.F.);
#2965 = ORIENTED_EDGE('',*,*,#1067,.F.);
#2966 = ORIENTED_EDGE('',*,*,#1100,.F.);
#2967 = ORIENTED_EDGE('',*,*,#1131,.F.);
#2968 = ORIENTED_EDGE('',*,*,#1164,.F.);
#2969 = ORIENTED_EDGE('',*,*,#1195,.F.);
#2970 = ORIENTED_EDGE('',*,*,#1228,.F.);
#2971 = ORIENTED_EDGE('',*,*,#1259,.F.);
#2972 = ORIENTED_EDGE('',*,*,#1292,.F.);
#2973 = ORIENTED_EDGE('',*,*,#1323,.F.);
#2974 = ORIENTED_EDGE('',*,*,#1356,.F.);
#2975 = ORIENTED_EDGE('',*,*,#1387,.F.);
#2976 = ORIENTED_EDGE('',*,*,#1420,.F.);
#2977 = ORIENTED_EDGE('',*,*,#1451,.F.);
#2978 = ORIENTED_EDGE('',*,*,#1484,.F.);
#2979 = ORIENTED_EDGE('',*,*,#1532,.F.);
#2980 = ORIENTED_EDGE('',*,*,#1570,.F.);
#2981 = ORIENTED_EDGE('',*,*,#1603,.F.);
#2982 = ORIENTED_EDGE('',*,*,#1634,.F.);
#2983 = ORIENTED_EDGE('',*,*,#1667,.F.);
#2984 = ORIENTED_EDGE('',*,*,#1715,.F.);
#2985 = ORIENTED_EDGE('',*,*,#1753,.F.);
#2986 = ORIENTED_EDGE('',*,*,#1786,.F.);
#2987 = ORIENTED_EDGE('',*,*,#1817,.F.);
#2988 = ORIENTED_EDGE('',*,*,#1850,.F.);
#2989 = ORIENTED_EDGE('',*,*,#1881,.F.);
#2990 = ORIENTED_EDGE('',*,*,#1914,.F.);
#2991 = ORIENTED_EDGE('',*,*,#1945,.F.);
#2992 = ORIENTED_EDGE('',*,*,#1978,.F.);
#2993 = ORIENTED_EDGE('',*,*,#2009,.F.);
#2994 = ORIENTED_EDGE('',*,*,#2042,.F.);
#2995 = ORIENTED_EDGE('',*,*,#2073,.F.);
#2996 = ORIENTED_EDGE('',*,*,#2106,.F.);
#2997 = ORIENTED_EDGE('',*,*,#2137,.F.);
#2998 = ORIENTED_EDGE('',*,*,#2170,.F.);
#2999 = ORIENTED_EDGE('',*,*,#2201,.F.);
#3000 = ORIENTED_EDGE('',*,*,#2234,.F.);
#3001 = ORIENTED_EDGE('',*,*,#2265,.F.);
#3002 = ORIENTED_EDGE('',*,*,#2298,.F.);
#3003 = ORIENTED_EDGE('',*,*,#2329,.F.);
#3004 = ORIENTED_EDGE('',*,*,#2362,.F.);
#3005 = ORIENTED_EDGE('',*,*,#2393,.F.);
#3006 = ORIENTED_EDGE('',*,*,#2426,.F.);
#3007 = ORIENTED_EDGE('',*,*,#2457,.F.);
#3008 = ORIENTED_EDGE('',*,*,#2490,.F.);
#3009 = ORIENTED_EDGE('',*,*,#2521,.F.);
#3010 = ORIENTED_EDGE('',*,*,#2554,.F.);
#3011 = ORIENTED_EDGE('',*,*,#2585,.F.);
#3012 = ORIENTED_EDGE('',*,*,#2618,.F.);
#3013 = ORIENTED_EDGE('',*,*,#2649,.F.);
#3014 = ORIENTED_EDGE('',*,*,#2682,.F.);
#3015 = ORIENTED_EDGE('',*,*,#2713,.F.);
#3016 = ORIENTED_EDGE('',*,*,#2746,.F.);
#3017 = ORIENTED_EDGE('',*,*,#2795,.F.);
#3018 = ORIENTED_EDGE('',*,*,#3019,.T.);
#3019 = EDGE_CURVE('',#2787,#3020,#3022,.T.);
#3020 = VERTEX_POINT('',#3021);
#3021 = CARTESIAN_POINT('',(35.470625806097,213.71669331296,
    5.782041512248E-13));
#3022 = CIRCLE('',#3023,0.8);
#3023 = AXIS2_PLACEMENT_3D('',#3024,#3025,#3026);
#3024 = CARTESIAN_POINT('',(35.470625806097,214.51669331296,
    5.782041512248E-13));
#3025 = DIRECTION('',(-1.224646799147E-16,0.,1.));
#3026 = DIRECTION('',(-4.0800696155E-13,-1.,-4.99664419492E-29));
#3027 = ORIENTED_EDGE('',*,*,#3028,.T.);
#3028 = EDGE_CURVE('',#3020,#3029,#3031,.T.);
#3029 = VERTEX_POINT('',#3030);
#3030 = CARTESIAN_POINT('',(38.5906258419,213.71669331296,
    5.782041512248E-13));
#3031 = LINE('',#3032,#3033);
#3032 = CARTESIAN_POINT('',(38.590625842847,213.71669331296,
    5.782041512248E-13));
#3033 = VECTOR('',#3034,1.);
#3034 = DIRECTION('',(1.,0.,1.224646799147E-16));
#3035 = ORIENTED_EDGE('',*,*,#3036,.T.);
#3036 = EDGE_CURVE('',#3029,#48,#3037,.T.);
#3037 = CIRCLE('',#3038,0.8);
#3038 = AXIS2_PLACEMENT_3D('',#3039,#3040,#3041);
#3039 = CARTESIAN_POINT('',(38.590625842847,214.51669331296,
    5.782041512248E-13));
#3040 = DIRECTION('',(-1.224646799147E-16,0.,1.));
#3041 = DIRECTION('',(-4.593856128834E-08,1.,-5.62585120392E-24));
#3042 = ORIENTED_EDGE('',*,*,#47,.F.);
#3043 = ORIENTED_EDGE('',*,*,#80,.F.);
#3044 = ORIENTED_EDGE('',*,*,#113,.F.);
#3045 = ORIENTED_EDGE('',*,*,#144,.F.);
#3046 = FACE_BOUND('',#3047,.T.);
#3047 = EDGE_LOOP('',(#3048));
#3048 = ORIENTED_EDGE('',*,*,#3049,.T.);
#3049 = EDGE_CURVE('',#3050,#3050,#3052,.T.);
#3050 = VERTEX_POINT('',#3051);
#3051 = CARTESIAN_POINT('',(62.070625805411,40.484104954216,
    5.782041512248E-13));
#3052 = CIRCLE('',#3053,0.85);
#3053 = AXIS2_PLACEMENT_3D('',#3054,#3055,#3056);
#3054 = CARTESIAN_POINT('',(61.220625805411,40.484104954216,
    5.782041512248E-13));
#3055 = DIRECTION('',(-1.224646799147E-16,0.,1.));
#3056 = DIRECTION('',(-1.,0.,-1.224646799147E-16));
#3057 = FACE_BOUND('',#3058,.T.);
#3058 = EDGE_LOOP('',(#3059));
#3059 = ORIENTED_EDGE('',*,*,#3060,.T.);
#3060 = EDGE_CURVE('',#3061,#3061,#3063,.T.);
#3061 = VERTEX_POINT('',#3062);
#3062 = CARTESIAN_POINT('',(36.570625805411,40.484104954216,
    5.782041512248E-13));
#3063 = CIRCLE('',#3064,0.85);
#3064 = AXIS2_PLACEMENT_3D('',#3065,#3066,#3067);
#3065 = CARTESIAN_POINT('',(35.720625805411,40.484104954216,
    5.782041512248E-13));
#3066 = DIRECTION('',(-1.224646799147E-16,0.,1.));
#3067 = DIRECTION('',(-1.,0.,-1.224646799147E-16));
#3068 = FACE_BOUND('',#3069,.T.);
#3069 = EDGE_LOOP('',(#3070));
#3070 = ORIENTED_EDGE('',*,*,#3071,.T.);
#3071 = EDGE_CURVE('',#3072,#3072,#3074,.T.);
#3072 = VERTEX_POINT('',#3073);
#3073 = CARTESIAN_POINT('',(39.570625805411,63.234104954216,
    5.782041512248E-13));
#3074 = CIRCLE('',#3075,1.1);
#3075 = AXIS2_PLACEMENT_3D('',#3076,#3077,#3078);
#3076 = CARTESIAN_POINT('',(38.470625805411,63.234104954216,
    5.782041512248E-13));
#3077 = DIRECTION('',(-1.224646799147E-16,0.,1.));
#3078 = DIRECTION('',(-1.,0.,-1.224646799147E-16));
#3079 = FACE_BOUND('',#3080,.T.);
#3080 = EDGE_LOOP('',(#3081));
#3081 = ORIENTED_EDGE('',*,*,#3082,.T.);
#3082 = EDGE_CURVE('',#3083,#3083,#3085,.T.);
#3083 = VERTEX_POINT('',#3084);
#3084 = CARTESIAN_POINT('',(36.570625805411,65.984104954216,
    5.782041512248E-13));
#3085 = CIRCLE('',#3086,0.85);
#3086 = AXIS2_PLACEMENT_3D('',#3087,#3088,#3089);
#3087 = CARTESIAN_POINT('',(35.720625805411,65.984104954216,
    5.782041512248E-13));
#3088 = DIRECTION('',(-1.224646799147E-16,0.,1.));
#3089 = DIRECTION('',(-1.,0.,-1.224646799147E-16));
#3090 = FACE_BOUND('',#3091,.T.);
#3091 = EDGE_LOOP('',(#3092));
#3092 = ORIENTED_EDGE('',*,*,#3093,.T.);
#3093 = EDGE_CURVE('',#3094,#3094,#3096,.T.);
#3094 = VERTEX_POINT('',#3095);
#3095 = CARTESIAN_POINT('',(60.940532402546,119.17983393832,
    5.782041512248E-13));
#3096 = CIRCLE('',#3097,1.5);
#3097 = AXIS2_PLACEMENT_3D('',#3098,#3099,#3100);
#3098 = CARTESIAN_POINT('',(59.440532402546,119.17983393832,
    5.782041512248E-13));
#3099 = DIRECTION('',(-1.224646799147E-16,0.,1.));
#3100 = DIRECTION('',(-1.,0.,-1.224646799147E-16));
#3101 = FACE_BOUND('',#3102,.T.);
#3102 = EDGE_LOOP('',(#3103));
#3103 = ORIENTED_EDGE('',*,*,#3104,.T.);
#3104 = EDGE_CURVE('',#3105,#3105,#3107,.T.);
#3105 = VERTEX_POINT('',#3106);
#3106 = CARTESIAN_POINT('',(75.833988146213,130.67986604624,
    5.884182030513E-13));
#3107 = CIRCLE('',#3108,1.5);
#3108 = AXIS2_PLACEMENT_3D('',#3109,#3110,#3111);
#3109 = CARTESIAN_POINT('',(74.333988146214,130.67986604624,
    5.884182030513E-13));
#3110 = DIRECTION('',(-1.224646799147E-16,0.,1.));
#3111 = DIRECTION('',(-1.,0.,-1.224646799147E-16));
#3112 = FACE_BOUND('',#3113,.T.);
#3113 = EDGE_LOOP('',(#3114));
#3114 = ORIENTED_EDGE('',*,*,#3115,.T.);
#3115 = EDGE_CURVE('',#3116,#3116,#3118,.T.);
#3116 = VERTEX_POINT('',#3117);
#3117 = CARTESIAN_POINT('',(91.377443889881,142.17989815417,
    5.884182030513E-13));
#3118 = CIRCLE('',#3119,2.15);
#3119 = AXIS2_PLACEMENT_3D('',#3120,#3121,#3122);
#3120 = CARTESIAN_POINT('',(89.227443889881,142.17989815417,
    5.884182030513E-13));
#3121 = DIRECTION('',(-1.224646799147E-16,0.,1.));
#3122 = DIRECTION('',(-1.,0.,-1.224646799147E-16));
#3123 = FACE_BOUND('',#3124,.T.);
#3124 = EDGE_LOOP('',(#3125));
#3125 = ORIENTED_EDGE('',*,*,#3126,.T.);
#3126 = EDGE_CURVE('',#3127,#3127,#3129,.T.);
#3127 = VERTEX_POINT('',#3128);
#3128 = CARTESIAN_POINT('',(75.833988146213,90.738901040253,
    5.884182030513E-13));
#3129 = CIRCLE('',#3130,1.5);
#3130 = AXIS2_PLACEMENT_3D('',#3131,#3132,#3133);
#3131 = CARTESIAN_POINT('',(74.333988146214,90.738901040253,
    5.884182030513E-13));
#3132 = DIRECTION('',(-1.224646799147E-16,0.,1.));
#3133 = DIRECTION('',(-1.,0.,-1.224646799147E-16));
#3134 = FACE_BOUND('',#3135,.T.);
#3135 = EDGE_LOOP('',(#3136));
#3136 = ORIENTED_EDGE('',*,*,#3137,.T.);
#3137 = EDGE_CURVE('',#3138,#3138,#3140,.T.);
#3138 = VERTEX_POINT('',#3139);
#3139 = CARTESIAN_POINT('',(62.070625805411,65.984104954216,
    5.782041512248E-13));
#3140 = CIRCLE('',#3141,0.85);
#3141 = AXIS2_PLACEMENT_3D('',#3142,#3143,#3144);
#3142 = CARTESIAN_POINT('',(61.220625805411,65.984104954216,
    5.782041512248E-13));
#3143 = DIRECTION('',(-1.224646799147E-16,0.,1.));
#3144 = DIRECTION('',(-1.,0.,-1.224646799147E-16));
#3145 = FACE_BOUND('',#3146,.T.);
#3146 = EDGE_LOOP('',(#3147));
#3147 = ORIENTED_EDGE('',*,*,#3148,.T.);
#3148 = EDGE_CURVE('',#3149,#3149,#3151,.T.);
#3149 = VERTEX_POINT('',#3150);
#3150 = CARTESIAN_POINT('',(49.970625805413,169.71350772588,
    5.782041512248E-13));
#3151 = CIRCLE('',#3152,1.5);
#3152 = AXIS2_PLACEMENT_3D('',#3153,#3154,#3155);
#3153 = CARTESIAN_POINT('',(48.470625805413,169.71350772588,
    5.782041512248E-13));
#3154 = DIRECTION('',(-1.224646799147E-16,0.,1.));
#3155 = DIRECTION('',(-1.,0.,-1.224646799147E-16));
#3156 = FACE_BOUND('',#3157,.T.);
#3157 = EDGE_LOOP('',(#3158));
#3158 = ORIENTED_EDGE('',*,*,#3159,.T.);
#3159 = EDGE_CURVE('',#3160,#3160,#3162,.T.);
#3160 = VERTEX_POINT('',#3161);
#3161 = CARTESIAN_POINT('',(73.697092310037,151.88568525518,
    5.884182030513E-13));
#3162 = CIRCLE('',#3163,1.5);
#3163 = AXIS2_PLACEMENT_3D('',#3164,#3165,#3166);
#3164 = CARTESIAN_POINT('',(72.197092310037,151.88568525518,
    5.884182030513E-13));
#3165 = DIRECTION('',(-1.224646799147E-16,0.,1.));
#3166 = DIRECTION('',(-1.,0.,-1.224646799147E-16));
#3167 = FACE_BOUND('',#3168,.T.);
#3168 = EDGE_LOOP('',(#3169));
#3169 = ORIENTED_EDGE('',*,*,#3170,.T.);
#3170 = EDGE_CURVE('',#3171,#3171,#3173,.T.);
#3171 = VERTEX_POINT('',#3172);
#3172 = CARTESIAN_POINT('',(39.570625805411,43.234104954216,
    5.782041512248E-13));
#3173 = CIRCLE('',#3174,1.1);
#3174 = AXIS2_PLACEMENT_3D('',#3175,#3176,#3177);
#3175 = CARTESIAN_POINT('',(38.470625805411,43.234104954216,
    5.782041512248E-13));
#3176 = DIRECTION('',(-1.224646799147E-16,0.,1.));
#3177 = DIRECTION('',(-1.,0.,-1.224646799147E-16));
#3178 = FACE_BOUND('',#3179,.T.);
#3179 = EDGE_LOOP('',(#3180));
#3180 = ORIENTED_EDGE('',*,*,#3181,.T.);
#3181 = EDGE_CURVE('',#3182,#3182,#3184,.T.);
#3182 = VERTEX_POINT('',#3183);
#3183 = CARTESIAN_POINT('',(64.381342428786,6.716983276509,
    5.782041512248E-13));
#3184 = CIRCLE('',#3185,1.5);
#3185 = AXIS2_PLACEMENT_3D('',#3186,#3187,#3188);
#3186 = CARTESIAN_POINT('',(62.881342428786,6.716983276509,
    5.782041512248E-13));
#3187 = DIRECTION('',(-1.224646799147E-16,0.,1.));
#3188 = DIRECTION('',(-1.,0.,-1.224646799147E-16));
#3189 = FACE_BOUND('',#3190,.T.);
#3190 = EDGE_LOOP('',(#3191));
#3191 = ORIENTED_EDGE('',*,*,#3192,.T.);
#3192 = EDGE_CURVE('',#3193,#3193,#3195,.T.);
#3193 = VERTEX_POINT('',#3194);
#3194 = CARTESIAN_POINT('',(73.697092310037,69.533081831313,
    5.884182030513E-13));
#3195 = CIRCLE('',#3196,1.5);
#3196 = AXIS2_PLACEMENT_3D('',#3197,#3198,#3199);
#3197 = CARTESIAN_POINT('',(72.197092310037,69.533081831313,
    5.884182030513E-13));
#3198 = DIRECTION('',(-1.224646799147E-16,0.,1.));
#3199 = DIRECTION('',(-1.,0.,-1.224646799147E-16));
#3200 = FACE_BOUND('',#3201,.T.);
#3201 = EDGE_LOOP('',(#3202));
#3202 = ORIENTED_EDGE('',*,*,#3203,.T.);
#3203 = EDGE_CURVE('',#3204,#3204,#3206,.T.);
#3204 = VERTEX_POINT('',#3205);
#3205 = CARTESIAN_POINT('',(26.244159300789,69.533081831313,
    5.782041512248E-13));
#3206 = CIRCLE('',#3207,1.5);
#3207 = AXIS2_PLACEMENT_3D('',#3208,#3209,#3210);
#3208 = CARTESIAN_POINT('',(24.744159300789,69.533081831313,
    5.782041512248E-13));
#3209 = DIRECTION('',(-1.224646799147E-16,0.,1.));
#3210 = DIRECTION('',(-1.,0.,-1.224646799147E-16));
#3211 = FACE_BOUND('',#3212,.T.);
#3212 = EDGE_LOOP('',(#3213));
#3213 = ORIENTED_EDGE('',*,*,#3214,.T.);
#3214 = EDGE_CURVE('',#3215,#3215,#3217,.T.);
#3215 = VERTEX_POINT('',#3216);
#3216 = CARTESIAN_POINT('',(59.570625805411,43.234104954216,
    5.782041512248E-13));
#3217 = CIRCLE('',#3218,1.1);
#3218 = AXIS2_PLACEMENT_3D('',#3219,#3220,#3221);
#3219 = CARTESIAN_POINT('',(58.470625805411,43.234104954216,
    5.782041512248E-13));
#3220 = DIRECTION('',(-1.224646799147E-16,0.,1.));
#3221 = DIRECTION('',(-1.,0.,-1.224646799147E-16));
#3222 = FACE_BOUND('',#3223,.T.);
#3223 = EDGE_LOOP('',(#3224));
#3224 = ORIENTED_EDGE('',*,*,#3225,.T.);
#3225 = EDGE_CURVE('',#3226,#3226,#3228,.T.);
#3226 = VERTEX_POINT('',#3227);
#3227 = CARTESIAN_POINT('',(70.050999534345,184.29000161426,
    5.782041512248E-13));
#3228 = CIRCLE('',#3229,1.5);
#3229 = AXIS2_PLACEMENT_3D('',#3230,#3231,#3232);
#3230 = CARTESIAN_POINT('',(68.550999534345,184.29000161426,
    5.782041512248E-13));
#3231 = DIRECTION('',(-1.224646799147E-16,0.,1.));
#3232 = DIRECTION('',(-1.,0.,-1.224646799147E-16));
#3233 = FACE_BOUND('',#3234,.T.);
#3234 = EDGE_LOOP('',(#3235));
#3235 = ORIENTED_EDGE('',*,*,#3236,.T.);
#3236 = EDGE_CURVE('',#3237,#3237,#3239,.T.);
#3237 = VERTEX_POINT('',#3238);
#3238 = CARTESIAN_POINT('',(91.377443889881,79.238868932328,
    5.884182030513E-13));
#3239 = CIRCLE('',#3240,2.15);
#3240 = AXIS2_PLACEMENT_3D('',#3241,#3242,#3243);
#3241 = CARTESIAN_POINT('',(89.227443889881,79.238868932328,
    5.884182030513E-13));
#3242 = DIRECTION('',(-1.224646799147E-16,0.,1.));
#3243 = DIRECTION('',(-1.,0.,-1.224646799147E-16));
#3244 = FACE_BOUND('',#3245,.T.);
#3245 = EDGE_LOOP('',(#3246));
#3246 = ORIENTED_EDGE('',*,*,#3247,.T.);
#3247 = EDGE_CURVE('',#3248,#3248,#3250,.T.);
#3248 = VERTEX_POINT('',#3249);
#3249 = CARTESIAN_POINT('',(29.890252076481,184.29000161426,
    5.782041512248E-13));
#3250 = CIRCLE('',#3251,1.5);
#3251 = AXIS2_PLACEMENT_3D('',#3252,#3253,#3254);
#3252 = CARTESIAN_POINT('',(28.390252076481,184.29000161426,
    5.782041512248E-13));
#3253 = DIRECTION('',(-1.224646799147E-16,0.,1.));
#3254 = DIRECTION('',(-1.,0.,-1.224646799147E-16));
#3255 = FACE_BOUND('',#3256,.T.);
#3256 = EDGE_LOOP('',(#3257));
#3257 = ORIENTED_EDGE('',*,*,#3258,.T.);
#3258 = EDGE_CURVE('',#3259,#3259,#3261,.T.);
#3259 = VERTEX_POINT('',#3260);
#3260 = CARTESIAN_POINT('',(60.940532402546,102.23893314817,
    5.782041512248E-13));
#3261 = CIRCLE('',#3262,1.5);
#3262 = AXIS2_PLACEMENT_3D('',#3263,#3264,#3265);
#3263 = CARTESIAN_POINT('',(59.440532402546,102.23893314817,
    5.782041512248E-13));
#3264 = DIRECTION('',(-1.224646799147E-16,0.,1.));
#3265 = DIRECTION('',(-1.,0.,-1.224646799147E-16));
#3266 = FACE_BOUND('',#3267,.T.);
#3267 = EDGE_LOOP('',(#3268));
#3268 = ORIENTED_EDGE('',*,*,#3269,.T.);
#3269 = EDGE_CURVE('',#3270,#3270,#3272,.T.);
#3270 = VERTEX_POINT('',#3271);
#3271 = CARTESIAN_POINT('',(59.570625805411,63.234104954216,
    5.782041512248E-13));
#3272 = CIRCLE('',#3273,1.1);
#3273 = AXIS2_PLACEMENT_3D('',#3274,#3275,#3276);
#3274 = CARTESIAN_POINT('',(58.470625805411,63.234104954216,
    5.782041512248E-13));
#3275 = DIRECTION('',(-1.224646799147E-16,0.,1.));
#3276 = DIRECTION('',(-1.,0.,-1.224646799147E-16));
#3277 = FACE_BOUND('',#3278,.T.);
#3278 = EDGE_LOOP('',(#3279,#3290,#3298,#3307));
#3279 = ORIENTED_EDGE('',*,*,#3280,.T.);
#3280 = EDGE_CURVE('',#3281,#3283,#3285,.T.);
#3281 = VERTEX_POINT('',#3282);
#3282 = CARTESIAN_POINT('',(34.470625805413,28.652768365166,
    5.782041512248E-13));
#3283 = VERTEX_POINT('',#3284);
#3284 = CARTESIAN_POINT('',(32.470625805417,28.652768365166,
    5.782041512248E-13));
#3285 = CIRCLE('',#3286,0.999999999998);
#3286 = AXIS2_PLACEMENT_3D('',#3287,#3288,#3289);
#3287 = CARTESIAN_POINT('',(33.470625805415,28.652768365166,
    5.782041512248E-13));
#3288 = DIRECTION('',(-1.224646799147E-16,0.,1.));
#3289 = DIRECTION('',(-1.,0.,-1.224646799147E-16));
#3290 = ORIENTED_EDGE('',*,*,#3291,.T.);
#3291 = EDGE_CURVE('',#3283,#3292,#3294,.T.);
#3292 = VERTEX_POINT('',#3293);
#3293 = CARTESIAN_POINT('',(32.470625805415,25.136937574718,
    5.782041512248E-13));
#3294 = LINE('',#3295,#3296);
#3295 = CARTESIAN_POINT('',(32.470625805417,28.652768365166,
    5.782041512248E-13));
#3296 = VECTOR('',#3297,1.);
#3297 = DIRECTION('',(0.,-1.,0.));
#3298 = ORIENTED_EDGE('',*,*,#3299,.T.);
#3299 = EDGE_CURVE('',#3292,#3300,#3302,.T.);
#3300 = VERTEX_POINT('',#3301);
#3301 = CARTESIAN_POINT('',(34.470625805415,25.136937574718,
    5.782041512248E-13));
#3302 = CIRCLE('',#3303,1.);
#3303 = AXIS2_PLACEMENT_3D('',#3304,#3305,#3306);
#3304 = CARTESIAN_POINT('',(33.470625805415,25.136937574718,
    5.782041512248E-13));
#3305 = DIRECTION('',(-1.224646799147E-16,0.,1.));
#3306 = DIRECTION('',(1.,0.,1.224646799147E-16));
#3307 = ORIENTED_EDGE('',*,*,#3308,.T.);
#3308 = EDGE_CURVE('',#3300,#3281,#3309,.T.);
#3309 = LINE('',#3310,#3311);
#3310 = CARTESIAN_POINT('',(34.470625805415,28.652768365166,
    5.782041512248E-13));
#3311 = VECTOR('',#3312,1.);
#3312 = DIRECTION('',(0.,1.,0.));
#3313 = FACE_BOUND('',#3314,.T.);
#3314 = EDGE_LOOP('',(#3315,#3326,#3334,#3343));
#3315 = ORIENTED_EDGE('',*,*,#3316,.T.);
#3316 = EDGE_CURVE('',#3317,#3319,#3321,.T.);
#3317 = VERTEX_POINT('',#3318);
#3318 = CARTESIAN_POINT('',(34.470625805413,55.782785696993,
    5.782041512248E-13));
#3319 = VERTEX_POINT('',#3320);
#3320 = CARTESIAN_POINT('',(32.470625805417,55.782785696993,
    5.782041512248E-13));
#3321 = CIRCLE('',#3322,0.999999999998);
#3322 = AXIS2_PLACEMENT_3D('',#3323,#3324,#3325);
#3323 = CARTESIAN_POINT('',(33.470625805415,55.782785696993,
    5.782041512248E-13));
#3324 = DIRECTION('',(-1.224646799147E-16,0.,1.));
#3325 = DIRECTION('',(-1.,0.,-1.224646799147E-16));
#3326 = ORIENTED_EDGE('',*,*,#3327,.T.);
#3327 = EDGE_CURVE('',#3319,#3328,#3330,.T.);
#3328 = VERTEX_POINT('',#3329);
#3329 = CARTESIAN_POINT('',(32.470625805415,52.266954906546,
    5.782041512248E-13));
#3330 = LINE('',#3331,#3332);
#3331 = CARTESIAN_POINT('',(32.470625805417,55.782785696993,
    5.782041512248E-13));
#3332 = VECTOR('',#3333,1.);
#3333 = DIRECTION('',(0.,-1.,0.));
#3334 = ORIENTED_EDGE('',*,*,#3335,.T.);
#3335 = EDGE_CURVE('',#3328,#3336,#3338,.T.);
#3336 = VERTEX_POINT('',#3337);
#3337 = CARTESIAN_POINT('',(34.470625805415,52.266954906546,
    5.782041512248E-13));
#3338 = CIRCLE('',#3339,1.);
#3339 = AXIS2_PLACEMENT_3D('',#3340,#3341,#3342);
#3340 = CARTESIAN_POINT('',(33.470625805415,52.266954906546,
    5.782041512248E-13));
#3341 = DIRECTION('',(-1.224646799147E-16,0.,1.));
#3342 = DIRECTION('',(1.,0.,1.224646799147E-16));
#3343 = ORIENTED_EDGE('',*,*,#3344,.T.);
#3344 = EDGE_CURVE('',#3336,#3317,#3345,.T.);
#3345 = LINE('',#3346,#3347);
#3346 = CARTESIAN_POINT('',(34.470625805415,55.782785696993,
    5.782041512248E-13));
#3347 = VECTOR('',#3348,1.);
#3348 = DIRECTION('',(0.,1.,0.));
#3349 = FACE_BOUND('',#3350,.T.);
#3350 = EDGE_LOOP('',(#3351,#3362,#3370,#3379));
#3351 = ORIENTED_EDGE('',*,*,#3352,.T.);
#3352 = EDGE_CURVE('',#3353,#3355,#3357,.T.);
#3353 = VERTEX_POINT('',#3354);
#3354 = CARTESIAN_POINT('',(64.470625805411,28.652768365166,
    5.782041512248E-13));
#3355 = VERTEX_POINT('',#3356);
#3356 = CARTESIAN_POINT('',(62.470625805411,28.652768365166,
    5.782041512248E-13));
#3357 = CIRCLE('',#3358,1.);
#3358 = AXIS2_PLACEMENT_3D('',#3359,#3360,#3361);
#3359 = CARTESIAN_POINT('',(63.470625805411,28.652768365166,
    5.782041512248E-13));
#3360 = DIRECTION('',(-1.224646799147E-16,0.,1.));
#3361 = DIRECTION('',(-1.,0.,-1.224646799147E-16));
#3362 = ORIENTED_EDGE('',*,*,#3363,.T.);
#3363 = EDGE_CURVE('',#3355,#3364,#3366,.T.);
#3364 = VERTEX_POINT('',#3365);
#3365 = CARTESIAN_POINT('',(62.470625805413,25.136937574718,
    5.782041512248E-13));
#3366 = LINE('',#3367,#3368);
#3367 = CARTESIAN_POINT('',(62.470625805411,28.652768365166,
    5.782041512248E-13));
#3368 = VECTOR('',#3369,1.);
#3369 = DIRECTION('',(0.,-1.,0.));
#3370 = ORIENTED_EDGE('',*,*,#3371,.T.);
#3371 = EDGE_CURVE('',#3364,#3372,#3374,.T.);
#3372 = VERTEX_POINT('',#3373);
#3373 = CARTESIAN_POINT('',(64.470625805409,25.136937574718,
    5.782041512248E-13));
#3374 = CIRCLE('',#3375,0.999999999998);
#3375 = AXIS2_PLACEMENT_3D('',#3376,#3377,#3378);
#3376 = CARTESIAN_POINT('',(63.470625805411,25.136937574718,
    5.782041512248E-13));
#3377 = DIRECTION('',(-1.224646799147E-16,0.,1.));
#3378 = DIRECTION('',(1.,1.065814103642E-13,1.224646799147E-16));
#3379 = ORIENTED_EDGE('',*,*,#3380,.T.);
#3380 = EDGE_CURVE('',#3372,#3353,#3381,.T.);
#3381 = LINE('',#3382,#3383);
#3382 = CARTESIAN_POINT('',(64.470625805409,28.652768365166,
    5.782041512248E-13));
#3383 = VECTOR('',#3384,1.);
#3384 = DIRECTION('',(0.,1.,0.));
#3385 = FACE_BOUND('',#3386,.T.);
#3386 = EDGE_LOOP('',(#3387,#3398,#3406,#3415,#3423,#3432));
#3387 = ORIENTED_EDGE('',*,*,#3388,.T.);
#3388 = EDGE_CURVE('',#3389,#3391,#3393,.T.);
#3389 = VERTEX_POINT('',#3390);
#3390 = CARTESIAN_POINT('',(61.944557909611,153.09183641033,
    5.782041512248E-13));
#3391 = VERTEX_POINT('',#3392);
#3392 = CARTESIAN_POINT('',(61.663474711174,154.55500875834,
    5.782041512248E-13));
#3393 = CIRCLE('',#3394,1.499999999996);
#3394 = AXIS2_PLACEMENT_3D('',#3395,#3396,#3397);
#3395 = CARTESIAN_POINT('',(60.525461679746,153.57780543237,
    5.782041512248E-13));
#3396 = DIRECTION('',(-1.224646799147E-16,0.,1.));
#3397 = DIRECTION('',(0.758675354288,0.651468883982,9.291093442203E-17)
  );
#3398 = ORIENTED_EDGE('',*,*,#3399,.T.);
#3399 = EDGE_CURVE('',#3391,#3400,#3402,.T.);
#3400 = VERTEX_POINT('',#3401);
#3401 = CARTESIAN_POINT('',(54.160765314479,163.29237265957,
    5.782041512248E-13));
#3402 = LINE('',#3403,#3404);
#3403 = CARTESIAN_POINT('',(61.663474711174,154.55500875834,
    5.782041512248E-13));
#3404 = VECTOR('',#3405,1.);
#3405 = DIRECTION('',(-0.65146888398,0.758675354289,-7.978192835103E-17)
  );
#3406 = ORIENTED_EDGE('',*,*,#3407,.T.);
#3407 = EDGE_CURVE('',#3400,#3408,#3410,.T.);
#3408 = VERTEX_POINT('',#3409);
#3409 = CARTESIAN_POINT('',(51.522752283046,162.3151693336,
    5.782041512248E-13));
#3410 = CIRCLE('',#3411,1.5);
#3411 = AXIS2_PLACEMENT_3D('',#3412,#3413,#3414);
#3412 = CARTESIAN_POINT('',(53.022752283046,162.3151693336,
    5.782041512248E-13));
#3413 = DIRECTION('',(-1.224646799147E-16,0.,1.));
#3414 = DIRECTION('',(-1.,0.,-1.224646799147E-16));
#3415 = ORIENTED_EDGE('',*,*,#3416,.T.);
#3416 = EDGE_CURVE('',#3408,#3417,#3419,.T.);
#3417 = VERTEX_POINT('',#3418);
#3418 = CARTESIAN_POINT('',(51.522752283048,135.37559910488,
    5.782041512248E-13));
#3419 = LINE('',#3420,#3421);
#3420 = CARTESIAN_POINT('',(51.522752283046,162.3151693336,
    5.782041512248E-13));
#3421 = VECTOR('',#3422,1.);
#3422 = DIRECTION('',(0.,-1.,0.));
#3423 = ORIENTED_EDGE('',*,*,#3424,.T.);
#3424 = EDGE_CURVE('',#3417,#3425,#3427,.T.);
#3425 = VERTEX_POINT('',#3426);
#3426 = CARTESIAN_POINT('',(54.409643952359,134.80416975878,
    5.782041512248E-13));
#3427 = CIRCLE('',#3428,1.499999999997);
#3428 = AXIS2_PLACEMENT_3D('',#3429,#3430,#3431);
#3429 = CARTESIAN_POINT('',(53.022752283046,135.37559910488,
    5.782041512248E-13));
#3430 = DIRECTION('',(-1.224646799147E-16,0.,1.));
#3431 = DIRECTION('',(0.924594446211,-0.380952897398,1.132301629061E-16)
  );
#3432 = ORIENTED_EDGE('',*,*,#3433,.T.);
#3433 = EDGE_CURVE('',#3425,#3389,#3434,.T.);
#3434 = LINE('',#3435,#3436);
#3435 = CARTESIAN_POINT('',(61.944557909611,153.09183641033,
    5.782041512248E-13));
#3436 = VECTOR('',#3437,1.);
#3437 = DIRECTION('',(0.380952897398,0.924594446211,4.665327464241E-17)
  );
#3438 = FACE_BOUND('',#3439,.T.);
#3439 = EDGE_LOOP('',(#3440,#3451,#3459,#3468,#3476,#3485,#3493,#3502,
    #3510,#3519));
#3440 = ORIENTED_EDGE('',*,*,#3441,.T.);
#3441 = EDGE_CURVE('',#3442,#3444,#3446,.T.);
#3442 = VERTEX_POINT('',#3443);
#3443 = CARTESIAN_POINT('',(43.609019735939,7.23190244414,
    5.782041512248E-13));
#3444 = VERTEX_POINT('',#3445);
#3445 = CARTESIAN_POINT('',(42.084506974868,7.234639896382,
    5.782041512248E-13));
#3446 = CIRCLE('',#3447,1.);
#3447 = AXIS2_PLACEMENT_3D('',#3448,#3449,#3450);
#3448 = CARTESIAN_POINT('',(42.845601096727,6.585998440975,
    5.782041512248E-13));
#3449 = DIRECTION('',(-1.224646799147E-16,0.,1.));
#3450 = DIRECTION('',(-0.761094121859,0.648641455407,-9.320714801843E-17
    ));
#3451 = ORIENTED_EDGE('',*,*,#3452,.T.);
#3452 = EDGE_CURVE('',#3444,#3453,#3455,.T.);
#3453 = VERTEX_POINT('',#3454);
#3454 = CARTESIAN_POINT('',(40.502018698607,5.377801245491,
    5.782041512248E-13));
#3455 = LINE('',#3456,#3457);
#3456 = CARTESIAN_POINT('',(42.084506974868,7.234639896382,
    5.782041512248E-13));
#3457 = VECTOR('',#3458,1.);
#3458 = DIRECTION('',(-0.648641455408,-0.761094121858,
    -7.943566821595E-17));
#3459 = ORIENTED_EDGE('',*,*,#3460,.T.);
#3460 = EDGE_CURVE('',#3453,#3461,#3463,.T.);
#3461 = VERTEX_POINT('',#3462);
#3462 = CARTESIAN_POINT('',(40.263112820466,4.729159790085,
    5.782041512248E-13));
#3463 = CIRCLE('',#3464,1.);
#3464 = AXIS2_PLACEMENT_3D('',#3465,#3466,#3467);
#3465 = CARTESIAN_POINT('',(41.263112820466,4.729159790085,
    5.782041512248E-13));
#3466 = DIRECTION('',(-1.224646799147E-16,0.,1.));
#3467 = DIRECTION('',(-1.,0.,-1.224646799147E-16));
#3468 = ORIENTED_EDGE('',*,*,#3469,.T.);
#3469 = EDGE_CURVE('',#3461,#3470,#3472,.T.);
#3470 = VERTEX_POINT('',#3471);
#3471 = CARTESIAN_POINT('',(40.263112820466,3.920545632837,
    5.782041512248E-13));
#3472 = LINE('',#3473,#3474);
#3473 = CARTESIAN_POINT('',(40.263112820466,3.920545632837,
    5.782041512248E-13));
#3474 = VECTOR('',#3475,1.);
#3475 = DIRECTION('',(0.,-1.,0.));
#3476 = ORIENTED_EDGE('',*,*,#3477,.T.);
#3477 = EDGE_CURVE('',#3470,#3478,#3480,.T.);
#3478 = VERTEX_POINT('',#3479);
#3479 = CARTESIAN_POINT('',(41.052803735684,2.942910686214,
    5.782041512248E-13));
#3480 = CIRCLE('',#3481,1.);
#3481 = AXIS2_PLACEMENT_3D('',#3482,#3483,#3484);
#3482 = CARTESIAN_POINT('',(41.263112820466,3.920545632837,
    5.782041512248E-13));
#3483 = DIRECTION('',(-1.224646799147E-16,3.08148791102E-33,1.));
#3484 = DIRECTION('',(-0.210309084781,-0.977634946623,
    -2.575543475091E-17));
#3485 = ORIENTED_EDGE('',*,*,#3486,.T.);
#3486 = EDGE_CURVE('',#3478,#3487,#3489,.T.);
#3487 = VERTEX_POINT('',#3488);
#3488 = CARTESIAN_POINT('',(42.792975950636,2.568564385322,
    5.782041512248E-13));
#3489 = LINE('',#3490,#3491);
#3490 = CARTESIAN_POINT('',(42.792975950636,2.568564385322,
    5.782041512248E-13));
#3491 = VECTOR('',#3492,1.);
#3492 = DIRECTION('',(0.977634946623,-0.210309084783,1.197257508116E-16)
  );
#3493 = ORIENTED_EDGE('',*,*,#3494,.T.);
#3494 = EDGE_CURVE('',#3487,#3495,#3497,.T.);
#3495 = VERTEX_POINT('',#3496);
#3496 = CARTESIAN_POINT('',(43.764379157273,2.897557876537,
    5.782041512248E-13));
#3497 = CIRCLE('',#3498,0.999999999998);
#3498 = AXIS2_PLACEMENT_3D('',#3499,#3500,#3501);
#3499 = CARTESIAN_POINT('',(43.003285035417,3.546199331945,
    5.782041512248E-13));
#3500 = DIRECTION('',(-1.224646799147E-16,1.232595164408E-32,1.));
#3501 = DIRECTION('',(0.761094121857,-0.648641455409,9.320714801816E-17)
  );
#3502 = ORIENTED_EDGE('',*,*,#3503,.T.);
#3503 = EDGE_CURVE('',#3495,#3504,#3506,.T.);
#3504 = VERTEX_POINT('',#3505);
#3505 = CARTESIAN_POINT('',(44.975868459411,4.319078778213,
    5.782041512248E-13));
#3506 = LINE('',#3507,#3508);
#3507 = CARTESIAN_POINT('',(44.975868459412,4.319078778212,
    5.782041512248E-13));
#3508 = VECTOR('',#3509,1.);
#3509 = DIRECTION('',(0.648641455406,0.761094121859,7.943566821576E-17)
  );
#3510 = ORIENTED_EDGE('',*,*,#3511,.T.);
#3511 = EDGE_CURVE('',#3504,#3512,#3514,.T.);
#3512 = VERTEX_POINT('',#3513);
#3513 = CARTESIAN_POINT('',(44.978192976766,5.613624236782,
    5.782041512248E-13));
#3514 = CIRCLE('',#3515,1.);
#3515 = AXIS2_PLACEMENT_3D('',#3516,#3517,#3518);
#3516 = CARTESIAN_POINT('',(44.214774337553,4.96772023362,
    5.782041512248E-13));
#3517 = DIRECTION('',(-1.224646799147E-16,0.,1.));
#3518 = DIRECTION('',(0.763418639213,0.645904003163,9.34918192922E-17));
#3519 = ORIENTED_EDGE('',*,*,#3520,.T.);
#3520 = EDGE_CURVE('',#3512,#3442,#3521,.T.);
#3521 = LINE('',#3522,#3523);
#3522 = CARTESIAN_POINT('',(43.609019735936,7.231902444138,
    5.782041512248E-13));
#3523 = VECTOR('',#3524,1.);
#3524 = DIRECTION('',(-0.645904003163,0.763418639213,-7.910042700295E-17
    ));
#3525 = FACE_BOUND('',#3526,.T.);
#3526 = EDGE_LOOP('',(#3527));
#3527 = ORIENTED_EDGE('',*,*,#3528,.T.);
#3528 = EDGE_CURVE('',#3529,#3529,#3531,.T.);
#3529 = VERTEX_POINT('',#3530);
#3530 = CARTESIAN_POINT('',(49.970625805413,79.717820978783,
    5.782041512248E-13));
#3531 = CIRCLE('',#3532,1.5);
#3532 = AXIS2_PLACEMENT_3D('',#3533,#3534,#3535);
#3533 = CARTESIAN_POINT('',(48.470625805413,79.717820978783,
    5.782041512248E-13));
#3534 = DIRECTION('',(-1.224646799147E-16,0.,1.));
#3535 = DIRECTION('',(-1.,0.,-1.224646799147E-16));
#3536 = FACE_BOUND('',#3537,.T.);
#3537 = EDGE_LOOP('',(#3538,#3549,#3557,#3566));
#3538 = ORIENTED_EDGE('',*,*,#3539,.T.);
#3539 = EDGE_CURVE('',#3540,#3542,#3544,.T.);
#3540 = VERTEX_POINT('',#3541);
#3541 = CARTESIAN_POINT('',(64.470625805411,55.782785696993,
    5.782041512248E-13));
#3542 = VERTEX_POINT('',#3543);
#3543 = CARTESIAN_POINT('',(62.470625805411,55.782785696993,
    5.782041512248E-13));
#3544 = CIRCLE('',#3545,1.);
#3545 = AXIS2_PLACEMENT_3D('',#3546,#3547,#3548);
#3546 = CARTESIAN_POINT('',(63.470625805411,55.782785696993,
    5.782041512248E-13));
#3547 = DIRECTION('',(-1.224646799147E-16,0.,1.));
#3548 = DIRECTION('',(-1.,0.,-1.224646799147E-16));
#3549 = ORIENTED_EDGE('',*,*,#3550,.T.);
#3550 = EDGE_CURVE('',#3542,#3551,#3553,.T.);
#3551 = VERTEX_POINT('',#3552);
#3552 = CARTESIAN_POINT('',(62.470625805413,52.266954906546,
    5.782041512248E-13));
#3553 = LINE('',#3554,#3555);
#3554 = CARTESIAN_POINT('',(62.470625805411,55.782785696993,
    5.782041512248E-13));
#3555 = VECTOR('',#3556,1.);
#3556 = DIRECTION('',(0.,-1.,0.));
#3557 = ORIENTED_EDGE('',*,*,#3558,.T.);
#3558 = EDGE_CURVE('',#3551,#3559,#3561,.T.);
#3559 = VERTEX_POINT('',#3560);
#3560 = CARTESIAN_POINT('',(64.470625805409,52.266954906546,
    5.782041512248E-13));
#3561 = CIRCLE('',#3562,0.999999999998);
#3562 = AXIS2_PLACEMENT_3D('',#3563,#3564,#3565);
#3563 = CARTESIAN_POINT('',(63.470625805411,52.266954906546,
    5.782041512248E-13));
#3564 = DIRECTION('',(-1.224646799147E-16,0.,1.));
#3565 = DIRECTION('',(1.,1.154631945612E-13,1.224646799147E-16));
#3566 = ORIENTED_EDGE('',*,*,#3567,.T.);
#3567 = EDGE_CURVE('',#3559,#3540,#3568,.T.);
#3568 = LINE('',#3569,#3570);
#3569 = CARTESIAN_POINT('',(64.470625805409,55.782785696993,
    5.782041512248E-13));
#3570 = VECTOR('',#3571,1.);
#3571 = DIRECTION('',(0.,1.,0.));
#3572 = FACE_BOUND('',#3573,.T.);
#3573 = EDGE_LOOP('',(#3574,#3584,#3593,#3601,#3610,#3618,#3627,#3635,
    #3644,#3652));
#3574 = ORIENTED_EDGE('',*,*,#3575,.T.);
#3575 = EDGE_CURVE('',#3576,#3578,#3580,.T.);
#3576 = VERTEX_POINT('',#3577);
#3577 = CARTESIAN_POINT('',(47.694554385612,6.047705872877,
    5.782041512248E-13));
#3578 = VERTEX_POINT('',#3579);
#3579 = CARTESIAN_POINT('',(49.246697225174,6.04770587288,
    5.782041512248E-13));
#3580 = LINE('',#3581,#3582);
#3581 = CARTESIAN_POINT('',(48.470625805398,6.04770587288,
    5.782041512248E-13));
#3582 = VECTOR('',#3583,1.);
#3583 = DIRECTION('',(1.,3.86825617082E-12,1.224646799147E-16));
#3584 = ORIENTED_EDGE('',*,*,#3585,.T.);
#3585 = EDGE_CURVE('',#3578,#3586,#3588,.T.);
#3586 = VERTEX_POINT('',#3587);
#3587 = CARTESIAN_POINT('',(50.010115864388,6.401801869717,
    5.782041512248E-13));
#3588 = CIRCLE('',#3589,1.);
#3589 = AXIS2_PLACEMENT_3D('',#3590,#3591,#3592);
#3590 = CARTESIAN_POINT('',(49.246697225174,7.04770587288,
    5.782041512248E-13));
#3591 = DIRECTION('',(-1.224646799147E-16,0.,1.));
#3592 = DIRECTION('',(0.763418639213,-0.645904003163,9.34918192922E-17)
  );
#3593 = ORIENTED_EDGE('',*,*,#3594,.T.);
#3594 = EDGE_CURVE('',#3586,#3595,#3597,.T.);
#3595 = VERTEX_POINT('',#3596);
#3596 = CARTESIAN_POINT('',(52.229740230733,9.025260781603,
    5.782041512248E-13));
#3597 = LINE('',#3598,#3599);
#3598 = CARTESIAN_POINT('',(52.229740230733,9.025260781603,
    5.782041512248E-13));
#3599 = VECTOR('',#3600,1.);
#3600 = DIRECTION('',(0.645904003163,0.763418639213,7.910042700298E-17)
  );
#3601 = ORIENTED_EDGE('',*,*,#3602,.T.);
#3602 = EDGE_CURVE('',#3595,#3603,#3605,.T.);
#3603 = VERTEX_POINT('',#3604);
#3604 = CARTESIAN_POINT('',(52.227415713375,10.319806240173,
    5.782041512248E-13));
#3605 = CIRCLE('',#3606,0.999999999998);
#3606 = AXIS2_PLACEMENT_3D('',#3607,#3608,#3609);
#3607 = CARTESIAN_POINT('',(51.46632159152,9.671164784766,
    5.782041512248E-13));
#3608 = DIRECTION('',(-1.224646799147E-16,0.,1.));
#3609 = DIRECTION('',(0.761094121857,0.648641455409,9.320714801822E-17)
  );
#3610 = ORIENTED_EDGE('',*,*,#3611,.T.);
#3611 = EDGE_CURVE('',#3603,#3612,#3614,.T.);
#3612 = VERTEX_POINT('',#3613);
#3613 = CARTESIAN_POINT('',(49.231719927253,13.83485517003,
    5.782041512248E-13));
#3614 = LINE('',#3615,#3616);
#3615 = CARTESIAN_POINT('',(49.231719927253,13.83485517003,
    5.782041512248E-13));
#3616 = VECTOR('',#3617,1.);
#3617 = DIRECTION('',(-0.648641455408,0.761094121858,-7.943566821593E-17
    ));
#3618 = ORIENTED_EDGE('',*,*,#3619,.T.);
#3619 = EDGE_CURVE('',#3612,#3620,#3622,.T.);
#3620 = VERTEX_POINT('',#3621);
#3621 = CARTESIAN_POINT('',(47.709531683499,13.834855170033,
    5.782041512248E-13));
#3622 = CIRCLE('',#3623,0.999999999999);
#3623 = AXIS2_PLACEMENT_3D('',#3624,#3625,#3626);
#3624 = CARTESIAN_POINT('',(48.470625805355,13.186213714625,
    5.782041512248E-13));
#3625 = DIRECTION('',(-1.224646799147E-16,-1.232595164408E-32,1.));
#3626 = DIRECTION('',(-0.761094121857,0.648641455409,-9.320714801817E-17
    ));
#3627 = ORIENTED_EDGE('',*,*,#3628,.T.);
#3628 = EDGE_CURVE('',#3620,#3629,#3631,.T.);
#3629 = VERTEX_POINT('',#3630);
#3630 = CARTESIAN_POINT('',(44.713835897432,10.319806240174,
    5.782041512248E-13));
#3631 = LINE('',#3632,#3633);
#3632 = CARTESIAN_POINT('',(47.709531683499,13.834855170033,
    5.782041512248E-13));
#3633 = VECTOR('',#3634,1.);
#3634 = DIRECTION('',(-0.6486414554,-0.761094121864,-7.943566821504E-17)
  );
#3635 = ORIENTED_EDGE('',*,*,#3636,.T.);
#3636 = EDGE_CURVE('',#3629,#3637,#3639,.T.);
#3637 = VERTEX_POINT('',#3638);
#3638 = CARTESIAN_POINT('',(44.711511380074,9.025260781611,
    5.782041512248E-13));
#3639 = CIRCLE('',#3640,1.);
#3640 = AXIS2_PLACEMENT_3D('',#3641,#3642,#3643);
#3641 = CARTESIAN_POINT('',(45.474930019292,9.671164784769,
    5.782041512248E-13));
#3642 = DIRECTION('',(-1.224646799147E-16,0.,1.));
#3643 = DIRECTION('',(-0.763418639217,-0.645904003158,-9.34918192927E-17
    ));
#3644 = ORIENTED_EDGE('',*,*,#3645,.T.);
#3645 = EDGE_CURVE('',#3637,#3646,#3648,.T.);
#3646 = VERTEX_POINT('',#3647);
#3647 = CARTESIAN_POINT('',(46.931135746394,6.40180186972,
    5.782041512248E-13));
#3648 = LINE('',#3649,#3650);
#3649 = CARTESIAN_POINT('',(44.711511380074,9.025260781611,
    5.782041512248E-13));
#3650 = VECTOR('',#3651,1.);
#3651 = DIRECTION('',(0.645904003158,-0.763418639217,7.910042700237E-17)
  );
#3652 = ORIENTED_EDGE('',*,*,#3653,.T.);
#3653 = EDGE_CURVE('',#3646,#3576,#3654,.T.);
#3654 = CIRCLE('',#3655,1.);
#3655 = AXIS2_PLACEMENT_3D('',#3656,#3657,#3658);
#3656 = CARTESIAN_POINT('',(47.694554385612,7.047705872877,
    5.782041512248E-13));
#3657 = DIRECTION('',(-1.224646799147E-16,0.,1.));
#3658 = DIRECTION('',(0.,-1.,0.));
#3659 = FACE_BOUND('',#3660,.T.);
#3660 = EDGE_LOOP('',(#3661,#3672,#3680,#3689,#3697,#3706,#3714,#3723,
    #3731,#3740));
#3661 = ORIENTED_EDGE('',*,*,#3662,.T.);
#3662 = EDGE_CURVE('',#3663,#3665,#3667,.T.);
#3663 = VERTEX_POINT('',#3664);
#3664 = CARTESIAN_POINT('',(51.96305863406,5.613624236782,
    5.782041512248E-13));
#3665 = VERTEX_POINT('',#3666);
#3666 = CARTESIAN_POINT('',(51.965383151414,4.319078778212,
    5.782041512248E-13));
#3667 = CIRCLE('',#3668,1.000000000001);
#3668 = AXIS2_PLACEMENT_3D('',#3669,#3670,#3671);
#3669 = CARTESIAN_POINT('',(52.726477273273,4.96772023362,
    5.782041512248E-13));
#3670 = DIRECTION('',(-1.224646799147E-16,0.,1.));
#3671 = DIRECTION('',(-0.761094121859,-0.648641455407,-9.32071480184E-17
    ));
#3672 = ORIENTED_EDGE('',*,*,#3673,.T.);
#3673 = EDGE_CURVE('',#3665,#3674,#3676,.T.);
#3674 = VERTEX_POINT('',#3675);
#3675 = CARTESIAN_POINT('',(53.176872453552,2.897557876536,
    5.782041512248E-13));
#3676 = LINE('',#3677,#3678);
#3677 = CARTESIAN_POINT('',(51.965383151414,4.319078778212,
    5.782041512248E-13));
#3678 = VECTOR('',#3679,1.);
#3679 = DIRECTION('',(0.648641455406,-0.761094121859,7.943566821576E-17)
  );
#3680 = ORIENTED_EDGE('',*,*,#3681,.T.);
#3681 = EDGE_CURVE('',#3674,#3682,#3684,.T.);
#3682 = VERTEX_POINT('',#3683);
#3683 = CARTESIAN_POINT('',(54.14827566019,2.568564385322,
    5.782041512248E-13));
#3684 = CIRCLE('',#3685,1.);
#3685 = AXIS2_PLACEMENT_3D('',#3686,#3687,#3688);
#3686 = CARTESIAN_POINT('',(53.937966575409,3.546199331945,
    5.782041512248E-13));
#3687 = DIRECTION('',(-1.224646799147E-16,0.,1.));
#3688 = DIRECTION('',(0.210309084781,-0.977634946623,2.575543475091E-17)
  );
#3689 = ORIENTED_EDGE('',*,*,#3690,.T.);
#3690 = EDGE_CURVE('',#3682,#3691,#3693,.T.);
#3691 = VERTEX_POINT('',#3692);
#3692 = CARTESIAN_POINT('',(55.888447875142,2.942910686214,
    5.782041512248E-13));
#3693 = LINE('',#3694,#3695);
#3694 = CARTESIAN_POINT('',(54.14827566019,2.568564385322,
    5.782041512248E-13));
#3695 = VECTOR('',#3696,1.);
#3696 = DIRECTION('',(0.977634946623,0.210309084783,1.197257508116E-16)
  );
#3697 = ORIENTED_EDGE('',*,*,#3698,.T.);
#3698 = EDGE_CURVE('',#3691,#3699,#3701,.T.);
#3699 = VERTEX_POINT('',#3700);
#3700 = CARTESIAN_POINT('',(56.67813879036,3.920545632837,
    5.782041512248E-13));
#3701 = CIRCLE('',#3702,1.);
#3702 = AXIS2_PLACEMENT_3D('',#3703,#3704,#3705);
#3703 = CARTESIAN_POINT('',(55.67813879036,3.920545632837,
    5.782041512248E-13));
#3704 = DIRECTION('',(-1.224646799147E-16,0.,1.));
#3705 = DIRECTION('',(1.,0.,1.224646799147E-16));
#3706 = ORIENTED_EDGE('',*,*,#3707,.T.);
#3707 = EDGE_CURVE('',#3699,#3708,#3710,.T.);
#3708 = VERTEX_POINT('',#3709);
#3709 = CARTESIAN_POINT('',(56.67813879036,4.729159790085,
    5.782041512248E-13));
#3710 = LINE('',#3711,#3712);
#3711 = CARTESIAN_POINT('',(56.67813879036,3.920545632837,
    5.782041512248E-13));
#3712 = VECTOR('',#3713,1.);
#3713 = DIRECTION('',(0.,1.,0.));
#3714 = ORIENTED_EDGE('',*,*,#3715,.T.);
#3715 = EDGE_CURVE('',#3708,#3716,#3718,.T.);
#3716 = VERTEX_POINT('',#3717);
#3717 = CARTESIAN_POINT('',(56.439232912219,5.377801245492,
    5.782041512248E-13));
#3718 = CIRCLE('',#3719,1.);
#3719 = AXIS2_PLACEMENT_3D('',#3720,#3721,#3722);
#3720 = CARTESIAN_POINT('',(55.67813879036,4.729159790085,
    5.782041512248E-13));
#3721 = DIRECTION('',(-1.224646799147E-16,0.,1.));
#3722 = DIRECTION('',(0.761094121859,0.648641455407,9.320714801842E-17)
  );
#3723 = ORIENTED_EDGE('',*,*,#3724,.T.);
#3724 = EDGE_CURVE('',#3716,#3725,#3727,.T.);
#3725 = VERTEX_POINT('',#3726);
#3726 = CARTESIAN_POINT('',(54.856744635956,7.23463989638,
    5.782041512248E-13));
#3727 = LINE('',#3728,#3729);
#3728 = CARTESIAN_POINT('',(54.856744635958,7.234639896382,
    5.782041512248E-13));
#3729 = VECTOR('',#3730,1.);
#3730 = DIRECTION('',(-0.648641455408,0.761094121858,-7.943566821595E-17
    ));
#3731 = ORIENTED_EDGE('',*,*,#3732,.T.);
#3732 = EDGE_CURVE('',#3725,#3733,#3735,.T.);
#3733 = VERTEX_POINT('',#3734);
#3734 = CARTESIAN_POINT('',(53.33223187489,7.231902444138,
    5.782041512248E-13));
#3735 = CIRCLE('',#3736,0.999999999997);
#3736 = AXIS2_PLACEMENT_3D('',#3737,#3738,#3739);
#3737 = CARTESIAN_POINT('',(54.095650514099,6.585998440975,
    5.782041512248E-13));
#3738 = DIRECTION('',(-1.224646799147E-16,-1.232595164408E-32,1.));
#3739 = DIRECTION('',(-0.763418639212,0.645904003164,-9.349181929202E-17
    ));
#3740 = ORIENTED_EDGE('',*,*,#3741,.T.);
#3741 = EDGE_CURVE('',#3733,#3663,#3742,.T.);
#3742 = LINE('',#3743,#3744);
#3743 = CARTESIAN_POINT('',(53.33223187489,7.231902444138,
    5.782041512248E-13));
#3744 = VECTOR('',#3745,1.);
#3745 = DIRECTION('',(-0.645904003163,-0.763418639213,
    -7.910042700295E-17));
#3746 = FACE_BOUND('',#3747,.T.);
#3747 = EDGE_LOOP('',(#3748,#3759,#3767,#3776,#3784,#3793,#3801,#3810,
    #3818,#3827,#3835,#3844));
#3748 = ORIENTED_EDGE('',*,*,#3749,.T.);
#3749 = EDGE_CURVE('',#3750,#3752,#3754,.T.);
#3750 = VERTEX_POINT('',#3751);
#3751 = CARTESIAN_POINT('',(58.809065949435,183.34396609372,
    5.782041512248E-13));
#3752 = VERTEX_POINT('',#3753);
#3753 = CARTESIAN_POINT('',(58.567741303724,183.9954349777,
    5.782041512248E-13));
#3754 = CIRCLE('',#3755,1.);
#3755 = AXIS2_PLACEMENT_3D('',#3756,#3757,#3758);
#3756 = CARTESIAN_POINT('',(57.809065949435,183.34396609372,
    5.782041512248E-13));
#3757 = DIRECTION('',(-1.224646799147E-16,0.,1.));
#3758 = DIRECTION('',(0.758675354289,0.65146888398,9.291093442222E-17));
#3759 = ORIENTED_EDGE('',*,*,#3760,.T.);
#3760 = EDGE_CURVE('',#3752,#3761,#3763,.T.);
#3761 = VERTEX_POINT('',#3762);
#3762 = CARTESIAN_POINT('',(56.211950450551,186.73889748851,
    5.782041512248E-13));
#3763 = LINE('',#3764,#3765);
#3764 = CARTESIAN_POINT('',(58.567741303724,183.9954349777,
    5.782041512248E-13));
#3765 = VECTOR('',#3766,1.);
#3766 = DIRECTION('',(-0.65146888398,0.758675354289,-7.978192835106E-17)
  );
#3767 = ORIENTED_EDGE('',*,*,#3768,.T.);
#3768 = EDGE_CURVE('',#3761,#3769,#3771,.T.);
#3769 = VERTEX_POINT('',#3770);
#3770 = CARTESIAN_POINT('',(55.97062580484,187.39036637249,
    5.782041512248E-13));
#3771 = CIRCLE('',#3772,1.);
#3772 = AXIS2_PLACEMENT_3D('',#3773,#3774,#3775);
#3773 = CARTESIAN_POINT('',(56.97062580484,187.39036637249,
    5.782041512248E-13));
#3774 = DIRECTION('',(1.224646799147E-16,0.,-1.));
#3775 = DIRECTION('',(-0.758675354289,-0.65146888398,-9.29109344222E-17)
  );
#3776 = ORIENTED_EDGE('',*,*,#3777,.T.);
#3777 = EDGE_CURVE('',#3769,#3778,#3780,.T.);
#3778 = VERTEX_POINT('',#3779);
#3779 = CARTESIAN_POINT('',(55.97062580484,194.78760622301,
    5.782041512248E-13));
#3780 = LINE('',#3781,#3782);
#3781 = CARTESIAN_POINT('',(55.97062580484,187.39036637249,
    5.782041512248E-13));
#3782 = VECTOR('',#3783,1.);
#3783 = DIRECTION('',(0.,1.,0.));
#3784 = ORIENTED_EDGE('',*,*,#3785,.T.);
#3785 = EDGE_CURVE('',#3778,#3786,#3788,.T.);
#3786 = VERTEX_POINT('',#3787);
#3787 = CARTESIAN_POINT('',(54.211950450551,195.43907510699,
    5.782041512248E-13));
#3788 = CIRCLE('',#3789,1.);
#3789 = AXIS2_PLACEMENT_3D('',#3790,#3791,#3792);
#3790 = CARTESIAN_POINT('',(54.97062580484,194.78760622301,
    5.782041512248E-13));
#3791 = DIRECTION('',(-1.224646799147E-16,-1.232595164408E-32,1.));
#3792 = DIRECTION('',(-0.75867535429,0.65146888398,-9.291093442226E-17)
  );
#3793 = ORIENTED_EDGE('',*,*,#3794,.T.);
#3794 = EDGE_CURVE('',#3786,#3795,#3797,.T.);
#3795 = VERTEX_POINT('',#3796);
#3796 = CARTESIAN_POINT('',(50.711950450551,191.36311107354,
    5.782041512248E-13));
#3797 = LINE('',#3798,#3799);
#3798 = CARTESIAN_POINT('',(54.211950450551,195.43907510699,
    5.782041512248E-13));
#3799 = VECTOR('',#3800,1.);
#3800 = DIRECTION('',(-0.65146888398,-0.75867535429,-7.978192835097E-17)
  );
#3801 = ORIENTED_EDGE('',*,*,#3802,.T.);
#3802 = EDGE_CURVE('',#3795,#3803,#3805,.T.);
#3803 = VERTEX_POINT('',#3804);
#3804 = CARTESIAN_POINT('',(50.47062580484,190.71164218956,
    5.782041512248E-13));
#3805 = CIRCLE('',#3806,1.);
#3806 = AXIS2_PLACEMENT_3D('',#3807,#3808,#3809);
#3807 = CARTESIAN_POINT('',(51.47062580484,190.71164218956,
    5.782041512248E-13));
#3808 = DIRECTION('',(-1.224646799147E-16,0.,1.));
#3809 = DIRECTION('',(-1.,3.37507799486E-13,-1.224646799147E-16));
#3810 = ORIENTED_EDGE('',*,*,#3811,.T.);
#3811 = EDGE_CURVE('',#3803,#3812,#3814,.T.);
#3812 = VERTEX_POINT('',#3813);
#3813 = CARTESIAN_POINT('',(50.47062580484,181.7208385258,
    5.782041512248E-13));
#3814 = LINE('',#3815,#3816);
#3815 = CARTESIAN_POINT('',(50.47062580484,190.71164218956,
    5.782041512248E-13));
#3816 = VECTOR('',#3817,1.);
#3817 = DIRECTION('',(2.685783350262E-15,-1.,3.289135983101E-31));
#3818 = ORIENTED_EDGE('',*,*,#3819,.T.);
#3819 = EDGE_CURVE('',#3812,#3820,#3822,.T.);
#3820 = VERTEX_POINT('',#3821);
#3821 = CARTESIAN_POINT('',(50.711950450551,181.06936964182,
    5.782041512248E-13));
#3822 = CIRCLE('',#3823,1.);
#3823 = AXIS2_PLACEMENT_3D('',#3824,#3825,#3826);
#3824 = CARTESIAN_POINT('',(51.47062580484,181.7208385258,
    5.782041512248E-13));
#3825 = DIRECTION('',(-1.224646799147E-16,0.,1.));
#3826 = DIRECTION('',(-0.758675354289,-0.65146888398,-9.291093442222E-17
    ));
#3827 = ORIENTED_EDGE('',*,*,#3828,.T.);
#3828 = EDGE_CURVE('',#3820,#3829,#3831,.T.);
#3829 = VERTEX_POINT('',#3830);
#3830 = CARTESIAN_POINT('',(57.050390595146,173.68786848253,
    5.782041512248E-13));
#3831 = LINE('',#3832,#3833);
#3832 = CARTESIAN_POINT('',(50.711950450551,181.06936964182,
    5.782041512248E-13));
#3833 = VECTOR('',#3834,1.);
#3834 = DIRECTION('',(0.65146888398,-0.758675354289,7.978192835102E-17)
  );
#3835 = ORIENTED_EDGE('',*,*,#3836,.T.);
#3836 = EDGE_CURVE('',#3829,#3837,#3839,.T.);
#3837 = VERTEX_POINT('',#3838);
#3838 = CARTESIAN_POINT('',(58.809065949435,174.33933736651,
    5.782041512248E-13));
#3839 = CIRCLE('',#3840,1.);
#3840 = AXIS2_PLACEMENT_3D('',#3841,#3842,#3843);
#3841 = CARTESIAN_POINT('',(57.809065949435,174.33933736651,
    5.782041512248E-13));
#3842 = DIRECTION('',(-1.224646799147E-16,0.,1.));
#3843 = DIRECTION('',(1.,0.,1.224646799147E-16));
#3844 = ORIENTED_EDGE('',*,*,#3845,.T.);
#3845 = EDGE_CURVE('',#3837,#3750,#3846,.T.);
#3846 = LINE('',#3847,#3848);
#3847 = CARTESIAN_POINT('',(58.809065949435,183.34396609372,
    5.782041512248E-13));
#3848 = VECTOR('',#3849,1.);
#3849 = DIRECTION('',(0.,1.,0.));
#3850 = FACE_BOUND('',#3851,.T.);
#3851 = EDGE_LOOP('',(#3852,#3862,#3871,#3879,#3888,#3896,#3905,#3913));
#3852 = ORIENTED_EDGE('',*,*,#3853,.T.);
#3853 = EDGE_CURVE('',#3854,#3856,#3858,.T.);
#3854 = VERTEX_POINT('',#3855);
#3855 = CARTESIAN_POINT('',(58.350625804746,206.63165528519,
    5.782041512248E-13));
#3856 = VERTEX_POINT('',#3857);
#3857 = CARTESIAN_POINT('',(58.35062580475,203.7316721758,
    5.782041512248E-13));
#3858 = LINE('',#3859,#3860);
#3859 = CARTESIAN_POINT('',(58.35062580475,203.7316721758,
    5.782041512248E-13));
#3860 = VECTOR('',#3861,1.);
#3861 = DIRECTION('',(1.25494216257E-12,-1.,1.536860902507E-28));
#3862 = ORIENTED_EDGE('',*,*,#3863,.T.);
#3863 = EDGE_CURVE('',#3856,#3864,#3866,.T.);
#3864 = VERTEX_POINT('',#3865);
#3865 = CARTESIAN_POINT('',(58.350625767999,202.1316721758,
    5.782041512248E-13));
#3866 = CIRCLE('',#3867,0.8);
#3867 = AXIS2_PLACEMENT_3D('',#3868,#3869,#3870);
#3868 = CARTESIAN_POINT('',(58.350625767999,202.9316721758,
    5.782041512248E-13));
#3869 = DIRECTION('',(-1.224646799147E-16,0.,1.));
#3870 = DIRECTION('',(4.163336342346E-15,-1.,5.098616525428E-31));
#3871 = ORIENTED_EDGE('',*,*,#3872,.T.);
#3872 = EDGE_CURVE('',#3864,#3873,#3875,.T.);
#3873 = VERTEX_POINT('',#3874);
#3874 = CARTESIAN_POINT('',(61.470625804749,202.1316721758,
    5.782041512248E-13));
#3875 = LINE('',#3876,#3877);
#3876 = CARTESIAN_POINT('',(61.470625804749,202.1316721758,
    5.782041512248E-13));
#3877 = VECTOR('',#3878,1.);
#3878 = DIRECTION('',(1.,0.,1.224646799147E-16));
#3879 = ORIENTED_EDGE('',*,*,#3880,.T.);
#3880 = EDGE_CURVE('',#3873,#3881,#3883,.T.);
#3881 = VERTEX_POINT('',#3882);
#3882 = CARTESIAN_POINT('',(61.470625804749,203.7316721758,
    5.782041512248E-13));
#3883 = CIRCLE('',#3884,0.8);
#3884 = AXIS2_PLACEMENT_3D('',#3885,#3886,#3887);
#3885 = CARTESIAN_POINT('',(61.470625804749,202.9316721758,
    5.782041512248E-13));
#3886 = DIRECTION('',(-1.224646799147E-16,0.,1.));
#3887 = DIRECTION('',(1.665334536939E-14,1.,2.039446610171E-30));
#3888 = ORIENTED_EDGE('',*,*,#3889,.T.);
#3889 = EDGE_CURVE('',#3881,#3890,#3892,.T.);
#3890 = VERTEX_POINT('',#3891);
#3891 = CARTESIAN_POINT('',(61.470625804749,206.63165528519,
    5.782041512248E-13));
#3892 = LINE('',#3893,#3894);
#3893 = CARTESIAN_POINT('',(61.470625804749,206.63165528519,
    5.782041512248E-13));
#3894 = VECTOR('',#3895,1.);
#3895 = DIRECTION('',(0.,1.,0.));
#3896 = ORIENTED_EDGE('',*,*,#3897,.T.);
#3897 = EDGE_CURVE('',#3890,#3898,#3900,.T.);
#3898 = VERTEX_POINT('',#3899);
#3899 = CARTESIAN_POINT('',(61.470625804749,208.23165528519,
    5.782041512248E-13));
#3900 = CIRCLE('',#3901,0.8);
#3901 = AXIS2_PLACEMENT_3D('',#3902,#3903,#3904);
#3902 = CARTESIAN_POINT('',(61.470625804749,207.43165528519,
    5.782041512248E-13));
#3903 = DIRECTION('',(-1.224646799147E-16,0.,1.));
#3904 = DIRECTION('',(-1.110223024626E-14,1.,-1.359631073448E-30));
#3905 = ORIENTED_EDGE('',*,*,#3906,.T.);
#3906 = EDGE_CURVE('',#3898,#3907,#3909,.T.);
#3907 = VERTEX_POINT('',#3908);
#3908 = CARTESIAN_POINT('',(58.350625767015,208.23165528519,
    5.782041512248E-13));
#3909 = LINE('',#3910,#3911);
#3910 = CARTESIAN_POINT('',(58.350625767999,208.23165528519,
    5.782041512248E-13));
#3911 = VECTOR('',#3912,1.);
#3912 = DIRECTION('',(-1.,0.,-1.224646799147E-16));
#3913 = ORIENTED_EDGE('',*,*,#3914,.T.);
#3914 = EDGE_CURVE('',#3907,#3854,#3915,.T.);
#3915 = CIRCLE('',#3916,0.8);
#3916 = AXIS2_PLACEMENT_3D('',#3917,#3918,#3919);
#3917 = CARTESIAN_POINT('',(58.350625767999,207.43165528519,
    5.782041512248E-13));
#3918 = DIRECTION('',(-1.224646799147E-16,0.,1.));
#3919 = DIRECTION('',(4.593401908839E-08,-1.,5.625294944857E-24));
#3920 = FACE_BOUND('',#3921,.T.);
#3921 = EDGE_LOOP('',(#3922,#3933,#3941,#3950,#3958,#3967,#3975,#3984));
#3922 = ORIENTED_EDGE('',*,*,#3923,.T.);
#3923 = EDGE_CURVE('',#3924,#3926,#3928,.T.);
#3924 = VERTEX_POINT('',#3925);
#3925 = CARTESIAN_POINT('',(61.470625823201,188.5475215855,
    5.782041512248E-13));
#3926 = VERTEX_POINT('',#3927);
#3927 = CARTESIAN_POINT('',(61.470625823201,190.1475215855,
    5.782041512248E-13));
#3928 = CIRCLE('',#3929,0.8);
#3929 = AXIS2_PLACEMENT_3D('',#3930,#3931,#3932);
#3930 = CARTESIAN_POINT('',(61.470625823201,189.3475215855,
    5.782041512248E-13));
#3931 = DIRECTION('',(-1.224646799147E-16,0.,1.));
#3932 = DIRECTION('',(-2.775557561564E-15,1.,-3.399077683619E-31));
#3933 = ORIENTED_EDGE('',*,*,#3934,.T.);
#3934 = EDGE_CURVE('',#3926,#3935,#3937,.T.);
#3935 = VERTEX_POINT('',#3936);
#3936 = CARTESIAN_POINT('',(61.470625823201,193.0475046949,
    5.782041512248E-13));
#3937 = LINE('',#3938,#3939);
#3938 = CARTESIAN_POINT('',(61.470625823201,193.0475046949,
    5.782041512248E-13));
#3939 = VECTOR('',#3940,1.);
#3940 = DIRECTION('',(0.,1.,0.));
#3941 = ORIENTED_EDGE('',*,*,#3942,.T.);
#3942 = EDGE_CURVE('',#3935,#3943,#3945,.T.);
#3943 = VERTEX_POINT('',#3944);
#3944 = CARTESIAN_POINT('',(61.470625823201,194.64750469489,
    5.782041512248E-13));
#3945 = CIRCLE('',#3946,0.8);
#3946 = AXIS2_PLACEMENT_3D('',#3947,#3948,#3949);
#3947 = CARTESIAN_POINT('',(61.470625823201,193.84750469489,
    5.782041512248E-13));
#3948 = DIRECTION('',(-1.224646799147E-16,0.,1.));
#3949 = DIRECTION('',(1.665334536939E-14,1.,2.039446610171E-30));
#3950 = ORIENTED_EDGE('',*,*,#3951,.T.);
#3951 = EDGE_CURVE('',#3943,#3952,#3954,.T.);
#3952 = VERTEX_POINT('',#3953);
#3953 = CARTESIAN_POINT('',(58.350625786451,194.64750469489,
    5.782041512248E-13));
#3954 = LINE('',#3955,#3956);
#3955 = CARTESIAN_POINT('',(58.350625786451,194.64750469489,
    5.782041512248E-13));
#3956 = VECTOR('',#3957,1.);
#3957 = DIRECTION('',(-1.,-5.693451341272E-15,-1.224646799147E-16));
#3958 = ORIENTED_EDGE('',*,*,#3959,.T.);
#3959 = EDGE_CURVE('',#3952,#3960,#3962,.T.);
#3960 = VERTEX_POINT('',#3961);
#3961 = CARTESIAN_POINT('',(58.350625823198,193.0475046949,
    5.782041512248E-13));
#3962 = CIRCLE('',#3963,0.8);
#3963 = AXIS2_PLACEMENT_3D('',#3964,#3965,#3966);
#3964 = CARTESIAN_POINT('',(58.350625786451,193.84750469489,
    5.782041512248E-13));
#3965 = DIRECTION('',(-1.224646799147E-16,0.,1.));
#3966 = DIRECTION('',(4.593404684397E-08,-1.,5.625298343935E-24));
#3967 = ORIENTED_EDGE('',*,*,#3968,.T.);
#3968 = EDGE_CURVE('',#3960,#3969,#3971,.T.);
#3969 = VERTEX_POINT('',#3970);
#3970 = CARTESIAN_POINT('',(58.350625823202,190.1475215855,
    5.782041512248E-13));
#3971 = LINE('',#3972,#3973);
#3972 = CARTESIAN_POINT('',(58.350625823202,190.1475215855,
    5.782041512248E-13));
#3973 = VECTOR('',#3974,1.);
#3974 = DIRECTION('',(1.254559324815E-12,-1.,1.536392061475E-28));
#3975 = ORIENTED_EDGE('',*,*,#3976,.T.);
#3976 = EDGE_CURVE('',#3969,#3977,#3979,.T.);
#3977 = VERTEX_POINT('',#3978);
#3978 = CARTESIAN_POINT('',(58.350625786451,188.5475215855,
    5.782041512248E-13));
#3979 = CIRCLE('',#3980,0.8);
#3980 = AXIS2_PLACEMENT_3D('',#3981,#3982,#3983);
#3981 = CARTESIAN_POINT('',(58.350625786451,189.3475215855,
    5.782041512248E-13));
#3982 = DIRECTION('',(-1.224646799147E-16,0.,1.));
#3983 = DIRECTION('',(-4.163336342346E-15,-1.,-5.098616525428E-31));
#3984 = ORIENTED_EDGE('',*,*,#3985,.T.);
#3985 = EDGE_CURVE('',#3977,#3924,#3986,.T.);
#3986 = LINE('',#3987,#3988);
#3987 = CARTESIAN_POINT('',(61.470625823201,188.5475215855,
    5.782041512248E-13));
#3988 = VECTOR('',#3989,1.);
#3989 = DIRECTION('',(1.,0.,1.224646799147E-16));
#3990 = FACE_BOUND('',#3991,.T.);
#3991 = EDGE_LOOP('',(#3992));
#3992 = ORIENTED_EDGE('',*,*,#3993,.T.);
#3993 = EDGE_CURVE('',#3994,#3994,#3996,.T.);
#3994 = VERTEX_POINT('',#3995);
#3995 = CARTESIAN_POINT('',(9.863807720945,79.238868932328,
    5.782041512248E-13));
#3996 = CIRCLE('',#3997,2.15);
#3997 = AXIS2_PLACEMENT_3D('',#3998,#3999,#4000);
#3998 = CARTESIAN_POINT('',(7.713807720945,79.238868932328,
    5.782041512248E-13));
#3999 = DIRECTION('',(-1.224646799147E-16,0.,1.));
#4000 = DIRECTION('',(-1.,0.,-1.224646799147E-16));
#4001 = FACE_BOUND('',#4002,.T.);
#4002 = EDGE_LOOP('',(#4003));
#4003 = ORIENTED_EDGE('',*,*,#4004,.T.);
#4004 = EDGE_CURVE('',#4005,#4005,#4007,.T.);
#4005 = VERTEX_POINT('',#4006);
#4006 = CARTESIAN_POINT('',(24.107263464613,90.738901040253,
    5.782041512248E-13));
#4007 = CIRCLE('',#4008,1.5);
#4008 = AXIS2_PLACEMENT_3D('',#4009,#4010,#4011);
#4009 = CARTESIAN_POINT('',(22.607263464613,90.738901040253,
    5.782041512248E-13));
#4010 = DIRECTION('',(-1.224646799147E-16,0.,1.));
#4011 = DIRECTION('',(-1.,0.,-1.224646799147E-16));
#4012 = FACE_BOUND('',#4013,.T.);
#4013 = EDGE_LOOP('',(#4014));
#4014 = ORIENTED_EDGE('',*,*,#4015,.T.);
#4015 = EDGE_CURVE('',#4016,#4016,#4018,.T.);
#4016 = VERTEX_POINT('',#4017);
#4017 = CARTESIAN_POINT('',(39.00071920828,102.23893314817,
    5.782041512248E-13));
#4018 = CIRCLE('',#4019,1.5);
#4019 = AXIS2_PLACEMENT_3D('',#4020,#4021,#4022);
#4020 = CARTESIAN_POINT('',(37.50071920828,102.23893314817,
    5.782041512248E-13));
#4021 = DIRECTION('',(-1.224646799147E-16,0.,1.));
#4022 = DIRECTION('',(-1.,0.,-1.224646799147E-16));
#4023 = FACE_BOUND('',#4024,.T.);
#4024 = EDGE_LOOP('',(#4025));
#4025 = ORIENTED_EDGE('',*,*,#4026,.T.);
#4026 = EDGE_CURVE('',#4027,#4027,#4029,.T.);
#4027 = VERTEX_POINT('',#4028);
#4028 = CARTESIAN_POINT('',(9.863807720945,142.17989815417,
    5.782041512248E-13));
#4029 = CIRCLE('',#4030,2.15);
#4030 = AXIS2_PLACEMENT_3D('',#4031,#4032,#4033);
#4031 = CARTESIAN_POINT('',(7.713807720945,142.17989815417,
    5.782041512248E-13));
#4032 = DIRECTION('',(-1.224646799147E-16,0.,1.));
#4033 = DIRECTION('',(-1.,0.,-1.224646799147E-16));
#4034 = FACE_BOUND('',#4035,.T.);
#4035 = EDGE_LOOP('',(#4036));
#4036 = ORIENTED_EDGE('',*,*,#4037,.T.);
#4037 = EDGE_CURVE('',#4038,#4038,#4040,.T.);
#4038 = VERTEX_POINT('',#4039);
#4039 = CARTESIAN_POINT('',(24.107263464613,130.67986604624,
    5.782041512248E-13));
#4040 = CIRCLE('',#4041,1.5);
#4041 = AXIS2_PLACEMENT_3D('',#4042,#4043,#4044);
#4042 = CARTESIAN_POINT('',(22.607263464613,130.67986604624,
    5.782041512248E-13));
#4043 = DIRECTION('',(-1.224646799147E-16,0.,1.));
#4044 = DIRECTION('',(-1.,0.,-1.224646799147E-16));
#4045 = FACE_BOUND('',#4046,.T.);
#4046 = EDGE_LOOP('',(#4047));
#4047 = ORIENTED_EDGE('',*,*,#4048,.T.);
#4048 = EDGE_CURVE('',#4049,#4049,#4051,.T.);
#4049 = VERTEX_POINT('',#4050);
#4050 = CARTESIAN_POINT('',(39.00071920828,119.17983393832,
    5.782041512248E-13));
#4051 = CIRCLE('',#4052,1.5);
#4052 = AXIS2_PLACEMENT_3D('',#4053,#4054,#4055);
#4053 = CARTESIAN_POINT('',(37.50071920828,119.17983393832,
    5.782041512248E-13));
#4054 = DIRECTION('',(-1.224646799147E-16,0.,1.));
#4055 = DIRECTION('',(-1.,0.,-1.224646799147E-16));
#4056 = FACE_BOUND('',#4057,.T.);
#4057 = EDGE_LOOP('',(#4058));
#4058 = ORIENTED_EDGE('',*,*,#4059,.T.);
#4059 = EDGE_CURVE('',#4060,#4060,#4062,.T.);
#4060 = VERTEX_POINT('',#4061);
#4061 = CARTESIAN_POINT('',(35.55990918204,6.716983276509,
    5.782041512248E-13));
#4062 = CIRCLE('',#4063,1.5);
#4063 = AXIS2_PLACEMENT_3D('',#4064,#4065,#4066);
#4064 = CARTESIAN_POINT('',(34.05990918204,6.716983276509,
    5.782041512248E-13));
#4065 = DIRECTION('',(-1.224646799147E-16,0.,1.));
#4066 = DIRECTION('',(-1.,0.,-1.224646799147E-16));
#4067 = FACE_BOUND('',#4068,.T.);
#4068 = EDGE_LOOP('',(#4069));
#4069 = ORIENTED_EDGE('',*,*,#4070,.T.);
#4070 = EDGE_CURVE('',#4071,#4071,#4073,.T.);
#4071 = VERTEX_POINT('',#4072);
#4072 = CARTESIAN_POINT('',(26.244159300789,151.88568525518,
    5.782041512248E-13));
#4073 = CIRCLE('',#4074,1.5);
#4074 = AXIS2_PLACEMENT_3D('',#4075,#4076,#4077);
#4075 = CARTESIAN_POINT('',(24.744159300789,151.88568525518,
    5.782041512248E-13));
#4076 = DIRECTION('',(-1.224646799147E-16,0.,1.));
#4077 = DIRECTION('',(-1.,0.,-1.224646799147E-16));
#4078 = FACE_BOUND('',#4079,.T.);
#4079 = EDGE_LOOP('',(#4080,#4091,#4099,#4108,#4116,#4125,#4133,#4142,
    #4150,#4159,#4167,#4176));
#4080 = ORIENTED_EDGE('',*,*,#4081,.T.);
#4081 = EDGE_CURVE('',#4082,#4084,#4086,.T.);
#4082 = VERTEX_POINT('',#4083);
#4083 = CARTESIAN_POINT('',(42.729301160278,195.43907510699,
    5.782041512248E-13));
#4084 = VERTEX_POINT('',#4085);
#4085 = CARTESIAN_POINT('',(40.970625805988,194.78760622301,
    5.782041512248E-13));
#4086 = CIRCLE('',#4087,1.);
#4087 = AXIS2_PLACEMENT_3D('',#4088,#4089,#4090);
#4088 = CARTESIAN_POINT('',(41.970625805988,194.78760622301,
    5.782041512248E-13));
#4089 = DIRECTION('',(-1.224646799147E-16,0.,1.));
#4090 = DIRECTION('',(-1.,5.684341886081E-13,-1.224646799147E-16));
#4091 = ORIENTED_EDGE('',*,*,#4092,.T.);
#4092 = EDGE_CURVE('',#4084,#4093,#4095,.T.);
#4093 = VERTEX_POINT('',#4094);
#4094 = CARTESIAN_POINT('',(40.970625805984,187.3903663725,
    5.782041512248E-13));
#4095 = LINE('',#4096,#4097);
#4096 = CARTESIAN_POINT('',(40.970625805984,187.3903663725,
    5.782041512248E-13));
#4097 = VECTOR('',#4098,1.);
#4098 = DIRECTION('',(-4.918322138011E-13,-1.,-6.023207463491E-29));
#4099 = ORIENTED_EDGE('',*,*,#4100,.T.);
#4100 = EDGE_CURVE('',#4093,#4101,#4103,.T.);
#4101 = VERTEX_POINT('',#4102);
#4102 = CARTESIAN_POINT('',(40.729301160273,186.73889748852,
    5.782041512248E-13));
#4103 = CIRCLE('',#4104,1.);
#4104 = AXIS2_PLACEMENT_3D('',#4105,#4106,#4107);
#4105 = CARTESIAN_POINT('',(39.970625805984,187.3903663725,
    5.782041512248E-13));
#4106 = DIRECTION('',(1.224646799147E-16,0.,-1.));
#4107 = DIRECTION('',(1.,-5.595524044111E-13,1.224646799147E-16));
#4108 = ORIENTED_EDGE('',*,*,#4109,.T.);
#4109 = EDGE_CURVE('',#4101,#4110,#4112,.T.);
#4110 = VERTEX_POINT('',#4111);
#4111 = CARTESIAN_POINT('',(38.373510307097,183.9954349777,
    5.782041512248E-13));
#4112 = LINE('',#4113,#4114);
#4113 = CARTESIAN_POINT('',(38.373510307097,183.9954349777,
    5.782041512248E-13));
#4114 = VECTOR('',#4115,1.);
#4115 = DIRECTION('',(-0.651468883981,-0.758675354288,
    -7.978192835114E-17));
#4116 = ORIENTED_EDGE('',*,*,#4117,.T.);
#4117 = EDGE_CURVE('',#4110,#4118,#4120,.T.);
#4118 = VERTEX_POINT('',#4119);
#4119 = CARTESIAN_POINT('',(38.132185661386,183.34396609373,
    5.782041512248E-13));
#4120 = CIRCLE('',#4121,1.);
#4121 = AXIS2_PLACEMENT_3D('',#4122,#4123,#4124);
#4122 = CARTESIAN_POINT('',(39.132185661386,183.34396609372,
    5.782041512248E-13));
#4123 = DIRECTION('',(-1.224646799147E-16,0.,1.));
#4124 = DIRECTION('',(-1.,6.306066779871E-13,-1.224646799147E-16));
#4125 = ORIENTED_EDGE('',*,*,#4126,.T.);
#4126 = EDGE_CURVE('',#4118,#4127,#4129,.T.);
#4127 = VERTEX_POINT('',#4128);
#4128 = CARTESIAN_POINT('',(38.132185661375,174.33933736651,
    5.782041512248E-13));
#4129 = LINE('',#4130,#4131);
#4130 = CARTESIAN_POINT('',(38.132185661386,183.34396609373,
    5.782041512248E-13));
#4131 = VECTOR('',#4132,1.);
#4132 = DIRECTION('',(-1.212233519981E-12,-1.,-1.484557900064E-28));
#4133 = ORIENTED_EDGE('',*,*,#4134,.T.);
#4134 = EDGE_CURVE('',#4127,#4135,#4137,.T.);
#4135 = VERTEX_POINT('',#4136);
#4136 = CARTESIAN_POINT('',(39.890861015664,173.68786848253,
    5.782041512248E-13));
#4137 = CIRCLE('',#4138,1.);
#4138 = AXIS2_PLACEMENT_3D('',#4139,#4140,#4141);
#4139 = CARTESIAN_POINT('',(39.132185661375,174.33933736651,
    5.782041512248E-13));
#4140 = DIRECTION('',(-1.224646799147E-16,0.,1.));
#4141 = DIRECTION('',(0.758675354289,-0.65146888398,9.29109344222E-17));
#4142 = ORIENTED_EDGE('',*,*,#4143,.T.);
#4143 = EDGE_CURVE('',#4135,#4144,#4146,.T.);
#4144 = VERTEX_POINT('',#4145);
#4145 = CARTESIAN_POINT('',(46.229301160262,181.06936964182,
    5.782041512248E-13));
#4146 = LINE('',#4147,#4148);
#4147 = CARTESIAN_POINT('',(46.229301160262,181.06936964182,
    5.782041512248E-13));
#4148 = VECTOR('',#4149,1.);
#4149 = DIRECTION('',(0.65146888398,0.758675354289,7.978192835107E-17));
#4150 = ORIENTED_EDGE('',*,*,#4151,.T.);
#4151 = EDGE_CURVE('',#4144,#4152,#4154,.T.);
#4152 = VERTEX_POINT('',#4153);
#4153 = CARTESIAN_POINT('',(46.470625805973,181.7208385258,
    5.782041512248E-13));
#4154 = CIRCLE('',#4155,1.);
#4155 = AXIS2_PLACEMENT_3D('',#4156,#4157,#4158);
#4156 = CARTESIAN_POINT('',(45.470625805973,181.7208385258,
    5.782041512248E-13));
#4157 = DIRECTION('',(-1.224646799147E-16,0.,1.));
#4158 = DIRECTION('',(1.,-7.105427357601E-13,1.224646799147E-16));
#4159 = ORIENTED_EDGE('',*,*,#4160,.T.);
#4160 = EDGE_CURVE('',#4152,#4161,#4163,.T.);
#4161 = VERTEX_POINT('',#4162);
#4162 = CARTESIAN_POINT('',(46.470625805984,190.71164218956,
    5.782041512248E-13));
#4163 = LINE('',#4164,#4165);
#4164 = CARTESIAN_POINT('',(46.470625805984,190.71164218956,
    5.782041512248E-13));
#4165 = VECTOR('',#4166,1.);
#4166 = DIRECTION('',(1.216628986596E-12,1.,1.489940794184E-28));
#4167 = ORIENTED_EDGE('',*,*,#4168,.T.);
#4168 = EDGE_CURVE('',#4161,#4169,#4171,.T.);
#4169 = VERTEX_POINT('',#4170);
#4170 = CARTESIAN_POINT('',(46.229301160275,191.36311107354,
    5.782041512248E-13));
#4171 = CIRCLE('',#4172,1.000000000001);
#4172 = AXIS2_PLACEMENT_3D('',#4173,#4174,#4175);
#4173 = CARTESIAN_POINT('',(45.470625805984,190.71164218956,
    5.782041512248E-13));
#4174 = DIRECTION('',(-1.224646799147E-16,0.,1.));
#4175 = DIRECTION('',(0.75867535429,0.651468883979,9.291093442234E-17));
#4176 = ORIENTED_EDGE('',*,*,#4177,.T.);
#4177 = EDGE_CURVE('',#4169,#4082,#4178,.T.);
#4178 = LINE('',#4179,#4180);
#4179 = CARTESIAN_POINT('',(42.729301160277,195.43907510699,
    5.782041512248E-13));
#4180 = VECTOR('',#4181,1.);
#4181 = DIRECTION('',(-0.651468883979,0.75867535429,-7.978192835092E-17)
  );
#4182 = FACE_BOUND('',#4183,.T.);
#4183 = EDGE_LOOP('',(#4184,#4195,#4203,#4212,#4220,#4229,#4237,#4246));
#4184 = ORIENTED_EDGE('',*,*,#4185,.T.);
#4185 = EDGE_CURVE('',#4186,#4188,#4190,.T.);
#4186 = VERTEX_POINT('',#4187);
#4187 = CARTESIAN_POINT('',(38.59062580608,206.63165528519,
    5.782041512248E-13));
#4188 = VERTEX_POINT('',#4189);
#4189 = CARTESIAN_POINT('',(38.590625842825,208.23165528519,
    5.782041512248E-13));
#4190 = CIRCLE('',#4191,0.8);
#4191 = AXIS2_PLACEMENT_3D('',#4192,#4193,#4194);
#4192 = CARTESIAN_POINT('',(38.590625842826,207.43165528519,
    5.782041512248E-13));
#4193 = DIRECTION('',(-1.224646799147E-16,0.,1.));
#4194 = DIRECTION('',(-4.593289498758E-08,-1.,-5.625157282211E-24));
#4195 = ORIENTED_EDGE('',*,*,#4196,.T.);
#4196 = EDGE_CURVE('',#4188,#4197,#4199,.T.);
#4197 = VERTEX_POINT('',#4198);
#4198 = CARTESIAN_POINT('',(35.470625806075,208.23165528519,
    5.782041512248E-13));
#4199 = LINE('',#4200,#4201);
#4200 = CARTESIAN_POINT('',(38.590625842825,208.23165528519,
    5.782041512248E-13));
#4201 = VECTOR('',#4202,1.);
#4202 = DIRECTION('',(-1.,-7.970831877781E-14,-1.224646799147E-16));
#4203 = ORIENTED_EDGE('',*,*,#4204,.T.);
#4204 = EDGE_CURVE('',#4197,#4205,#4207,.T.);
#4205 = VERTEX_POINT('',#4206);
#4206 = CARTESIAN_POINT('',(35.470625806077,206.63165528519,
    5.782041512248E-13));
#4207 = CIRCLE('',#4208,0.8);
#4208 = AXIS2_PLACEMENT_3D('',#4209,#4210,#4211);
#4209 = CARTESIAN_POINT('',(35.470625806076,207.43165528519,
    5.782041512248E-13));
#4210 = DIRECTION('',(-1.224646799147E-16,0.,1.));
#4211 = DIRECTION('',(-1.112998582187E-12,1.,-1.363030151131E-28));
#4212 = ORIENTED_EDGE('',*,*,#4213,.T.);
#4213 = EDGE_CURVE('',#4205,#4214,#4216,.T.);
#4214 = VERTEX_POINT('',#4215);
#4215 = CARTESIAN_POINT('',(35.470625806077,203.7316721758,
    5.782041512248E-13));
#4216 = LINE('',#4217,#4218);
#4217 = CARTESIAN_POINT('',(35.470625806077,206.63165528519,
    5.782041512248E-13));
#4218 = VECTOR('',#4219,1.);
#4219 = DIRECTION('',(9.953781643328E-15,-1.,1.218986682891E-30));
#4220 = ORIENTED_EDGE('',*,*,#4221,.T.);
#4221 = EDGE_CURVE('',#4214,#4222,#4224,.T.);
#4222 = VERTEX_POINT('',#4223);
#4223 = CARTESIAN_POINT('',(35.470625806077,202.1316721758,
    5.782041512248E-13));
#4224 = CIRCLE('',#4225,0.8);
#4225 = AXIS2_PLACEMENT_3D('',#4226,#4227,#4228);
#4226 = CARTESIAN_POINT('',(35.470625806077,202.9316721758,
    5.782041512248E-13));
#4227 = DIRECTION('',(-1.224646799147E-16,0.,1.));
#4228 = DIRECTION('',(0.,1.,0.));
#4229 = ORIENTED_EDGE('',*,*,#4230,.T.);
#4230 = EDGE_CURVE('',#4222,#4231,#4233,.T.);
#4231 = VERTEX_POINT('',#4232);
#4232 = CARTESIAN_POINT('',(38.590625842827,202.1316721758,
    5.782041512248E-13));
#4233 = LINE('',#4234,#4235);
#4234 = CARTESIAN_POINT('',(35.470625806077,202.1316721758,
    5.782041512248E-13));
#4235 = VECTOR('',#4236,1.);
#4236 = DIRECTION('',(1.,9.109522146035E-14,1.224646799147E-16));
#4237 = ORIENTED_EDGE('',*,*,#4238,.T.);
#4238 = EDGE_CURVE('',#4231,#4239,#4241,.T.);
#4239 = VERTEX_POINT('',#4240);
#4240 = CARTESIAN_POINT('',(38.59062580513,203.7316721758,
    5.782041512248E-13));
#4241 = CIRCLE('',#4242,0.8);
#4242 = AXIS2_PLACEMENT_3D('',#4243,#4244,#4245);
#4243 = CARTESIAN_POINT('',(38.590625842827,202.9316721758,
    5.782041512248E-13));
#4244 = DIRECTION('',(-1.224646799147E-16,0.,1.));
#4245 = DIRECTION('',(1.387778780782E-15,-1.,1.699538841809E-31));
#4246 = ORIENTED_EDGE('',*,*,#4247,.T.);
#4247 = EDGE_CURVE('',#4239,#4186,#4248,.T.);
#4248 = LINE('',#4249,#4250);
#4249 = CARTESIAN_POINT('',(38.590625806076,203.7316721758,
    5.782041512248E-13));
#4250 = VECTOR('',#4251,1.);
#4251 = DIRECTION('',(1.25494216257E-12,1.,1.536860902507E-28));
#4252 = FACE_BOUND('',#4253,.T.);
#4253 = EDGE_LOOP('',(#4254,#4265,#4273,#4282,#4290,#4299,#4307,#4316,
    #4324,#4333,#4341,#4350,#4358,#4367));
#4254 = ORIENTED_EDGE('',*,*,#4255,.T.);
#4255 = EDGE_CURVE('',#4256,#4258,#4260,.T.);
#4256 = VERTEX_POINT('',#4257);
#4257 = CARTESIAN_POINT('',(47.711950451117,197.80189467837,
    5.782041512248E-13));
#4258 = VERTEX_POINT('',#4259);
#4259 = CARTESIAN_POINT('',(49.229301159694,197.80189467837,
    5.782041512248E-13));
#4260 = CIRCLE('',#4261,0.999999999999);
#4261 = AXIS2_PLACEMENT_3D('',#4262,#4263,#4264);
#4262 = CARTESIAN_POINT('',(48.470625805406,198.45336356235,
    5.782041512248E-13));
#4263 = DIRECTION('',(-1.224646799147E-16,0.,1.));
#4264 = DIRECTION('',(0.758675354289,-0.65146888398,9.291093442223E-17)
  );
#4265 = ORIENTED_EDGE('',*,*,#4266,.T.);
#4266 = EDGE_CURVE('',#4258,#4267,#4269,.T.);
#4267 = VERTEX_POINT('',#4268);
#4268 = CARTESIAN_POINT('',(55.729301159129,205.37154216839,
    5.782041512248E-13));
#4269 = LINE('',#4270,#4271);
#4270 = CARTESIAN_POINT('',(49.229301159694,197.80189467837,
    5.782041512248E-13));
#4271 = VECTOR('',#4272,1.);
#4272 = DIRECTION('',(0.65146888398,0.758675354289,7.978192835107E-17));
#4273 = ORIENTED_EDGE('',*,*,#4274,.T.);
#4274 = EDGE_CURVE('',#4267,#4275,#4277,.T.);
#4275 = VERTEX_POINT('',#4276);
#4276 = CARTESIAN_POINT('',(55.97062580484,206.02301105237,
    5.782041512248E-13));
#4277 = CIRCLE('',#4278,1.);
#4278 = AXIS2_PLACEMENT_3D('',#4279,#4280,#4281);
#4279 = CARTESIAN_POINT('',(54.97062580484,206.02301105237,
    5.782041512248E-13));
#4280 = DIRECTION('',(-1.224646799147E-16,0.,1.));
#4281 = DIRECTION('',(1.,0.,1.224646799147E-16));
#4282 = ORIENTED_EDGE('',*,*,#4283,.T.);
#4283 = EDGE_CURVE('',#4275,#4284,#4286,.T.);
#4284 = VERTEX_POINT('',#4285);
#4285 = CARTESIAN_POINT('',(55.97062580484,209.13502756985,
    5.782041512248E-13));
#4286 = LINE('',#4287,#4288);
#4287 = CARTESIAN_POINT('',(55.97062580484,206.02301105237,
    5.782041512248E-13));
#4288 = VECTOR('',#4289,1.);
#4289 = DIRECTION('',(0.,1.,0.));
#4290 = ORIENTED_EDGE('',*,*,#4291,.T.);
#4291 = EDGE_CURVE('',#4284,#4292,#4294,.T.);
#4292 = VERTEX_POINT('',#4293);
#4293 = CARTESIAN_POINT('',(55.35912284136,210.05647754279,
    5.782041512248E-13));
#4294 = CIRCLE('',#4295,1.);
#4295 = AXIS2_PLACEMENT_3D('',#4296,#4297,#4298);
#4296 = CARTESIAN_POINT('',(54.97062580484,209.13502756985,
    5.782041512248E-13));
#4297 = DIRECTION('',(-1.224646799147E-16,6.162975822039E-33,1.));
#4298 = DIRECTION('',(0.38849703652,0.921449972932,4.75771652252E-17));
#4299 = ORIENTED_EDGE('',*,*,#4300,.T.);
#4300 = EDGE_CURVE('',#4292,#4301,#4303,.T.);
#4301 = VERTEX_POINT('',#4302);
#4302 = CARTESIAN_POINT('',(51.851039634369,211.53553768692,
    5.782041512248E-13));
#4303 = LINE('',#4304,#4305);
#4304 = CARTESIAN_POINT('',(55.35912284136,210.05647754279,
    5.782041512248E-13));
#4305 = VECTOR('',#4306,1.);
#4306 = DIRECTION('',(-0.921449972932,0.388497036519,-1.128450759925E-16
    ));
#4307 = ORIENTED_EDGE('',*,*,#4308,.T.);
#4308 = EDGE_CURVE('',#4301,#4309,#4311,.T.);
#4309 = VERTEX_POINT('',#4310);
#4310 = CARTESIAN_POINT('',(51.462542597851,211.61408771399,
    5.782041512248E-13));
#4311 = CIRCLE('',#4312,0.999999999998);
#4312 = AXIS2_PLACEMENT_3D('',#4313,#4314,#4315);
#4313 = CARTESIAN_POINT('',(51.462542597851,210.61408771399,
    5.782041512248E-13));
#4314 = DIRECTION('',(-1.224646799147E-16,0.,1.));
#4315 = DIRECTION('',(0.,1.,0.));
#4316 = ORIENTED_EDGE('',*,*,#4317,.T.);
#4317 = EDGE_CURVE('',#4309,#4318,#4320,.T.);
#4318 = VERTEX_POINT('',#4319);
#4319 = CARTESIAN_POINT('',(45.478709012986,211.614087714,
    5.782041512248E-13));
#4320 = LINE('',#4321,#4322);
#4321 = CARTESIAN_POINT('',(45.478709012986,211.614087714,
    5.782041512248E-13));
#4322 = VECTOR('',#4323,1.);
#4323 = DIRECTION('',(-1.,4.126344711546E-12,-1.224646799147E-16));
#4324 = ORIENTED_EDGE('',*,*,#4325,.T.);
#4325 = EDGE_CURVE('',#4318,#4326,#4328,.T.);
#4326 = VERTEX_POINT('',#4327);
#4327 = CARTESIAN_POINT('',(45.090211976469,211.53553768693,
    5.782041512248E-13));
#4328 = CIRCLE('',#4329,0.999999999998);
#4329 = AXIS2_PLACEMENT_3D('',#4330,#4331,#4332);
#4330 = CARTESIAN_POINT('',(45.478709012982,210.614087714,
    5.782041512248E-13));
#4331 = DIRECTION('',(-1.224646799147E-16,6.162975822039E-33,1.));
#4332 = DIRECTION('',(-0.388497036514,0.921449972934,-4.757716522455E-17
    ));
#4333 = ORIENTED_EDGE('',*,*,#4334,.T.);
#4334 = EDGE_CURVE('',#4326,#4335,#4337,.T.);
#4335 = VERTEX_POINT('',#4336);
#4336 = CARTESIAN_POINT('',(41.582128769466,210.05647754279,
    5.782041512248E-13));
#4337 = LINE('',#4338,#4339);
#4338 = CARTESIAN_POINT('',(41.582128769466,210.05647754279,
    5.782041512248E-13));
#4339 = VECTOR('',#4340,1.);
#4340 = DIRECTION('',(-0.921449972931,-0.388497036521,
    -1.128450759924E-16));
#4341 = ORIENTED_EDGE('',*,*,#4342,.T.);
#4342 = EDGE_CURVE('',#4335,#4343,#4345,.T.);
#4343 = VERTEX_POINT('',#4344);
#4344 = CARTESIAN_POINT('',(40.970625805986,209.13502756985,
    5.782041512248E-13));
#4345 = CIRCLE('',#4346,1.);
#4346 = AXIS2_PLACEMENT_3D('',#4347,#4348,#4349);
#4347 = CARTESIAN_POINT('',(41.970625805986,209.13502756985,
    5.782041512248E-13));
#4348 = DIRECTION('',(-1.224646799147E-16,0.,1.));
#4349 = DIRECTION('',(-1.,0.,-1.224646799147E-16));
#4350 = ORIENTED_EDGE('',*,*,#4351,.T.);
#4351 = EDGE_CURVE('',#4343,#4352,#4354,.T.);
#4352 = VERTEX_POINT('',#4353);
#4353 = CARTESIAN_POINT('',(40.970625805986,206.02301105237,
    5.782041512248E-13));
#4354 = LINE('',#4355,#4356);
#4355 = CARTESIAN_POINT('',(40.970625805986,206.02301105237,
    5.782041512248E-13));
#4356 = VECTOR('',#4357,1.);
#4357 = DIRECTION('',(0.,-1.,0.));
#4358 = ORIENTED_EDGE('',*,*,#4359,.T.);
#4359 = EDGE_CURVE('',#4352,#4360,#4362,.T.);
#4360 = VERTEX_POINT('',#4361);
#4361 = CARTESIAN_POINT('',(41.211950451697,205.37154216839,
    5.782041512248E-13));
#4362 = CIRCLE('',#4363,1.);
#4363 = AXIS2_PLACEMENT_3D('',#4364,#4365,#4366);
#4364 = CARTESIAN_POINT('',(41.970625805986,206.02301105237,
    5.782041512248E-13));
#4365 = DIRECTION('',(-1.224646799147E-16,0.,1.));
#4366 = DIRECTION('',(-0.758675354289,-0.65146888398,-9.291093442219E-17
    ));
#4367 = ORIENTED_EDGE('',*,*,#4368,.T.);
#4368 = EDGE_CURVE('',#4360,#4256,#4369,.T.);
#4369 = LINE('',#4370,#4371);
#4370 = CARTESIAN_POINT('',(47.711950451117,197.80189467837,
    5.782041512248E-13));
#4371 = VECTOR('',#4372,1.);
#4372 = DIRECTION('',(0.65146888398,-0.75867535429,7.978192835097E-17));
#4373 = FACE_BOUND('',#4374,.T.);
#4374 = EDGE_LOOP('',(#4375,#4386,#4394,#4403,#4411,#4420,#4428,#4437));
#4375 = ORIENTED_EDGE('',*,*,#4376,.T.);
#4376 = EDGE_CURVE('',#4377,#4379,#4381,.T.);
#4377 = VERTEX_POINT('',#4378);
#4378 = CARTESIAN_POINT('',(35.470625787627,190.1475215855,
    5.782041512248E-13));
#4379 = VERTEX_POINT('',#4380);
#4380 = CARTESIAN_POINT('',(35.470625787627,188.5475215855,
    5.782041512248E-13));
#4381 = CIRCLE('',#4382,0.8);
#4382 = AXIS2_PLACEMENT_3D('',#4383,#4384,#4385);
#4383 = CARTESIAN_POINT('',(35.470625787627,189.3475215855,
    5.782041512248E-13));
#4384 = DIRECTION('',(-1.224646799147E-16,0.,1.));
#4385 = DIRECTION('',(2.775557561564E-15,1.,3.399077683619E-31));
#4386 = ORIENTED_EDGE('',*,*,#4387,.T.);
#4387 = EDGE_CURVE('',#4379,#4388,#4390,.T.);
#4388 = VERTEX_POINT('',#4389);
#4389 = CARTESIAN_POINT('',(38.590625824377,188.5475215855,
    5.782041512248E-13));
#4390 = LINE('',#4391,#4392);
#4391 = CARTESIAN_POINT('',(35.470625787627,188.5475215855,
    5.782041512248E-13));
#4392 = VECTOR('',#4393,1.);
#4393 = DIRECTION('',(1.,9.394194713099E-14,1.224646799147E-16));
#4394 = ORIENTED_EDGE('',*,*,#4395,.T.);
#4395 = EDGE_CURVE('',#4388,#4396,#4398,.T.);
#4396 = VERTEX_POINT('',#4397);
#4397 = CARTESIAN_POINT('',(38.590625788614,190.1475215855,
    5.782041512248E-13));
#4398 = CIRCLE('',#4399,0.8);
#4399 = AXIS2_PLACEMENT_3D('',#4400,#4401,#4402);
#4400 = CARTESIAN_POINT('',(38.590625824377,189.3475215855,
    5.782041512248E-13));
#4401 = DIRECTION('',(-1.224646799147E-16,0.,1.));
#4402 = DIRECTION('',(-4.163336342346E-15,-1.,-5.098616525428E-31));
#4403 = ORIENTED_EDGE('',*,*,#4404,.T.);
#4404 = EDGE_CURVE('',#4396,#4405,#4407,.T.);
#4405 = VERTEX_POINT('',#4406);
#4406 = CARTESIAN_POINT('',(38.59062578763,193.04750469489,
    5.782041512248E-13));
#4407 = LINE('',#4408,#4409);
#4408 = CARTESIAN_POINT('',(38.590625787626,190.1475215855,
    5.782041512248E-13));
#4409 = VECTOR('',#4410,1.);
#4410 = DIRECTION('',(1.253410811548E-12,1.,1.534985538379E-28));
#4411 = ORIENTED_EDGE('',*,*,#4412,.T.);
#4412 = EDGE_CURVE('',#4405,#4413,#4415,.T.);
#4413 = VERTEX_POINT('',#4414);
#4414 = CARTESIAN_POINT('',(38.590625824377,194.64750469489,
    5.782041512248E-13));
#4415 = CIRCLE('',#4416,0.8);
#4416 = AXIS2_PLACEMENT_3D('',#4417,#4418,#4419);
#4417 = CARTESIAN_POINT('',(38.590625824377,193.84750469489,
    5.782041512248E-13));
#4418 = DIRECTION('',(-1.224646799147E-16,0.,1.));
#4419 = DIRECTION('',(-4.593401908839E-08,-1.,-5.625294944857E-24));
#4420 = ORIENTED_EDGE('',*,*,#4421,.T.);
#4421 = EDGE_CURVE('',#4413,#4422,#4424,.T.);
#4422 = VERTEX_POINT('',#4423);
#4423 = CARTESIAN_POINT('',(35.470625787627,194.64750469489,
    5.782041512248E-13));
#4424 = LINE('',#4425,#4426);
#4425 = CARTESIAN_POINT('',(38.590625824377,194.64750469489,
    5.782041512248E-13));
#4426 = VECTOR('',#4427,1.);
#4427 = DIRECTION('',(-1.,-9.109522146035E-14,-1.224646799147E-16));
#4428 = ORIENTED_EDGE('',*,*,#4429,.T.);
#4429 = EDGE_CURVE('',#4422,#4430,#4432,.T.);
#4430 = VERTEX_POINT('',#4431);
#4431 = CARTESIAN_POINT('',(35.470625787627,193.04750469489,
    5.782041512248E-13));
#4432 = CIRCLE('',#4433,0.8);
#4433 = AXIS2_PLACEMENT_3D('',#4434,#4435,#4436);
#4434 = CARTESIAN_POINT('',(35.470625787627,193.84750469489,
    5.782041512248E-13));
#4435 = DIRECTION('',(-1.224646799147E-16,0.,1.));
#4436 = DIRECTION('',(1.110223024626E-14,1.,1.359631073448E-30));
#4437 = ORIENTED_EDGE('',*,*,#4438,.T.);
#4438 = EDGE_CURVE('',#4430,#4377,#4439,.T.);
#4439 = LINE('',#4440,#4441);
#4440 = CARTESIAN_POINT('',(35.470625787627,193.04750469489,
    5.782041512248E-13));
#4441 = VECTOR('',#4442,1.);
#4442 = DIRECTION('',(6.125404088202E-15,-1.,7.501456510101E-31));
#4443 = FACE_BOUND('',#4444,.T.);
#4444 = EDGE_LOOP('',(#4445,#4456,#4464,#4473,#4481,#4490));
#4445 = ORIENTED_EDGE('',*,*,#4446,.T.);
#4446 = EDGE_CURVE('',#4447,#4449,#4451,.T.);
#4447 = VERTEX_POINT('',#4448);
#4448 = CARTESIAN_POINT('',(35.277776899649,154.55500875834,
    5.782041512248E-13));
#4449 = VERTEX_POINT('',#4450);
#4450 = CARTESIAN_POINT('',(34.996693701215,153.09183641033,
    5.782041512248E-13));
#4451 = CIRCLE('',#4452,1.5);
#4452 = AXIS2_PLACEMENT_3D('',#4453,#4454,#4455);
#4453 = CARTESIAN_POINT('',(36.41578993108,153.57780543237,
    5.782041512248E-13));
#4454 = DIRECTION('',(-1.224646799147E-16,0.,1.));
#4455 = DIRECTION('',(-0.946064153243,-0.323979348027,
    -1.158594437058E-16));
#4456 = ORIENTED_EDGE('',*,*,#4457,.T.);
#4457 = EDGE_CURVE('',#4449,#4458,#4460,.T.);
#4458 = VERTEX_POINT('',#4459);
#4459 = CARTESIAN_POINT('',(42.531607658464,134.80416975878,
    5.782041512248E-13));
#4460 = LINE('',#4461,#4462);
#4461 = CARTESIAN_POINT('',(34.996693701215,153.09183641033,
    5.782041512248E-13));
#4462 = VECTOR('',#4463,1.);
#4463 = DIRECTION('',(0.380952897398,-0.924594446211,4.665327464241E-17)
  );
#4464 = ORIENTED_EDGE('',*,*,#4465,.T.);
#4465 = EDGE_CURVE('',#4458,#4466,#4468,.T.);
#4466 = VERTEX_POINT('',#4467);
#4467 = CARTESIAN_POINT('',(45.41849932778,135.37559910488,
    5.782041512248E-13));
#4468 = CIRCLE('',#4469,1.5);
#4469 = AXIS2_PLACEMENT_3D('',#4470,#4471,#4472);
#4470 = CARTESIAN_POINT('',(43.91849932778,135.37559910488,
    5.782041512248E-13));
#4471 = DIRECTION('',(-1.224646799147E-16,0.,1.));
#4472 = DIRECTION('',(1.,0.,1.224646799147E-16));
#4473 = ORIENTED_EDGE('',*,*,#4474,.T.);
#4474 = EDGE_CURVE('',#4466,#4475,#4477,.T.);
#4475 = VERTEX_POINT('',#4476);
#4476 = CARTESIAN_POINT('',(45.418499327781,162.3151693336,
    5.782041512248E-13));
#4477 = LINE('',#4478,#4479);
#4478 = CARTESIAN_POINT('',(45.41849932778,162.3151693336,
    5.782041512248E-13));
#4479 = VECTOR('',#4480,1.);
#4480 = DIRECTION('',(0.,1.,0.));
#4481 = ORIENTED_EDGE('',*,*,#4482,.T.);
#4482 = EDGE_CURVE('',#4475,#4483,#4485,.T.);
#4483 = VERTEX_POINT('',#4484);
#4484 = CARTESIAN_POINT('',(42.780486296347,163.29237265957,
    5.782041512248E-13));
#4485 = CIRCLE('',#4486,1.5);
#4486 = AXIS2_PLACEMENT_3D('',#4487,#4488,#4489);
#4487 = CARTESIAN_POINT('',(43.91849932778,162.3151693336,
    5.782041512248E-13));
#4488 = DIRECTION('',(-1.224646799147E-16,0.,1.));
#4489 = DIRECTION('',(-0.758675354289,0.65146888398,-9.291093442221E-17)
  );
#4490 = ORIENTED_EDGE('',*,*,#4491,.T.);
#4491 = EDGE_CURVE('',#4483,#4447,#4492,.T.);
#4492 = LINE('',#4493,#4494);
#4493 = CARTESIAN_POINT('',(35.277776899652,154.55500875834,
    5.782041512248E-13));
#4494 = VECTOR('',#4495,1.);
#4495 = DIRECTION('',(-0.65146888398,-0.758675354289,-7.978192835103E-17
    ));
#4496 = FACE_BOUND('',#4497,.T.);
#4497 = EDGE_LOOP('',(#4498,#4508,#4517,#4525,#4534,#4542,#4551,#4559,
    #4568,#4576,#4585,#4593));
#4498 = ORIENTED_EDGE('',*,*,#4499,.T.);
#4499 = EDGE_CURVE('',#4500,#4502,#4504,.T.);
#4500 = VERTEX_POINT('',#4501);
#4501 = CARTESIAN_POINT('',(58.470625805411,13.523035905268,
    5.782041512248E-13));
#4502 = VERTEX_POINT('',#4503);
#4503 = CARTESIAN_POINT('',(58.470625805411,35.778502906807,
    5.782041512248E-13));
#4504 = LINE('',#4505,#4506);
#4505 = CARTESIAN_POINT('',(58.470625805411,35.778502906807,
    5.782041512248E-13));
#4506 = VECTOR('',#4507,1.);
#4507 = DIRECTION('',(-1.496562203635E-16,1.,-1.832760112407E-32));
#4508 = ORIENTED_EDGE('',*,*,#4509,.T.);
#4509 = EDGE_CURVE('',#4502,#4510,#4512,.T.);
#4510 = VERTEX_POINT('',#4511);
#4511 = CARTESIAN_POINT('',(58.161855630073,36.501137897308,
    5.782041512248E-13));
#4512 = CIRCLE('',#4513,1.);
#4513 = AXIS2_PLACEMENT_3D('',#4514,#4515,#4516);
#4514 = CARTESIAN_POINT('',(57.470625805411,35.778502906807,
    5.782041512248E-13));
#4515 = DIRECTION('',(-1.224646799147E-16,0.,1.));
#4516 = DIRECTION('',(0.691229824662,0.722634990502,8.465123922479E-17)
  );
#4517 = ORIENTED_EDGE('',*,*,#4518,.T.);
#4518 = EDGE_CURVE('',#4510,#4519,#4521,.T.);
#4519 = VERTEX_POINT('',#4520);
#4520 = CARTESIAN_POINT('',(55.779395980738,38.780057666377,
    5.782041512248E-13));
#4521 = LINE('',#4522,#4523);
#4522 = CARTESIAN_POINT('',(58.161855630074,36.501137897308,
    5.782041512248E-13));
#4523 = VECTOR('',#4524,1.);
#4524 = DIRECTION('',(-0.722634990502,0.691229824662,-8.849726280698E-17
    ));
#4525 = ORIENTED_EDGE('',*,*,#4526,.T.);
#4526 = EDGE_CURVE('',#4519,#4527,#4529,.T.);
#4527 = VERTEX_POINT('',#4528);
#4528 = CARTESIAN_POINT('',(55.4706258054,39.502692656878,
    5.782041512248E-13));
#4529 = CIRCLE('',#4530,1.);
#4530 = AXIS2_PLACEMENT_3D('',#4531,#4532,#4533);
#4531 = CARTESIAN_POINT('',(56.4706258054,39.502692656879,
    5.782041512248E-13));
#4532 = DIRECTION('',(1.224646799147E-16,0.,-1.));
#4533 = DIRECTION('',(-0.691229824662,-0.722634990502,
    -8.465123922479E-17));
#4534 = ORIENTED_EDGE('',*,*,#4535,.T.);
#4535 = EDGE_CURVE('',#4527,#4536,#4538,.T.);
#4536 = VERTEX_POINT('',#4537);
#4537 = CARTESIAN_POINT('',(55.4706258054,41.422712096719,
    5.782041512248E-13));
#4538 = LINE('',#4539,#4540);
#4539 = CARTESIAN_POINT('',(55.4706258054,39.502692656878,
    5.782041512248E-13));
#4540 = VECTOR('',#4541,1.);
#4541 = DIRECTION('',(-9.477276633779E-13,1.,-1.160631649419E-28));
#4542 = ORIENTED_EDGE('',*,*,#4543,.T.);
#4543 = EDGE_CURVE('',#4536,#4544,#4546,.T.);
#4544 = VERTEX_POINT('',#4545);
#4545 = CARTESIAN_POINT('',(53.730654011603,42.095349996626,
    5.782041512248E-13));
#4546 = CIRCLE('',#4547,1.000000000001);
#4547 = AXIS2_PLACEMENT_3D('',#4548,#4549,#4550);
#4548 = CARTESIAN_POINT('',(54.470625805398,41.422712096719,
    5.782041512248E-13));
#4549 = DIRECTION('',(-1.224646799147E-16,0.,1.));
#4550 = DIRECTION('',(-0.739971793794,0.672637899905,-9.062040887292E-17
    ));
#4551 = ORIENTED_EDGE('',*,*,#4552,.T.);
#4552 = EDGE_CURVE('',#4544,#4553,#4555,.T.);
#4553 = VERTEX_POINT('',#4554);
#4554 = CARTESIAN_POINT('',(50.730654011603,38.795037329605,
    5.782041512248E-13));
#4555 = LINE('',#4556,#4557);
#4556 = CARTESIAN_POINT('',(53.730654011603,42.095349996626,
    5.782041512248E-13));
#4557 = VECTOR('',#4558,1.);
#4558 = DIRECTION('',(-0.672637899906,-0.739971793793,
    -8.237438511056E-17));
#4559 = ORIENTED_EDGE('',*,*,#4560,.T.);
#4560 = EDGE_CURVE('',#4553,#4561,#4563,.T.);
#4561 = VERTEX_POINT('',#4562);
#4562 = CARTESIAN_POINT('',(50.470625805398,38.122399429699,
    5.782041512248E-13));
#4563 = CIRCLE('',#4564,1.);
#4564 = AXIS2_PLACEMENT_3D('',#4565,#4566,#4567);
#4565 = CARTESIAN_POINT('',(51.470625805398,38.122399429701,
    5.782041512248E-13));
#4566 = DIRECTION('',(-1.224646799147E-16,0.,1.));
#4567 = DIRECTION('',(-1.,-2.513544927751E-12,-1.224646799147E-16));
#4568 = ORIENTED_EDGE('',*,*,#4569,.T.);
#4569 = EDGE_CURVE('',#4561,#4570,#4572,.T.);
#4570 = VERTEX_POINT('',#4571);
#4571 = CARTESIAN_POINT('',(50.470625805398,20.563234605316,
    5.782041512248E-13));
#4572 = LINE('',#4573,#4574);
#4573 = CARTESIAN_POINT('',(50.470625805398,38.122399429699,
    5.782041512248E-13));
#4574 = VECTOR('',#4575,1.);
#4575 = DIRECTION('',(0.,-1.,0.));
#4576 = ORIENTED_EDGE('',*,*,#4577,.T.);
#4577 = EDGE_CURVE('',#4570,#4578,#4580,.T.);
#4578 = VERTEX_POINT('',#4579);
#4579 = CARTESIAN_POINT('',(50.709531683539,19.914593149909,
    5.782041512248E-13));
#4580 = CIRCLE('',#4581,1.);
#4581 = AXIS2_PLACEMENT_3D('',#4582,#4583,#4584);
#4582 = CARTESIAN_POINT('',(51.470625805398,20.563234605315,
    5.782041512248E-13));
#4583 = DIRECTION('',(-1.224646799147E-16,0.,1.));
#4584 = DIRECTION('',(-0.761094121859,-0.648641455406,
    -9.320714801846E-17));
#4585 = ORIENTED_EDGE('',*,*,#4586,.T.);
#4586 = EDGE_CURVE('',#4578,#4587,#4589,.T.);
#4587 = VERTEX_POINT('',#4588);
#4588 = CARTESIAN_POINT('',(56.709531683554,12.87439444986,
    5.782041512248E-13));
#4589 = LINE('',#4590,#4591);
#4590 = CARTESIAN_POINT('',(50.709531683539,19.914593149909,
    5.782041512248E-13));
#4591 = VECTOR('',#4592,1.);
#4592 = DIRECTION('',(0.648641455408,-0.761094121858,7.943566821593E-17)
  );
#4593 = ORIENTED_EDGE('',*,*,#4594,.T.);
#4594 = EDGE_CURVE('',#4587,#4500,#4595,.T.);
#4595 = CIRCLE('',#4596,1.);
#4596 = AXIS2_PLACEMENT_3D('',#4597,#4598,#4599);
#4597 = CARTESIAN_POINT('',(57.470625805411,13.523035905268,
    5.782041512248E-13));
#4598 = DIRECTION('',(-1.224646799147E-16,0.,1.));
#4599 = DIRECTION('',(1.,0.,1.224646799147E-16));
#4600 = FACE_BOUND('',#4601,.T.);
#4601 = EDGE_LOOP('',(#4602,#4613,#4621,#4630,#4638,#4647,#4655,#4664,
    #4672,#4681,#4689,#4698));
#4602 = ORIENTED_EDGE('',*,*,#4603,.T.);
#4603 = EDGE_CURVE('',#4604,#4606,#4608,.T.);
#4604 = VERTEX_POINT('',#4605);
#4605 = CARTESIAN_POINT('',(38.779395980749,36.501137897306,
    5.782041512248E-13));
#4606 = VERTEX_POINT('',#4607);
#4607 = CARTESIAN_POINT('',(38.470625805411,35.778502906804,
    5.782041512248E-13));
#4608 = CIRCLE('',#4609,1.);
#4609 = AXIS2_PLACEMENT_3D('',#4610,#4611,#4612);
#4610 = CARTESIAN_POINT('',(39.470625805411,35.778502906804,
    5.782041512248E-13));
#4611 = DIRECTION('',(-1.224646799147E-16,0.,1.));
#4612 = DIRECTION('',(-1.,-2.57571741713E-13,-1.224646799147E-16));
#4613 = ORIENTED_EDGE('',*,*,#4614,.T.);
#4614 = EDGE_CURVE('',#4606,#4615,#4617,.T.);
#4615 = VERTEX_POINT('',#4616);
#4616 = CARTESIAN_POINT('',(38.470625805417,13.523035905266,
    5.782041512248E-13));
#4617 = LINE('',#4618,#4619);
#4618 = CARTESIAN_POINT('',(38.470625805411,35.778502906804,
    5.782041512248E-13));
#4619 = VECTOR('',#4620,1.);
#4620 = DIRECTION('',(2.451867743623E-13,-1.,3.00267198416E-29));
#4621 = ORIENTED_EDGE('',*,*,#4622,.T.);
#4622 = EDGE_CURVE('',#4615,#4623,#4625,.T.);
#4623 = VERTEX_POINT('',#4624);
#4624 = CARTESIAN_POINT('',(40.231719927276,12.874394449859,
    5.782041512248E-13));
#4625 = CIRCLE('',#4626,1.000000000001);
#4626 = AXIS2_PLACEMENT_3D('',#4627,#4628,#4629);
#4627 = CARTESIAN_POINT('',(39.470625805417,13.523035905266,
    5.782041512248E-13));
#4628 = DIRECTION('',(-1.224646799147E-16,0.,1.));
#4629 = DIRECTION('',(0.761094121858,-0.648641455407,9.320714801839E-17)
  );
#4630 = ORIENTED_EDGE('',*,*,#4631,.T.);
#4631 = EDGE_CURVE('',#4623,#4632,#4634,.T.);
#4632 = VERTEX_POINT('',#4633);
#4633 = CARTESIAN_POINT('',(46.231719927287,19.914593149908,
    5.782041512248E-13));
#4634 = LINE('',#4635,#4636);
#4635 = CARTESIAN_POINT('',(46.231719927287,19.914593149908,
    5.782041512248E-13));
#4636 = VECTOR('',#4637,1.);
#4637 = DIRECTION('',(0.648641455407,0.761094121858,7.943566821589E-17)
  );
#4638 = ORIENTED_EDGE('',*,*,#4639,.T.);
#4639 = EDGE_CURVE('',#4632,#4640,#4642,.T.);
#4640 = VERTEX_POINT('',#4641);
#4641 = CARTESIAN_POINT('',(46.470625805428,20.563234605316,
    5.782041512248E-13));
#4642 = CIRCLE('',#4643,1.);
#4643 = AXIS2_PLACEMENT_3D('',#4644,#4645,#4646);
#4644 = CARTESIAN_POINT('',(45.470625805428,20.563234605314,
    5.782041512248E-13));
#4645 = DIRECTION('',(-1.224646799147E-16,0.,1.));
#4646 = DIRECTION('',(1.,1.580957587066E-12,1.224646799147E-16));
#4647 = ORIENTED_EDGE('',*,*,#4648,.T.);
#4648 = EDGE_CURVE('',#4640,#4649,#4651,.T.);
#4649 = VERTEX_POINT('',#4650);
#4650 = CARTESIAN_POINT('',(46.470625805422,38.122399429698,
    5.782041512248E-13));
#4651 = LINE('',#4652,#4653);
#4652 = CARTESIAN_POINT('',(46.470625805424,38.122399429698,
    5.782041512248E-13));
#4653 = VECTOR('',#4654,1.);
#4654 = DIRECTION('',(-2.071808843032E-13,1.,-2.537234068064E-29));
#4655 = ORIENTED_EDGE('',*,*,#4656,.T.);
#4656 = EDGE_CURVE('',#4649,#4657,#4659,.T.);
#4657 = VERTEX_POINT('',#4658);
#4658 = CARTESIAN_POINT('',(46.210597599217,38.795037329604,
    5.782041512248E-13));
#4659 = CIRCLE('',#4660,0.999999999998);
#4660 = AXIS2_PLACEMENT_3D('',#4661,#4662,#4663);
#4661 = CARTESIAN_POINT('',(45.470625805424,38.1223994297,
    5.782041512248E-13));
#4662 = DIRECTION('',(-1.224646799147E-16,0.,1.));
#4663 = DIRECTION('',(0.739971793794,0.672637899905,9.062040887297E-17)
  );
#4664 = ORIENTED_EDGE('',*,*,#4665,.T.);
#4665 = EDGE_CURVE('',#4657,#4666,#4668,.T.);
#4666 = VERTEX_POINT('',#4667);
#4667 = CARTESIAN_POINT('',(43.210597599215,42.095349996624,
    5.782041512248E-13));
#4668 = LINE('',#4669,#4670);
#4669 = CARTESIAN_POINT('',(43.210597599215,42.095349996625,
    5.782041512248E-13));
#4670 = VECTOR('',#4671,1.);
#4671 = DIRECTION('',(-0.672637899907,0.739971793793,-8.23743851106E-17)
  );
#4672 = ORIENTED_EDGE('',*,*,#4673,.T.);
#4673 = EDGE_CURVE('',#4666,#4674,#4676,.T.);
#4674 = VERTEX_POINT('',#4675);
#4675 = CARTESIAN_POINT('',(41.470625805422,41.422712096718,
    5.782041512248E-13));
#4676 = CIRCLE('',#4677,1.);
#4677 = AXIS2_PLACEMENT_3D('',#4678,#4679,#4680);
#4678 = CARTESIAN_POINT('',(42.470625805422,41.422712096718,
    5.782041512248E-13));
#4679 = DIRECTION('',(-1.224646799147E-16,0.,1.));
#4680 = DIRECTION('',(-1.,-2.57571741713E-13,-1.224646799147E-16));
#4681 = ORIENTED_EDGE('',*,*,#4682,.T.);
#4682 = EDGE_CURVE('',#4674,#4683,#4685,.T.);
#4683 = VERTEX_POINT('',#4684);
#4684 = CARTESIAN_POINT('',(41.47062580542,39.502692656877,
    5.782041512248E-13));
#4685 = LINE('',#4686,#4687);
#4686 = CARTESIAN_POINT('',(41.47062580542,39.502692656877,
    5.782041512248E-13));
#4687 = VECTOR('',#4688,1.);
#4688 = DIRECTION('',(-9.459929574657E-13,-1.,-1.158507247376E-28));
#4689 = ORIENTED_EDGE('',*,*,#4690,.T.);
#4690 = EDGE_CURVE('',#4683,#4691,#4693,.T.);
#4691 = VERTEX_POINT('',#4692);
#4692 = CARTESIAN_POINT('',(41.161855630083,38.780057666375,
    5.782041512248E-13));
#4693 = CIRCLE('',#4694,1.);
#4694 = AXIS2_PLACEMENT_3D('',#4695,#4696,#4697);
#4695 = CARTESIAN_POINT('',(40.47062580542,39.502692656877,
    5.782041512248E-13));
#4696 = DIRECTION('',(1.224646799147E-16,0.,-1.));
#4697 = DIRECTION('',(1.,2.6645352591E-14,1.224646799147E-16));
#4698 = ORIENTED_EDGE('',*,*,#4699,.T.);
#4699 = EDGE_CURVE('',#4691,#4604,#4700,.T.);
#4700 = LINE('',#4701,#4702);
#4701 = CARTESIAN_POINT('',(38.779395980749,36.501137897306,
    5.782041512248E-13));
#4702 = VECTOR('',#4703,1.);
#4703 = DIRECTION('',(-0.722634990501,-0.691229824663,
    -8.849726280694E-17));
#4704 = FACE_BOUND('',#4705,.T.);
#4705 = EDGE_LOOP('',(#4706,#4717,#4725,#4734,#4742,#4751,#4759,#4768));
#4706 = ORIENTED_EDGE('',*,*,#4707,.T.);
#4707 = EDGE_CURVE('',#4708,#4710,#4712,.T.);
#4708 = VERTEX_POINT('',#4709);
#4709 = CARTESIAN_POINT('',(55.454703546195,77.509075699388,
    5.782041512248E-13));
#4710 = VERTEX_POINT('',#4711);
#4711 = CARTESIAN_POINT('',(53.40042120435,77.44602995628,
    5.782041512248E-13));
#4712 = CIRCLE('',#4713,1.499999999999);
#4713 = AXIS2_PLACEMENT_3D('',#4714,#4715,#4716);
#4714 = CARTESIAN_POINT('',(54.461081376129,76.385369784502,
    5.782041512248E-13));
#4715 = DIRECTION('',(-1.224646799147E-16,0.,1.));
#4716 = DIRECTION('',(-0.707106781187,0.707106781186,-8.659560562356E-17
    ));
#4717 = ORIENTED_EDGE('',*,*,#4718,.T.);
#4718 = EDGE_CURVE('',#4710,#4719,#4721,.T.);
#4719 = VERTEX_POINT('',#4720);
#4720 = CARTESIAN_POINT('',(50.909965633618,74.955574385549,
    5.782041512248E-13));
#4721 = LINE('',#4722,#4723);
#4722 = CARTESIAN_POINT('',(53.40042120435,77.44602995628,
    5.782041512248E-13));
#4723 = VECTOR('',#4724,1.);
#4724 = DIRECTION('',(-0.707106781187,-0.707106781187,
    -8.659560562355E-17));
#4725 = ORIENTED_EDGE('',*,*,#4726,.T.);
#4726 = EDGE_CURVE('',#4719,#4727,#4729,.T.);
#4727 = VERTEX_POINT('',#4728);
#4728 = CARTESIAN_POINT('',(50.470625805398,73.894914213769,
    5.782041512248E-13));
#4729 = CIRCLE('',#4730,1.5);
#4730 = AXIS2_PLACEMENT_3D('',#4731,#4732,#4733);
#4731 = CARTESIAN_POINT('',(51.970625805398,73.894914213769,
    5.782041512248E-13));
#4732 = DIRECTION('',(-1.224646799147E-16,0.,1.));
#4733 = DIRECTION('',(-1.,0.,-1.224646799147E-16));
#4734 = ORIENTED_EDGE('',*,*,#4735,.T.);
#4735 = EDGE_CURVE('',#4727,#4736,#4738,.T.);
#4736 = VERTEX_POINT('',#4737);
#4737 = CARTESIAN_POINT('',(50.470625805398,63.305172766068,
    5.782041512248E-13));
#4738 = LINE('',#4739,#4740);
#4739 = CARTESIAN_POINT('',(50.470625805398,73.894914213769,
    5.782041512248E-13));
#4740 = VECTOR('',#4741,1.);
#4741 = DIRECTION('',(2.620987089506E-17,-1.,3.20978344977E-33));
#4742 = ORIENTED_EDGE('',*,*,#4743,.T.);
#4743 = EDGE_CURVE('',#4736,#4744,#4746,.T.);
#4744 = VERTEX_POINT('',#4745);
#4745 = CARTESIAN_POINT('',(52.177732586585,62.598065984882,
    5.782041512248E-13));
#4746 = CIRCLE('',#4747,1.);
#4747 = AXIS2_PLACEMENT_3D('',#4748,#4749,#4750);
#4748 = CARTESIAN_POINT('',(51.470625805398,63.305172766068,
    5.782041512248E-13));
#4749 = DIRECTION('',(-1.224646799147E-16,0.,1.));
#4750 = DIRECTION('',(0.707106781187,-0.707106781186,8.659560562356E-17)
  );
#4751 = ORIENTED_EDGE('',*,*,#4752,.T.);
#4752 = EDGE_CURVE('',#4744,#4753,#4755,.T.);
#4753 = VERTEX_POINT('',#4754);
#4754 = CARTESIAN_POINT('',(60.501282577429,70.921615975728,
    5.782041512248E-13));
#4755 = LINE('',#4756,#4757);
#4756 = CARTESIAN_POINT('',(60.501282577429,70.921615975728,
    5.782041512248E-13));
#4757 = VECTOR('',#4758,1.);
#4758 = DIRECTION('',(0.707106781186,0.707106781187,8.659560562354E-17)
  );
#4759 = ORIENTED_EDGE('',*,*,#4760,.T.);
#4760 = EDGE_CURVE('',#4753,#4761,#4763,.T.);
#4761 = VERTEX_POINT('',#4762);
#4762 = CARTESIAN_POINT('',(60.434244575717,73.105982062394,
    5.782041512248E-13));
#4763 = CIRCLE('',#4764,1.499999999999);
#4764 = AXIS2_PLACEMENT_3D('',#4765,#4766,#4767);
#4765 = CARTESIAN_POINT('',(59.44062240565,71.982276147507,
    5.782041512248E-13));
#4766 = DIRECTION('',(-1.224646799147E-16,0.,1.));
#4767 = DIRECTION('',(0.662414780045,0.749137276591,8.112241400895E-17)
  );
#4768 = ORIENTED_EDGE('',*,*,#4769,.T.);
#4769 = EDGE_CURVE('',#4761,#4708,#4770,.T.);
#4770 = LINE('',#4771,#4772);
#4771 = CARTESIAN_POINT('',(60.434244575717,73.105982062394,
    5.782041512248E-13));
#4772 = VECTOR('',#4773,1.);
#4773 = DIRECTION('',(-0.749137276591,0.662414780045,-9.174285678992E-17
    ));
#4774 = FACE_BOUND('',#4775,.T.);
#4775 = EDGE_LOOP('',(#4776,#4787,#4795,#4804,#4812,#4821,#4829,#4838));
#4776 = ORIENTED_EDGE('',*,*,#4777,.T.);
#4777 = EDGE_CURVE('',#4778,#4780,#4782,.T.);
#4778 = VERTEX_POINT('',#4779);
#4779 = CARTESIAN_POINT('',(36.50700703511,73.105982062393,
    5.782041512248E-13));
#4780 = VERTEX_POINT('',#4781);
#4781 = CARTESIAN_POINT('',(36.439969033397,70.921615975728,
    5.782041512248E-13));
#4782 = CIRCLE('',#4783,1.499999999999);
#4783 = AXIS2_PLACEMENT_3D('',#4784,#4785,#4786);
#4784 = CARTESIAN_POINT('',(37.500629205176,71.982276147507,
    5.782041512248E-13));
#4785 = DIRECTION('',(-1.224646799147E-16,-1.232595164408E-32,1.));
#4786 = DIRECTION('',(-0.707106781186,-0.707106781187,
    -8.659560562354E-17));
#4787 = ORIENTED_EDGE('',*,*,#4788,.T.);
#4788 = EDGE_CURVE('',#4780,#4789,#4791,.T.);
#4789 = VERTEX_POINT('',#4790);
#4790 = CARTESIAN_POINT('',(44.763519024241,62.598065984882,
    5.782041512248E-13));
#4791 = LINE('',#4792,#4793);
#4792 = CARTESIAN_POINT('',(36.439969033397,70.921615975728,
    5.782041512248E-13));
#4793 = VECTOR('',#4794,1.);
#4794 = DIRECTION('',(0.707106781186,-0.707106781187,8.659560562354E-17)
  );
#4795 = ORIENTED_EDGE('',*,*,#4796,.T.);
#4796 = EDGE_CURVE('',#4789,#4797,#4799,.T.);
#4797 = VERTEX_POINT('',#4798);
#4798 = CARTESIAN_POINT('',(46.470625805428,63.305172766068,
    5.782041512248E-13));
#4799 = CIRCLE('',#4800,1.);
#4800 = AXIS2_PLACEMENT_3D('',#4801,#4802,#4803);
#4801 = CARTESIAN_POINT('',(45.470625805428,63.305172766068,
    5.782041512248E-13));
#4802 = DIRECTION('',(-1.224646799147E-16,0.,1.));
#4803 = DIRECTION('',(1.,0.,1.224646799147E-16));
#4804 = ORIENTED_EDGE('',*,*,#4805,.T.);
#4805 = EDGE_CURVE('',#4797,#4806,#4808,.T.);
#4806 = VERTEX_POINT('',#4807);
#4807 = CARTESIAN_POINT('',(46.470625805428,73.894914213769,
    5.782041512248E-13));
#4808 = LINE('',#4809,#4810);
#4809 = CARTESIAN_POINT('',(46.470625805428,73.894914213769,
    5.782041512248E-13));
#4810 = VECTOR('',#4811,1.);
#4811 = DIRECTION('',(0.,1.,0.));
#4812 = ORIENTED_EDGE('',*,*,#4813,.T.);
#4813 = EDGE_CURVE('',#4806,#4814,#4816,.T.);
#4814 = VERTEX_POINT('',#4815);
#4815 = CARTESIAN_POINT('',(46.031285977206,74.955574385551,
    5.782041512248E-13));
#4816 = CIRCLE('',#4817,1.5);
#4817 = AXIS2_PLACEMENT_3D('',#4818,#4819,#4820);
#4818 = CARTESIAN_POINT('',(44.970625805428,73.894914213769,
    5.782041512248E-13));
#4819 = DIRECTION('',(-1.224646799147E-16,0.,1.));
#4820 = DIRECTION('',(0.707106781185,0.707106781188,8.65956056234E-17));
#4821 = ORIENTED_EDGE('',*,*,#4822,.T.);
#4822 = EDGE_CURVE('',#4814,#4823,#4825,.T.);
#4823 = VERTEX_POINT('',#4824);
#4824 = CARTESIAN_POINT('',(43.540830406476,77.446029956281,
    5.782041512248E-13));
#4825 = LINE('',#4826,#4827);
#4826 = CARTESIAN_POINT('',(43.540830406476,77.44602995628,
    5.782041512248E-13));
#4827 = VECTOR('',#4828,1.);
#4828 = DIRECTION('',(-0.707106781187,0.707106781187,-8.659560562355E-17
    ));
#4829 = ORIENTED_EDGE('',*,*,#4830,.T.);
#4830 = EDGE_CURVE('',#4823,#4831,#4833,.T.);
#4831 = VERTEX_POINT('',#4832);
#4832 = CARTESIAN_POINT('',(41.48654806463,77.509075699388,
    5.782041512248E-13));
#4833 = CIRCLE('',#4834,1.5);
#4834 = AXIS2_PLACEMENT_3D('',#4835,#4836,#4837);
#4835 = CARTESIAN_POINT('',(42.480170234697,76.385369784502,
    5.782041512248E-13));
#4836 = DIRECTION('',(-1.224646799147E-16,0.,1.));
#4837 = DIRECTION('',(-0.662414780044,0.749137276591,-8.112241400893E-17
    ));
#4838 = ORIENTED_EDGE('',*,*,#4839,.T.);
#4839 = EDGE_CURVE('',#4831,#4778,#4840,.T.);
#4840 = LINE('',#4841,#4842);
#4841 = CARTESIAN_POINT('',(36.507007035109,73.105982062394,
    5.782041512248E-13));
#4842 = VECTOR('',#4843,1.);
#4843 = DIRECTION('',(-0.749137276591,-0.662414780045,
    -9.174285678992E-17));
#4844 = FACE_BOUND('',#4845,.T.);
#4845 = EDGE_LOOP('',(#4846,#4856,#4865,#4873,#4882,#4890,#4899,#4907,
    #4916,#4924,#4932,#4940,#4949,#4957,#4966,#4974,#4982));
#4846 = ORIENTED_EDGE('',*,*,#4847,.T.);
#4847 = EDGE_CURVE('',#4848,#4850,#4852,.T.);
#4848 = VERTEX_POINT('',#4849);
#4849 = CARTESIAN_POINT('',(53.596774286895,103.34850653575,
    5.782041512248E-13));
#4850 = VERTEX_POINT('',#4851);
#4851 = CARTESIAN_POINT('',(54.00573481059,103.5828546213,
    5.782041512248E-13));
#4852 = LINE('',#4853,#4854);
#4853 = CARTESIAN_POINT('',(52.786391995138,102.88413032427,
    5.782041512248E-13));
#4854 = VECTOR('',#4855,1.);
#4855 = DIRECTION('',(0.867642654605,0.497188318357,1.062555799766E-16)
  );
#4856 = ORIENTED_EDGE('',*,*,#4857,.T.);
#4857 = EDGE_CURVE('',#4850,#4858,#4860,.T.);
#4858 = VERTEX_POINT('',#4859);
#4859 = CARTESIAN_POINT('',(53.79366778985,105.54306621987,
    5.782041512248E-13));
#4860 = CIRCLE('',#4861,1.076126947351);
#4861 = AXIS2_PLACEMENT_3D('',#4862,#4863,#4864);
#4862 = CARTESIAN_POINT('',(53.470697063297,104.51654826259,
    5.782041512248E-13));
#4863 = DIRECTION('',(-1.224646799147E-16,0.,1.));
#4864 = DIRECTION('',(0.300123259015,0.953900429499,3.675449885023E-17)
  );
#4865 = ORIENTED_EDGE('',*,*,#4866,.T.);
#4866 = EDGE_CURVE('',#4858,#4867,#4869,.T.);
#4867 = VERTEX_POINT('',#4868);
#4868 = CARTESIAN_POINT('',(44.438615580852,108.4864224344,
    5.782041512248E-13));
#4869 = LINE('',#4870,#4871);
#4870 = CARTESIAN_POINT('',(50.943318094804,106.43986447402,
    5.782041512248E-13));
#4871 = VECTOR('',#4872,1.);
#4872 = DIRECTION('',(-0.953900429499,0.300123259014,-1.168191107691E-16
    ));
#4873 = ORIENTED_EDGE('',*,*,#4874,.T.);
#4874 = EDGE_CURVE('',#4867,#4875,#4877,.T.);
#4875 = VERTEX_POINT('',#4876);
#4876 = CARTESIAN_POINT('',(43.039517906952,107.45990447713,
    5.782041512248E-13));
#4877 = CIRCLE('',#4878,1.076126947348);
#4878 = AXIS2_PLACEMENT_3D('',#4879,#4880,#4881);
#4879 = CARTESIAN_POINT('',(44.1156448543,107.45990447713,
    5.782041512248E-13));
#4880 = DIRECTION('',(-1.224646799147E-16,0.,1.));
#4881 = DIRECTION('',(-1.,-5.158420330247E-16,-1.224646799147E-16));
#4882 = ORIENTED_EDGE('',*,*,#4883,.T.);
#4883 = EDGE_CURVE('',#4875,#4884,#4886,.T.);
#4884 = VERTEX_POINT('',#4885);
#4885 = CARTESIAN_POINT('',(43.039517906949,99.552034115968,
    5.782041512248E-13));
#4886 = LINE('',#4887,#4888);
#4887 = CARTESIAN_POINT('',(43.039517906952,107.99844961884,
    5.782041512248E-13));
#4888 = VECTOR('',#4889,1.);
#4889 = DIRECTION('',(-3.57725675504E-13,-1.,-4.380876034788E-29));
#4890 = ORIENTED_EDGE('',*,*,#4891,.T.);
#4891 = EDGE_CURVE('',#4884,#4892,#4894,.T.);
#4892 = VERTEX_POINT('',#4893);
#4893 = CARTESIAN_POINT('',(44.628265713533,98.605847526814,
    5.782041512248E-13));
#4894 = CIRCLE('',#4895,1.076126947352);
#4895 = AXIS2_PLACEMENT_3D('',#4896,#4897,#4898);
#4896 = CARTESIAN_POINT('',(44.1156448543,99.552034115968,
    5.782041512248E-13));
#4897 = DIRECTION('',(-1.224646799147E-16,6.162975822039E-33,1.));
#4898 = DIRECTION('',(0.476357236937,-0.879251831285,5.833693654652E-17)
  );
#4899 = ORIENTED_EDGE('',*,*,#4900,.T.);
#4900 = EDGE_CURVE('',#4892,#4901,#4903,.T.);
#4901 = VERTEX_POINT('',#4902);
#4902 = CARTESIAN_POINT('',(45.04545971332,98.831873079372,
    5.782041512248E-13));
#4903 = LINE('',#4904,#4905);
#4904 = CARTESIAN_POINT('',(48.193269639008,100.53727986414,
    5.782041512248E-13));
#4905 = VECTOR('',#4906,1.);
#4906 = DIRECTION('',(0.879251831286,0.476357236935,1.076772940828E-16)
  );
#4907 = ORIENTED_EDGE('',*,*,#4908,.T.);
#4908 = EDGE_CURVE('',#4901,#4909,#4911,.T.);
#4909 = VERTEX_POINT('',#4910);
#4910 = CARTESIAN_POINT('',(45.608965801442,99.778059668527,
    5.782041512248E-13));
#4911 = CIRCLE('',#4912,1.076126947351);
#4912 = AXIS2_PLACEMENT_3D('',#4913,#4914,#4915);
#4913 = CARTESIAN_POINT('',(44.53283885409,99.778059668527,
    5.782041512248E-13));
#4914 = DIRECTION('',(-1.224646799147E-16,0.,1.));
#4915 = DIRECTION('',(1.,0.,1.224646799147E-16));
#4916 = ORIENTED_EDGE('',*,*,#4917,.T.);
#4917 = EDGE_CURVE('',#4909,#4918,#4920,.T.);
#4918 = VERTEX_POINT('',#4919);
#4919 = CARTESIAN_POINT('',(45.608965801442,105.31536553412,
    5.782041512248E-13));
#4920 = LINE('',#4921,#4922);
#4921 = CARTESIAN_POINT('',(45.608965801442,104.15752721453,
    5.782041512248E-13));
#4922 = VECTOR('',#4923,1.);
#4923 = DIRECTION('',(0.,1.,0.));
#4924 = ORIENTED_EDGE('',*,*,#4925,.T.);
#4925 = EDGE_CURVE('',#4918,#4926,#4928,.T.);
#4926 = VERTEX_POINT('',#4927);
#4927 = CARTESIAN_POINT('',(47.644614370819,104.71747120246,
    5.782041512248E-13));
#4928 = LINE('',#4929,#4930);
#4929 = CARTESIAN_POINT('',(46.490622645588,105.05641237417,
    5.782041512248E-13));
#4930 = VECTOR('',#4931,1.);
#4931 = DIRECTION('',(0.959470803458,-0.281808050472,1.175012848331E-16)
  );
#4932 = ORIENTED_EDGE('',*,*,#4933,.T.);
#4933 = EDGE_CURVE('',#4926,#4934,#4936,.T.);
#4934 = VERTEX_POINT('',#4935);
#4935 = CARTESIAN_POINT('',(47.64461437082,102.24888053406,
    5.782041512248E-13));
#4936 = LINE('',#4937,#4938);
#4937 = CARTESIAN_POINT('',(47.644614370818,106.6272329815,
    5.782041512248E-13));
#4938 = VECTOR('',#4939,1.);
#4939 = DIRECTION('',(3.2819748636E-13,-1.,4.01926001159E-29));
#4940 = ORIENTED_EDGE('',*,*,#4941,.T.);
#4941 = EDGE_CURVE('',#4934,#4942,#4944,.T.);
#4942 = VERTEX_POINT('',#4943);
#4943 = CARTESIAN_POINT('',(49.222023051904,101.29663800706,
    5.782041512248E-13));
#4944 = CIRCLE('',#4945,1.07612694735);
#4945 = AXIS2_PLACEMENT_3D('',#4946,#4947,#4948);
#4946 = CARTESIAN_POINT('',(48.72074131817,102.24888053406,
    5.782041512248E-13));
#4947 = DIRECTION('',(-1.224646799147E-16,0.,1.));
#4948 = DIRECTION('',(0.465820259374,-0.884879362375,5.7046528962E-17));
#4949 = ORIENTED_EDGE('',*,*,#4950,.T.);
#4950 = EDGE_CURVE('',#4942,#4951,#4953,.T.);
#4951 = VERTEX_POINT('',#4952);
#4952 = CARTESIAN_POINT('',(50.020203487038,101.71681801478,
    5.782041512248E-13));
#4953 = LINE('',#4954,#4955);
#4954 = CARTESIAN_POINT('',(50.420065178021,101.92731413948,
    5.782041512248E-13));
#4955 = VECTOR('',#4956,1.);
#4956 = DIRECTION('',(0.884879362376,0.465820259372,1.083664678765E-16)
  );
#4957 = ORIENTED_EDGE('',*,*,#4958,.T.);
#4958 = EDGE_CURVE('',#4951,#4959,#4961,.T.);
#4959 = VERTEX_POINT('',#4960);
#4960 = CARTESIAN_POINT('',(50.595048700655,102.66906054179,
    5.782041512248E-13));
#4961 = CIRCLE('',#4962,1.076126947351);
#4962 = AXIS2_PLACEMENT_3D('',#4963,#4964,#4965);
#4963 = CARTESIAN_POINT('',(49.518921753303,102.66906054179,
    5.782041512248E-13));
#4964 = DIRECTION('',(-1.224646799147E-16,0.,1.));
#4965 = DIRECTION('',(1.,0.,1.224646799147E-16));
#4966 = ORIENTED_EDGE('',*,*,#4967,.T.);
#4967 = EDGE_CURVE('',#4959,#4968,#4970,.T.);
#4968 = VERTEX_POINT('',#4969);
#4969 = CARTESIAN_POINT('',(50.595048700655,103.89956169091,
    5.782041512248E-13));
#4970 = LINE('',#4971,#4972);
#4971 = CARTESIAN_POINT('',(50.595048700655,105.60302765117,
    5.782041512248E-13));
#4972 = VECTOR('',#4973,1.);
#4973 = DIRECTION('',(0.,1.,0.));
#4974 = ORIENTED_EDGE('',*,*,#4975,.T.);
#4975 = EDGE_CURVE('',#4968,#4976,#4978,.T.);
#4976 = VERTEX_POINT('',#4977);
#4977 = CARTESIAN_POINT('',(52.767387401975,103.24711187549,
    5.782041512248E-13));
#4978 = LINE('',#4979,#4980);
#4979 = CARTESIAN_POINT('',(48.981937249828,104.38405072004,
    5.782041512248E-13));
#4980 = VECTOR('',#4981,1.);
#4981 = DIRECTION('',(0.957735448378,-0.28765050134,1.172887651286E-16)
  );
#4982 = ORIENTED_EDGE('',*,*,#4983,.T.);
#4983 = EDGE_CURVE('',#4976,#4848,#4984,.T.);
#4984 = CIRCLE('',#4985,1.076126947349);
#4985 = AXIS2_PLACEMENT_3D('',#4986,#4987,#4988);
#4986 = CARTESIAN_POINT('',(53.061736539602,104.28220017704,
    5.782041512248E-13));
#4987 = DIRECTION('',(-1.224646799147E-16,0.,1.));
#4988 = DIRECTION('',(0.497188318359,-0.867642654604,6.088800826515E-17)
  );
#4989 = FACE_BOUND('',#4990,.T.);
#4990 = EDGE_LOOP('',(#4991,#5001,#5010,#5018,#5026,#5034,#5043,#5051,
    #5060,#5068,#5077,#5085,#5094,#5102,#5111,#5119,#5128,#5136));
#4991 = ORIENTED_EDGE('',*,*,#4992,.T.);
#4992 = EDGE_CURVE('',#4993,#4995,#4997,.T.);
#4993 = VERTEX_POINT('',#4994);
#4994 = CARTESIAN_POINT('',(51.894488819325,111.75128166749,
    5.782041512248E-13));
#4995 = VERTEX_POINT('',#4996);
#4996 = CARTESIAN_POINT('',(50.834327229793,111.4773083043,
    5.782041512248E-13));
#4997 = LINE('',#4998,#4999);
#4998 = CARTESIAN_POINT('',(49.900402678024,111.2359578791,
    5.782041512248E-13));
#4999 = VECTOR('',#5000,1.);
#5000 = DIRECTION('',(-0.968192578779,-0.250206175779,
    -1.185693942559E-16));
#5001 = ORIENTED_EDGE('',*,*,#5002,.T.);
#5002 = EDGE_CURVE('',#4995,#5003,#5005,.T.);
#5003 = VERTEX_POINT('',#5004);
#5004 = CARTESIAN_POINT('',(50.645776560849,110.80547661818,
    5.782041512248E-13));
#5005 = CIRCLE('',#5006,0.403547605255);
#5006 = AXIS2_PLACEMENT_3D('',#5007,#5008,#5009);
#5007 = CARTESIAN_POINT('',(50.935297332849,111.08659650771,
    5.782041512248E-13));
#5008 = DIRECTION('',(-1.224646799147E-16,-1.232595164408E-32,1.));
#5009 = DIRECTION('',(-0.717438954486,-0.69662137965,-8.786093191948E-17
    ));
#5010 = ORIENTED_EDGE('',*,*,#5011,.T.);
#5011 = EDGE_CURVE('',#5003,#5012,#5014,.T.);
#5012 = VERTEX_POINT('',#5013);
#5013 = CARTESIAN_POINT('',(51.023479204133,110.41648684925,
    5.782041512248E-13));
#5014 = LINE('',#5015,#5016);
#5015 = CARTESIAN_POINT('',(50.684871207641,110.76521368147,
    5.782041512248E-13));
#5016 = VECTOR('',#5017,1.);
#5017 = DIRECTION('',(0.696621379652,-0.717438954485,8.531151428083E-17)
  );
#5018 = ORIENTED_EDGE('',*,*,#5019,.T.);
#5019 = EDGE_CURVE('',#5012,#5020,#5022,.T.);
#5020 = VERTEX_POINT('',#5021);
#5021 = CARTESIAN_POINT('',(47.555752853979,111.46508083272,
    5.782041512248E-13));
#5022 = LINE('',#5023,#5024);
#5023 = CARTESIAN_POINT('',(50.114347948078,110.69139595944,
    5.782041512248E-13));
#5024 = VECTOR('',#5025,1.);
#5025 = DIRECTION('',(-0.957195246529,0.289443016884,-1.17222609482E-16)
  );
#5026 = ORIENTED_EDGE('',*,*,#5027,.T.);
#5027 = EDGE_CURVE('',#5020,#5028,#5030,.T.);
#5028 = VERTEX_POINT('',#5029);
#5029 = CARTESIAN_POINT('',(54.099973818697,113.15627795293,
    5.782041512248E-13));
#5030 = LINE('',#5031,#5032);
#5031 = CARTESIAN_POINT('',(47.629891224583,111.48424011838,
    5.782041512248E-13));
#5032 = VECTOR('',#5033,1.);
#5033 = DIRECTION('',(0.968192578779,0.250206175779,1.18569394256E-16));
#5034 = ORIENTED_EDGE('',*,*,#5035,.T.);
#5035 = EDGE_CURVE('',#5028,#5036,#5038,.T.);
#5036 = VERTEX_POINT('',#5037);
#5037 = CARTESIAN_POINT('',(54.9068471579,114.19817607718,
    5.782041512248E-13));
#5038 = CIRCLE('',#5039,1.076126947351);
#5039 = AXIS2_PLACEMENT_3D('',#5040,#5041,#5042);
#5040 = CARTESIAN_POINT('',(53.830720210549,114.19817607718,
    5.782041512248E-13));
#5041 = DIRECTION('',(-1.224646799147E-16,0.,1.));
#5042 = DIRECTION('',(1.,0.,1.224646799147E-16));
#5043 = ORIENTED_EDGE('',*,*,#5044,.T.);
#5044 = EDGE_CURVE('',#5036,#5045,#5047,.T.);
#5045 = VERTEX_POINT('',#5046);
#5046 = CARTESIAN_POINT('',(54.9068471579,114.34489618815,
    5.782041512248E-13));
#5047 = LINE('',#5048,#5049);
#5048 = CARTESIAN_POINT('',(54.9068471579,111.36758541886,
    5.782041512248E-13));
#5049 = VECTOR('',#5050,1.);
#5050 = DIRECTION('',(0.,1.,0.));
#5051 = ORIENTED_EDGE('',*,*,#5052,.T.);
#5052 = EDGE_CURVE('',#5045,#5053,#5055,.T.);
#5053 = VERTEX_POINT('',#5054);
#5054 = CARTESIAN_POINT('',(53.531438054032,115.3785689592,
    5.782041512248E-13));
#5055 = CIRCLE('',#5056,1.076126947351);
#5056 = AXIS2_PLACEMENT_3D('',#5057,#5058,#5059);
#5057 = CARTESIAN_POINT('',(53.830720210549,114.34489618815,
    5.782041512248E-13));
#5058 = DIRECTION('',(-1.224646799147E-16,-6.162975822039E-33,1.));
#5059 = DIRECTION('',(-0.278110456442,0.960549100264,-3.405870802905E-17
    ));
#5060 = ORIENTED_EDGE('',*,*,#5061,.T.);
#5061 = EDGE_CURVE('',#5053,#5062,#5064,.T.);
#5062 = VERTEX_POINT('',#5063);
#5063 = CARTESIAN_POINT('',(44.538328528276,112.77476890947,
    5.782041512248E-13));
#5064 = LINE('',#5065,#5066);
#5065 = CARTESIAN_POINT('',(50.282922484001,114.43801719804,
    5.782041512248E-13));
#5066 = VECTOR('',#5067,1.);
#5067 = DIRECTION('',(-0.960549100264,-0.278110456442,
    -1.176333381062E-16));
#5068 = ORIENTED_EDGE('',*,*,#5069,.T.);
#5069 = EDGE_CURVE('',#5062,#5070,#5072,.T.);
#5070 = VERTEX_POINT('',#5071);
#5071 = CARTESIAN_POINT('',(43.761483737441,111.74109613842,
    5.782041512248E-13));
#5072 = CIRCLE('',#5073,1.076126947351);
#5073 = AXIS2_PLACEMENT_3D('',#5074,#5075,#5076);
#5074 = CARTESIAN_POINT('',(44.837610684793,111.74109613842,
    5.782041512248E-13));
#5075 = DIRECTION('',(-1.224646799147E-16,0.,1.));
#5076 = DIRECTION('',(-1.,0.,-1.224646799147E-16));
#5077 = ORIENTED_EDGE('',*,*,#5078,.T.);
#5078 = EDGE_CURVE('',#5070,#5079,#5081,.T.);
#5079 = VERTEX_POINT('',#5080);
#5080 = CARTESIAN_POINT('',(43.761483737442,111.14064292244,
    5.782041512248E-13));
#5081 = LINE('',#5082,#5083);
#5082 = CARTESIAN_POINT('',(43.761483737443,110.13904544948,
    5.782041512248E-13));
#5083 = VECTOR('',#5084,1.);
#5084 = DIRECTION('',(1.349751798144E-12,-1.,1.65296921924E-28));
#5085 = ORIENTED_EDGE('',*,*,#5086,.T.);
#5086 = EDGE_CURVE('',#5079,#5087,#5089,.T.);
#5087 = VERTEX_POINT('',#5088);
#5088 = CARTESIAN_POINT('',(44.539704071535,110.1065728781,
    5.782041512248E-13));
#5089 = CIRCLE('',#5090,1.076126947351);
#5090 = AXIS2_PLACEMENT_3D('',#5091,#5092,#5093);
#5091 = CARTESIAN_POINT('',(44.837610684793,111.14064292244,
    5.782041512248E-13));
#5092 = DIRECTION('',(-1.224646799147E-16,0.,1.));
#5093 = DIRECTION('',(-0.27683222132,-0.960918269802,-3.390216937404E-17
    ));
#5094 = ORIENTED_EDGE('',*,*,#5095,.T.);
#5095 = EDGE_CURVE('',#5087,#5096,#5098,.T.);
#5096 = VERTEX_POINT('',#5097);
#5097 = CARTESIAN_POINT('',(53.510252427385,107.52223568125,
    5.782041512248E-13));
#5098 = LINE('',#5099,#5100);
#5099 = CARTESIAN_POINT('',(46.56330392576,109.52359130692,
    5.782041512248E-13));
#5100 = VECTOR('',#5101,1.);
#5101 = DIRECTION('',(0.960918269803,-0.276832221317,1.176785483356E-16)
  );
#5102 = ORIENTED_EDGE('',*,*,#5103,.T.);
#5103 = EDGE_CURVE('',#5096,#5104,#5106,.T.);
#5104 = VERTEX_POINT('',#5105);
#5105 = CARTESIAN_POINT('',(54.884285987991,108.55630572559,
    5.782041512248E-13));
#5106 = CIRCLE('',#5107,1.076126947351);
#5107 = AXIS2_PLACEMENT_3D('',#5108,#5109,#5110);
#5108 = CARTESIAN_POINT('',(53.808159040639,108.55630572559,
    5.782041512248E-13));
#5109 = DIRECTION('',(-1.224646799147E-16,0.,1.));
#5110 = DIRECTION('',(1.,0.,1.224646799147E-16));
#5111 = ORIENTED_EDGE('',*,*,#5112,.T.);
#5112 = EDGE_CURVE('',#5104,#5113,#5115,.T.);
#5113 = VERTEX_POINT('',#5114);
#5114 = CARTESIAN_POINT('',(54.88428598799,109.10574996243,
    5.782041512248E-13));
#5115 = LINE('',#5116,#5117);
#5116 = CARTESIAN_POINT('',(54.884285987991,108.54665024307,
    5.782041512248E-13));
#5117 = VECTOR('',#5118,1.);
#5118 = DIRECTION('',(-1.473038628259E-12,1.,-1.803952041118E-28));
#5119 = ORIENTED_EDGE('',*,*,#5120,.T.);
#5120 = EDGE_CURVE('',#5113,#5121,#5123,.T.);
#5121 = VERTEX_POINT('',#5122);
#5122 = CARTESIAN_POINT('',(54.559482037984,109.87618033597,
    5.782041512248E-13));
#5123 = CIRCLE('',#5124,1.07612694735);
#5124 = AXIS2_PLACEMENT_3D('',#5125,#5126,#5127);
#5125 = CARTESIAN_POINT('',(53.808159040639,109.10574996243,
    5.782041512248E-13));
#5126 = DIRECTION('',(-1.224646799147E-16,0.,1.));
#5127 = DIRECTION('',(0.698173202701,0.715928892439,8.550155779388E-17)
  );
#5128 = ORIENTED_EDGE('',*,*,#5129,.T.);
#5129 = EDGE_CURVE('',#5121,#5130,#5132,.T.);
#5130 = VERTEX_POINT('',#5131);
#5131 = CARTESIAN_POINT('',(52.915065424822,111.47981391679,
    5.782041512248E-13));
#5132 = LINE('',#5133,#5134);
#5133 = CARTESIAN_POINT('',(53.333738528663,111.07152428791,
    5.782041512248E-13));
#5134 = VECTOR('',#5135,1.);
#5135 = DIRECTION('',(-0.715928892439,0.698173202702,-8.767600265422E-17
    ));
#5136 = ORIENTED_EDGE('',*,*,#5137,.T.);
#5137 = EDGE_CURVE('',#5130,#4993,#5138,.T.);
#5138 = CIRCLE('',#5139,1.07612694735);
#5139 = AXIS2_PLACEMENT_3D('',#5140,#5141,#5142);
#5140 = CARTESIAN_POINT('',(52.163742427477,110.70938354325,
    5.782041512248E-13));
#5141 = DIRECTION('',(-1.224646799147E-16,0.,1.));
#5142 = DIRECTION('',(-0.250206175782,0.968192578778,-3.06414192298E-17)
  );
#5143 = FACE_BOUND('',#5144,.T.);
#5144 = EDGE_LOOP('',(#5145,#5155,#5164,#5172,#5181,#5189,#5198,#5206,
    #5214,#5223,#5231,#5240,#5248,#5256,#5264,#5273,#5281,#5290,#5298));
#5145 = ORIENTED_EDGE('',*,*,#5146,.T.);
#5146 = EDGE_CURVE('',#5147,#5149,#5151,.T.);
#5147 = VERTEX_POINT('',#5148);
#5148 = CARTESIAN_POINT('',(53.044617672752,118.93664665608,
    5.782041512248E-13));
#5149 = VERTEX_POINT('',#5150);
#5150 = CARTESIAN_POINT('',(51.391759600674,119.88903225977,
    5.782041512248E-13));
#5151 = LINE('',#5152,#5153);
#5152 = CARTESIAN_POINT('',(53.577023617341,118.62987152184,
    5.782041512248E-13));
#5153 = VECTOR('',#5154,1.);
#5154 = DIRECTION('',(-0.866454655343,0.499255776365,-1.061100920273E-16
    ));
#5155 = ORIENTED_EDGE('',*,*,#5156,.T.);
#5156 = EDGE_CURVE('',#5149,#5157,#5159,.T.);
#5157 = VERTEX_POINT('',#5158);
#5158 = CARTESIAN_POINT('',(50.889966158083,121.10146845951,
    5.782041512248E-13));
#5159 = CIRCLE('',#5160,1.076126947353);
#5160 = AXIS2_PLACEMENT_3D('',#5161,#5162,#5163);
#5161 = CARTESIAN_POINT('',(50.352703563515,120.16905325624,
    5.782041512248E-13));
#5162 = DIRECTION('',(-1.224646799147E-16,6.162975822039E-33,1.));
#5163 = DIRECTION('',(0.499255776365,0.866454655344,6.114119884808E-17)
  );
#5164 = ORIENTED_EDGE('',*,*,#5165,.T.);
#5165 = EDGE_CURVE('',#5157,#5166,#5168,.T.);
#5166 = VERTEX_POINT('',#5167);
#5167 = CARTESIAN_POINT('',(44.389730586726,124.90901754481,
    5.782041512248E-13));
#5168 = LINE('',#5169,#5170);
#5169 = CARTESIAN_POINT('',(52.729119868896,120.02417395957,
    5.782041512248E-13));
#5170 = VECTOR('',#5171,1.);
#5171 = DIRECTION('',(-0.862867831613,0.505429624346,-1.056708328073E-16
    ));
#5172 = ORIENTED_EDGE('',*,*,#5173,.T.);
#5173 = EDGE_CURVE('',#5166,#5174,#5176,.T.);
#5174 = VERTEX_POINT('',#5175);
#5175 = CARTESIAN_POINT('',(42.76969720063,123.98046221921,
    5.782041512248E-13));
#5176 = CIRCLE('',#5177,1.076126947348);
#5177 = AXIS2_PLACEMENT_3D('',#5178,#5179,#5180);
#5178 = CARTESIAN_POINT('',(43.845824147978,123.98046221921,
    5.782041512248E-13));
#5179 = DIRECTION('',(-1.224646799147E-16,0.,1.));
#5180 = DIRECTION('',(-1.,0.,-1.224646799147E-16));
#5181 = ORIENTED_EDGE('',*,*,#5182,.T.);
#5182 = EDGE_CURVE('',#5174,#5183,#5185,.T.);
#5183 = VERTEX_POINT('',#5184);
#5184 = CARTESIAN_POINT('',(42.769697200627,123.4054230787,
    5.782041512248E-13));
#5185 = LINE('',#5186,#5187);
#5186 = CARTESIAN_POINT('',(42.769697200592,116.25872848989,
    5.782041512248E-13));
#5187 = VECTOR('',#5188,1.);
#5188 = DIRECTION('',(-4.919401250193E-12,-1.,-6.02452899477E-28));
#5189 = ORIENTED_EDGE('',*,*,#5190,.T.);
#5190 = EDGE_CURVE('',#5183,#5191,#5193,.T.);
#5191 = VERTEX_POINT('',#5192);
#5192 = CARTESIAN_POINT('',(43.30424406144,122.47550898768,
    5.782041512248E-13));
#5193 = CIRCLE('',#5194,1.07612694735);
#5194 = AXIS2_PLACEMENT_3D('',#5195,#5196,#5197);
#5195 = CARTESIAN_POINT('',(43.845824147978,123.4054230787,
    5.782041512248E-13));
#5196 = DIRECTION('',(-1.224646799147E-16,0.,1.));
#5197 = DIRECTION('',(-0.503267842025,-0.864130475787,
    -6.163253518496E-17));
#5198 = ORIENTED_EDGE('',*,*,#5199,.T.);
#5199 = EDGE_CURVE('',#5191,#5200,#5202,.T.);
#5200 = VERTEX_POINT('',#5201);
#5201 = CARTESIAN_POINT('',(45.952508032488,120.93316540511,
    5.782041512248E-13));
#5202 = LINE('',#5203,#5204);
#5203 = CARTESIAN_POINT('',(48.264021983236,119.58694435354,
    5.782041512248E-13));
#5204 = VECTOR('',#5205,1.);
#5205 = DIRECTION('',(0.864130475785,-0.503267842027,1.058254621216E-16)
  );
#5206 = ORIENTED_EDGE('',*,*,#5207,.T.);
#5207 = EDGE_CURVE('',#5200,#5208,#5210,.T.);
#5208 = VERTEX_POINT('',#5209);
#5209 = CARTESIAN_POINT('',(43.79900579345,120.219756898,
    5.782041512248E-13));
#5210 = LINE('',#5211,#5212);
#5211 = CARTESIAN_POINT('',(45.236819368579,120.69607329904,
    5.782041512248E-13));
#5212 = VECTOR('',#5213,1.);
#5213 = DIRECTION('',(-0.949266913047,-0.314471505535,-1.1625166866E-16)
  );
#5214 = ORIENTED_EDGE('',*,*,#5215,.T.);
#5215 = EDGE_CURVE('',#5208,#5216,#5218,.T.);
#5216 = VERTEX_POINT('',#5217);
#5217 = CARTESIAN_POINT('',(43.061290107379,119.19822519264,
    5.782041512248E-13));
#5218 = CIRCLE('',#5219,1.076126947351);
#5219 = AXIS2_PLACEMENT_3D('',#5220,#5221,#5222);
#5220 = CARTESIAN_POINT('',(44.137417054731,119.19822519264,
    5.782041512248E-13));
#5221 = DIRECTION('',(-1.224646799147E-16,0.,1.));
#5222 = DIRECTION('',(-1.,0.,-1.224646799147E-16));
#5223 = ORIENTED_EDGE('',*,*,#5224,.T.);
#5224 = EDGE_CURVE('',#5216,#5225,#5227,.T.);
#5225 = VERTEX_POINT('',#5226);
#5226 = CARTESIAN_POINT('',(43.06129010738,118.90977790331,
    5.782041512248E-13));
#5227 = LINE('',#5228,#5229);
#5228 = CARTESIAN_POINT('',(43.061290107394,113.86760997659,
    5.782041512248E-13));
#5229 = VECTOR('',#5230,1.);
#5230 = DIRECTION('',(2.805894230527E-12,-1.,3.436229388161E-28));
#5231 = ORIENTED_EDGE('',*,*,#5232,.T.);
#5232 = EDGE_CURVE('',#5225,#5233,#5235,.T.);
#5233 = VERTEX_POINT('',#5234);
#5234 = CARTESIAN_POINT('',(44.489167256847,117.89276216984,
    5.782041512248E-13));
#5235 = CIRCLE('',#5236,1.076126947349);
#5236 = AXIS2_PLACEMENT_3D('',#5237,#5238,#5239);
#5237 = CARTESIAN_POINT('',(44.137417054731,118.90977790331,
    5.782041512248E-13));
#5238 = DIRECTION('',(-1.224646799147E-16,0.,1.));
#5239 = DIRECTION('',(0.326866828289,-0.945070408258,4.00296415012E-17)
  );
#5240 = ORIENTED_EDGE('',*,*,#5241,.T.);
#5241 = EDGE_CURVE('',#5233,#5242,#5244,.T.);
#5242 = VERTEX_POINT('',#5243);
#5243 = CARTESIAN_POINT('',(47.854841214087,119.0568311766,
    5.782041512248E-13));
#5244 = LINE('',#5245,#5246);
#5245 = CARTESIAN_POINT('',(44.822147994918,118.00792857097,
    5.782041512248E-13));
#5246 = VECTOR('',#5247,1.);
#5247 = DIRECTION('',(0.945070408258,0.326866828289,1.157377450442E-16)
  );
#5248 = ORIENTED_EDGE('',*,*,#5249,.T.);
#5249 = EDGE_CURVE('',#5242,#5250,#5252,.T.);
#5250 = VERTEX_POINT('',#5251);
#5251 = CARTESIAN_POINT('',(49.104328961773,118.2643091611,
    5.782041512248E-13));
#5252 = LINE('',#5253,#5254);
#5253 = CARTESIAN_POINT('',(50.453514461406,117.40855110071,
    5.782041512248E-13));
#5254 = VECTOR('',#5255,1.);
#5255 = DIRECTION('',(0.844458466808,-0.535621039389,1.03416335839E-16)
  );
#5256 = ORIENTED_EDGE('',*,*,#5257,.T.);
#5257 = EDGE_CURVE('',#5250,#5258,#5260,.T.);
#5258 = VERTEX_POINT('',#5259);
#5259 = CARTESIAN_POINT('',(43.817958034326,116.62091466349,
    5.782041512248E-13));
#5260 = LINE('',#5261,#5262);
#5261 = CARTESIAN_POINT('',(47.436661199978,117.74587485878,
    5.782041512248E-13));
#5262 = VECTOR('',#5263,1.);
#5263 = DIRECTION('',(-0.954921019926,-0.296859976595,-1.16944097049E-16
    ));
#5264 = ORIENTED_EDGE('',*,*,#5265,.T.);
#5265 = EDGE_CURVE('',#5258,#5266,#5268,.T.);
#5266 = VERTEX_POINT('',#5267);
#5267 = CARTESIAN_POINT('',(43.061290107379,115.59329842136,
    5.782041512248E-13));
#5268 = CIRCLE('',#5269,1.076126947351);
#5269 = AXIS2_PLACEMENT_3D('',#5270,#5271,#5272);
#5270 = CARTESIAN_POINT('',(44.137417054731,115.59329842136,
    5.782041512248E-13));
#5271 = DIRECTION('',(-1.224646799147E-16,0.,1.));
#5272 = DIRECTION('',(-1.,0.,-1.224646799147E-16));
#5273 = ORIENTED_EDGE('',*,*,#5274,.T.);
#5274 = EDGE_CURVE('',#5266,#5275,#5277,.T.);
#5275 = VERTEX_POINT('',#5276);
#5276 = CARTESIAN_POINT('',(43.06129010738,115.32205413439,
    5.782041512248E-13));
#5277 = LINE('',#5278,#5279);
#5278 = CARTESIAN_POINT('',(43.06129010739,112.06514659095,
    5.782041512248E-13));
#5279 = VECTOR('',#5280,1.);
#5280 = DIRECTION('',(2.983851177071E-12,-1.,3.654163793132E-28));
#5281 = ORIENTED_EDGE('',*,*,#5282,.T.);
#5282 = EDGE_CURVE('',#5275,#5283,#5285,.T.);
#5283 = VERTEX_POINT('',#5284);
#5284 = CARTESIAN_POINT('',(44.465816128434,114.29725988421,
    5.782041512248E-13));
#5285 = CIRCLE('',#5286,1.076126947351);
#5286 = AXIS2_PLACEMENT_3D('',#5287,#5288,#5289);
#5287 = CARTESIAN_POINT('',(44.137417054731,115.32205413439,
    5.782041512248E-13));
#5288 = DIRECTION('',(-1.224646799147E-16,0.,1.));
#5289 = DIRECTION('',(0.305167596176,-0.952298660213,3.737225198609E-17)
  );
#5290 = ORIENTED_EDGE('',*,*,#5291,.T.);
#5291 = EDGE_CURVE('',#5283,#5292,#5294,.T.);
#5292 = VERTEX_POINT('',#5293);
#5293 = CARTESIAN_POINT('',(52.835754151894,116.97943720263,
    5.782041512248E-13));
#5294 = LINE('',#5295,#5296);
#5295 = CARTESIAN_POINT('',(45.444745167714,114.61096128297,
    5.782041512248E-13));
#5296 = VECTOR('',#5297,1.);
#5297 = DIRECTION('',(0.952298660213,0.305167596179,1.166229506062E-16)
  );
#5298 = ORIENTED_EDGE('',*,*,#5299,.T.);
#5299 = EDGE_CURVE('',#5292,#5147,#5300,.T.);
#5300 = CIRCLE('',#5301,1.076126947349);
#5301 = AXIS2_PLACEMENT_3D('',#5302,#5303,#5304);
#5302 = CARTESIAN_POINT('',(52.507355078188,118.00423145281,
    5.782041512248E-13));
#5303 = DIRECTION('',(-1.224646799147E-16,6.162975822039E-33,1.));
#5304 = DIRECTION('',(0.499255776363,0.866454655344,6.11411988479E-17));
#5305 = PLANE('',#5306);
#5306 = AXIS2_PLACEMENT_3D('',#5307,#5308,#5309);
#5307 = CARTESIAN_POINT('',(48.470625805413,108.53699476055,
    5.782041512248E-13));
#5308 = DIRECTION('',(1.224646799147E-16,0.,-1.));
#5309 = DIRECTION('',(-1.,0.,-1.224646799147E-16));
#5310 = ADVANCED_FACE('',(#5311),#5338,.F.);
#5311 = FACE_BOUND('',#5312,.F.);
#5312 = EDGE_LOOP('',(#5313,#5314,#5322,#5331,#5337));
#5313 = ORIENTED_EDGE('',*,*,#3019,.T.);
#5314 = ORIENTED_EDGE('',*,*,#5315,.F.);
#5315 = EDGE_CURVE('',#5316,#3020,#5318,.T.);
#5316 = VERTEX_POINT('',#5317);
#5317 = CARTESIAN_POINT('',(35.470625806097,213.71669331296,
    3.000000000001));
#5318 = LINE('',#5319,#5320);
#5319 = CARTESIAN_POINT('',(35.470625806097,213.71669331296,
    3.000000000001));
#5320 = VECTOR('',#5321,1.);
#5321 = DIRECTION('',(1.224646799147E-16,0.,-1.));
#5322 = ORIENTED_EDGE('',*,*,#5323,.T.);
#5323 = EDGE_CURVE('',#5316,#5324,#5326,.T.);
#5324 = VERTEX_POINT('',#5325);
#5325 = CARTESIAN_POINT('',(34.670625806098,214.51669331296,
    3.000000000001));
#5326 = CIRCLE('',#5327,0.8);
#5327 = AXIS2_PLACEMENT_3D('',#5328,#5329,#5330);
#5328 = CARTESIAN_POINT('',(35.470625806097,214.51669331296,
    3.000000000001));
#5329 = DIRECTION('',(1.224646799147E-16,0.,-1.));
#5330 = DIRECTION('',(-4.0800696155E-13,-1.,-4.99664419492E-29));
#5331 = ORIENTED_EDGE('',*,*,#5332,.T.);
#5332 = EDGE_CURVE('',#5324,#2785,#5333,.T.);
#5333 = LINE('',#5334,#5335);
#5334 = CARTESIAN_POINT('',(34.670625806098,214.51669331296,
    3.000000000001));
#5335 = VECTOR('',#5336,1.);
#5336 = DIRECTION('',(1.224646799147E-16,0.,-1.));
#5337 = ORIENTED_EDGE('',*,*,#2784,.T.);
#5338 = CYLINDRICAL_SURFACE('',#5339,0.8);
#5339 = AXIS2_PLACEMENT_3D('',#5340,#5341,#5342);
#5340 = CARTESIAN_POINT('',(35.470625806097,214.51669331296,
    3.000000000001));
#5341 = DIRECTION('',(1.224646799147E-16,0.,-1.));
#5342 = DIRECTION('',(-4.0800696155E-13,-1.,-4.99664419492E-29));
#5343 = ADVANCED_FACE('',(#5344),#5369,.F.);
#5344 = FACE_BOUND('',#5345,.T.);
#5345 = EDGE_LOOP('',(#5346,#5347,#5355,#5363));
#5346 = ORIENTED_EDGE('',*,*,#5146,.F.);
#5347 = ORIENTED_EDGE('',*,*,#5348,.T.);
#5348 = EDGE_CURVE('',#5147,#5349,#5351,.T.);
#5349 = VERTEX_POINT('',#5350);
#5350 = CARTESIAN_POINT('',(53.044617672752,118.93664665608,
    0.500000000001));
#5351 = LINE('',#5352,#5353);
#5352 = CARTESIAN_POINT('',(53.044617672752,118.93664665608,
    5.782041512248E-13));
#5353 = VECTOR('',#5354,1.);
#5354 = DIRECTION('',(-1.224646799147E-16,0.,1.));
#5355 = ORIENTED_EDGE('',*,*,#5356,.T.);
#5356 = EDGE_CURVE('',#5349,#5357,#5359,.T.);
#5357 = VERTEX_POINT('',#5358);
#5358 = CARTESIAN_POINT('',(51.391759600674,119.88903225977,
    0.500000000001));
#5359 = LINE('',#5360,#5361);
#5360 = CARTESIAN_POINT('',(51.391759600671,119.88903225977,
    0.500000000001));
#5361 = VECTOR('',#5362,1.);
#5362 = DIRECTION('',(-0.866454655343,0.499255776365,-1.061100920273E-16
    ));
#5363 = ORIENTED_EDGE('',*,*,#5364,.F.);
#5364 = EDGE_CURVE('',#5149,#5357,#5365,.T.);
#5365 = LINE('',#5366,#5367);
#5366 = CARTESIAN_POINT('',(51.391759600674,119.88903225977,
    5.782041512248E-13));
#5367 = VECTOR('',#5368,1.);
#5368 = DIRECTION('',(-1.224646799147E-16,0.,1.));
#5369 = PLANE('',#5370);
#5370 = AXIS2_PLACEMENT_3D('',#5371,#5372,#5373);
#5371 = CARTESIAN_POINT('',(53.044617672752,118.93664665608,
    5.782041512248E-13));
#5372 = DIRECTION('',(0.499255776365,0.866454655343,6.114119884812E-17)
  );
#5373 = DIRECTION('',(-0.866454655343,0.499255776365,-1.061100920273E-16
    ));
#5374 = ADVANCED_FACE('',(#5375),#5394,.F.);
#5375 = FACE_BOUND('',#5376,.F.);
#5376 = EDGE_LOOP('',(#5377,#5378,#5387,#5393));
#5377 = ORIENTED_EDGE('',*,*,#5348,.T.);
#5378 = ORIENTED_EDGE('',*,*,#5379,.F.);
#5379 = EDGE_CURVE('',#5380,#5349,#5382,.T.);
#5380 = VERTEX_POINT('',#5381);
#5381 = CARTESIAN_POINT('',(52.835754151894,116.97943720263,
    0.500000000001));
#5382 = CIRCLE('',#5383,1.076126947349);
#5383 = AXIS2_PLACEMENT_3D('',#5384,#5385,#5386);
#5384 = CARTESIAN_POINT('',(52.507355078188,118.00423145281,
    0.500000000001));
#5385 = DIRECTION('',(-1.224646799147E-16,6.162975822039E-33,1.));
#5386 = DIRECTION('',(0.499255776363,0.866454655344,6.11411988479E-17));
#5387 = ORIENTED_EDGE('',*,*,#5388,.F.);
#5388 = EDGE_CURVE('',#5292,#5380,#5389,.T.);
#5389 = LINE('',#5390,#5391);
#5390 = CARTESIAN_POINT('',(52.835754151894,116.97943720263,
    5.782041512248E-13));
#5391 = VECTOR('',#5392,1.);
#5392 = DIRECTION('',(-1.224646799147E-16,0.,1.));
#5393 = ORIENTED_EDGE('',*,*,#5299,.T.);
#5394 = CYLINDRICAL_SURFACE('',#5395,1.076126947349);
#5395 = AXIS2_PLACEMENT_3D('',#5396,#5397,#5398);
#5396 = CARTESIAN_POINT('',(52.507355078188,118.00423145281,
    5.782041512248E-13));
#5397 = DIRECTION('',(-1.224646799147E-16,0.,1.));
#5398 = DIRECTION('',(0.499255776363,0.866454655344,6.11411988479E-17));
#5399 = ADVANCED_FACE('',(#5400),#5418,.F.);
#5400 = FACE_BOUND('',#5401,.T.);
#5401 = EDGE_LOOP('',(#5402,#5403,#5411,#5417));
#5402 = ORIENTED_EDGE('',*,*,#5291,.F.);
#5403 = ORIENTED_EDGE('',*,*,#5404,.T.);
#5404 = EDGE_CURVE('',#5283,#5405,#5407,.T.);
#5405 = VERTEX_POINT('',#5406);
#5406 = CARTESIAN_POINT('',(44.465816128434,114.29725988421,
    0.500000000001));
#5407 = LINE('',#5408,#5409);
#5408 = CARTESIAN_POINT('',(44.465816128434,114.29725988421,
    5.782041512248E-13));
#5409 = VECTOR('',#5410,1.);
#5410 = DIRECTION('',(-1.224646799147E-16,0.,1.));
#5411 = ORIENTED_EDGE('',*,*,#5412,.T.);
#5412 = EDGE_CURVE('',#5405,#5380,#5413,.T.);
#5413 = LINE('',#5414,#5415);
#5414 = CARTESIAN_POINT('',(52.835754151895,116.97943720263,
    0.500000000001));
#5415 = VECTOR('',#5416,1.);
#5416 = DIRECTION('',(0.952298660213,0.305167596179,1.166229506062E-16)
  );
#5417 = ORIENTED_EDGE('',*,*,#5388,.F.);
#5418 = PLANE('',#5419);
#5419 = AXIS2_PLACEMENT_3D('',#5420,#5421,#5422);
#5420 = CARTESIAN_POINT('',(44.465816128434,114.29725988421,
    5.782041512248E-13));
#5421 = DIRECTION('',(0.305167596179,-0.952298660213,3.737225198636E-17)
  );
#5422 = DIRECTION('',(0.952298660213,0.305167596179,1.166229506062E-16)
  );
#5423 = ADVANCED_FACE('',(#5424),#5443,.F.);
#5424 = FACE_BOUND('',#5425,.F.);
#5425 = EDGE_LOOP('',(#5426,#5427,#5436,#5442));
#5426 = ORIENTED_EDGE('',*,*,#5404,.T.);
#5427 = ORIENTED_EDGE('',*,*,#5428,.F.);
#5428 = EDGE_CURVE('',#5429,#5405,#5431,.T.);
#5429 = VERTEX_POINT('',#5430);
#5430 = CARTESIAN_POINT('',(43.06129010738,115.32205413439,
    0.500000000001));
#5431 = CIRCLE('',#5432,1.076126947351);
#5432 = AXIS2_PLACEMENT_3D('',#5433,#5434,#5435);
#5433 = CARTESIAN_POINT('',(44.137417054731,115.32205413439,
    0.500000000001));
#5434 = DIRECTION('',(-1.224646799147E-16,0.,1.));
#5435 = DIRECTION('',(0.305167596176,-0.952298660213,3.737225198609E-17)
  );
#5436 = ORIENTED_EDGE('',*,*,#5437,.F.);
#5437 = EDGE_CURVE('',#5275,#5429,#5438,.T.);
#5438 = LINE('',#5439,#5440);
#5439 = CARTESIAN_POINT('',(43.06129010738,115.32205413439,
    5.782041512248E-13));
#5440 = VECTOR('',#5441,1.);
#5441 = DIRECTION('',(-1.224646799147E-16,0.,1.));
#5442 = ORIENTED_EDGE('',*,*,#5282,.T.);
#5443 = CYLINDRICAL_SURFACE('',#5444,1.076126947351);
#5444 = AXIS2_PLACEMENT_3D('',#5445,#5446,#5447);
#5445 = CARTESIAN_POINT('',(44.137417054731,115.32205413439,
    5.782041512248E-13));
#5446 = DIRECTION('',(-1.224646799147E-16,0.,1.));
#5447 = DIRECTION('',(0.305167596176,-0.952298660213,3.737225198609E-17)
  );
#5448 = ADVANCED_FACE('',(#5449),#5467,.F.);
#5449 = FACE_BOUND('',#5450,.T.);
#5450 = EDGE_LOOP('',(#5451,#5452,#5460,#5466));
#5451 = ORIENTED_EDGE('',*,*,#5274,.F.);
#5452 = ORIENTED_EDGE('',*,*,#5453,.T.);
#5453 = EDGE_CURVE('',#5266,#5454,#5456,.T.);
#5454 = VERTEX_POINT('',#5455);
#5455 = CARTESIAN_POINT('',(43.061290107379,115.59329842136,
    0.500000000001));
#5456 = LINE('',#5457,#5458);
#5457 = CARTESIAN_POINT('',(43.061290107379,115.59329842136,
    5.782041512248E-13));
#5458 = VECTOR('',#5459,1.);
#5459 = DIRECTION('',(-1.224646799147E-16,0.,1.));
#5460 = ORIENTED_EDGE('',*,*,#5461,.T.);
#5461 = EDGE_CURVE('',#5454,#5429,#5462,.T.);
#5462 = LINE('',#5463,#5464);
#5463 = CARTESIAN_POINT('',(43.06129010738,115.32205413439,
    0.500000000001));
#5464 = VECTOR('',#5465,1.);
#5465 = DIRECTION('',(2.983851177071E-12,-1.,3.654163793132E-28));
#5466 = ORIENTED_EDGE('',*,*,#5437,.F.);
#5467 = PLANE('',#5468);
#5468 = AXIS2_PLACEMENT_3D('',#5469,#5470,#5471);
#5469 = CARTESIAN_POINT('',(43.061290107379,115.59329842136,
    5.782041512248E-13));
#5470 = DIRECTION('',(-1.,-2.983851177071E-12,-1.224646799147E-16));
#5471 = DIRECTION('',(2.983851177071E-12,-1.,3.654163793132E-28));
#5472 = ADVANCED_FACE('',(#5473),#5492,.F.);
#5473 = FACE_BOUND('',#5474,.F.);
#5474 = EDGE_LOOP('',(#5475,#5476,#5485,#5491));
#5475 = ORIENTED_EDGE('',*,*,#5453,.T.);
#5476 = ORIENTED_EDGE('',*,*,#5477,.F.);
#5477 = EDGE_CURVE('',#5478,#5454,#5480,.T.);
#5478 = VERTEX_POINT('',#5479);
#5479 = CARTESIAN_POINT('',(43.817958034326,116.62091466349,
    0.500000000001));
#5480 = CIRCLE('',#5481,1.076126947351);
#5481 = AXIS2_PLACEMENT_3D('',#5482,#5483,#5484);
#5482 = CARTESIAN_POINT('',(44.137417054731,115.59329842136,
    0.500000000001));
#5483 = DIRECTION('',(-1.224646799147E-16,0.,1.));
#5484 = DIRECTION('',(-1.,0.,-1.224646799147E-16));
#5485 = ORIENTED_EDGE('',*,*,#5486,.F.);
#5486 = EDGE_CURVE('',#5258,#5478,#5487,.T.);
#5487 = LINE('',#5488,#5489);
#5488 = CARTESIAN_POINT('',(43.817958034326,116.62091466349,
    5.782041512248E-13));
#5489 = VECTOR('',#5490,1.);
#5490 = DIRECTION('',(-1.224646799147E-16,0.,1.));
#5491 = ORIENTED_EDGE('',*,*,#5265,.T.);
#5492 = CYLINDRICAL_SURFACE('',#5493,1.076126947351);
#5493 = AXIS2_PLACEMENT_3D('',#5494,#5495,#5496);
#5494 = CARTESIAN_POINT('',(44.137417054731,115.59329842136,
    5.782041512248E-13));
#5495 = DIRECTION('',(-1.224646799147E-16,0.,1.));
#5496 = DIRECTION('',(-1.,0.,-1.224646799147E-16));
#5497 = ADVANCED_FACE('',(#5498),#5516,.F.);
#5498 = FACE_BOUND('',#5499,.T.);
#5499 = EDGE_LOOP('',(#5500,#5501,#5509,#5515));
#5500 = ORIENTED_EDGE('',*,*,#5257,.F.);
#5501 = ORIENTED_EDGE('',*,*,#5502,.T.);
#5502 = EDGE_CURVE('',#5250,#5503,#5505,.T.);
#5503 = VERTEX_POINT('',#5504);
#5504 = CARTESIAN_POINT('',(49.104328961773,118.2643091611,
    0.500000000001));
#5505 = LINE('',#5506,#5507);
#5506 = CARTESIAN_POINT('',(49.104328961773,118.2643091611,
    5.782041512248E-13));
#5507 = VECTOR('',#5508,1.);
#5508 = DIRECTION('',(-1.224646799147E-16,0.,1.));
#5509 = ORIENTED_EDGE('',*,*,#5510,.T.);
#5510 = EDGE_CURVE('',#5503,#5478,#5511,.T.);
#5511 = LINE('',#5512,#5513);
#5512 = CARTESIAN_POINT('',(43.817958034326,116.62091466349,
    0.500000000001));
#5513 = VECTOR('',#5514,1.);
#5514 = DIRECTION('',(-0.954921019926,-0.296859976595,-1.16944097049E-16
    ));
#5515 = ORIENTED_EDGE('',*,*,#5486,.F.);
#5516 = PLANE('',#5517);
#5517 = AXIS2_PLACEMENT_3D('',#5518,#5519,#5520);
#5518 = CARTESIAN_POINT('',(49.104328961773,118.2643091611,
    5.782041512248E-13));
#5519 = DIRECTION('',(-0.296859976595,0.954921019926,-3.635486201325E-17
    ));
#5520 = DIRECTION('',(-0.954921019926,-0.296859976595,-1.16944097049E-16
    ));
#5521 = ADVANCED_FACE('',(#5522),#5540,.F.);
#5522 = FACE_BOUND('',#5523,.T.);
#5523 = EDGE_LOOP('',(#5524,#5525,#5533,#5539));
#5524 = ORIENTED_EDGE('',*,*,#5249,.F.);
#5525 = ORIENTED_EDGE('',*,*,#5526,.T.);
#5526 = EDGE_CURVE('',#5242,#5527,#5529,.T.);
#5527 = VERTEX_POINT('',#5528);
#5528 = CARTESIAN_POINT('',(47.854841214087,119.0568311766,
    0.500000000001));
#5529 = LINE('',#5530,#5531);
#5530 = CARTESIAN_POINT('',(47.854841214087,119.0568311766,
    5.782041512248E-13));
#5531 = VECTOR('',#5532,1.);
#5532 = DIRECTION('',(-1.224646799147E-16,0.,1.));
#5533 = ORIENTED_EDGE('',*,*,#5534,.T.);
#5534 = EDGE_CURVE('',#5527,#5503,#5535,.T.);
#5535 = LINE('',#5536,#5537);
#5536 = CARTESIAN_POINT('',(49.104328961773,118.2643091611,
    0.500000000001));
#5537 = VECTOR('',#5538,1.);
#5538 = DIRECTION('',(0.844458466808,-0.535621039389,1.03416335839E-16)
  );
#5539 = ORIENTED_EDGE('',*,*,#5502,.F.);
#5540 = PLANE('',#5541);
#5541 = AXIS2_PLACEMENT_3D('',#5542,#5543,#5544);
#5542 = CARTESIAN_POINT('',(47.854841214087,119.0568311766,
    5.782041512248E-13));
#5543 = DIRECTION('',(-0.535621039389,-0.844458466808,
    -6.559465914433E-17));
#5544 = DIRECTION('',(0.844458466808,-0.535621039389,1.03416335839E-16)
  );
#5545 = ADVANCED_FACE('',(#5546),#5564,.F.);
#5546 = FACE_BOUND('',#5547,.T.);
#5547 = EDGE_LOOP('',(#5548,#5549,#5557,#5563));
#5548 = ORIENTED_EDGE('',*,*,#5241,.F.);
#5549 = ORIENTED_EDGE('',*,*,#5550,.T.);
#5550 = EDGE_CURVE('',#5233,#5551,#5553,.T.);
#5551 = VERTEX_POINT('',#5552);
#5552 = CARTESIAN_POINT('',(44.489167256847,117.89276216984,
    0.500000000001));
#5553 = LINE('',#5554,#5555);
#5554 = CARTESIAN_POINT('',(44.489167256847,117.89276216984,
    5.782041512248E-13));
#5555 = VECTOR('',#5556,1.);
#5556 = DIRECTION('',(-1.224646799147E-16,0.,1.));
#5557 = ORIENTED_EDGE('',*,*,#5558,.T.);
#5558 = EDGE_CURVE('',#5551,#5527,#5559,.T.);
#5559 = LINE('',#5560,#5561);
#5560 = CARTESIAN_POINT('',(47.854841214087,119.0568311766,
    0.500000000001));
#5561 = VECTOR('',#5562,1.);
#5562 = DIRECTION('',(0.945070408258,0.326866828289,1.157377450442E-16)
  );
#5563 = ORIENTED_EDGE('',*,*,#5526,.F.);
#5564 = PLANE('',#5565);
#5565 = AXIS2_PLACEMENT_3D('',#5566,#5567,#5568);
#5566 = CARTESIAN_POINT('',(44.489167256847,117.89276216984,
    5.782041512248E-13));
#5567 = DIRECTION('',(0.326866828289,-0.945070408258,4.002964150117E-17)
  );
#5568 = DIRECTION('',(0.945070408258,0.326866828289,1.157377450442E-16)
  );
#5569 = ADVANCED_FACE('',(#5570),#5589,.F.);
#5570 = FACE_BOUND('',#5571,.F.);
#5571 = EDGE_LOOP('',(#5572,#5573,#5582,#5588));
#5572 = ORIENTED_EDGE('',*,*,#5550,.T.);
#5573 = ORIENTED_EDGE('',*,*,#5574,.F.);
#5574 = EDGE_CURVE('',#5575,#5551,#5577,.T.);
#5575 = VERTEX_POINT('',#5576);
#5576 = CARTESIAN_POINT('',(43.06129010738,118.90977790331,
    0.500000000001));
#5577 = CIRCLE('',#5578,1.076126947349);
#5578 = AXIS2_PLACEMENT_3D('',#5579,#5580,#5581);
#5579 = CARTESIAN_POINT('',(44.137417054731,118.90977790331,
    0.500000000001));
#5580 = DIRECTION('',(-1.224646799147E-16,0.,1.));
#5581 = DIRECTION('',(0.326866828289,-0.945070408258,4.00296415012E-17)
  );
#5582 = ORIENTED_EDGE('',*,*,#5583,.F.);
#5583 = EDGE_CURVE('',#5225,#5575,#5584,.T.);
#5584 = LINE('',#5585,#5586);
#5585 = CARTESIAN_POINT('',(43.06129010738,118.90977790331,
    5.782041512248E-13));
#5586 = VECTOR('',#5587,1.);
#5587 = DIRECTION('',(-1.224646799147E-16,0.,1.));
#5588 = ORIENTED_EDGE('',*,*,#5232,.T.);
#5589 = CYLINDRICAL_SURFACE('',#5590,1.076126947349);
#5590 = AXIS2_PLACEMENT_3D('',#5591,#5592,#5593);
#5591 = CARTESIAN_POINT('',(44.137417054731,118.90977790331,
    5.782041512248E-13));
#5592 = DIRECTION('',(-1.224646799147E-16,0.,1.));
#5593 = DIRECTION('',(0.326866828289,-0.945070408258,4.00296415012E-17)
  );
#5594 = ADVANCED_FACE('',(#5595),#5613,.F.);
#5595 = FACE_BOUND('',#5596,.T.);
#5596 = EDGE_LOOP('',(#5597,#5598,#5606,#5612));
#5597 = ORIENTED_EDGE('',*,*,#5224,.F.);
#5598 = ORIENTED_EDGE('',*,*,#5599,.T.);
#5599 = EDGE_CURVE('',#5216,#5600,#5602,.T.);
#5600 = VERTEX_POINT('',#5601);
#5601 = CARTESIAN_POINT('',(43.061290107379,119.19822519264,
    0.500000000001));
#5602 = LINE('',#5603,#5604);
#5603 = CARTESIAN_POINT('',(43.061290107379,119.19822519264,
    5.782041512248E-13));
#5604 = VECTOR('',#5605,1.);
#5605 = DIRECTION('',(-1.224646799147E-16,0.,1.));
#5606 = ORIENTED_EDGE('',*,*,#5607,.T.);
#5607 = EDGE_CURVE('',#5600,#5575,#5608,.T.);
#5608 = LINE('',#5609,#5610);
#5609 = CARTESIAN_POINT('',(43.06129010738,118.90977790331,
    0.500000000001));
#5610 = VECTOR('',#5611,1.);
#5611 = DIRECTION('',(2.805894230527E-12,-1.,3.436229388161E-28));
#5612 = ORIENTED_EDGE('',*,*,#5583,.F.);
#5613 = PLANE('',#5614);
#5614 = AXIS2_PLACEMENT_3D('',#5615,#5616,#5617);
#5615 = CARTESIAN_POINT('',(43.061290107379,119.19822519264,
    5.782041512248E-13));
#5616 = DIRECTION('',(-1.,-2.805894230527E-12,-1.224646799147E-16));
#5617 = DIRECTION('',(2.805894230527E-12,-1.,3.436229388161E-28));
#5618 = ADVANCED_FACE('',(#5619),#5638,.F.);
#5619 = FACE_BOUND('',#5620,.F.);
#5620 = EDGE_LOOP('',(#5621,#5622,#5631,#5637));
#5621 = ORIENTED_EDGE('',*,*,#5599,.T.);
#5622 = ORIENTED_EDGE('',*,*,#5623,.F.);
#5623 = EDGE_CURVE('',#5624,#5600,#5626,.T.);
#5624 = VERTEX_POINT('',#5625);
#5625 = CARTESIAN_POINT('',(43.79900579345,120.219756898,0.500000000001)
  );
#5626 = CIRCLE('',#5627,1.076126947351);
#5627 = AXIS2_PLACEMENT_3D('',#5628,#5629,#5630);
#5628 = CARTESIAN_POINT('',(44.137417054731,119.19822519264,
    0.500000000001));
#5629 = DIRECTION('',(-1.224646799147E-16,0.,1.));
#5630 = DIRECTION('',(-1.,0.,-1.224646799147E-16));
#5631 = ORIENTED_EDGE('',*,*,#5632,.F.);
#5632 = EDGE_CURVE('',#5208,#5624,#5633,.T.);
#5633 = LINE('',#5634,#5635);
#5634 = CARTESIAN_POINT('',(43.79900579345,120.219756898,
    5.782041512248E-13));
#5635 = VECTOR('',#5636,1.);
#5636 = DIRECTION('',(-1.224646799147E-16,0.,1.));
#5637 = ORIENTED_EDGE('',*,*,#5215,.T.);
#5638 = CYLINDRICAL_SURFACE('',#5639,1.076126947351);
#5639 = AXIS2_PLACEMENT_3D('',#5640,#5641,#5642);
#5640 = CARTESIAN_POINT('',(44.137417054731,119.19822519264,
    5.782041512248E-13));
#5641 = DIRECTION('',(-1.224646799147E-16,0.,1.));
#5642 = DIRECTION('',(-1.,0.,-1.224646799147E-16));
#5643 = ADVANCED_FACE('',(#5644),#5662,.F.);
#5644 = FACE_BOUND('',#5645,.T.);
#5645 = EDGE_LOOP('',(#5646,#5647,#5655,#5661));
#5646 = ORIENTED_EDGE('',*,*,#5207,.F.);
#5647 = ORIENTED_EDGE('',*,*,#5648,.T.);
#5648 = EDGE_CURVE('',#5200,#5649,#5651,.T.);
#5649 = VERTEX_POINT('',#5650);
#5650 = CARTESIAN_POINT('',(45.952508032488,120.93316540511,
    0.500000000001));
#5651 = LINE('',#5652,#5653);
#5652 = CARTESIAN_POINT('',(45.952508032488,120.93316540511,
    5.782041512248E-13));
#5653 = VECTOR('',#5654,1.);
#5654 = DIRECTION('',(-1.224646799147E-16,0.,1.));
#5655 = ORIENTED_EDGE('',*,*,#5656,.T.);
#5656 = EDGE_CURVE('',#5649,#5624,#5657,.T.);
#5657 = LINE('',#5658,#5659);
#5658 = CARTESIAN_POINT('',(43.79900579345,120.219756898,0.500000000001)
  );
#5659 = VECTOR('',#5660,1.);
#5660 = DIRECTION('',(-0.949266913047,-0.314471505535,-1.1625166866E-16)
  );
#5661 = ORIENTED_EDGE('',*,*,#5632,.F.);
#5662 = PLANE('',#5663);
#5663 = AXIS2_PLACEMENT_3D('',#5664,#5665,#5666);
#5664 = CARTESIAN_POINT('',(45.952508032488,120.93316540511,
    5.782041512248E-13));
#5665 = DIRECTION('',(-0.314471505535,0.949266913047,-3.851165226768E-17
    ));
#5666 = DIRECTION('',(-0.949266913047,-0.314471505535,-1.1625166866E-16)
  );
#5667 = ADVANCED_FACE('',(#5668),#5686,.F.);
#5668 = FACE_BOUND('',#5669,.T.);
#5669 = EDGE_LOOP('',(#5670,#5671,#5679,#5685));
#5670 = ORIENTED_EDGE('',*,*,#5199,.F.);
#5671 = ORIENTED_EDGE('',*,*,#5672,.T.);
#5672 = EDGE_CURVE('',#5191,#5673,#5675,.T.);
#5673 = VERTEX_POINT('',#5674);
#5674 = CARTESIAN_POINT('',(43.30424406144,122.47550898768,
    0.500000000001));
#5675 = LINE('',#5676,#5677);
#5676 = CARTESIAN_POINT('',(43.30424406144,122.47550898768,
    5.782041512248E-13));
#5677 = VECTOR('',#5678,1.);
#5678 = DIRECTION('',(-1.224646799147E-16,0.,1.));
#5679 = ORIENTED_EDGE('',*,*,#5680,.T.);
#5680 = EDGE_CURVE('',#5673,#5649,#5681,.T.);
#5681 = LINE('',#5682,#5683);
#5682 = CARTESIAN_POINT('',(45.952508032488,120.93316540511,
    0.500000000001));
#5683 = VECTOR('',#5684,1.);
#5684 = DIRECTION('',(0.864130475785,-0.503267842027,1.058254621216E-16)
  );
#5685 = ORIENTED_EDGE('',*,*,#5648,.F.);
#5686 = PLANE('',#5687);
#5687 = AXIS2_PLACEMENT_3D('',#5688,#5689,#5690);
#5688 = CARTESIAN_POINT('',(43.30424406144,122.47550898768,
    5.782041512248E-13));
#5689 = DIRECTION('',(-0.503267842027,-0.864130475785,
    -6.163253518526E-17));
#5690 = DIRECTION('',(0.864130475785,-0.503267842027,1.058254621216E-16)
  );
#5691 = ADVANCED_FACE('',(#5692),#5711,.F.);
#5692 = FACE_BOUND('',#5693,.F.);
#5693 = EDGE_LOOP('',(#5694,#5695,#5704,#5710));
#5694 = ORIENTED_EDGE('',*,*,#5672,.T.);
#5695 = ORIENTED_EDGE('',*,*,#5696,.F.);
#5696 = EDGE_CURVE('',#5697,#5673,#5699,.T.);
#5697 = VERTEX_POINT('',#5698);
#5698 = CARTESIAN_POINT('',(42.769697200627,123.4054230787,
    0.500000000001));
#5699 = CIRCLE('',#5700,1.07612694735);
#5700 = AXIS2_PLACEMENT_3D('',#5701,#5702,#5703);
#5701 = CARTESIAN_POINT('',(43.845824147978,123.4054230787,
    0.500000000001));
#5702 = DIRECTION('',(-1.224646799147E-16,0.,1.));
#5703 = DIRECTION('',(-0.503267842025,-0.864130475787,
    -6.163253518496E-17));
#5704 = ORIENTED_EDGE('',*,*,#5705,.F.);
#5705 = EDGE_CURVE('',#5183,#5697,#5706,.T.);
#5706 = LINE('',#5707,#5708);
#5707 = CARTESIAN_POINT('',(42.769697200627,123.4054230787,
    5.782041512248E-13));
#5708 = VECTOR('',#5709,1.);
#5709 = DIRECTION('',(-1.224646799147E-16,0.,1.));
#5710 = ORIENTED_EDGE('',*,*,#5190,.T.);
#5711 = CYLINDRICAL_SURFACE('',#5712,1.07612694735);
#5712 = AXIS2_PLACEMENT_3D('',#5713,#5714,#5715);
#5713 = CARTESIAN_POINT('',(43.845824147978,123.4054230787,
    5.782041512248E-13));
#5714 = DIRECTION('',(-1.224646799147E-16,0.,1.));
#5715 = DIRECTION('',(-0.503267842025,-0.864130475787,
    -6.163253518496E-17));
#5716 = ADVANCED_FACE('',(#5717),#5735,.F.);
#5717 = FACE_BOUND('',#5718,.T.);
#5718 = EDGE_LOOP('',(#5719,#5720,#5728,#5734));
#5719 = ORIENTED_EDGE('',*,*,#5182,.F.);
#5720 = ORIENTED_EDGE('',*,*,#5721,.T.);
#5721 = EDGE_CURVE('',#5174,#5722,#5724,.T.);
#5722 = VERTEX_POINT('',#5723);
#5723 = CARTESIAN_POINT('',(42.76969720063,123.98046221921,
    0.500000000001));
#5724 = LINE('',#5725,#5726);
#5725 = CARTESIAN_POINT('',(42.76969720063,123.98046221921,
    5.782041512248E-13));
#5726 = VECTOR('',#5727,1.);
#5727 = DIRECTION('',(-1.224646799147E-16,0.,1.));
#5728 = ORIENTED_EDGE('',*,*,#5729,.T.);
#5729 = EDGE_CURVE('',#5722,#5697,#5730,.T.);
#5730 = LINE('',#5731,#5732);
#5731 = CARTESIAN_POINT('',(42.769697200627,123.4054230787,
    0.500000000001));
#5732 = VECTOR('',#5733,1.);
#5733 = DIRECTION('',(-4.919401250193E-12,-1.,-6.02452899477E-28));
#5734 = ORIENTED_EDGE('',*,*,#5705,.F.);
#5735 = PLANE('',#5736);
#5736 = AXIS2_PLACEMENT_3D('',#5737,#5738,#5739);
#5737 = CARTESIAN_POINT('',(42.76969720063,123.98046221921,
    5.782041512248E-13));
#5738 = DIRECTION('',(-1.,4.919401250193E-12,-1.224646799147E-16));
#5739 = DIRECTION('',(-4.919401250193E-12,-1.,-6.02452899477E-28));
#5740 = ADVANCED_FACE('',(#5741),#5760,.F.);
#5741 = FACE_BOUND('',#5742,.F.);
#5742 = EDGE_LOOP('',(#5743,#5744,#5753,#5759));
#5743 = ORIENTED_EDGE('',*,*,#5721,.T.);
#5744 = ORIENTED_EDGE('',*,*,#5745,.F.);
#5745 = EDGE_CURVE('',#5746,#5722,#5748,.T.);
#5746 = VERTEX_POINT('',#5747);
#5747 = CARTESIAN_POINT('',(44.389730586726,124.90901754481,
    0.500000000001));
#5748 = CIRCLE('',#5749,1.076126947348);
#5749 = AXIS2_PLACEMENT_3D('',#5750,#5751,#5752);
#5750 = CARTESIAN_POINT('',(43.845824147978,123.98046221921,
    0.500000000001));
#5751 = DIRECTION('',(-1.224646799147E-16,0.,1.));
#5752 = DIRECTION('',(-1.,0.,-1.224646799147E-16));
#5753 = ORIENTED_EDGE('',*,*,#5754,.F.);
#5754 = EDGE_CURVE('',#5166,#5746,#5755,.T.);
#5755 = LINE('',#5756,#5757);
#5756 = CARTESIAN_POINT('',(44.389730586726,124.90901754481,
    5.782041512248E-13));
#5757 = VECTOR('',#5758,1.);
#5758 = DIRECTION('',(-1.224646799147E-16,0.,1.));
#5759 = ORIENTED_EDGE('',*,*,#5173,.T.);
#5760 = CYLINDRICAL_SURFACE('',#5761,1.076126947348);
#5761 = AXIS2_PLACEMENT_3D('',#5762,#5763,#5764);
#5762 = CARTESIAN_POINT('',(43.845824147978,123.98046221921,
    5.782041512248E-13));
#5763 = DIRECTION('',(-1.224646799147E-16,0.,1.));
#5764 = DIRECTION('',(-1.,0.,-1.224646799147E-16));
#5765 = ADVANCED_FACE('',(#5766),#5784,.F.);
#5766 = FACE_BOUND('',#5767,.T.);
#5767 = EDGE_LOOP('',(#5768,#5769,#5777,#5783));
#5768 = ORIENTED_EDGE('',*,*,#5165,.F.);
#5769 = ORIENTED_EDGE('',*,*,#5770,.T.);
#5770 = EDGE_CURVE('',#5157,#5771,#5773,.T.);
#5771 = VERTEX_POINT('',#5772);
#5772 = CARTESIAN_POINT('',(50.889966158083,121.10146845951,
    0.500000000001));
#5773 = LINE('',#5774,#5775);
#5774 = CARTESIAN_POINT('',(50.889966158083,121.10146845951,
    5.782041512248E-13));
#5775 = VECTOR('',#5776,1.);
#5776 = DIRECTION('',(-1.224646799147E-16,0.,1.));
#5777 = ORIENTED_EDGE('',*,*,#5778,.T.);
#5778 = EDGE_CURVE('',#5771,#5746,#5779,.T.);
#5779 = LINE('',#5780,#5781);
#5780 = CARTESIAN_POINT('',(44.389730586728,124.90901754481,
    0.500000000001));
#5781 = VECTOR('',#5782,1.);
#5782 = DIRECTION('',(-0.862867831613,0.505429624346,-1.056708328073E-16
    ));
#5783 = ORIENTED_EDGE('',*,*,#5754,.F.);
#5784 = PLANE('',#5785);
#5785 = AXIS2_PLACEMENT_3D('',#5786,#5787,#5788);
#5786 = CARTESIAN_POINT('',(50.889966158083,121.10146845951,
    5.782041512248E-13));
#5787 = DIRECTION('',(0.505429624346,0.862867831613,6.1897277165E-17));
#5788 = DIRECTION('',(-0.862867831613,0.505429624346,-1.056708328073E-16
    ));
#5789 = ADVANCED_FACE('',(#5790),#5802,.F.);
#5790 = FACE_BOUND('',#5791,.F.);
#5791 = EDGE_LOOP('',(#5792,#5793,#5800,#5801));
#5792 = ORIENTED_EDGE('',*,*,#5770,.T.);
#5793 = ORIENTED_EDGE('',*,*,#5794,.F.);
#5794 = EDGE_CURVE('',#5357,#5771,#5795,.T.);
#5795 = CIRCLE('',#5796,1.076126947353);
#5796 = AXIS2_PLACEMENT_3D('',#5797,#5798,#5799);
#5797 = CARTESIAN_POINT('',(50.352703563515,120.16905325624,
    0.500000000001));
#5798 = DIRECTION('',(-1.224646799147E-16,6.162975822039E-33,1.));
#5799 = DIRECTION('',(0.499255776365,0.866454655344,6.114119884808E-17)
  );
#5800 = ORIENTED_EDGE('',*,*,#5364,.F.);
#5801 = ORIENTED_EDGE('',*,*,#5156,.T.);
#5802 = CYLINDRICAL_SURFACE('',#5803,1.076126947353);
#5803 = AXIS2_PLACEMENT_3D('',#5804,#5805,#5806);
#5804 = CARTESIAN_POINT('',(50.352703563515,120.16905325624,
    5.782041512248E-13));
#5805 = DIRECTION('',(-1.224646799147E-16,0.,1.));
#5806 = DIRECTION('',(0.499255776365,0.866454655344,6.114119884808E-17)
  );
#5807 = ADVANCED_FACE('',(#5808),#5829,.T.);
#5808 = FACE_BOUND('',#5809,.T.);
#5809 = EDGE_LOOP('',(#5810,#5811,#5812,#5813,#5814,#5815,#5816,#5817,
    #5818,#5819,#5820,#5821,#5822,#5823,#5824,#5825,#5826,#5827,#5828));
#5810 = ORIENTED_EDGE('',*,*,#5794,.F.);
#5811 = ORIENTED_EDGE('',*,*,#5356,.F.);
#5812 = ORIENTED_EDGE('',*,*,#5379,.F.);
#5813 = ORIENTED_EDGE('',*,*,#5412,.F.);
#5814 = ORIENTED_EDGE('',*,*,#5428,.F.);
#5815 = ORIENTED_EDGE('',*,*,#5461,.F.);
#5816 = ORIENTED_EDGE('',*,*,#5477,.F.);
#5817 = ORIENTED_EDGE('',*,*,#5510,.F.);
#5818 = ORIENTED_EDGE('',*,*,#5534,.F.);
#5819 = ORIENTED_EDGE('',*,*,#5558,.F.);
#5820 = ORIENTED_EDGE('',*,*,#5574,.F.);
#5821 = ORIENTED_EDGE('',*,*,#5607,.F.);
#5822 = ORIENTED_EDGE('',*,*,#5623,.F.);
#5823 = ORIENTED_EDGE('',*,*,#5656,.F.);
#5824 = ORIENTED_EDGE('',*,*,#5680,.F.);
#5825 = ORIENTED_EDGE('',*,*,#5696,.F.);
#5826 = ORIENTED_EDGE('',*,*,#5729,.F.);
#5827 = ORIENTED_EDGE('',*,*,#5745,.F.);
#5828 = ORIENTED_EDGE('',*,*,#5778,.F.);
#5829 = PLANE('',#5830);
#5830 = AXIS2_PLACEMENT_3D('',#5831,#5832,#5833);
#5831 = CARTESIAN_POINT('',(48.176589613082,119.6512581768,
    0.500000000001));
#5832 = DIRECTION('',(1.224646799147E-16,0.,-1.));
#5833 = DIRECTION('',(-1.,0.,-1.224646799147E-16));
#5834 = ADVANCED_FACE('',(#5835),#5860,.F.);
#5835 = FACE_BOUND('',#5836,.T.);
#5836 = EDGE_LOOP('',(#5837,#5838,#5846,#5854));
#5837 = ORIENTED_EDGE('',*,*,#4992,.F.);
#5838 = ORIENTED_EDGE('',*,*,#5839,.T.);
#5839 = EDGE_CURVE('',#4993,#5840,#5842,.T.);
#5840 = VERTEX_POINT('',#5841);
#5841 = CARTESIAN_POINT('',(51.894488819325,111.75128166749,
    0.500000000001));
#5842 = LINE('',#5843,#5844);
#5843 = CARTESIAN_POINT('',(51.894488819325,111.75128166749,
    5.782041512248E-13));
#5844 = VECTOR('',#5845,1.);
#5845 = DIRECTION('',(-1.224646799147E-16,0.,1.));
#5846 = ORIENTED_EDGE('',*,*,#5847,.T.);
#5847 = EDGE_CURVE('',#5840,#5848,#5850,.T.);
#5848 = VERTEX_POINT('',#5849);
#5849 = CARTESIAN_POINT('',(50.834327229793,111.4773083043,
    0.500000000001));
#5850 = LINE('',#5851,#5852);
#5851 = CARTESIAN_POINT('',(50.834327229793,111.4773083043,
    0.500000000001));
#5852 = VECTOR('',#5853,1.);
#5853 = DIRECTION('',(-0.968192578779,-0.250206175779,
    -1.185693942559E-16));
#5854 = ORIENTED_EDGE('',*,*,#5855,.F.);
#5855 = EDGE_CURVE('',#4995,#5848,#5856,.T.);
#5856 = LINE('',#5857,#5858);
#5857 = CARTESIAN_POINT('',(50.834327229793,111.4773083043,
    5.782041512248E-13));
#5858 = VECTOR('',#5859,1.);
#5859 = DIRECTION('',(-1.224646799147E-16,0.,1.));
#5860 = PLANE('',#5861);
#5861 = AXIS2_PLACEMENT_3D('',#5862,#5863,#5864);
#5862 = CARTESIAN_POINT('',(51.894488819325,111.75128166749,
    5.782041512248E-13));
#5863 = DIRECTION('',(-0.250206175779,0.968192578779,-3.06414192295E-17)
  );
#5864 = DIRECTION('',(-0.968192578779,-0.250206175779,
    -1.185693942559E-16));
#5865 = ADVANCED_FACE('',(#5866),#5885,.F.);
#5866 = FACE_BOUND('',#5867,.F.);
#5867 = EDGE_LOOP('',(#5868,#5869,#5878,#5884));
#5868 = ORIENTED_EDGE('',*,*,#5839,.T.);
#5869 = ORIENTED_EDGE('',*,*,#5870,.F.);
#5870 = EDGE_CURVE('',#5871,#5840,#5873,.T.);
#5871 = VERTEX_POINT('',#5872);
#5872 = CARTESIAN_POINT('',(52.915065424822,111.47981391679,
    0.500000000001));
#5873 = CIRCLE('',#5874,1.07612694735);
#5874 = AXIS2_PLACEMENT_3D('',#5875,#5876,#5877);
#5875 = CARTESIAN_POINT('',(52.163742427477,110.70938354325,
    0.500000000001));
#5876 = DIRECTION('',(-1.224646799147E-16,0.,1.));
#5877 = DIRECTION('',(-0.250206175782,0.968192578778,-3.06414192298E-17)
  );
#5878 = ORIENTED_EDGE('',*,*,#5879,.F.);
#5879 = EDGE_CURVE('',#5130,#5871,#5880,.T.);
#5880 = LINE('',#5881,#5882);
#5881 = CARTESIAN_POINT('',(52.915065424822,111.47981391679,
    5.782041512248E-13));
#5882 = VECTOR('',#5883,1.);
#5883 = DIRECTION('',(-1.224646799147E-16,0.,1.));
#5884 = ORIENTED_EDGE('',*,*,#5137,.T.);
#5885 = CYLINDRICAL_SURFACE('',#5886,1.07612694735);
#5886 = AXIS2_PLACEMENT_3D('',#5887,#5888,#5889);
#5887 = CARTESIAN_POINT('',(52.163742427477,110.70938354325,
    5.782041512248E-13));
#5888 = DIRECTION('',(-1.224646799147E-16,0.,1.));
#5889 = DIRECTION('',(-0.250206175782,0.968192578778,-3.06414192298E-17)
  );
#5890 = ADVANCED_FACE('',(#5891),#5909,.F.);
#5891 = FACE_BOUND('',#5892,.T.);
#5892 = EDGE_LOOP('',(#5893,#5894,#5902,#5908));
#5893 = ORIENTED_EDGE('',*,*,#5129,.F.);
#5894 = ORIENTED_EDGE('',*,*,#5895,.T.);
#5895 = EDGE_CURVE('',#5121,#5896,#5898,.T.);
#5896 = VERTEX_POINT('',#5897);
#5897 = CARTESIAN_POINT('',(54.559482037984,109.87618033597,
    0.500000000001));
#5898 = LINE('',#5899,#5900);
#5899 = CARTESIAN_POINT('',(54.559482037984,109.87618033597,
    5.782041512248E-13));
#5900 = VECTOR('',#5901,1.);
#5901 = DIRECTION('',(-1.224646799147E-16,0.,1.));
#5902 = ORIENTED_EDGE('',*,*,#5903,.T.);
#5903 = EDGE_CURVE('',#5896,#5871,#5904,.T.);
#5904 = LINE('',#5905,#5906);
#5905 = CARTESIAN_POINT('',(52.915065424822,111.47981391679,
    0.500000000001));
#5906 = VECTOR('',#5907,1.);
#5907 = DIRECTION('',(-0.715928892439,0.698173202702,-8.767600265422E-17
    ));
#5908 = ORIENTED_EDGE('',*,*,#5879,.F.);
#5909 = PLANE('',#5910);
#5910 = AXIS2_PLACEMENT_3D('',#5911,#5912,#5913);
#5911 = CARTESIAN_POINT('',(54.559482037984,109.87618033597,
    5.782041512248E-13));
#5912 = DIRECTION('',(0.698173202702,0.715928892439,8.550155779397E-17)
  );
#5913 = DIRECTION('',(-0.715928892439,0.698173202702,-8.767600265422E-17
    ));
#5914 = ADVANCED_FACE('',(#5915),#5934,.F.);
#5915 = FACE_BOUND('',#5916,.F.);
#5916 = EDGE_LOOP('',(#5917,#5918,#5927,#5933));
#5917 = ORIENTED_EDGE('',*,*,#5895,.T.);
#5918 = ORIENTED_EDGE('',*,*,#5919,.F.);
#5919 = EDGE_CURVE('',#5920,#5896,#5922,.T.);
#5920 = VERTEX_POINT('',#5921);
#5921 = CARTESIAN_POINT('',(54.88428598799,109.10574996243,
    0.500000000001));
#5922 = CIRCLE('',#5923,1.07612694735);
#5923 = AXIS2_PLACEMENT_3D('',#5924,#5925,#5926);
#5924 = CARTESIAN_POINT('',(53.808159040639,109.10574996243,
    0.500000000001));
#5925 = DIRECTION('',(-1.224646799147E-16,0.,1.));
#5926 = DIRECTION('',(0.698173202701,0.715928892439,8.550155779388E-17)
  );
#5927 = ORIENTED_EDGE('',*,*,#5928,.F.);
#5928 = EDGE_CURVE('',#5113,#5920,#5929,.T.);
#5929 = LINE('',#5930,#5931);
#5930 = CARTESIAN_POINT('',(54.88428598799,109.10574996243,
    5.782041512248E-13));
#5931 = VECTOR('',#5932,1.);
#5932 = DIRECTION('',(-1.224646799147E-16,0.,1.));
#5933 = ORIENTED_EDGE('',*,*,#5120,.T.);
#5934 = CYLINDRICAL_SURFACE('',#5935,1.07612694735);
#5935 = AXIS2_PLACEMENT_3D('',#5936,#5937,#5938);
#5936 = CARTESIAN_POINT('',(53.808159040639,109.10574996243,
    5.782041512248E-13));
#5937 = DIRECTION('',(-1.224646799147E-16,0.,1.));
#5938 = DIRECTION('',(0.698173202701,0.715928892439,8.550155779388E-17)
  );
#5939 = ADVANCED_FACE('',(#5940),#5958,.F.);
#5940 = FACE_BOUND('',#5941,.T.);
#5941 = EDGE_LOOP('',(#5942,#5943,#5951,#5957));
#5942 = ORIENTED_EDGE('',*,*,#5112,.F.);
#5943 = ORIENTED_EDGE('',*,*,#5944,.T.);
#5944 = EDGE_CURVE('',#5104,#5945,#5947,.T.);
#5945 = VERTEX_POINT('',#5946);
#5946 = CARTESIAN_POINT('',(54.884285987991,108.55630572559,
    0.500000000001));
#5947 = LINE('',#5948,#5949);
#5948 = CARTESIAN_POINT('',(54.884285987991,108.55630572559,
    5.782041512248E-13));
#5949 = VECTOR('',#5950,1.);
#5950 = DIRECTION('',(-1.224646799147E-16,0.,1.));
#5951 = ORIENTED_EDGE('',*,*,#5952,.T.);
#5952 = EDGE_CURVE('',#5945,#5920,#5953,.T.);
#5953 = LINE('',#5954,#5955);
#5954 = CARTESIAN_POINT('',(54.88428598799,109.10574996243,
    0.500000000001));
#5955 = VECTOR('',#5956,1.);
#5956 = DIRECTION('',(-1.473038628259E-12,1.,-1.803952041118E-28));
#5957 = ORIENTED_EDGE('',*,*,#5928,.F.);
#5958 = PLANE('',#5959);
#5959 = AXIS2_PLACEMENT_3D('',#5960,#5961,#5962);
#5960 = CARTESIAN_POINT('',(54.884285987991,108.55630572559,
    5.782041512248E-13));
#5961 = DIRECTION('',(1.,1.473038628259E-12,1.224646799147E-16));
#5962 = DIRECTION('',(-1.473038628259E-12,1.,-1.803952041118E-28));
#5963 = ADVANCED_FACE('',(#5964),#5983,.F.);
#5964 = FACE_BOUND('',#5965,.F.);
#5965 = EDGE_LOOP('',(#5966,#5967,#5976,#5982));
#5966 = ORIENTED_EDGE('',*,*,#5944,.T.);
#5967 = ORIENTED_EDGE('',*,*,#5968,.F.);
#5968 = EDGE_CURVE('',#5969,#5945,#5971,.T.);
#5969 = VERTEX_POINT('',#5970);
#5970 = CARTESIAN_POINT('',(53.510252427385,107.52223568125,
    0.500000000001));
#5971 = CIRCLE('',#5972,1.076126947351);
#5972 = AXIS2_PLACEMENT_3D('',#5973,#5974,#5975);
#5973 = CARTESIAN_POINT('',(53.808159040639,108.55630572559,
    0.500000000001));
#5974 = DIRECTION('',(-1.224646799147E-16,0.,1.));
#5975 = DIRECTION('',(1.,0.,1.224646799147E-16));
#5976 = ORIENTED_EDGE('',*,*,#5977,.F.);
#5977 = EDGE_CURVE('',#5096,#5969,#5978,.T.);
#5978 = LINE('',#5979,#5980);
#5979 = CARTESIAN_POINT('',(53.510252427385,107.52223568125,
    5.782041512248E-13));
#5980 = VECTOR('',#5981,1.);
#5981 = DIRECTION('',(-1.224646799147E-16,0.,1.));
#5982 = ORIENTED_EDGE('',*,*,#5103,.T.);
#5983 = CYLINDRICAL_SURFACE('',#5984,1.076126947351);
#5984 = AXIS2_PLACEMENT_3D('',#5985,#5986,#5987);
#5985 = CARTESIAN_POINT('',(53.808159040639,108.55630572559,
    5.782041512248E-13));
#5986 = DIRECTION('',(-1.224646799147E-16,0.,1.));
#5987 = DIRECTION('',(1.,0.,1.224646799147E-16));
#5988 = ADVANCED_FACE('',(#5989),#6007,.F.);
#5989 = FACE_BOUND('',#5990,.T.);
#5990 = EDGE_LOOP('',(#5991,#5992,#6000,#6006));
#5991 = ORIENTED_EDGE('',*,*,#5095,.F.);
#5992 = ORIENTED_EDGE('',*,*,#5993,.T.);
#5993 = EDGE_CURVE('',#5087,#5994,#5996,.T.);
#5994 = VERTEX_POINT('',#5995);
#5995 = CARTESIAN_POINT('',(44.539704071535,110.1065728781,
    0.500000000001));
#5996 = LINE('',#5997,#5998);
#5997 = CARTESIAN_POINT('',(44.539704071535,110.1065728781,
    5.782041512248E-13));
#5998 = VECTOR('',#5999,1.);
#5999 = DIRECTION('',(-1.224646799147E-16,0.,1.));
#6000 = ORIENTED_EDGE('',*,*,#6001,.T.);
#6001 = EDGE_CURVE('',#5994,#5969,#6002,.T.);
#6002 = LINE('',#6003,#6004);
#6003 = CARTESIAN_POINT('',(53.510252427385,107.52223568125,
    0.500000000001));
#6004 = VECTOR('',#6005,1.);
#6005 = DIRECTION('',(0.960918269803,-0.276832221317,1.176785483356E-16)
  );
#6006 = ORIENTED_EDGE('',*,*,#5977,.F.);
#6007 = PLANE('',#6008);
#6008 = AXIS2_PLACEMENT_3D('',#6009,#6010,#6011);
#6009 = CARTESIAN_POINT('',(44.539704071535,110.1065728781,
    5.782041512248E-13));
#6010 = DIRECTION('',(-0.276832221317,-0.960918269803,
    -3.390216937373E-17));
#6011 = DIRECTION('',(0.960918269803,-0.276832221317,1.176785483356E-16)
  );
#6012 = ADVANCED_FACE('',(#6013),#6032,.F.);
#6013 = FACE_BOUND('',#6014,.F.);
#6014 = EDGE_LOOP('',(#6015,#6016,#6025,#6031));
#6015 = ORIENTED_EDGE('',*,*,#5993,.T.);
#6016 = ORIENTED_EDGE('',*,*,#6017,.F.);
#6017 = EDGE_CURVE('',#6018,#5994,#6020,.T.);
#6018 = VERTEX_POINT('',#6019);
#6019 = CARTESIAN_POINT('',(43.761483737442,111.14064292244,
    0.500000000001));
#6020 = CIRCLE('',#6021,1.076126947351);
#6021 = AXIS2_PLACEMENT_3D('',#6022,#6023,#6024);
#6022 = CARTESIAN_POINT('',(44.837610684793,111.14064292244,
    0.500000000001));
#6023 = DIRECTION('',(-1.224646799147E-16,0.,1.));
#6024 = DIRECTION('',(-0.27683222132,-0.960918269802,-3.390216937404E-17
    ));
#6025 = ORIENTED_EDGE('',*,*,#6026,.F.);
#6026 = EDGE_CURVE('',#5079,#6018,#6027,.T.);
#6027 = LINE('',#6028,#6029);
#6028 = CARTESIAN_POINT('',(43.761483737442,111.14064292244,
    5.782041512248E-13));
#6029 = VECTOR('',#6030,1.);
#6030 = DIRECTION('',(-1.224646799147E-16,0.,1.));
#6031 = ORIENTED_EDGE('',*,*,#5086,.T.);
#6032 = CYLINDRICAL_SURFACE('',#6033,1.076126947351);
#6033 = AXIS2_PLACEMENT_3D('',#6034,#6035,#6036);
#6034 = CARTESIAN_POINT('',(44.837610684793,111.14064292244,
    5.782041512248E-13));
#6035 = DIRECTION('',(-1.224646799147E-16,0.,1.));
#6036 = DIRECTION('',(-0.27683222132,-0.960918269802,-3.390216937404E-17
    ));
#6037 = ADVANCED_FACE('',(#6038),#6056,.F.);
#6038 = FACE_BOUND('',#6039,.T.);
#6039 = EDGE_LOOP('',(#6040,#6041,#6049,#6055));
#6040 = ORIENTED_EDGE('',*,*,#5078,.F.);
#6041 = ORIENTED_EDGE('',*,*,#6042,.T.);
#6042 = EDGE_CURVE('',#5070,#6043,#6045,.T.);
#6043 = VERTEX_POINT('',#6044);
#6044 = CARTESIAN_POINT('',(43.761483737441,111.74109613842,
    0.500000000001));
#6045 = LINE('',#6046,#6047);
#6046 = CARTESIAN_POINT('',(43.761483737441,111.74109613842,
    5.782041512248E-13));
#6047 = VECTOR('',#6048,1.);
#6048 = DIRECTION('',(-1.224646799147E-16,0.,1.));
#6049 = ORIENTED_EDGE('',*,*,#6050,.T.);
#6050 = EDGE_CURVE('',#6043,#6018,#6051,.T.);
#6051 = LINE('',#6052,#6053);
#6052 = CARTESIAN_POINT('',(43.761483737442,111.14064292244,
    0.500000000001));
#6053 = VECTOR('',#6054,1.);
#6054 = DIRECTION('',(1.349751798144E-12,-1.,1.65296921924E-28));
#6055 = ORIENTED_EDGE('',*,*,#6026,.F.);
#6056 = PLANE('',#6057);
#6057 = AXIS2_PLACEMENT_3D('',#6058,#6059,#6060);
#6058 = CARTESIAN_POINT('',(43.761483737441,111.74109613842,
    5.782041512248E-13));
#6059 = DIRECTION('',(-1.,-1.349751798144E-12,-1.224646799147E-16));
#6060 = DIRECTION('',(1.349751798144E-12,-1.,1.65296921924E-28));
#6061 = ADVANCED_FACE('',(#6062),#6081,.F.);
#6062 = FACE_BOUND('',#6063,.F.);
#6063 = EDGE_LOOP('',(#6064,#6065,#6074,#6080));
#6064 = ORIENTED_EDGE('',*,*,#6042,.T.);
#6065 = ORIENTED_EDGE('',*,*,#6066,.F.);
#6066 = EDGE_CURVE('',#6067,#6043,#6069,.T.);
#6067 = VERTEX_POINT('',#6068);
#6068 = CARTESIAN_POINT('',(44.538328528276,112.77476890947,
    0.500000000001));
#6069 = CIRCLE('',#6070,1.076126947351);
#6070 = AXIS2_PLACEMENT_3D('',#6071,#6072,#6073);
#6071 = CARTESIAN_POINT('',(44.837610684793,111.74109613842,
    0.500000000001));
#6072 = DIRECTION('',(-1.224646799147E-16,0.,1.));
#6073 = DIRECTION('',(-1.,0.,-1.224646799147E-16));
#6074 = ORIENTED_EDGE('',*,*,#6075,.F.);
#6075 = EDGE_CURVE('',#5062,#6067,#6076,.T.);
#6076 = LINE('',#6077,#6078);
#6077 = CARTESIAN_POINT('',(44.538328528276,112.77476890947,
    5.782041512248E-13));
#6078 = VECTOR('',#6079,1.);
#6079 = DIRECTION('',(-1.224646799147E-16,0.,1.));
#6080 = ORIENTED_EDGE('',*,*,#5069,.T.);
#6081 = CYLINDRICAL_SURFACE('',#6082,1.076126947351);
#6082 = AXIS2_PLACEMENT_3D('',#6083,#6084,#6085);
#6083 = CARTESIAN_POINT('',(44.837610684793,111.74109613842,
    5.782041512248E-13));
#6084 = DIRECTION('',(-1.224646799147E-16,0.,1.));
#6085 = DIRECTION('',(-1.,0.,-1.224646799147E-16));
#6086 = ADVANCED_FACE('',(#6087),#6105,.F.);
#6087 = FACE_BOUND('',#6088,.T.);
#6088 = EDGE_LOOP('',(#6089,#6090,#6098,#6104));
#6089 = ORIENTED_EDGE('',*,*,#5061,.F.);
#6090 = ORIENTED_EDGE('',*,*,#6091,.T.);
#6091 = EDGE_CURVE('',#5053,#6092,#6094,.T.);
#6092 = VERTEX_POINT('',#6093);
#6093 = CARTESIAN_POINT('',(53.531438054032,115.3785689592,
    0.500000000001));
#6094 = LINE('',#6095,#6096);
#6095 = CARTESIAN_POINT('',(53.531438054032,115.3785689592,
    5.782041512248E-13));
#6096 = VECTOR('',#6097,1.);
#6097 = DIRECTION('',(-1.224646799147E-16,0.,1.));
#6098 = ORIENTED_EDGE('',*,*,#6099,.T.);
#6099 = EDGE_CURVE('',#6092,#6067,#6100,.T.);
#6100 = LINE('',#6101,#6102);
#6101 = CARTESIAN_POINT('',(44.538328528276,112.77476890947,
    0.500000000001));
#6102 = VECTOR('',#6103,1.);
#6103 = DIRECTION('',(-0.960549100264,-0.278110456442,
    -1.176333381062E-16));
#6104 = ORIENTED_EDGE('',*,*,#6075,.F.);
#6105 = PLANE('',#6106);
#6106 = AXIS2_PLACEMENT_3D('',#6107,#6108,#6109);
#6107 = CARTESIAN_POINT('',(53.531438054032,115.3785689592,
    5.782041512248E-13));
#6108 = DIRECTION('',(-0.278110456442,0.960549100264,-3.405870802906E-17
    ));
#6109 = DIRECTION('',(-0.960549100264,-0.278110456442,
    -1.176333381062E-16));
#6110 = ADVANCED_FACE('',(#6111),#6130,.F.);
#6111 = FACE_BOUND('',#6112,.F.);
#6112 = EDGE_LOOP('',(#6113,#6114,#6123,#6129));
#6113 = ORIENTED_EDGE('',*,*,#6091,.T.);
#6114 = ORIENTED_EDGE('',*,*,#6115,.F.);
#6115 = EDGE_CURVE('',#6116,#6092,#6118,.T.);
#6116 = VERTEX_POINT('',#6117);
#6117 = CARTESIAN_POINT('',(54.9068471579,114.34489618815,0.500000000001
    ));
#6118 = CIRCLE('',#6119,1.076126947351);
#6119 = AXIS2_PLACEMENT_3D('',#6120,#6121,#6122);
#6120 = CARTESIAN_POINT('',(53.830720210549,114.34489618815,
    0.500000000001));
#6121 = DIRECTION('',(-1.224646799147E-16,-6.162975822039E-33,1.));
#6122 = DIRECTION('',(-0.278110456442,0.960549100264,-3.405870802905E-17
    ));
#6123 = ORIENTED_EDGE('',*,*,#6124,.F.);
#6124 = EDGE_CURVE('',#5045,#6116,#6125,.T.);
#6125 = LINE('',#6126,#6127);
#6126 = CARTESIAN_POINT('',(54.9068471579,114.34489618815,
    5.782041512248E-13));
#6127 = VECTOR('',#6128,1.);
#6128 = DIRECTION('',(-1.224646799147E-16,0.,1.));
#6129 = ORIENTED_EDGE('',*,*,#5052,.T.);
#6130 = CYLINDRICAL_SURFACE('',#6131,1.076126947351);
#6131 = AXIS2_PLACEMENT_3D('',#6132,#6133,#6134);
#6132 = CARTESIAN_POINT('',(53.830720210549,114.34489618815,
    5.782041512248E-13));
#6133 = DIRECTION('',(-1.224646799147E-16,0.,1.));
#6134 = DIRECTION('',(-0.278110456442,0.960549100264,-3.405870802905E-17
    ));
#6135 = ADVANCED_FACE('',(#6136),#6154,.F.);
#6136 = FACE_BOUND('',#6137,.T.);
#6137 = EDGE_LOOP('',(#6138,#6139,#6147,#6153));
#6138 = ORIENTED_EDGE('',*,*,#5044,.F.);
#6139 = ORIENTED_EDGE('',*,*,#6140,.T.);
#6140 = EDGE_CURVE('',#5036,#6141,#6143,.T.);
#6141 = VERTEX_POINT('',#6142);
#6142 = CARTESIAN_POINT('',(54.9068471579,114.19817607718,0.500000000001
    ));
#6143 = LINE('',#6144,#6145);
#6144 = CARTESIAN_POINT('',(54.9068471579,114.19817607718,
    5.782041512248E-13));
#6145 = VECTOR('',#6146,1.);
#6146 = DIRECTION('',(-1.224646799147E-16,0.,1.));
#6147 = ORIENTED_EDGE('',*,*,#6148,.T.);
#6148 = EDGE_CURVE('',#6141,#6116,#6149,.T.);
#6149 = LINE('',#6150,#6151);
#6150 = CARTESIAN_POINT('',(54.9068471579,114.19817607718,0.500000000001
    ));
#6151 = VECTOR('',#6152,1.);
#6152 = DIRECTION('',(0.,1.,0.));
#6153 = ORIENTED_EDGE('',*,*,#6124,.F.);
#6154 = PLANE('',#6155);
#6155 = AXIS2_PLACEMENT_3D('',#6156,#6157,#6158);
#6156 = CARTESIAN_POINT('',(54.9068471579,114.19817607718,
    5.782041512248E-13));
#6157 = DIRECTION('',(1.,0.,1.224646799147E-16));
#6158 = DIRECTION('',(-0.,1.,0.));
#6159 = ADVANCED_FACE('',(#6160),#6179,.F.);
#6160 = FACE_BOUND('',#6161,.F.);
#6161 = EDGE_LOOP('',(#6162,#6163,#6172,#6178));
#6162 = ORIENTED_EDGE('',*,*,#6140,.T.);
#6163 = ORIENTED_EDGE('',*,*,#6164,.F.);
#6164 = EDGE_CURVE('',#6165,#6141,#6167,.T.);
#6165 = VERTEX_POINT('',#6166);
#6166 = CARTESIAN_POINT('',(54.099973818697,113.15627795293,
    0.500000000001));
#6167 = CIRCLE('',#6168,1.076126947351);
#6168 = AXIS2_PLACEMENT_3D('',#6169,#6170,#6171);
#6169 = CARTESIAN_POINT('',(53.830720210549,114.19817607718,
    0.500000000001));
#6170 = DIRECTION('',(-1.224646799147E-16,0.,1.));
#6171 = DIRECTION('',(1.,0.,1.224646799147E-16));
#6172 = ORIENTED_EDGE('',*,*,#6173,.F.);
#6173 = EDGE_CURVE('',#5028,#6165,#6174,.T.);
#6174 = LINE('',#6175,#6176);
#6175 = CARTESIAN_POINT('',(54.099973818697,113.15627795293,
    5.782041512248E-13));
#6176 = VECTOR('',#6177,1.);
#6177 = DIRECTION('',(-1.224646799147E-16,0.,1.));
#6178 = ORIENTED_EDGE('',*,*,#5035,.T.);
#6179 = CYLINDRICAL_SURFACE('',#6180,1.076126947351);
#6180 = AXIS2_PLACEMENT_3D('',#6181,#6182,#6183);
#6181 = CARTESIAN_POINT('',(53.830720210549,114.19817607718,
    5.782041512248E-13));
#6182 = DIRECTION('',(-1.224646799147E-16,0.,1.));
#6183 = DIRECTION('',(1.,0.,1.224646799147E-16));
#6184 = ADVANCED_FACE('',(#6185),#6203,.F.);
#6185 = FACE_BOUND('',#6186,.T.);
#6186 = EDGE_LOOP('',(#6187,#6188,#6196,#6202));
#6187 = ORIENTED_EDGE('',*,*,#5027,.F.);
#6188 = ORIENTED_EDGE('',*,*,#6189,.T.);
#6189 = EDGE_CURVE('',#5020,#6190,#6192,.T.);
#6190 = VERTEX_POINT('',#6191);
#6191 = CARTESIAN_POINT('',(47.555752853979,111.46508083272,
    0.500000000001));
#6192 = LINE('',#6193,#6194);
#6193 = CARTESIAN_POINT('',(47.555752853979,111.46508083272,
    5.782041512248E-13));
#6194 = VECTOR('',#6195,1.);
#6195 = DIRECTION('',(-1.224646799147E-16,0.,1.));
#6196 = ORIENTED_EDGE('',*,*,#6197,.T.);
#6197 = EDGE_CURVE('',#6190,#6165,#6198,.T.);
#6198 = LINE('',#6199,#6200);
#6199 = CARTESIAN_POINT('',(47.555752853979,111.46508083272,
    0.500000000001));
#6200 = VECTOR('',#6201,1.);
#6201 = DIRECTION('',(0.968192578779,0.250206175779,1.18569394256E-16));
#6202 = ORIENTED_EDGE('',*,*,#6173,.F.);
#6203 = PLANE('',#6204);
#6204 = AXIS2_PLACEMENT_3D('',#6205,#6206,#6207);
#6205 = CARTESIAN_POINT('',(47.555752853979,111.46508083272,
    5.782041512248E-13));
#6206 = DIRECTION('',(0.250206175779,-0.968192578779,3.06414192294E-17)
  );
#6207 = DIRECTION('',(0.968192578779,0.250206175779,1.18569394256E-16));
#6208 = ADVANCED_FACE('',(#6209),#6227,.F.);
#6209 = FACE_BOUND('',#6210,.T.);
#6210 = EDGE_LOOP('',(#6211,#6212,#6220,#6226));
#6211 = ORIENTED_EDGE('',*,*,#5019,.F.);
#6212 = ORIENTED_EDGE('',*,*,#6213,.T.);
#6213 = EDGE_CURVE('',#5012,#6214,#6216,.T.);
#6214 = VERTEX_POINT('',#6215);
#6215 = CARTESIAN_POINT('',(51.023479204133,110.41648684925,
    0.500000000001));
#6216 = LINE('',#6217,#6218);
#6217 = CARTESIAN_POINT('',(51.023479204133,110.41648684925,
    5.782041512248E-13));
#6218 = VECTOR('',#6219,1.);
#6219 = DIRECTION('',(-1.224646799147E-16,0.,1.));
#6220 = ORIENTED_EDGE('',*,*,#6221,.T.);
#6221 = EDGE_CURVE('',#6214,#6190,#6222,.T.);
#6222 = LINE('',#6223,#6224);
#6223 = CARTESIAN_POINT('',(51.023479204133,110.41648684925,
    0.500000000001));
#6224 = VECTOR('',#6225,1.);
#6225 = DIRECTION('',(-0.957195246529,0.289443016884,-1.17222609482E-16)
  );
#6226 = ORIENTED_EDGE('',*,*,#6189,.F.);
#6227 = PLANE('',#6228);
#6228 = AXIS2_PLACEMENT_3D('',#6229,#6230,#6231);
#6229 = CARTESIAN_POINT('',(51.023479204133,110.41648684925,
    5.782041512248E-13));
#6230 = DIRECTION('',(0.289443016884,0.957195246529,3.54465464163E-17));
#6231 = DIRECTION('',(-0.957195246529,0.289443016884,-1.17222609482E-16)
  );
#6232 = ADVANCED_FACE('',(#6233),#6251,.F.);
#6233 = FACE_BOUND('',#6234,.T.);
#6234 = EDGE_LOOP('',(#6235,#6236,#6244,#6250));
#6235 = ORIENTED_EDGE('',*,*,#5011,.F.);
#6236 = ORIENTED_EDGE('',*,*,#6237,.T.);
#6237 = EDGE_CURVE('',#5003,#6238,#6240,.T.);
#6238 = VERTEX_POINT('',#6239);
#6239 = CARTESIAN_POINT('',(50.645776560849,110.80547661818,
    0.500000000001));
#6240 = LINE('',#6241,#6242);
#6241 = CARTESIAN_POINT('',(50.645776560849,110.80547661818,
    5.782041512248E-13));
#6242 = VECTOR('',#6243,1.);
#6243 = DIRECTION('',(-1.224646799147E-16,0.,1.));
#6244 = ORIENTED_EDGE('',*,*,#6245,.T.);
#6245 = EDGE_CURVE('',#6238,#6214,#6246,.T.);
#6246 = LINE('',#6247,#6248);
#6247 = CARTESIAN_POINT('',(50.645776560849,110.80547661818,
    0.500000000001));
#6248 = VECTOR('',#6249,1.);
#6249 = DIRECTION('',(0.696621379652,-0.717438954485,8.531151428083E-17)
  );
#6250 = ORIENTED_EDGE('',*,*,#6213,.F.);
#6251 = PLANE('',#6252);
#6252 = AXIS2_PLACEMENT_3D('',#6253,#6254,#6255);
#6253 = CARTESIAN_POINT('',(50.645776560849,110.80547661818,
    5.782041512248E-13));
#6254 = DIRECTION('',(-0.717438954485,-0.696621379652,
    -8.786093191931E-17));
#6255 = DIRECTION('',(0.696621379652,-0.717438954485,8.531151428083E-17)
  );
#6256 = ADVANCED_FACE('',(#6257),#6269,.F.);
#6257 = FACE_BOUND('',#6258,.F.);
#6258 = EDGE_LOOP('',(#6259,#6260,#6267,#6268));
#6259 = ORIENTED_EDGE('',*,*,#6237,.T.);
#6260 = ORIENTED_EDGE('',*,*,#6261,.F.);
#6261 = EDGE_CURVE('',#5848,#6238,#6262,.T.);
#6262 = CIRCLE('',#6263,0.403547605255);
#6263 = AXIS2_PLACEMENT_3D('',#6264,#6265,#6266);
#6264 = CARTESIAN_POINT('',(50.935297332849,111.08659650771,
    0.500000000001));
#6265 = DIRECTION('',(-1.224646799147E-16,-1.232595164408E-32,1.));
#6266 = DIRECTION('',(-0.717438954486,-0.69662137965,-8.786093191948E-17
    ));
#6267 = ORIENTED_EDGE('',*,*,#5855,.F.);
#6268 = ORIENTED_EDGE('',*,*,#5002,.T.);
#6269 = CYLINDRICAL_SURFACE('',#6270,0.403547605255);
#6270 = AXIS2_PLACEMENT_3D('',#6271,#6272,#6273);
#6271 = CARTESIAN_POINT('',(50.935297332849,111.08659650771,
    5.782041512248E-13));
#6272 = DIRECTION('',(-1.224646799147E-16,0.,1.));
#6273 = DIRECTION('',(-0.717438954486,-0.69662137965,-8.786093191948E-17
    ));
#6274 = ADVANCED_FACE('',(#6275),#6295,.T.);
#6275 = FACE_BOUND('',#6276,.T.);
#6276 = EDGE_LOOP('',(#6277,#6278,#6279,#6280,#6281,#6282,#6283,#6284,
    #6285,#6286,#6287,#6288,#6289,#6290,#6291,#6292,#6293,#6294));
#6277 = ORIENTED_EDGE('',*,*,#6261,.F.);
#6278 = ORIENTED_EDGE('',*,*,#5847,.F.);
#6279 = ORIENTED_EDGE('',*,*,#5870,.F.);
#6280 = ORIENTED_EDGE('',*,*,#5903,.F.);
#6281 = ORIENTED_EDGE('',*,*,#5919,.F.);
#6282 = ORIENTED_EDGE('',*,*,#5952,.F.);
#6283 = ORIENTED_EDGE('',*,*,#5968,.F.);
#6284 = ORIENTED_EDGE('',*,*,#6001,.F.);
#6285 = ORIENTED_EDGE('',*,*,#6017,.F.);
#6286 = ORIENTED_EDGE('',*,*,#6050,.F.);
#6287 = ORIENTED_EDGE('',*,*,#6066,.F.);
#6288 = ORIENTED_EDGE('',*,*,#6099,.F.);
#6289 = ORIENTED_EDGE('',*,*,#6115,.F.);
#6290 = ORIENTED_EDGE('',*,*,#6148,.F.);
#6291 = ORIENTED_EDGE('',*,*,#6164,.F.);
#6292 = ORIENTED_EDGE('',*,*,#6197,.F.);
#6293 = ORIENTED_EDGE('',*,*,#6221,.F.);
#6294 = ORIENTED_EDGE('',*,*,#6245,.F.);
#6295 = PLANE('',#6296);
#6296 = AXIS2_PLACEMENT_3D('',#6297,#6298,#6299);
#6297 = CARTESIAN_POINT('',(49.33416544767,111.45060095687,
    0.500000000001));
#6298 = DIRECTION('',(1.224646799147E-16,0.,-1.));
#6299 = DIRECTION('',(-1.,0.,-1.224646799147E-16));
#6300 = ADVANCED_FACE('',(#6301),#6326,.F.);
#6301 = FACE_BOUND('',#6302,.T.);
#6302 = EDGE_LOOP('',(#6303,#6304,#6312,#6320));
#6303 = ORIENTED_EDGE('',*,*,#4847,.F.);
#6304 = ORIENTED_EDGE('',*,*,#6305,.T.);
#6305 = EDGE_CURVE('',#4848,#6306,#6308,.T.);
#6306 = VERTEX_POINT('',#6307);
#6307 = CARTESIAN_POINT('',(53.596774286895,103.34850653575,
    0.500000000001));
#6308 = LINE('',#6309,#6310);
#6309 = CARTESIAN_POINT('',(53.596774286895,103.34850653575,
    5.782041512248E-13));
#6310 = VECTOR('',#6311,1.);
#6311 = DIRECTION('',(-1.224646799147E-16,0.,1.));
#6312 = ORIENTED_EDGE('',*,*,#6313,.T.);
#6313 = EDGE_CURVE('',#6306,#6314,#6316,.T.);
#6314 = VERTEX_POINT('',#6315);
#6315 = CARTESIAN_POINT('',(54.00573481059,103.5828546213,0.500000000001
    ));
#6316 = LINE('',#6317,#6318);
#6317 = CARTESIAN_POINT('',(54.00573481059,103.5828546213,0.500000000001
    ));
#6318 = VECTOR('',#6319,1.);
#6319 = DIRECTION('',(0.867642654605,0.497188318357,1.062555799766E-16)
  );
#6320 = ORIENTED_EDGE('',*,*,#6321,.F.);
#6321 = EDGE_CURVE('',#4850,#6314,#6322,.T.);
#6322 = LINE('',#6323,#6324);
#6323 = CARTESIAN_POINT('',(54.00573481059,103.5828546213,
    5.782041512248E-13));
#6324 = VECTOR('',#6325,1.);
#6325 = DIRECTION('',(-1.224646799147E-16,0.,1.));
#6326 = PLANE('',#6327);
#6327 = AXIS2_PLACEMENT_3D('',#6328,#6329,#6330);
#6328 = CARTESIAN_POINT('',(53.596774286895,103.34850653575,
    5.782041512248E-13));
#6329 = DIRECTION('',(0.497188318357,-0.867642654605,6.088800826488E-17)
  );
#6330 = DIRECTION('',(0.867642654605,0.497188318357,1.062555799766E-16)
  );
#6331 = ADVANCED_FACE('',(#6332),#6351,.F.);
#6332 = FACE_BOUND('',#6333,.F.);
#6333 = EDGE_LOOP('',(#6334,#6335,#6344,#6350));
#6334 = ORIENTED_EDGE('',*,*,#6305,.T.);
#6335 = ORIENTED_EDGE('',*,*,#6336,.F.);
#6336 = EDGE_CURVE('',#6337,#6306,#6339,.T.);
#6337 = VERTEX_POINT('',#6338);
#6338 = CARTESIAN_POINT('',(52.767387401975,103.24711187549,
    0.500000000001));
#6339 = CIRCLE('',#6340,1.076126947349);
#6340 = AXIS2_PLACEMENT_3D('',#6341,#6342,#6343);
#6341 = CARTESIAN_POINT('',(53.061736539602,104.28220017704,
    0.500000000001));
#6342 = DIRECTION('',(-1.224646799147E-16,0.,1.));
#6343 = DIRECTION('',(0.497188318359,-0.867642654604,6.088800826515E-17)
  );
#6344 = ORIENTED_EDGE('',*,*,#6345,.F.);
#6345 = EDGE_CURVE('',#4976,#6337,#6346,.T.);
#6346 = LINE('',#6347,#6348);
#6347 = CARTESIAN_POINT('',(52.767387401975,103.24711187549,
    5.782041512248E-13));
#6348 = VECTOR('',#6349,1.);
#6349 = DIRECTION('',(-1.224646799147E-16,0.,1.));
#6350 = ORIENTED_EDGE('',*,*,#4983,.T.);
#6351 = CYLINDRICAL_SURFACE('',#6352,1.076126947349);
#6352 = AXIS2_PLACEMENT_3D('',#6353,#6354,#6355);
#6353 = CARTESIAN_POINT('',(53.061736539602,104.28220017704,
    5.782041512248E-13));
#6354 = DIRECTION('',(-1.224646799147E-16,0.,1.));
#6355 = DIRECTION('',(0.497188318359,-0.867642654604,6.088800826515E-17)
  );
#6356 = ADVANCED_FACE('',(#6357),#6375,.F.);
#6357 = FACE_BOUND('',#6358,.T.);
#6358 = EDGE_LOOP('',(#6359,#6360,#6368,#6374));
#6359 = ORIENTED_EDGE('',*,*,#4975,.F.);
#6360 = ORIENTED_EDGE('',*,*,#6361,.T.);
#6361 = EDGE_CURVE('',#4968,#6362,#6364,.T.);
#6362 = VERTEX_POINT('',#6363);
#6363 = CARTESIAN_POINT('',(50.595048700655,103.89956169091,
    0.500000000001));
#6364 = LINE('',#6365,#6366);
#6365 = CARTESIAN_POINT('',(50.595048700655,103.89956169091,
    5.782041512248E-13));
#6366 = VECTOR('',#6367,1.);
#6367 = DIRECTION('',(-1.224646799147E-16,0.,1.));
#6368 = ORIENTED_EDGE('',*,*,#6369,.T.);
#6369 = EDGE_CURVE('',#6362,#6337,#6370,.T.);
#6370 = LINE('',#6371,#6372);
#6371 = CARTESIAN_POINT('',(52.767387401975,103.24711187549,
    0.500000000001));
#6372 = VECTOR('',#6373,1.);
#6373 = DIRECTION('',(0.957735448378,-0.28765050134,1.172887651286E-16)
  );
#6374 = ORIENTED_EDGE('',*,*,#6345,.F.);
#6375 = PLANE('',#6376);
#6376 = AXIS2_PLACEMENT_3D('',#6377,#6378,#6379);
#6377 = CARTESIAN_POINT('',(50.595048700655,103.89956169091,
    5.782041512248E-13));
#6378 = DIRECTION('',(-0.28765050134,-0.957735448378,-3.522702657387E-17
    ));
#6379 = DIRECTION('',(0.957735448378,-0.28765050134,1.172887651286E-16)
  );
#6380 = ADVANCED_FACE('',(#6381),#6399,.F.);
#6381 = FACE_BOUND('',#6382,.T.);
#6382 = EDGE_LOOP('',(#6383,#6384,#6392,#6398));
#6383 = ORIENTED_EDGE('',*,*,#4967,.F.);
#6384 = ORIENTED_EDGE('',*,*,#6385,.T.);
#6385 = EDGE_CURVE('',#4959,#6386,#6388,.T.);
#6386 = VERTEX_POINT('',#6387);
#6387 = CARTESIAN_POINT('',(50.595048700655,102.66906054179,
    0.500000000001));
#6388 = LINE('',#6389,#6390);
#6389 = CARTESIAN_POINT('',(50.595048700655,102.66906054179,
    5.782041512248E-13));
#6390 = VECTOR('',#6391,1.);
#6391 = DIRECTION('',(-1.224646799147E-16,0.,1.));
#6392 = ORIENTED_EDGE('',*,*,#6393,.T.);
#6393 = EDGE_CURVE('',#6386,#6362,#6394,.T.);
#6394 = LINE('',#6395,#6396);
#6395 = CARTESIAN_POINT('',(50.595048700655,103.89956169091,
    0.500000000001));
#6396 = VECTOR('',#6397,1.);
#6397 = DIRECTION('',(0.,1.,0.));
#6398 = ORIENTED_EDGE('',*,*,#6361,.F.);
#6399 = PLANE('',#6400);
#6400 = AXIS2_PLACEMENT_3D('',#6401,#6402,#6403);
#6401 = CARTESIAN_POINT('',(50.595048700655,102.66906054179,
    5.782041512248E-13));
#6402 = DIRECTION('',(1.,0.,1.224646799147E-16));
#6403 = DIRECTION('',(-0.,1.,0.));
#6404 = ADVANCED_FACE('',(#6405),#6424,.F.);
#6405 = FACE_BOUND('',#6406,.F.);
#6406 = EDGE_LOOP('',(#6407,#6408,#6417,#6423));
#6407 = ORIENTED_EDGE('',*,*,#6385,.T.);
#6408 = ORIENTED_EDGE('',*,*,#6409,.F.);
#6409 = EDGE_CURVE('',#6410,#6386,#6412,.T.);
#6410 = VERTEX_POINT('',#6411);
#6411 = CARTESIAN_POINT('',(50.020203487038,101.71681801478,
    0.500000000001));
#6412 = CIRCLE('',#6413,1.076126947351);
#6413 = AXIS2_PLACEMENT_3D('',#6414,#6415,#6416);
#6414 = CARTESIAN_POINT('',(49.518921753303,102.66906054179,
    0.500000000001));
#6415 = DIRECTION('',(-1.224646799147E-16,0.,1.));
#6416 = DIRECTION('',(1.,0.,1.224646799147E-16));
#6417 = ORIENTED_EDGE('',*,*,#6418,.F.);
#6418 = EDGE_CURVE('',#4951,#6410,#6419,.T.);
#6419 = LINE('',#6420,#6421);
#6420 = CARTESIAN_POINT('',(50.020203487038,101.71681801478,
    5.782041512248E-13));
#6421 = VECTOR('',#6422,1.);
#6422 = DIRECTION('',(-1.224646799147E-16,0.,1.));
#6423 = ORIENTED_EDGE('',*,*,#4958,.T.);
#6424 = CYLINDRICAL_SURFACE('',#6425,1.076126947351);
#6425 = AXIS2_PLACEMENT_3D('',#6426,#6427,#6428);
#6426 = CARTESIAN_POINT('',(49.518921753303,102.66906054179,
    5.782041512248E-13));
#6427 = DIRECTION('',(-1.224646799147E-16,0.,1.));
#6428 = DIRECTION('',(1.,0.,1.224646799147E-16));
#6429 = ADVANCED_FACE('',(#6430),#6448,.F.);
#6430 = FACE_BOUND('',#6431,.T.);
#6431 = EDGE_LOOP('',(#6432,#6433,#6441,#6447));
#6432 = ORIENTED_EDGE('',*,*,#4950,.F.);
#6433 = ORIENTED_EDGE('',*,*,#6434,.T.);
#6434 = EDGE_CURVE('',#4942,#6435,#6437,.T.);
#6435 = VERTEX_POINT('',#6436);
#6436 = CARTESIAN_POINT('',(49.222023051904,101.29663800706,
    0.500000000001));
#6437 = LINE('',#6438,#6439);
#6438 = CARTESIAN_POINT('',(49.222023051904,101.29663800706,
    5.782041512248E-13));
#6439 = VECTOR('',#6440,1.);
#6440 = DIRECTION('',(-1.224646799147E-16,0.,1.));
#6441 = ORIENTED_EDGE('',*,*,#6442,.T.);
#6442 = EDGE_CURVE('',#6435,#6410,#6443,.T.);
#6443 = LINE('',#6444,#6445);
#6444 = CARTESIAN_POINT('',(50.020203487038,101.71681801478,
    0.500000000001));
#6445 = VECTOR('',#6446,1.);
#6446 = DIRECTION('',(0.884879362376,0.465820259372,1.083664678765E-16)
  );
#6447 = ORIENTED_EDGE('',*,*,#6418,.F.);
#6448 = PLANE('',#6449);
#6449 = AXIS2_PLACEMENT_3D('',#6450,#6451,#6452);
#6450 = CARTESIAN_POINT('',(49.222023051904,101.29663800706,
    5.782041512248E-13));
#6451 = DIRECTION('',(0.465820259372,-0.884879362376,5.704652896176E-17)
  );
#6452 = DIRECTION('',(0.884879362376,0.465820259372,1.083664678765E-16)
  );
#6453 = ADVANCED_FACE('',(#6454),#6473,.F.);
#6454 = FACE_BOUND('',#6455,.F.);
#6455 = EDGE_LOOP('',(#6456,#6457,#6466,#6472));
#6456 = ORIENTED_EDGE('',*,*,#6434,.T.);
#6457 = ORIENTED_EDGE('',*,*,#6458,.F.);
#6458 = EDGE_CURVE('',#6459,#6435,#6461,.T.);
#6459 = VERTEX_POINT('',#6460);
#6460 = CARTESIAN_POINT('',(47.64461437082,102.24888053406,
    0.500000000001));
#6461 = CIRCLE('',#6462,1.07612694735);
#6462 = AXIS2_PLACEMENT_3D('',#6463,#6464,#6465);
#6463 = CARTESIAN_POINT('',(48.72074131817,102.24888053406,
    0.500000000001));
#6464 = DIRECTION('',(-1.224646799147E-16,0.,1.));
#6465 = DIRECTION('',(0.465820259374,-0.884879362375,5.7046528962E-17));
#6466 = ORIENTED_EDGE('',*,*,#6467,.F.);
#6467 = EDGE_CURVE('',#4934,#6459,#6468,.T.);
#6468 = LINE('',#6469,#6470);
#6469 = CARTESIAN_POINT('',(47.64461437082,102.24888053406,
    5.782041512248E-13));
#6470 = VECTOR('',#6471,1.);
#6471 = DIRECTION('',(-1.224646799147E-16,0.,1.));
#6472 = ORIENTED_EDGE('',*,*,#4941,.T.);
#6473 = CYLINDRICAL_SURFACE('',#6474,1.07612694735);
#6474 = AXIS2_PLACEMENT_3D('',#6475,#6476,#6477);
#6475 = CARTESIAN_POINT('',(48.72074131817,102.24888053406,
    5.782041512248E-13));
#6476 = DIRECTION('',(-1.224646799147E-16,0.,1.));
#6477 = DIRECTION('',(0.465820259374,-0.884879362375,5.7046528962E-17));
#6478 = ADVANCED_FACE('',(#6479),#6497,.F.);
#6479 = FACE_BOUND('',#6480,.T.);
#6480 = EDGE_LOOP('',(#6481,#6482,#6490,#6496));
#6481 = ORIENTED_EDGE('',*,*,#4933,.F.);
#6482 = ORIENTED_EDGE('',*,*,#6483,.T.);
#6483 = EDGE_CURVE('',#4926,#6484,#6486,.T.);
#6484 = VERTEX_POINT('',#6485);
#6485 = CARTESIAN_POINT('',(47.644614370819,104.71747120246,
    0.500000000001));
#6486 = LINE('',#6487,#6488);
#6487 = CARTESIAN_POINT('',(47.644614370819,104.71747120246,
    5.782041512248E-13));
#6488 = VECTOR('',#6489,1.);
#6489 = DIRECTION('',(-1.224646799147E-16,0.,1.));
#6490 = ORIENTED_EDGE('',*,*,#6491,.T.);
#6491 = EDGE_CURVE('',#6484,#6459,#6492,.T.);
#6492 = LINE('',#6493,#6494);
#6493 = CARTESIAN_POINT('',(47.64461437082,102.24888053406,
    0.500000000001));
#6494 = VECTOR('',#6495,1.);
#6495 = DIRECTION('',(3.2819748636E-13,-1.,4.01926001159E-29));
#6496 = ORIENTED_EDGE('',*,*,#6467,.F.);
#6497 = PLANE('',#6498);
#6498 = AXIS2_PLACEMENT_3D('',#6499,#6500,#6501);
#6499 = CARTESIAN_POINT('',(47.644614370819,104.71747120246,
    5.782041512248E-13));
#6500 = DIRECTION('',(-1.,-3.2819748636E-13,-1.224646799147E-16));
#6501 = DIRECTION('',(3.2819748636E-13,-1.,4.01926001159E-29));
#6502 = ADVANCED_FACE('',(#6503),#6521,.F.);
#6503 = FACE_BOUND('',#6504,.T.);
#6504 = EDGE_LOOP('',(#6505,#6506,#6514,#6520));
#6505 = ORIENTED_EDGE('',*,*,#4925,.F.);
#6506 = ORIENTED_EDGE('',*,*,#6507,.T.);
#6507 = EDGE_CURVE('',#4918,#6508,#6510,.T.);
#6508 = VERTEX_POINT('',#6509);
#6509 = CARTESIAN_POINT('',(45.608965801442,105.31536553412,
    0.500000000001));
#6510 = LINE('',#6511,#6512);
#6511 = CARTESIAN_POINT('',(45.608965801442,105.31536553412,
    5.782041512248E-13));
#6512 = VECTOR('',#6513,1.);
#6513 = DIRECTION('',(-1.224646799147E-16,0.,1.));
#6514 = ORIENTED_EDGE('',*,*,#6515,.T.);
#6515 = EDGE_CURVE('',#6508,#6484,#6516,.T.);
#6516 = LINE('',#6517,#6518);
#6517 = CARTESIAN_POINT('',(47.644614370819,104.71747120246,
    0.500000000001));
#6518 = VECTOR('',#6519,1.);
#6519 = DIRECTION('',(0.959470803458,-0.281808050472,1.175012848331E-16)
  );
#6520 = ORIENTED_EDGE('',*,*,#6483,.F.);
#6521 = PLANE('',#6522);
#6522 = AXIS2_PLACEMENT_3D('',#6523,#6524,#6525);
#6523 = CARTESIAN_POINT('',(45.608965801442,105.31536553412,
    5.782041512248E-13));
#6524 = DIRECTION('',(-0.281808050472,-0.959470803458,
    -3.451153269847E-17));
#6525 = DIRECTION('',(0.959470803458,-0.281808050472,1.175012848331E-16)
  );
#6526 = ADVANCED_FACE('',(#6527),#6545,.F.);
#6527 = FACE_BOUND('',#6528,.T.);
#6528 = EDGE_LOOP('',(#6529,#6530,#6538,#6544));
#6529 = ORIENTED_EDGE('',*,*,#4917,.F.);
#6530 = ORIENTED_EDGE('',*,*,#6531,.T.);
#6531 = EDGE_CURVE('',#4909,#6532,#6534,.T.);
#6532 = VERTEX_POINT('',#6533);
#6533 = CARTESIAN_POINT('',(45.608965801442,99.778059668527,
    0.500000000001));
#6534 = LINE('',#6535,#6536);
#6535 = CARTESIAN_POINT('',(45.608965801442,99.778059668527,
    5.782041512248E-13));
#6536 = VECTOR('',#6537,1.);
#6537 = DIRECTION('',(-1.224646799147E-16,0.,1.));
#6538 = ORIENTED_EDGE('',*,*,#6539,.T.);
#6539 = EDGE_CURVE('',#6532,#6508,#6540,.T.);
#6540 = LINE('',#6541,#6542);
#6541 = CARTESIAN_POINT('',(45.608965801442,105.31536553412,
    0.500000000001));
#6542 = VECTOR('',#6543,1.);
#6543 = DIRECTION('',(0.,1.,0.));
#6544 = ORIENTED_EDGE('',*,*,#6507,.F.);
#6545 = PLANE('',#6546);
#6546 = AXIS2_PLACEMENT_3D('',#6547,#6548,#6549);
#6547 = CARTESIAN_POINT('',(45.608965801442,99.778059668527,
    5.782041512248E-13));
#6548 = DIRECTION('',(1.,0.,1.224646799147E-16));
#6549 = DIRECTION('',(-0.,1.,0.));
#6550 = ADVANCED_FACE('',(#6551),#6570,.F.);
#6551 = FACE_BOUND('',#6552,.F.);
#6552 = EDGE_LOOP('',(#6553,#6554,#6563,#6569));
#6553 = ORIENTED_EDGE('',*,*,#6531,.T.);
#6554 = ORIENTED_EDGE('',*,*,#6555,.F.);
#6555 = EDGE_CURVE('',#6556,#6532,#6558,.T.);
#6556 = VERTEX_POINT('',#6557);
#6557 = CARTESIAN_POINT('',(45.04545971332,98.831873079372,
    0.500000000001));
#6558 = CIRCLE('',#6559,1.076126947351);
#6559 = AXIS2_PLACEMENT_3D('',#6560,#6561,#6562);
#6560 = CARTESIAN_POINT('',(44.53283885409,99.778059668527,
    0.500000000001));
#6561 = DIRECTION('',(-1.224646799147E-16,0.,1.));
#6562 = DIRECTION('',(1.,0.,1.224646799147E-16));
#6563 = ORIENTED_EDGE('',*,*,#6564,.F.);
#6564 = EDGE_CURVE('',#4901,#6556,#6565,.T.);
#6565 = LINE('',#6566,#6567);
#6566 = CARTESIAN_POINT('',(45.04545971332,98.831873079372,
    5.782041512248E-13));
#6567 = VECTOR('',#6568,1.);
#6568 = DIRECTION('',(-1.224646799147E-16,0.,1.));
#6569 = ORIENTED_EDGE('',*,*,#4908,.T.);
#6570 = CYLINDRICAL_SURFACE('',#6571,1.076126947351);
#6571 = AXIS2_PLACEMENT_3D('',#6572,#6573,#6574);
#6572 = CARTESIAN_POINT('',(44.53283885409,99.778059668527,
    5.782041512248E-13));
#6573 = DIRECTION('',(-1.224646799147E-16,0.,1.));
#6574 = DIRECTION('',(1.,0.,1.224646799147E-16));
#6575 = ADVANCED_FACE('',(#6576),#6594,.F.);
#6576 = FACE_BOUND('',#6577,.T.);
#6577 = EDGE_LOOP('',(#6578,#6579,#6587,#6593));
#6578 = ORIENTED_EDGE('',*,*,#4900,.F.);
#6579 = ORIENTED_EDGE('',*,*,#6580,.T.);
#6580 = EDGE_CURVE('',#4892,#6581,#6583,.T.);
#6581 = VERTEX_POINT('',#6582);
#6582 = CARTESIAN_POINT('',(44.628265713533,98.605847526814,
    0.500000000001));
#6583 = LINE('',#6584,#6585);
#6584 = CARTESIAN_POINT('',(44.628265713533,98.605847526814,
    5.782041512248E-13));
#6585 = VECTOR('',#6586,1.);
#6586 = DIRECTION('',(-1.224646799147E-16,0.,1.));
#6587 = ORIENTED_EDGE('',*,*,#6588,.T.);
#6588 = EDGE_CURVE('',#6581,#6556,#6589,.T.);
#6589 = LINE('',#6590,#6591);
#6590 = CARTESIAN_POINT('',(45.04545971332,98.831873079372,
    0.500000000001));
#6591 = VECTOR('',#6592,1.);
#6592 = DIRECTION('',(0.879251831286,0.476357236935,1.076772940828E-16)
  );
#6593 = ORIENTED_EDGE('',*,*,#6564,.F.);
#6594 = PLANE('',#6595);
#6595 = AXIS2_PLACEMENT_3D('',#6596,#6597,#6598);
#6596 = CARTESIAN_POINT('',(44.628265713533,98.605847526814,
    5.782041512248E-13));
#6597 = DIRECTION('',(0.476357236935,-0.879251831286,5.833693654637E-17)
  );
#6598 = DIRECTION('',(0.879251831286,0.476357236935,1.076772940828E-16)
  );
#6599 = ADVANCED_FACE('',(#6600),#6619,.F.);
#6600 = FACE_BOUND('',#6601,.F.);
#6601 = EDGE_LOOP('',(#6602,#6603,#6612,#6618));
#6602 = ORIENTED_EDGE('',*,*,#6580,.T.);
#6603 = ORIENTED_EDGE('',*,*,#6604,.F.);
#6604 = EDGE_CURVE('',#6605,#6581,#6607,.T.);
#6605 = VERTEX_POINT('',#6606);
#6606 = CARTESIAN_POINT('',(43.039517906949,99.552034115968,
    0.500000000001));
#6607 = CIRCLE('',#6608,1.076126947352);
#6608 = AXIS2_PLACEMENT_3D('',#6609,#6610,#6611);
#6609 = CARTESIAN_POINT('',(44.1156448543,99.552034115968,0.500000000001
    ));
#6610 = DIRECTION('',(-1.224646799147E-16,6.162975822039E-33,1.));
#6611 = DIRECTION('',(0.476357236937,-0.879251831285,5.833693654652E-17)
  );
#6612 = ORIENTED_EDGE('',*,*,#6613,.F.);
#6613 = EDGE_CURVE('',#4884,#6605,#6614,.T.);
#6614 = LINE('',#6615,#6616);
#6615 = CARTESIAN_POINT('',(43.039517906949,99.552034115968,
    5.782041512248E-13));
#6616 = VECTOR('',#6617,1.);
#6617 = DIRECTION('',(-1.224646799147E-16,0.,1.));
#6618 = ORIENTED_EDGE('',*,*,#4891,.T.);
#6619 = CYLINDRICAL_SURFACE('',#6620,1.076126947352);
#6620 = AXIS2_PLACEMENT_3D('',#6621,#6622,#6623);
#6621 = CARTESIAN_POINT('',(44.1156448543,99.552034115968,
    5.782041512248E-13));
#6622 = DIRECTION('',(-1.224646799147E-16,0.,1.));
#6623 = DIRECTION('',(0.476357236937,-0.879251831285,5.833693654652E-17)
  );
#6624 = ADVANCED_FACE('',(#6625),#6643,.F.);
#6625 = FACE_BOUND('',#6626,.T.);
#6626 = EDGE_LOOP('',(#6627,#6628,#6636,#6642));
#6627 = ORIENTED_EDGE('',*,*,#4883,.F.);
#6628 = ORIENTED_EDGE('',*,*,#6629,.T.);
#6629 = EDGE_CURVE('',#4875,#6630,#6632,.T.);
#6630 = VERTEX_POINT('',#6631);
#6631 = CARTESIAN_POINT('',(43.039517906952,107.45990447713,
    0.500000000001));
#6632 = LINE('',#6633,#6634);
#6633 = CARTESIAN_POINT('',(43.039517906952,107.45990447713,
    5.782041512248E-13));
#6634 = VECTOR('',#6635,1.);
#6635 = DIRECTION('',(-1.224646799147E-16,0.,1.));
#6636 = ORIENTED_EDGE('',*,*,#6637,.T.);
#6637 = EDGE_CURVE('',#6630,#6605,#6638,.T.);
#6638 = LINE('',#6639,#6640);
#6639 = CARTESIAN_POINT('',(43.039517906949,99.552034115968,
    0.500000000001));
#6640 = VECTOR('',#6641,1.);
#6641 = DIRECTION('',(-3.57725675504E-13,-1.,-4.380876034788E-29));
#6642 = ORIENTED_EDGE('',*,*,#6613,.F.);
#6643 = PLANE('',#6644);
#6644 = AXIS2_PLACEMENT_3D('',#6645,#6646,#6647);
#6645 = CARTESIAN_POINT('',(43.039517906952,107.45990447713,
    5.782041512248E-13));
#6646 = DIRECTION('',(-1.,3.57725675504E-13,-1.224646799147E-16));
#6647 = DIRECTION('',(-3.57725675504E-13,-1.,-4.380876034788E-29));
#6648 = ADVANCED_FACE('',(#6649),#6668,.F.);
#6649 = FACE_BOUND('',#6650,.F.);
#6650 = EDGE_LOOP('',(#6651,#6652,#6661,#6667));
#6651 = ORIENTED_EDGE('',*,*,#6629,.T.);
#6652 = ORIENTED_EDGE('',*,*,#6653,.F.);
#6653 = EDGE_CURVE('',#6654,#6630,#6656,.T.);
#6654 = VERTEX_POINT('',#6655);
#6655 = CARTESIAN_POINT('',(44.438615580852,108.4864224344,
    0.500000000001));
#6656 = CIRCLE('',#6657,1.076126947348);
#6657 = AXIS2_PLACEMENT_3D('',#6658,#6659,#6660);
#6658 = CARTESIAN_POINT('',(44.1156448543,107.45990447713,0.500000000001
    ));
#6659 = DIRECTION('',(-1.224646799147E-16,0.,1.));
#6660 = DIRECTION('',(-1.,-5.158420330247E-16,-1.224646799147E-16));
#6661 = ORIENTED_EDGE('',*,*,#6662,.F.);
#6662 = EDGE_CURVE('',#4867,#6654,#6663,.T.);
#6663 = LINE('',#6664,#6665);
#6664 = CARTESIAN_POINT('',(44.438615580852,108.4864224344,
    5.782041512248E-13));
#6665 = VECTOR('',#6666,1.);
#6666 = DIRECTION('',(-1.224646799147E-16,0.,1.));
#6667 = ORIENTED_EDGE('',*,*,#4874,.T.);
#6668 = CYLINDRICAL_SURFACE('',#6669,1.076126947348);
#6669 = AXIS2_PLACEMENT_3D('',#6670,#6671,#6672);
#6670 = CARTESIAN_POINT('',(44.1156448543,107.45990447713,
    5.782041512248E-13));
#6671 = DIRECTION('',(-1.224646799147E-16,0.,1.));
#6672 = DIRECTION('',(-1.,-5.158420330247E-16,-1.224646799147E-16));
#6673 = ADVANCED_FACE('',(#6674),#6692,.F.);
#6674 = FACE_BOUND('',#6675,.T.);
#6675 = EDGE_LOOP('',(#6676,#6677,#6685,#6691));
#6676 = ORIENTED_EDGE('',*,*,#4866,.F.);
#6677 = ORIENTED_EDGE('',*,*,#6678,.T.);
#6678 = EDGE_CURVE('',#4858,#6679,#6681,.T.);
#6679 = VERTEX_POINT('',#6680);
#6680 = CARTESIAN_POINT('',(53.79366778985,105.54306621987,
    0.500000000001));
#6681 = LINE('',#6682,#6683);
#6682 = CARTESIAN_POINT('',(53.79366778985,105.54306621987,
    5.782041512248E-13));
#6683 = VECTOR('',#6684,1.);
#6684 = DIRECTION('',(-1.224646799147E-16,0.,1.));
#6685 = ORIENTED_EDGE('',*,*,#6686,.T.);
#6686 = EDGE_CURVE('',#6679,#6654,#6687,.T.);
#6687 = LINE('',#6688,#6689);
#6688 = CARTESIAN_POINT('',(44.438615580852,108.4864224344,
    0.500000000001));
#6689 = VECTOR('',#6690,1.);
#6690 = DIRECTION('',(-0.953900429499,0.300123259014,-1.168191107691E-16
    ));
#6691 = ORIENTED_EDGE('',*,*,#6662,.F.);
#6692 = PLANE('',#6693);
#6693 = AXIS2_PLACEMENT_3D('',#6694,#6695,#6696);
#6694 = CARTESIAN_POINT('',(53.79366778985,105.54306621987,
    5.782041512248E-13));
#6695 = DIRECTION('',(0.300123259014,0.953900429499,3.675449885015E-17)
  );
#6696 = DIRECTION('',(-0.953900429499,0.300123259014,-1.168191107691E-16
    ));
#6697 = ADVANCED_FACE('',(#6698),#6710,.F.);
#6698 = FACE_BOUND('',#6699,.F.);
#6699 = EDGE_LOOP('',(#6700,#6701,#6708,#6709));
#6700 = ORIENTED_EDGE('',*,*,#6678,.T.);
#6701 = ORIENTED_EDGE('',*,*,#6702,.F.);
#6702 = EDGE_CURVE('',#6314,#6679,#6703,.T.);
#6703 = CIRCLE('',#6704,1.076126947351);
#6704 = AXIS2_PLACEMENT_3D('',#6705,#6706,#6707);
#6705 = CARTESIAN_POINT('',(53.470697063297,104.51654826259,
    0.500000000001));
#6706 = DIRECTION('',(-1.224646799147E-16,0.,1.));
#6707 = DIRECTION('',(0.300123259015,0.953900429499,3.675449885023E-17)
  );
#6708 = ORIENTED_EDGE('',*,*,#6321,.F.);
#6709 = ORIENTED_EDGE('',*,*,#4857,.T.);
#6710 = CYLINDRICAL_SURFACE('',#6711,1.076126947351);
#6711 = AXIS2_PLACEMENT_3D('',#6712,#6713,#6714);
#6712 = CARTESIAN_POINT('',(53.470697063297,104.51654826259,
    5.782041512248E-13));
#6713 = DIRECTION('',(-1.224646799147E-16,0.,1.));
#6714 = DIRECTION('',(0.300123259015,0.953900429499,3.675449885023E-17)
  );
#6715 = ADVANCED_FACE('',(#6716),#6735,.T.);
#6716 = FACE_BOUND('',#6717,.T.);
#6717 = EDGE_LOOP('',(#6718,#6719,#6720,#6721,#6722,#6723,#6724,#6725,
    #6726,#6727,#6728,#6729,#6730,#6731,#6732,#6733,#6734));
#6718 = ORIENTED_EDGE('',*,*,#6702,.F.);
#6719 = ORIENTED_EDGE('',*,*,#6313,.F.);
#6720 = ORIENTED_EDGE('',*,*,#6336,.F.);
#6721 = ORIENTED_EDGE('',*,*,#6369,.F.);
#6722 = ORIENTED_EDGE('',*,*,#6393,.F.);
#6723 = ORIENTED_EDGE('',*,*,#6409,.F.);
#6724 = ORIENTED_EDGE('',*,*,#6442,.F.);
#6725 = ORIENTED_EDGE('',*,*,#6458,.F.);
#6726 = ORIENTED_EDGE('',*,*,#6491,.F.);
#6727 = ORIENTED_EDGE('',*,*,#6515,.F.);
#6728 = ORIENTED_EDGE('',*,*,#6539,.F.);
#6729 = ORIENTED_EDGE('',*,*,#6555,.F.);
#6730 = ORIENTED_EDGE('',*,*,#6588,.F.);
#6731 = ORIENTED_EDGE('',*,*,#6604,.F.);
#6732 = ORIENTED_EDGE('',*,*,#6637,.F.);
#6733 = ORIENTED_EDGE('',*,*,#6653,.F.);
#6734 = ORIENTED_EDGE('',*,*,#6686,.F.);
#6735 = PLANE('',#6736);
#6736 = AXIS2_PLACEMENT_3D('',#6737,#6738,#6739);
#6737 = CARTESIAN_POINT('',(48.793170958798,103.50596929654,
    0.500000000001));
#6738 = DIRECTION('',(1.224646799147E-16,0.,-1.));
#6739 = DIRECTION('',(-1.,0.,-1.224646799147E-16));
#6740 = ADVANCED_FACE('',(#6741),#6760,.F.);
#6741 = FACE_BOUND('',#6742,.F.);
#6742 = EDGE_LOOP('',(#6743,#6751,#6758,#6759));
#6743 = ORIENTED_EDGE('',*,*,#6744,.T.);
#6744 = EDGE_CURVE('',#3050,#6745,#6747,.T.);
#6745 = VERTEX_POINT('',#6746);
#6746 = CARTESIAN_POINT('',(62.070625805411,40.484104954216,
    3.000000000001));
#6747 = LINE('',#6748,#6749);
#6748 = CARTESIAN_POINT('',(62.070625805411,40.484104954216,
    3.000000000001));
#6749 = VECTOR('',#6750,1.);
#6750 = DIRECTION('',(-1.224646799147E-16,0.,1.));
#6751 = ORIENTED_EDGE('',*,*,#6752,.F.);
#6752 = EDGE_CURVE('',#6745,#6745,#6753,.T.);
#6753 = CIRCLE('',#6754,0.85);
#6754 = AXIS2_PLACEMENT_3D('',#6755,#6756,#6757);
#6755 = CARTESIAN_POINT('',(61.220625805411,40.484104954216,
    3.000000000001));
#6756 = DIRECTION('',(-1.224646799147E-16,0.,1.));
#6757 = DIRECTION('',(-1.,0.,-1.224646799147E-16));
#6758 = ORIENTED_EDGE('',*,*,#6744,.F.);
#6759 = ORIENTED_EDGE('',*,*,#3049,.T.);
#6760 = CYLINDRICAL_SURFACE('',#6761,0.85);
#6761 = AXIS2_PLACEMENT_3D('',#6762,#6763,#6764);
#6762 = CARTESIAN_POINT('',(61.220625805411,40.484104954216,
    3.000000000001));
#6763 = DIRECTION('',(1.224646799147E-16,0.,-1.));
#6764 = DIRECTION('',(-1.,0.,-1.224646799147E-16));
#6765 = ADVANCED_FACE('',(#6766),#6785,.F.);
#6766 = FACE_BOUND('',#6767,.F.);
#6767 = EDGE_LOOP('',(#6768,#6776,#6783,#6784));
#6768 = ORIENTED_EDGE('',*,*,#6769,.T.);
#6769 = EDGE_CURVE('',#3061,#6770,#6772,.T.);
#6770 = VERTEX_POINT('',#6771);
#6771 = CARTESIAN_POINT('',(36.570625805411,40.484104954216,
    3.000000000001));
#6772 = LINE('',#6773,#6774);
#6773 = CARTESIAN_POINT('',(36.570625805411,40.484104954216,
    3.000000000001));
#6774 = VECTOR('',#6775,1.);
#6775 = DIRECTION('',(-1.224646799147E-16,0.,1.));
#6776 = ORIENTED_EDGE('',*,*,#6777,.F.);
#6777 = EDGE_CURVE('',#6770,#6770,#6778,.T.);
#6778 = CIRCLE('',#6779,0.85);
#6779 = AXIS2_PLACEMENT_3D('',#6780,#6781,#6782);
#6780 = CARTESIAN_POINT('',(35.720625805411,40.484104954216,
    3.000000000001));
#6781 = DIRECTION('',(-1.224646799147E-16,0.,1.));
#6782 = DIRECTION('',(-1.,0.,-1.224646799147E-16));
#6783 = ORIENTED_EDGE('',*,*,#6769,.F.);
#6784 = ORIENTED_EDGE('',*,*,#3060,.T.);
#6785 = CYLINDRICAL_SURFACE('',#6786,0.85);
#6786 = AXIS2_PLACEMENT_3D('',#6787,#6788,#6789);
#6787 = CARTESIAN_POINT('',(35.720625805411,40.484104954216,
    3.000000000001));
#6788 = DIRECTION('',(1.224646799147E-16,0.,-1.));
#6789 = DIRECTION('',(-1.,0.,-1.224646799147E-16));
#6790 = ADVANCED_FACE('',(#6791),#6810,.F.);
#6791 = FACE_BOUND('',#6792,.F.);
#6792 = EDGE_LOOP('',(#6793,#6801,#6808,#6809));
#6793 = ORIENTED_EDGE('',*,*,#6794,.T.);
#6794 = EDGE_CURVE('',#3072,#6795,#6797,.T.);
#6795 = VERTEX_POINT('',#6796);
#6796 = CARTESIAN_POINT('',(39.570625805411,63.234104954216,
    3.000000000001));
#6797 = LINE('',#6798,#6799);
#6798 = CARTESIAN_POINT('',(39.570625805411,63.234104954216,
    3.000000000001));
#6799 = VECTOR('',#6800,1.);
#6800 = DIRECTION('',(-1.224646799147E-16,0.,1.));
#6801 = ORIENTED_EDGE('',*,*,#6802,.F.);
#6802 = EDGE_CURVE('',#6795,#6795,#6803,.T.);
#6803 = CIRCLE('',#6804,1.1);
#6804 = AXIS2_PLACEMENT_3D('',#6805,#6806,#6807);
#6805 = CARTESIAN_POINT('',(38.470625805411,63.234104954216,
    3.000000000001));
#6806 = DIRECTION('',(-1.224646799147E-16,0.,1.));
#6807 = DIRECTION('',(-1.,0.,-1.224646799147E-16));
#6808 = ORIENTED_EDGE('',*,*,#6794,.F.);
#6809 = ORIENTED_EDGE('',*,*,#3071,.T.);
#6810 = CYLINDRICAL_SURFACE('',#6811,1.1);
#6811 = AXIS2_PLACEMENT_3D('',#6812,#6813,#6814);
#6812 = CARTESIAN_POINT('',(38.470625805411,63.234104954216,
    3.000000000001));
#6813 = DIRECTION('',(1.224646799147E-16,0.,-1.));
#6814 = DIRECTION('',(-1.,0.,-1.224646799147E-16));
#6815 = ADVANCED_FACE('',(#6816),#6835,.F.);
#6816 = FACE_BOUND('',#6817,.F.);
#6817 = EDGE_LOOP('',(#6818,#6826,#6833,#6834));
#6818 = ORIENTED_EDGE('',*,*,#6819,.T.);
#6819 = EDGE_CURVE('',#3083,#6820,#6822,.T.);
#6820 = VERTEX_POINT('',#6821);
#6821 = CARTESIAN_POINT('',(36.570625805411,65.984104954216,
    3.000000000001));
#6822 = LINE('',#6823,#6824);
#6823 = CARTESIAN_POINT('',(36.570625805411,65.984104954216,
    3.000000000001));
#6824 = VECTOR('',#6825,1.);
#6825 = DIRECTION('',(-1.224646799147E-16,0.,1.));
#6826 = ORIENTED_EDGE('',*,*,#6827,.F.);
#6827 = EDGE_CURVE('',#6820,#6820,#6828,.T.);
#6828 = CIRCLE('',#6829,0.85);
#6829 = AXIS2_PLACEMENT_3D('',#6830,#6831,#6832);
#6830 = CARTESIAN_POINT('',(35.720625805411,65.984104954216,
    3.000000000001));
#6831 = DIRECTION('',(-1.224646799147E-16,0.,1.));
#6832 = DIRECTION('',(-1.,0.,-1.224646799147E-16));
#6833 = ORIENTED_EDGE('',*,*,#6819,.F.);
#6834 = ORIENTED_EDGE('',*,*,#3082,.T.);
#6835 = CYLINDRICAL_SURFACE('',#6836,0.85);
#6836 = AXIS2_PLACEMENT_3D('',#6837,#6838,#6839);
#6837 = CARTESIAN_POINT('',(35.720625805411,65.984104954216,
    3.000000000001));
#6838 = DIRECTION('',(1.224646799147E-16,0.,-1.));
#6839 = DIRECTION('',(-1.,0.,-1.224646799147E-16));
#6840 = ADVANCED_FACE('',(#6841),#6860,.F.);
#6841 = FACE_BOUND('',#6842,.F.);
#6842 = EDGE_LOOP('',(#6843,#6851,#6858,#6859));
#6843 = ORIENTED_EDGE('',*,*,#6844,.T.);
#6844 = EDGE_CURVE('',#3094,#6845,#6847,.T.);
#6845 = VERTEX_POINT('',#6846);
#6846 = CARTESIAN_POINT('',(60.940532402546,119.17983393832,
    3.000000000001));
#6847 = LINE('',#6848,#6849);
#6848 = CARTESIAN_POINT('',(60.940532402546,119.17983393832,
    3.000000000001));
#6849 = VECTOR('',#6850,1.);
#6850 = DIRECTION('',(-1.224646799147E-16,0.,1.));
#6851 = ORIENTED_EDGE('',*,*,#6852,.F.);
#6852 = EDGE_CURVE('',#6845,#6845,#6853,.T.);
#6853 = CIRCLE('',#6854,1.5);
#6854 = AXIS2_PLACEMENT_3D('',#6855,#6856,#6857);
#6855 = CARTESIAN_POINT('',(59.440532402546,119.17983393832,
    3.000000000001));
#6856 = DIRECTION('',(-1.224646799147E-16,0.,1.));
#6857 = DIRECTION('',(-1.,0.,-1.224646799147E-16));
#6858 = ORIENTED_EDGE('',*,*,#6844,.F.);
#6859 = ORIENTED_EDGE('',*,*,#3093,.T.);
#6860 = CYLINDRICAL_SURFACE('',#6861,1.5);
#6861 = AXIS2_PLACEMENT_3D('',#6862,#6863,#6864);
#6862 = CARTESIAN_POINT('',(59.440532402546,119.17983393832,
    3.000000000001));
#6863 = DIRECTION('',(1.224646799147E-16,0.,-1.));
#6864 = DIRECTION('',(-1.,0.,-1.224646799147E-16));
#6865 = ADVANCED_FACE('',(#6866),#6885,.F.);
#6866 = FACE_BOUND('',#6867,.F.);
#6867 = EDGE_LOOP('',(#6868,#6876,#6883,#6884));
#6868 = ORIENTED_EDGE('',*,*,#6869,.T.);
#6869 = EDGE_CURVE('',#3105,#6870,#6872,.T.);
#6870 = VERTEX_POINT('',#6871);
#6871 = CARTESIAN_POINT('',(75.833988146213,130.67986604624,
    3.000000000001));
#6872 = LINE('',#6873,#6874);
#6873 = CARTESIAN_POINT('',(75.833988146214,130.67986604624,
    3.000000000001));
#6874 = VECTOR('',#6875,1.);
#6875 = DIRECTION('',(-1.224646799147E-16,0.,1.));
#6876 = ORIENTED_EDGE('',*,*,#6877,.F.);
#6877 = EDGE_CURVE('',#6870,#6870,#6878,.T.);
#6878 = CIRCLE('',#6879,1.5);
#6879 = AXIS2_PLACEMENT_3D('',#6880,#6881,#6882);
#6880 = CARTESIAN_POINT('',(74.333988146214,130.67986604624,
    3.000000000001));
#6881 = DIRECTION('',(-1.224646799147E-16,0.,1.));
#6882 = DIRECTION('',(-1.,0.,-1.224646799147E-16));
#6883 = ORIENTED_EDGE('',*,*,#6869,.F.);
#6884 = ORIENTED_EDGE('',*,*,#3104,.T.);
#6885 = CYLINDRICAL_SURFACE('',#6886,1.5);
#6886 = AXIS2_PLACEMENT_3D('',#6887,#6888,#6889);
#6887 = CARTESIAN_POINT('',(74.333988146214,130.67986604624,
    3.000000000001));
#6888 = DIRECTION('',(1.224646799147E-16,0.,-1.));
#6889 = DIRECTION('',(-1.,0.,-1.224646799147E-16));
#6890 = ADVANCED_FACE('',(#6891),#6910,.F.);
#6891 = FACE_BOUND('',#6892,.F.);
#6892 = EDGE_LOOP('',(#6893,#6901,#6908,#6909));
#6893 = ORIENTED_EDGE('',*,*,#6894,.T.);
#6894 = EDGE_CURVE('',#3116,#6895,#6897,.T.);
#6895 = VERTEX_POINT('',#6896);
#6896 = CARTESIAN_POINT('',(91.377443889881,142.17989815417,
    3.000000000001));
#6897 = LINE('',#6898,#6899);
#6898 = CARTESIAN_POINT('',(91.377443889881,142.17989815417,
    3.000000000001));
#6899 = VECTOR('',#6900,1.);
#6900 = DIRECTION('',(-1.224646799147E-16,0.,1.));
#6901 = ORIENTED_EDGE('',*,*,#6902,.F.);
#6902 = EDGE_CURVE('',#6895,#6895,#6903,.T.);
#6903 = CIRCLE('',#6904,2.15);
#6904 = AXIS2_PLACEMENT_3D('',#6905,#6906,#6907);
#6905 = CARTESIAN_POINT('',(89.227443889881,142.17989815417,
    3.000000000001));
#6906 = DIRECTION('',(-1.224646799147E-16,0.,1.));
#6907 = DIRECTION('',(-1.,0.,-1.224646799147E-16));
#6908 = ORIENTED_EDGE('',*,*,#6894,.F.);
#6909 = ORIENTED_EDGE('',*,*,#3115,.T.);
#6910 = CYLINDRICAL_SURFACE('',#6911,2.15);
#6911 = AXIS2_PLACEMENT_3D('',#6912,#6913,#6914);
#6912 = CARTESIAN_POINT('',(89.227443889881,142.17989815417,
    3.000000000001));
#6913 = DIRECTION('',(1.224646799147E-16,0.,-1.));
#6914 = DIRECTION('',(-1.,0.,-1.224646799147E-16));
#6915 = ADVANCED_FACE('',(#6916),#6935,.F.);
#6916 = FACE_BOUND('',#6917,.F.);
#6917 = EDGE_LOOP('',(#6918,#6926,#6933,#6934));
#6918 = ORIENTED_EDGE('',*,*,#6919,.T.);
#6919 = EDGE_CURVE('',#3127,#6920,#6922,.T.);
#6920 = VERTEX_POINT('',#6921);
#6921 = CARTESIAN_POINT('',(75.833988146213,90.738901040253,
    3.000000000001));
#6922 = LINE('',#6923,#6924);
#6923 = CARTESIAN_POINT('',(75.833988146214,90.738901040253,
    3.000000000001));
#6924 = VECTOR('',#6925,1.);
#6925 = DIRECTION('',(-1.224646799147E-16,0.,1.));
#6926 = ORIENTED_EDGE('',*,*,#6927,.F.);
#6927 = EDGE_CURVE('',#6920,#6920,#6928,.T.);
#6928 = CIRCLE('',#6929,1.5);
#6929 = AXIS2_PLACEMENT_3D('',#6930,#6931,#6932);
#6930 = CARTESIAN_POINT('',(74.333988146214,90.738901040253,
    3.000000000001));
#6931 = DIRECTION('',(-1.224646799147E-16,0.,1.));
#6932 = DIRECTION('',(-1.,0.,-1.224646799147E-16));
#6933 = ORIENTED_EDGE('',*,*,#6919,.F.);
#6934 = ORIENTED_EDGE('',*,*,#3126,.T.);
#6935 = CYLINDRICAL_SURFACE('',#6936,1.5);
#6936 = AXIS2_PLACEMENT_3D('',#6937,#6938,#6939);
#6937 = CARTESIAN_POINT('',(74.333988146214,90.738901040253,
    3.000000000001));
#6938 = DIRECTION('',(1.224646799147E-16,0.,-1.));
#6939 = DIRECTION('',(-1.,0.,-1.224646799147E-16));
#6940 = ADVANCED_FACE('',(#6941),#6960,.F.);
#6941 = FACE_BOUND('',#6942,.F.);
#6942 = EDGE_LOOP('',(#6943,#6951,#6958,#6959));
#6943 = ORIENTED_EDGE('',*,*,#6944,.T.);
#6944 = EDGE_CURVE('',#3138,#6945,#6947,.T.);
#6945 = VERTEX_POINT('',#6946);
#6946 = CARTESIAN_POINT('',(62.070625805411,65.984104954216,
    3.000000000001));
#6947 = LINE('',#6948,#6949);
#6948 = CARTESIAN_POINT('',(62.070625805411,65.984104954216,
    3.000000000001));
#6949 = VECTOR('',#6950,1.);
#6950 = DIRECTION('',(-1.224646799147E-16,0.,1.));
#6951 = ORIENTED_EDGE('',*,*,#6952,.F.);
#6952 = EDGE_CURVE('',#6945,#6945,#6953,.T.);
#6953 = CIRCLE('',#6954,0.85);
#6954 = AXIS2_PLACEMENT_3D('',#6955,#6956,#6957);
#6955 = CARTESIAN_POINT('',(61.220625805411,65.984104954216,
    3.000000000001));
#6956 = DIRECTION('',(-1.224646799147E-16,0.,1.));
#6957 = DIRECTION('',(-1.,0.,-1.224646799147E-16));
#6958 = ORIENTED_EDGE('',*,*,#6944,.F.);
#6959 = ORIENTED_EDGE('',*,*,#3137,.T.);
#6960 = CYLINDRICAL_SURFACE('',#6961,0.85);
#6961 = AXIS2_PLACEMENT_3D('',#6962,#6963,#6964);
#6962 = CARTESIAN_POINT('',(61.220625805411,65.984104954216,
    3.000000000001));
#6963 = DIRECTION('',(1.224646799147E-16,0.,-1.));
#6964 = DIRECTION('',(-1.,0.,-1.224646799147E-16));
#6965 = ADVANCED_FACE('',(#6966),#6985,.F.);
#6966 = FACE_BOUND('',#6967,.F.);
#6967 = EDGE_LOOP('',(#6968,#6976,#6983,#6984));
#6968 = ORIENTED_EDGE('',*,*,#6969,.T.);
#6969 = EDGE_CURVE('',#3149,#6970,#6972,.T.);
#6970 = VERTEX_POINT('',#6971);
#6971 = CARTESIAN_POINT('',(49.970625805413,169.71350772588,
    3.000000000001));
#6972 = LINE('',#6973,#6974);
#6973 = CARTESIAN_POINT('',(49.970625805413,169.71350772588,
    3.000000000001));
#6974 = VECTOR('',#6975,1.);
#6975 = DIRECTION('',(-1.224646799147E-16,0.,1.));
#6976 = ORIENTED_EDGE('',*,*,#6977,.F.);
#6977 = EDGE_CURVE('',#6970,#6970,#6978,.T.);
#6978 = CIRCLE('',#6979,1.5);
#6979 = AXIS2_PLACEMENT_3D('',#6980,#6981,#6982);
#6980 = CARTESIAN_POINT('',(48.470625805413,169.71350772588,
    3.000000000001));
#6981 = DIRECTION('',(-1.224646799147E-16,0.,1.));
#6982 = DIRECTION('',(-1.,0.,-1.224646799147E-16));
#6983 = ORIENTED_EDGE('',*,*,#6969,.F.);
#6984 = ORIENTED_EDGE('',*,*,#3148,.T.);
#6985 = CYLINDRICAL_SURFACE('',#6986,1.5);
#6986 = AXIS2_PLACEMENT_3D('',#6987,#6988,#6989);
#6987 = CARTESIAN_POINT('',(48.470625805413,169.71350772588,
    3.000000000001));
#6988 = DIRECTION('',(1.224646799147E-16,0.,-1.));
#6989 = DIRECTION('',(-1.,0.,-1.224646799147E-16));
#6990 = ADVANCED_FACE('',(#6991),#7010,.F.);
#6991 = FACE_BOUND('',#6992,.F.);
#6992 = EDGE_LOOP('',(#6993,#7001,#7008,#7009));
#6993 = ORIENTED_EDGE('',*,*,#6994,.T.);
#6994 = EDGE_CURVE('',#3160,#6995,#6997,.T.);
#6995 = VERTEX_POINT('',#6996);
#6996 = CARTESIAN_POINT('',(73.697092310037,151.88568525518,
    3.000000000001));
#6997 = LINE('',#6998,#6999);
#6998 = CARTESIAN_POINT('',(73.697092310037,151.88568525518,
    3.000000000001));
#6999 = VECTOR('',#7000,1.);
#7000 = DIRECTION('',(-1.224646799147E-16,0.,1.));
#7001 = ORIENTED_EDGE('',*,*,#7002,.F.);
#7002 = EDGE_CURVE('',#6995,#6995,#7003,.T.);
#7003 = CIRCLE('',#7004,1.5);
#7004 = AXIS2_PLACEMENT_3D('',#7005,#7006,#7007);
#7005 = CARTESIAN_POINT('',(72.197092310037,151.88568525518,
    3.000000000001));
#7006 = DIRECTION('',(-1.224646799147E-16,0.,1.));
#7007 = DIRECTION('',(-1.,0.,-1.224646799147E-16));
#7008 = ORIENTED_EDGE('',*,*,#6994,.F.);
#7009 = ORIENTED_EDGE('',*,*,#3159,.T.);
#7010 = CYLINDRICAL_SURFACE('',#7011,1.5);
#7011 = AXIS2_PLACEMENT_3D('',#7012,#7013,#7014);
#7012 = CARTESIAN_POINT('',(72.197092310037,151.88568525518,
    3.000000000001));
#7013 = DIRECTION('',(1.224646799147E-16,0.,-1.));
#7014 = DIRECTION('',(-1.,0.,-1.224646799147E-16));
#7015 = ADVANCED_FACE('',(#7016),#7035,.F.);
#7016 = FACE_BOUND('',#7017,.F.);
#7017 = EDGE_LOOP('',(#7018,#7026,#7033,#7034));
#7018 = ORIENTED_EDGE('',*,*,#7019,.T.);
#7019 = EDGE_CURVE('',#3171,#7020,#7022,.T.);
#7020 = VERTEX_POINT('',#7021);
#7021 = CARTESIAN_POINT('',(39.570625805411,43.234104954216,
    3.000000000001));
#7022 = LINE('',#7023,#7024);
#7023 = CARTESIAN_POINT('',(39.570625805411,43.234104954216,
    3.000000000001));
#7024 = VECTOR('',#7025,1.);
#7025 = DIRECTION('',(-1.224646799147E-16,0.,1.));
#7026 = ORIENTED_EDGE('',*,*,#7027,.F.);
#7027 = EDGE_CURVE('',#7020,#7020,#7028,.T.);
#7028 = CIRCLE('',#7029,1.1);
#7029 = AXIS2_PLACEMENT_3D('',#7030,#7031,#7032);
#7030 = CARTESIAN_POINT('',(38.470625805411,43.234104954216,
    3.000000000001));
#7031 = DIRECTION('',(-1.224646799147E-16,0.,1.));
#7032 = DIRECTION('',(-1.,0.,-1.224646799147E-16));
#7033 = ORIENTED_EDGE('',*,*,#7019,.F.);
#7034 = ORIENTED_EDGE('',*,*,#3170,.T.);
#7035 = CYLINDRICAL_SURFACE('',#7036,1.1);
#7036 = AXIS2_PLACEMENT_3D('',#7037,#7038,#7039);
#7037 = CARTESIAN_POINT('',(38.470625805411,43.234104954216,
    3.000000000001));
#7038 = DIRECTION('',(1.224646799147E-16,0.,-1.));
#7039 = DIRECTION('',(-1.,0.,-1.224646799147E-16));
#7040 = ADVANCED_FACE('',(#7041),#7060,.F.);
#7041 = FACE_BOUND('',#7042,.F.);
#7042 = EDGE_LOOP('',(#7043,#7051,#7058,#7059));
#7043 = ORIENTED_EDGE('',*,*,#7044,.T.);
#7044 = EDGE_CURVE('',#3182,#7045,#7047,.T.);
#7045 = VERTEX_POINT('',#7046);
#7046 = CARTESIAN_POINT('',(64.381342428786,6.716983276509,
    3.000000000001));
#7047 = LINE('',#7048,#7049);
#7048 = CARTESIAN_POINT('',(64.381342428786,6.716983276509,
    3.000000000001));
#7049 = VECTOR('',#7050,1.);
#7050 = DIRECTION('',(-1.224646799147E-16,0.,1.));
#7051 = ORIENTED_EDGE('',*,*,#7052,.F.);
#7052 = EDGE_CURVE('',#7045,#7045,#7053,.T.);
#7053 = CIRCLE('',#7054,1.5);
#7054 = AXIS2_PLACEMENT_3D('',#7055,#7056,#7057);
#7055 = CARTESIAN_POINT('',(62.881342428786,6.716983276509,
    3.000000000001));
#7056 = DIRECTION('',(-1.224646799147E-16,0.,1.));
#7057 = DIRECTION('',(-1.,0.,-1.224646799147E-16));
#7058 = ORIENTED_EDGE('',*,*,#7044,.F.);
#7059 = ORIENTED_EDGE('',*,*,#3181,.T.);
#7060 = CYLINDRICAL_SURFACE('',#7061,1.5);
#7061 = AXIS2_PLACEMENT_3D('',#7062,#7063,#7064);
#7062 = CARTESIAN_POINT('',(62.881342428786,6.716983276509,
    3.000000000001));
#7063 = DIRECTION('',(1.224646799147E-16,0.,-1.));
#7064 = DIRECTION('',(-1.,0.,-1.224646799147E-16));
#7065 = ADVANCED_FACE('',(#7066),#7085,.F.);
#7066 = FACE_BOUND('',#7067,.F.);
#7067 = EDGE_LOOP('',(#7068,#7076,#7083,#7084));
#7068 = ORIENTED_EDGE('',*,*,#7069,.T.);
#7069 = EDGE_CURVE('',#3193,#7070,#7072,.T.);
#7070 = VERTEX_POINT('',#7071);
#7071 = CARTESIAN_POINT('',(73.697092310037,69.533081831313,
    3.000000000001));
#7072 = LINE('',#7073,#7074);
#7073 = CARTESIAN_POINT('',(73.697092310037,69.533081831313,
    3.000000000001));
#7074 = VECTOR('',#7075,1.);
#7075 = DIRECTION('',(-1.224646799147E-16,0.,1.));
#7076 = ORIENTED_EDGE('',*,*,#7077,.F.);
#7077 = EDGE_CURVE('',#7070,#7070,#7078,.T.);
#7078 = CIRCLE('',#7079,1.5);
#7079 = AXIS2_PLACEMENT_3D('',#7080,#7081,#7082);
#7080 = CARTESIAN_POINT('',(72.197092310037,69.533081831313,
    3.000000000001));
#7081 = DIRECTION('',(-1.224646799147E-16,0.,1.));
#7082 = DIRECTION('',(-1.,0.,-1.224646799147E-16));
#7083 = ORIENTED_EDGE('',*,*,#7069,.F.);
#7084 = ORIENTED_EDGE('',*,*,#3192,.T.);
#7085 = CYLINDRICAL_SURFACE('',#7086,1.5);
#7086 = AXIS2_PLACEMENT_3D('',#7087,#7088,#7089);
#7087 = CARTESIAN_POINT('',(72.197092310037,69.533081831313,
    3.000000000001));
#7088 = DIRECTION('',(1.224646799147E-16,0.,-1.));
#7089 = DIRECTION('',(-1.,0.,-1.224646799147E-16));
#7090 = ADVANCED_FACE('',(#7091),#7110,.F.);
#7091 = FACE_BOUND('',#7092,.F.);
#7092 = EDGE_LOOP('',(#7093,#7101,#7108,#7109));
#7093 = ORIENTED_EDGE('',*,*,#7094,.T.);
#7094 = EDGE_CURVE('',#3204,#7095,#7097,.T.);
#7095 = VERTEX_POINT('',#7096);
#7096 = CARTESIAN_POINT('',(26.244159300789,69.533081831313,
    3.000000000001));
#7097 = LINE('',#7098,#7099);
#7098 = CARTESIAN_POINT('',(26.244159300789,69.533081831313,
    3.000000000001));
#7099 = VECTOR('',#7100,1.);
#7100 = DIRECTION('',(-1.224646799147E-16,0.,1.));
#7101 = ORIENTED_EDGE('',*,*,#7102,.F.);
#7102 = EDGE_CURVE('',#7095,#7095,#7103,.T.);
#7103 = CIRCLE('',#7104,1.5);
#7104 = AXIS2_PLACEMENT_3D('',#7105,#7106,#7107);
#7105 = CARTESIAN_POINT('',(24.744159300789,69.533081831313,
    3.000000000001));
#7106 = DIRECTION('',(-1.224646799147E-16,0.,1.));
#7107 = DIRECTION('',(-1.,0.,-1.224646799147E-16));
#7108 = ORIENTED_EDGE('',*,*,#7094,.F.);
#7109 = ORIENTED_EDGE('',*,*,#3203,.T.);
#7110 = CYLINDRICAL_SURFACE('',#7111,1.5);
#7111 = AXIS2_PLACEMENT_3D('',#7112,#7113,#7114);
#7112 = CARTESIAN_POINT('',(24.744159300789,69.533081831313,
    3.000000000001));
#7113 = DIRECTION('',(1.224646799147E-16,0.,-1.));
#7114 = DIRECTION('',(-1.,0.,-1.224646799147E-16));
#7115 = ADVANCED_FACE('',(#7116),#7135,.F.);
#7116 = FACE_BOUND('',#7117,.F.);
#7117 = EDGE_LOOP('',(#7118,#7126,#7133,#7134));
#7118 = ORIENTED_EDGE('',*,*,#7119,.T.);
#7119 = EDGE_CURVE('',#3215,#7120,#7122,.T.);
#7120 = VERTEX_POINT('',#7121);
#7121 = CARTESIAN_POINT('',(59.570625805411,43.234104954216,
    3.000000000001));
#7122 = LINE('',#7123,#7124);
#7123 = CARTESIAN_POINT('',(59.570625805411,43.234104954216,
    3.000000000001));
#7124 = VECTOR('',#7125,1.);
#7125 = DIRECTION('',(-1.224646799147E-16,0.,1.));
#7126 = ORIENTED_EDGE('',*,*,#7127,.F.);
#7127 = EDGE_CURVE('',#7120,#7120,#7128,.T.);
#7128 = CIRCLE('',#7129,1.1);
#7129 = AXIS2_PLACEMENT_3D('',#7130,#7131,#7132);
#7130 = CARTESIAN_POINT('',(58.470625805411,43.234104954216,
    3.000000000001));
#7131 = DIRECTION('',(-1.224646799147E-16,0.,1.));
#7132 = DIRECTION('',(-1.,0.,-1.224646799147E-16));
#7133 = ORIENTED_EDGE('',*,*,#7119,.F.);
#7134 = ORIENTED_EDGE('',*,*,#3214,.T.);
#7135 = CYLINDRICAL_SURFACE('',#7136,1.1);
#7136 = AXIS2_PLACEMENT_3D('',#7137,#7138,#7139);
#7137 = CARTESIAN_POINT('',(58.470625805411,43.234104954216,
    3.000000000001));
#7138 = DIRECTION('',(1.224646799147E-16,0.,-1.));
#7139 = DIRECTION('',(-1.,0.,-1.224646799147E-16));
#7140 = ADVANCED_FACE('',(#7141),#7160,.F.);
#7141 = FACE_BOUND('',#7142,.F.);
#7142 = EDGE_LOOP('',(#7143,#7151,#7158,#7159));
#7143 = ORIENTED_EDGE('',*,*,#7144,.T.);
#7144 = EDGE_CURVE('',#3226,#7145,#7147,.T.);
#7145 = VERTEX_POINT('',#7146);
#7146 = CARTESIAN_POINT('',(70.050999534345,184.29000161426,
    3.000000000001));
#7147 = LINE('',#7148,#7149);
#7148 = CARTESIAN_POINT('',(70.050999534345,184.29000161426,
    3.000000000001));
#7149 = VECTOR('',#7150,1.);
#7150 = DIRECTION('',(-1.224646799147E-16,0.,1.));
#7151 = ORIENTED_EDGE('',*,*,#7152,.F.);
#7152 = EDGE_CURVE('',#7145,#7145,#7153,.T.);
#7153 = CIRCLE('',#7154,1.5);
#7154 = AXIS2_PLACEMENT_3D('',#7155,#7156,#7157);
#7155 = CARTESIAN_POINT('',(68.550999534345,184.29000161426,
    3.000000000001));
#7156 = DIRECTION('',(-1.224646799147E-16,0.,1.));
#7157 = DIRECTION('',(-1.,0.,-1.224646799147E-16));
#7158 = ORIENTED_EDGE('',*,*,#7144,.F.);
#7159 = ORIENTED_EDGE('',*,*,#3225,.T.);
#7160 = CYLINDRICAL_SURFACE('',#7161,1.5);
#7161 = AXIS2_PLACEMENT_3D('',#7162,#7163,#7164);
#7162 = CARTESIAN_POINT('',(68.550999534345,184.29000161426,
    3.000000000001));
#7163 = DIRECTION('',(1.224646799147E-16,0.,-1.));
#7164 = DIRECTION('',(-1.,0.,-1.224646799147E-16));
#7165 = ADVANCED_FACE('',(#7166),#7185,.F.);
#7166 = FACE_BOUND('',#7167,.F.);
#7167 = EDGE_LOOP('',(#7168,#7176,#7183,#7184));
#7168 = ORIENTED_EDGE('',*,*,#7169,.T.);
#7169 = EDGE_CURVE('',#3237,#7170,#7172,.T.);
#7170 = VERTEX_POINT('',#7171);
#7171 = CARTESIAN_POINT('',(91.377443889881,79.238868932328,
    3.000000000001));
#7172 = LINE('',#7173,#7174);
#7173 = CARTESIAN_POINT('',(91.377443889881,79.238868932328,
    3.000000000001));
#7174 = VECTOR('',#7175,1.);
#7175 = DIRECTION('',(-1.224646799147E-16,0.,1.));
#7176 = ORIENTED_EDGE('',*,*,#7177,.F.);
#7177 = EDGE_CURVE('',#7170,#7170,#7178,.T.);
#7178 = CIRCLE('',#7179,2.15);
#7179 = AXIS2_PLACEMENT_3D('',#7180,#7181,#7182);
#7180 = CARTESIAN_POINT('',(89.227443889881,79.238868932328,
    3.000000000001));
#7181 = DIRECTION('',(-1.224646799147E-16,0.,1.));
#7182 = DIRECTION('',(-1.,0.,-1.224646799147E-16));
#7183 = ORIENTED_EDGE('',*,*,#7169,.F.);
#7184 = ORIENTED_EDGE('',*,*,#3236,.T.);
#7185 = CYLINDRICAL_SURFACE('',#7186,2.15);
#7186 = AXIS2_PLACEMENT_3D('',#7187,#7188,#7189);
#7187 = CARTESIAN_POINT('',(89.227443889881,79.238868932328,
    3.000000000001));
#7188 = DIRECTION('',(1.224646799147E-16,0.,-1.));
#7189 = DIRECTION('',(-1.,0.,-1.224646799147E-16));
#7190 = ADVANCED_FACE('',(#7191),#7210,.F.);
#7191 = FACE_BOUND('',#7192,.F.);
#7192 = EDGE_LOOP('',(#7193,#7201,#7208,#7209));
#7193 = ORIENTED_EDGE('',*,*,#7194,.T.);
#7194 = EDGE_CURVE('',#3248,#7195,#7197,.T.);
#7195 = VERTEX_POINT('',#7196);
#7196 = CARTESIAN_POINT('',(29.890252076481,184.29000161426,
    3.000000000001));
#7197 = LINE('',#7198,#7199);
#7198 = CARTESIAN_POINT('',(29.890252076481,184.29000161426,
    3.000000000001));
#7199 = VECTOR('',#7200,1.);
#7200 = DIRECTION('',(-1.224646799147E-16,0.,1.));
#7201 = ORIENTED_EDGE('',*,*,#7202,.F.);
#7202 = EDGE_CURVE('',#7195,#7195,#7203,.T.);
#7203 = CIRCLE('',#7204,1.5);
#7204 = AXIS2_PLACEMENT_3D('',#7205,#7206,#7207);
#7205 = CARTESIAN_POINT('',(28.390252076481,184.29000161426,
    3.000000000001));
#7206 = DIRECTION('',(-1.224646799147E-16,0.,1.));
#7207 = DIRECTION('',(-1.,0.,-1.224646799147E-16));
#7208 = ORIENTED_EDGE('',*,*,#7194,.F.);
#7209 = ORIENTED_EDGE('',*,*,#3247,.T.);
#7210 = CYLINDRICAL_SURFACE('',#7211,1.5);
#7211 = AXIS2_PLACEMENT_3D('',#7212,#7213,#7214);
#7212 = CARTESIAN_POINT('',(28.390252076481,184.29000161426,
    3.000000000001));
#7213 = DIRECTION('',(1.224646799147E-16,0.,-1.));
#7214 = DIRECTION('',(-1.,0.,-1.224646799147E-16));
#7215 = ADVANCED_FACE('',(#7216),#7235,.F.);
#7216 = FACE_BOUND('',#7217,.F.);
#7217 = EDGE_LOOP('',(#7218,#7226,#7233,#7234));
#7218 = ORIENTED_EDGE('',*,*,#7219,.T.);
#7219 = EDGE_CURVE('',#3259,#7220,#7222,.T.);
#7220 = VERTEX_POINT('',#7221);
#7221 = CARTESIAN_POINT('',(60.940532402546,102.23893314817,
    3.000000000001));
#7222 = LINE('',#7223,#7224);
#7223 = CARTESIAN_POINT('',(60.940532402546,102.23893314817,
    3.000000000001));
#7224 = VECTOR('',#7225,1.);
#7225 = DIRECTION('',(-1.224646799147E-16,0.,1.));
#7226 = ORIENTED_EDGE('',*,*,#7227,.F.);
#7227 = EDGE_CURVE('',#7220,#7220,#7228,.T.);
#7228 = CIRCLE('',#7229,1.5);
#7229 = AXIS2_PLACEMENT_3D('',#7230,#7231,#7232);
#7230 = CARTESIAN_POINT('',(59.440532402546,102.23893314817,
    3.000000000001));
#7231 = DIRECTION('',(-1.224646799147E-16,0.,1.));
#7232 = DIRECTION('',(-1.,0.,-1.224646799147E-16));
#7233 = ORIENTED_EDGE('',*,*,#7219,.F.);
#7234 = ORIENTED_EDGE('',*,*,#3258,.T.);
#7235 = CYLINDRICAL_SURFACE('',#7236,1.5);
#7236 = AXIS2_PLACEMENT_3D('',#7237,#7238,#7239);
#7237 = CARTESIAN_POINT('',(59.440532402546,102.23893314817,
    3.000000000001));
#7238 = DIRECTION('',(1.224646799147E-16,0.,-1.));
#7239 = DIRECTION('',(-1.,0.,-1.224646799147E-16));
#7240 = ADVANCED_FACE('',(#7241),#7260,.F.);
#7241 = FACE_BOUND('',#7242,.F.);
#7242 = EDGE_LOOP('',(#7243,#7251,#7258,#7259));
#7243 = ORIENTED_EDGE('',*,*,#7244,.T.);
#7244 = EDGE_CURVE('',#3270,#7245,#7247,.T.);
#7245 = VERTEX_POINT('',#7246);
#7246 = CARTESIAN_POINT('',(59.570625805411,63.234104954216,
    3.000000000001));
#7247 = LINE('',#7248,#7249);
#7248 = CARTESIAN_POINT('',(59.570625805411,63.234104954216,
    3.000000000001));
#7249 = VECTOR('',#7250,1.);
#7250 = DIRECTION('',(-1.224646799147E-16,0.,1.));
#7251 = ORIENTED_EDGE('',*,*,#7252,.F.);
#7252 = EDGE_CURVE('',#7245,#7245,#7253,.T.);
#7253 = CIRCLE('',#7254,1.1);
#7254 = AXIS2_PLACEMENT_3D('',#7255,#7256,#7257);
#7255 = CARTESIAN_POINT('',(58.470625805411,63.234104954216,
    3.000000000001));
#7256 = DIRECTION('',(-1.224646799147E-16,0.,1.));
#7257 = DIRECTION('',(-1.,0.,-1.224646799147E-16));
#7258 = ORIENTED_EDGE('',*,*,#7244,.F.);
#7259 = ORIENTED_EDGE('',*,*,#3269,.T.);
#7260 = CYLINDRICAL_SURFACE('',#7261,1.1);
#7261 = AXIS2_PLACEMENT_3D('',#7262,#7263,#7264);
#7262 = CARTESIAN_POINT('',(58.470625805411,63.234104954216,
    3.000000000001));
#7263 = DIRECTION('',(1.224646799147E-16,0.,-1.));
#7264 = DIRECTION('',(-1.,0.,-1.224646799147E-16));
#7265 = ADVANCED_FACE('',(#7266),#7291,.T.);
#7266 = FACE_BOUND('',#7267,.T.);
#7267 = EDGE_LOOP('',(#7268,#7278,#7284,#7285));
#7268 = ORIENTED_EDGE('',*,*,#7269,.T.);
#7269 = EDGE_CURVE('',#7270,#7272,#7274,.T.);
#7270 = VERTEX_POINT('',#7271);
#7271 = CARTESIAN_POINT('',(34.470625805415,25.136937574718,
    3.000000000001));
#7272 = VERTEX_POINT('',#7273);
#7273 = CARTESIAN_POINT('',(34.470625805413,28.652768365166,
    3.000000000001));
#7274 = LINE('',#7275,#7276);
#7275 = CARTESIAN_POINT('',(34.470625805415,28.652768365166,
    3.000000000001));
#7276 = VECTOR('',#7277,1.);
#7277 = DIRECTION('',(0.,1.,0.));
#7278 = ORIENTED_EDGE('',*,*,#7279,.T.);
#7279 = EDGE_CURVE('',#7272,#3281,#7280,.T.);
#7280 = LINE('',#7281,#7282);
#7281 = CARTESIAN_POINT('',(34.470625805413,28.652768365166,
    3.000000000001));
#7282 = VECTOR('',#7283,1.);
#7283 = DIRECTION('',(1.224646799147E-16,0.,-1.));
#7284 = ORIENTED_EDGE('',*,*,#3308,.F.);
#7285 = ORIENTED_EDGE('',*,*,#7286,.F.);
#7286 = EDGE_CURVE('',#7270,#3300,#7287,.T.);
#7287 = LINE('',#7288,#7289);
#7288 = CARTESIAN_POINT('',(34.470625805415,25.136937574718,
    3.000000000001));
#7289 = VECTOR('',#7290,1.);
#7290 = DIRECTION('',(1.224646799147E-16,0.,-1.));
#7291 = PLANE('',#7292);
#7292 = AXIS2_PLACEMENT_3D('',#7293,#7294,#7295);
#7293 = CARTESIAN_POINT('',(34.470625805415,25.136937574718,
    3.000000000001));
#7294 = DIRECTION('',(-1.,0.,-1.224646799147E-16));
#7295 = DIRECTION('',(0.,1.,0.));
#7296 = ADVANCED_FACE('',(#7297),#7316,.F.);
#7297 = FACE_BOUND('',#7298,.F.);
#7298 = EDGE_LOOP('',(#7299,#7307,#7308,#7309));
#7299 = ORIENTED_EDGE('',*,*,#7300,.T.);
#7300 = EDGE_CURVE('',#7301,#3292,#7303,.T.);
#7301 = VERTEX_POINT('',#7302);
#7302 = CARTESIAN_POINT('',(32.470625805415,25.136937574718,
    3.000000000001));
#7303 = LINE('',#7304,#7305);
#7304 = CARTESIAN_POINT('',(32.470625805415,25.136937574718,
    3.000000000001));
#7305 = VECTOR('',#7306,1.);
#7306 = DIRECTION('',(1.224646799147E-16,0.,-1.));
#7307 = ORIENTED_EDGE('',*,*,#3299,.T.);
#7308 = ORIENTED_EDGE('',*,*,#7286,.F.);
#7309 = ORIENTED_EDGE('',*,*,#7310,.F.);
#7310 = EDGE_CURVE('',#7301,#7270,#7311,.T.);
#7311 = CIRCLE('',#7312,1.);
#7312 = AXIS2_PLACEMENT_3D('',#7313,#7314,#7315);
#7313 = CARTESIAN_POINT('',(33.470625805415,25.136937574718,
    3.000000000001));
#7314 = DIRECTION('',(-1.224646799147E-16,0.,1.));
#7315 = DIRECTION('',(1.,0.,1.224646799147E-16));
#7316 = CYLINDRICAL_SURFACE('',#7317,1.);
#7317 = AXIS2_PLACEMENT_3D('',#7318,#7319,#7320);
#7318 = CARTESIAN_POINT('',(33.470625805415,25.136937574718,
    3.000000000001));
#7319 = DIRECTION('',(1.224646799147E-16,0.,-1.));
#7320 = DIRECTION('',(1.,0.,1.224646799147E-16));
#7321 = ADVANCED_FACE('',(#7322),#7340,.T.);
#7322 = FACE_BOUND('',#7323,.T.);
#7323 = EDGE_LOOP('',(#7324,#7332,#7333,#7334));
#7324 = ORIENTED_EDGE('',*,*,#7325,.T.);
#7325 = EDGE_CURVE('',#7326,#7301,#7328,.T.);
#7326 = VERTEX_POINT('',#7327);
#7327 = CARTESIAN_POINT('',(32.470625805417,28.652768365166,
    3.000000000001));
#7328 = LINE('',#7329,#7330);
#7329 = CARTESIAN_POINT('',(32.470625805417,28.652768365166,
    3.000000000001));
#7330 = VECTOR('',#7331,1.);
#7331 = DIRECTION('',(0.,-1.,0.));
#7332 = ORIENTED_EDGE('',*,*,#7300,.T.);
#7333 = ORIENTED_EDGE('',*,*,#3291,.F.);
#7334 = ORIENTED_EDGE('',*,*,#7335,.F.);
#7335 = EDGE_CURVE('',#7326,#3283,#7336,.T.);
#7336 = LINE('',#7337,#7338);
#7337 = CARTESIAN_POINT('',(32.470625805417,28.652768365166,
    3.000000000001));
#7338 = VECTOR('',#7339,1.);
#7339 = DIRECTION('',(1.224646799147E-16,0.,-1.));
#7340 = PLANE('',#7341);
#7341 = AXIS2_PLACEMENT_3D('',#7342,#7343,#7344);
#7342 = CARTESIAN_POINT('',(32.470625805417,28.652768365166,
    3.000000000001));
#7343 = DIRECTION('',(1.,0.,1.224646799147E-16));
#7344 = DIRECTION('',(0.,-1.,0.));
#7345 = ADVANCED_FACE('',(#7346),#7358,.F.);
#7346 = FACE_BOUND('',#7347,.F.);
#7347 = EDGE_LOOP('',(#7348,#7349,#7350,#7351));
#7348 = ORIENTED_EDGE('',*,*,#7279,.T.);
#7349 = ORIENTED_EDGE('',*,*,#3280,.T.);
#7350 = ORIENTED_EDGE('',*,*,#7335,.F.);
#7351 = ORIENTED_EDGE('',*,*,#7352,.F.);
#7352 = EDGE_CURVE('',#7272,#7326,#7353,.T.);
#7353 = CIRCLE('',#7354,0.999999999998);
#7354 = AXIS2_PLACEMENT_3D('',#7355,#7356,#7357);
#7355 = CARTESIAN_POINT('',(33.470625805415,28.652768365166,
    3.000000000001));
#7356 = DIRECTION('',(-1.224646799147E-16,0.,1.));
#7357 = DIRECTION('',(-1.,0.,-1.224646799147E-16));
#7358 = CYLINDRICAL_SURFACE('',#7359,0.999999999998);
#7359 = AXIS2_PLACEMENT_3D('',#7360,#7361,#7362);
#7360 = CARTESIAN_POINT('',(33.470625805415,28.652768365166,
    3.000000000001));
#7361 = DIRECTION('',(1.224646799147E-16,0.,-1.));
#7362 = DIRECTION('',(-1.,0.,-1.224646799147E-16));
#7363 = ADVANCED_FACE('',(#7364),#7389,.T.);
#7364 = FACE_BOUND('',#7365,.T.);
#7365 = EDGE_LOOP('',(#7366,#7376,#7382,#7383));
#7366 = ORIENTED_EDGE('',*,*,#7367,.T.);
#7367 = EDGE_CURVE('',#7368,#7370,#7372,.T.);
#7368 = VERTEX_POINT('',#7369);
#7369 = CARTESIAN_POINT('',(34.470625805415,52.266954906546,
    3.000000000001));
#7370 = VERTEX_POINT('',#7371);
#7371 = CARTESIAN_POINT('',(34.470625805413,55.782785696993,
    3.000000000001));
#7372 = LINE('',#7373,#7374);
#7373 = CARTESIAN_POINT('',(34.470625805415,55.782785696993,
    3.000000000001));
#7374 = VECTOR('',#7375,1.);
#7375 = DIRECTION('',(0.,1.,0.));
#7376 = ORIENTED_EDGE('',*,*,#7377,.T.);
#7377 = EDGE_CURVE('',#7370,#3317,#7378,.T.);
#7378 = LINE('',#7379,#7380);
#7379 = CARTESIAN_POINT('',(34.470625805413,55.782785696993,
    3.000000000001));
#7380 = VECTOR('',#7381,1.);
#7381 = DIRECTION('',(1.224646799147E-16,0.,-1.));
#7382 = ORIENTED_EDGE('',*,*,#3344,.F.);
#7383 = ORIENTED_EDGE('',*,*,#7384,.F.);
#7384 = EDGE_CURVE('',#7368,#3336,#7385,.T.);
#7385 = LINE('',#7386,#7387);
#7386 = CARTESIAN_POINT('',(34.470625805415,52.266954906546,
    3.000000000001));
#7387 = VECTOR('',#7388,1.);
#7388 = DIRECTION('',(1.224646799147E-16,0.,-1.));
#7389 = PLANE('',#7390);
#7390 = AXIS2_PLACEMENT_3D('',#7391,#7392,#7393);
#7391 = CARTESIAN_POINT('',(34.470625805415,52.266954906546,
    3.000000000001));
#7392 = DIRECTION('',(-1.,0.,-1.224646799147E-16));
#7393 = DIRECTION('',(0.,1.,0.));
#7394 = ADVANCED_FACE('',(#7395),#7414,.F.);
#7395 = FACE_BOUND('',#7396,.F.);
#7396 = EDGE_LOOP('',(#7397,#7405,#7406,#7407));
#7397 = ORIENTED_EDGE('',*,*,#7398,.T.);
#7398 = EDGE_CURVE('',#7399,#3328,#7401,.T.);
#7399 = VERTEX_POINT('',#7400);
#7400 = CARTESIAN_POINT('',(32.470625805415,52.266954906546,
    3.000000000001));
#7401 = LINE('',#7402,#7403);
#7402 = CARTESIAN_POINT('',(32.470625805415,52.266954906546,
    3.000000000001));
#7403 = VECTOR('',#7404,1.);
#7404 = DIRECTION('',(1.224646799147E-16,0.,-1.));
#7405 = ORIENTED_EDGE('',*,*,#3335,.T.);
#7406 = ORIENTED_EDGE('',*,*,#7384,.F.);
#7407 = ORIENTED_EDGE('',*,*,#7408,.F.);
#7408 = EDGE_CURVE('',#7399,#7368,#7409,.T.);
#7409 = CIRCLE('',#7410,1.);
#7410 = AXIS2_PLACEMENT_3D('',#7411,#7412,#7413);
#7411 = CARTESIAN_POINT('',(33.470625805415,52.266954906546,
    3.000000000001));
#7412 = DIRECTION('',(-1.224646799147E-16,0.,1.));
#7413 = DIRECTION('',(1.,0.,1.224646799147E-16));
#7414 = CYLINDRICAL_SURFACE('',#7415,1.);
#7415 = AXIS2_PLACEMENT_3D('',#7416,#7417,#7418);
#7416 = CARTESIAN_POINT('',(33.470625805415,52.266954906546,
    3.000000000001));
#7417 = DIRECTION('',(1.224646799147E-16,0.,-1.));
#7418 = DIRECTION('',(1.,0.,1.224646799147E-16));
#7419 = ADVANCED_FACE('',(#7420),#7438,.T.);
#7420 = FACE_BOUND('',#7421,.T.);
#7421 = EDGE_LOOP('',(#7422,#7430,#7431,#7432));
#7422 = ORIENTED_EDGE('',*,*,#7423,.T.);
#7423 = EDGE_CURVE('',#7424,#7399,#7426,.T.);
#7424 = VERTEX_POINT('',#7425);
#7425 = CARTESIAN_POINT('',(32.470625805417,55.782785696993,
    3.000000000001));
#7426 = LINE('',#7427,#7428);
#7427 = CARTESIAN_POINT('',(32.470625805417,55.782785696993,
    3.000000000001));
#7428 = VECTOR('',#7429,1.);
#7429 = DIRECTION('',(0.,-1.,0.));
#7430 = ORIENTED_EDGE('',*,*,#7398,.T.);
#7431 = ORIENTED_EDGE('',*,*,#3327,.F.);
#7432 = ORIENTED_EDGE('',*,*,#7433,.F.);
#7433 = EDGE_CURVE('',#7424,#3319,#7434,.T.);
#7434 = LINE('',#7435,#7436);
#7435 = CARTESIAN_POINT('',(32.470625805417,55.782785696993,
    3.000000000001));
#7436 = VECTOR('',#7437,1.);
#7437 = DIRECTION('',(1.224646799147E-16,0.,-1.));
#7438 = PLANE('',#7439);
#7439 = AXIS2_PLACEMENT_3D('',#7440,#7441,#7442);
#7440 = CARTESIAN_POINT('',(32.470625805417,55.782785696993,
    3.000000000001));
#7441 = DIRECTION('',(1.,0.,1.224646799147E-16));
#7442 = DIRECTION('',(0.,-1.,0.));
#7443 = ADVANCED_FACE('',(#7444),#7456,.F.);
#7444 = FACE_BOUND('',#7445,.F.);
#7445 = EDGE_LOOP('',(#7446,#7447,#7448,#7449));
#7446 = ORIENTED_EDGE('',*,*,#7377,.T.);
#7447 = ORIENTED_EDGE('',*,*,#3316,.T.);
#7448 = ORIENTED_EDGE('',*,*,#7433,.F.);
#7449 = ORIENTED_EDGE('',*,*,#7450,.F.);
#7450 = EDGE_CURVE('',#7370,#7424,#7451,.T.);
#7451 = CIRCLE('',#7452,0.999999999998);
#7452 = AXIS2_PLACEMENT_3D('',#7453,#7454,#7455);
#7453 = CARTESIAN_POINT('',(33.470625805415,55.782785696993,
    3.000000000001));
#7454 = DIRECTION('',(-1.224646799147E-16,0.,1.));
#7455 = DIRECTION('',(-1.,0.,-1.224646799147E-16));
#7456 = CYLINDRICAL_SURFACE('',#7457,0.999999999998);
#7457 = AXIS2_PLACEMENT_3D('',#7458,#7459,#7460);
#7458 = CARTESIAN_POINT('',(33.470625805415,55.782785696993,
    3.000000000001));
#7459 = DIRECTION('',(1.224646799147E-16,0.,-1.));
#7460 = DIRECTION('',(-1.,0.,-1.224646799147E-16));
#7461 = ADVANCED_FACE('',(#7462),#7487,.T.);
#7462 = FACE_BOUND('',#7463,.T.);
#7463 = EDGE_LOOP('',(#7464,#7474,#7480,#7481));
#7464 = ORIENTED_EDGE('',*,*,#7465,.T.);
#7465 = EDGE_CURVE('',#7466,#7468,#7470,.T.);
#7466 = VERTEX_POINT('',#7467);
#7467 = CARTESIAN_POINT('',(64.470625805409,25.136937574718,
    3.000000000001));
#7468 = VERTEX_POINT('',#7469);
#7469 = CARTESIAN_POINT('',(64.470625805411,28.652768365166,
    3.000000000001));
#7470 = LINE('',#7471,#7472);
#7471 = CARTESIAN_POINT('',(64.470625805409,28.652768365166,
    3.000000000001));
#7472 = VECTOR('',#7473,1.);
#7473 = DIRECTION('',(0.,1.,0.));
#7474 = ORIENTED_EDGE('',*,*,#7475,.T.);
#7475 = EDGE_CURVE('',#7468,#3353,#7476,.T.);
#7476 = LINE('',#7477,#7478);
#7477 = CARTESIAN_POINT('',(64.470625805411,28.652768365166,
    3.000000000001));
#7478 = VECTOR('',#7479,1.);
#7479 = DIRECTION('',(1.224646799147E-16,0.,-1.));
#7480 = ORIENTED_EDGE('',*,*,#3380,.F.);
#7481 = ORIENTED_EDGE('',*,*,#7482,.F.);
#7482 = EDGE_CURVE('',#7466,#3372,#7483,.T.);
#7483 = LINE('',#7484,#7485);
#7484 = CARTESIAN_POINT('',(64.470625805409,25.136937574718,
    3.000000000001));
#7485 = VECTOR('',#7486,1.);
#7486 = DIRECTION('',(1.224646799147E-16,0.,-1.));
#7487 = PLANE('',#7488);
#7488 = AXIS2_PLACEMENT_3D('',#7489,#7490,#7491);
#7489 = CARTESIAN_POINT('',(64.470625805409,25.136937574718,
    3.000000000001));
#7490 = DIRECTION('',(-1.,0.,-1.224646799147E-16));
#7491 = DIRECTION('',(0.,1.,0.));
#7492 = ADVANCED_FACE('',(#7493),#7512,.F.);
#7493 = FACE_BOUND('',#7494,.F.);
#7494 = EDGE_LOOP('',(#7495,#7503,#7504,#7505));
#7495 = ORIENTED_EDGE('',*,*,#7496,.T.);
#7496 = EDGE_CURVE('',#7497,#3364,#7499,.T.);
#7497 = VERTEX_POINT('',#7498);
#7498 = CARTESIAN_POINT('',(62.470625805413,25.136937574718,
    3.000000000001));
#7499 = LINE('',#7500,#7501);
#7500 = CARTESIAN_POINT('',(62.470625805413,25.136937574718,
    3.000000000001));
#7501 = VECTOR('',#7502,1.);
#7502 = DIRECTION('',(1.224646799147E-16,0.,-1.));
#7503 = ORIENTED_EDGE('',*,*,#3371,.T.);
#7504 = ORIENTED_EDGE('',*,*,#7482,.F.);
#7505 = ORIENTED_EDGE('',*,*,#7506,.F.);
#7506 = EDGE_CURVE('',#7497,#7466,#7507,.T.);
#7507 = CIRCLE('',#7508,0.999999999998);
#7508 = AXIS2_PLACEMENT_3D('',#7509,#7510,#7511);
#7509 = CARTESIAN_POINT('',(63.470625805411,25.136937574718,
    3.000000000001));
#7510 = DIRECTION('',(-1.224646799147E-16,0.,1.));
#7511 = DIRECTION('',(1.,1.065814103642E-13,1.224646799147E-16));
#7512 = CYLINDRICAL_SURFACE('',#7513,0.999999999998);
#7513 = AXIS2_PLACEMENT_3D('',#7514,#7515,#7516);
#7514 = CARTESIAN_POINT('',(63.470625805411,25.136937574718,
    3.000000000001));
#7515 = DIRECTION('',(1.224646799147E-16,0.,-1.));
#7516 = DIRECTION('',(1.,1.065814103642E-13,1.224646799147E-16));
#7517 = ADVANCED_FACE('',(#7518),#7536,.T.);
#7518 = FACE_BOUND('',#7519,.T.);
#7519 = EDGE_LOOP('',(#7520,#7528,#7529,#7530));
#7520 = ORIENTED_EDGE('',*,*,#7521,.T.);
#7521 = EDGE_CURVE('',#7522,#7497,#7524,.T.);
#7522 = VERTEX_POINT('',#7523);
#7523 = CARTESIAN_POINT('',(62.470625805411,28.652768365166,
    3.000000000001));
#7524 = LINE('',#7525,#7526);
#7525 = CARTESIAN_POINT('',(62.470625805411,28.652768365166,
    3.000000000001));
#7526 = VECTOR('',#7527,1.);
#7527 = DIRECTION('',(0.,-1.,0.));
#7528 = ORIENTED_EDGE('',*,*,#7496,.T.);
#7529 = ORIENTED_EDGE('',*,*,#3363,.F.);
#7530 = ORIENTED_EDGE('',*,*,#7531,.F.);
#7531 = EDGE_CURVE('',#7522,#3355,#7532,.T.);
#7532 = LINE('',#7533,#7534);
#7533 = CARTESIAN_POINT('',(62.470625805411,28.652768365166,
    3.000000000001));
#7534 = VECTOR('',#7535,1.);
#7535 = DIRECTION('',(1.224646799147E-16,0.,-1.));
#7536 = PLANE('',#7537);
#7537 = AXIS2_PLACEMENT_3D('',#7538,#7539,#7540);
#7538 = CARTESIAN_POINT('',(62.470625805411,28.652768365166,
    3.000000000001));
#7539 = DIRECTION('',(1.,0.,1.224646799147E-16));
#7540 = DIRECTION('',(0.,-1.,0.));
#7541 = ADVANCED_FACE('',(#7542),#7554,.F.);
#7542 = FACE_BOUND('',#7543,.F.);
#7543 = EDGE_LOOP('',(#7544,#7545,#7546,#7547));
#7544 = ORIENTED_EDGE('',*,*,#7475,.T.);
#7545 = ORIENTED_EDGE('',*,*,#3352,.T.);
#7546 = ORIENTED_EDGE('',*,*,#7531,.F.);
#7547 = ORIENTED_EDGE('',*,*,#7548,.F.);
#7548 = EDGE_CURVE('',#7468,#7522,#7549,.T.);
#7549 = CIRCLE('',#7550,1.);
#7550 = AXIS2_PLACEMENT_3D('',#7551,#7552,#7553);
#7551 = CARTESIAN_POINT('',(63.470625805411,28.652768365166,
    3.000000000001));
#7552 = DIRECTION('',(-1.224646799147E-16,0.,1.));
#7553 = DIRECTION('',(-1.,0.,-1.224646799147E-16));
#7554 = CYLINDRICAL_SURFACE('',#7555,1.);
#7555 = AXIS2_PLACEMENT_3D('',#7556,#7557,#7558);
#7556 = CARTESIAN_POINT('',(63.470625805411,28.652768365166,
    3.000000000001));
#7557 = DIRECTION('',(1.224646799147E-16,0.,-1.));
#7558 = DIRECTION('',(-1.,0.,-1.224646799147E-16));
#7559 = ADVANCED_FACE('',(#7560),#7585,.T.);
#7560 = FACE_BOUND('',#7561,.T.);
#7561 = EDGE_LOOP('',(#7562,#7572,#7578,#7579));
#7562 = ORIENTED_EDGE('',*,*,#7563,.T.);
#7563 = EDGE_CURVE('',#7564,#7566,#7568,.T.);
#7564 = VERTEX_POINT('',#7565);
#7565 = CARTESIAN_POINT('',(54.409643952359,134.80416975878,
    3.000000000001));
#7566 = VERTEX_POINT('',#7567);
#7567 = CARTESIAN_POINT('',(61.944557909611,153.09183641033,
    3.000000000001));
#7568 = LINE('',#7569,#7570);
#7569 = CARTESIAN_POINT('',(61.944557909611,153.09183641033,
    3.000000000001));
#7570 = VECTOR('',#7571,1.);
#7571 = DIRECTION('',(0.380952897398,0.924594446211,4.665327464241E-17)
  );
#7572 = ORIENTED_EDGE('',*,*,#7573,.T.);
#7573 = EDGE_CURVE('',#7566,#3389,#7574,.T.);
#7574 = LINE('',#7575,#7576);
#7575 = CARTESIAN_POINT('',(61.944557909611,153.09183641033,
    3.000000000001));
#7576 = VECTOR('',#7577,1.);
#7577 = DIRECTION('',(1.224646799147E-16,0.,-1.));
#7578 = ORIENTED_EDGE('',*,*,#3433,.F.);
#7579 = ORIENTED_EDGE('',*,*,#7580,.F.);
#7580 = EDGE_CURVE('',#7564,#3425,#7581,.T.);
#7581 = LINE('',#7582,#7583);
#7582 = CARTESIAN_POINT('',(54.409643952359,134.80416975878,
    3.000000000001));
#7583 = VECTOR('',#7584,1.);
#7584 = DIRECTION('',(1.224646799147E-16,0.,-1.));
#7585 = PLANE('',#7586);
#7586 = AXIS2_PLACEMENT_3D('',#7587,#7588,#7589);
#7587 = CARTESIAN_POINT('',(54.409643952359,134.80416975878,
    3.000000000001));
#7588 = DIRECTION('',(-0.924594446211,0.380952897398,-1.132301629062E-16
    ));
#7589 = DIRECTION('',(0.380952897398,0.924594446211,4.665327464241E-17)
  );
#7590 = ADVANCED_FACE('',(#7591),#7610,.F.);
#7591 = FACE_BOUND('',#7592,.F.);
#7592 = EDGE_LOOP('',(#7593,#7601,#7602,#7603));
#7593 = ORIENTED_EDGE('',*,*,#7594,.T.);
#7594 = EDGE_CURVE('',#7595,#3417,#7597,.T.);
#7595 = VERTEX_POINT('',#7596);
#7596 = CARTESIAN_POINT('',(51.522752283048,135.37559910488,
    3.000000000001));
#7597 = LINE('',#7598,#7599);
#7598 = CARTESIAN_POINT('',(51.522752283048,135.37559910488,
    3.000000000001));
#7599 = VECTOR('',#7600,1.);
#7600 = DIRECTION('',(1.224646799147E-16,0.,-1.));
#7601 = ORIENTED_EDGE('',*,*,#3424,.T.);
#7602 = ORIENTED_EDGE('',*,*,#7580,.F.);
#7603 = ORIENTED_EDGE('',*,*,#7604,.F.);
#7604 = EDGE_CURVE('',#7595,#7564,#7605,.T.);
#7605 = CIRCLE('',#7606,1.499999999997);
#7606 = AXIS2_PLACEMENT_3D('',#7607,#7608,#7609);
#7607 = CARTESIAN_POINT('',(53.022752283046,135.37559910488,
    3.000000000001));
#7608 = DIRECTION('',(-1.224646799147E-16,0.,1.));
#7609 = DIRECTION('',(0.924594446211,-0.380952897398,1.132301629061E-16)
  );
#7610 = CYLINDRICAL_SURFACE('',#7611,1.499999999997);
#7611 = AXIS2_PLACEMENT_3D('',#7612,#7613,#7614);
#7612 = CARTESIAN_POINT('',(53.022752283046,135.37559910488,
    3.000000000001));
#7613 = DIRECTION('',(1.224646799147E-16,0.,-1.));
#7614 = DIRECTION('',(0.924594446211,-0.380952897398,1.132301629061E-16)
  );
#7615 = ADVANCED_FACE('',(#7616),#7634,.T.);
#7616 = FACE_BOUND('',#7617,.T.);
#7617 = EDGE_LOOP('',(#7618,#7626,#7627,#7628));
#7618 = ORIENTED_EDGE('',*,*,#7619,.T.);
#7619 = EDGE_CURVE('',#7620,#7595,#7622,.T.);
#7620 = VERTEX_POINT('',#7621);
#7621 = CARTESIAN_POINT('',(51.522752283046,162.3151693336,
    3.000000000001));
#7622 = LINE('',#7623,#7624);
#7623 = CARTESIAN_POINT('',(51.522752283046,162.3151693336,
    3.000000000001));
#7624 = VECTOR('',#7625,1.);
#7625 = DIRECTION('',(0.,-1.,0.));
#7626 = ORIENTED_EDGE('',*,*,#7594,.T.);
#7627 = ORIENTED_EDGE('',*,*,#3416,.F.);
#7628 = ORIENTED_EDGE('',*,*,#7629,.F.);
#7629 = EDGE_CURVE('',#7620,#3408,#7630,.T.);
#7630 = LINE('',#7631,#7632);
#7631 = CARTESIAN_POINT('',(51.522752283046,162.3151693336,
    3.000000000001));
#7632 = VECTOR('',#7633,1.);
#7633 = DIRECTION('',(1.224646799147E-16,0.,-1.));
#7634 = PLANE('',#7635);
#7635 = AXIS2_PLACEMENT_3D('',#7636,#7637,#7638);
#7636 = CARTESIAN_POINT('',(51.522752283046,162.3151693336,
    3.000000000001));
#7637 = DIRECTION('',(1.,0.,1.224646799147E-16));
#7638 = DIRECTION('',(0.,-1.,0.));
#7639 = ADVANCED_FACE('',(#7640),#7659,.F.);
#7640 = FACE_BOUND('',#7641,.F.);
#7641 = EDGE_LOOP('',(#7642,#7650,#7651,#7652));
#7642 = ORIENTED_EDGE('',*,*,#7643,.T.);
#7643 = EDGE_CURVE('',#7644,#3400,#7646,.T.);
#7644 = VERTEX_POINT('',#7645);
#7645 = CARTESIAN_POINT('',(54.160765314479,163.29237265957,
    3.000000000001));
#7646 = LINE('',#7647,#7648);
#7647 = CARTESIAN_POINT('',(54.160765314479,163.29237265957,
    3.000000000001));
#7648 = VECTOR('',#7649,1.);
#7649 = DIRECTION('',(1.224646799147E-16,0.,-1.));
#7650 = ORIENTED_EDGE('',*,*,#3407,.T.);
#7651 = ORIENTED_EDGE('',*,*,#7629,.F.);
#7652 = ORIENTED_EDGE('',*,*,#7653,.F.);
#7653 = EDGE_CURVE('',#7644,#7620,#7654,.T.);
#7654 = CIRCLE('',#7655,1.5);
#7655 = AXIS2_PLACEMENT_3D('',#7656,#7657,#7658);
#7656 = CARTESIAN_POINT('',(53.022752283046,162.3151693336,
    3.000000000001));
#7657 = DIRECTION('',(-1.224646799147E-16,0.,1.));
#7658 = DIRECTION('',(-1.,0.,-1.224646799147E-16));
#7659 = CYLINDRICAL_SURFACE('',#7660,1.5);
#7660 = AXIS2_PLACEMENT_3D('',#7661,#7662,#7663);
#7661 = CARTESIAN_POINT('',(53.022752283046,162.3151693336,
    3.000000000001));
#7662 = DIRECTION('',(1.224646799147E-16,0.,-1.));
#7663 = DIRECTION('',(-1.,0.,-1.224646799147E-16));
#7664 = ADVANCED_FACE('',(#7665),#7683,.T.);
#7665 = FACE_BOUND('',#7666,.T.);
#7666 = EDGE_LOOP('',(#7667,#7675,#7676,#7677));
#7667 = ORIENTED_EDGE('',*,*,#7668,.T.);
#7668 = EDGE_CURVE('',#7669,#7644,#7671,.T.);
#7669 = VERTEX_POINT('',#7670);
#7670 = CARTESIAN_POINT('',(61.663474711174,154.55500875834,
    3.000000000001));
#7671 = LINE('',#7672,#7673);
#7672 = CARTESIAN_POINT('',(61.663474711174,154.55500875834,
    3.000000000001));
#7673 = VECTOR('',#7674,1.);
#7674 = DIRECTION('',(-0.65146888398,0.758675354289,-7.978192835103E-17)
  );
#7675 = ORIENTED_EDGE('',*,*,#7643,.T.);
#7676 = ORIENTED_EDGE('',*,*,#3399,.F.);
#7677 = ORIENTED_EDGE('',*,*,#7678,.F.);
#7678 = EDGE_CURVE('',#7669,#3391,#7679,.T.);
#7679 = LINE('',#7680,#7681);
#7680 = CARTESIAN_POINT('',(61.663474711174,154.55500875834,
    3.000000000001));
#7681 = VECTOR('',#7682,1.);
#7682 = DIRECTION('',(1.224646799147E-16,0.,-1.));
#7683 = PLANE('',#7684);
#7684 = AXIS2_PLACEMENT_3D('',#7685,#7686,#7687);
#7685 = CARTESIAN_POINT('',(61.663474711174,154.55500875834,
    3.000000000001));
#7686 = DIRECTION('',(-0.758675354289,-0.65146888398,-9.291093442221E-17
    ));
#7687 = DIRECTION('',(-0.65146888398,0.758675354289,-7.978192835103E-17)
  );
#7688 = ADVANCED_FACE('',(#7689),#7701,.F.);
#7689 = FACE_BOUND('',#7690,.F.);
#7690 = EDGE_LOOP('',(#7691,#7692,#7693,#7694));
#7691 = ORIENTED_EDGE('',*,*,#7573,.T.);
#7692 = ORIENTED_EDGE('',*,*,#3388,.T.);
#7693 = ORIENTED_EDGE('',*,*,#7678,.F.);
#7694 = ORIENTED_EDGE('',*,*,#7695,.F.);
#7695 = EDGE_CURVE('',#7566,#7669,#7696,.T.);
#7696 = CIRCLE('',#7697,1.499999999996);
#7697 = AXIS2_PLACEMENT_3D('',#7698,#7699,#7700);
#7698 = CARTESIAN_POINT('',(60.525461679746,153.57780543237,
    3.000000000001));
#7699 = DIRECTION('',(-1.224646799147E-16,0.,1.));
#7700 = DIRECTION('',(0.758675354288,0.651468883982,9.291093442203E-17)
  );
#7701 = CYLINDRICAL_SURFACE('',#7702,1.499999999996);
#7702 = AXIS2_PLACEMENT_3D('',#7703,#7704,#7705);
#7703 = CARTESIAN_POINT('',(60.525461679746,153.57780543237,
    3.000000000001));
#7704 = DIRECTION('',(1.224646799147E-16,0.,-1.));
#7705 = DIRECTION('',(0.758675354288,0.651468883982,9.291093442203E-17)
  );
#7706 = ADVANCED_FACE('',(#7707),#7732,.T.);
#7707 = FACE_BOUND('',#7708,.T.);
#7708 = EDGE_LOOP('',(#7709,#7719,#7725,#7726));
#7709 = ORIENTED_EDGE('',*,*,#7710,.T.);
#7710 = EDGE_CURVE('',#7711,#7713,#7715,.T.);
#7711 = VERTEX_POINT('',#7712);
#7712 = CARTESIAN_POINT('',(44.978192976766,5.613624236782,
    3.000000000001));
#7713 = VERTEX_POINT('',#7714);
#7714 = CARTESIAN_POINT('',(43.609019735939,7.23190244414,3.000000000001
    ));
#7715 = LINE('',#7716,#7717);
#7716 = CARTESIAN_POINT('',(43.609019735936,7.231902444138,
    3.000000000001));
#7717 = VECTOR('',#7718,1.);
#7718 = DIRECTION('',(-0.645904003163,0.763418639213,-7.910042700295E-17
    ));
#7719 = ORIENTED_EDGE('',*,*,#7720,.T.);
#7720 = EDGE_CURVE('',#7713,#3442,#7721,.T.);
#7721 = LINE('',#7722,#7723);
#7722 = CARTESIAN_POINT('',(43.609019735939,7.23190244414,3.000000000001
    ));
#7723 = VECTOR('',#7724,1.);
#7724 = DIRECTION('',(1.224646799147E-16,0.,-1.));
#7725 = ORIENTED_EDGE('',*,*,#3520,.F.);
#7726 = ORIENTED_EDGE('',*,*,#7727,.F.);
#7727 = EDGE_CURVE('',#7711,#3512,#7728,.T.);
#7728 = LINE('',#7729,#7730);
#7729 = CARTESIAN_POINT('',(44.978192976766,5.613624236782,
    3.000000000001));
#7730 = VECTOR('',#7731,1.);
#7731 = DIRECTION('',(1.224646799147E-16,0.,-1.));
#7732 = PLANE('',#7733);
#7733 = AXIS2_PLACEMENT_3D('',#7734,#7735,#7736);
#7734 = CARTESIAN_POINT('',(44.978192976766,5.613624236782,
    3.000000000001));
#7735 = DIRECTION('',(-0.763418639213,-0.645904003163,
    -9.349181929222E-17));
#7736 = DIRECTION('',(-0.645904003163,0.763418639213,-7.910042700295E-17
    ));
#7737 = ADVANCED_FACE('',(#7738),#7757,.F.);
#7738 = FACE_BOUND('',#7739,.F.);
#7739 = EDGE_LOOP('',(#7740,#7748,#7749,#7750));
#7740 = ORIENTED_EDGE('',*,*,#7741,.T.);
#7741 = EDGE_CURVE('',#7742,#3504,#7744,.T.);
#7742 = VERTEX_POINT('',#7743);
#7743 = CARTESIAN_POINT('',(44.975868459411,4.319078778213,
    3.000000000001));
#7744 = LINE('',#7745,#7746);
#7745 = CARTESIAN_POINT('',(44.975868459411,4.319078778213,
    3.000000000001));
#7746 = VECTOR('',#7747,1.);
#7747 = DIRECTION('',(1.224646799147E-16,0.,-1.));
#7748 = ORIENTED_EDGE('',*,*,#3511,.T.);
#7749 = ORIENTED_EDGE('',*,*,#7727,.F.);
#7750 = ORIENTED_EDGE('',*,*,#7751,.F.);
#7751 = EDGE_CURVE('',#7742,#7711,#7752,.T.);
#7752 = CIRCLE('',#7753,1.);
#7753 = AXIS2_PLACEMENT_3D('',#7754,#7755,#7756);
#7754 = CARTESIAN_POINT('',(44.214774337553,4.96772023362,3.000000000001
    ));
#7755 = DIRECTION('',(-1.224646799147E-16,0.,1.));
#7756 = DIRECTION('',(0.763418639213,0.645904003163,9.34918192922E-17));
#7757 = CYLINDRICAL_SURFACE('',#7758,1.);
#7758 = AXIS2_PLACEMENT_3D('',#7759,#7760,#7761);
#7759 = CARTESIAN_POINT('',(44.214774337553,4.96772023362,3.000000000001
    ));
#7760 = DIRECTION('',(1.224646799147E-16,0.,-1.));
#7761 = DIRECTION('',(0.763418639213,0.645904003163,9.34918192922E-17));
#7762 = ADVANCED_FACE('',(#7763),#7781,.T.);
#7763 = FACE_BOUND('',#7764,.T.);
#7764 = EDGE_LOOP('',(#7765,#7773,#7774,#7775));
#7765 = ORIENTED_EDGE('',*,*,#7766,.T.);
#7766 = EDGE_CURVE('',#7767,#7742,#7769,.T.);
#7767 = VERTEX_POINT('',#7768);
#7768 = CARTESIAN_POINT('',(43.764379157273,2.897557876537,
    3.000000000001));
#7769 = LINE('',#7770,#7771);
#7770 = CARTESIAN_POINT('',(44.975868459412,4.319078778212,
    3.000000000001));
#7771 = VECTOR('',#7772,1.);
#7772 = DIRECTION('',(0.648641455406,0.761094121859,7.943566821576E-17)
  );
#7773 = ORIENTED_EDGE('',*,*,#7741,.T.);
#7774 = ORIENTED_EDGE('',*,*,#3503,.F.);
#7775 = ORIENTED_EDGE('',*,*,#7776,.F.);
#7776 = EDGE_CURVE('',#7767,#3495,#7777,.T.);
#7777 = LINE('',#7778,#7779);
#7778 = CARTESIAN_POINT('',(43.764379157273,2.897557876537,
    3.000000000001));
#7779 = VECTOR('',#7780,1.);
#7780 = DIRECTION('',(1.224646799147E-16,0.,-1.));
#7781 = PLANE('',#7782);
#7782 = AXIS2_PLACEMENT_3D('',#7783,#7784,#7785);
#7783 = CARTESIAN_POINT('',(43.764379157273,2.897557876537,
    3.000000000001));
#7784 = DIRECTION('',(-0.761094121859,0.648641455406,-9.320714801846E-17
    ));
#7785 = DIRECTION('',(0.648641455406,0.761094121859,7.943566821576E-17)
  );
#7786 = ADVANCED_FACE('',(#7787),#7806,.F.);
#7787 = FACE_BOUND('',#7788,.F.);
#7788 = EDGE_LOOP('',(#7789,#7797,#7798,#7799));
#7789 = ORIENTED_EDGE('',*,*,#7790,.T.);
#7790 = EDGE_CURVE('',#7791,#3487,#7793,.T.);
#7791 = VERTEX_POINT('',#7792);
#7792 = CARTESIAN_POINT('',(42.792975950636,2.568564385322,
    3.000000000001));
#7793 = LINE('',#7794,#7795);
#7794 = CARTESIAN_POINT('',(42.792975950636,2.568564385322,
    3.000000000001));
#7795 = VECTOR('',#7796,1.);
#7796 = DIRECTION('',(1.224646799147E-16,0.,-1.));
#7797 = ORIENTED_EDGE('',*,*,#3494,.T.);
#7798 = ORIENTED_EDGE('',*,*,#7776,.F.);
#7799 = ORIENTED_EDGE('',*,*,#7800,.F.);
#7800 = EDGE_CURVE('',#7791,#7767,#7801,.T.);
#7801 = CIRCLE('',#7802,0.999999999998);
#7802 = AXIS2_PLACEMENT_3D('',#7803,#7804,#7805);
#7803 = CARTESIAN_POINT('',(43.003285035417,3.546199331945,
    3.000000000001));
#7804 = DIRECTION('',(-1.224646799147E-16,1.232595164408E-32,1.));
#7805 = DIRECTION('',(0.761094121857,-0.648641455409,9.320714801816E-17)
  );
#7806 = CYLINDRICAL_SURFACE('',#7807,0.999999999998);
#7807 = AXIS2_PLACEMENT_3D('',#7808,#7809,#7810);
#7808 = CARTESIAN_POINT('',(43.003285035417,3.546199331945,
    3.000000000001));
#7809 = DIRECTION('',(1.224646799147E-16,0.,-1.));
#7810 = DIRECTION('',(0.761094121857,-0.648641455409,9.320714801816E-17)
  );
#7811 = ADVANCED_FACE('',(#7812),#7830,.T.);
#7812 = FACE_BOUND('',#7813,.T.);
#7813 = EDGE_LOOP('',(#7814,#7822,#7823,#7824));
#7814 = ORIENTED_EDGE('',*,*,#7815,.T.);
#7815 = EDGE_CURVE('',#7816,#7791,#7818,.T.);
#7816 = VERTEX_POINT('',#7817);
#7817 = CARTESIAN_POINT('',(41.052803735684,2.942910686214,
    3.000000000001));
#7818 = LINE('',#7819,#7820);
#7819 = CARTESIAN_POINT('',(42.792975950636,2.568564385322,
    3.000000000001));
#7820 = VECTOR('',#7821,1.);
#7821 = DIRECTION('',(0.977634946623,-0.210309084783,1.197257508116E-16)
  );
#7822 = ORIENTED_EDGE('',*,*,#7790,.T.);
#7823 = ORIENTED_EDGE('',*,*,#3486,.F.);
#7824 = ORIENTED_EDGE('',*,*,#7825,.F.);
#7825 = EDGE_CURVE('',#7816,#3478,#7826,.T.);
#7826 = LINE('',#7827,#7828);
#7827 = CARTESIAN_POINT('',(41.052803735684,2.942910686214,
    3.000000000001));
#7828 = VECTOR('',#7829,1.);
#7829 = DIRECTION('',(1.224646799147E-16,0.,-1.));
#7830 = PLANE('',#7831);
#7831 = AXIS2_PLACEMENT_3D('',#7832,#7833,#7834);
#7832 = CARTESIAN_POINT('',(41.052803735684,2.942910686214,
    3.000000000001));
#7833 = DIRECTION('',(0.210309084783,0.977634946623,2.57554347511E-17));
#7834 = DIRECTION('',(0.977634946623,-0.210309084783,1.197257508116E-16)
  );
#7835 = ADVANCED_FACE('',(#7836),#7855,.F.);
#7836 = FACE_BOUND('',#7837,.F.);
#7837 = EDGE_LOOP('',(#7838,#7846,#7847,#7848));
#7838 = ORIENTED_EDGE('',*,*,#7839,.T.);
#7839 = EDGE_CURVE('',#7840,#3470,#7842,.T.);
#7840 = VERTEX_POINT('',#7841);
#7841 = CARTESIAN_POINT('',(40.263112820466,3.920545632837,
    3.000000000001));
#7842 = LINE('',#7843,#7844);
#7843 = CARTESIAN_POINT('',(40.263112820466,3.920545632837,
    3.000000000001));
#7844 = VECTOR('',#7845,1.);
#7845 = DIRECTION('',(1.224646799147E-16,0.,-1.));
#7846 = ORIENTED_EDGE('',*,*,#3477,.T.);
#7847 = ORIENTED_EDGE('',*,*,#7825,.F.);
#7848 = ORIENTED_EDGE('',*,*,#7849,.F.);
#7849 = EDGE_CURVE('',#7840,#7816,#7850,.T.);
#7850 = CIRCLE('',#7851,1.);
#7851 = AXIS2_PLACEMENT_3D('',#7852,#7853,#7854);
#7852 = CARTESIAN_POINT('',(41.263112820466,3.920545632837,
    3.000000000001));
#7853 = DIRECTION('',(-1.224646799147E-16,3.08148791102E-33,1.));
#7854 = DIRECTION('',(-0.210309084781,-0.977634946623,
    -2.575543475091E-17));
#7855 = CYLINDRICAL_SURFACE('',#7856,1.);
#7856 = AXIS2_PLACEMENT_3D('',#7857,#7858,#7859);
#7857 = CARTESIAN_POINT('',(41.263112820466,3.920545632837,
    3.000000000001));
#7858 = DIRECTION('',(1.224646799147E-16,0.,-1.));
#7859 = DIRECTION('',(-0.210309084781,-0.977634946623,
    -2.575543475091E-17));
#7860 = ADVANCED_FACE('',(#7861),#7879,.T.);
#7861 = FACE_BOUND('',#7862,.T.);
#7862 = EDGE_LOOP('',(#7863,#7871,#7872,#7873));
#7863 = ORIENTED_EDGE('',*,*,#7864,.T.);
#7864 = EDGE_CURVE('',#7865,#7840,#7867,.T.);
#7865 = VERTEX_POINT('',#7866);
#7866 = CARTESIAN_POINT('',(40.263112820466,4.729159790085,
    3.000000000001));
#7867 = LINE('',#7868,#7869);
#7868 = CARTESIAN_POINT('',(40.263112820466,3.920545632837,
    3.000000000001));
#7869 = VECTOR('',#7870,1.);
#7870 = DIRECTION('',(0.,-1.,0.));
#7871 = ORIENTED_EDGE('',*,*,#7839,.T.);
#7872 = ORIENTED_EDGE('',*,*,#3469,.F.);
#7873 = ORIENTED_EDGE('',*,*,#7874,.F.);
#7874 = EDGE_CURVE('',#7865,#3461,#7875,.T.);
#7875 = LINE('',#7876,#7877);
#7876 = CARTESIAN_POINT('',(40.263112820466,4.729159790085,
    3.000000000001));
#7877 = VECTOR('',#7878,1.);
#7878 = DIRECTION('',(1.224646799147E-16,0.,-1.));
#7879 = PLANE('',#7880);
#7880 = AXIS2_PLACEMENT_3D('',#7881,#7882,#7883);
#7881 = CARTESIAN_POINT('',(40.263112820466,4.729159790085,
    3.000000000001));
#7882 = DIRECTION('',(1.,0.,1.224646799147E-16));
#7883 = DIRECTION('',(0.,-1.,0.));
#7884 = ADVANCED_FACE('',(#7885),#7904,.F.);
#7885 = FACE_BOUND('',#7886,.F.);
#7886 = EDGE_LOOP('',(#7887,#7895,#7896,#7897));
#7887 = ORIENTED_EDGE('',*,*,#7888,.T.);
#7888 = EDGE_CURVE('',#7889,#3453,#7891,.T.);
#7889 = VERTEX_POINT('',#7890);
#7890 = CARTESIAN_POINT('',(40.502018698607,5.377801245491,
    3.000000000001));
#7891 = LINE('',#7892,#7893);
#7892 = CARTESIAN_POINT('',(40.502018698607,5.377801245491,
    3.000000000001));
#7893 = VECTOR('',#7894,1.);
#7894 = DIRECTION('',(1.224646799147E-16,0.,-1.));
#7895 = ORIENTED_EDGE('',*,*,#3460,.T.);
#7896 = ORIENTED_EDGE('',*,*,#7874,.F.);
#7897 = ORIENTED_EDGE('',*,*,#7898,.F.);
#7898 = EDGE_CURVE('',#7889,#7865,#7899,.T.);
#7899 = CIRCLE('',#7900,1.);
#7900 = AXIS2_PLACEMENT_3D('',#7901,#7902,#7903);
#7901 = CARTESIAN_POINT('',(41.263112820466,4.729159790085,
    3.000000000001));
#7902 = DIRECTION('',(-1.224646799147E-16,0.,1.));
#7903 = DIRECTION('',(-1.,0.,-1.224646799147E-16));
#7904 = CYLINDRICAL_SURFACE('',#7905,1.);
#7905 = AXIS2_PLACEMENT_3D('',#7906,#7907,#7908);
#7906 = CARTESIAN_POINT('',(41.263112820466,4.729159790085,
    3.000000000001));
#7907 = DIRECTION('',(1.224646799147E-16,0.,-1.));
#7908 = DIRECTION('',(-1.,0.,-1.224646799147E-16));
#7909 = ADVANCED_FACE('',(#7910),#7928,.T.);
#7910 = FACE_BOUND('',#7911,.T.);
#7911 = EDGE_LOOP('',(#7912,#7920,#7921,#7922));
#7912 = ORIENTED_EDGE('',*,*,#7913,.T.);
#7913 = EDGE_CURVE('',#7914,#7889,#7916,.T.);
#7914 = VERTEX_POINT('',#7915);
#7915 = CARTESIAN_POINT('',(42.084506974868,7.234639896382,
    3.000000000001));
#7916 = LINE('',#7917,#7918);
#7917 = CARTESIAN_POINT('',(42.084506974868,7.234639896382,
    3.000000000001));
#7918 = VECTOR('',#7919,1.);
#7919 = DIRECTION('',(-0.648641455408,-0.761094121858,
    -7.943566821595E-17));
#7920 = ORIENTED_EDGE('',*,*,#7888,.T.);
#7921 = ORIENTED_EDGE('',*,*,#3452,.F.);
#7922 = ORIENTED_EDGE('',*,*,#7923,.F.);
#7923 = EDGE_CURVE('',#7914,#3444,#7924,.T.);
#7924 = LINE('',#7925,#7926);
#7925 = CARTESIAN_POINT('',(42.084506974868,7.234639896382,
    3.000000000001));
#7926 = VECTOR('',#7927,1.);
#7927 = DIRECTION('',(1.224646799147E-16,0.,-1.));
#7928 = PLANE('',#7929);
#7929 = AXIS2_PLACEMENT_3D('',#7930,#7931,#7932);
#7930 = CARTESIAN_POINT('',(42.084506974868,7.234639896382,
    3.000000000001));
#7931 = DIRECTION('',(0.761094121858,-0.648641455408,9.32071480183E-17)
  );
#7932 = DIRECTION('',(-0.648641455408,-0.761094121858,
    -7.943566821595E-17));
#7933 = ADVANCED_FACE('',(#7934),#7946,.F.);
#7934 = FACE_BOUND('',#7935,.F.);
#7935 = EDGE_LOOP('',(#7936,#7937,#7938,#7939));
#7936 = ORIENTED_EDGE('',*,*,#7720,.T.);
#7937 = ORIENTED_EDGE('',*,*,#3441,.T.);
#7938 = ORIENTED_EDGE('',*,*,#7923,.F.);
#7939 = ORIENTED_EDGE('',*,*,#7940,.F.);
#7940 = EDGE_CURVE('',#7713,#7914,#7941,.T.);
#7941 = CIRCLE('',#7942,1.);
#7942 = AXIS2_PLACEMENT_3D('',#7943,#7944,#7945);
#7943 = CARTESIAN_POINT('',(42.845601096727,6.585998440975,
    3.000000000001));
#7944 = DIRECTION('',(-1.224646799147E-16,0.,1.));
#7945 = DIRECTION('',(-0.761094121859,0.648641455407,-9.320714801843E-17
    ));
#7946 = CYLINDRICAL_SURFACE('',#7947,1.);
#7947 = AXIS2_PLACEMENT_3D('',#7948,#7949,#7950);
#7948 = CARTESIAN_POINT('',(42.845601096727,6.585998440975,
    3.000000000001));
#7949 = DIRECTION('',(1.224646799147E-16,0.,-1.));
#7950 = DIRECTION('',(-0.761094121859,0.648641455407,-9.320714801843E-17
    ));
#7951 = ADVANCED_FACE('',(#7952),#7971,.F.);
#7952 = FACE_BOUND('',#7953,.F.);
#7953 = EDGE_LOOP('',(#7954,#7962,#7969,#7970));
#7954 = ORIENTED_EDGE('',*,*,#7955,.T.);
#7955 = EDGE_CURVE('',#3529,#7956,#7958,.T.);
#7956 = VERTEX_POINT('',#7957);
#7957 = CARTESIAN_POINT('',(49.970625805413,79.717820978783,
    3.000000000001));
#7958 = LINE('',#7959,#7960);
#7959 = CARTESIAN_POINT('',(49.970625805413,79.717820978783,
    3.000000000001));
#7960 = VECTOR('',#7961,1.);
#7961 = DIRECTION('',(-1.224646799147E-16,0.,1.));
#7962 = ORIENTED_EDGE('',*,*,#7963,.F.);
#7963 = EDGE_CURVE('',#7956,#7956,#7964,.T.);
#7964 = CIRCLE('',#7965,1.5);
#7965 = AXIS2_PLACEMENT_3D('',#7966,#7967,#7968);
#7966 = CARTESIAN_POINT('',(48.470625805413,79.717820978783,
    3.000000000001));
#7967 = DIRECTION('',(-1.224646799147E-16,0.,1.));
#7968 = DIRECTION('',(-1.,0.,-1.224646799147E-16));
#7969 = ORIENTED_EDGE('',*,*,#7955,.F.);
#7970 = ORIENTED_EDGE('',*,*,#3528,.T.);
#7971 = CYLINDRICAL_SURFACE('',#7972,1.5);
#7972 = AXIS2_PLACEMENT_3D('',#7973,#7974,#7975);
#7973 = CARTESIAN_POINT('',(48.470625805413,79.717820978783,
    3.000000000001));
#7974 = DIRECTION('',(1.224646799147E-16,0.,-1.));
#7975 = DIRECTION('',(-1.,0.,-1.224646799147E-16));
#7976 = ADVANCED_FACE('',(#7977),#8002,.T.);
#7977 = FACE_BOUND('',#7978,.T.);
#7978 = EDGE_LOOP('',(#7979,#7989,#7995,#7996));
#7979 = ORIENTED_EDGE('',*,*,#7980,.T.);
#7980 = EDGE_CURVE('',#7981,#7983,#7985,.T.);
#7981 = VERTEX_POINT('',#7982);
#7982 = CARTESIAN_POINT('',(64.470625805409,52.266954906546,
    3.000000000001));
#7983 = VERTEX_POINT('',#7984);
#7984 = CARTESIAN_POINT('',(64.470625805411,55.782785696993,
    3.000000000001));
#7985 = LINE('',#7986,#7987);
#7986 = CARTESIAN_POINT('',(64.470625805409,55.782785696993,
    3.000000000001));
#7987 = VECTOR('',#7988,1.);
#7988 = DIRECTION('',(0.,1.,0.));
#7989 = ORIENTED_EDGE('',*,*,#7990,.T.);
#7990 = EDGE_CURVE('',#7983,#3540,#7991,.T.);
#7991 = LINE('',#7992,#7993);
#7992 = CARTESIAN_POINT('',(64.470625805411,55.782785696993,
    3.000000000001));
#7993 = VECTOR('',#7994,1.);
#7994 = DIRECTION('',(1.224646799147E-16,0.,-1.));
#7995 = ORIENTED_EDGE('',*,*,#3567,.F.);
#7996 = ORIENTED_EDGE('',*,*,#7997,.F.);
#7997 = EDGE_CURVE('',#7981,#3559,#7998,.T.);
#7998 = LINE('',#7999,#8000);
#7999 = CARTESIAN_POINT('',(64.470625805409,52.266954906546,
    3.000000000001));
#8000 = VECTOR('',#8001,1.);
#8001 = DIRECTION('',(1.224646799147E-16,0.,-1.));
#8002 = PLANE('',#8003);
#8003 = AXIS2_PLACEMENT_3D('',#8004,#8005,#8006);
#8004 = CARTESIAN_POINT('',(64.470625805409,52.266954906546,
    3.000000000001));
#8005 = DIRECTION('',(-1.,0.,-1.224646799147E-16));
#8006 = DIRECTION('',(0.,1.,0.));
#8007 = ADVANCED_FACE('',(#8008),#8027,.F.);
#8008 = FACE_BOUND('',#8009,.F.);
#8009 = EDGE_LOOP('',(#8010,#8018,#8019,#8020));
#8010 = ORIENTED_EDGE('',*,*,#8011,.T.);
#8011 = EDGE_CURVE('',#8012,#3551,#8014,.T.);
#8012 = VERTEX_POINT('',#8013);
#8013 = CARTESIAN_POINT('',(62.470625805413,52.266954906546,
    3.000000000001));
#8014 = LINE('',#8015,#8016);
#8015 = CARTESIAN_POINT('',(62.470625805413,52.266954906546,
    3.000000000001));
#8016 = VECTOR('',#8017,1.);
#8017 = DIRECTION('',(1.224646799147E-16,0.,-1.));
#8018 = ORIENTED_EDGE('',*,*,#3558,.T.);
#8019 = ORIENTED_EDGE('',*,*,#7997,.F.);
#8020 = ORIENTED_EDGE('',*,*,#8021,.F.);
#8021 = EDGE_CURVE('',#8012,#7981,#8022,.T.);
#8022 = CIRCLE('',#8023,0.999999999998);
#8023 = AXIS2_PLACEMENT_3D('',#8024,#8025,#8026);
#8024 = CARTESIAN_POINT('',(63.470625805411,52.266954906546,
    3.000000000001));
#8025 = DIRECTION('',(-1.224646799147E-16,0.,1.));
#8026 = DIRECTION('',(1.,1.154631945612E-13,1.224646799147E-16));
#8027 = CYLINDRICAL_SURFACE('',#8028,0.999999999998);
#8028 = AXIS2_PLACEMENT_3D('',#8029,#8030,#8031);
#8029 = CARTESIAN_POINT('',(63.470625805411,52.266954906546,
    3.000000000001));
#8030 = DIRECTION('',(1.224646799147E-16,0.,-1.));
#8031 = DIRECTION('',(1.,1.154631945612E-13,1.224646799147E-16));
#8032 = ADVANCED_FACE('',(#8033),#8051,.T.);
#8033 = FACE_BOUND('',#8034,.T.);
#8034 = EDGE_LOOP('',(#8035,#8043,#8044,#8045));
#8035 = ORIENTED_EDGE('',*,*,#8036,.T.);
#8036 = EDGE_CURVE('',#8037,#8012,#8039,.T.);
#8037 = VERTEX_POINT('',#8038);
#8038 = CARTESIAN_POINT('',(62.470625805411,55.782785696993,
    3.000000000001));
#8039 = LINE('',#8040,#8041);
#8040 = CARTESIAN_POINT('',(62.470625805411,55.782785696993,
    3.000000000001));
#8041 = VECTOR('',#8042,1.);
#8042 = DIRECTION('',(0.,-1.,0.));
#8043 = ORIENTED_EDGE('',*,*,#8011,.T.);
#8044 = ORIENTED_EDGE('',*,*,#3550,.F.);
#8045 = ORIENTED_EDGE('',*,*,#8046,.F.);
#8046 = EDGE_CURVE('',#8037,#3542,#8047,.T.);
#8047 = LINE('',#8048,#8049);
#8048 = CARTESIAN_POINT('',(62.470625805411,55.782785696993,
    3.000000000001));
#8049 = VECTOR('',#8050,1.);
#8050 = DIRECTION('',(1.224646799147E-16,0.,-1.));
#8051 = PLANE('',#8052);
#8052 = AXIS2_PLACEMENT_3D('',#8053,#8054,#8055);
#8053 = CARTESIAN_POINT('',(62.470625805411,55.782785696993,
    3.000000000001));
#8054 = DIRECTION('',(1.,0.,1.224646799147E-16));
#8055 = DIRECTION('',(0.,-1.,0.));
#8056 = ADVANCED_FACE('',(#8057),#8069,.F.);
#8057 = FACE_BOUND('',#8058,.F.);
#8058 = EDGE_LOOP('',(#8059,#8060,#8061,#8062));
#8059 = ORIENTED_EDGE('',*,*,#7990,.T.);
#8060 = ORIENTED_EDGE('',*,*,#3539,.T.);
#8061 = ORIENTED_EDGE('',*,*,#8046,.F.);
#8062 = ORIENTED_EDGE('',*,*,#8063,.F.);
#8063 = EDGE_CURVE('',#7983,#8037,#8064,.T.);
#8064 = CIRCLE('',#8065,1.);
#8065 = AXIS2_PLACEMENT_3D('',#8066,#8067,#8068);
#8066 = CARTESIAN_POINT('',(63.470625805411,55.782785696993,
    3.000000000001));
#8067 = DIRECTION('',(-1.224646799147E-16,0.,1.));
#8068 = DIRECTION('',(-1.,0.,-1.224646799147E-16));
#8069 = CYLINDRICAL_SURFACE('',#8070,1.);
#8070 = AXIS2_PLACEMENT_3D('',#8071,#8072,#8073);
#8071 = CARTESIAN_POINT('',(63.470625805411,55.782785696993,
    3.000000000001));
#8072 = DIRECTION('',(1.224646799147E-16,0.,-1.));
#8073 = DIRECTION('',(-1.,0.,-1.224646799147E-16));
#8074 = ADVANCED_FACE('',(#8075),#8101,.F.);
#8075 = FACE_BOUND('',#8076,.F.);
#8076 = EDGE_LOOP('',(#8077,#8085,#8086,#8094));
#8077 = ORIENTED_EDGE('',*,*,#8078,.T.);
#8078 = EDGE_CURVE('',#8079,#3646,#8081,.T.);
#8079 = VERTEX_POINT('',#8080);
#8080 = CARTESIAN_POINT('',(46.931135746394,6.40180186972,3.000000000001
    ));
#8081 = LINE('',#8082,#8083);
#8082 = CARTESIAN_POINT('',(46.931135746394,6.40180186972,3.000000000001
    ));
#8083 = VECTOR('',#8084,1.);
#8084 = DIRECTION('',(1.224646799147E-16,0.,-1.));
#8085 = ORIENTED_EDGE('',*,*,#3653,.T.);
#8086 = ORIENTED_EDGE('',*,*,#8087,.F.);
#8087 = EDGE_CURVE('',#8088,#3576,#8090,.T.);
#8088 = VERTEX_POINT('',#8089);
#8089 = CARTESIAN_POINT('',(47.694554385612,6.047705872877,
    3.000000000001));
#8090 = LINE('',#8091,#8092);
#8091 = CARTESIAN_POINT('',(47.694554385612,6.047705872877,
    3.000000000001));
#8092 = VECTOR('',#8093,1.);
#8093 = DIRECTION('',(1.224646799147E-16,0.,-1.));
#8094 = ORIENTED_EDGE('',*,*,#8095,.F.);
#8095 = EDGE_CURVE('',#8079,#8088,#8096,.T.);
#8096 = CIRCLE('',#8097,1.);
#8097 = AXIS2_PLACEMENT_3D('',#8098,#8099,#8100);
#8098 = CARTESIAN_POINT('',(47.694554385612,7.047705872877,
    3.000000000001));
#8099 = DIRECTION('',(-1.224646799147E-16,0.,1.));
#8100 = DIRECTION('',(0.,-1.,0.));
#8101 = CYLINDRICAL_SURFACE('',#8102,1.);
#8102 = AXIS2_PLACEMENT_3D('',#8103,#8104,#8105);
#8103 = CARTESIAN_POINT('',(47.694554385612,7.047705872877,
    3.000000000001));
#8104 = DIRECTION('',(1.224646799147E-16,0.,-1.));
#8105 = DIRECTION('',(0.,-1.,0.));
#8106 = ADVANCED_FACE('',(#8107),#8125,.T.);
#8107 = FACE_BOUND('',#8108,.T.);
#8108 = EDGE_LOOP('',(#8109,#8117,#8118,#8119));
#8109 = ORIENTED_EDGE('',*,*,#8110,.T.);
#8110 = EDGE_CURVE('',#8111,#8079,#8113,.T.);
#8111 = VERTEX_POINT('',#8112);
#8112 = CARTESIAN_POINT('',(44.711511380074,9.025260781611,
    3.000000000001));
#8113 = LINE('',#8114,#8115);
#8114 = CARTESIAN_POINT('',(44.711511380074,9.025260781611,
    3.000000000001));
#8115 = VECTOR('',#8116,1.);
#8116 = DIRECTION('',(0.645904003158,-0.763418639217,7.910042700237E-17)
  );
#8117 = ORIENTED_EDGE('',*,*,#8078,.T.);
#8118 = ORIENTED_EDGE('',*,*,#3645,.F.);
#8119 = ORIENTED_EDGE('',*,*,#8120,.F.);
#8120 = EDGE_CURVE('',#8111,#3637,#8121,.T.);
#8121 = LINE('',#8122,#8123);
#8122 = CARTESIAN_POINT('',(44.711511380074,9.025260781611,
    3.000000000001));
#8123 = VECTOR('',#8124,1.);
#8124 = DIRECTION('',(1.224646799147E-16,0.,-1.));
#8125 = PLANE('',#8126);
#8126 = AXIS2_PLACEMENT_3D('',#8127,#8128,#8129);
#8127 = CARTESIAN_POINT('',(44.711511380074,9.025260781611,
    3.000000000001));
#8128 = DIRECTION('',(0.763418639217,0.645904003158,9.349181929271E-17)
  );
#8129 = DIRECTION('',(0.645904003158,-0.763418639217,7.910042700237E-17)
  );
#8130 = ADVANCED_FACE('',(#8131),#8150,.F.);
#8131 = FACE_BOUND('',#8132,.F.);
#8132 = EDGE_LOOP('',(#8133,#8141,#8142,#8143));
#8133 = ORIENTED_EDGE('',*,*,#8134,.T.);
#8134 = EDGE_CURVE('',#8135,#3629,#8137,.T.);
#8135 = VERTEX_POINT('',#8136);
#8136 = CARTESIAN_POINT('',(44.713835897432,10.319806240174,
    3.000000000001));
#8137 = LINE('',#8138,#8139);
#8138 = CARTESIAN_POINT('',(44.713835897432,10.319806240174,
    3.000000000001));
#8139 = VECTOR('',#8140,1.);
#8140 = DIRECTION('',(1.224646799147E-16,0.,-1.));
#8141 = ORIENTED_EDGE('',*,*,#3636,.T.);
#8142 = ORIENTED_EDGE('',*,*,#8120,.F.);
#8143 = ORIENTED_EDGE('',*,*,#8144,.F.);
#8144 = EDGE_CURVE('',#8135,#8111,#8145,.T.);
#8145 = CIRCLE('',#8146,1.);
#8146 = AXIS2_PLACEMENT_3D('',#8147,#8148,#8149);
#8147 = CARTESIAN_POINT('',(45.474930019292,9.671164784769,
    3.000000000001));
#8148 = DIRECTION('',(-1.224646799147E-16,0.,1.));
#8149 = DIRECTION('',(-0.763418639217,-0.645904003158,-9.34918192927E-17
    ));
#8150 = CYLINDRICAL_SURFACE('',#8151,1.);
#8151 = AXIS2_PLACEMENT_3D('',#8152,#8153,#8154);
#8152 = CARTESIAN_POINT('',(45.474930019292,9.671164784769,
    3.000000000001));
#8153 = DIRECTION('',(1.224646799147E-16,0.,-1.));
#8154 = DIRECTION('',(-0.763418639217,-0.645904003158,-9.34918192927E-17
    ));
#8155 = ADVANCED_FACE('',(#8156),#8174,.T.);
#8156 = FACE_BOUND('',#8157,.T.);
#8157 = EDGE_LOOP('',(#8158,#8166,#8167,#8168));
#8158 = ORIENTED_EDGE('',*,*,#8159,.T.);
#8159 = EDGE_CURVE('',#8160,#8135,#8162,.T.);
#8160 = VERTEX_POINT('',#8161);
#8161 = CARTESIAN_POINT('',(47.709531683499,13.834855170033,
    3.000000000001));
#8162 = LINE('',#8163,#8164);
#8163 = CARTESIAN_POINT('',(47.709531683499,13.834855170033,
    3.000000000001));
#8164 = VECTOR('',#8165,1.);
#8165 = DIRECTION('',(-0.6486414554,-0.761094121864,-7.943566821504E-17)
  );
#8166 = ORIENTED_EDGE('',*,*,#8134,.T.);
#8167 = ORIENTED_EDGE('',*,*,#3628,.F.);
#8168 = ORIENTED_EDGE('',*,*,#8169,.F.);
#8169 = EDGE_CURVE('',#8160,#3620,#8170,.T.);
#8170 = LINE('',#8171,#8172);
#8171 = CARTESIAN_POINT('',(47.709531683499,13.834855170033,
    3.000000000001));
#8172 = VECTOR('',#8173,1.);
#8173 = DIRECTION('',(1.224646799147E-16,0.,-1.));
#8174 = PLANE('',#8175);
#8175 = AXIS2_PLACEMENT_3D('',#8176,#8177,#8178);
#8176 = CARTESIAN_POINT('',(47.709531683499,13.834855170033,
    3.000000000001));
#8177 = DIRECTION('',(0.761094121864,-0.6486414554,9.320714801907E-17));
#8178 = DIRECTION('',(-0.6486414554,-0.761094121864,-7.943566821504E-17)
  );
#8179 = ADVANCED_FACE('',(#8180),#8199,.F.);
#8180 = FACE_BOUND('',#8181,.F.);
#8181 = EDGE_LOOP('',(#8182,#8190,#8191,#8192));
#8182 = ORIENTED_EDGE('',*,*,#8183,.T.);
#8183 = EDGE_CURVE('',#8184,#3612,#8186,.T.);
#8184 = VERTEX_POINT('',#8185);
#8185 = CARTESIAN_POINT('',(49.231719927253,13.83485517003,
    3.000000000001));
#8186 = LINE('',#8187,#8188);
#8187 = CARTESIAN_POINT('',(49.231719927253,13.83485517003,
    3.000000000001));
#8188 = VECTOR('',#8189,1.);
#8189 = DIRECTION('',(1.224646799147E-16,0.,-1.));
#8190 = ORIENTED_EDGE('',*,*,#3619,.T.);
#8191 = ORIENTED_EDGE('',*,*,#8169,.F.);
#8192 = ORIENTED_EDGE('',*,*,#8193,.F.);
#8193 = EDGE_CURVE('',#8184,#8160,#8194,.T.);
#8194 = CIRCLE('',#8195,0.999999999999);
#8195 = AXIS2_PLACEMENT_3D('',#8196,#8197,#8198);
#8196 = CARTESIAN_POINT('',(48.470625805355,13.186213714625,
    3.000000000001));
#8197 = DIRECTION('',(-1.224646799147E-16,-1.232595164408E-32,1.));
#8198 = DIRECTION('',(-0.761094121857,0.648641455409,-9.320714801817E-17
    ));
#8199 = CYLINDRICAL_SURFACE('',#8200,0.999999999999);
#8200 = AXIS2_PLACEMENT_3D('',#8201,#8202,#8203);
#8201 = CARTESIAN_POINT('',(48.470625805355,13.186213714625,
    3.000000000001));
#8202 = DIRECTION('',(1.224646799147E-16,0.,-1.));
#8203 = DIRECTION('',(-0.761094121857,0.648641455409,-9.320714801817E-17
    ));
#8204 = ADVANCED_FACE('',(#8205),#8223,.T.);
#8205 = FACE_BOUND('',#8206,.T.);
#8206 = EDGE_LOOP('',(#8207,#8215,#8216,#8217));
#8207 = ORIENTED_EDGE('',*,*,#8208,.T.);
#8208 = EDGE_CURVE('',#8209,#8184,#8211,.T.);
#8209 = VERTEX_POINT('',#8210);
#8210 = CARTESIAN_POINT('',(52.227415713375,10.319806240173,
    3.000000000001));
#8211 = LINE('',#8212,#8213);
#8212 = CARTESIAN_POINT('',(49.231719927253,13.83485517003,
    3.000000000001));
#8213 = VECTOR('',#8214,1.);
#8214 = DIRECTION('',(-0.648641455408,0.761094121858,-7.943566821593E-17
    ));
#8215 = ORIENTED_EDGE('',*,*,#8183,.T.);
#8216 = ORIENTED_EDGE('',*,*,#3611,.F.);
#8217 = ORIENTED_EDGE('',*,*,#8218,.F.);
#8218 = EDGE_CURVE('',#8209,#3603,#8219,.T.);
#8219 = LINE('',#8220,#8221);
#8220 = CARTESIAN_POINT('',(52.227415713375,10.319806240173,
    3.000000000001));
#8221 = VECTOR('',#8222,1.);
#8222 = DIRECTION('',(1.224646799147E-16,0.,-1.));
#8223 = PLANE('',#8224);
#8224 = AXIS2_PLACEMENT_3D('',#8225,#8226,#8227);
#8225 = CARTESIAN_POINT('',(52.227415713375,10.319806240173,
    3.000000000001));
#8226 = DIRECTION('',(-0.761094121858,-0.648641455408,
    -9.320714801831E-17));
#8227 = DIRECTION('',(-0.648641455408,0.761094121858,-7.943566821593E-17
    ));
#8228 = ADVANCED_FACE('',(#8229),#8248,.F.);
#8229 = FACE_BOUND('',#8230,.F.);
#8230 = EDGE_LOOP('',(#8231,#8239,#8240,#8241));
#8231 = ORIENTED_EDGE('',*,*,#8232,.T.);
#8232 = EDGE_CURVE('',#8233,#3595,#8235,.T.);
#8233 = VERTEX_POINT('',#8234);
#8234 = CARTESIAN_POINT('',(52.229740230733,9.025260781603,
    3.000000000001));
#8235 = LINE('',#8236,#8237);
#8236 = CARTESIAN_POINT('',(52.229740230733,9.025260781603,
    3.000000000001));
#8237 = VECTOR('',#8238,1.);
#8238 = DIRECTION('',(1.224646799147E-16,0.,-1.));
#8239 = ORIENTED_EDGE('',*,*,#3602,.T.);
#8240 = ORIENTED_EDGE('',*,*,#8218,.F.);
#8241 = ORIENTED_EDGE('',*,*,#8242,.F.);
#8242 = EDGE_CURVE('',#8233,#8209,#8243,.T.);
#8243 = CIRCLE('',#8244,0.999999999998);
#8244 = AXIS2_PLACEMENT_3D('',#8245,#8246,#8247);
#8245 = CARTESIAN_POINT('',(51.46632159152,9.671164784766,3.000000000001
    ));
#8246 = DIRECTION('',(-1.224646799147E-16,0.,1.));
#8247 = DIRECTION('',(0.761094121857,0.648641455409,9.320714801822E-17)
  );
#8248 = CYLINDRICAL_SURFACE('',#8249,0.999999999998);
#8249 = AXIS2_PLACEMENT_3D('',#8250,#8251,#8252);
#8250 = CARTESIAN_POINT('',(51.46632159152,9.671164784766,3.000000000001
    ));
#8251 = DIRECTION('',(1.224646799147E-16,0.,-1.));
#8252 = DIRECTION('',(0.761094121857,0.648641455409,9.320714801822E-17)
  );
#8253 = ADVANCED_FACE('',(#8254),#8272,.T.);
#8254 = FACE_BOUND('',#8255,.T.);
#8255 = EDGE_LOOP('',(#8256,#8264,#8265,#8266));
#8256 = ORIENTED_EDGE('',*,*,#8257,.T.);
#8257 = EDGE_CURVE('',#8258,#8233,#8260,.T.);
#8258 = VERTEX_POINT('',#8259);
#8259 = CARTESIAN_POINT('',(50.010115864388,6.401801869717,
    3.000000000001));
#8260 = LINE('',#8261,#8262);
#8261 = CARTESIAN_POINT('',(52.229740230733,9.025260781603,
    3.000000000001));
#8262 = VECTOR('',#8263,1.);
#8263 = DIRECTION('',(0.645904003163,0.763418639213,7.910042700298E-17)
  );
#8264 = ORIENTED_EDGE('',*,*,#8232,.T.);
#8265 = ORIENTED_EDGE('',*,*,#3594,.F.);
#8266 = ORIENTED_EDGE('',*,*,#8267,.F.);
#8267 = EDGE_CURVE('',#8258,#3586,#8268,.T.);
#8268 = LINE('',#8269,#8270);
#8269 = CARTESIAN_POINT('',(50.010115864388,6.401801869717,
    3.000000000001));
#8270 = VECTOR('',#8271,1.);
#8271 = DIRECTION('',(1.224646799147E-16,0.,-1.));
#8272 = PLANE('',#8273);
#8273 = AXIS2_PLACEMENT_3D('',#8274,#8275,#8276);
#8274 = CARTESIAN_POINT('',(50.010115864388,6.401801869717,
    3.000000000001));
#8275 = DIRECTION('',(-0.763418639213,0.645904003163,-9.34918192922E-17)
  );
#8276 = DIRECTION('',(0.645904003163,0.763418639213,7.910042700298E-17)
  );
#8277 = ADVANCED_FACE('',(#8278),#8297,.F.);
#8278 = FACE_BOUND('',#8279,.F.);
#8279 = EDGE_LOOP('',(#8280,#8288,#8289,#8290));
#8280 = ORIENTED_EDGE('',*,*,#8281,.T.);
#8281 = EDGE_CURVE('',#8282,#3578,#8284,.T.);
#8282 = VERTEX_POINT('',#8283);
#8283 = CARTESIAN_POINT('',(49.246697225174,6.04770587288,3.000000000001
    ));
#8284 = LINE('',#8285,#8286);
#8285 = CARTESIAN_POINT('',(49.246697225174,6.04770587288,3.000000000001
    ));
#8286 = VECTOR('',#8287,1.);
#8287 = DIRECTION('',(1.224646799147E-16,0.,-1.));
#8288 = ORIENTED_EDGE('',*,*,#3585,.T.);
#8289 = ORIENTED_EDGE('',*,*,#8267,.F.);
#8290 = ORIENTED_EDGE('',*,*,#8291,.F.);
#8291 = EDGE_CURVE('',#8282,#8258,#8292,.T.);
#8292 = CIRCLE('',#8293,1.);
#8293 = AXIS2_PLACEMENT_3D('',#8294,#8295,#8296);
#8294 = CARTESIAN_POINT('',(49.246697225174,7.04770587288,3.000000000001
    ));
#8295 = DIRECTION('',(-1.224646799147E-16,0.,1.));
#8296 = DIRECTION('',(0.763418639213,-0.645904003163,9.34918192922E-17)
  );
#8297 = CYLINDRICAL_SURFACE('',#8298,1.);
#8298 = AXIS2_PLACEMENT_3D('',#8299,#8300,#8301);
#8299 = CARTESIAN_POINT('',(49.246697225174,7.04770587288,3.000000000001
    ));
#8300 = DIRECTION('',(1.224646799147E-16,0.,-1.));
#8301 = DIRECTION('',(0.763418639213,-0.645904003163,9.34918192922E-17)
  );
#8302 = ADVANCED_FACE('',(#8303),#8314,.T.);
#8303 = FACE_BOUND('',#8304,.T.);
#8304 = EDGE_LOOP('',(#8305,#8311,#8312,#8313));
#8305 = ORIENTED_EDGE('',*,*,#8306,.T.);
#8306 = EDGE_CURVE('',#8088,#8282,#8307,.T.);
#8307 = LINE('',#8308,#8309);
#8308 = CARTESIAN_POINT('',(48.470625805398,6.04770587288,3.000000000001
    ));
#8309 = VECTOR('',#8310,1.);
#8310 = DIRECTION('',(1.,3.86825617082E-12,1.224646799147E-16));
#8311 = ORIENTED_EDGE('',*,*,#8281,.T.);
#8312 = ORIENTED_EDGE('',*,*,#3575,.F.);
#8313 = ORIENTED_EDGE('',*,*,#8087,.F.);
#8314 = PLANE('',#8315);
#8315 = AXIS2_PLACEMENT_3D('',#8316,#8317,#8318);
#8316 = CARTESIAN_POINT('',(47.694554385612,6.047705872877,
    3.000000000001));
#8317 = DIRECTION('',(-3.86825617082E-12,1.,-4.737247537876E-28));
#8318 = DIRECTION('',(1.,3.86825617082E-12,1.224646799147E-16));
#8319 = ADVANCED_FACE('',(#8320),#8345,.T.);
#8320 = FACE_BOUND('',#8321,.T.);
#8321 = EDGE_LOOP('',(#8322,#8332,#8338,#8339));
#8322 = ORIENTED_EDGE('',*,*,#8323,.T.);
#8323 = EDGE_CURVE('',#8324,#8326,#8328,.T.);
#8324 = VERTEX_POINT('',#8325);
#8325 = CARTESIAN_POINT('',(53.33223187489,7.231902444138,3.000000000001
    ));
#8326 = VERTEX_POINT('',#8327);
#8327 = CARTESIAN_POINT('',(51.96305863406,5.613624236782,3.000000000001
    ));
#8328 = LINE('',#8329,#8330);
#8329 = CARTESIAN_POINT('',(53.33223187489,7.231902444138,3.000000000001
    ));
#8330 = VECTOR('',#8331,1.);
#8331 = DIRECTION('',(-0.645904003163,-0.763418639213,
    -7.910042700295E-17));
#8332 = ORIENTED_EDGE('',*,*,#8333,.T.);
#8333 = EDGE_CURVE('',#8326,#3663,#8334,.T.);
#8334 = LINE('',#8335,#8336);
#8335 = CARTESIAN_POINT('',(51.96305863406,5.613624236782,3.000000000001
    ));
#8336 = VECTOR('',#8337,1.);
#8337 = DIRECTION('',(1.224646799147E-16,0.,-1.));
#8338 = ORIENTED_EDGE('',*,*,#3741,.F.);
#8339 = ORIENTED_EDGE('',*,*,#8340,.F.);
#8340 = EDGE_CURVE('',#8324,#3733,#8341,.T.);
#8341 = LINE('',#8342,#8343);
#8342 = CARTESIAN_POINT('',(53.33223187489,7.231902444138,3.000000000001
    ));
#8343 = VECTOR('',#8344,1.);
#8344 = DIRECTION('',(1.224646799147E-16,0.,-1.));
#8345 = PLANE('',#8346);
#8346 = AXIS2_PLACEMENT_3D('',#8347,#8348,#8349);
#8347 = CARTESIAN_POINT('',(53.33223187489,7.231902444138,3.000000000001
    ));
#8348 = DIRECTION('',(0.763418639213,-0.645904003163,9.349181929222E-17)
  );
#8349 = DIRECTION('',(-0.645904003163,-0.763418639213,
    -7.910042700295E-17));
#8350 = ADVANCED_FACE('',(#8351),#8370,.F.);
#8351 = FACE_BOUND('',#8352,.F.);
#8352 = EDGE_LOOP('',(#8353,#8361,#8362,#8363));
#8353 = ORIENTED_EDGE('',*,*,#8354,.T.);
#8354 = EDGE_CURVE('',#8355,#3725,#8357,.T.);
#8355 = VERTEX_POINT('',#8356);
#8356 = CARTESIAN_POINT('',(54.856744635956,7.23463989638,3.000000000001
    ));
#8357 = LINE('',#8358,#8359);
#8358 = CARTESIAN_POINT('',(54.856744635956,7.23463989638,3.000000000001
    ));
#8359 = VECTOR('',#8360,1.);
#8360 = DIRECTION('',(1.224646799147E-16,0.,-1.));
#8361 = ORIENTED_EDGE('',*,*,#3732,.T.);
#8362 = ORIENTED_EDGE('',*,*,#8340,.F.);
#8363 = ORIENTED_EDGE('',*,*,#8364,.F.);
#8364 = EDGE_CURVE('',#8355,#8324,#8365,.T.);
#8365 = CIRCLE('',#8366,0.999999999997);
#8366 = AXIS2_PLACEMENT_3D('',#8367,#8368,#8369);
#8367 = CARTESIAN_POINT('',(54.095650514099,6.585998440975,
    3.000000000001));
#8368 = DIRECTION('',(-1.224646799147E-16,-1.232595164408E-32,1.));
#8369 = DIRECTION('',(-0.763418639212,0.645904003164,-9.349181929202E-17
    ));
#8370 = CYLINDRICAL_SURFACE('',#8371,0.999999999997);
#8371 = AXIS2_PLACEMENT_3D('',#8372,#8373,#8374);
#8372 = CARTESIAN_POINT('',(54.095650514099,6.585998440975,
    3.000000000001));
#8373 = DIRECTION('',(1.224646799147E-16,0.,-1.));
#8374 = DIRECTION('',(-0.763418639212,0.645904003164,-9.349181929202E-17
    ));
#8375 = ADVANCED_FACE('',(#8376),#8394,.T.);
#8376 = FACE_BOUND('',#8377,.T.);
#8377 = EDGE_LOOP('',(#8378,#8386,#8387,#8388));
#8378 = ORIENTED_EDGE('',*,*,#8379,.T.);
#8379 = EDGE_CURVE('',#8380,#8355,#8382,.T.);
#8380 = VERTEX_POINT('',#8381);
#8381 = CARTESIAN_POINT('',(56.439232912219,5.377801245492,
    3.000000000001));
#8382 = LINE('',#8383,#8384);
#8383 = CARTESIAN_POINT('',(54.856744635958,7.234639896382,
    3.000000000001));
#8384 = VECTOR('',#8385,1.);
#8385 = DIRECTION('',(-0.648641455408,0.761094121858,-7.943566821595E-17
    ));
#8386 = ORIENTED_EDGE('',*,*,#8354,.T.);
#8387 = ORIENTED_EDGE('',*,*,#3724,.F.);
#8388 = ORIENTED_EDGE('',*,*,#8389,.F.);
#8389 = EDGE_CURVE('',#8380,#3716,#8390,.T.);
#8390 = LINE('',#8391,#8392);
#8391 = CARTESIAN_POINT('',(56.439232912219,5.377801245492,
    3.000000000001));
#8392 = VECTOR('',#8393,1.);
#8393 = DIRECTION('',(1.224646799147E-16,0.,-1.));
#8394 = PLANE('',#8395);
#8395 = AXIS2_PLACEMENT_3D('',#8396,#8397,#8398);
#8396 = CARTESIAN_POINT('',(56.439232912219,5.377801245492,
    3.000000000001));
#8397 = DIRECTION('',(-0.761094121858,-0.648641455408,-9.32071480183E-17
    ));
#8398 = DIRECTION('',(-0.648641455408,0.761094121858,-7.943566821595E-17
    ));
#8399 = ADVANCED_FACE('',(#8400),#8419,.F.);
#8400 = FACE_BOUND('',#8401,.F.);
#8401 = EDGE_LOOP('',(#8402,#8410,#8411,#8412));
#8402 = ORIENTED_EDGE('',*,*,#8403,.T.);
#8403 = EDGE_CURVE('',#8404,#3708,#8406,.T.);
#8404 = VERTEX_POINT('',#8405);
#8405 = CARTESIAN_POINT('',(56.67813879036,4.729159790085,3.000000000001
    ));
#8406 = LINE('',#8407,#8408);
#8407 = CARTESIAN_POINT('',(56.67813879036,4.729159790085,3.000000000001
    ));
#8408 = VECTOR('',#8409,1.);
#8409 = DIRECTION('',(1.224646799147E-16,0.,-1.));
#8410 = ORIENTED_EDGE('',*,*,#3715,.T.);
#8411 = ORIENTED_EDGE('',*,*,#8389,.F.);
#8412 = ORIENTED_EDGE('',*,*,#8413,.F.);
#8413 = EDGE_CURVE('',#8404,#8380,#8414,.T.);
#8414 = CIRCLE('',#8415,1.);
#8415 = AXIS2_PLACEMENT_3D('',#8416,#8417,#8418);
#8416 = CARTESIAN_POINT('',(55.67813879036,4.729159790085,3.000000000001
    ));
#8417 = DIRECTION('',(-1.224646799147E-16,0.,1.));
#8418 = DIRECTION('',(0.761094121859,0.648641455407,9.320714801842E-17)
  );
#8419 = CYLINDRICAL_SURFACE('',#8420,1.);
#8420 = AXIS2_PLACEMENT_3D('',#8421,#8422,#8423);
#8421 = CARTESIAN_POINT('',(55.67813879036,4.729159790085,3.000000000001
    ));
#8422 = DIRECTION('',(1.224646799147E-16,0.,-1.));
#8423 = DIRECTION('',(0.761094121859,0.648641455407,9.320714801842E-17)
  );
#8424 = ADVANCED_FACE('',(#8425),#8443,.T.);
#8425 = FACE_BOUND('',#8426,.T.);
#8426 = EDGE_LOOP('',(#8427,#8435,#8436,#8437));
#8427 = ORIENTED_EDGE('',*,*,#8428,.T.);
#8428 = EDGE_CURVE('',#8429,#8404,#8431,.T.);
#8429 = VERTEX_POINT('',#8430);
#8430 = CARTESIAN_POINT('',(56.67813879036,3.920545632837,3.000000000001
    ));
#8431 = LINE('',#8432,#8433);
#8432 = CARTESIAN_POINT('',(56.67813879036,3.920545632837,3.000000000001
    ));
#8433 = VECTOR('',#8434,1.);
#8434 = DIRECTION('',(0.,1.,0.));
#8435 = ORIENTED_EDGE('',*,*,#8403,.T.);
#8436 = ORIENTED_EDGE('',*,*,#3707,.F.);
#8437 = ORIENTED_EDGE('',*,*,#8438,.F.);
#8438 = EDGE_CURVE('',#8429,#3699,#8439,.T.);
#8439 = LINE('',#8440,#8441);
#8440 = CARTESIAN_POINT('',(56.67813879036,3.920545632837,3.000000000001
    ));
#8441 = VECTOR('',#8442,1.);
#8442 = DIRECTION('',(1.224646799147E-16,0.,-1.));
#8443 = PLANE('',#8444);
#8444 = AXIS2_PLACEMENT_3D('',#8445,#8446,#8447);
#8445 = CARTESIAN_POINT('',(56.67813879036,3.920545632837,3.000000000001
    ));
#8446 = DIRECTION('',(-1.,0.,-1.224646799147E-16));
#8447 = DIRECTION('',(0.,1.,0.));
#8448 = ADVANCED_FACE('',(#8449),#8468,.F.);
#8449 = FACE_BOUND('',#8450,.F.);
#8450 = EDGE_LOOP('',(#8451,#8459,#8460,#8461));
#8451 = ORIENTED_EDGE('',*,*,#8452,.T.);
#8452 = EDGE_CURVE('',#8453,#3691,#8455,.T.);
#8453 = VERTEX_POINT('',#8454);
#8454 = CARTESIAN_POINT('',(55.888447875142,2.942910686214,
    3.000000000001));
#8455 = LINE('',#8456,#8457);
#8456 = CARTESIAN_POINT('',(55.888447875142,2.942910686214,
    3.000000000001));
#8457 = VECTOR('',#8458,1.);
#8458 = DIRECTION('',(1.224646799147E-16,0.,-1.));
#8459 = ORIENTED_EDGE('',*,*,#3698,.T.);
#8460 = ORIENTED_EDGE('',*,*,#8438,.F.);
#8461 = ORIENTED_EDGE('',*,*,#8462,.F.);
#8462 = EDGE_CURVE('',#8453,#8429,#8463,.T.);
#8463 = CIRCLE('',#8464,1.);
#8464 = AXIS2_PLACEMENT_3D('',#8465,#8466,#8467);
#8465 = CARTESIAN_POINT('',(55.67813879036,3.920545632837,3.000000000001
    ));
#8466 = DIRECTION('',(-1.224646799147E-16,0.,1.));
#8467 = DIRECTION('',(1.,0.,1.224646799147E-16));
#8468 = CYLINDRICAL_SURFACE('',#8469,1.);
#8469 = AXIS2_PLACEMENT_3D('',#8470,#8471,#8472);
#8470 = CARTESIAN_POINT('',(55.67813879036,3.920545632837,3.000000000001
    ));
#8471 = DIRECTION('',(1.224646799147E-16,0.,-1.));
#8472 = DIRECTION('',(1.,0.,1.224646799147E-16));
#8473 = ADVANCED_FACE('',(#8474),#8492,.T.);
#8474 = FACE_BOUND('',#8475,.T.);
#8475 = EDGE_LOOP('',(#8476,#8484,#8485,#8486));
#8476 = ORIENTED_EDGE('',*,*,#8477,.T.);
#8477 = EDGE_CURVE('',#8478,#8453,#8480,.T.);
#8478 = VERTEX_POINT('',#8479);
#8479 = CARTESIAN_POINT('',(54.14827566019,2.568564385322,3.000000000001
    ));
#8480 = LINE('',#8481,#8482);
#8481 = CARTESIAN_POINT('',(54.14827566019,2.568564385322,3.000000000001
    ));
#8482 = VECTOR('',#8483,1.);
#8483 = DIRECTION('',(0.977634946623,0.210309084783,1.197257508116E-16)
  );
#8484 = ORIENTED_EDGE('',*,*,#8452,.T.);
#8485 = ORIENTED_EDGE('',*,*,#3690,.F.);
#8486 = ORIENTED_EDGE('',*,*,#8487,.F.);
#8487 = EDGE_CURVE('',#8478,#3682,#8488,.T.);
#8488 = LINE('',#8489,#8490);
#8489 = CARTESIAN_POINT('',(54.14827566019,2.568564385322,3.000000000001
    ));
#8490 = VECTOR('',#8491,1.);
#8491 = DIRECTION('',(1.224646799147E-16,0.,-1.));
#8492 = PLANE('',#8493);
#8493 = AXIS2_PLACEMENT_3D('',#8494,#8495,#8496);
#8494 = CARTESIAN_POINT('',(54.14827566019,2.568564385322,3.000000000001
    ));
#8495 = DIRECTION('',(-0.210309084783,0.977634946623,-2.57554347511E-17)
  );
#8496 = DIRECTION('',(0.977634946623,0.210309084783,1.197257508116E-16)
  );
#8497 = ADVANCED_FACE('',(#8498),#8517,.F.);
#8498 = FACE_BOUND('',#8499,.F.);
#8499 = EDGE_LOOP('',(#8500,#8508,#8509,#8510));
#8500 = ORIENTED_EDGE('',*,*,#8501,.T.);
#8501 = EDGE_CURVE('',#8502,#3674,#8504,.T.);
#8502 = VERTEX_POINT('',#8503);
#8503 = CARTESIAN_POINT('',(53.176872453552,2.897557876536,
    3.000000000001));
#8504 = LINE('',#8505,#8506);
#8505 = CARTESIAN_POINT('',(53.176872453552,2.897557876536,
    3.000000000001));
#8506 = VECTOR('',#8507,1.);
#8507 = DIRECTION('',(1.224646799147E-16,0.,-1.));
#8508 = ORIENTED_EDGE('',*,*,#3681,.T.);
#8509 = ORIENTED_EDGE('',*,*,#8487,.F.);
#8510 = ORIENTED_EDGE('',*,*,#8511,.F.);
#8511 = EDGE_CURVE('',#8502,#8478,#8512,.T.);
#8512 = CIRCLE('',#8513,1.);
#8513 = AXIS2_PLACEMENT_3D('',#8514,#8515,#8516);
#8514 = CARTESIAN_POINT('',(53.937966575409,3.546199331945,
    3.000000000001));
#8515 = DIRECTION('',(-1.224646799147E-16,0.,1.));
#8516 = DIRECTION('',(0.210309084781,-0.977634946623,2.575543475091E-17)
  );
#8517 = CYLINDRICAL_SURFACE('',#8518,1.);
#8518 = AXIS2_PLACEMENT_3D('',#8519,#8520,#8521);
#8519 = CARTESIAN_POINT('',(53.937966575409,3.546199331945,
    3.000000000001));
#8520 = DIRECTION('',(1.224646799147E-16,0.,-1.));
#8521 = DIRECTION('',(0.210309084781,-0.977634946623,2.575543475091E-17)
  );
#8522 = ADVANCED_FACE('',(#8523),#8541,.T.);
#8523 = FACE_BOUND('',#8524,.T.);
#8524 = EDGE_LOOP('',(#8525,#8533,#8534,#8535));
#8525 = ORIENTED_EDGE('',*,*,#8526,.T.);
#8526 = EDGE_CURVE('',#8527,#8502,#8529,.T.);
#8527 = VERTEX_POINT('',#8528);
#8528 = CARTESIAN_POINT('',(51.965383151414,4.319078778212,
    3.000000000001));
#8529 = LINE('',#8530,#8531);
#8530 = CARTESIAN_POINT('',(51.965383151414,4.319078778212,
    3.000000000001));
#8531 = VECTOR('',#8532,1.);
#8532 = DIRECTION('',(0.648641455406,-0.761094121859,7.943566821576E-17)
  );
#8533 = ORIENTED_EDGE('',*,*,#8501,.T.);
#8534 = ORIENTED_EDGE('',*,*,#3673,.F.);
#8535 = ORIENTED_EDGE('',*,*,#8536,.F.);
#8536 = EDGE_CURVE('',#8527,#3665,#8537,.T.);
#8537 = LINE('',#8538,#8539);
#8538 = CARTESIAN_POINT('',(51.965383151414,4.319078778212,
    3.000000000001));
#8539 = VECTOR('',#8540,1.);
#8540 = DIRECTION('',(1.224646799147E-16,0.,-1.));
#8541 = PLANE('',#8542);
#8542 = AXIS2_PLACEMENT_3D('',#8543,#8544,#8545);
#8543 = CARTESIAN_POINT('',(51.965383151414,4.319078778212,
    3.000000000001));
#8544 = DIRECTION('',(0.761094121859,0.648641455406,9.320714801846E-17)
  );
#8545 = DIRECTION('',(0.648641455406,-0.761094121859,7.943566821576E-17)
  );
#8546 = ADVANCED_FACE('',(#8547),#8559,.F.);
#8547 = FACE_BOUND('',#8548,.F.);
#8548 = EDGE_LOOP('',(#8549,#8550,#8551,#8552));
#8549 = ORIENTED_EDGE('',*,*,#8333,.T.);
#8550 = ORIENTED_EDGE('',*,*,#3662,.T.);
#8551 = ORIENTED_EDGE('',*,*,#8536,.F.);
#8552 = ORIENTED_EDGE('',*,*,#8553,.F.);
#8553 = EDGE_CURVE('',#8326,#8527,#8554,.T.);
#8554 = CIRCLE('',#8555,1.000000000001);
#8555 = AXIS2_PLACEMENT_3D('',#8556,#8557,#8558);
#8556 = CARTESIAN_POINT('',(52.726477273273,4.96772023362,3.000000000001
    ));
#8557 = DIRECTION('',(-1.224646799147E-16,0.,1.));
#8558 = DIRECTION('',(-0.761094121859,-0.648641455407,-9.32071480184E-17
    ));
#8559 = CYLINDRICAL_SURFACE('',#8560,1.000000000001);
#8560 = AXIS2_PLACEMENT_3D('',#8561,#8562,#8563);
#8561 = CARTESIAN_POINT('',(52.726477273273,4.96772023362,3.000000000001
    ));
#8562 = DIRECTION('',(1.224646799147E-16,0.,-1.));
#8563 = DIRECTION('',(-0.761094121859,-0.648641455407,-9.32071480184E-17
    ));
#8564 = ADVANCED_FACE('',(#8565),#8590,.T.);
#8565 = FACE_BOUND('',#8566,.T.);
#8566 = EDGE_LOOP('',(#8567,#8577,#8583,#8584));
#8567 = ORIENTED_EDGE('',*,*,#8568,.T.);
#8568 = EDGE_CURVE('',#8569,#8571,#8573,.T.);
#8569 = VERTEX_POINT('',#8570);
#8570 = CARTESIAN_POINT('',(58.809065949435,174.33933736651,
    3.000000000001));
#8571 = VERTEX_POINT('',#8572);
#8572 = CARTESIAN_POINT('',(58.809065949435,183.34396609372,
    3.000000000001));
#8573 = LINE('',#8574,#8575);
#8574 = CARTESIAN_POINT('',(58.809065949435,183.34396609372,
    3.000000000001));
#8575 = VECTOR('',#8576,1.);
#8576 = DIRECTION('',(0.,1.,0.));
#8577 = ORIENTED_EDGE('',*,*,#8578,.T.);
#8578 = EDGE_CURVE('',#8571,#3750,#8579,.T.);
#8579 = LINE('',#8580,#8581);
#8580 = CARTESIAN_POINT('',(58.809065949435,183.34396609372,
    3.000000000001));
#8581 = VECTOR('',#8582,1.);
#8582 = DIRECTION('',(1.224646799147E-16,0.,-1.));
#8583 = ORIENTED_EDGE('',*,*,#3845,.F.);
#8584 = ORIENTED_EDGE('',*,*,#8585,.F.);
#8585 = EDGE_CURVE('',#8569,#3837,#8586,.T.);
#8586 = LINE('',#8587,#8588);
#8587 = CARTESIAN_POINT('',(58.809065949435,174.33933736651,
    3.000000000001));
#8588 = VECTOR('',#8589,1.);
#8589 = DIRECTION('',(1.224646799147E-16,0.,-1.));
#8590 = PLANE('',#8591);
#8591 = AXIS2_PLACEMENT_3D('',#8592,#8593,#8594);
#8592 = CARTESIAN_POINT('',(58.809065949435,174.33933736651,
    3.000000000001));
#8593 = DIRECTION('',(-1.,0.,-1.224646799147E-16));
#8594 = DIRECTION('',(0.,1.,0.));
#8595 = ADVANCED_FACE('',(#8596),#8615,.F.);
#8596 = FACE_BOUND('',#8597,.F.);
#8597 = EDGE_LOOP('',(#8598,#8606,#8607,#8608));
#8598 = ORIENTED_EDGE('',*,*,#8599,.T.);
#8599 = EDGE_CURVE('',#8600,#3829,#8602,.T.);
#8600 = VERTEX_POINT('',#8601);
#8601 = CARTESIAN_POINT('',(57.050390595146,173.68786848253,
    3.000000000001));
#8602 = LINE('',#8603,#8604);
#8603 = CARTESIAN_POINT('',(57.050390595146,173.68786848253,
    3.000000000001));
#8604 = VECTOR('',#8605,1.);
#8605 = DIRECTION('',(1.224646799147E-16,0.,-1.));
#8606 = ORIENTED_EDGE('',*,*,#3836,.T.);
#8607 = ORIENTED_EDGE('',*,*,#8585,.F.);
#8608 = ORIENTED_EDGE('',*,*,#8609,.F.);
#8609 = EDGE_CURVE('',#8600,#8569,#8610,.T.);
#8610 = CIRCLE('',#8611,1.);
#8611 = AXIS2_PLACEMENT_3D('',#8612,#8613,#8614);
#8612 = CARTESIAN_POINT('',(57.809065949435,174.33933736651,
    3.000000000001));
#8613 = DIRECTION('',(-1.224646799147E-16,0.,1.));
#8614 = DIRECTION('',(1.,0.,1.224646799147E-16));
#8615 = CYLINDRICAL_SURFACE('',#8616,1.);
#8616 = AXIS2_PLACEMENT_3D('',#8617,#8618,#8619);
#8617 = CARTESIAN_POINT('',(57.809065949435,174.33933736651,
    3.000000000001));
#8618 = DIRECTION('',(1.224646799147E-16,0.,-1.));
#8619 = DIRECTION('',(1.,0.,1.224646799147E-16));
#8620 = ADVANCED_FACE('',(#8621),#8639,.T.);
#8621 = FACE_BOUND('',#8622,.T.);
#8622 = EDGE_LOOP('',(#8623,#8631,#8632,#8633));
#8623 = ORIENTED_EDGE('',*,*,#8624,.T.);
#8624 = EDGE_CURVE('',#8625,#8600,#8627,.T.);
#8625 = VERTEX_POINT('',#8626);
#8626 = CARTESIAN_POINT('',(50.711950450551,181.06936964182,
    3.000000000001));
#8627 = LINE('',#8628,#8629);
#8628 = CARTESIAN_POINT('',(50.711950450551,181.06936964182,
    3.000000000001));
#8629 = VECTOR('',#8630,1.);
#8630 = DIRECTION('',(0.65146888398,-0.758675354289,7.978192835102E-17)
  );
#8631 = ORIENTED_EDGE('',*,*,#8599,.T.);
#8632 = ORIENTED_EDGE('',*,*,#3828,.F.);
#8633 = ORIENTED_EDGE('',*,*,#8634,.F.);
#8634 = EDGE_CURVE('',#8625,#3820,#8635,.T.);
#8635 = LINE('',#8636,#8637);
#8636 = CARTESIAN_POINT('',(50.711950450551,181.06936964182,
    3.000000000001));
#8637 = VECTOR('',#8638,1.);
#8638 = DIRECTION('',(1.224646799147E-16,0.,-1.));
#8639 = PLANE('',#8640);
#8640 = AXIS2_PLACEMENT_3D('',#8641,#8642,#8643);
#8641 = CARTESIAN_POINT('',(50.711950450551,181.06936964182,
    3.000000000001));
#8642 = DIRECTION('',(0.758675354289,0.65146888398,9.291093442222E-17));
#8643 = DIRECTION('',(0.65146888398,-0.758675354289,7.978192835102E-17)
  );
#8644 = ADVANCED_FACE('',(#8645),#8664,.F.);
#8645 = FACE_BOUND('',#8646,.F.);
#8646 = EDGE_LOOP('',(#8647,#8655,#8656,#8657));
#8647 = ORIENTED_EDGE('',*,*,#8648,.T.);
#8648 = EDGE_CURVE('',#8649,#3812,#8651,.T.);
#8649 = VERTEX_POINT('',#8650);
#8650 = CARTESIAN_POINT('',(50.47062580484,181.7208385258,3.000000000001
    ));
#8651 = LINE('',#8652,#8653);
#8652 = CARTESIAN_POINT('',(50.47062580484,181.7208385258,3.000000000001
    ));
#8653 = VECTOR('',#8654,1.);
#8654 = DIRECTION('',(1.224646799147E-16,0.,-1.));
#8655 = ORIENTED_EDGE('',*,*,#3819,.T.);
#8656 = ORIENTED_EDGE('',*,*,#8634,.F.);
#8657 = ORIENTED_EDGE('',*,*,#8658,.F.);
#8658 = EDGE_CURVE('',#8649,#8625,#8659,.T.);
#8659 = CIRCLE('',#8660,1.);
#8660 = AXIS2_PLACEMENT_3D('',#8661,#8662,#8663);
#8661 = CARTESIAN_POINT('',(51.47062580484,181.7208385258,3.000000000001
    ));
#8662 = DIRECTION('',(-1.224646799147E-16,0.,1.));
#8663 = DIRECTION('',(-0.758675354289,-0.65146888398,-9.291093442222E-17
    ));
#8664 = CYLINDRICAL_SURFACE('',#8665,1.);
#8665 = AXIS2_PLACEMENT_3D('',#8666,#8667,#8668);
#8666 = CARTESIAN_POINT('',(51.47062580484,181.7208385258,3.000000000001
    ));
#8667 = DIRECTION('',(1.224646799147E-16,0.,-1.));
#8668 = DIRECTION('',(-0.758675354289,-0.65146888398,-9.291093442222E-17
    ));
#8669 = ADVANCED_FACE('',(#8670),#8688,.T.);
#8670 = FACE_BOUND('',#8671,.T.);
#8671 = EDGE_LOOP('',(#8672,#8680,#8681,#8682));
#8672 = ORIENTED_EDGE('',*,*,#8673,.T.);
#8673 = EDGE_CURVE('',#8674,#8649,#8676,.T.);
#8674 = VERTEX_POINT('',#8675);
#8675 = CARTESIAN_POINT('',(50.47062580484,190.71164218956,
    3.000000000001));
#8676 = LINE('',#8677,#8678);
#8677 = CARTESIAN_POINT('',(50.47062580484,190.71164218956,
    3.000000000001));
#8678 = VECTOR('',#8679,1.);
#8679 = DIRECTION('',(2.685783350262E-15,-1.,3.289135983101E-31));
#8680 = ORIENTED_EDGE('',*,*,#8648,.T.);
#8681 = ORIENTED_EDGE('',*,*,#3811,.F.);
#8682 = ORIENTED_EDGE('',*,*,#8683,.F.);
#8683 = EDGE_CURVE('',#8674,#3803,#8684,.T.);
#8684 = LINE('',#8685,#8686);
#8685 = CARTESIAN_POINT('',(50.47062580484,190.71164218956,
    3.000000000001));
#8686 = VECTOR('',#8687,1.);
#8687 = DIRECTION('',(1.224646799147E-16,0.,-1.));
#8688 = PLANE('',#8689);
#8689 = AXIS2_PLACEMENT_3D('',#8690,#8691,#8692);
#8690 = CARTESIAN_POINT('',(50.47062580484,190.71164218956,
    3.000000000001));
#8691 = DIRECTION('',(1.,2.685783350262E-15,1.224646799147E-16));
#8692 = DIRECTION('',(2.685783350262E-15,-1.,3.289135983101E-31));
#8693 = ADVANCED_FACE('',(#8694),#8713,.F.);
#8694 = FACE_BOUND('',#8695,.F.);
#8695 = EDGE_LOOP('',(#8696,#8704,#8705,#8706));
#8696 = ORIENTED_EDGE('',*,*,#8697,.T.);
#8697 = EDGE_CURVE('',#8698,#3795,#8700,.T.);
#8698 = VERTEX_POINT('',#8699);
#8699 = CARTESIAN_POINT('',(50.711950450551,191.36311107354,
    3.000000000001));
#8700 = LINE('',#8701,#8702);
#8701 = CARTESIAN_POINT('',(50.711950450551,191.36311107354,
    3.000000000001));
#8702 = VECTOR('',#8703,1.);
#8703 = DIRECTION('',(1.224646799147E-16,0.,-1.));
#8704 = ORIENTED_EDGE('',*,*,#3802,.T.);
#8705 = ORIENTED_EDGE('',*,*,#8683,.F.);
#8706 = ORIENTED_EDGE('',*,*,#8707,.F.);
#8707 = EDGE_CURVE('',#8698,#8674,#8708,.T.);
#8708 = CIRCLE('',#8709,1.);
#8709 = AXIS2_PLACEMENT_3D('',#8710,#8711,#8712);
#8710 = CARTESIAN_POINT('',(51.47062580484,190.71164218956,
    3.000000000001));
#8711 = DIRECTION('',(-1.224646799147E-16,0.,1.));
#8712 = DIRECTION('',(-1.,3.37507799486E-13,-1.224646799147E-16));
#8713 = CYLINDRICAL_SURFACE('',#8714,1.);
#8714 = AXIS2_PLACEMENT_3D('',#8715,#8716,#8717);
#8715 = CARTESIAN_POINT('',(51.47062580484,190.71164218956,
    3.000000000001));
#8716 = DIRECTION('',(1.224646799147E-16,0.,-1.));
#8717 = DIRECTION('',(-1.,3.37507799486E-13,-1.224646799147E-16));
#8718 = ADVANCED_FACE('',(#8719),#8737,.T.);
#8719 = FACE_BOUND('',#8720,.T.);
#8720 = EDGE_LOOP('',(#8721,#8729,#8730,#8731));
#8721 = ORIENTED_EDGE('',*,*,#8722,.T.);
#8722 = EDGE_CURVE('',#8723,#8698,#8725,.T.);
#8723 = VERTEX_POINT('',#8724);
#8724 = CARTESIAN_POINT('',(54.211950450551,195.43907510699,
    3.000000000001));
#8725 = LINE('',#8726,#8727);
#8726 = CARTESIAN_POINT('',(54.211950450551,195.43907510699,
    3.000000000001));
#8727 = VECTOR('',#8728,1.);
#8728 = DIRECTION('',(-0.65146888398,-0.75867535429,-7.978192835097E-17)
  );
#8729 = ORIENTED_EDGE('',*,*,#8697,.T.);
#8730 = ORIENTED_EDGE('',*,*,#3794,.F.);
#8731 = ORIENTED_EDGE('',*,*,#8732,.F.);
#8732 = EDGE_CURVE('',#8723,#3786,#8733,.T.);
#8733 = LINE('',#8734,#8735);
#8734 = CARTESIAN_POINT('',(54.211950450551,195.43907510699,
    3.000000000001));
#8735 = VECTOR('',#8736,1.);
#8736 = DIRECTION('',(1.224646799147E-16,0.,-1.));
#8737 = PLANE('',#8738);
#8738 = AXIS2_PLACEMENT_3D('',#8739,#8740,#8741);
#8739 = CARTESIAN_POINT('',(54.211950450551,195.43907510699,
    3.000000000001));
#8740 = DIRECTION('',(0.75867535429,-0.65146888398,9.291093442227E-17));
#8741 = DIRECTION('',(-0.65146888398,-0.75867535429,-7.978192835097E-17)
  );
#8742 = ADVANCED_FACE('',(#8743),#8762,.F.);
#8743 = FACE_BOUND('',#8744,.F.);
#8744 = EDGE_LOOP('',(#8745,#8753,#8754,#8755));
#8745 = ORIENTED_EDGE('',*,*,#8746,.T.);
#8746 = EDGE_CURVE('',#8747,#3778,#8749,.T.);
#8747 = VERTEX_POINT('',#8748);
#8748 = CARTESIAN_POINT('',(55.97062580484,194.78760622301,
    3.000000000001));
#8749 = LINE('',#8750,#8751);
#8750 = CARTESIAN_POINT('',(55.97062580484,194.78760622301,
    3.000000000001));
#8751 = VECTOR('',#8752,1.);
#8752 = DIRECTION('',(1.224646799147E-16,0.,-1.));
#8753 = ORIENTED_EDGE('',*,*,#3785,.T.);
#8754 = ORIENTED_EDGE('',*,*,#8732,.F.);
#8755 = ORIENTED_EDGE('',*,*,#8756,.F.);
#8756 = EDGE_CURVE('',#8747,#8723,#8757,.T.);
#8757 = CIRCLE('',#8758,1.);
#8758 = AXIS2_PLACEMENT_3D('',#8759,#8760,#8761);
#8759 = CARTESIAN_POINT('',(54.97062580484,194.78760622301,
    3.000000000001));
#8760 = DIRECTION('',(-1.224646799147E-16,-1.232595164408E-32,1.));
#8761 = DIRECTION('',(-0.75867535429,0.65146888398,-9.291093442226E-17)
  );
#8762 = CYLINDRICAL_SURFACE('',#8763,1.);
#8763 = AXIS2_PLACEMENT_3D('',#8764,#8765,#8766);
#8764 = CARTESIAN_POINT('',(54.97062580484,194.78760622301,
    3.000000000001));
#8765 = DIRECTION('',(1.224646799147E-16,0.,-1.));
#8766 = DIRECTION('',(-0.75867535429,0.65146888398,-9.291093442226E-17)
  );
#8767 = ADVANCED_FACE('',(#8768),#8786,.T.);
#8768 = FACE_BOUND('',#8769,.T.);
#8769 = EDGE_LOOP('',(#8770,#8778,#8779,#8780));
#8770 = ORIENTED_EDGE('',*,*,#8771,.T.);
#8771 = EDGE_CURVE('',#8772,#8747,#8774,.T.);
#8772 = VERTEX_POINT('',#8773);
#8773 = CARTESIAN_POINT('',(55.97062580484,187.39036637249,
    3.000000000001));
#8774 = LINE('',#8775,#8776);
#8775 = CARTESIAN_POINT('',(55.97062580484,187.39036637249,
    3.000000000001));
#8776 = VECTOR('',#8777,1.);
#8777 = DIRECTION('',(0.,1.,0.));
#8778 = ORIENTED_EDGE('',*,*,#8746,.T.);
#8779 = ORIENTED_EDGE('',*,*,#3777,.F.);
#8780 = ORIENTED_EDGE('',*,*,#8781,.F.);
#8781 = EDGE_CURVE('',#8772,#3769,#8782,.T.);
#8782 = LINE('',#8783,#8784);
#8783 = CARTESIAN_POINT('',(55.97062580484,187.39036637249,
    3.000000000001));
#8784 = VECTOR('',#8785,1.);
#8785 = DIRECTION('',(1.224646799147E-16,0.,-1.));
#8786 = PLANE('',#8787);
#8787 = AXIS2_PLACEMENT_3D('',#8788,#8789,#8790);
#8788 = CARTESIAN_POINT('',(55.97062580484,187.39036637249,
    3.000000000001));
#8789 = DIRECTION('',(-1.,0.,-1.224646799147E-16));
#8790 = DIRECTION('',(0.,1.,0.));
#8791 = ADVANCED_FACE('',(#8792),#8811,.T.);
#8792 = FACE_BOUND('',#8793,.T.);
#8793 = EDGE_LOOP('',(#8794,#8803,#8804,#8805));
#8794 = ORIENTED_EDGE('',*,*,#8795,.T.);
#8795 = EDGE_CURVE('',#8796,#8772,#8798,.T.);
#8796 = VERTEX_POINT('',#8797);
#8797 = CARTESIAN_POINT('',(56.211950450551,186.73889748851,
    3.000000000001));
#8798 = CIRCLE('',#8799,1.);
#8799 = AXIS2_PLACEMENT_3D('',#8800,#8801,#8802);
#8800 = CARTESIAN_POINT('',(56.97062580484,187.39036637249,
    3.000000000001));
#8801 = DIRECTION('',(1.224646799147E-16,0.,-1.));
#8802 = DIRECTION('',(-0.758675354289,-0.65146888398,-9.29109344222E-17)
  );
#8803 = ORIENTED_EDGE('',*,*,#8781,.T.);
#8804 = ORIENTED_EDGE('',*,*,#3768,.F.);
#8805 = ORIENTED_EDGE('',*,*,#8806,.F.);
#8806 = EDGE_CURVE('',#8796,#3761,#8807,.T.);
#8807 = LINE('',#8808,#8809);
#8808 = CARTESIAN_POINT('',(56.211950450551,186.73889748851,
    3.000000000001));
#8809 = VECTOR('',#8810,1.);
#8810 = DIRECTION('',(1.224646799147E-16,0.,-1.));
#8811 = CYLINDRICAL_SURFACE('',#8812,1.);
#8812 = AXIS2_PLACEMENT_3D('',#8813,#8814,#8815);
#8813 = CARTESIAN_POINT('',(56.97062580484,187.39036637249,
    3.000000000001));
#8814 = DIRECTION('',(1.224646799147E-16,0.,-1.));
#8815 = DIRECTION('',(-0.758675354289,-0.65146888398,-9.29109344222E-17)
  );
#8816 = ADVANCED_FACE('',(#8817),#8835,.T.);
#8817 = FACE_BOUND('',#8818,.T.);
#8818 = EDGE_LOOP('',(#8819,#8827,#8828,#8829));
#8819 = ORIENTED_EDGE('',*,*,#8820,.T.);
#8820 = EDGE_CURVE('',#8821,#8796,#8823,.T.);
#8821 = VERTEX_POINT('',#8822);
#8822 = CARTESIAN_POINT('',(58.567741303724,183.9954349777,
    3.000000000001));
#8823 = LINE('',#8824,#8825);
#8824 = CARTESIAN_POINT('',(58.567741303724,183.9954349777,
    3.000000000001));
#8825 = VECTOR('',#8826,1.);
#8826 = DIRECTION('',(-0.65146888398,0.758675354289,-7.978192835106E-17)
  );
#8827 = ORIENTED_EDGE('',*,*,#8806,.T.);
#8828 = ORIENTED_EDGE('',*,*,#3760,.F.);
#8829 = ORIENTED_EDGE('',*,*,#8830,.F.);
#8830 = EDGE_CURVE('',#8821,#3752,#8831,.T.);
#8831 = LINE('',#8832,#8833);
#8832 = CARTESIAN_POINT('',(58.567741303724,183.9954349777,
    3.000000000001));
#8833 = VECTOR('',#8834,1.);
#8834 = DIRECTION('',(1.224646799147E-16,0.,-1.));
#8835 = PLANE('',#8836);
#8836 = AXIS2_PLACEMENT_3D('',#8837,#8838,#8839);
#8837 = CARTESIAN_POINT('',(58.567741303724,183.9954349777,
    3.000000000001));
#8838 = DIRECTION('',(-0.758675354289,-0.65146888398,-9.29109344222E-17)
  );
#8839 = DIRECTION('',(-0.65146888398,0.758675354289,-7.978192835106E-17)
  );
#8840 = ADVANCED_FACE('',(#8841),#8853,.F.);
#8841 = FACE_BOUND('',#8842,.F.);
#8842 = EDGE_LOOP('',(#8843,#8844,#8845,#8846));
#8843 = ORIENTED_EDGE('',*,*,#8578,.T.);
#8844 = ORIENTED_EDGE('',*,*,#3749,.T.);
#8845 = ORIENTED_EDGE('',*,*,#8830,.F.);
#8846 = ORIENTED_EDGE('',*,*,#8847,.F.);
#8847 = EDGE_CURVE('',#8571,#8821,#8848,.T.);
#8848 = CIRCLE('',#8849,1.);
#8849 = AXIS2_PLACEMENT_3D('',#8850,#8851,#8852);
#8850 = CARTESIAN_POINT('',(57.809065949435,183.34396609372,
    3.000000000001));
#8851 = DIRECTION('',(-1.224646799147E-16,0.,1.));
#8852 = DIRECTION('',(0.758675354289,0.65146888398,9.291093442222E-17));
#8853 = CYLINDRICAL_SURFACE('',#8854,1.);
#8854 = AXIS2_PLACEMENT_3D('',#8855,#8856,#8857);
#8855 = CARTESIAN_POINT('',(57.809065949435,183.34396609372,
    3.000000000001));
#8856 = DIRECTION('',(1.224646799147E-16,0.,-1.));
#8857 = DIRECTION('',(0.758675354289,0.65146888398,9.291093442222E-17));
#8858 = ADVANCED_FACE('',(#8859),#8885,.F.);
#8859 = FACE_BOUND('',#8860,.F.);
#8860 = EDGE_LOOP('',(#8861,#8869,#8870,#8878));
#8861 = ORIENTED_EDGE('',*,*,#8862,.T.);
#8862 = EDGE_CURVE('',#8863,#3907,#8865,.T.);
#8863 = VERTEX_POINT('',#8864);
#8864 = CARTESIAN_POINT('',(58.350625767015,208.23165528519,
    3.000000000001));
#8865 = LINE('',#8866,#8867);
#8866 = CARTESIAN_POINT('',(58.350625767015,208.23165528519,
    3.000000000001));
#8867 = VECTOR('',#8868,1.);
#8868 = DIRECTION('',(1.224646799147E-16,0.,-1.));
#8869 = ORIENTED_EDGE('',*,*,#3914,.T.);
#8870 = ORIENTED_EDGE('',*,*,#8871,.F.);
#8871 = EDGE_CURVE('',#8872,#3854,#8874,.T.);
#8872 = VERTEX_POINT('',#8873);
#8873 = CARTESIAN_POINT('',(58.350625804746,206.63165528519,
    3.000000000001));
#8874 = LINE('',#8875,#8876);
#8875 = CARTESIAN_POINT('',(58.350625804746,206.63165528519,
    3.000000000001));
#8876 = VECTOR('',#8877,1.);
#8877 = DIRECTION('',(1.224646799147E-16,0.,-1.));
#8878 = ORIENTED_EDGE('',*,*,#8879,.F.);
#8879 = EDGE_CURVE('',#8863,#8872,#8880,.T.);
#8880 = CIRCLE('',#8881,0.8);
#8881 = AXIS2_PLACEMENT_3D('',#8882,#8883,#8884);
#8882 = CARTESIAN_POINT('',(58.350625767999,207.43165528519,
    3.000000000001));
#8883 = DIRECTION('',(-1.224646799147E-16,0.,1.));
#8884 = DIRECTION('',(4.593401908839E-08,-1.,5.625294944857E-24));
#8885 = CYLINDRICAL_SURFACE('',#8886,0.8);
#8886 = AXIS2_PLACEMENT_3D('',#8887,#8888,#8889);
#8887 = CARTESIAN_POINT('',(58.350625767999,207.43165528519,
    3.000000000001));
#8888 = DIRECTION('',(1.224646799147E-16,0.,-1.));
#8889 = DIRECTION('',(4.593401908839E-08,-1.,5.625294944857E-24));
#8890 = ADVANCED_FACE('',(#8891),#8909,.T.);
#8891 = FACE_BOUND('',#8892,.T.);
#8892 = EDGE_LOOP('',(#8893,#8901,#8902,#8903));
#8893 = ORIENTED_EDGE('',*,*,#8894,.T.);
#8894 = EDGE_CURVE('',#8895,#8863,#8897,.T.);
#8895 = VERTEX_POINT('',#8896);
#8896 = CARTESIAN_POINT('',(61.470625804749,208.23165528519,
    3.000000000001));
#8897 = LINE('',#8898,#8899);
#8898 = CARTESIAN_POINT('',(58.350625767999,208.23165528519,
    3.000000000001));
#8899 = VECTOR('',#8900,1.);
#8900 = DIRECTION('',(-1.,0.,-1.224646799147E-16));
#8901 = ORIENTED_EDGE('',*,*,#8862,.T.);
#8902 = ORIENTED_EDGE('',*,*,#3906,.F.);
#8903 = ORIENTED_EDGE('',*,*,#8904,.F.);
#8904 = EDGE_CURVE('',#8895,#3898,#8905,.T.);
#8905 = LINE('',#8906,#8907);
#8906 = CARTESIAN_POINT('',(61.470625804749,208.23165528519,
    3.000000000001));
#8907 = VECTOR('',#8908,1.);
#8908 = DIRECTION('',(1.224646799147E-16,0.,-1.));
#8909 = PLANE('',#8910);
#8910 = AXIS2_PLACEMENT_3D('',#8911,#8912,#8913);
#8911 = CARTESIAN_POINT('',(61.470625804749,208.23165528519,
    3.000000000001));
#8912 = DIRECTION('',(0.,-1.,0.));
#8913 = DIRECTION('',(-1.,-0.,-1.224646799147E-16));
#8914 = ADVANCED_FACE('',(#8915),#8934,.F.);
#8915 = FACE_BOUND('',#8916,.F.);
#8916 = EDGE_LOOP('',(#8917,#8925,#8926,#8927));
#8917 = ORIENTED_EDGE('',*,*,#8918,.T.);
#8918 = EDGE_CURVE('',#8919,#3890,#8921,.T.);
#8919 = VERTEX_POINT('',#8920);
#8920 = CARTESIAN_POINT('',(61.470625804749,206.63165528519,
    3.000000000001));
#8921 = LINE('',#8922,#8923);
#8922 = CARTESIAN_POINT('',(61.470625804749,206.63165528519,
    3.000000000001));
#8923 = VECTOR('',#8924,1.);
#8924 = DIRECTION('',(1.224646799147E-16,0.,-1.));
#8925 = ORIENTED_EDGE('',*,*,#3897,.T.);
#8926 = ORIENTED_EDGE('',*,*,#8904,.F.);
#8927 = ORIENTED_EDGE('',*,*,#8928,.F.);
#8928 = EDGE_CURVE('',#8919,#8895,#8929,.T.);
#8929 = CIRCLE('',#8930,0.8);
#8930 = AXIS2_PLACEMENT_3D('',#8931,#8932,#8933);
#8931 = CARTESIAN_POINT('',(61.470625804749,207.43165528519,
    3.000000000001));
#8932 = DIRECTION('',(-1.224646799147E-16,0.,1.));
#8933 = DIRECTION('',(-1.110223024626E-14,1.,-1.359631073448E-30));
#8934 = CYLINDRICAL_SURFACE('',#8935,0.8);
#8935 = AXIS2_PLACEMENT_3D('',#8936,#8937,#8938);
#8936 = CARTESIAN_POINT('',(61.470625804749,207.43165528519,
    3.000000000001));
#8937 = DIRECTION('',(1.224646799147E-16,0.,-1.));
#8938 = DIRECTION('',(-1.110223024626E-14,1.,-1.359631073448E-30));
#8939 = ADVANCED_FACE('',(#8940),#8958,.T.);
#8940 = FACE_BOUND('',#8941,.T.);
#8941 = EDGE_LOOP('',(#8942,#8950,#8951,#8952));
#8942 = ORIENTED_EDGE('',*,*,#8943,.T.);
#8943 = EDGE_CURVE('',#8944,#8919,#8946,.T.);
#8944 = VERTEX_POINT('',#8945);
#8945 = CARTESIAN_POINT('',(61.470625804749,203.7316721758,
    3.000000000001));
#8946 = LINE('',#8947,#8948);
#8947 = CARTESIAN_POINT('',(61.470625804749,206.63165528519,
    3.000000000001));
#8948 = VECTOR('',#8949,1.);
#8949 = DIRECTION('',(0.,1.,0.));
#8950 = ORIENTED_EDGE('',*,*,#8918,.T.);
#8951 = ORIENTED_EDGE('',*,*,#3889,.F.);
#8952 = ORIENTED_EDGE('',*,*,#8953,.F.);
#8953 = EDGE_CURVE('',#8944,#3881,#8954,.T.);
#8954 = LINE('',#8955,#8956);
#8955 = CARTESIAN_POINT('',(61.470625804749,203.7316721758,
    3.000000000001));
#8956 = VECTOR('',#8957,1.);
#8957 = DIRECTION('',(1.224646799147E-16,0.,-1.));
#8958 = PLANE('',#8959);
#8959 = AXIS2_PLACEMENT_3D('',#8960,#8961,#8962);
#8960 = CARTESIAN_POINT('',(61.470625804749,203.7316721758,
    3.000000000001));
#8961 = DIRECTION('',(-1.,0.,-1.224646799147E-16));
#8962 = DIRECTION('',(0.,1.,0.));
#8963 = ADVANCED_FACE('',(#8964),#8983,.F.);
#8964 = FACE_BOUND('',#8965,.F.);
#8965 = EDGE_LOOP('',(#8966,#8974,#8975,#8976));
#8966 = ORIENTED_EDGE('',*,*,#8967,.T.);
#8967 = EDGE_CURVE('',#8968,#3873,#8970,.T.);
#8968 = VERTEX_POINT('',#8969);
#8969 = CARTESIAN_POINT('',(61.470625804749,202.1316721758,
    3.000000000001));
#8970 = LINE('',#8971,#8972);
#8971 = CARTESIAN_POINT('',(61.470625804749,202.1316721758,
    3.000000000001));
#8972 = VECTOR('',#8973,1.);
#8973 = DIRECTION('',(1.224646799147E-16,0.,-1.));
#8974 = ORIENTED_EDGE('',*,*,#3880,.T.);
#8975 = ORIENTED_EDGE('',*,*,#8953,.F.);
#8976 = ORIENTED_EDGE('',*,*,#8977,.F.);
#8977 = EDGE_CURVE('',#8968,#8944,#8978,.T.);
#8978 = CIRCLE('',#8979,0.8);
#8979 = AXIS2_PLACEMENT_3D('',#8980,#8981,#8982);
#8980 = CARTESIAN_POINT('',(61.470625804749,202.9316721758,
    3.000000000001));
#8981 = DIRECTION('',(-1.224646799147E-16,0.,1.));
#8982 = DIRECTION('',(1.665334536939E-14,1.,2.039446610171E-30));
#8983 = CYLINDRICAL_SURFACE('',#8984,0.8);
#8984 = AXIS2_PLACEMENT_3D('',#8985,#8986,#8987);
#8985 = CARTESIAN_POINT('',(61.470625804749,202.9316721758,
    3.000000000001));
#8986 = DIRECTION('',(1.224646799147E-16,0.,-1.));
#8987 = DIRECTION('',(1.665334536939E-14,1.,2.039446610171E-30));
#8988 = ADVANCED_FACE('',(#8989),#9007,.T.);
#8989 = FACE_BOUND('',#8990,.T.);
#8990 = EDGE_LOOP('',(#8991,#8999,#9000,#9001));
#8991 = ORIENTED_EDGE('',*,*,#8992,.T.);
#8992 = EDGE_CURVE('',#8993,#8968,#8995,.T.);
#8993 = VERTEX_POINT('',#8994);
#8994 = CARTESIAN_POINT('',(58.350625767999,202.1316721758,
    3.000000000001));
#8995 = LINE('',#8996,#8997);
#8996 = CARTESIAN_POINT('',(61.470625804749,202.1316721758,
    3.000000000001));
#8997 = VECTOR('',#8998,1.);
#8998 = DIRECTION('',(1.,0.,1.224646799147E-16));
#8999 = ORIENTED_EDGE('',*,*,#8967,.T.);
#9000 = ORIENTED_EDGE('',*,*,#3872,.F.);
#9001 = ORIENTED_EDGE('',*,*,#9002,.F.);
#9002 = EDGE_CURVE('',#8993,#3864,#9003,.T.);
#9003 = LINE('',#9004,#9005);
#9004 = CARTESIAN_POINT('',(58.350625767999,202.1316721758,
    3.000000000001));
#9005 = VECTOR('',#9006,1.);
#9006 = DIRECTION('',(1.224646799147E-16,0.,-1.));
#9007 = PLANE('',#9008);
#9008 = AXIS2_PLACEMENT_3D('',#9009,#9010,#9011);
#9009 = CARTESIAN_POINT('',(58.350625767999,202.1316721758,
    3.000000000001));
#9010 = DIRECTION('',(0.,1.,0.));
#9011 = DIRECTION('',(1.,-0.,1.224646799147E-16));
#9012 = ADVANCED_FACE('',(#9013),#9032,.F.);
#9013 = FACE_BOUND('',#9014,.F.);
#9014 = EDGE_LOOP('',(#9015,#9023,#9024,#9025));
#9015 = ORIENTED_EDGE('',*,*,#9016,.T.);
#9016 = EDGE_CURVE('',#9017,#3856,#9019,.T.);
#9017 = VERTEX_POINT('',#9018);
#9018 = CARTESIAN_POINT('',(58.35062580475,203.7316721758,3.000000000001
    ));
#9019 = LINE('',#9020,#9021);
#9020 = CARTESIAN_POINT('',(58.35062580475,203.7316721758,3.000000000001
    ));
#9021 = VECTOR('',#9022,1.);
#9022 = DIRECTION('',(1.224646799147E-16,0.,-1.));
#9023 = ORIENTED_EDGE('',*,*,#3863,.T.);
#9024 = ORIENTED_EDGE('',*,*,#9002,.F.);
#9025 = ORIENTED_EDGE('',*,*,#9026,.F.);
#9026 = EDGE_CURVE('',#9017,#8993,#9027,.T.);
#9027 = CIRCLE('',#9028,0.8);
#9028 = AXIS2_PLACEMENT_3D('',#9029,#9030,#9031);
#9029 = CARTESIAN_POINT('',(58.350625767999,202.9316721758,
    3.000000000001));
#9030 = DIRECTION('',(-1.224646799147E-16,0.,1.));
#9031 = DIRECTION('',(4.163336342346E-15,-1.,5.098616525428E-31));
#9032 = CYLINDRICAL_SURFACE('',#9033,0.8);
#9033 = AXIS2_PLACEMENT_3D('',#9034,#9035,#9036);
#9034 = CARTESIAN_POINT('',(58.350625767999,202.9316721758,
    3.000000000001));
#9035 = DIRECTION('',(1.224646799147E-16,0.,-1.));
#9036 = DIRECTION('',(4.163336342346E-15,-1.,5.098616525428E-31));
#9037 = ADVANCED_FACE('',(#9038),#9049,.T.);
#9038 = FACE_BOUND('',#9039,.T.);
#9039 = EDGE_LOOP('',(#9040,#9046,#9047,#9048));
#9040 = ORIENTED_EDGE('',*,*,#9041,.T.);
#9041 = EDGE_CURVE('',#8872,#9017,#9042,.T.);
#9042 = LINE('',#9043,#9044);
#9043 = CARTESIAN_POINT('',(58.35062580475,203.7316721758,3.000000000001
    ));
#9044 = VECTOR('',#9045,1.);
#9045 = DIRECTION('',(1.25494216257E-12,-1.,1.536860902507E-28));
#9046 = ORIENTED_EDGE('',*,*,#9016,.T.);
#9047 = ORIENTED_EDGE('',*,*,#3853,.F.);
#9048 = ORIENTED_EDGE('',*,*,#8871,.F.);
#9049 = PLANE('',#9050);
#9050 = AXIS2_PLACEMENT_3D('',#9051,#9052,#9053);
#9051 = CARTESIAN_POINT('',(58.350625804746,206.63165528519,
    3.000000000001));
#9052 = DIRECTION('',(1.,1.25494216257E-12,1.224646799147E-16));
#9053 = DIRECTION('',(1.25494216257E-12,-1.,1.536860902507E-28));
#9054 = ADVANCED_FACE('',(#9055),#9080,.T.);
#9055 = FACE_BOUND('',#9056,.T.);
#9056 = EDGE_LOOP('',(#9057,#9067,#9073,#9074));
#9057 = ORIENTED_EDGE('',*,*,#9058,.T.);
#9058 = EDGE_CURVE('',#9059,#9061,#9063,.T.);
#9059 = VERTEX_POINT('',#9060);
#9060 = CARTESIAN_POINT('',(58.350625786451,188.5475215855,
    3.000000000001));
#9061 = VERTEX_POINT('',#9062);
#9062 = CARTESIAN_POINT('',(61.470625823201,188.5475215855,
    3.000000000001));
#9063 = LINE('',#9064,#9065);
#9064 = CARTESIAN_POINT('',(61.470625823201,188.5475215855,
    3.000000000001));
#9065 = VECTOR('',#9066,1.);
#9066 = DIRECTION('',(1.,0.,1.224646799147E-16));
#9067 = ORIENTED_EDGE('',*,*,#9068,.T.);
#9068 = EDGE_CURVE('',#9061,#3924,#9069,.T.);
#9069 = LINE('',#9070,#9071);
#9070 = CARTESIAN_POINT('',(61.470625823201,188.5475215855,
    3.000000000001));
#9071 = VECTOR('',#9072,1.);
#9072 = DIRECTION('',(1.224646799147E-16,0.,-1.));
#9073 = ORIENTED_EDGE('',*,*,#3985,.F.);
#9074 = ORIENTED_EDGE('',*,*,#9075,.F.);
#9075 = EDGE_CURVE('',#9059,#3977,#9076,.T.);
#9076 = LINE('',#9077,#9078);
#9077 = CARTESIAN_POINT('',(58.350625786451,188.5475215855,
    3.000000000001));
#9078 = VECTOR('',#9079,1.);
#9079 = DIRECTION('',(1.224646799147E-16,0.,-1.));
#9080 = PLANE('',#9081);
#9081 = AXIS2_PLACEMENT_3D('',#9082,#9083,#9084);
#9082 = CARTESIAN_POINT('',(58.350625786451,188.5475215855,
    3.000000000001));
#9083 = DIRECTION('',(0.,1.,0.));
#9084 = DIRECTION('',(1.,-0.,1.224646799147E-16));
#9085 = ADVANCED_FACE('',(#9086),#9105,.F.);
#9086 = FACE_BOUND('',#9087,.F.);
#9087 = EDGE_LOOP('',(#9088,#9096,#9097,#9098));
#9088 = ORIENTED_EDGE('',*,*,#9089,.T.);
#9089 = EDGE_CURVE('',#9090,#3969,#9092,.T.);
#9090 = VERTEX_POINT('',#9091);
#9091 = CARTESIAN_POINT('',(58.350625823202,190.1475215855,
    3.000000000001));
#9092 = LINE('',#9093,#9094);
#9093 = CARTESIAN_POINT('',(58.350625823202,190.1475215855,
    3.000000000001));
#9094 = VECTOR('',#9095,1.);
#9095 = DIRECTION('',(1.224646799147E-16,0.,-1.));
#9096 = ORIENTED_EDGE('',*,*,#3976,.T.);
#9097 = ORIENTED_EDGE('',*,*,#9075,.F.);
#9098 = ORIENTED_EDGE('',*,*,#9099,.F.);
#9099 = EDGE_CURVE('',#9090,#9059,#9100,.T.);
#9100 = CIRCLE('',#9101,0.8);
#9101 = AXIS2_PLACEMENT_3D('',#9102,#9103,#9104);
#9102 = CARTESIAN_POINT('',(58.350625786451,189.3475215855,
    3.000000000001));
#9103 = DIRECTION('',(-1.224646799147E-16,0.,1.));
#9104 = DIRECTION('',(-4.163336342346E-15,-1.,-5.098616525428E-31));
#9105 = CYLINDRICAL_SURFACE('',#9106,0.8);
#9106 = AXIS2_PLACEMENT_3D('',#9107,#9108,#9109);
#9107 = CARTESIAN_POINT('',(58.350625786451,189.3475215855,
    3.000000000001));
#9108 = DIRECTION('',(1.224646799147E-16,0.,-1.));
#9109 = DIRECTION('',(-4.163336342346E-15,-1.,-5.098616525428E-31));
#9110 = ADVANCED_FACE('',(#9111),#9129,.T.);
#9111 = FACE_BOUND('',#9112,.T.);
#9112 = EDGE_LOOP('',(#9113,#9121,#9122,#9123));
#9113 = ORIENTED_EDGE('',*,*,#9114,.T.);
#9114 = EDGE_CURVE('',#9115,#9090,#9117,.T.);
#9115 = VERTEX_POINT('',#9116);
#9116 = CARTESIAN_POINT('',(58.350625823198,193.0475046949,
    3.000000000001));
#9117 = LINE('',#9118,#9119);
#9118 = CARTESIAN_POINT('',(58.350625823202,190.1475215855,
    3.000000000001));
#9119 = VECTOR('',#9120,1.);
#9120 = DIRECTION('',(1.254559324815E-12,-1.,1.536392061475E-28));
#9121 = ORIENTED_EDGE('',*,*,#9089,.T.);
#9122 = ORIENTED_EDGE('',*,*,#3968,.F.);
#9123 = ORIENTED_EDGE('',*,*,#9124,.F.);
#9124 = EDGE_CURVE('',#9115,#3960,#9125,.T.);
#9125 = LINE('',#9126,#9127);
#9126 = CARTESIAN_POINT('',(58.350625823198,193.0475046949,
    3.000000000001));
#9127 = VECTOR('',#9128,1.);
#9128 = DIRECTION('',(1.224646799147E-16,0.,-1.));
#9129 = PLANE('',#9130);
#9130 = AXIS2_PLACEMENT_3D('',#9131,#9132,#9133);
#9131 = CARTESIAN_POINT('',(58.350625823198,193.0475046949,
    3.000000000001));
#9132 = DIRECTION('',(1.,1.254559324815E-12,1.224646799147E-16));
#9133 = DIRECTION('',(1.254559324815E-12,-1.,1.536392061475E-28));
#9134 = ADVANCED_FACE('',(#9135),#9154,.F.);
#9135 = FACE_BOUND('',#9136,.F.);
#9136 = EDGE_LOOP('',(#9137,#9145,#9146,#9147));
#9137 = ORIENTED_EDGE('',*,*,#9138,.T.);
#9138 = EDGE_CURVE('',#9139,#3952,#9141,.T.);
#9139 = VERTEX_POINT('',#9140);
#9140 = CARTESIAN_POINT('',(58.350625786451,194.64750469489,
    3.000000000001));
#9141 = LINE('',#9142,#9143);
#9142 = CARTESIAN_POINT('',(58.350625786451,194.64750469489,
    3.000000000001));
#9143 = VECTOR('',#9144,1.);
#9144 = DIRECTION('',(1.224646799147E-16,0.,-1.));
#9145 = ORIENTED_EDGE('',*,*,#3959,.T.);
#9146 = ORIENTED_EDGE('',*,*,#9124,.F.);
#9147 = ORIENTED_EDGE('',*,*,#9148,.F.);
#9148 = EDGE_CURVE('',#9139,#9115,#9149,.T.);
#9149 = CIRCLE('',#9150,0.8);
#9150 = AXIS2_PLACEMENT_3D('',#9151,#9152,#9153);
#9151 = CARTESIAN_POINT('',(58.350625786451,193.84750469489,
    3.000000000001));
#9152 = DIRECTION('',(-1.224646799147E-16,0.,1.));
#9153 = DIRECTION('',(4.593404684397E-08,-1.,5.625298343935E-24));
#9154 = CYLINDRICAL_SURFACE('',#9155,0.8);
#9155 = AXIS2_PLACEMENT_3D('',#9156,#9157,#9158);
#9156 = CARTESIAN_POINT('',(58.350625786451,193.84750469489,
    3.000000000001));
#9157 = DIRECTION('',(1.224646799147E-16,0.,-1.));
#9158 = DIRECTION('',(4.593404684397E-08,-1.,5.625298343935E-24));
#9159 = ADVANCED_FACE('',(#9160),#9178,.T.);
#9160 = FACE_BOUND('',#9161,.T.);
#9161 = EDGE_LOOP('',(#9162,#9170,#9171,#9172));
#9162 = ORIENTED_EDGE('',*,*,#9163,.T.);
#9163 = EDGE_CURVE('',#9164,#9139,#9166,.T.);
#9164 = VERTEX_POINT('',#9165);
#9165 = CARTESIAN_POINT('',(61.470625823201,194.64750469489,
    3.000000000001));
#9166 = LINE('',#9167,#9168);
#9167 = CARTESIAN_POINT('',(58.350625786451,194.64750469489,
    3.000000000001));
#9168 = VECTOR('',#9169,1.);
#9169 = DIRECTION('',(-1.,-5.693451341272E-15,-1.224646799147E-16));
#9170 = ORIENTED_EDGE('',*,*,#9138,.T.);
#9171 = ORIENTED_EDGE('',*,*,#3951,.F.);
#9172 = ORIENTED_EDGE('',*,*,#9173,.F.);
#9173 = EDGE_CURVE('',#9164,#3943,#9174,.T.);
#9174 = LINE('',#9175,#9176);
#9175 = CARTESIAN_POINT('',(61.470625823201,194.64750469489,
    3.000000000001));
#9176 = VECTOR('',#9177,1.);
#9177 = DIRECTION('',(1.224646799147E-16,0.,-1.));
#9178 = PLANE('',#9179);
#9179 = AXIS2_PLACEMENT_3D('',#9180,#9181,#9182);
#9180 = CARTESIAN_POINT('',(61.470625823201,194.64750469489,
    3.000000000001));
#9181 = DIRECTION('',(5.693451341272E-15,-1.,6.97246696119E-31));
#9182 = DIRECTION('',(-1.,-5.693451341272E-15,-1.224646799147E-16));
#9183 = ADVANCED_FACE('',(#9184),#9203,.F.);
#9184 = FACE_BOUND('',#9185,.F.);
#9185 = EDGE_LOOP('',(#9186,#9194,#9195,#9196));
#9186 = ORIENTED_EDGE('',*,*,#9187,.T.);
#9187 = EDGE_CURVE('',#9188,#3935,#9190,.T.);
#9188 = VERTEX_POINT('',#9189);
#9189 = CARTESIAN_POINT('',(61.470625823201,193.0475046949,
    3.000000000001));
#9190 = LINE('',#9191,#9192);
#9191 = CARTESIAN_POINT('',(61.470625823201,193.0475046949,
    3.000000000001));
#9192 = VECTOR('',#9193,1.);
#9193 = DIRECTION('',(1.224646799147E-16,0.,-1.));
#9194 = ORIENTED_EDGE('',*,*,#3942,.T.);
#9195 = ORIENTED_EDGE('',*,*,#9173,.F.);
#9196 = ORIENTED_EDGE('',*,*,#9197,.F.);
#9197 = EDGE_CURVE('',#9188,#9164,#9198,.T.);
#9198 = CIRCLE('',#9199,0.8);
#9199 = AXIS2_PLACEMENT_3D('',#9200,#9201,#9202);
#9200 = CARTESIAN_POINT('',(61.470625823201,193.84750469489,
    3.000000000001));
#9201 = DIRECTION('',(-1.224646799147E-16,0.,1.));
#9202 = DIRECTION('',(1.665334536939E-14,1.,2.039446610171E-30));
#9203 = CYLINDRICAL_SURFACE('',#9204,0.8);
#9204 = AXIS2_PLACEMENT_3D('',#9205,#9206,#9207);
#9205 = CARTESIAN_POINT('',(61.470625823201,193.84750469489,
    3.000000000001));
#9206 = DIRECTION('',(1.224646799147E-16,0.,-1.));
#9207 = DIRECTION('',(1.665334536939E-14,1.,2.039446610171E-30));
#9208 = ADVANCED_FACE('',(#9209),#9227,.T.);
#9209 = FACE_BOUND('',#9210,.T.);
#9210 = EDGE_LOOP('',(#9211,#9219,#9220,#9221));
#9211 = ORIENTED_EDGE('',*,*,#9212,.T.);
#9212 = EDGE_CURVE('',#9213,#9188,#9215,.T.);
#9213 = VERTEX_POINT('',#9214);
#9214 = CARTESIAN_POINT('',(61.470625823201,190.1475215855,
    3.000000000001));
#9215 = LINE('',#9216,#9217);
#9216 = CARTESIAN_POINT('',(61.470625823201,193.0475046949,
    3.000000000001));
#9217 = VECTOR('',#9218,1.);
#9218 = DIRECTION('',(0.,1.,0.));
#9219 = ORIENTED_EDGE('',*,*,#9187,.T.);
#9220 = ORIENTED_EDGE('',*,*,#3934,.F.);
#9221 = ORIENTED_EDGE('',*,*,#9222,.F.);
#9222 = EDGE_CURVE('',#9213,#3926,#9223,.T.);
#9223 = LINE('',#9224,#9225);
#9224 = CARTESIAN_POINT('',(61.470625823201,190.1475215855,
    3.000000000001));
#9225 = VECTOR('',#9226,1.);
#9226 = DIRECTION('',(1.224646799147E-16,0.,-1.));
#9227 = PLANE('',#9228);
#9228 = AXIS2_PLACEMENT_3D('',#9229,#9230,#9231);
#9229 = CARTESIAN_POINT('',(61.470625823201,190.1475215855,
    3.000000000001));
#9230 = DIRECTION('',(-1.,0.,-1.224646799147E-16));
#9231 = DIRECTION('',(0.,1.,0.));
#9232 = ADVANCED_FACE('',(#9233),#9245,.F.);
#9233 = FACE_BOUND('',#9234,.F.);
#9234 = EDGE_LOOP('',(#9235,#9236,#9237,#9238));
#9235 = ORIENTED_EDGE('',*,*,#9068,.T.);
#9236 = ORIENTED_EDGE('',*,*,#3923,.T.);
#9237 = ORIENTED_EDGE('',*,*,#9222,.F.);
#9238 = ORIENTED_EDGE('',*,*,#9239,.F.);
#9239 = EDGE_CURVE('',#9061,#9213,#9240,.T.);
#9240 = CIRCLE('',#9241,0.8);
#9241 = AXIS2_PLACEMENT_3D('',#9242,#9243,#9244);
#9242 = CARTESIAN_POINT('',(61.470625823201,189.3475215855,
    3.000000000001));
#9243 = DIRECTION('',(-1.224646799147E-16,0.,1.));
#9244 = DIRECTION('',(-2.775557561564E-15,1.,-3.399077683619E-31));
#9245 = CYLINDRICAL_SURFACE('',#9246,0.8);
#9246 = AXIS2_PLACEMENT_3D('',#9247,#9248,#9249);
#9247 = CARTESIAN_POINT('',(61.470625823201,189.3475215855,
    3.000000000001));
#9248 = DIRECTION('',(1.224646799147E-16,0.,-1.));
#9249 = DIRECTION('',(-2.775557561564E-15,1.,-3.399077683619E-31));
#9250 = ADVANCED_FACE('',(#9251),#9270,.F.);
#9251 = FACE_BOUND('',#9252,.F.);
#9252 = EDGE_LOOP('',(#9253,#9261,#9268,#9269));
#9253 = ORIENTED_EDGE('',*,*,#9254,.T.);
#9254 = EDGE_CURVE('',#3994,#9255,#9257,.T.);
#9255 = VERTEX_POINT('',#9256);
#9256 = CARTESIAN_POINT('',(9.863807720945,79.238868932328,
    3.000000000001));
#9257 = LINE('',#9258,#9259);
#9258 = CARTESIAN_POINT('',(9.863807720945,79.238868932328,
    3.000000000001));
#9259 = VECTOR('',#9260,1.);
#9260 = DIRECTION('',(-1.224646799147E-16,0.,1.));
#9261 = ORIENTED_EDGE('',*,*,#9262,.F.);
#9262 = EDGE_CURVE('',#9255,#9255,#9263,.T.);
#9263 = CIRCLE('',#9264,2.15);
#9264 = AXIS2_PLACEMENT_3D('',#9265,#9266,#9267);
#9265 = CARTESIAN_POINT('',(7.713807720945,79.238868932328,
    3.000000000001));
#9266 = DIRECTION('',(-1.224646799147E-16,0.,1.));
#9267 = DIRECTION('',(-1.,0.,-1.224646799147E-16));
#9268 = ORIENTED_EDGE('',*,*,#9254,.F.);
#9269 = ORIENTED_EDGE('',*,*,#3993,.T.);
#9270 = CYLINDRICAL_SURFACE('',#9271,2.15);
#9271 = AXIS2_PLACEMENT_3D('',#9272,#9273,#9274);
#9272 = CARTESIAN_POINT('',(7.713807720945,79.238868932328,
    3.000000000001));
#9273 = DIRECTION('',(1.224646799147E-16,0.,-1.));
#9274 = DIRECTION('',(-1.,0.,-1.224646799147E-16));
#9275 = ADVANCED_FACE('',(#9276),#9295,.F.);
#9276 = FACE_BOUND('',#9277,.F.);
#9277 = EDGE_LOOP('',(#9278,#9286,#9293,#9294));
#9278 = ORIENTED_EDGE('',*,*,#9279,.T.);
#9279 = EDGE_CURVE('',#4005,#9280,#9282,.T.);
#9280 = VERTEX_POINT('',#9281);
#9281 = CARTESIAN_POINT('',(24.107263464613,90.738901040253,
    3.000000000001));
#9282 = LINE('',#9283,#9284);
#9283 = CARTESIAN_POINT('',(24.107263464613,90.738901040253,
    3.000000000001));
#9284 = VECTOR('',#9285,1.);
#9285 = DIRECTION('',(-1.224646799147E-16,0.,1.));
#9286 = ORIENTED_EDGE('',*,*,#9287,.F.);
#9287 = EDGE_CURVE('',#9280,#9280,#9288,.T.);
#9288 = CIRCLE('',#9289,1.5);
#9289 = AXIS2_PLACEMENT_3D('',#9290,#9291,#9292);
#9290 = CARTESIAN_POINT('',(22.607263464613,90.738901040253,
    3.000000000001));
#9291 = DIRECTION('',(-1.224646799147E-16,0.,1.));
#9292 = DIRECTION('',(-1.,0.,-1.224646799147E-16));
#9293 = ORIENTED_EDGE('',*,*,#9279,.F.);
#9294 = ORIENTED_EDGE('',*,*,#4004,.T.);
#9295 = CYLINDRICAL_SURFACE('',#9296,1.5);
#9296 = AXIS2_PLACEMENT_3D('',#9297,#9298,#9299);
#9297 = CARTESIAN_POINT('',(22.607263464613,90.738901040253,
    3.000000000001));
#9298 = DIRECTION('',(1.224646799147E-16,0.,-1.));
#9299 = DIRECTION('',(-1.,0.,-1.224646799147E-16));
#9300 = ADVANCED_FACE('',(#9301),#9320,.F.);
#9301 = FACE_BOUND('',#9302,.F.);
#9302 = EDGE_LOOP('',(#9303,#9311,#9318,#9319));
#9303 = ORIENTED_EDGE('',*,*,#9304,.T.);
#9304 = EDGE_CURVE('',#4016,#9305,#9307,.T.);
#9305 = VERTEX_POINT('',#9306);
#9306 = CARTESIAN_POINT('',(39.00071920828,102.23893314817,
    3.000000000001));
#9307 = LINE('',#9308,#9309);
#9308 = CARTESIAN_POINT('',(39.00071920828,102.23893314817,
    3.000000000001));
#9309 = VECTOR('',#9310,1.);
#9310 = DIRECTION('',(-1.224646799147E-16,0.,1.));
#9311 = ORIENTED_EDGE('',*,*,#9312,.F.);
#9312 = EDGE_CURVE('',#9305,#9305,#9313,.T.);
#9313 = CIRCLE('',#9314,1.5);
#9314 = AXIS2_PLACEMENT_3D('',#9315,#9316,#9317);
#9315 = CARTESIAN_POINT('',(37.50071920828,102.23893314817,
    3.000000000001));
#9316 = DIRECTION('',(-1.224646799147E-16,0.,1.));
#9317 = DIRECTION('',(-1.,0.,-1.224646799147E-16));
#9318 = ORIENTED_EDGE('',*,*,#9304,.F.);
#9319 = ORIENTED_EDGE('',*,*,#4015,.T.);
#9320 = CYLINDRICAL_SURFACE('',#9321,1.5);
#9321 = AXIS2_PLACEMENT_3D('',#9322,#9323,#9324);
#9322 = CARTESIAN_POINT('',(37.50071920828,102.23893314817,
    3.000000000001));
#9323 = DIRECTION('',(1.224646799147E-16,0.,-1.));
#9324 = DIRECTION('',(-1.,0.,-1.224646799147E-16));
#9325 = ADVANCED_FACE('',(#9326),#9345,.F.);
#9326 = FACE_BOUND('',#9327,.F.);
#9327 = EDGE_LOOP('',(#9328,#9336,#9343,#9344));
#9328 = ORIENTED_EDGE('',*,*,#9329,.T.);
#9329 = EDGE_CURVE('',#4027,#9330,#9332,.T.);
#9330 = VERTEX_POINT('',#9331);
#9331 = CARTESIAN_POINT('',(9.863807720945,142.17989815417,
    3.000000000001));
#9332 = LINE('',#9333,#9334);
#9333 = CARTESIAN_POINT('',(9.863807720945,142.17989815417,
    3.000000000001));
#9334 = VECTOR('',#9335,1.);
#9335 = DIRECTION('',(-1.224646799147E-16,0.,1.));
#9336 = ORIENTED_EDGE('',*,*,#9337,.F.);
#9337 = EDGE_CURVE('',#9330,#9330,#9338,.T.);
#9338 = CIRCLE('',#9339,2.15);
#9339 = AXIS2_PLACEMENT_3D('',#9340,#9341,#9342);
#9340 = CARTESIAN_POINT('',(7.713807720945,142.17989815417,
    3.000000000001));
#9341 = DIRECTION('',(-1.224646799147E-16,0.,1.));
#9342 = DIRECTION('',(-1.,0.,-1.224646799147E-16));
#9343 = ORIENTED_EDGE('',*,*,#9329,.F.);
#9344 = ORIENTED_EDGE('',*,*,#4026,.T.);
#9345 = CYLINDRICAL_SURFACE('',#9346,2.15);
#9346 = AXIS2_PLACEMENT_3D('',#9347,#9348,#9349);
#9347 = CARTESIAN_POINT('',(7.713807720945,142.17989815417,
    3.000000000001));
#9348 = DIRECTION('',(1.224646799147E-16,0.,-1.));
#9349 = DIRECTION('',(-1.,0.,-1.224646799147E-16));
#9350 = ADVANCED_FACE('',(#9351),#9370,.F.);
#9351 = FACE_BOUND('',#9352,.F.);
#9352 = EDGE_LOOP('',(#9353,#9361,#9368,#9369));
#9353 = ORIENTED_EDGE('',*,*,#9354,.T.);
#9354 = EDGE_CURVE('',#4038,#9355,#9357,.T.);
#9355 = VERTEX_POINT('',#9356);
#9356 = CARTESIAN_POINT('',(24.107263464613,130.67986604624,
    3.000000000001));
#9357 = LINE('',#9358,#9359);
#9358 = CARTESIAN_POINT('',(24.107263464613,130.67986604624,
    3.000000000001));
#9359 = VECTOR('',#9360,1.);
#9360 = DIRECTION('',(-1.224646799147E-16,0.,1.));
#9361 = ORIENTED_EDGE('',*,*,#9362,.F.);
#9362 = EDGE_CURVE('',#9355,#9355,#9363,.T.);
#9363 = CIRCLE('',#9364,1.5);
#9364 = AXIS2_PLACEMENT_3D('',#9365,#9366,#9367);
#9365 = CARTESIAN_POINT('',(22.607263464613,130.67986604624,
    3.000000000001));
#9366 = DIRECTION('',(-1.224646799147E-16,0.,1.));
#9367 = DIRECTION('',(-1.,0.,-1.224646799147E-16));
#9368 = ORIENTED_EDGE('',*,*,#9354,.F.);
#9369 = ORIENTED_EDGE('',*,*,#4037,.T.);
#9370 = CYLINDRICAL_SURFACE('',#9371,1.5);
#9371 = AXIS2_PLACEMENT_3D('',#9372,#9373,#9374);
#9372 = CARTESIAN_POINT('',(22.607263464613,130.67986604624,
    3.000000000001));
#9373 = DIRECTION('',(1.224646799147E-16,0.,-1.));
#9374 = DIRECTION('',(-1.,0.,-1.224646799147E-16));
#9375 = ADVANCED_FACE('',(#9376),#9395,.F.);
#9376 = FACE_BOUND('',#9377,.F.);
#9377 = EDGE_LOOP('',(#9378,#9386,#9393,#9394));
#9378 = ORIENTED_EDGE('',*,*,#9379,.T.);
#9379 = EDGE_CURVE('',#4049,#9380,#9382,.T.);
#9380 = VERTEX_POINT('',#9381);
#9381 = CARTESIAN_POINT('',(39.00071920828,119.17983393832,
    3.000000000001));
#9382 = LINE('',#9383,#9384);
#9383 = CARTESIAN_POINT('',(39.00071920828,119.17983393832,
    3.000000000001));
#9384 = VECTOR('',#9385,1.);
#9385 = DIRECTION('',(-1.224646799147E-16,0.,1.));
#9386 = ORIENTED_EDGE('',*,*,#9387,.F.);
#9387 = EDGE_CURVE('',#9380,#9380,#9388,.T.);
#9388 = CIRCLE('',#9389,1.5);
#9389 = AXIS2_PLACEMENT_3D('',#9390,#9391,#9392);
#9390 = CARTESIAN_POINT('',(37.50071920828,119.17983393832,
    3.000000000001));
#9391 = DIRECTION('',(-1.224646799147E-16,0.,1.));
#9392 = DIRECTION('',(-1.,0.,-1.224646799147E-16));
#9393 = ORIENTED_EDGE('',*,*,#9379,.F.);
#9394 = ORIENTED_EDGE('',*,*,#4048,.T.);
#9395 = CYLINDRICAL_SURFACE('',#9396,1.5);
#9396 = AXIS2_PLACEMENT_3D('',#9397,#9398,#9399);
#9397 = CARTESIAN_POINT('',(37.50071920828,119.17983393832,
    3.000000000001));
#9398 = DIRECTION('',(1.224646799147E-16,0.,-1.));
#9399 = DIRECTION('',(-1.,0.,-1.224646799147E-16));
#9400 = ADVANCED_FACE('',(#9401),#9420,.F.);
#9401 = FACE_BOUND('',#9402,.F.);
#9402 = EDGE_LOOP('',(#9403,#9411,#9418,#9419));
#9403 = ORIENTED_EDGE('',*,*,#9404,.T.);
#9404 = EDGE_CURVE('',#4060,#9405,#9407,.T.);
#9405 = VERTEX_POINT('',#9406);
#9406 = CARTESIAN_POINT('',(35.55990918204,6.716983276509,3.000000000001
    ));
#9407 = LINE('',#9408,#9409);
#9408 = CARTESIAN_POINT('',(35.55990918204,6.716983276509,3.000000000001
    ));
#9409 = VECTOR('',#9410,1.);
#9410 = DIRECTION('',(-1.224646799147E-16,0.,1.));
#9411 = ORIENTED_EDGE('',*,*,#9412,.F.);
#9412 = EDGE_CURVE('',#9405,#9405,#9413,.T.);
#9413 = CIRCLE('',#9414,1.5);
#9414 = AXIS2_PLACEMENT_3D('',#9415,#9416,#9417);
#9415 = CARTESIAN_POINT('',(34.05990918204,6.716983276509,3.000000000001
    ));
#9416 = DIRECTION('',(-1.224646799147E-16,0.,1.));
#9417 = DIRECTION('',(-1.,0.,-1.224646799147E-16));
#9418 = ORIENTED_EDGE('',*,*,#9404,.F.);
#9419 = ORIENTED_EDGE('',*,*,#4059,.T.);
#9420 = CYLINDRICAL_SURFACE('',#9421,1.5);
#9421 = AXIS2_PLACEMENT_3D('',#9422,#9423,#9424);
#9422 = CARTESIAN_POINT('',(34.05990918204,6.716983276509,3.000000000001
    ));
#9423 = DIRECTION('',(1.224646799147E-16,0.,-1.));
#9424 = DIRECTION('',(-1.,0.,-1.224646799147E-16));
#9425 = ADVANCED_FACE('',(#9426),#9445,.F.);
#9426 = FACE_BOUND('',#9427,.F.);
#9427 = EDGE_LOOP('',(#9428,#9436,#9443,#9444));
#9428 = ORIENTED_EDGE('',*,*,#9429,.T.);
#9429 = EDGE_CURVE('',#4071,#9430,#9432,.T.);
#9430 = VERTEX_POINT('',#9431);
#9431 = CARTESIAN_POINT('',(26.244159300789,151.88568525518,
    3.000000000001));
#9432 = LINE('',#9433,#9434);
#9433 = CARTESIAN_POINT('',(26.244159300789,151.88568525518,
    3.000000000001));
#9434 = VECTOR('',#9435,1.);
#9435 = DIRECTION('',(-1.224646799147E-16,0.,1.));
#9436 = ORIENTED_EDGE('',*,*,#9437,.F.);
#9437 = EDGE_CURVE('',#9430,#9430,#9438,.T.);
#9438 = CIRCLE('',#9439,1.5);
#9439 = AXIS2_PLACEMENT_3D('',#9440,#9441,#9442);
#9440 = CARTESIAN_POINT('',(24.744159300789,151.88568525518,
    3.000000000001));
#9441 = DIRECTION('',(-1.224646799147E-16,0.,1.));
#9442 = DIRECTION('',(-1.,0.,-1.224646799147E-16));
#9443 = ORIENTED_EDGE('',*,*,#9429,.F.);
#9444 = ORIENTED_EDGE('',*,*,#4070,.T.);
#9445 = CYLINDRICAL_SURFACE('',#9446,1.5);
#9446 = AXIS2_PLACEMENT_3D('',#9447,#9448,#9449);
#9447 = CARTESIAN_POINT('',(24.744159300789,151.88568525518,
    3.000000000001));
#9448 = DIRECTION('',(1.224646799147E-16,0.,-1.));
#9449 = DIRECTION('',(-1.,0.,-1.224646799147E-16));
#9450 = ADVANCED_FACE('',(#9451),#9476,.T.);
#9451 = FACE_BOUND('',#9452,.T.);
#9452 = EDGE_LOOP('',(#9453,#9463,#9469,#9470));
#9453 = ORIENTED_EDGE('',*,*,#9454,.T.);
#9454 = EDGE_CURVE('',#9455,#9457,#9459,.T.);
#9455 = VERTEX_POINT('',#9456);
#9456 = CARTESIAN_POINT('',(46.229301160275,191.36311107354,
    3.000000000001));
#9457 = VERTEX_POINT('',#9458);
#9458 = CARTESIAN_POINT('',(42.729301160278,195.43907510699,
    3.000000000001));
#9459 = LINE('',#9460,#9461);
#9460 = CARTESIAN_POINT('',(42.729301160277,195.43907510699,
    3.000000000001));
#9461 = VECTOR('',#9462,1.);
#9462 = DIRECTION('',(-0.651468883979,0.75867535429,-7.978192835092E-17)
  );
#9463 = ORIENTED_EDGE('',*,*,#9464,.T.);
#9464 = EDGE_CURVE('',#9457,#4082,#9465,.T.);
#9465 = LINE('',#9466,#9467);
#9466 = CARTESIAN_POINT('',(42.729301160278,195.43907510699,
    3.000000000001));
#9467 = VECTOR('',#9468,1.);
#9468 = DIRECTION('',(1.224646799147E-16,0.,-1.));
#9469 = ORIENTED_EDGE('',*,*,#4177,.F.);
#9470 = ORIENTED_EDGE('',*,*,#9471,.F.);
#9471 = EDGE_CURVE('',#9455,#4169,#9472,.T.);
#9472 = LINE('',#9473,#9474);
#9473 = CARTESIAN_POINT('',(46.229301160275,191.36311107354,
    3.000000000001));
#9474 = VECTOR('',#9475,1.);
#9475 = DIRECTION('',(1.224646799147E-16,0.,-1.));
#9476 = PLANE('',#9477);
#9477 = AXIS2_PLACEMENT_3D('',#9478,#9479,#9480);
#9478 = CARTESIAN_POINT('',(46.229301160275,191.36311107354,
    3.000000000001));
#9479 = DIRECTION('',(-0.75867535429,-0.651468883979,-9.291093442231E-17
    ));
#9480 = DIRECTION('',(-0.651468883979,0.75867535429,-7.978192835092E-17)
  );
#9481 = ADVANCED_FACE('',(#9482),#9501,.F.);
#9482 = FACE_BOUND('',#9483,.F.);
#9483 = EDGE_LOOP('',(#9484,#9492,#9493,#9494));
#9484 = ORIENTED_EDGE('',*,*,#9485,.T.);
#9485 = EDGE_CURVE('',#9486,#4161,#9488,.T.);
#9486 = VERTEX_POINT('',#9487);
#9487 = CARTESIAN_POINT('',(46.470625805984,190.71164218956,
    3.000000000001));
#9488 = LINE('',#9489,#9490);
#9489 = CARTESIAN_POINT('',(46.470625805984,190.71164218956,
    3.000000000001));
#9490 = VECTOR('',#9491,1.);
#9491 = DIRECTION('',(1.224646799147E-16,0.,-1.));
#9492 = ORIENTED_EDGE('',*,*,#4168,.T.);
#9493 = ORIENTED_EDGE('',*,*,#9471,.F.);
#9494 = ORIENTED_EDGE('',*,*,#9495,.F.);
#9495 = EDGE_CURVE('',#9486,#9455,#9496,.T.);
#9496 = CIRCLE('',#9497,1.000000000001);
#9497 = AXIS2_PLACEMENT_3D('',#9498,#9499,#9500);
#9498 = CARTESIAN_POINT('',(45.470625805984,190.71164218956,
    3.000000000001));
#9499 = DIRECTION('',(-1.224646799147E-16,0.,1.));
#9500 = DIRECTION('',(0.75867535429,0.651468883979,9.291093442234E-17));
#9501 = CYLINDRICAL_SURFACE('',#9502,1.000000000001);
#9502 = AXIS2_PLACEMENT_3D('',#9503,#9504,#9505);
#9503 = CARTESIAN_POINT('',(45.470625805984,190.71164218956,
    3.000000000001));
#9504 = DIRECTION('',(1.224646799147E-16,0.,-1.));
#9505 = DIRECTION('',(0.75867535429,0.651468883979,9.291093442234E-17));
#9506 = ADVANCED_FACE('',(#9507),#9525,.T.);
#9507 = FACE_BOUND('',#9508,.T.);
#9508 = EDGE_LOOP('',(#9509,#9517,#9518,#9519));
#9509 = ORIENTED_EDGE('',*,*,#9510,.T.);
#9510 = EDGE_CURVE('',#9511,#9486,#9513,.T.);
#9511 = VERTEX_POINT('',#9512);
#9512 = CARTESIAN_POINT('',(46.470625805973,181.7208385258,
    3.000000000001));
#9513 = LINE('',#9514,#9515);
#9514 = CARTESIAN_POINT('',(46.470625805984,190.71164218956,
    3.000000000001));
#9515 = VECTOR('',#9516,1.);
#9516 = DIRECTION('',(1.216628986596E-12,1.,1.489940794184E-28));
#9517 = ORIENTED_EDGE('',*,*,#9485,.T.);
#9518 = ORIENTED_EDGE('',*,*,#4160,.F.);
#9519 = ORIENTED_EDGE('',*,*,#9520,.F.);
#9520 = EDGE_CURVE('',#9511,#4152,#9521,.T.);
#9521 = LINE('',#9522,#9523);
#9522 = CARTESIAN_POINT('',(46.470625805973,181.7208385258,
    3.000000000001));
#9523 = VECTOR('',#9524,1.);
#9524 = DIRECTION('',(1.224646799147E-16,0.,-1.));
#9525 = PLANE('',#9526);
#9526 = AXIS2_PLACEMENT_3D('',#9527,#9528,#9529);
#9527 = CARTESIAN_POINT('',(46.470625805973,181.7208385258,
    3.000000000001));
#9528 = DIRECTION('',(-1.,1.216628986596E-12,-1.224646799147E-16));
#9529 = DIRECTION('',(1.216628986596E-12,1.,1.489940794184E-28));
#9530 = ADVANCED_FACE('',(#9531),#9550,.F.);
#9531 = FACE_BOUND('',#9532,.F.);
#9532 = EDGE_LOOP('',(#9533,#9541,#9542,#9543));
#9533 = ORIENTED_EDGE('',*,*,#9534,.T.);
#9534 = EDGE_CURVE('',#9535,#4144,#9537,.T.);
#9535 = VERTEX_POINT('',#9536);
#9536 = CARTESIAN_POINT('',(46.229301160262,181.06936964182,
    3.000000000001));
#9537 = LINE('',#9538,#9539);
#9538 = CARTESIAN_POINT('',(46.229301160262,181.06936964182,
    3.000000000001));
#9539 = VECTOR('',#9540,1.);
#9540 = DIRECTION('',(1.224646799147E-16,0.,-1.));
#9541 = ORIENTED_EDGE('',*,*,#4151,.T.);
#9542 = ORIENTED_EDGE('',*,*,#9520,.F.);
#9543 = ORIENTED_EDGE('',*,*,#9544,.F.);
#9544 = EDGE_CURVE('',#9535,#9511,#9545,.T.);
#9545 = CIRCLE('',#9546,1.);
#9546 = AXIS2_PLACEMENT_3D('',#9547,#9548,#9549);
#9547 = CARTESIAN_POINT('',(45.470625805973,181.7208385258,
    3.000000000001));
#9548 = DIRECTION('',(-1.224646799147E-16,0.,1.));
#9549 = DIRECTION('',(1.,-7.105427357601E-13,1.224646799147E-16));
#9550 = CYLINDRICAL_SURFACE('',#9551,1.);
#9551 = AXIS2_PLACEMENT_3D('',#9552,#9553,#9554);
#9552 = CARTESIAN_POINT('',(45.470625805973,181.7208385258,
    3.000000000001));
#9553 = DIRECTION('',(1.224646799147E-16,0.,-1.));
#9554 = DIRECTION('',(1.,-7.105427357601E-13,1.224646799147E-16));
#9555 = ADVANCED_FACE('',(#9556),#9574,.T.);
#9556 = FACE_BOUND('',#9557,.T.);
#9557 = EDGE_LOOP('',(#9558,#9566,#9567,#9568));
#9558 = ORIENTED_EDGE('',*,*,#9559,.T.);
#9559 = EDGE_CURVE('',#9560,#9535,#9562,.T.);
#9560 = VERTEX_POINT('',#9561);
#9561 = CARTESIAN_POINT('',(39.890861015664,173.68786848253,
    3.000000000001));
#9562 = LINE('',#9563,#9564);
#9563 = CARTESIAN_POINT('',(46.229301160262,181.06936964182,
    3.000000000001));
#9564 = VECTOR('',#9565,1.);
#9565 = DIRECTION('',(0.65146888398,0.758675354289,7.978192835107E-17));
#9566 = ORIENTED_EDGE('',*,*,#9534,.T.);
#9567 = ORIENTED_EDGE('',*,*,#4143,.F.);
#9568 = ORIENTED_EDGE('',*,*,#9569,.F.);
#9569 = EDGE_CURVE('',#9560,#4135,#9570,.T.);
#9570 = LINE('',#9571,#9572);
#9571 = CARTESIAN_POINT('',(39.890861015664,173.68786848253,
    3.000000000001));
#9572 = VECTOR('',#9573,1.);
#9573 = DIRECTION('',(1.224646799147E-16,0.,-1.));
#9574 = PLANE('',#9575);
#9575 = AXIS2_PLACEMENT_3D('',#9576,#9577,#9578);
#9576 = CARTESIAN_POINT('',(39.890861015664,173.68786848253,
    3.000000000001));
#9577 = DIRECTION('',(-0.758675354289,0.65146888398,-9.291093442218E-17)
  );
#9578 = DIRECTION('',(0.65146888398,0.758675354289,7.978192835107E-17));
#9579 = ADVANCED_FACE('',(#9580),#9599,.F.);
#9580 = FACE_BOUND('',#9581,.F.);
#9581 = EDGE_LOOP('',(#9582,#9590,#9591,#9592));
#9582 = ORIENTED_EDGE('',*,*,#9583,.T.);
#9583 = EDGE_CURVE('',#9584,#4127,#9586,.T.);
#9584 = VERTEX_POINT('',#9585);
#9585 = CARTESIAN_POINT('',(38.132185661375,174.33933736651,
    3.000000000001));
#9586 = LINE('',#9587,#9588);
#9587 = CARTESIAN_POINT('',(38.132185661375,174.33933736651,
    3.000000000001));
#9588 = VECTOR('',#9589,1.);
#9589 = DIRECTION('',(1.224646799147E-16,0.,-1.));
#9590 = ORIENTED_EDGE('',*,*,#4134,.T.);
#9591 = ORIENTED_EDGE('',*,*,#9569,.F.);
#9592 = ORIENTED_EDGE('',*,*,#9593,.F.);
#9593 = EDGE_CURVE('',#9584,#9560,#9594,.T.);
#9594 = CIRCLE('',#9595,1.);
#9595 = AXIS2_PLACEMENT_3D('',#9596,#9597,#9598);
#9596 = CARTESIAN_POINT('',(39.132185661375,174.33933736651,
    3.000000000001));
#9597 = DIRECTION('',(-1.224646799147E-16,0.,1.));
#9598 = DIRECTION('',(0.758675354289,-0.65146888398,9.29109344222E-17));
#9599 = CYLINDRICAL_SURFACE('',#9600,1.);
#9600 = AXIS2_PLACEMENT_3D('',#9601,#9602,#9603);
#9601 = CARTESIAN_POINT('',(39.132185661375,174.33933736651,
    3.000000000001));
#9602 = DIRECTION('',(1.224646799147E-16,0.,-1.));
#9603 = DIRECTION('',(0.758675354289,-0.65146888398,9.29109344222E-17));
#9604 = ADVANCED_FACE('',(#9605),#9623,.T.);
#9605 = FACE_BOUND('',#9606,.T.);
#9606 = EDGE_LOOP('',(#9607,#9615,#9616,#9617));
#9607 = ORIENTED_EDGE('',*,*,#9608,.T.);
#9608 = EDGE_CURVE('',#9609,#9584,#9611,.T.);
#9609 = VERTEX_POINT('',#9610);
#9610 = CARTESIAN_POINT('',(38.132185661386,183.34396609373,
    3.000000000001));
#9611 = LINE('',#9612,#9613);
#9612 = CARTESIAN_POINT('',(38.132185661386,183.34396609373,
    3.000000000001));
#9613 = VECTOR('',#9614,1.);
#9614 = DIRECTION('',(-1.212233519981E-12,-1.,-1.484557900064E-28));
#9615 = ORIENTED_EDGE('',*,*,#9583,.T.);
#9616 = ORIENTED_EDGE('',*,*,#4126,.F.);
#9617 = ORIENTED_EDGE('',*,*,#9618,.F.);
#9618 = EDGE_CURVE('',#9609,#4118,#9619,.T.);
#9619 = LINE('',#9620,#9621);
#9620 = CARTESIAN_POINT('',(38.132185661386,183.34396609373,
    3.000000000001));
#9621 = VECTOR('',#9622,1.);
#9622 = DIRECTION('',(1.224646799147E-16,0.,-1.));
#9623 = PLANE('',#9624);
#9624 = AXIS2_PLACEMENT_3D('',#9625,#9626,#9627);
#9625 = CARTESIAN_POINT('',(38.132185661386,183.34396609373,
    3.000000000001));
#9626 = DIRECTION('',(1.,-1.212233519981E-12,1.224646799147E-16));
#9627 = DIRECTION('',(-1.212233519981E-12,-1.,-1.484557900064E-28));
#9628 = ADVANCED_FACE('',(#9629),#9648,.F.);
#9629 = FACE_BOUND('',#9630,.F.);
#9630 = EDGE_LOOP('',(#9631,#9639,#9640,#9641));
#9631 = ORIENTED_EDGE('',*,*,#9632,.T.);
#9632 = EDGE_CURVE('',#9633,#4110,#9635,.T.);
#9633 = VERTEX_POINT('',#9634);
#9634 = CARTESIAN_POINT('',(38.373510307097,183.9954349777,
    3.000000000001));
#9635 = LINE('',#9636,#9637);
#9636 = CARTESIAN_POINT('',(38.373510307097,183.9954349777,
    3.000000000001));
#9637 = VECTOR('',#9638,1.);
#9638 = DIRECTION('',(1.224646799147E-16,0.,-1.));
#9639 = ORIENTED_EDGE('',*,*,#4117,.T.);
#9640 = ORIENTED_EDGE('',*,*,#9618,.F.);
#9641 = ORIENTED_EDGE('',*,*,#9642,.F.);
#9642 = EDGE_CURVE('',#9633,#9609,#9643,.T.);
#9643 = CIRCLE('',#9644,1.);
#9644 = AXIS2_PLACEMENT_3D('',#9645,#9646,#9647);
#9645 = CARTESIAN_POINT('',(39.132185661386,183.34396609372,
    3.000000000001));
#9646 = DIRECTION('',(-1.224646799147E-16,0.,1.));
#9647 = DIRECTION('',(-1.,6.306066779871E-13,-1.224646799147E-16));
#9648 = CYLINDRICAL_SURFACE('',#9649,1.);
#9649 = AXIS2_PLACEMENT_3D('',#9650,#9651,#9652);
#9650 = CARTESIAN_POINT('',(39.132185661386,183.34396609372,
    3.000000000001));
#9651 = DIRECTION('',(1.224646799147E-16,0.,-1.));
#9652 = DIRECTION('',(-1.,6.306066779871E-13,-1.224646799147E-16));
#9653 = ADVANCED_FACE('',(#9654),#9672,.T.);
#9654 = FACE_BOUND('',#9655,.T.);
#9655 = EDGE_LOOP('',(#9656,#9664,#9665,#9666));
#9656 = ORIENTED_EDGE('',*,*,#9657,.T.);
#9657 = EDGE_CURVE('',#9658,#9633,#9660,.T.);
#9658 = VERTEX_POINT('',#9659);
#9659 = CARTESIAN_POINT('',(40.729301160273,186.73889748852,
    3.000000000001));
#9660 = LINE('',#9661,#9662);
#9661 = CARTESIAN_POINT('',(38.373510307097,183.9954349777,
    3.000000000001));
#9662 = VECTOR('',#9663,1.);
#9663 = DIRECTION('',(-0.651468883981,-0.758675354288,
    -7.978192835114E-17));
#9664 = ORIENTED_EDGE('',*,*,#9632,.T.);
#9665 = ORIENTED_EDGE('',*,*,#4109,.F.);
#9666 = ORIENTED_EDGE('',*,*,#9667,.F.);
#9667 = EDGE_CURVE('',#9658,#4101,#9668,.T.);
#9668 = LINE('',#9669,#9670);
#9669 = CARTESIAN_POINT('',(40.729301160273,186.73889748852,
    3.000000000001));
#9670 = VECTOR('',#9671,1.);
#9671 = DIRECTION('',(1.224646799147E-16,0.,-1.));
#9672 = PLANE('',#9673);
#9673 = AXIS2_PLACEMENT_3D('',#9674,#9675,#9676);
#9674 = CARTESIAN_POINT('',(40.729301160273,186.73889748852,
    3.000000000001));
#9675 = DIRECTION('',(0.758675354288,-0.651468883981,9.291093442212E-17)
  );
#9676 = DIRECTION('',(-0.651468883981,-0.758675354288,
    -7.978192835114E-17));
#9677 = ADVANCED_FACE('',(#9678),#9697,.T.);
#9678 = FACE_BOUND('',#9679,.T.);
#9679 = EDGE_LOOP('',(#9680,#9689,#9690,#9691));
#9680 = ORIENTED_EDGE('',*,*,#9681,.T.);
#9681 = EDGE_CURVE('',#9682,#9658,#9684,.T.);
#9682 = VERTEX_POINT('',#9683);
#9683 = CARTESIAN_POINT('',(40.970625805984,187.3903663725,
    3.000000000001));
#9684 = CIRCLE('',#9685,1.);
#9685 = AXIS2_PLACEMENT_3D('',#9686,#9687,#9688);
#9686 = CARTESIAN_POINT('',(39.970625805984,187.3903663725,
    3.000000000001));
#9687 = DIRECTION('',(1.224646799147E-16,0.,-1.));
#9688 = DIRECTION('',(1.,-5.595524044111E-13,1.224646799147E-16));
#9689 = ORIENTED_EDGE('',*,*,#9667,.T.);
#9690 = ORIENTED_EDGE('',*,*,#4100,.F.);
#9691 = ORIENTED_EDGE('',*,*,#9692,.F.);
#9692 = EDGE_CURVE('',#9682,#4093,#9693,.T.);
#9693 = LINE('',#9694,#9695);
#9694 = CARTESIAN_POINT('',(40.970625805984,187.3903663725,
    3.000000000001));
#9695 = VECTOR('',#9696,1.);
#9696 = DIRECTION('',(1.224646799147E-16,0.,-1.));
#9697 = CYLINDRICAL_SURFACE('',#9698,1.);
#9698 = AXIS2_PLACEMENT_3D('',#9699,#9700,#9701);
#9699 = CARTESIAN_POINT('',(39.970625805984,187.3903663725,
    3.000000000001));
#9700 = DIRECTION('',(1.224646799147E-16,0.,-1.));
#9701 = DIRECTION('',(1.,-5.595524044111E-13,1.224646799147E-16));
#9702 = ADVANCED_FACE('',(#9703),#9721,.T.);
#9703 = FACE_BOUND('',#9704,.T.);
#9704 = EDGE_LOOP('',(#9705,#9713,#9714,#9715));
#9705 = ORIENTED_EDGE('',*,*,#9706,.T.);
#9706 = EDGE_CURVE('',#9707,#9682,#9709,.T.);
#9707 = VERTEX_POINT('',#9708);
#9708 = CARTESIAN_POINT('',(40.970625805988,194.78760622301,
    3.000000000001));
#9709 = LINE('',#9710,#9711);
#9710 = CARTESIAN_POINT('',(40.970625805984,187.3903663725,
    3.000000000001));
#9711 = VECTOR('',#9712,1.);
#9712 = DIRECTION('',(-4.918322138011E-13,-1.,-6.023207463491E-29));
#9713 = ORIENTED_EDGE('',*,*,#9692,.T.);
#9714 = ORIENTED_EDGE('',*,*,#4092,.F.);
#9715 = ORIENTED_EDGE('',*,*,#9716,.F.);
#9716 = EDGE_CURVE('',#9707,#4084,#9717,.T.);
#9717 = LINE('',#9718,#9719);
#9718 = CARTESIAN_POINT('',(40.970625805988,194.78760622301,
    3.000000000001));
#9719 = VECTOR('',#9720,1.);
#9720 = DIRECTION('',(1.224646799147E-16,0.,-1.));
#9721 = PLANE('',#9722);
#9722 = AXIS2_PLACEMENT_3D('',#9723,#9724,#9725);
#9723 = CARTESIAN_POINT('',(40.970625805988,194.78760622301,
    3.000000000001));
#9724 = DIRECTION('',(1.,-4.918322138011E-13,1.224646799147E-16));
#9725 = DIRECTION('',(-4.918322138011E-13,-1.,-6.023207463491E-29));
#9726 = ADVANCED_FACE('',(#9727),#9739,.F.);
#9727 = FACE_BOUND('',#9728,.F.);
#9728 = EDGE_LOOP('',(#9729,#9730,#9731,#9732));
#9729 = ORIENTED_EDGE('',*,*,#9464,.T.);
#9730 = ORIENTED_EDGE('',*,*,#4081,.T.);
#9731 = ORIENTED_EDGE('',*,*,#9716,.F.);
#9732 = ORIENTED_EDGE('',*,*,#9733,.F.);
#9733 = EDGE_CURVE('',#9457,#9707,#9734,.T.);
#9734 = CIRCLE('',#9735,1.);
#9735 = AXIS2_PLACEMENT_3D('',#9736,#9737,#9738);
#9736 = CARTESIAN_POINT('',(41.970625805988,194.78760622301,
    3.000000000001));
#9737 = DIRECTION('',(-1.224646799147E-16,0.,1.));
#9738 = DIRECTION('',(-1.,5.684341886081E-13,-1.224646799147E-16));
#9739 = CYLINDRICAL_SURFACE('',#9740,1.);
#9740 = AXIS2_PLACEMENT_3D('',#9741,#9742,#9743);
#9741 = CARTESIAN_POINT('',(41.970625805988,194.78760622301,
    3.000000000001));
#9742 = DIRECTION('',(1.224646799147E-16,0.,-1.));
#9743 = DIRECTION('',(-1.,5.684341886081E-13,-1.224646799147E-16));
#9744 = ADVANCED_FACE('',(#9745),#9770,.T.);
#9745 = FACE_BOUND('',#9746,.T.);
#9746 = EDGE_LOOP('',(#9747,#9757,#9763,#9764));
#9747 = ORIENTED_EDGE('',*,*,#9748,.T.);
#9748 = EDGE_CURVE('',#9749,#9751,#9753,.T.);
#9749 = VERTEX_POINT('',#9750);
#9750 = CARTESIAN_POINT('',(38.59062580513,203.7316721758,3.000000000001
    ));
#9751 = VERTEX_POINT('',#9752);
#9752 = CARTESIAN_POINT('',(38.59062580608,206.63165528519,
    3.000000000001));
#9753 = LINE('',#9754,#9755);
#9754 = CARTESIAN_POINT('',(38.590625806076,203.7316721758,
    3.000000000001));
#9755 = VECTOR('',#9756,1.);
#9756 = DIRECTION('',(1.25494216257E-12,1.,1.536860902507E-28));
#9757 = ORIENTED_EDGE('',*,*,#9758,.T.);
#9758 = EDGE_CURVE('',#9751,#4186,#9759,.T.);
#9759 = LINE('',#9760,#9761);
#9760 = CARTESIAN_POINT('',(38.59062580608,206.63165528519,
    3.000000000001));
#9761 = VECTOR('',#9762,1.);
#9762 = DIRECTION('',(1.224646799147E-16,0.,-1.));
#9763 = ORIENTED_EDGE('',*,*,#4247,.F.);
#9764 = ORIENTED_EDGE('',*,*,#9765,.F.);
#9765 = EDGE_CURVE('',#9749,#4239,#9766,.T.);
#9766 = LINE('',#9767,#9768);
#9767 = CARTESIAN_POINT('',(38.59062580513,203.7316721758,3.000000000001
    ));
#9768 = VECTOR('',#9769,1.);
#9769 = DIRECTION('',(1.224646799147E-16,0.,-1.));
#9770 = PLANE('',#9771);
#9771 = AXIS2_PLACEMENT_3D('',#9772,#9773,#9774);
#9772 = CARTESIAN_POINT('',(38.590625806076,203.7316721758,
    3.000000000001));
#9773 = DIRECTION('',(-1.,1.25494216257E-12,-1.224646799147E-16));
#9774 = DIRECTION('',(1.25494216257E-12,1.,1.536860902507E-28));
#9775 = ADVANCED_FACE('',(#9776),#9795,.F.);
#9776 = FACE_BOUND('',#9777,.F.);
#9777 = EDGE_LOOP('',(#9778,#9786,#9787,#9788));
#9778 = ORIENTED_EDGE('',*,*,#9779,.T.);
#9779 = EDGE_CURVE('',#9780,#4231,#9782,.T.);
#9780 = VERTEX_POINT('',#9781);
#9781 = CARTESIAN_POINT('',(38.590625842827,202.1316721758,
    3.000000000001));
#9782 = LINE('',#9783,#9784);
#9783 = CARTESIAN_POINT('',(38.590625842827,202.1316721758,
    3.000000000001));
#9784 = VECTOR('',#9785,1.);
#9785 = DIRECTION('',(1.224646799147E-16,0.,-1.));
#9786 = ORIENTED_EDGE('',*,*,#4238,.T.);
#9787 = ORIENTED_EDGE('',*,*,#9765,.F.);
#9788 = ORIENTED_EDGE('',*,*,#9789,.F.);
#9789 = EDGE_CURVE('',#9780,#9749,#9790,.T.);
#9790 = CIRCLE('',#9791,0.8);
#9791 = AXIS2_PLACEMENT_3D('',#9792,#9793,#9794);
#9792 = CARTESIAN_POINT('',(38.590625842827,202.9316721758,
    3.000000000001));
#9793 = DIRECTION('',(-1.224646799147E-16,0.,1.));
#9794 = DIRECTION('',(1.387778780782E-15,-1.,1.699538841809E-31));
#9795 = CYLINDRICAL_SURFACE('',#9796,0.8);
#9796 = AXIS2_PLACEMENT_3D('',#9797,#9798,#9799);
#9797 = CARTESIAN_POINT('',(38.590625842827,202.9316721758,
    3.000000000001));
#9798 = DIRECTION('',(1.224646799147E-16,0.,-1.));
#9799 = DIRECTION('',(1.,2.356080909867E-08,1.224646799147E-16));
#9800 = ADVANCED_FACE('',(#9801),#9819,.T.);
#9801 = FACE_BOUND('',#9802,.T.);
#9802 = EDGE_LOOP('',(#9803,#9811,#9812,#9813));
#9803 = ORIENTED_EDGE('',*,*,#9804,.T.);
#9804 = EDGE_CURVE('',#9805,#9780,#9807,.T.);
#9805 = VERTEX_POINT('',#9806);
#9806 = CARTESIAN_POINT('',(35.470625806077,202.1316721758,
    3.000000000001));
#9807 = LINE('',#9808,#9809);
#9808 = CARTESIAN_POINT('',(35.470625806077,202.1316721758,
    3.000000000001));
#9809 = VECTOR('',#9810,1.);
#9810 = DIRECTION('',(1.,9.109522146035E-14,1.224646799147E-16));
#9811 = ORIENTED_EDGE('',*,*,#9779,.T.);
#9812 = ORIENTED_EDGE('',*,*,#4230,.F.);
#9813 = ORIENTED_EDGE('',*,*,#9814,.F.);
#9814 = EDGE_CURVE('',#9805,#4222,#9815,.T.);
#9815 = LINE('',#9816,#9817);
#9816 = CARTESIAN_POINT('',(35.470625806077,202.1316721758,
    3.000000000001));
#9817 = VECTOR('',#9818,1.);
#9818 = DIRECTION('',(1.224646799147E-16,0.,-1.));
#9819 = PLANE('',#9820);
#9820 = AXIS2_PLACEMENT_3D('',#9821,#9822,#9823);
#9821 = CARTESIAN_POINT('',(35.470625806077,202.1316721758,
    3.000000000001));
#9822 = DIRECTION('',(-9.109522146035E-14,1.,-1.11559471379E-29));
#9823 = DIRECTION('',(1.,9.109522146035E-14,1.224646799147E-16));
#9824 = ADVANCED_FACE('',(#9825),#9844,.F.);
#9825 = FACE_BOUND('',#9826,.F.);
#9826 = EDGE_LOOP('',(#9827,#9835,#9836,#9837));
#9827 = ORIENTED_EDGE('',*,*,#9828,.T.);
#9828 = EDGE_CURVE('',#9829,#4214,#9831,.T.);
#9829 = VERTEX_POINT('',#9830);
#9830 = CARTESIAN_POINT('',(35.470625806077,203.7316721758,
    3.000000000001));
#9831 = LINE('',#9832,#9833);
#9832 = CARTESIAN_POINT('',(35.470625806077,203.7316721758,
    3.000000000001));
#9833 = VECTOR('',#9834,1.);
#9834 = DIRECTION('',(1.224646799147E-16,0.,-1.));
#9835 = ORIENTED_EDGE('',*,*,#4221,.T.);
#9836 = ORIENTED_EDGE('',*,*,#9814,.F.);
#9837 = ORIENTED_EDGE('',*,*,#9838,.F.);
#9838 = EDGE_CURVE('',#9829,#9805,#9839,.T.);
#9839 = CIRCLE('',#9840,0.8);
#9840 = AXIS2_PLACEMENT_3D('',#9841,#9842,#9843);
#9841 = CARTESIAN_POINT('',(35.470625806077,202.9316721758,
    3.000000000001));
#9842 = DIRECTION('',(-1.224646799147E-16,0.,1.));
#9843 = DIRECTION('',(0.,1.,0.));
#9844 = CYLINDRICAL_SURFACE('',#9845,0.8);
#9845 = AXIS2_PLACEMENT_3D('',#9846,#9847,#9848);
#9846 = CARTESIAN_POINT('',(35.470625806077,202.9316721758,
    3.000000000001));
#9847 = DIRECTION('',(1.224646799147E-16,0.,-1.));
#9848 = DIRECTION('',(0.,1.,0.));
#9849 = ADVANCED_FACE('',(#9850),#9868,.T.);
#9850 = FACE_BOUND('',#9851,.T.);
#9851 = EDGE_LOOP('',(#9852,#9860,#9861,#9862));
#9852 = ORIENTED_EDGE('',*,*,#9853,.T.);
#9853 = EDGE_CURVE('',#9854,#9829,#9856,.T.);
#9854 = VERTEX_POINT('',#9855);
#9855 = CARTESIAN_POINT('',(35.470625806077,206.63165528519,
    3.000000000001));
#9856 = LINE('',#9857,#9858);
#9857 = CARTESIAN_POINT('',(35.470625806077,206.63165528519,
    3.000000000001));
#9858 = VECTOR('',#9859,1.);
#9859 = DIRECTION('',(9.953781643328E-15,-1.,1.218986682891E-30));
#9860 = ORIENTED_EDGE('',*,*,#9828,.T.);
#9861 = ORIENTED_EDGE('',*,*,#4213,.F.);
#9862 = ORIENTED_EDGE('',*,*,#9863,.F.);
#9863 = EDGE_CURVE('',#9854,#4205,#9864,.T.);
#9864 = LINE('',#9865,#9866);
#9865 = CARTESIAN_POINT('',(35.470625806077,206.63165528519,
    3.000000000001));
#9866 = VECTOR('',#9867,1.);
#9867 = DIRECTION('',(1.224646799147E-16,0.,-1.));
#9868 = PLANE('',#9869);
#9869 = AXIS2_PLACEMENT_3D('',#9870,#9871,#9872);
#9870 = CARTESIAN_POINT('',(35.470625806077,206.63165528519,
    3.000000000001));
#9871 = DIRECTION('',(1.,9.953781643328E-15,1.224646799147E-16));
#9872 = DIRECTION('',(9.953781643328E-15,-1.,1.218986682891E-30));
#9873 = ADVANCED_FACE('',(#9874),#9893,.F.);
#9874 = FACE_BOUND('',#9875,.F.);
#9875 = EDGE_LOOP('',(#9876,#9884,#9885,#9886));
#9876 = ORIENTED_EDGE('',*,*,#9877,.T.);
#9877 = EDGE_CURVE('',#9878,#4197,#9880,.T.);
#9878 = VERTEX_POINT('',#9879);
#9879 = CARTESIAN_POINT('',(35.470625806075,208.23165528519,
    3.000000000001));
#9880 = LINE('',#9881,#9882);
#9881 = CARTESIAN_POINT('',(35.470625806075,208.23165528519,
    3.000000000001));
#9882 = VECTOR('',#9883,1.);
#9883 = DIRECTION('',(1.224646799147E-16,0.,-1.));
#9884 = ORIENTED_EDGE('',*,*,#4204,.T.);
#9885 = ORIENTED_EDGE('',*,*,#9863,.F.);
#9886 = ORIENTED_EDGE('',*,*,#9887,.F.);
#9887 = EDGE_CURVE('',#9878,#9854,#9888,.T.);
#9888 = CIRCLE('',#9889,0.8);
#9889 = AXIS2_PLACEMENT_3D('',#9890,#9891,#9892);
#9890 = CARTESIAN_POINT('',(35.470625806076,207.43165528519,
    3.000000000001));
#9891 = DIRECTION('',(-1.224646799147E-16,0.,1.));
#9892 = DIRECTION('',(-1.112998582187E-12,1.,-1.363030151131E-28));
#9893 = CYLINDRICAL_SURFACE('',#9894,0.8);
#9894 = AXIS2_PLACEMENT_3D('',#9895,#9896,#9897);
#9895 = CARTESIAN_POINT('',(35.470625806076,207.43165528519,
    3.000000000001));
#9896 = DIRECTION('',(1.224646799147E-16,0.,-1.));
#9897 = DIRECTION('',(-1.112998582187E-12,1.,-1.363030151131E-28));
#9898 = ADVANCED_FACE('',(#9899),#9917,.T.);
#9899 = FACE_BOUND('',#9900,.T.);
#9900 = EDGE_LOOP('',(#9901,#9909,#9910,#9911));
#9901 = ORIENTED_EDGE('',*,*,#9902,.T.);
#9902 = EDGE_CURVE('',#9903,#9878,#9905,.T.);
#9903 = VERTEX_POINT('',#9904);
#9904 = CARTESIAN_POINT('',(38.590625842825,208.23165528519,
    3.000000000001));
#9905 = LINE('',#9906,#9907);
#9906 = CARTESIAN_POINT('',(38.590625842825,208.23165528519,
    3.000000000001));
#9907 = VECTOR('',#9908,1.);
#9908 = DIRECTION('',(-1.,-7.970831877781E-14,-1.224646799147E-16));
#9909 = ORIENTED_EDGE('',*,*,#9877,.T.);
#9910 = ORIENTED_EDGE('',*,*,#4196,.F.);
#9911 = ORIENTED_EDGE('',*,*,#9912,.F.);
#9912 = EDGE_CURVE('',#9903,#4188,#9913,.T.);
#9913 = LINE('',#9914,#9915);
#9914 = CARTESIAN_POINT('',(38.590625842825,208.23165528519,
    3.000000000001));
#9915 = VECTOR('',#9916,1.);
#9916 = DIRECTION('',(1.224646799147E-16,0.,-1.));
#9917 = PLANE('',#9918);
#9918 = AXIS2_PLACEMENT_3D('',#9919,#9920,#9921);
#9919 = CARTESIAN_POINT('',(38.590625842825,208.23165528519,
    3.000000000001));
#9920 = DIRECTION('',(7.970831877781E-14,-1.,9.761453745666E-30));
#9921 = DIRECTION('',(-1.,-7.970831877781E-14,-1.224646799147E-16));
#9922 = ADVANCED_FACE('',(#9923),#9935,.F.);
#9923 = FACE_BOUND('',#9924,.F.);
#9924 = EDGE_LOOP('',(#9925,#9926,#9927,#9928));
#9925 = ORIENTED_EDGE('',*,*,#9758,.T.);
#9926 = ORIENTED_EDGE('',*,*,#4185,.T.);
#9927 = ORIENTED_EDGE('',*,*,#9912,.F.);
#9928 = ORIENTED_EDGE('',*,*,#9929,.F.);
#9929 = EDGE_CURVE('',#9751,#9903,#9930,.T.);
#9930 = CIRCLE('',#9931,0.8);
#9931 = AXIS2_PLACEMENT_3D('',#9932,#9933,#9934);
#9932 = CARTESIAN_POINT('',(38.590625842826,207.43165528519,
    3.000000000001));
#9933 = DIRECTION('',(-1.224646799147E-16,0.,1.));
#9934 = DIRECTION('',(-4.593289498758E-08,-1.,-5.625157282211E-24));
#9935 = CYLINDRICAL_SURFACE('',#9936,0.8);
#9936 = AXIS2_PLACEMENT_3D('',#9937,#9938,#9939);
#9937 = CARTESIAN_POINT('',(38.590625842826,207.43165528519,
    3.000000000001));
#9938 = DIRECTION('',(1.224646799147E-16,0.,-1.));
#9939 = DIRECTION('',(1.,-2.296588428825E-08,1.224646799147E-16));
#9940 = ADVANCED_FACE('',(#9941),#9966,.T.);
#9941 = FACE_BOUND('',#9942,.T.);
#9942 = EDGE_LOOP('',(#9943,#9953,#9959,#9960));
#9943 = ORIENTED_EDGE('',*,*,#9944,.T.);
#9944 = EDGE_CURVE('',#9945,#9947,#9949,.T.);
#9945 = VERTEX_POINT('',#9946);
#9946 = CARTESIAN_POINT('',(41.211950451697,205.37154216839,
    3.000000000001));
#9947 = VERTEX_POINT('',#9948);
#9948 = CARTESIAN_POINT('',(47.711950451117,197.80189467837,
    3.000000000001));
#9949 = LINE('',#9950,#9951);
#9950 = CARTESIAN_POINT('',(47.711950451117,197.80189467837,
    3.000000000001));
#9951 = VECTOR('',#9952,1.);
#9952 = DIRECTION('',(0.65146888398,-0.75867535429,7.978192835097E-17));
#9953 = ORIENTED_EDGE('',*,*,#9954,.T.);
#9954 = EDGE_CURVE('',#9947,#4256,#9955,.T.);
#9955 = LINE('',#9956,#9957);
#9956 = CARTESIAN_POINT('',(47.711950451117,197.80189467837,
    3.000000000001));
#9957 = VECTOR('',#9958,1.);
#9958 = DIRECTION('',(1.224646799147E-16,0.,-1.));
#9959 = ORIENTED_EDGE('',*,*,#4368,.F.);
#9960 = ORIENTED_EDGE('',*,*,#9961,.F.);
#9961 = EDGE_CURVE('',#9945,#4360,#9962,.T.);
#9962 = LINE('',#9963,#9964);
#9963 = CARTESIAN_POINT('',(41.211950451697,205.37154216839,
    3.000000000001));
#9964 = VECTOR('',#9965,1.);
#9965 = DIRECTION('',(1.224646799147E-16,0.,-1.));
#9966 = PLANE('',#9967);
#9967 = AXIS2_PLACEMENT_3D('',#9968,#9969,#9970);
#9968 = CARTESIAN_POINT('',(41.211950451697,205.37154216839,
    3.000000000001));
#9969 = DIRECTION('',(0.75867535429,0.65146888398,9.291093442227E-17));
#9970 = DIRECTION('',(0.65146888398,-0.75867535429,7.978192835097E-17));
#9971 = ADVANCED_FACE('',(#9972),#9991,.F.);
#9972 = FACE_BOUND('',#9973,.F.);
#9973 = EDGE_LOOP('',(#9974,#9982,#9983,#9984));
#9974 = ORIENTED_EDGE('',*,*,#9975,.T.);
#9975 = EDGE_CURVE('',#9976,#4352,#9978,.T.);
#9976 = VERTEX_POINT('',#9977);
#9977 = CARTESIAN_POINT('',(40.970625805986,206.02301105237,
    3.000000000001));
#9978 = LINE('',#9979,#9980);
#9979 = CARTESIAN_POINT('',(40.970625805986,206.02301105237,
    3.000000000001));
#9980 = VECTOR('',#9981,1.);
#9981 = DIRECTION('',(1.224646799147E-16,0.,-1.));
#9982 = ORIENTED_EDGE('',*,*,#4359,.T.);
#9983 = ORIENTED_EDGE('',*,*,#9961,.F.);
#9984 = ORIENTED_EDGE('',*,*,#9985,.F.);
#9985 = EDGE_CURVE('',#9976,#9945,#9986,.T.);
#9986 = CIRCLE('',#9987,1.);
#9987 = AXIS2_PLACEMENT_3D('',#9988,#9989,#9990);
#9988 = CARTESIAN_POINT('',(41.970625805986,206.02301105237,
    3.000000000001));
#9989 = DIRECTION('',(-1.224646799147E-16,0.,1.));
#9990 = DIRECTION('',(-0.758675354289,-0.65146888398,-9.291093442219E-17
    ));
#9991 = CYLINDRICAL_SURFACE('',#9992,1.);
#9992 = AXIS2_PLACEMENT_3D('',#9993,#9994,#9995);
#9993 = CARTESIAN_POINT('',(41.970625805986,206.02301105237,
    3.000000000001));
#9994 = DIRECTION('',(1.224646799147E-16,0.,-1.));
#9995 = DIRECTION('',(-0.758675354289,-0.65146888398,-9.291093442219E-17
    ));
#9996 = ADVANCED_FACE('',(#9997),#10015,.T.);
#9997 = FACE_BOUND('',#9998,.T.);
#9998 = EDGE_LOOP('',(#9999,#10007,#10008,#10009));
#9999 = ORIENTED_EDGE('',*,*,#10000,.T.);
#10000 = EDGE_CURVE('',#10001,#9976,#10003,.T.);
#10001 = VERTEX_POINT('',#10002);
#10002 = CARTESIAN_POINT('',(40.970625805986,209.13502756985,
    3.000000000001));
#10003 = LINE('',#10004,#10005);
#10004 = CARTESIAN_POINT('',(40.970625805986,206.02301105237,
    3.000000000001));
#10005 = VECTOR('',#10006,1.);
#10006 = DIRECTION('',(0.,-1.,0.));
#10007 = ORIENTED_EDGE('',*,*,#9975,.T.);
#10008 = ORIENTED_EDGE('',*,*,#4351,.F.);
#10009 = ORIENTED_EDGE('',*,*,#10010,.F.);
#10010 = EDGE_CURVE('',#10001,#4343,#10011,.T.);
#10011 = LINE('',#10012,#10013);
#10012 = CARTESIAN_POINT('',(40.970625805986,209.13502756985,
    3.000000000001));
#10013 = VECTOR('',#10014,1.);
#10014 = DIRECTION('',(1.224646799147E-16,0.,-1.));
#10015 = PLANE('',#10016);
#10016 = AXIS2_PLACEMENT_3D('',#10017,#10018,#10019);
#10017 = CARTESIAN_POINT('',(40.970625805986,209.13502756985,
    3.000000000001));
#10018 = DIRECTION('',(1.,0.,1.224646799147E-16));
#10019 = DIRECTION('',(0.,-1.,0.));
#10020 = ADVANCED_FACE('',(#10021),#10040,.F.);
#10021 = FACE_BOUND('',#10022,.F.);
#10022 = EDGE_LOOP('',(#10023,#10031,#10032,#10033));
#10023 = ORIENTED_EDGE('',*,*,#10024,.T.);
#10024 = EDGE_CURVE('',#10025,#4335,#10027,.T.);
#10025 = VERTEX_POINT('',#10026);
#10026 = CARTESIAN_POINT('',(41.582128769466,210.05647754279,
    3.000000000001));
#10027 = LINE('',#10028,#10029);
#10028 = CARTESIAN_POINT('',(41.582128769466,210.05647754279,
    3.000000000001));
#10029 = VECTOR('',#10030,1.);
#10030 = DIRECTION('',(1.224646799147E-16,0.,-1.));
#10031 = ORIENTED_EDGE('',*,*,#4342,.T.);
#10032 = ORIENTED_EDGE('',*,*,#10010,.F.);
#10033 = ORIENTED_EDGE('',*,*,#10034,.F.);
#10034 = EDGE_CURVE('',#10025,#10001,#10035,.T.);
#10035 = CIRCLE('',#10036,1.);
#10036 = AXIS2_PLACEMENT_3D('',#10037,#10038,#10039);
#10037 = CARTESIAN_POINT('',(41.970625805986,209.13502756985,
    3.000000000001));
#10038 = DIRECTION('',(-1.224646799147E-16,0.,1.));
#10039 = DIRECTION('',(-1.,0.,-1.224646799147E-16));
#10040 = CYLINDRICAL_SURFACE('',#10041,1.);
#10041 = AXIS2_PLACEMENT_3D('',#10042,#10043,#10044);
#10042 = CARTESIAN_POINT('',(41.970625805986,209.13502756985,
    3.000000000001));
#10043 = DIRECTION('',(1.224646799147E-16,0.,-1.));
#10044 = DIRECTION('',(-1.,0.,-1.224646799147E-16));
#10045 = ADVANCED_FACE('',(#10046),#10064,.T.);
#10046 = FACE_BOUND('',#10047,.T.);
#10047 = EDGE_LOOP('',(#10048,#10056,#10057,#10058));
#10048 = ORIENTED_EDGE('',*,*,#10049,.T.);
#10049 = EDGE_CURVE('',#10050,#10025,#10052,.T.);
#10050 = VERTEX_POINT('',#10051);
#10051 = CARTESIAN_POINT('',(45.090211976469,211.53553768693,
    3.000000000001));
#10052 = LINE('',#10053,#10054);
#10053 = CARTESIAN_POINT('',(41.582128769466,210.05647754279,
    3.000000000001));
#10054 = VECTOR('',#10055,1.);
#10055 = DIRECTION('',(-0.921449972931,-0.388497036521,
    -1.128450759924E-16));
#10056 = ORIENTED_EDGE('',*,*,#10024,.T.);
#10057 = ORIENTED_EDGE('',*,*,#4334,.F.);
#10058 = ORIENTED_EDGE('',*,*,#10059,.F.);
#10059 = EDGE_CURVE('',#10050,#4326,#10060,.T.);
#10060 = LINE('',#10061,#10062);
#10061 = CARTESIAN_POINT('',(45.090211976469,211.53553768693,
    3.000000000001));
#10062 = VECTOR('',#10063,1.);
#10063 = DIRECTION('',(1.224646799147E-16,0.,-1.));
#10064 = PLANE('',#10065);
#10065 = AXIS2_PLACEMENT_3D('',#10066,#10067,#10068);
#10066 = CARTESIAN_POINT('',(45.090211976469,211.53553768693,
    3.000000000001));
#10067 = DIRECTION('',(0.388497036521,-0.921449972931,4.757716522533E-17
    ));
#10068 = DIRECTION('',(-0.921449972931,-0.388497036521,
    -1.128450759924E-16));
#10069 = ADVANCED_FACE('',(#10070),#10089,.F.);
#10070 = FACE_BOUND('',#10071,.F.);
#10071 = EDGE_LOOP('',(#10072,#10080,#10081,#10082));
#10072 = ORIENTED_EDGE('',*,*,#10073,.T.);
#10073 = EDGE_CURVE('',#10074,#4318,#10076,.T.);
#10074 = VERTEX_POINT('',#10075);
#10075 = CARTESIAN_POINT('',(45.478709012986,211.614087714,
    3.000000000001));
#10076 = LINE('',#10077,#10078);
#10077 = CARTESIAN_POINT('',(45.478709012986,211.614087714,
    3.000000000001));
#10078 = VECTOR('',#10079,1.);
#10079 = DIRECTION('',(1.224646799147E-16,0.,-1.));
#10080 = ORIENTED_EDGE('',*,*,#4325,.T.);
#10081 = ORIENTED_EDGE('',*,*,#10059,.F.);
#10082 = ORIENTED_EDGE('',*,*,#10083,.F.);
#10083 = EDGE_CURVE('',#10074,#10050,#10084,.T.);
#10084 = CIRCLE('',#10085,0.999999999998);
#10085 = AXIS2_PLACEMENT_3D('',#10086,#10087,#10088);
#10086 = CARTESIAN_POINT('',(45.478709012982,210.614087714,
    3.000000000001));
#10087 = DIRECTION('',(-1.224646799147E-16,6.162975822039E-33,1.));
#10088 = DIRECTION('',(-0.388497036514,0.921449972934,
    -4.757716522455E-17));
#10089 = CYLINDRICAL_SURFACE('',#10090,0.999999999998);
#10090 = AXIS2_PLACEMENT_3D('',#10091,#10092,#10093);
#10091 = CARTESIAN_POINT('',(45.478709012982,210.614087714,
    3.000000000001));
#10092 = DIRECTION('',(1.224646799147E-16,0.,-1.));
#10093 = DIRECTION('',(-0.388497036514,0.921449972934,
    -4.757716522455E-17));
#10094 = ADVANCED_FACE('',(#10095),#10113,.T.);
#10095 = FACE_BOUND('',#10096,.T.);
#10096 = EDGE_LOOP('',(#10097,#10105,#10106,#10107));
#10097 = ORIENTED_EDGE('',*,*,#10098,.T.);
#10098 = EDGE_CURVE('',#10099,#10074,#10101,.T.);
#10099 = VERTEX_POINT('',#10100);
#10100 = CARTESIAN_POINT('',(51.462542597851,211.61408771399,
    3.000000000001));
#10101 = LINE('',#10102,#10103);
#10102 = CARTESIAN_POINT('',(45.478709012986,211.614087714,
    3.000000000001));
#10103 = VECTOR('',#10104,1.);
#10104 = DIRECTION('',(-1.,4.126344711546E-12,-1.224646799147E-16));
#10105 = ORIENTED_EDGE('',*,*,#10073,.T.);
#10106 = ORIENTED_EDGE('',*,*,#4317,.F.);
#10107 = ORIENTED_EDGE('',*,*,#10108,.F.);
#10108 = EDGE_CURVE('',#10099,#4309,#10109,.T.);
#10109 = LINE('',#10110,#10111);
#10110 = CARTESIAN_POINT('',(51.462542597851,211.61408771399,
    3.000000000001));
#10111 = VECTOR('',#10112,1.);
#10112 = DIRECTION('',(1.224646799147E-16,0.,-1.));
#10113 = PLANE('',#10114);
#10114 = AXIS2_PLACEMENT_3D('',#10115,#10116,#10117);
#10115 = CARTESIAN_POINT('',(51.462542597851,211.61408771398,
    3.000000000001));
#10116 = DIRECTION('',(-4.126344711546E-12,-1.,-5.053314843173E-28));
#10117 = DIRECTION('',(-1.,4.126344711546E-12,-1.224646799147E-16));
#10118 = ADVANCED_FACE('',(#10119),#10138,.F.);
#10119 = FACE_BOUND('',#10120,.F.);
#10120 = EDGE_LOOP('',(#10121,#10129,#10130,#10131));
#10121 = ORIENTED_EDGE('',*,*,#10122,.T.);
#10122 = EDGE_CURVE('',#10123,#4301,#10125,.T.);
#10123 = VERTEX_POINT('',#10124);
#10124 = CARTESIAN_POINT('',(51.851039634369,211.53553768692,
    3.000000000001));
#10125 = LINE('',#10126,#10127);
#10126 = CARTESIAN_POINT('',(51.851039634369,211.53553768692,
    3.000000000001));
#10127 = VECTOR('',#10128,1.);
#10128 = DIRECTION('',(1.224646799147E-16,0.,-1.));
#10129 = ORIENTED_EDGE('',*,*,#4308,.T.);
#10130 = ORIENTED_EDGE('',*,*,#10108,.F.);
#10131 = ORIENTED_EDGE('',*,*,#10132,.F.);
#10132 = EDGE_CURVE('',#10123,#10099,#10133,.T.);
#10133 = CIRCLE('',#10134,0.999999999998);
#10134 = AXIS2_PLACEMENT_3D('',#10135,#10136,#10137);
#10135 = CARTESIAN_POINT('',(51.462542597851,210.61408771399,
    3.000000000001));
#10136 = DIRECTION('',(-1.224646799147E-16,0.,1.));
#10137 = DIRECTION('',(0.,1.,0.));
#10138 = CYLINDRICAL_SURFACE('',#10139,0.999999999998);
#10139 = AXIS2_PLACEMENT_3D('',#10140,#10141,#10142);
#10140 = CARTESIAN_POINT('',(51.462542597851,210.61408771399,
    3.000000000001));
#10141 = DIRECTION('',(1.224646799147E-16,0.,-1.));
#10142 = DIRECTION('',(0.,1.,0.));
#10143 = ADVANCED_FACE('',(#10144),#10162,.T.);
#10144 = FACE_BOUND('',#10145,.T.);
#10145 = EDGE_LOOP('',(#10146,#10154,#10155,#10156));
#10146 = ORIENTED_EDGE('',*,*,#10147,.T.);
#10147 = EDGE_CURVE('',#10148,#10123,#10150,.T.);
#10148 = VERTEX_POINT('',#10149);
#10149 = CARTESIAN_POINT('',(55.35912284136,210.05647754279,
    3.000000000001));
#10150 = LINE('',#10151,#10152);
#10151 = CARTESIAN_POINT('',(55.35912284136,210.05647754279,
    3.000000000001));
#10152 = VECTOR('',#10153,1.);
#10153 = DIRECTION('',(-0.921449972932,0.388497036519,
    -1.128450759925E-16));
#10154 = ORIENTED_EDGE('',*,*,#10122,.T.);
#10155 = ORIENTED_EDGE('',*,*,#4300,.F.);
#10156 = ORIENTED_EDGE('',*,*,#10157,.F.);
#10157 = EDGE_CURVE('',#10148,#4292,#10158,.T.);
#10158 = LINE('',#10159,#10160);
#10159 = CARTESIAN_POINT('',(55.35912284136,210.05647754279,
    3.000000000001));
#10160 = VECTOR('',#10161,1.);
#10161 = DIRECTION('',(1.224646799147E-16,0.,-1.));
#10162 = PLANE('',#10163);
#10163 = AXIS2_PLACEMENT_3D('',#10164,#10165,#10166);
#10164 = CARTESIAN_POINT('',(55.35912284136,210.05647754279,
    3.000000000001));
#10165 = DIRECTION('',(-0.388497036519,-0.921449972932,
    -4.757716522509E-17));
#10166 = DIRECTION('',(-0.921449972932,0.388497036519,
    -1.128450759925E-16));
#10167 = ADVANCED_FACE('',(#10168),#10187,.F.);
#10168 = FACE_BOUND('',#10169,.F.);
#10169 = EDGE_LOOP('',(#10170,#10178,#10179,#10180));
#10170 = ORIENTED_EDGE('',*,*,#10171,.T.);
#10171 = EDGE_CURVE('',#10172,#4284,#10174,.T.);
#10172 = VERTEX_POINT('',#10173);
#10173 = CARTESIAN_POINT('',(55.97062580484,209.13502756985,
    3.000000000001));
#10174 = LINE('',#10175,#10176);
#10175 = CARTESIAN_POINT('',(55.97062580484,209.13502756985,
    3.000000000001));
#10176 = VECTOR('',#10177,1.);
#10177 = DIRECTION('',(1.224646799147E-16,0.,-1.));
#10178 = ORIENTED_EDGE('',*,*,#4291,.T.);
#10179 = ORIENTED_EDGE('',*,*,#10157,.F.);
#10180 = ORIENTED_EDGE('',*,*,#10181,.F.);
#10181 = EDGE_CURVE('',#10172,#10148,#10182,.T.);
#10182 = CIRCLE('',#10183,1.);
#10183 = AXIS2_PLACEMENT_3D('',#10184,#10185,#10186);
#10184 = CARTESIAN_POINT('',(54.97062580484,209.13502756985,
    3.000000000001));
#10185 = DIRECTION('',(-1.224646799147E-16,6.162975822039E-33,1.));
#10186 = DIRECTION('',(0.38849703652,0.921449972932,4.75771652252E-17));
#10187 = CYLINDRICAL_SURFACE('',#10188,1.);
#10188 = AXIS2_PLACEMENT_3D('',#10189,#10190,#10191);
#10189 = CARTESIAN_POINT('',(54.97062580484,209.13502756985,
    3.000000000001));
#10190 = DIRECTION('',(1.224646799147E-16,0.,-1.));
#10191 = DIRECTION('',(0.38849703652,0.921449972932,4.75771652252E-17));
#10192 = ADVANCED_FACE('',(#10193),#10211,.T.);
#10193 = FACE_BOUND('',#10194,.T.);
#10194 = EDGE_LOOP('',(#10195,#10203,#10204,#10205));
#10195 = ORIENTED_EDGE('',*,*,#10196,.T.);
#10196 = EDGE_CURVE('',#10197,#10172,#10199,.T.);
#10197 = VERTEX_POINT('',#10198);
#10198 = CARTESIAN_POINT('',(55.97062580484,206.02301105237,
    3.000000000001));
#10199 = LINE('',#10200,#10201);
#10200 = CARTESIAN_POINT('',(55.97062580484,206.02301105237,
    3.000000000001));
#10201 = VECTOR('',#10202,1.);
#10202 = DIRECTION('',(0.,1.,0.));
#10203 = ORIENTED_EDGE('',*,*,#10171,.T.);
#10204 = ORIENTED_EDGE('',*,*,#4283,.F.);
#10205 = ORIENTED_EDGE('',*,*,#10206,.F.);
#10206 = EDGE_CURVE('',#10197,#4275,#10207,.T.);
#10207 = LINE('',#10208,#10209);
#10208 = CARTESIAN_POINT('',(55.97062580484,206.02301105237,
    3.000000000001));
#10209 = VECTOR('',#10210,1.);
#10210 = DIRECTION('',(1.224646799147E-16,0.,-1.));
#10211 = PLANE('',#10212);
#10212 = AXIS2_PLACEMENT_3D('',#10213,#10214,#10215);
#10213 = CARTESIAN_POINT('',(55.97062580484,206.02301105237,
    3.000000000001));
#10214 = DIRECTION('',(-1.,0.,-1.224646799147E-16));
#10215 = DIRECTION('',(0.,1.,0.));
#10216 = ADVANCED_FACE('',(#10217),#10236,.F.);
#10217 = FACE_BOUND('',#10218,.F.);
#10218 = EDGE_LOOP('',(#10219,#10227,#10228,#10229));
#10219 = ORIENTED_EDGE('',*,*,#10220,.T.);
#10220 = EDGE_CURVE('',#10221,#4267,#10223,.T.);
#10221 = VERTEX_POINT('',#10222);
#10222 = CARTESIAN_POINT('',(55.729301159129,205.37154216839,
    3.000000000001));
#10223 = LINE('',#10224,#10225);
#10224 = CARTESIAN_POINT('',(55.729301159129,205.37154216839,
    3.000000000001));
#10225 = VECTOR('',#10226,1.);
#10226 = DIRECTION('',(1.224646799147E-16,0.,-1.));
#10227 = ORIENTED_EDGE('',*,*,#4274,.T.);
#10228 = ORIENTED_EDGE('',*,*,#10206,.F.);
#10229 = ORIENTED_EDGE('',*,*,#10230,.F.);
#10230 = EDGE_CURVE('',#10221,#10197,#10231,.T.);
#10231 = CIRCLE('',#10232,1.);
#10232 = AXIS2_PLACEMENT_3D('',#10233,#10234,#10235);
#10233 = CARTESIAN_POINT('',(54.97062580484,206.02301105237,
    3.000000000001));
#10234 = DIRECTION('',(-1.224646799147E-16,0.,1.));
#10235 = DIRECTION('',(1.,0.,1.224646799147E-16));
#10236 = CYLINDRICAL_SURFACE('',#10237,1.);
#10237 = AXIS2_PLACEMENT_3D('',#10238,#10239,#10240);
#10238 = CARTESIAN_POINT('',(54.97062580484,206.02301105237,
    3.000000000001));
#10239 = DIRECTION('',(1.224646799147E-16,0.,-1.));
#10240 = DIRECTION('',(1.,0.,1.224646799147E-16));
#10241 = ADVANCED_FACE('',(#10242),#10260,.T.);
#10242 = FACE_BOUND('',#10243,.T.);
#10243 = EDGE_LOOP('',(#10244,#10252,#10253,#10254));
#10244 = ORIENTED_EDGE('',*,*,#10245,.T.);
#10245 = EDGE_CURVE('',#10246,#10221,#10248,.T.);
#10246 = VERTEX_POINT('',#10247);
#10247 = CARTESIAN_POINT('',(49.229301159694,197.80189467837,
    3.000000000001));
#10248 = LINE('',#10249,#10250);
#10249 = CARTESIAN_POINT('',(49.229301159694,197.80189467837,
    3.000000000001));
#10250 = VECTOR('',#10251,1.);
#10251 = DIRECTION('',(0.65146888398,0.758675354289,7.978192835107E-17)
  );
#10252 = ORIENTED_EDGE('',*,*,#10220,.T.);
#10253 = ORIENTED_EDGE('',*,*,#4266,.F.);
#10254 = ORIENTED_EDGE('',*,*,#10255,.F.);
#10255 = EDGE_CURVE('',#10246,#4258,#10256,.T.);
#10256 = LINE('',#10257,#10258);
#10257 = CARTESIAN_POINT('',(49.229301159694,197.80189467837,
    3.000000000001));
#10258 = VECTOR('',#10259,1.);
#10259 = DIRECTION('',(1.224646799147E-16,0.,-1.));
#10260 = PLANE('',#10261);
#10261 = AXIS2_PLACEMENT_3D('',#10262,#10263,#10264);
#10262 = CARTESIAN_POINT('',(49.229301159694,197.80189467837,
    3.000000000001));
#10263 = DIRECTION('',(-0.758675354289,0.65146888398,-9.291093442218E-17
    ));
#10264 = DIRECTION('',(0.65146888398,0.758675354289,7.978192835107E-17)
  );
#10265 = ADVANCED_FACE('',(#10266),#10278,.F.);
#10266 = FACE_BOUND('',#10267,.F.);
#10267 = EDGE_LOOP('',(#10268,#10269,#10270,#10271));
#10268 = ORIENTED_EDGE('',*,*,#9954,.T.);
#10269 = ORIENTED_EDGE('',*,*,#4255,.T.);
#10270 = ORIENTED_EDGE('',*,*,#10255,.F.);
#10271 = ORIENTED_EDGE('',*,*,#10272,.F.);
#10272 = EDGE_CURVE('',#9947,#10246,#10273,.T.);
#10273 = CIRCLE('',#10274,0.999999999999);
#10274 = AXIS2_PLACEMENT_3D('',#10275,#10276,#10277);
#10275 = CARTESIAN_POINT('',(48.470625805406,198.45336356235,
    3.000000000001));
#10276 = DIRECTION('',(-1.224646799147E-16,0.,1.));
#10277 = DIRECTION('',(0.758675354289,-0.65146888398,9.291093442223E-17)
  );
#10278 = CYLINDRICAL_SURFACE('',#10279,0.999999999999);
#10279 = AXIS2_PLACEMENT_3D('',#10280,#10281,#10282);
#10280 = CARTESIAN_POINT('',(48.470625805406,198.45336356235,
    3.000000000001));
#10281 = DIRECTION('',(1.224646799147E-16,0.,-1.));
#10282 = DIRECTION('',(0.758675354289,-0.65146888398,9.291093442223E-17)
  );
#10283 = ADVANCED_FACE('',(#10284),#10309,.T.);
#10284 = FACE_BOUND('',#10285,.T.);
#10285 = EDGE_LOOP('',(#10286,#10296,#10302,#10303));
#10286 = ORIENTED_EDGE('',*,*,#10287,.T.);
#10287 = EDGE_CURVE('',#10288,#10290,#10292,.T.);
#10288 = VERTEX_POINT('',#10289);
#10289 = CARTESIAN_POINT('',(35.470625787627,193.04750469489,
    3.000000000001));
#10290 = VERTEX_POINT('',#10291);
#10291 = CARTESIAN_POINT('',(35.470625787627,190.1475215855,
    3.000000000001));
#10292 = LINE('',#10293,#10294);
#10293 = CARTESIAN_POINT('',(35.470625787627,193.04750469489,
    3.000000000001));
#10294 = VECTOR('',#10295,1.);
#10295 = DIRECTION('',(6.125404088202E-15,-1.,7.501456510101E-31));
#10296 = ORIENTED_EDGE('',*,*,#10297,.T.);
#10297 = EDGE_CURVE('',#10290,#4377,#10298,.T.);
#10298 = LINE('',#10299,#10300);
#10299 = CARTESIAN_POINT('',(35.470625787627,190.1475215855,
    3.000000000001));
#10300 = VECTOR('',#10301,1.);
#10301 = DIRECTION('',(1.224646799147E-16,0.,-1.));
#10302 = ORIENTED_EDGE('',*,*,#4438,.F.);
#10303 = ORIENTED_EDGE('',*,*,#10304,.F.);
#10304 = EDGE_CURVE('',#10288,#4430,#10305,.T.);
#10305 = LINE('',#10306,#10307);
#10306 = CARTESIAN_POINT('',(35.470625787627,193.04750469489,
    3.000000000001));
#10307 = VECTOR('',#10308,1.);
#10308 = DIRECTION('',(1.224646799147E-16,0.,-1.));
#10309 = PLANE('',#10310);
#10310 = AXIS2_PLACEMENT_3D('',#10311,#10312,#10313);
#10311 = CARTESIAN_POINT('',(35.470625787627,193.04750469489,
    3.000000000001));
#10312 = DIRECTION('',(1.,6.125404088202E-15,1.224646799147E-16));
#10313 = DIRECTION('',(6.125404088202E-15,-1.,7.501456510101E-31));
#10314 = ADVANCED_FACE('',(#10315),#10334,.F.);
#10315 = FACE_BOUND('',#10316,.F.);
#10316 = EDGE_LOOP('',(#10317,#10325,#10326,#10327));
#10317 = ORIENTED_EDGE('',*,*,#10318,.T.);
#10318 = EDGE_CURVE('',#10319,#4422,#10321,.T.);
#10319 = VERTEX_POINT('',#10320);
#10320 = CARTESIAN_POINT('',(35.470625787627,194.64750469489,
    3.000000000001));
#10321 = LINE('',#10322,#10323);
#10322 = CARTESIAN_POINT('',(35.470625787627,194.64750469489,
    3.000000000001));
#10323 = VECTOR('',#10324,1.);
#10324 = DIRECTION('',(1.224646799147E-16,0.,-1.));
#10325 = ORIENTED_EDGE('',*,*,#4429,.T.);
#10326 = ORIENTED_EDGE('',*,*,#10304,.F.);
#10327 = ORIENTED_EDGE('',*,*,#10328,.F.);
#10328 = EDGE_CURVE('',#10319,#10288,#10329,.T.);
#10329 = CIRCLE('',#10330,0.8);
#10330 = AXIS2_PLACEMENT_3D('',#10331,#10332,#10333);
#10331 = CARTESIAN_POINT('',(35.470625787627,193.84750469489,
    3.000000000001));
#10332 = DIRECTION('',(-1.224646799147E-16,0.,1.));
#10333 = DIRECTION('',(1.110223024626E-14,1.,1.359631073448E-30));
#10334 = CYLINDRICAL_SURFACE('',#10335,0.8);
#10335 = AXIS2_PLACEMENT_3D('',#10336,#10337,#10338);
#10336 = CARTESIAN_POINT('',(35.470625787627,193.84750469489,
    3.000000000001));
#10337 = DIRECTION('',(1.224646799147E-16,0.,-1.));
#10338 = DIRECTION('',(1.110223024626E-14,1.,1.359631073448E-30));
#10339 = ADVANCED_FACE('',(#10340),#10358,.T.);
#10340 = FACE_BOUND('',#10341,.T.);
#10341 = EDGE_LOOP('',(#10342,#10350,#10351,#10352));
#10342 = ORIENTED_EDGE('',*,*,#10343,.T.);
#10343 = EDGE_CURVE('',#10344,#10319,#10346,.T.);
#10344 = VERTEX_POINT('',#10345);
#10345 = CARTESIAN_POINT('',(38.590625824377,194.64750469489,
    3.000000000001));
#10346 = LINE('',#10347,#10348);
#10347 = CARTESIAN_POINT('',(38.590625824377,194.64750469489,
    3.000000000001));
#10348 = VECTOR('',#10349,1.);
#10349 = DIRECTION('',(-1.,-9.109522146035E-14,-1.224646799147E-16));
#10350 = ORIENTED_EDGE('',*,*,#10318,.T.);
#10351 = ORIENTED_EDGE('',*,*,#4421,.F.);
#10352 = ORIENTED_EDGE('',*,*,#10353,.F.);
#10353 = EDGE_CURVE('',#10344,#4413,#10354,.T.);
#10354 = LINE('',#10355,#10356);
#10355 = CARTESIAN_POINT('',(38.590625824377,194.64750469489,
    3.000000000001));
#10356 = VECTOR('',#10357,1.);
#10357 = DIRECTION('',(1.224646799147E-16,0.,-1.));
#10358 = PLANE('',#10359);
#10359 = AXIS2_PLACEMENT_3D('',#10360,#10361,#10362);
#10360 = CARTESIAN_POINT('',(38.590625824377,194.64750469489,
    3.000000000001));
#10361 = DIRECTION('',(9.109522146035E-14,-1.,1.11559471379E-29));
#10362 = DIRECTION('',(-1.,-9.109522146035E-14,-1.224646799147E-16));
#10363 = ADVANCED_FACE('',(#10364),#10383,.F.);
#10364 = FACE_BOUND('',#10365,.F.);
#10365 = EDGE_LOOP('',(#10366,#10374,#10375,#10376));
#10366 = ORIENTED_EDGE('',*,*,#10367,.T.);
#10367 = EDGE_CURVE('',#10368,#4405,#10370,.T.);
#10368 = VERTEX_POINT('',#10369);
#10369 = CARTESIAN_POINT('',(38.59062578763,193.04750469489,
    3.000000000001));
#10370 = LINE('',#10371,#10372);
#10371 = CARTESIAN_POINT('',(38.59062578763,193.04750469489,
    3.000000000001));
#10372 = VECTOR('',#10373,1.);
#10373 = DIRECTION('',(1.224646799147E-16,0.,-1.));
#10374 = ORIENTED_EDGE('',*,*,#4412,.T.);
#10375 = ORIENTED_EDGE('',*,*,#10353,.F.);
#10376 = ORIENTED_EDGE('',*,*,#10377,.F.);
#10377 = EDGE_CURVE('',#10368,#10344,#10378,.T.);
#10378 = CIRCLE('',#10379,0.8);
#10379 = AXIS2_PLACEMENT_3D('',#10380,#10381,#10382);
#10380 = CARTESIAN_POINT('',(38.590625824377,193.84750469489,
    3.000000000001));
#10381 = DIRECTION('',(-1.224646799147E-16,0.,1.));
#10382 = DIRECTION('',(-4.593401908839E-08,-1.,-5.625294944857E-24));
#10383 = CYLINDRICAL_SURFACE('',#10384,0.8);
#10384 = AXIS2_PLACEMENT_3D('',#10385,#10386,#10387);
#10385 = CARTESIAN_POINT('',(38.590625824377,193.84750469489,
    3.000000000001));
#10386 = DIRECTION('',(1.224646799147E-16,0.,-1.));
#10387 = DIRECTION('',(1.,-2.296702082356E-08,1.224646799147E-16));
#10388 = ADVANCED_FACE('',(#10389),#10407,.T.);
#10389 = FACE_BOUND('',#10390,.T.);
#10390 = EDGE_LOOP('',(#10391,#10399,#10400,#10401));
#10391 = ORIENTED_EDGE('',*,*,#10392,.T.);
#10392 = EDGE_CURVE('',#10393,#10368,#10395,.T.);
#10393 = VERTEX_POINT('',#10394);
#10394 = CARTESIAN_POINT('',(38.590625788614,190.1475215855,
    3.000000000001));
#10395 = LINE('',#10396,#10397);
#10396 = CARTESIAN_POINT('',(38.590625787626,190.1475215855,
    3.000000000001));
#10397 = VECTOR('',#10398,1.);
#10398 = DIRECTION('',(1.253410811548E-12,1.,1.534985538379E-28));
#10399 = ORIENTED_EDGE('',*,*,#10367,.T.);
#10400 = ORIENTED_EDGE('',*,*,#4404,.F.);
#10401 = ORIENTED_EDGE('',*,*,#10402,.F.);
#10402 = EDGE_CURVE('',#10393,#4396,#10403,.T.);
#10403 = LINE('',#10404,#10405);
#10404 = CARTESIAN_POINT('',(38.590625788614,190.1475215855,
    3.000000000001));
#10405 = VECTOR('',#10406,1.);
#10406 = DIRECTION('',(1.224646799147E-16,0.,-1.));
#10407 = PLANE('',#10408);
#10408 = AXIS2_PLACEMENT_3D('',#10409,#10410,#10411);
#10409 = CARTESIAN_POINT('',(38.590625787626,190.1475215855,
    3.000000000001));
#10410 = DIRECTION('',(-1.,1.253410811548E-12,-1.224646799147E-16));
#10411 = DIRECTION('',(1.253410811548E-12,1.,1.534985538379E-28));
#10412 = ADVANCED_FACE('',(#10413),#10432,.F.);
#10413 = FACE_BOUND('',#10414,.F.);
#10414 = EDGE_LOOP('',(#10415,#10423,#10424,#10425));
#10415 = ORIENTED_EDGE('',*,*,#10416,.T.);
#10416 = EDGE_CURVE('',#10417,#4388,#10419,.T.);
#10417 = VERTEX_POINT('',#10418);
#10418 = CARTESIAN_POINT('',(38.590625824377,188.5475215855,
    3.000000000001));
#10419 = LINE('',#10420,#10421);
#10420 = CARTESIAN_POINT('',(38.590625824377,188.5475215855,
    3.000000000001));
#10421 = VECTOR('',#10422,1.);
#10422 = DIRECTION('',(1.224646799147E-16,0.,-1.));
#10423 = ORIENTED_EDGE('',*,*,#4395,.T.);
#10424 = ORIENTED_EDGE('',*,*,#10402,.F.);
#10425 = ORIENTED_EDGE('',*,*,#10426,.F.);
#10426 = EDGE_CURVE('',#10417,#10393,#10427,.T.);
#10427 = CIRCLE('',#10428,0.8);
#10428 = AXIS2_PLACEMENT_3D('',#10429,#10430,#10431);
#10429 = CARTESIAN_POINT('',(38.590625824377,189.3475215855,
    3.000000000001));
#10430 = DIRECTION('',(-1.224646799147E-16,0.,1.));
#10431 = DIRECTION('',(-4.163336342346E-15,-1.,-5.098616525428E-31));
#10432 = CYLINDRICAL_SURFACE('',#10433,0.8);
#10433 = AXIS2_PLACEMENT_3D('',#10434,#10435,#10436);
#10434 = CARTESIAN_POINT('',(38.590625824377,189.3475215855,
    3.000000000001));
#10435 = DIRECTION('',(1.224646799147E-16,0.,-1.));
#10436 = DIRECTION('',(1.,2.235174047567E-08,1.224646799147E-16));
#10437 = ADVANCED_FACE('',(#10438),#10456,.T.);
#10438 = FACE_BOUND('',#10439,.T.);
#10439 = EDGE_LOOP('',(#10440,#10448,#10449,#10450));
#10440 = ORIENTED_EDGE('',*,*,#10441,.T.);
#10441 = EDGE_CURVE('',#10442,#10417,#10444,.T.);
#10442 = VERTEX_POINT('',#10443);
#10443 = CARTESIAN_POINT('',(35.470625787627,188.5475215855,
    3.000000000001));
#10444 = LINE('',#10445,#10446);
#10445 = CARTESIAN_POINT('',(35.470625787627,188.5475215855,
    3.000000000001));
#10446 = VECTOR('',#10447,1.);
#10447 = DIRECTION('',(1.,9.394194713099E-14,1.224646799147E-16));
#10448 = ORIENTED_EDGE('',*,*,#10416,.T.);
#10449 = ORIENTED_EDGE('',*,*,#4387,.F.);
#10450 = ORIENTED_EDGE('',*,*,#10451,.F.);
#10451 = EDGE_CURVE('',#10442,#4379,#10452,.T.);
#10452 = LINE('',#10453,#10454);
#10453 = CARTESIAN_POINT('',(35.470625787627,188.5475215855,
    3.000000000001));
#10454 = VECTOR('',#10455,1.);
#10455 = DIRECTION('',(1.224646799147E-16,0.,-1.));
#10456 = PLANE('',#10457);
#10457 = AXIS2_PLACEMENT_3D('',#10458,#10459,#10460);
#10458 = CARTESIAN_POINT('',(35.470625787627,188.5475215855,
    3.000000000001));
#10459 = DIRECTION('',(-9.394194713099E-14,1.,-1.150457048596E-29));
#10460 = DIRECTION('',(1.,9.394194713099E-14,1.224646799147E-16));
#10461 = ADVANCED_FACE('',(#10462),#10474,.F.);
#10462 = FACE_BOUND('',#10463,.F.);
#10463 = EDGE_LOOP('',(#10464,#10465,#10466,#10467));
#10464 = ORIENTED_EDGE('',*,*,#10297,.T.);
#10465 = ORIENTED_EDGE('',*,*,#4376,.T.);
#10466 = ORIENTED_EDGE('',*,*,#10451,.F.);
#10467 = ORIENTED_EDGE('',*,*,#10468,.F.);
#10468 = EDGE_CURVE('',#10290,#10442,#10469,.T.);
#10469 = CIRCLE('',#10470,0.8);
#10470 = AXIS2_PLACEMENT_3D('',#10471,#10472,#10473);
#10471 = CARTESIAN_POINT('',(35.470625787627,189.3475215855,
    3.000000000001));
#10472 = DIRECTION('',(-1.224646799147E-16,0.,1.));
#10473 = DIRECTION('',(2.775557561564E-15,1.,3.399077683619E-31));
#10474 = CYLINDRICAL_SURFACE('',#10475,0.8);
#10475 = AXIS2_PLACEMENT_3D('',#10476,#10477,#10478);
#10476 = CARTESIAN_POINT('',(35.470625787627,189.3475215855,
    3.000000000001));
#10477 = DIRECTION('',(1.224646799147E-16,0.,-1.));
#10478 = DIRECTION('',(2.775557561564E-15,1.,3.399077683619E-31));
#10479 = ADVANCED_FACE('',(#10480),#10505,.T.);
#10480 = FACE_BOUND('',#10481,.T.);
#10481 = EDGE_LOOP('',(#10482,#10492,#10498,#10499));
#10482 = ORIENTED_EDGE('',*,*,#10483,.T.);
#10483 = EDGE_CURVE('',#10484,#10486,#10488,.T.);
#10484 = VERTEX_POINT('',#10485);
#10485 = CARTESIAN_POINT('',(42.780486296347,163.29237265957,
    3.000000000001));
#10486 = VERTEX_POINT('',#10487);
#10487 = CARTESIAN_POINT('',(35.277776899649,154.55500875834,
    3.000000000001));
#10488 = LINE('',#10489,#10490);
#10489 = CARTESIAN_POINT('',(35.277776899652,154.55500875834,
    3.000000000001));
#10490 = VECTOR('',#10491,1.);
#10491 = DIRECTION('',(-0.65146888398,-0.758675354289,
    -7.978192835103E-17));
#10492 = ORIENTED_EDGE('',*,*,#10493,.T.);
#10493 = EDGE_CURVE('',#10486,#4447,#10494,.T.);
#10494 = LINE('',#10495,#10496);
#10495 = CARTESIAN_POINT('',(35.277776899649,154.55500875834,
    3.000000000001));
#10496 = VECTOR('',#10497,1.);
#10497 = DIRECTION('',(1.224646799147E-16,0.,-1.));
#10498 = ORIENTED_EDGE('',*,*,#4491,.F.);
#10499 = ORIENTED_EDGE('',*,*,#10500,.F.);
#10500 = EDGE_CURVE('',#10484,#4483,#10501,.T.);
#10501 = LINE('',#10502,#10503);
#10502 = CARTESIAN_POINT('',(42.780486296347,163.29237265957,
    3.000000000001));
#10503 = VECTOR('',#10504,1.);
#10504 = DIRECTION('',(1.224646799147E-16,0.,-1.));
#10505 = PLANE('',#10506);
#10506 = AXIS2_PLACEMENT_3D('',#10507,#10508,#10509);
#10507 = CARTESIAN_POINT('',(42.780486296347,163.29237265957,
    3.000000000001));
#10508 = DIRECTION('',(0.758675354289,-0.65146888398,9.291093442221E-17)
  );
#10509 = DIRECTION('',(-0.65146888398,-0.758675354289,
    -7.978192835103E-17));
#10510 = ADVANCED_FACE('',(#10511),#10530,.F.);
#10511 = FACE_BOUND('',#10512,.F.);
#10512 = EDGE_LOOP('',(#10513,#10521,#10522,#10523));
#10513 = ORIENTED_EDGE('',*,*,#10514,.T.);
#10514 = EDGE_CURVE('',#10515,#4475,#10517,.T.);
#10515 = VERTEX_POINT('',#10516);
#10516 = CARTESIAN_POINT('',(45.418499327781,162.3151693336,
    3.000000000001));
#10517 = LINE('',#10518,#10519);
#10518 = CARTESIAN_POINT('',(45.418499327781,162.3151693336,
    3.000000000001));
#10519 = VECTOR('',#10520,1.);
#10520 = DIRECTION('',(1.224646799147E-16,0.,-1.));
#10521 = ORIENTED_EDGE('',*,*,#4482,.T.);
#10522 = ORIENTED_EDGE('',*,*,#10500,.F.);
#10523 = ORIENTED_EDGE('',*,*,#10524,.F.);
#10524 = EDGE_CURVE('',#10515,#10484,#10525,.T.);
#10525 = CIRCLE('',#10526,1.5);
#10526 = AXIS2_PLACEMENT_3D('',#10527,#10528,#10529);
#10527 = CARTESIAN_POINT('',(43.91849932778,162.3151693336,
    3.000000000001));
#10528 = DIRECTION('',(-1.224646799147E-16,0.,1.));
#10529 = DIRECTION('',(-0.758675354289,0.65146888398,-9.291093442221E-17
    ));
#10530 = CYLINDRICAL_SURFACE('',#10531,1.5);
#10531 = AXIS2_PLACEMENT_3D('',#10532,#10533,#10534);
#10532 = CARTESIAN_POINT('',(43.91849932778,162.3151693336,
    3.000000000001));
#10533 = DIRECTION('',(1.224646799147E-16,0.,-1.));
#10534 = DIRECTION('',(-0.758675354289,0.65146888398,-9.291093442221E-17
    ));
#10535 = ADVANCED_FACE('',(#10536),#10554,.T.);
#10536 = FACE_BOUND('',#10537,.T.);
#10537 = EDGE_LOOP('',(#10538,#10546,#10547,#10548));
#10538 = ORIENTED_EDGE('',*,*,#10539,.T.);
#10539 = EDGE_CURVE('',#10540,#10515,#10542,.T.);
#10540 = VERTEX_POINT('',#10541);
#10541 = CARTESIAN_POINT('',(45.41849932778,135.37559910488,
    3.000000000001));
#10542 = LINE('',#10543,#10544);
#10543 = CARTESIAN_POINT('',(45.41849932778,162.3151693336,
    3.000000000001));
#10544 = VECTOR('',#10545,1.);
#10545 = DIRECTION('',(0.,1.,0.));
#10546 = ORIENTED_EDGE('',*,*,#10514,.T.);
#10547 = ORIENTED_EDGE('',*,*,#4474,.F.);
#10548 = ORIENTED_EDGE('',*,*,#10549,.F.);
#10549 = EDGE_CURVE('',#10540,#4466,#10550,.T.);
#10550 = LINE('',#10551,#10552);
#10551 = CARTESIAN_POINT('',(45.41849932778,135.37559910488,
    3.000000000001));
#10552 = VECTOR('',#10553,1.);
#10553 = DIRECTION('',(1.224646799147E-16,0.,-1.));
#10554 = PLANE('',#10555);
#10555 = AXIS2_PLACEMENT_3D('',#10556,#10557,#10558);
#10556 = CARTESIAN_POINT('',(45.41849932778,135.37559910488,
    3.000000000001));
#10557 = DIRECTION('',(-1.,0.,-1.224646799147E-16));
#10558 = DIRECTION('',(0.,1.,0.));
#10559 = ADVANCED_FACE('',(#10560),#10579,.F.);
#10560 = FACE_BOUND('',#10561,.F.);
#10561 = EDGE_LOOP('',(#10562,#10570,#10571,#10572));
#10562 = ORIENTED_EDGE('',*,*,#10563,.T.);
#10563 = EDGE_CURVE('',#10564,#4458,#10566,.T.);
#10564 = VERTEX_POINT('',#10565);
#10565 = CARTESIAN_POINT('',(42.531607658464,134.80416975878,
    3.000000000001));
#10566 = LINE('',#10567,#10568);
#10567 = CARTESIAN_POINT('',(42.531607658464,134.80416975878,
    3.000000000001));
#10568 = VECTOR('',#10569,1.);
#10569 = DIRECTION('',(1.224646799147E-16,0.,-1.));
#10570 = ORIENTED_EDGE('',*,*,#4465,.T.);
#10571 = ORIENTED_EDGE('',*,*,#10549,.F.);
#10572 = ORIENTED_EDGE('',*,*,#10573,.F.);
#10573 = EDGE_CURVE('',#10564,#10540,#10574,.T.);
#10574 = CIRCLE('',#10575,1.5);
#10575 = AXIS2_PLACEMENT_3D('',#10576,#10577,#10578);
#10576 = CARTESIAN_POINT('',(43.91849932778,135.37559910488,
    3.000000000001));
#10577 = DIRECTION('',(-1.224646799147E-16,0.,1.));
#10578 = DIRECTION('',(1.,0.,1.224646799147E-16));
#10579 = CYLINDRICAL_SURFACE('',#10580,1.5);
#10580 = AXIS2_PLACEMENT_3D('',#10581,#10582,#10583);
#10581 = CARTESIAN_POINT('',(43.91849932778,135.37559910488,
    3.000000000001));
#10582 = DIRECTION('',(1.224646799147E-16,0.,-1.));
#10583 = DIRECTION('',(1.,0.,1.224646799147E-16));
#10584 = ADVANCED_FACE('',(#10585),#10603,.T.);
#10585 = FACE_BOUND('',#10586,.T.);
#10586 = EDGE_LOOP('',(#10587,#10595,#10596,#10597));
#10587 = ORIENTED_EDGE('',*,*,#10588,.T.);
#10588 = EDGE_CURVE('',#10589,#10564,#10591,.T.);
#10589 = VERTEX_POINT('',#10590);
#10590 = CARTESIAN_POINT('',(34.996693701215,153.09183641033,
    3.000000000001));
#10591 = LINE('',#10592,#10593);
#10592 = CARTESIAN_POINT('',(34.996693701215,153.09183641033,
    3.000000000001));
#10593 = VECTOR('',#10594,1.);
#10594 = DIRECTION('',(0.380952897398,-0.924594446211,4.665327464241E-17
    ));
#10595 = ORIENTED_EDGE('',*,*,#10563,.T.);
#10596 = ORIENTED_EDGE('',*,*,#4457,.F.);
#10597 = ORIENTED_EDGE('',*,*,#10598,.F.);
#10598 = EDGE_CURVE('',#10589,#4449,#10599,.T.);
#10599 = LINE('',#10600,#10601);
#10600 = CARTESIAN_POINT('',(34.996693701215,153.09183641033,
    3.000000000001));
#10601 = VECTOR('',#10602,1.);
#10602 = DIRECTION('',(1.224646799147E-16,0.,-1.));
#10603 = PLANE('',#10604);
#10604 = AXIS2_PLACEMENT_3D('',#10605,#10606,#10607);
#10605 = CARTESIAN_POINT('',(34.996693701215,153.09183641033,
    3.000000000001));
#10606 = DIRECTION('',(0.924594446211,0.380952897398,1.132301629062E-16)
  );
#10607 = DIRECTION('',(0.380952897398,-0.924594446211,4.665327464241E-17
    ));
#10608 = ADVANCED_FACE('',(#10609),#10621,.F.);
#10609 = FACE_BOUND('',#10610,.F.);
#10610 = EDGE_LOOP('',(#10611,#10612,#10613,#10614));
#10611 = ORIENTED_EDGE('',*,*,#10493,.T.);
#10612 = ORIENTED_EDGE('',*,*,#4446,.T.);
#10613 = ORIENTED_EDGE('',*,*,#10598,.F.);
#10614 = ORIENTED_EDGE('',*,*,#10615,.F.);
#10615 = EDGE_CURVE('',#10486,#10589,#10616,.T.);
#10616 = CIRCLE('',#10617,1.5);
#10617 = AXIS2_PLACEMENT_3D('',#10618,#10619,#10620);
#10618 = CARTESIAN_POINT('',(36.41578993108,153.57780543237,
    3.000000000001));
#10619 = DIRECTION('',(-1.224646799147E-16,0.,1.));
#10620 = DIRECTION('',(-0.946064153243,-0.323979348027,
    -1.158594437058E-16));
#10621 = CYLINDRICAL_SURFACE('',#10622,1.5);
#10622 = AXIS2_PLACEMENT_3D('',#10623,#10624,#10625);
#10623 = CARTESIAN_POINT('',(36.41578993108,153.57780543237,
    3.000000000001));
#10624 = DIRECTION('',(1.224646799147E-16,0.,-1.));
#10625 = DIRECTION('',(-0.946064153243,-0.323979348027,
    -1.158594437058E-16));
#10626 = ADVANCED_FACE('',(#10627),#10653,.F.);
#10627 = FACE_BOUND('',#10628,.F.);
#10628 = EDGE_LOOP('',(#10629,#10637,#10638,#10646));
#10629 = ORIENTED_EDGE('',*,*,#10630,.T.);
#10630 = EDGE_CURVE('',#10631,#4587,#10633,.T.);
#10631 = VERTEX_POINT('',#10632);
#10632 = CARTESIAN_POINT('',(56.709531683554,12.87439444986,
    3.000000000001));
#10633 = LINE('',#10634,#10635);
#10634 = CARTESIAN_POINT('',(56.709531683554,12.87439444986,
    3.000000000001));
#10635 = VECTOR('',#10636,1.);
#10636 = DIRECTION('',(1.224646799147E-16,0.,-1.));
#10637 = ORIENTED_EDGE('',*,*,#4594,.T.);
#10638 = ORIENTED_EDGE('',*,*,#10639,.F.);
#10639 = EDGE_CURVE('',#10640,#4500,#10642,.T.);
#10640 = VERTEX_POINT('',#10641);
#10641 = CARTESIAN_POINT('',(58.470625805411,13.523035905268,
    3.000000000001));
#10642 = LINE('',#10643,#10644);
#10643 = CARTESIAN_POINT('',(58.470625805411,13.523035905268,
    3.000000000001));
#10644 = VECTOR('',#10645,1.);
#10645 = DIRECTION('',(1.224646799147E-16,0.,-1.));
#10646 = ORIENTED_EDGE('',*,*,#10647,.F.);
#10647 = EDGE_CURVE('',#10631,#10640,#10648,.T.);
#10648 = CIRCLE('',#10649,1.);
#10649 = AXIS2_PLACEMENT_3D('',#10650,#10651,#10652);
#10650 = CARTESIAN_POINT('',(57.470625805411,13.523035905268,
    3.000000000001));
#10651 = DIRECTION('',(-1.224646799147E-16,0.,1.));
#10652 = DIRECTION('',(1.,0.,1.224646799147E-16));
#10653 = CYLINDRICAL_SURFACE('',#10654,1.);
#10654 = AXIS2_PLACEMENT_3D('',#10655,#10656,#10657);
#10655 = CARTESIAN_POINT('',(57.470625805411,13.523035905268,
    3.000000000001));
#10656 = DIRECTION('',(1.224646799147E-16,0.,-1.));
#10657 = DIRECTION('',(1.,0.,1.224646799147E-16));
#10658 = ADVANCED_FACE('',(#10659),#10677,.T.);
#10659 = FACE_BOUND('',#10660,.T.);
#10660 = EDGE_LOOP('',(#10661,#10669,#10670,#10671));
#10661 = ORIENTED_EDGE('',*,*,#10662,.T.);
#10662 = EDGE_CURVE('',#10663,#10631,#10665,.T.);
#10663 = VERTEX_POINT('',#10664);
#10664 = CARTESIAN_POINT('',(50.709531683539,19.914593149909,
    3.000000000001));
#10665 = LINE('',#10666,#10667);
#10666 = CARTESIAN_POINT('',(50.709531683539,19.914593149909,
    3.000000000001));
#10667 = VECTOR('',#10668,1.);
#10668 = DIRECTION('',(0.648641455408,-0.761094121858,7.943566821593E-17
    ));
#10669 = ORIENTED_EDGE('',*,*,#10630,.T.);
#10670 = ORIENTED_EDGE('',*,*,#4586,.F.);
#10671 = ORIENTED_EDGE('',*,*,#10672,.F.);
#10672 = EDGE_CURVE('',#10663,#4578,#10673,.T.);
#10673 = LINE('',#10674,#10675);
#10674 = CARTESIAN_POINT('',(50.709531683539,19.914593149909,
    3.000000000001));
#10675 = VECTOR('',#10676,1.);
#10676 = DIRECTION('',(1.224646799147E-16,0.,-1.));
#10677 = PLANE('',#10678);
#10678 = AXIS2_PLACEMENT_3D('',#10679,#10680,#10681);
#10679 = CARTESIAN_POINT('',(50.709531683539,19.914593149909,
    3.000000000001));
#10680 = DIRECTION('',(0.761094121858,0.648641455408,9.320714801831E-17)
  );
#10681 = DIRECTION('',(0.648641455408,-0.761094121858,7.943566821593E-17
    ));
#10682 = ADVANCED_FACE('',(#10683),#10702,.F.);
#10683 = FACE_BOUND('',#10684,.F.);
#10684 = EDGE_LOOP('',(#10685,#10693,#10694,#10695));
#10685 = ORIENTED_EDGE('',*,*,#10686,.T.);
#10686 = EDGE_CURVE('',#10687,#4570,#10689,.T.);
#10687 = VERTEX_POINT('',#10688);
#10688 = CARTESIAN_POINT('',(50.470625805398,20.563234605316,
    3.000000000001));
#10689 = LINE('',#10690,#10691);
#10690 = CARTESIAN_POINT('',(50.470625805398,20.563234605316,
    3.000000000001));
#10691 = VECTOR('',#10692,1.);
#10692 = DIRECTION('',(1.224646799147E-16,0.,-1.));
#10693 = ORIENTED_EDGE('',*,*,#4577,.T.);
#10694 = ORIENTED_EDGE('',*,*,#10672,.F.);
#10695 = ORIENTED_EDGE('',*,*,#10696,.F.);
#10696 = EDGE_CURVE('',#10687,#10663,#10697,.T.);
#10697 = CIRCLE('',#10698,1.);
#10698 = AXIS2_PLACEMENT_3D('',#10699,#10700,#10701);
#10699 = CARTESIAN_POINT('',(51.470625805398,20.563234605315,
    3.000000000001));
#10700 = DIRECTION('',(-1.224646799147E-16,0.,1.));
#10701 = DIRECTION('',(-0.761094121859,-0.648641455406,
    -9.320714801846E-17));
#10702 = CYLINDRICAL_SURFACE('',#10703,1.);
#10703 = AXIS2_PLACEMENT_3D('',#10704,#10705,#10706);
#10704 = CARTESIAN_POINT('',(51.470625805398,20.563234605315,
    3.000000000001));
#10705 = DIRECTION('',(1.224646799147E-16,0.,-1.));
#10706 = DIRECTION('',(-0.761094121859,-0.648641455406,
    -9.320714801846E-17));
#10707 = ADVANCED_FACE('',(#10708),#10726,.T.);
#10708 = FACE_BOUND('',#10709,.T.);
#10709 = EDGE_LOOP('',(#10710,#10718,#10719,#10720));
#10710 = ORIENTED_EDGE('',*,*,#10711,.T.);
#10711 = EDGE_CURVE('',#10712,#10687,#10714,.T.);
#10712 = VERTEX_POINT('',#10713);
#10713 = CARTESIAN_POINT('',(50.470625805398,38.122399429699,
    3.000000000001));
#10714 = LINE('',#10715,#10716);
#10715 = CARTESIAN_POINT('',(50.470625805398,38.122399429699,
    3.000000000001));
#10716 = VECTOR('',#10717,1.);
#10717 = DIRECTION('',(0.,-1.,0.));
#10718 = ORIENTED_EDGE('',*,*,#10686,.T.);
#10719 = ORIENTED_EDGE('',*,*,#4569,.F.);
#10720 = ORIENTED_EDGE('',*,*,#10721,.F.);
#10721 = EDGE_CURVE('',#10712,#4561,#10722,.T.);
#10722 = LINE('',#10723,#10724);
#10723 = CARTESIAN_POINT('',(50.470625805398,38.122399429699,
    3.000000000001));
#10724 = VECTOR('',#10725,1.);
#10725 = DIRECTION('',(1.224646799147E-16,0.,-1.));
#10726 = PLANE('',#10727);
#10727 = AXIS2_PLACEMENT_3D('',#10728,#10729,#10730);
#10728 = CARTESIAN_POINT('',(50.470625805398,38.122399429699,
    3.000000000001));
#10729 = DIRECTION('',(1.,0.,1.224646799147E-16));
#10730 = DIRECTION('',(0.,-1.,0.));
#10731 = ADVANCED_FACE('',(#10732),#10751,.F.);
#10732 = FACE_BOUND('',#10733,.F.);
#10733 = EDGE_LOOP('',(#10734,#10742,#10743,#10744));
#10734 = ORIENTED_EDGE('',*,*,#10735,.T.);
#10735 = EDGE_CURVE('',#10736,#4553,#10738,.T.);
#10736 = VERTEX_POINT('',#10737);
#10737 = CARTESIAN_POINT('',(50.730654011603,38.795037329605,
    3.000000000001));
#10738 = LINE('',#10739,#10740);
#10739 = CARTESIAN_POINT('',(50.730654011603,38.795037329605,
    3.000000000001));
#10740 = VECTOR('',#10741,1.);
#10741 = DIRECTION('',(1.224646799147E-16,0.,-1.));
#10742 = ORIENTED_EDGE('',*,*,#4560,.T.);
#10743 = ORIENTED_EDGE('',*,*,#10721,.F.);
#10744 = ORIENTED_EDGE('',*,*,#10745,.F.);
#10745 = EDGE_CURVE('',#10736,#10712,#10746,.T.);
#10746 = CIRCLE('',#10747,1.);
#10747 = AXIS2_PLACEMENT_3D('',#10748,#10749,#10750);
#10748 = CARTESIAN_POINT('',(51.470625805398,38.122399429701,
    3.000000000001));
#10749 = DIRECTION('',(-1.224646799147E-16,0.,1.));
#10750 = DIRECTION('',(-1.,-2.513544927751E-12,-1.224646799147E-16));
#10751 = CYLINDRICAL_SURFACE('',#10752,1.);
#10752 = AXIS2_PLACEMENT_3D('',#10753,#10754,#10755);
#10753 = CARTESIAN_POINT('',(51.470625805398,38.122399429701,
    3.000000000001));
#10754 = DIRECTION('',(1.224646799147E-16,0.,-1.));
#10755 = DIRECTION('',(-1.,-2.513544927751E-12,-1.224646799147E-16));
#10756 = ADVANCED_FACE('',(#10757),#10775,.T.);
#10757 = FACE_BOUND('',#10758,.T.);
#10758 = EDGE_LOOP('',(#10759,#10767,#10768,#10769));
#10759 = ORIENTED_EDGE('',*,*,#10760,.T.);
#10760 = EDGE_CURVE('',#10761,#10736,#10763,.T.);
#10761 = VERTEX_POINT('',#10762);
#10762 = CARTESIAN_POINT('',(53.730654011603,42.095349996626,
    3.000000000001));
#10763 = LINE('',#10764,#10765);
#10764 = CARTESIAN_POINT('',(53.730654011603,42.095349996626,
    3.000000000001));
#10765 = VECTOR('',#10766,1.);
#10766 = DIRECTION('',(-0.672637899906,-0.739971793793,
    -8.237438511056E-17));
#10767 = ORIENTED_EDGE('',*,*,#10735,.T.);
#10768 = ORIENTED_EDGE('',*,*,#4552,.F.);
#10769 = ORIENTED_EDGE('',*,*,#10770,.F.);
#10770 = EDGE_CURVE('',#10761,#4544,#10771,.T.);
#10771 = LINE('',#10772,#10773);
#10772 = CARTESIAN_POINT('',(53.730654011603,42.095349996626,
    3.000000000001));
#10773 = VECTOR('',#10774,1.);
#10774 = DIRECTION('',(1.224646799147E-16,0.,-1.));
#10775 = PLANE('',#10776);
#10776 = AXIS2_PLACEMENT_3D('',#10777,#10778,#10779);
#10777 = CARTESIAN_POINT('',(53.730654011603,42.095349996626,
    3.000000000001));
#10778 = DIRECTION('',(0.739971793793,-0.672637899906,9.062040887281E-17
    ));
#10779 = DIRECTION('',(-0.672637899906,-0.739971793793,
    -8.237438511056E-17));
#10780 = ADVANCED_FACE('',(#10781),#10800,.F.);
#10781 = FACE_BOUND('',#10782,.F.);
#10782 = EDGE_LOOP('',(#10783,#10791,#10792,#10793));
#10783 = ORIENTED_EDGE('',*,*,#10784,.T.);
#10784 = EDGE_CURVE('',#10785,#4536,#10787,.T.);
#10785 = VERTEX_POINT('',#10786);
#10786 = CARTESIAN_POINT('',(55.4706258054,41.422712096719,
    3.000000000001));
#10787 = LINE('',#10788,#10789);
#10788 = CARTESIAN_POINT('',(55.4706258054,41.422712096719,
    3.000000000001));
#10789 = VECTOR('',#10790,1.);
#10790 = DIRECTION('',(1.224646799147E-16,0.,-1.));
#10791 = ORIENTED_EDGE('',*,*,#4543,.T.);
#10792 = ORIENTED_EDGE('',*,*,#10770,.F.);
#10793 = ORIENTED_EDGE('',*,*,#10794,.F.);
#10794 = EDGE_CURVE('',#10785,#10761,#10795,.T.);
#10795 = CIRCLE('',#10796,1.000000000001);
#10796 = AXIS2_PLACEMENT_3D('',#10797,#10798,#10799);
#10797 = CARTESIAN_POINT('',(54.470625805398,41.422712096719,
    3.000000000001));
#10798 = DIRECTION('',(-1.224646799147E-16,0.,1.));
#10799 = DIRECTION('',(-0.739971793794,0.672637899905,
    -9.062040887292E-17));
#10800 = CYLINDRICAL_SURFACE('',#10801,1.000000000001);
#10801 = AXIS2_PLACEMENT_3D('',#10802,#10803,#10804);
#10802 = CARTESIAN_POINT('',(54.470625805398,41.422712096719,
    3.000000000001));
#10803 = DIRECTION('',(1.224646799147E-16,0.,-1.));
#10804 = DIRECTION('',(-0.739971793794,0.672637899905,
    -9.062040887292E-17));
#10805 = ADVANCED_FACE('',(#10806),#10824,.T.);
#10806 = FACE_BOUND('',#10807,.T.);
#10807 = EDGE_LOOP('',(#10808,#10816,#10817,#10818));
#10808 = ORIENTED_EDGE('',*,*,#10809,.T.);
#10809 = EDGE_CURVE('',#10810,#10785,#10812,.T.);
#10810 = VERTEX_POINT('',#10811);
#10811 = CARTESIAN_POINT('',(55.4706258054,39.502692656878,
    3.000000000001));
#10812 = LINE('',#10813,#10814);
#10813 = CARTESIAN_POINT('',(55.4706258054,39.502692656878,
    3.000000000001));
#10814 = VECTOR('',#10815,1.);
#10815 = DIRECTION('',(-9.477276633779E-13,1.,-1.160631649419E-28));
#10816 = ORIENTED_EDGE('',*,*,#10784,.T.);
#10817 = ORIENTED_EDGE('',*,*,#4535,.F.);
#10818 = ORIENTED_EDGE('',*,*,#10819,.F.);
#10819 = EDGE_CURVE('',#10810,#4527,#10820,.T.);
#10820 = LINE('',#10821,#10822);
#10821 = CARTESIAN_POINT('',(55.4706258054,39.502692656878,
    3.000000000001));
#10822 = VECTOR('',#10823,1.);
#10823 = DIRECTION('',(1.224646799147E-16,0.,-1.));
#10824 = PLANE('',#10825);
#10825 = AXIS2_PLACEMENT_3D('',#10826,#10827,#10828);
#10826 = CARTESIAN_POINT('',(55.4706258054,39.502692656878,
    3.000000000001));
#10827 = DIRECTION('',(-1.,-9.477276633779E-13,-1.224646799147E-16));
#10828 = DIRECTION('',(-9.477276633779E-13,1.,-1.160631649419E-28));
#10829 = ADVANCED_FACE('',(#10830),#10849,.T.);
#10830 = FACE_BOUND('',#10831,.T.);
#10831 = EDGE_LOOP('',(#10832,#10841,#10842,#10843));
#10832 = ORIENTED_EDGE('',*,*,#10833,.T.);
#10833 = EDGE_CURVE('',#10834,#10810,#10836,.T.);
#10834 = VERTEX_POINT('',#10835);
#10835 = CARTESIAN_POINT('',(55.779395980738,38.780057666377,
    3.000000000001));
#10836 = CIRCLE('',#10837,1.);
#10837 = AXIS2_PLACEMENT_3D('',#10838,#10839,#10840);
#10838 = CARTESIAN_POINT('',(56.4706258054,39.502692656879,
    3.000000000001));
#10839 = DIRECTION('',(1.224646799147E-16,0.,-1.));
#10840 = DIRECTION('',(-0.691229824662,-0.722634990502,
    -8.465123922479E-17));
#10841 = ORIENTED_EDGE('',*,*,#10819,.T.);
#10842 = ORIENTED_EDGE('',*,*,#4526,.F.);
#10843 = ORIENTED_EDGE('',*,*,#10844,.F.);
#10844 = EDGE_CURVE('',#10834,#4519,#10845,.T.);
#10845 = LINE('',#10846,#10847);
#10846 = CARTESIAN_POINT('',(55.779395980738,38.780057666377,
    3.000000000001));
#10847 = VECTOR('',#10848,1.);
#10848 = DIRECTION('',(1.224646799147E-16,0.,-1.));
#10849 = CYLINDRICAL_SURFACE('',#10850,1.);
#10850 = AXIS2_PLACEMENT_3D('',#10851,#10852,#10853);
#10851 = CARTESIAN_POINT('',(56.4706258054,39.502692656879,
    3.000000000001));
#10852 = DIRECTION('',(1.224646799147E-16,0.,-1.));
#10853 = DIRECTION('',(-0.691229824662,-0.722634990502,
    -8.465123922479E-17));
#10854 = ADVANCED_FACE('',(#10855),#10873,.T.);
#10855 = FACE_BOUND('',#10856,.T.);
#10856 = EDGE_LOOP('',(#10857,#10865,#10866,#10867));
#10857 = ORIENTED_EDGE('',*,*,#10858,.T.);
#10858 = EDGE_CURVE('',#10859,#10834,#10861,.T.);
#10859 = VERTEX_POINT('',#10860);
#10860 = CARTESIAN_POINT('',(58.161855630074,36.501137897308,
    3.000000000001));
#10861 = LINE('',#10862,#10863);
#10862 = CARTESIAN_POINT('',(58.161855630074,36.501137897308,
    3.000000000001));
#10863 = VECTOR('',#10864,1.);
#10864 = DIRECTION('',(-0.722634990502,0.691229824662,
    -8.849726280698E-17));
#10865 = ORIENTED_EDGE('',*,*,#10844,.T.);
#10866 = ORIENTED_EDGE('',*,*,#4518,.F.);
#10867 = ORIENTED_EDGE('',*,*,#10868,.F.);
#10868 = EDGE_CURVE('',#10859,#4510,#10869,.T.);
#10869 = LINE('',#10870,#10871);
#10870 = CARTESIAN_POINT('',(58.161855630074,36.501137897308,
    3.000000000001));
#10871 = VECTOR('',#10872,1.);
#10872 = DIRECTION('',(1.224646799147E-16,0.,-1.));
#10873 = PLANE('',#10874);
#10874 = AXIS2_PLACEMENT_3D('',#10875,#10876,#10877);
#10875 = CARTESIAN_POINT('',(58.161855630074,36.501137897308,
    3.000000000001));
#10876 = DIRECTION('',(-0.691229824662,-0.722634990502,
    -8.465123922478E-17));
#10877 = DIRECTION('',(-0.722634990502,0.691229824662,
    -8.849726280698E-17));
#10878 = ADVANCED_FACE('',(#10879),#10898,.F.);
#10879 = FACE_BOUND('',#10880,.F.);
#10880 = EDGE_LOOP('',(#10881,#10889,#10890,#10891));
#10881 = ORIENTED_EDGE('',*,*,#10882,.T.);
#10882 = EDGE_CURVE('',#10883,#4502,#10885,.T.);
#10883 = VERTEX_POINT('',#10884);
#10884 = CARTESIAN_POINT('',(58.470625805411,35.778502906807,
    3.000000000001));
#10885 = LINE('',#10886,#10887);
#10886 = CARTESIAN_POINT('',(58.470625805411,35.778502906807,
    3.000000000001));
#10887 = VECTOR('',#10888,1.);
#10888 = DIRECTION('',(1.224646799147E-16,0.,-1.));
#10889 = ORIENTED_EDGE('',*,*,#4509,.T.);
#10890 = ORIENTED_EDGE('',*,*,#10868,.F.);
#10891 = ORIENTED_EDGE('',*,*,#10892,.F.);
#10892 = EDGE_CURVE('',#10883,#10859,#10893,.T.);
#10893 = CIRCLE('',#10894,1.);
#10894 = AXIS2_PLACEMENT_3D('',#10895,#10896,#10897);
#10895 = CARTESIAN_POINT('',(57.470625805411,35.778502906807,
    3.000000000001));
#10896 = DIRECTION('',(-1.224646799147E-16,0.,1.));
#10897 = DIRECTION('',(0.691229824662,0.722634990502,8.465123922479E-17)
  );
#10898 = CYLINDRICAL_SURFACE('',#10899,1.);
#10899 = AXIS2_PLACEMENT_3D('',#10900,#10901,#10902);
#10900 = CARTESIAN_POINT('',(57.470625805411,35.778502906807,
    3.000000000001));
#10901 = DIRECTION('',(1.224646799147E-16,0.,-1.));
#10902 = DIRECTION('',(0.691229824662,0.722634990502,8.465123922479E-17)
  );
#10903 = ADVANCED_FACE('',(#10904),#10915,.T.);
#10904 = FACE_BOUND('',#10905,.T.);
#10905 = EDGE_LOOP('',(#10906,#10912,#10913,#10914));
#10906 = ORIENTED_EDGE('',*,*,#10907,.T.);
#10907 = EDGE_CURVE('',#10640,#10883,#10908,.T.);
#10908 = LINE('',#10909,#10910);
#10909 = CARTESIAN_POINT('',(58.470625805411,35.778502906807,
    3.000000000001));
#10910 = VECTOR('',#10911,1.);
#10911 = DIRECTION('',(-1.496562203635E-16,1.,-1.832760112407E-32));
#10912 = ORIENTED_EDGE('',*,*,#10882,.T.);
#10913 = ORIENTED_EDGE('',*,*,#4499,.F.);
#10914 = ORIENTED_EDGE('',*,*,#10639,.F.);
#10915 = PLANE('',#10916);
#10916 = AXIS2_PLACEMENT_3D('',#10917,#10918,#10919);
#10917 = CARTESIAN_POINT('',(58.470625805411,13.523035905268,
    3.000000000001));
#10918 = DIRECTION('',(-1.,-1.496562203635E-16,-1.224646799147E-16));
#10919 = DIRECTION('',(-1.496562203635E-16,1.,-1.832760112407E-32));
#10920 = ADVANCED_FACE('',(#10921),#10946,.T.);
#10921 = FACE_BOUND('',#10922,.T.);
#10922 = EDGE_LOOP('',(#10923,#10933,#10939,#10940));
#10923 = ORIENTED_EDGE('',*,*,#10924,.T.);
#10924 = EDGE_CURVE('',#10925,#10927,#10929,.T.);
#10925 = VERTEX_POINT('',#10926);
#10926 = CARTESIAN_POINT('',(41.161855630083,38.780057666375,
    3.000000000001));
#10927 = VERTEX_POINT('',#10928);
#10928 = CARTESIAN_POINT('',(38.779395980749,36.501137897306,
    3.000000000001));
#10929 = LINE('',#10930,#10931);
#10930 = CARTESIAN_POINT('',(38.779395980749,36.501137897306,
    3.000000000001));
#10931 = VECTOR('',#10932,1.);
#10932 = DIRECTION('',(-0.722634990501,-0.691229824663,
    -8.849726280694E-17));
#10933 = ORIENTED_EDGE('',*,*,#10934,.T.);
#10934 = EDGE_CURVE('',#10927,#4604,#10935,.T.);
#10935 = LINE('',#10936,#10937);
#10936 = CARTESIAN_POINT('',(38.779395980749,36.501137897306,
    3.000000000001));
#10937 = VECTOR('',#10938,1.);
#10938 = DIRECTION('',(1.224646799147E-16,0.,-1.));
#10939 = ORIENTED_EDGE('',*,*,#4699,.F.);
#10940 = ORIENTED_EDGE('',*,*,#10941,.F.);
#10941 = EDGE_CURVE('',#10925,#4691,#10942,.T.);
#10942 = LINE('',#10943,#10944);
#10943 = CARTESIAN_POINT('',(41.161855630083,38.780057666375,
    3.000000000001));
#10944 = VECTOR('',#10945,1.);
#10945 = DIRECTION('',(1.224646799147E-16,0.,-1.));
#10946 = PLANE('',#10947);
#10947 = AXIS2_PLACEMENT_3D('',#10948,#10949,#10950);
#10948 = CARTESIAN_POINT('',(41.161855630083,38.780057666375,
    3.000000000001));
#10949 = DIRECTION('',(0.691229824663,-0.722634990501,8.465123922482E-17
    ));
#10950 = DIRECTION('',(-0.722634990501,-0.691229824663,
    -8.849726280694E-17));
#10951 = ADVANCED_FACE('',(#10952),#10971,.T.);
#10952 = FACE_BOUND('',#10953,.T.);
#10953 = EDGE_LOOP('',(#10954,#10963,#10964,#10965));
#10954 = ORIENTED_EDGE('',*,*,#10955,.T.);
#10955 = EDGE_CURVE('',#10956,#10925,#10958,.T.);
#10956 = VERTEX_POINT('',#10957);
#10957 = CARTESIAN_POINT('',(41.47062580542,39.502692656877,
    3.000000000001));
#10958 = CIRCLE('',#10959,1.);
#10959 = AXIS2_PLACEMENT_3D('',#10960,#10961,#10962);
#10960 = CARTESIAN_POINT('',(40.47062580542,39.502692656877,
    3.000000000001));
#10961 = DIRECTION('',(1.224646799147E-16,0.,-1.));
#10962 = DIRECTION('',(1.,2.6645352591E-14,1.224646799147E-16));
#10963 = ORIENTED_EDGE('',*,*,#10941,.T.);
#10964 = ORIENTED_EDGE('',*,*,#4690,.F.);
#10965 = ORIENTED_EDGE('',*,*,#10966,.F.);
#10966 = EDGE_CURVE('',#10956,#4683,#10967,.T.);
#10967 = LINE('',#10968,#10969);
#10968 = CARTESIAN_POINT('',(41.47062580542,39.502692656877,
    3.000000000001));
#10969 = VECTOR('',#10970,1.);
#10970 = DIRECTION('',(1.224646799147E-16,0.,-1.));
#10971 = CYLINDRICAL_SURFACE('',#10972,1.);
#10972 = AXIS2_PLACEMENT_3D('',#10973,#10974,#10975);
#10973 = CARTESIAN_POINT('',(40.47062580542,39.502692656877,
    3.000000000001));
#10974 = DIRECTION('',(1.224646799147E-16,0.,-1.));
#10975 = DIRECTION('',(1.,2.6645352591E-14,1.224646799147E-16));
#10976 = ADVANCED_FACE('',(#10977),#10995,.T.);
#10977 = FACE_BOUND('',#10978,.T.);
#10978 = EDGE_LOOP('',(#10979,#10987,#10988,#10989));
#10979 = ORIENTED_EDGE('',*,*,#10980,.T.);
#10980 = EDGE_CURVE('',#10981,#10956,#10983,.T.);
#10981 = VERTEX_POINT('',#10982);
#10982 = CARTESIAN_POINT('',(41.470625805422,41.422712096718,
    3.000000000001));
#10983 = LINE('',#10984,#10985);
#10984 = CARTESIAN_POINT('',(41.47062580542,39.502692656877,
    3.000000000001));
#10985 = VECTOR('',#10986,1.);
#10986 = DIRECTION('',(-9.459929574657E-13,-1.,-1.158507247376E-28));
#10987 = ORIENTED_EDGE('',*,*,#10966,.T.);
#10988 = ORIENTED_EDGE('',*,*,#4682,.F.);
#10989 = ORIENTED_EDGE('',*,*,#10990,.F.);
#10990 = EDGE_CURVE('',#10981,#4674,#10991,.T.);
#10991 = LINE('',#10992,#10993);
#10992 = CARTESIAN_POINT('',(41.470625805422,41.422712096718,
    3.000000000001));
#10993 = VECTOR('',#10994,1.);
#10994 = DIRECTION('',(1.224646799147E-16,0.,-1.));
#10995 = PLANE('',#10996);
#10996 = AXIS2_PLACEMENT_3D('',#10997,#10998,#10999);
#10997 = CARTESIAN_POINT('',(41.470625805422,41.422712096718,
    3.000000000001));
#10998 = DIRECTION('',(1.,-9.459929574657E-13,1.224646799147E-16));
#10999 = DIRECTION('',(-9.459929574657E-13,-1.,-1.158507247376E-28));
#11000 = ADVANCED_FACE('',(#11001),#11020,.F.);
#11001 = FACE_BOUND('',#11002,.F.);
#11002 = EDGE_LOOP('',(#11003,#11011,#11012,#11013));
#11003 = ORIENTED_EDGE('',*,*,#11004,.T.);
#11004 = EDGE_CURVE('',#11005,#4666,#11007,.T.);
#11005 = VERTEX_POINT('',#11006);
#11006 = CARTESIAN_POINT('',(43.210597599215,42.095349996624,
    3.000000000001));
#11007 = LINE('',#11008,#11009);
#11008 = CARTESIAN_POINT('',(43.210597599215,42.095349996624,
    3.000000000001));
#11009 = VECTOR('',#11010,1.);
#11010 = DIRECTION('',(1.224646799147E-16,0.,-1.));
#11011 = ORIENTED_EDGE('',*,*,#4673,.T.);
#11012 = ORIENTED_EDGE('',*,*,#10990,.F.);
#11013 = ORIENTED_EDGE('',*,*,#11014,.F.);
#11014 = EDGE_CURVE('',#11005,#10981,#11015,.T.);
#11015 = CIRCLE('',#11016,1.);
#11016 = AXIS2_PLACEMENT_3D('',#11017,#11018,#11019);
#11017 = CARTESIAN_POINT('',(42.470625805422,41.422712096718,
    3.000000000001));
#11018 = DIRECTION('',(-1.224646799147E-16,0.,1.));
#11019 = DIRECTION('',(-1.,-2.57571741713E-13,-1.224646799147E-16));
#11020 = CYLINDRICAL_SURFACE('',#11021,1.);
#11021 = AXIS2_PLACEMENT_3D('',#11022,#11023,#11024);
#11022 = CARTESIAN_POINT('',(42.470625805422,41.422712096718,
    3.000000000001));
#11023 = DIRECTION('',(1.224646799147E-16,0.,-1.));
#11024 = DIRECTION('',(-1.,-2.57571741713E-13,-1.224646799147E-16));
#11025 = ADVANCED_FACE('',(#11026),#11044,.T.);
#11026 = FACE_BOUND('',#11027,.T.);
#11027 = EDGE_LOOP('',(#11028,#11036,#11037,#11038));
#11028 = ORIENTED_EDGE('',*,*,#11029,.T.);
#11029 = EDGE_CURVE('',#11030,#11005,#11032,.T.);
#11030 = VERTEX_POINT('',#11031);
#11031 = CARTESIAN_POINT('',(46.210597599217,38.795037329604,
    3.000000000001));
#11032 = LINE('',#11033,#11034);
#11033 = CARTESIAN_POINT('',(43.210597599215,42.095349996625,
    3.000000000001));
#11034 = VECTOR('',#11035,1.);
#11035 = DIRECTION('',(-0.672637899907,0.739971793793,-8.23743851106E-17
    ));
#11036 = ORIENTED_EDGE('',*,*,#11004,.T.);
#11037 = ORIENTED_EDGE('',*,*,#4665,.F.);
#11038 = ORIENTED_EDGE('',*,*,#11039,.F.);
#11039 = EDGE_CURVE('',#11030,#4657,#11040,.T.);
#11040 = LINE('',#11041,#11042);
#11041 = CARTESIAN_POINT('',(46.210597599217,38.795037329604,
    3.000000000001));
#11042 = VECTOR('',#11043,1.);
#11043 = DIRECTION('',(1.224646799147E-16,0.,-1.));
#11044 = PLANE('',#11045);
#11045 = AXIS2_PLACEMENT_3D('',#11046,#11047,#11048);
#11046 = CARTESIAN_POINT('',(46.210597599217,38.795037329604,
    3.000000000001));
#11047 = DIRECTION('',(-0.739971793793,-0.672637899907,
    -9.062040887278E-17));
#11048 = DIRECTION('',(-0.672637899907,0.739971793793,-8.23743851106E-17
    ));
#11049 = ADVANCED_FACE('',(#11050),#11069,.F.);
#11050 = FACE_BOUND('',#11051,.F.);
#11051 = EDGE_LOOP('',(#11052,#11060,#11061,#11062));
#11052 = ORIENTED_EDGE('',*,*,#11053,.T.);
#11053 = EDGE_CURVE('',#11054,#4649,#11056,.T.);
#11054 = VERTEX_POINT('',#11055);
#11055 = CARTESIAN_POINT('',(46.470625805422,38.122399429698,
    3.000000000001));
#11056 = LINE('',#11057,#11058);
#11057 = CARTESIAN_POINT('',(46.470625805422,38.122399429698,
    3.000000000001));
#11058 = VECTOR('',#11059,1.);
#11059 = DIRECTION('',(1.224646799147E-16,0.,-1.));
#11060 = ORIENTED_EDGE('',*,*,#4656,.T.);
#11061 = ORIENTED_EDGE('',*,*,#11039,.F.);
#11062 = ORIENTED_EDGE('',*,*,#11063,.F.);
#11063 = EDGE_CURVE('',#11054,#11030,#11064,.T.);
#11064 = CIRCLE('',#11065,0.999999999998);
#11065 = AXIS2_PLACEMENT_3D('',#11066,#11067,#11068);
#11066 = CARTESIAN_POINT('',(45.470625805424,38.1223994297,
    3.000000000001));
#11067 = DIRECTION('',(-1.224646799147E-16,0.,1.));
#11068 = DIRECTION('',(0.739971793794,0.672637899905,9.062040887297E-17)
  );
#11069 = CYLINDRICAL_SURFACE('',#11070,0.999999999998);
#11070 = AXIS2_PLACEMENT_3D('',#11071,#11072,#11073);
#11071 = CARTESIAN_POINT('',(45.470625805424,38.1223994297,
    3.000000000001));
#11072 = DIRECTION('',(1.224646799147E-16,0.,-1.));
#11073 = DIRECTION('',(0.739971793794,0.672637899905,9.062040887297E-17)
  );
#11074 = ADVANCED_FACE('',(#11075),#11093,.T.);
#11075 = FACE_BOUND('',#11076,.T.);
#11076 = EDGE_LOOP('',(#11077,#11085,#11086,#11087));
#11077 = ORIENTED_EDGE('',*,*,#11078,.T.);
#11078 = EDGE_CURVE('',#11079,#11054,#11081,.T.);
#11079 = VERTEX_POINT('',#11080);
#11080 = CARTESIAN_POINT('',(46.470625805428,20.563234605316,
    3.000000000001));
#11081 = LINE('',#11082,#11083);
#11082 = CARTESIAN_POINT('',(46.470625805424,38.122399429698,
    3.000000000001));
#11083 = VECTOR('',#11084,1.);
#11084 = DIRECTION('',(-2.071808843032E-13,1.,-2.537234068064E-29));
#11085 = ORIENTED_EDGE('',*,*,#11053,.T.);
#11086 = ORIENTED_EDGE('',*,*,#4648,.F.);
#11087 = ORIENTED_EDGE('',*,*,#11088,.F.);
#11088 = EDGE_CURVE('',#11079,#4640,#11089,.T.);
#11089 = LINE('',#11090,#11091);
#11090 = CARTESIAN_POINT('',(46.470625805428,20.563234605316,
    3.000000000001));
#11091 = VECTOR('',#11092,1.);
#11092 = DIRECTION('',(1.224646799147E-16,0.,-1.));
#11093 = PLANE('',#11094);
#11094 = AXIS2_PLACEMENT_3D('',#11095,#11096,#11097);
#11095 = CARTESIAN_POINT('',(46.470625805428,20.563234605316,
    3.000000000001));
#11096 = DIRECTION('',(-1.,-2.071808843032E-13,-1.224646799147E-16));
#11097 = DIRECTION('',(-2.071808843032E-13,1.,-2.537234068064E-29));
#11098 = ADVANCED_FACE('',(#11099),#11118,.F.);
#11099 = FACE_BOUND('',#11100,.F.);
#11100 = EDGE_LOOP('',(#11101,#11109,#11110,#11111));
#11101 = ORIENTED_EDGE('',*,*,#11102,.T.);
#11102 = EDGE_CURVE('',#11103,#4632,#11105,.T.);
#11103 = VERTEX_POINT('',#11104);
#11104 = CARTESIAN_POINT('',(46.231719927287,19.914593149908,
    3.000000000001));
#11105 = LINE('',#11106,#11107);
#11106 = CARTESIAN_POINT('',(46.231719927287,19.914593149908,
    3.000000000001));
#11107 = VECTOR('',#11108,1.);
#11108 = DIRECTION('',(1.224646799147E-16,0.,-1.));
#11109 = ORIENTED_EDGE('',*,*,#4639,.T.);
#11110 = ORIENTED_EDGE('',*,*,#11088,.F.);
#11111 = ORIENTED_EDGE('',*,*,#11112,.F.);
#11112 = EDGE_CURVE('',#11103,#11079,#11113,.T.);
#11113 = CIRCLE('',#11114,1.);
#11114 = AXIS2_PLACEMENT_3D('',#11115,#11116,#11117);
#11115 = CARTESIAN_POINT('',(45.470625805428,20.563234605314,
    3.000000000001));
#11116 = DIRECTION('',(-1.224646799147E-16,0.,1.));
#11117 = DIRECTION('',(1.,1.580957587066E-12,1.224646799147E-16));
#11118 = CYLINDRICAL_SURFACE('',#11119,1.);
#11119 = AXIS2_PLACEMENT_3D('',#11120,#11121,#11122);
#11120 = CARTESIAN_POINT('',(45.470625805428,20.563234605314,
    3.000000000001));
#11121 = DIRECTION('',(1.224646799147E-16,0.,-1.));
#11122 = DIRECTION('',(1.,1.580957587066E-12,1.224646799147E-16));
#11123 = ADVANCED_FACE('',(#11124),#11142,.T.);
#11124 = FACE_BOUND('',#11125,.T.);
#11125 = EDGE_LOOP('',(#11126,#11134,#11135,#11136));
#11126 = ORIENTED_EDGE('',*,*,#11127,.T.);
#11127 = EDGE_CURVE('',#11128,#11103,#11130,.T.);
#11128 = VERTEX_POINT('',#11129);
#11129 = CARTESIAN_POINT('',(40.231719927276,12.874394449859,
    3.000000000001));
#11130 = LINE('',#11131,#11132);
#11131 = CARTESIAN_POINT('',(46.231719927287,19.914593149908,
    3.000000000001));
#11132 = VECTOR('',#11133,1.);
#11133 = DIRECTION('',(0.648641455407,0.761094121858,7.943566821589E-17)
  );
#11134 = ORIENTED_EDGE('',*,*,#11102,.T.);
#11135 = ORIENTED_EDGE('',*,*,#4631,.F.);
#11136 = ORIENTED_EDGE('',*,*,#11137,.F.);
#11137 = EDGE_CURVE('',#11128,#4623,#11138,.T.);
#11138 = LINE('',#11139,#11140);
#11139 = CARTESIAN_POINT('',(40.231719927276,12.874394449859,
    3.000000000001));
#11140 = VECTOR('',#11141,1.);
#11141 = DIRECTION('',(1.224646799147E-16,0.,-1.));
#11142 = PLANE('',#11143);
#11143 = AXIS2_PLACEMENT_3D('',#11144,#11145,#11146);
#11144 = CARTESIAN_POINT('',(40.231719927276,12.874394449859,
    3.000000000001));
#11145 = DIRECTION('',(-0.761094121858,0.648641455407,
    -9.320714801834E-17));
#11146 = DIRECTION('',(0.648641455407,0.761094121858,7.943566821589E-17)
  );
#11147 = ADVANCED_FACE('',(#11148),#11167,.F.);
#11148 = FACE_BOUND('',#11149,.F.);
#11149 = EDGE_LOOP('',(#11150,#11158,#11159,#11160));
#11150 = ORIENTED_EDGE('',*,*,#11151,.T.);
#11151 = EDGE_CURVE('',#11152,#4615,#11154,.T.);
#11152 = VERTEX_POINT('',#11153);
#11153 = CARTESIAN_POINT('',(38.470625805417,13.523035905266,
    3.000000000001));
#11154 = LINE('',#11155,#11156);
#11155 = CARTESIAN_POINT('',(38.470625805417,13.523035905266,
    3.000000000001));
#11156 = VECTOR('',#11157,1.);
#11157 = DIRECTION('',(1.224646799147E-16,0.,-1.));
#11158 = ORIENTED_EDGE('',*,*,#4622,.T.);
#11159 = ORIENTED_EDGE('',*,*,#11137,.F.);
#11160 = ORIENTED_EDGE('',*,*,#11161,.F.);
#11161 = EDGE_CURVE('',#11152,#11128,#11162,.T.);
#11162 = CIRCLE('',#11163,1.000000000001);
#11163 = AXIS2_PLACEMENT_3D('',#11164,#11165,#11166);
#11164 = CARTESIAN_POINT('',(39.470625805417,13.523035905266,
    3.000000000001));
#11165 = DIRECTION('',(-1.224646799147E-16,0.,1.));
#11166 = DIRECTION('',(0.761094121858,-0.648641455407,9.320714801839E-17
    ));
#11167 = CYLINDRICAL_SURFACE('',#11168,1.000000000001);
#11168 = AXIS2_PLACEMENT_3D('',#11169,#11170,#11171);
#11169 = CARTESIAN_POINT('',(39.470625805417,13.523035905266,
    3.000000000001));
#11170 = DIRECTION('',(1.224646799147E-16,0.,-1.));
#11171 = DIRECTION('',(0.761094121858,-0.648641455407,9.320714801839E-17
    ));
#11172 = ADVANCED_FACE('',(#11173),#11191,.T.);
#11173 = FACE_BOUND('',#11174,.T.);
#11174 = EDGE_LOOP('',(#11175,#11183,#11184,#11185));
#11175 = ORIENTED_EDGE('',*,*,#11176,.T.);
#11176 = EDGE_CURVE('',#11177,#11152,#11179,.T.);
#11177 = VERTEX_POINT('',#11178);
#11178 = CARTESIAN_POINT('',(38.470625805411,35.778502906804,
    3.000000000001));
#11179 = LINE('',#11180,#11181);
#11180 = CARTESIAN_POINT('',(38.470625805411,35.778502906804,
    3.000000000001));
#11181 = VECTOR('',#11182,1.);
#11182 = DIRECTION('',(2.451867743623E-13,-1.,3.00267198416E-29));
#11183 = ORIENTED_EDGE('',*,*,#11151,.T.);
#11184 = ORIENTED_EDGE('',*,*,#4614,.F.);
#11185 = ORIENTED_EDGE('',*,*,#11186,.F.);
#11186 = EDGE_CURVE('',#11177,#4606,#11187,.T.);
#11187 = LINE('',#11188,#11189);
#11188 = CARTESIAN_POINT('',(38.470625805411,35.778502906804,
    3.000000000001));
#11189 = VECTOR('',#11190,1.);
#11190 = DIRECTION('',(1.224646799147E-16,0.,-1.));
#11191 = PLANE('',#11192);
#11192 = AXIS2_PLACEMENT_3D('',#11193,#11194,#11195);
#11193 = CARTESIAN_POINT('',(38.470625805411,35.778502906804,
    3.000000000001));
#11194 = DIRECTION('',(1.,2.451867743623E-13,1.224646799147E-16));
#11195 = DIRECTION('',(2.451867743623E-13,-1.,3.00267198416E-29));
#11196 = ADVANCED_FACE('',(#11197),#11209,.F.);
#11197 = FACE_BOUND('',#11198,.F.);
#11198 = EDGE_LOOP('',(#11199,#11200,#11201,#11202));
#11199 = ORIENTED_EDGE('',*,*,#10934,.T.);
#11200 = ORIENTED_EDGE('',*,*,#4603,.T.);
#11201 = ORIENTED_EDGE('',*,*,#11186,.F.);
#11202 = ORIENTED_EDGE('',*,*,#11203,.F.);
#11203 = EDGE_CURVE('',#10927,#11177,#11204,.T.);
#11204 = CIRCLE('',#11205,1.);
#11205 = AXIS2_PLACEMENT_3D('',#11206,#11207,#11208);
#11206 = CARTESIAN_POINT('',(39.470625805411,35.778502906804,
    3.000000000001));
#11207 = DIRECTION('',(-1.224646799147E-16,0.,1.));
#11208 = DIRECTION('',(-1.,-2.57571741713E-13,-1.224646799147E-16));
#11209 = CYLINDRICAL_SURFACE('',#11210,1.);
#11210 = AXIS2_PLACEMENT_3D('',#11211,#11212,#11213);
#11211 = CARTESIAN_POINT('',(39.470625805411,35.778502906804,
    3.000000000001));
#11212 = DIRECTION('',(1.224646799147E-16,0.,-1.));
#11213 = DIRECTION('',(-1.,-2.57571741713E-13,-1.224646799147E-16));
#11214 = ADVANCED_FACE('',(#11215),#11240,.T.);
#11215 = FACE_BOUND('',#11216,.T.);
#11216 = EDGE_LOOP('',(#11217,#11227,#11233,#11234));
#11217 = ORIENTED_EDGE('',*,*,#11218,.T.);
#11218 = EDGE_CURVE('',#11219,#11221,#11223,.T.);
#11219 = VERTEX_POINT('',#11220);
#11220 = CARTESIAN_POINT('',(60.434244575717,73.105982062394,
    3.000000000001));
#11221 = VERTEX_POINT('',#11222);
#11222 = CARTESIAN_POINT('',(55.454703546195,77.509075699388,
    3.000000000001));
#11223 = LINE('',#11224,#11225);
#11224 = CARTESIAN_POINT('',(60.434244575717,73.105982062394,
    3.000000000001));
#11225 = VECTOR('',#11226,1.);
#11226 = DIRECTION('',(-0.749137276591,0.662414780045,
    -9.174285678992E-17));
#11227 = ORIENTED_EDGE('',*,*,#11228,.T.);
#11228 = EDGE_CURVE('',#11221,#4708,#11229,.T.);
#11229 = LINE('',#11230,#11231);
#11230 = CARTESIAN_POINT('',(55.454703546195,77.509075699388,
    3.000000000001));
#11231 = VECTOR('',#11232,1.);
#11232 = DIRECTION('',(1.224646799147E-16,0.,-1.));
#11233 = ORIENTED_EDGE('',*,*,#4769,.F.);
#11234 = ORIENTED_EDGE('',*,*,#11235,.F.);
#11235 = EDGE_CURVE('',#11219,#4761,#11236,.T.);
#11236 = LINE('',#11237,#11238);
#11237 = CARTESIAN_POINT('',(60.434244575717,73.105982062394,
    3.000000000001));
#11238 = VECTOR('',#11239,1.);
#11239 = DIRECTION('',(1.224646799147E-16,0.,-1.));
#11240 = PLANE('',#11241);
#11241 = AXIS2_PLACEMENT_3D('',#11242,#11243,#11244);
#11242 = CARTESIAN_POINT('',(60.434244575717,73.105982062394,
    3.000000000001));
#11243 = DIRECTION('',(-0.662414780045,-0.749137276591,
    -8.112241400897E-17));
#11244 = DIRECTION('',(-0.749137276591,0.662414780045,
    -9.174285678992E-17));
#11245 = ADVANCED_FACE('',(#11246),#11265,.F.);
#11246 = FACE_BOUND('',#11247,.F.);
#11247 = EDGE_LOOP('',(#11248,#11256,#11257,#11258));
#11248 = ORIENTED_EDGE('',*,*,#11249,.T.);
#11249 = EDGE_CURVE('',#11250,#4753,#11252,.T.);
#11250 = VERTEX_POINT('',#11251);
#11251 = CARTESIAN_POINT('',(60.501282577429,70.921615975728,
    3.000000000001));
#11252 = LINE('',#11253,#11254);
#11253 = CARTESIAN_POINT('',(60.501282577429,70.921615975728,
    3.000000000001));
#11254 = VECTOR('',#11255,1.);
#11255 = DIRECTION('',(1.224646799147E-16,0.,-1.));
#11256 = ORIENTED_EDGE('',*,*,#4760,.T.);
#11257 = ORIENTED_EDGE('',*,*,#11235,.F.);
#11258 = ORIENTED_EDGE('',*,*,#11259,.F.);
#11259 = EDGE_CURVE('',#11250,#11219,#11260,.T.);
#11260 = CIRCLE('',#11261,1.499999999999);
#11261 = AXIS2_PLACEMENT_3D('',#11262,#11263,#11264);
#11262 = CARTESIAN_POINT('',(59.44062240565,71.982276147507,
    3.000000000001));
#11263 = DIRECTION('',(-1.224646799147E-16,0.,1.));
#11264 = DIRECTION('',(0.662414780045,0.749137276591,8.112241400895E-17)
  );
#11265 = CYLINDRICAL_SURFACE('',#11266,1.499999999999);
#11266 = AXIS2_PLACEMENT_3D('',#11267,#11268,#11269);
#11267 = CARTESIAN_POINT('',(59.44062240565,71.982276147507,
    3.000000000001));
#11268 = DIRECTION('',(1.224646799147E-16,0.,-1.));
#11269 = DIRECTION('',(0.662414780045,0.749137276591,8.112241400895E-17)
  );
#11270 = ADVANCED_FACE('',(#11271),#11289,.T.);
#11271 = FACE_BOUND('',#11272,.T.);
#11272 = EDGE_LOOP('',(#11273,#11281,#11282,#11283));
#11273 = ORIENTED_EDGE('',*,*,#11274,.T.);
#11274 = EDGE_CURVE('',#11275,#11250,#11277,.T.);
#11275 = VERTEX_POINT('',#11276);
#11276 = CARTESIAN_POINT('',(52.177732586585,62.598065984882,
    3.000000000001));
#11277 = LINE('',#11278,#11279);
#11278 = CARTESIAN_POINT('',(60.501282577429,70.921615975728,
    3.000000000001));
#11279 = VECTOR('',#11280,1.);
#11280 = DIRECTION('',(0.707106781186,0.707106781187,8.659560562354E-17)
  );
#11281 = ORIENTED_EDGE('',*,*,#11249,.T.);
#11282 = ORIENTED_EDGE('',*,*,#4752,.F.);
#11283 = ORIENTED_EDGE('',*,*,#11284,.F.);
#11284 = EDGE_CURVE('',#11275,#4744,#11285,.T.);
#11285 = LINE('',#11286,#11287);
#11286 = CARTESIAN_POINT('',(52.177732586585,62.598065984882,
    3.000000000001));
#11287 = VECTOR('',#11288,1.);
#11288 = DIRECTION('',(1.224646799147E-16,0.,-1.));
#11289 = PLANE('',#11290);
#11290 = AXIS2_PLACEMENT_3D('',#11291,#11292,#11293);
#11291 = CARTESIAN_POINT('',(52.177732586585,62.598065984882,
    3.000000000001));
#11292 = DIRECTION('',(-0.707106781187,0.707106781186,
    -8.659560562356E-17));
#11293 = DIRECTION('',(0.707106781186,0.707106781187,8.659560562354E-17)
  );
#11294 = ADVANCED_FACE('',(#11295),#11314,.F.);
#11295 = FACE_BOUND('',#11296,.F.);
#11296 = EDGE_LOOP('',(#11297,#11305,#11306,#11307));
#11297 = ORIENTED_EDGE('',*,*,#11298,.T.);
#11298 = EDGE_CURVE('',#11299,#4736,#11301,.T.);
#11299 = VERTEX_POINT('',#11300);
#11300 = CARTESIAN_POINT('',(50.470625805398,63.305172766068,
    3.000000000001));
#11301 = LINE('',#11302,#11303);
#11302 = CARTESIAN_POINT('',(50.470625805398,63.305172766068,
    3.000000000001));
#11303 = VECTOR('',#11304,1.);
#11304 = DIRECTION('',(1.224646799147E-16,0.,-1.));
#11305 = ORIENTED_EDGE('',*,*,#4743,.T.);
#11306 = ORIENTED_EDGE('',*,*,#11284,.F.);
#11307 = ORIENTED_EDGE('',*,*,#11308,.F.);
#11308 = EDGE_CURVE('',#11299,#11275,#11309,.T.);
#11309 = CIRCLE('',#11310,1.);
#11310 = AXIS2_PLACEMENT_3D('',#11311,#11312,#11313);
#11311 = CARTESIAN_POINT('',(51.470625805398,63.305172766068,
    3.000000000001));
#11312 = DIRECTION('',(-1.224646799147E-16,0.,1.));
#11313 = DIRECTION('',(0.707106781187,-0.707106781186,8.659560562356E-17
    ));
#11314 = CYLINDRICAL_SURFACE('',#11315,1.);
#11315 = AXIS2_PLACEMENT_3D('',#11316,#11317,#11318);
#11316 = CARTESIAN_POINT('',(51.470625805398,63.305172766068,
    3.000000000001));
#11317 = DIRECTION('',(1.224646799147E-16,0.,-1.));
#11318 = DIRECTION('',(0.707106781187,-0.707106781186,8.659560562356E-17
    ));
#11319 = ADVANCED_FACE('',(#11320),#11338,.T.);
#11320 = FACE_BOUND('',#11321,.T.);
#11321 = EDGE_LOOP('',(#11322,#11330,#11331,#11332));
#11322 = ORIENTED_EDGE('',*,*,#11323,.T.);
#11323 = EDGE_CURVE('',#11324,#11299,#11326,.T.);
#11324 = VERTEX_POINT('',#11325);
#11325 = CARTESIAN_POINT('',(50.470625805398,73.894914213769,
    3.000000000001));
#11326 = LINE('',#11327,#11328);
#11327 = CARTESIAN_POINT('',(50.470625805398,73.894914213769,
    3.000000000001));
#11328 = VECTOR('',#11329,1.);
#11329 = DIRECTION('',(2.620987089506E-17,-1.,3.20978344977E-33));
#11330 = ORIENTED_EDGE('',*,*,#11298,.T.);
#11331 = ORIENTED_EDGE('',*,*,#4735,.F.);
#11332 = ORIENTED_EDGE('',*,*,#11333,.F.);
#11333 = EDGE_CURVE('',#11324,#4727,#11334,.T.);
#11334 = LINE('',#11335,#11336);
#11335 = CARTESIAN_POINT('',(50.470625805398,73.894914213769,
    3.000000000001));
#11336 = VECTOR('',#11337,1.);
#11337 = DIRECTION('',(1.224646799147E-16,0.,-1.));
#11338 = PLANE('',#11339);
#11339 = AXIS2_PLACEMENT_3D('',#11340,#11341,#11342);
#11340 = CARTESIAN_POINT('',(50.470625805398,73.894914213769,
    3.000000000001));
#11341 = DIRECTION('',(1.,2.620987089506E-17,1.224646799147E-16));
#11342 = DIRECTION('',(2.620987089506E-17,-1.,3.20978344977E-33));
#11343 = ADVANCED_FACE('',(#11344),#11363,.F.);
#11344 = FACE_BOUND('',#11345,.F.);
#11345 = EDGE_LOOP('',(#11346,#11354,#11355,#11356));
#11346 = ORIENTED_EDGE('',*,*,#11347,.T.);
#11347 = EDGE_CURVE('',#11348,#4719,#11350,.T.);
#11348 = VERTEX_POINT('',#11349);
#11349 = CARTESIAN_POINT('',(50.909965633618,74.955574385549,
    3.000000000001));
#11350 = LINE('',#11351,#11352);
#11351 = CARTESIAN_POINT('',(50.909965633618,74.955574385549,
    3.000000000001));
#11352 = VECTOR('',#11353,1.);
#11353 = DIRECTION('',(1.224646799147E-16,0.,-1.));
#11354 = ORIENTED_EDGE('',*,*,#4726,.T.);
#11355 = ORIENTED_EDGE('',*,*,#11333,.F.);
#11356 = ORIENTED_EDGE('',*,*,#11357,.F.);
#11357 = EDGE_CURVE('',#11348,#11324,#11358,.T.);
#11358 = CIRCLE('',#11359,1.5);
#11359 = AXIS2_PLACEMENT_3D('',#11360,#11361,#11362);
#11360 = CARTESIAN_POINT('',(51.970625805398,73.894914213769,
    3.000000000001));
#11361 = DIRECTION('',(-1.224646799147E-16,0.,1.));
#11362 = DIRECTION('',(-1.,0.,-1.224646799147E-16));
#11363 = CYLINDRICAL_SURFACE('',#11364,1.5);
#11364 = AXIS2_PLACEMENT_3D('',#11365,#11366,#11367);
#11365 = CARTESIAN_POINT('',(51.970625805398,73.894914213769,
    3.000000000001));
#11366 = DIRECTION('',(1.224646799147E-16,0.,-1.));
#11367 = DIRECTION('',(-1.,0.,-1.224646799147E-16));
#11368 = ADVANCED_FACE('',(#11369),#11387,.T.);
#11369 = FACE_BOUND('',#11370,.T.);
#11370 = EDGE_LOOP('',(#11371,#11379,#11380,#11381));
#11371 = ORIENTED_EDGE('',*,*,#11372,.T.);
#11372 = EDGE_CURVE('',#11373,#11348,#11375,.T.);
#11373 = VERTEX_POINT('',#11374);
#11374 = CARTESIAN_POINT('',(53.40042120435,77.44602995628,
    3.000000000001));
#11375 = LINE('',#11376,#11377);
#11376 = CARTESIAN_POINT('',(53.40042120435,77.44602995628,
    3.000000000001));
#11377 = VECTOR('',#11378,1.);
#11378 = DIRECTION('',(-0.707106781187,-0.707106781187,
    -8.659560562355E-17));
#11379 = ORIENTED_EDGE('',*,*,#11347,.T.);
#11380 = ORIENTED_EDGE('',*,*,#4718,.F.);
#11381 = ORIENTED_EDGE('',*,*,#11382,.F.);
#11382 = EDGE_CURVE('',#11373,#4710,#11383,.T.);
#11383 = LINE('',#11384,#11385);
#11384 = CARTESIAN_POINT('',(53.40042120435,77.44602995628,
    3.000000000001));
#11385 = VECTOR('',#11386,1.);
#11386 = DIRECTION('',(1.224646799147E-16,0.,-1.));
#11387 = PLANE('',#11388);
#11388 = AXIS2_PLACEMENT_3D('',#11389,#11390,#11391);
#11389 = CARTESIAN_POINT('',(53.40042120435,77.44602995628,
    3.000000000001));
#11390 = DIRECTION('',(0.707106781187,-0.707106781187,8.659560562355E-17
    ));
#11391 = DIRECTION('',(-0.707106781187,-0.707106781187,
    -8.659560562355E-17));
#11392 = ADVANCED_FACE('',(#11393),#11405,.F.);
#11393 = FACE_BOUND('',#11394,.F.);
#11394 = EDGE_LOOP('',(#11395,#11396,#11397,#11398));
#11395 = ORIENTED_EDGE('',*,*,#11228,.T.);
#11396 = ORIENTED_EDGE('',*,*,#4707,.T.);
#11397 = ORIENTED_EDGE('',*,*,#11382,.F.);
#11398 = ORIENTED_EDGE('',*,*,#11399,.F.);
#11399 = EDGE_CURVE('',#11221,#11373,#11400,.T.);
#11400 = CIRCLE('',#11401,1.499999999999);
#11401 = AXIS2_PLACEMENT_3D('',#11402,#11403,#11404);
#11402 = CARTESIAN_POINT('',(54.461081376129,76.385369784502,
    3.000000000001));
#11403 = DIRECTION('',(-1.224646799147E-16,0.,1.));
#11404 = DIRECTION('',(-0.707106781187,0.707106781186,
    -8.659560562356E-17));
#11405 = CYLINDRICAL_SURFACE('',#11406,1.499999999999);
#11406 = AXIS2_PLACEMENT_3D('',#11407,#11408,#11409);
#11407 = CARTESIAN_POINT('',(54.461081376129,76.385369784502,
    3.000000000001));
#11408 = DIRECTION('',(1.224646799147E-16,0.,-1.));
#11409 = DIRECTION('',(-0.707106781187,0.707106781186,
    -8.659560562356E-17));
#11410 = ADVANCED_FACE('',(#11411),#11436,.T.);
#11411 = FACE_BOUND('',#11412,.T.);
#11412 = EDGE_LOOP('',(#11413,#11423,#11429,#11430));
#11413 = ORIENTED_EDGE('',*,*,#11414,.T.);
#11414 = EDGE_CURVE('',#11415,#11417,#11419,.T.);
#11415 = VERTEX_POINT('',#11416);
#11416 = CARTESIAN_POINT('',(41.48654806463,77.509075699388,
    3.000000000001));
#11417 = VERTEX_POINT('',#11418);
#11418 = CARTESIAN_POINT('',(36.50700703511,73.105982062393,
    3.000000000001));
#11419 = LINE('',#11420,#11421);
#11420 = CARTESIAN_POINT('',(36.507007035109,73.105982062394,
    3.000000000001));
#11421 = VECTOR('',#11422,1.);
#11422 = DIRECTION('',(-0.749137276591,-0.662414780045,
    -9.174285678992E-17));
#11423 = ORIENTED_EDGE('',*,*,#11424,.T.);
#11424 = EDGE_CURVE('',#11417,#4778,#11425,.T.);
#11425 = LINE('',#11426,#11427);
#11426 = CARTESIAN_POINT('',(36.50700703511,73.105982062393,
    3.000000000001));
#11427 = VECTOR('',#11428,1.);
#11428 = DIRECTION('',(1.224646799147E-16,0.,-1.));
#11429 = ORIENTED_EDGE('',*,*,#4839,.F.);
#11430 = ORIENTED_EDGE('',*,*,#11431,.F.);
#11431 = EDGE_CURVE('',#11415,#4831,#11432,.T.);
#11432 = LINE('',#11433,#11434);
#11433 = CARTESIAN_POINT('',(41.48654806463,77.509075699388,
    3.000000000001));
#11434 = VECTOR('',#11435,1.);
#11435 = DIRECTION('',(1.224646799147E-16,0.,-1.));
#11436 = PLANE('',#11437);
#11437 = AXIS2_PLACEMENT_3D('',#11438,#11439,#11440);
#11438 = CARTESIAN_POINT('',(41.48654806463,77.509075699388,
    3.000000000001));
#11439 = DIRECTION('',(0.662414780045,-0.749137276591,8.112241400897E-17
    ));
#11440 = DIRECTION('',(-0.749137276591,-0.662414780045,
    -9.174285678992E-17));
#11441 = ADVANCED_FACE('',(#11442),#11461,.F.);
#11442 = FACE_BOUND('',#11443,.F.);
#11443 = EDGE_LOOP('',(#11444,#11452,#11453,#11454));
#11444 = ORIENTED_EDGE('',*,*,#11445,.T.);
#11445 = EDGE_CURVE('',#11446,#4823,#11448,.T.);
#11446 = VERTEX_POINT('',#11447);
#11447 = CARTESIAN_POINT('',(43.540830406476,77.446029956281,
    3.000000000001));
#11448 = LINE('',#11449,#11450);
#11449 = CARTESIAN_POINT('',(43.540830406476,77.446029956281,
    3.000000000001));
#11450 = VECTOR('',#11451,1.);
#11451 = DIRECTION('',(1.224646799147E-16,0.,-1.));
#11452 = ORIENTED_EDGE('',*,*,#4830,.T.);
#11453 = ORIENTED_EDGE('',*,*,#11431,.F.);
#11454 = ORIENTED_EDGE('',*,*,#11455,.F.);
#11455 = EDGE_CURVE('',#11446,#11415,#11456,.T.);
#11456 = CIRCLE('',#11457,1.5);
#11457 = AXIS2_PLACEMENT_3D('',#11458,#11459,#11460);
#11458 = CARTESIAN_POINT('',(42.480170234697,76.385369784502,
    3.000000000001));
#11459 = DIRECTION('',(-1.224646799147E-16,0.,1.));
#11460 = DIRECTION('',(-0.662414780044,0.749137276591,
    -8.112241400893E-17));
#11461 = CYLINDRICAL_SURFACE('',#11462,1.5);
#11462 = AXIS2_PLACEMENT_3D('',#11463,#11464,#11465);
#11463 = CARTESIAN_POINT('',(42.480170234697,76.385369784502,
    3.000000000001));
#11464 = DIRECTION('',(1.224646799147E-16,0.,-1.));
#11465 = DIRECTION('',(-0.662414780044,0.749137276591,
    -8.112241400893E-17));
#11466 = ADVANCED_FACE('',(#11467),#11485,.T.);
#11467 = FACE_BOUND('',#11468,.T.);
#11468 = EDGE_LOOP('',(#11469,#11477,#11478,#11479));
#11469 = ORIENTED_EDGE('',*,*,#11470,.T.);
#11470 = EDGE_CURVE('',#11471,#11446,#11473,.T.);
#11471 = VERTEX_POINT('',#11472);
#11472 = CARTESIAN_POINT('',(46.031285977206,74.955574385551,
    3.000000000001));
#11473 = LINE('',#11474,#11475);
#11474 = CARTESIAN_POINT('',(43.540830406476,77.44602995628,
    3.000000000001));
#11475 = VECTOR('',#11476,1.);
#11476 = DIRECTION('',(-0.707106781187,0.707106781187,
    -8.659560562355E-17));
#11477 = ORIENTED_EDGE('',*,*,#11445,.T.);
#11478 = ORIENTED_EDGE('',*,*,#4822,.F.);
#11479 = ORIENTED_EDGE('',*,*,#11480,.F.);
#11480 = EDGE_CURVE('',#11471,#4814,#11481,.T.);
#11481 = LINE('',#11482,#11483);
#11482 = CARTESIAN_POINT('',(46.031285977206,74.955574385551,
    3.000000000001));
#11483 = VECTOR('',#11484,1.);
#11484 = DIRECTION('',(1.224646799147E-16,0.,-1.));
#11485 = PLANE('',#11486);
#11486 = AXIS2_PLACEMENT_3D('',#11487,#11488,#11489);
#11487 = CARTESIAN_POINT('',(46.031285977206,74.955574385551,
    3.000000000001));
#11488 = DIRECTION('',(-0.707106781187,-0.707106781187,
    -8.659560562355E-17));
#11489 = DIRECTION('',(-0.707106781187,0.707106781187,
    -8.659560562355E-17));
#11490 = ADVANCED_FACE('',(#11491),#11510,.F.);
#11491 = FACE_BOUND('',#11492,.F.);
#11492 = EDGE_LOOP('',(#11493,#11501,#11502,#11503));
#11493 = ORIENTED_EDGE('',*,*,#11494,.T.);
#11494 = EDGE_CURVE('',#11495,#4806,#11497,.T.);
#11495 = VERTEX_POINT('',#11496);
#11496 = CARTESIAN_POINT('',(46.470625805428,73.894914213769,
    3.000000000001));
#11497 = LINE('',#11498,#11499);
#11498 = CARTESIAN_POINT('',(46.470625805428,73.894914213769,
    3.000000000001));
#11499 = VECTOR('',#11500,1.);
#11500 = DIRECTION('',(1.224646799147E-16,0.,-1.));
#11501 = ORIENTED_EDGE('',*,*,#4813,.T.);
#11502 = ORIENTED_EDGE('',*,*,#11480,.F.);
#11503 = ORIENTED_EDGE('',*,*,#11504,.F.);
#11504 = EDGE_CURVE('',#11495,#11471,#11505,.T.);
#11505 = CIRCLE('',#11506,1.5);
#11506 = AXIS2_PLACEMENT_3D('',#11507,#11508,#11509);
#11507 = CARTESIAN_POINT('',(44.970625805428,73.894914213769,
    3.000000000001));
#11508 = DIRECTION('',(-1.224646799147E-16,0.,1.));
#11509 = DIRECTION('',(0.707106781185,0.707106781188,8.65956056234E-17)
  );
#11510 = CYLINDRICAL_SURFACE('',#11511,1.5);
#11511 = AXIS2_PLACEMENT_3D('',#11512,#11513,#11514);
#11512 = CARTESIAN_POINT('',(44.970625805428,73.894914213769,
    3.000000000001));
#11513 = DIRECTION('',(1.224646799147E-16,0.,-1.));
#11514 = DIRECTION('',(0.707106781185,0.707106781188,8.65956056234E-17)
  );
#11515 = ADVANCED_FACE('',(#11516),#11534,.T.);
#11516 = FACE_BOUND('',#11517,.T.);
#11517 = EDGE_LOOP('',(#11518,#11526,#11527,#11528));
#11518 = ORIENTED_EDGE('',*,*,#11519,.T.);
#11519 = EDGE_CURVE('',#11520,#11495,#11522,.T.);
#11520 = VERTEX_POINT('',#11521);
#11521 = CARTESIAN_POINT('',(46.470625805428,63.305172766068,
    3.000000000001));
#11522 = LINE('',#11523,#11524);
#11523 = CARTESIAN_POINT('',(46.470625805428,73.894914213769,
    3.000000000001));
#11524 = VECTOR('',#11525,1.);
#11525 = DIRECTION('',(0.,1.,0.));
#11526 = ORIENTED_EDGE('',*,*,#11494,.T.);
#11527 = ORIENTED_EDGE('',*,*,#4805,.F.);
#11528 = ORIENTED_EDGE('',*,*,#11529,.F.);
#11529 = EDGE_CURVE('',#11520,#4797,#11530,.T.);
#11530 = LINE('',#11531,#11532);
#11531 = CARTESIAN_POINT('',(46.470625805428,63.305172766068,
    3.000000000001));
#11532 = VECTOR('',#11533,1.);
#11533 = DIRECTION('',(1.224646799147E-16,0.,-1.));
#11534 = PLANE('',#11535);
#11535 = AXIS2_PLACEMENT_3D('',#11536,#11537,#11538);
#11536 = CARTESIAN_POINT('',(46.470625805428,63.305172766068,
    3.000000000001));
#11537 = DIRECTION('',(-1.,0.,-1.224646799147E-16));
#11538 = DIRECTION('',(0.,1.,0.));
#11539 = ADVANCED_FACE('',(#11540),#11559,.F.);
#11540 = FACE_BOUND('',#11541,.F.);
#11541 = EDGE_LOOP('',(#11542,#11550,#11551,#11552));
#11542 = ORIENTED_EDGE('',*,*,#11543,.T.);
#11543 = EDGE_CURVE('',#11544,#4789,#11546,.T.);
#11544 = VERTEX_POINT('',#11545);
#11545 = CARTESIAN_POINT('',(44.763519024241,62.598065984882,
    3.000000000001));
#11546 = LINE('',#11547,#11548);
#11547 = CARTESIAN_POINT('',(44.763519024241,62.598065984882,
    3.000000000001));
#11548 = VECTOR('',#11549,1.);
#11549 = DIRECTION('',(1.224646799147E-16,0.,-1.));
#11550 = ORIENTED_EDGE('',*,*,#4796,.T.);
#11551 = ORIENTED_EDGE('',*,*,#11529,.F.);
#11552 = ORIENTED_EDGE('',*,*,#11553,.F.);
#11553 = EDGE_CURVE('',#11544,#11520,#11554,.T.);
#11554 = CIRCLE('',#11555,1.);
#11555 = AXIS2_PLACEMENT_3D('',#11556,#11557,#11558);
#11556 = CARTESIAN_POINT('',(45.470625805428,63.305172766068,
    3.000000000001));
#11557 = DIRECTION('',(-1.224646799147E-16,0.,1.));
#11558 = DIRECTION('',(1.,0.,1.224646799147E-16));
#11559 = CYLINDRICAL_SURFACE('',#11560,1.);
#11560 = AXIS2_PLACEMENT_3D('',#11561,#11562,#11563);
#11561 = CARTESIAN_POINT('',(45.470625805428,63.305172766068,
    3.000000000001));
#11562 = DIRECTION('',(1.224646799147E-16,0.,-1.));
#11563 = DIRECTION('',(1.,0.,1.224646799147E-16));
#11564 = ADVANCED_FACE('',(#11565),#11583,.T.);
#11565 = FACE_BOUND('',#11566,.T.);
#11566 = EDGE_LOOP('',(#11567,#11575,#11576,#11577));
#11567 = ORIENTED_EDGE('',*,*,#11568,.T.);
#11568 = EDGE_CURVE('',#11569,#11544,#11571,.T.);
#11569 = VERTEX_POINT('',#11570);
#11570 = CARTESIAN_POINT('',(36.439969033397,70.921615975728,
    3.000000000001));
#11571 = LINE('',#11572,#11573);
#11572 = CARTESIAN_POINT('',(36.439969033397,70.921615975728,
    3.000000000001));
#11573 = VECTOR('',#11574,1.);
#11574 = DIRECTION('',(0.707106781186,-0.707106781187,8.659560562354E-17
    ));
#11575 = ORIENTED_EDGE('',*,*,#11543,.T.);
#11576 = ORIENTED_EDGE('',*,*,#4788,.F.);
#11577 = ORIENTED_EDGE('',*,*,#11578,.F.);
#11578 = EDGE_CURVE('',#11569,#4780,#11579,.T.);
#11579 = LINE('',#11580,#11581);
#11580 = CARTESIAN_POINT('',(36.439969033397,70.921615975728,
    3.000000000001));
#11581 = VECTOR('',#11582,1.);
#11582 = DIRECTION('',(1.224646799147E-16,0.,-1.));
#11583 = PLANE('',#11584);
#11584 = AXIS2_PLACEMENT_3D('',#11585,#11586,#11587);
#11585 = CARTESIAN_POINT('',(36.439969033397,70.921615975728,
    3.000000000001));
#11586 = DIRECTION('',(0.707106781187,0.707106781186,8.659560562356E-17)
  );
#11587 = DIRECTION('',(0.707106781186,-0.707106781187,8.659560562354E-17
    ));
#11588 = ADVANCED_FACE('',(#11589),#11601,.F.);
#11589 = FACE_BOUND('',#11590,.F.);
#11590 = EDGE_LOOP('',(#11591,#11592,#11593,#11594));
#11591 = ORIENTED_EDGE('',*,*,#11424,.T.);
#11592 = ORIENTED_EDGE('',*,*,#4777,.T.);
#11593 = ORIENTED_EDGE('',*,*,#11578,.F.);
#11594 = ORIENTED_EDGE('',*,*,#11595,.F.);
#11595 = EDGE_CURVE('',#11417,#11569,#11596,.T.);
#11596 = CIRCLE('',#11597,1.499999999999);
#11597 = AXIS2_PLACEMENT_3D('',#11598,#11599,#11600);
#11598 = CARTESIAN_POINT('',(37.500629205176,71.982276147507,
    3.000000000001));
#11599 = DIRECTION('',(-1.224646799147E-16,-1.232595164408E-32,1.));
#11600 = DIRECTION('',(-0.707106781186,-0.707106781187,
    -8.659560562354E-17));
#11601 = CYLINDRICAL_SURFACE('',#11602,1.499999999999);
#11602 = AXIS2_PLACEMENT_3D('',#11603,#11604,#11605);
#11603 = CARTESIAN_POINT('',(37.500629205176,71.982276147507,
    3.000000000001));
#11604 = DIRECTION('',(1.224646799147E-16,0.,-1.));
#11605 = DIRECTION('',(-0.707106781186,-0.707106781187,
    -8.659560562354E-17));
#11606 = ADVANCED_FACE('',(#11607),#11625,.T.);
#11607 = FACE_BOUND('',#11608,.T.);
#11608 = EDGE_LOOP('',(#11609,#11610,#11618,#11624));
#11609 = ORIENTED_EDGE('',*,*,#21,.F.);
#11610 = ORIENTED_EDGE('',*,*,#11611,.F.);
#11611 = EDGE_CURVE('',#11612,#22,#11614,.T.);
#11612 = VERTEX_POINT('',#11613);
#11613 = CARTESIAN_POINT('',(38.590625806096,215.31669331296,
    3.000000000001));
#11614 = LINE('',#11615,#11616);
#11615 = CARTESIAN_POINT('',(38.590625806096,215.31669331296,
    3.000000000001));
#11616 = VECTOR('',#11617,1.);
#11617 = DIRECTION('',(1.224646799147E-16,0.,-1.));
#11618 = ORIENTED_EDGE('',*,*,#11619,.F.);
#11619 = EDGE_CURVE('',#372,#11612,#11620,.T.);
#11620 = LINE('',#11621,#11622);
#11621 = CARTESIAN_POINT('',(38.590625806098,215.8993352164,
    3.000000000001));
#11622 = VECTOR('',#11623,1.);
#11623 = DIRECTION('',(-3.123111342683E-12,-1.,-3.824708309197E-28));
#11624 = ORIENTED_EDGE('',*,*,#371,.T.);
#11625 = PLANE('',#11626);
#11626 = AXIS2_PLACEMENT_3D('',#11627,#11628,#11629);
#11627 = CARTESIAN_POINT('',(38.590625806096,215.31669331296,
    3.000000000001));
#11628 = DIRECTION('',(-1.,3.123111342683E-12,-1.224646799147E-16));
#11629 = DIRECTION('',(3.123111342683E-12,1.,3.824708309197E-28));
#11630 = ADVANCED_FACE('',(#11631),#11651,.F.);
#11631 = FACE_BOUND('',#11632,.F.);
#11632 = EDGE_LOOP('',(#11633,#11634,#11643,#11649,#11650));
#11633 = ORIENTED_EDGE('',*,*,#11611,.F.);
#11634 = ORIENTED_EDGE('',*,*,#11635,.T.);
#11635 = EDGE_CURVE('',#11612,#11636,#11638,.T.);
#11636 = VERTEX_POINT('',#11637);
#11637 = CARTESIAN_POINT('',(38.5906258419,213.71669331296,
    3.000000000001));
#11638 = CIRCLE('',#11639,0.8);
#11639 = AXIS2_PLACEMENT_3D('',#11640,#11641,#11642);
#11640 = CARTESIAN_POINT('',(38.590625842847,214.51669331296,
    3.000000000001));
#11641 = DIRECTION('',(1.224646799147E-16,0.,-1.));
#11642 = DIRECTION('',(-4.593856128834E-08,1.,-5.62585120392E-24));
#11643 = ORIENTED_EDGE('',*,*,#11644,.T.);
#11644 = EDGE_CURVE('',#11636,#3029,#11645,.T.);
#11645 = LINE('',#11646,#11647);
#11646 = CARTESIAN_POINT('',(38.5906258419,213.71669331296,
    3.000000000001));
#11647 = VECTOR('',#11648,1.);
#11648 = DIRECTION('',(1.224646799147E-16,0.,-1.));
#11649 = ORIENTED_EDGE('',*,*,#3036,.T.);
#11650 = ORIENTED_EDGE('',*,*,#55,.T.);
#11651 = CYLINDRICAL_SURFACE('',#11652,0.8);
#11652 = AXIS2_PLACEMENT_3D('',#11653,#11654,#11655);
#11653 = CARTESIAN_POINT('',(38.590625842847,214.51669331296,
    3.000000000001));
#11654 = DIRECTION('',(1.224646799147E-16,0.,-1.));
#11655 = DIRECTION('',(-4.593856128834E-08,1.,-5.62585120392E-24));
#11656 = ADVANCED_FACE('',(#11657),#11668,.T.);
#11657 = FACE_BOUND('',#11658,.T.);
#11658 = EDGE_LOOP('',(#11659,#11665,#11666,#11667));
#11659 = ORIENTED_EDGE('',*,*,#11660,.F.);
#11660 = EDGE_CURVE('',#11636,#5316,#11661,.T.);
#11661 = LINE('',#11662,#11663);
#11662 = CARTESIAN_POINT('',(38.590625842847,213.71669331296,
    3.000000000001));
#11663 = VECTOR('',#11664,1.);
#11664 = DIRECTION('',(-1.,0.,-1.224646799147E-16));
#11665 = ORIENTED_EDGE('',*,*,#11644,.T.);
#11666 = ORIENTED_EDGE('',*,*,#3028,.F.);
#11667 = ORIENTED_EDGE('',*,*,#5315,.F.);
#11668 = PLANE('',#11669);
#11669 = AXIS2_PLACEMENT_3D('',#11670,#11671,#11672);
#11670 = CARTESIAN_POINT('',(35.470625806097,213.71669331296,
    3.000000000001));
#11671 = DIRECTION('',(0.,1.,0.));
#11672 = DIRECTION('',(1.,-0.,1.224646799147E-16));
#11673 = ADVANCED_FACE('',(#11674),#11692,.T.);
#11674 = FACE_BOUND('',#11675,.T.);
#11675 = EDGE_LOOP('',(#11676,#11677,#11685,#11691));
#11676 = ORIENTED_EDGE('',*,*,#2817,.F.);
#11677 = ORIENTED_EDGE('',*,*,#11678,.F.);
#11678 = EDGE_CURVE('',#11679,#2810,#11681,.T.);
#11679 = VERTEX_POINT('',#11680);
#11680 = CARTESIAN_POINT('',(34.670625806098,215.23921019652,
    3.000000000001));
#11681 = LINE('',#11682,#11683);
#11682 = CARTESIAN_POINT('',(34.670625806098,215.23921019652,
    3.000000000001));
#11683 = VECTOR('',#11684,1.);
#11684 = DIRECTION('',(1.224646799147E-16,0.,-1.));
#11685 = ORIENTED_EDGE('',*,*,#11686,.F.);
#11686 = EDGE_CURVE('',#5324,#11679,#11687,.T.);
#11687 = LINE('',#11688,#11689);
#11688 = CARTESIAN_POINT('',(34.670625806098,214.51669331296,
    3.000000000001));
#11689 = VECTOR('',#11690,1.);
#11690 = DIRECTION('',(-6.146419827036E-15,1.,-7.527193367396E-31));
#11691 = ORIENTED_EDGE('',*,*,#5332,.T.);
#11692 = PLANE('',#11693);
#11693 = AXIS2_PLACEMENT_3D('',#11694,#11695,#11696);
#11694 = CARTESIAN_POINT('',(34.670625806098,215.23921019652,
    3.000000000001));
#11695 = DIRECTION('',(1.,6.146419827036E-15,1.224646799147E-16));
#11696 = DIRECTION('',(6.146419827036E-15,-1.,7.527193367396E-31));
#11697 = ADVANCED_FACE('',(#11698),#11716,.T.);
#11698 = FACE_BOUND('',#11699,.T.);
#11699 = EDGE_LOOP('',(#11700,#11701,#11709,#11715));
#11700 = ORIENTED_EDGE('',*,*,#2809,.F.);
#11701 = ORIENTED_EDGE('',*,*,#11702,.F.);
#11702 = EDGE_CURVE('',#11703,#2802,#11705,.T.);
#11703 = VERTEX_POINT('',#11704);
#11704 = CARTESIAN_POINT('',(30.83677757914,213.96128237329,
    3.000000000001));
#11705 = LINE('',#11706,#11707);
#11706 = CARTESIAN_POINT('',(30.83677757914,213.96128237329,
    3.000000000001));
#11707 = VECTOR('',#11708,1.);
#11708 = DIRECTION('',(1.224646799147E-16,0.,-1.));
#11709 = ORIENTED_EDGE('',*,*,#11710,.F.);
#11710 = EDGE_CURVE('',#11679,#11703,#11711,.T.);
#11711 = LINE('',#11712,#11713);
#11712 = CARTESIAN_POINT('',(34.670625806098,215.23921019652,
    3.000000000001));
#11713 = VECTOR('',#11714,1.);
#11714 = DIRECTION('',(-0.948684900455,-0.316222958761,
    -1.161803926742E-16));
#11715 = ORIENTED_EDGE('',*,*,#11678,.T.);
#11716 = PLANE('',#11717);
#11717 = AXIS2_PLACEMENT_3D('',#11718,#11719,#11720);
#11718 = CARTESIAN_POINT('',(30.83677757914,213.96128237329,
    3.000000000001));
#11719 = DIRECTION('',(-0.316222958761,0.948684900455,
    -3.872614342642E-17));
#11720 = DIRECTION('',(0.948684900455,0.316222958761,1.161803926742E-16)
  );
#11721 = ADVANCED_FACE('',(#11722),#11741,.T.);
#11722 = FACE_BOUND('',#11723,.T.);
#11723 = EDGE_LOOP('',(#11724,#11725,#11733,#11740));
#11724 = ORIENTED_EDGE('',*,*,#2833,.F.);
#11725 = ORIENTED_EDGE('',*,*,#11726,.F.);
#11726 = EDGE_CURVE('',#11727,#2737,#11729,.T.);
#11727 = VERTEX_POINT('',#11728);
#11728 = CARTESIAN_POINT('',(30.153000537902,213.01259747284,
    3.000000000001));
#11729 = LINE('',#11730,#11731);
#11730 = CARTESIAN_POINT('',(30.153000537902,213.01259747284,
    3.000000000001));
#11731 = VECTOR('',#11732,1.);
#11732 = DIRECTION('',(1.224646799147E-16,0.,-1.));
#11733 = ORIENTED_EDGE('',*,*,#11734,.F.);
#11734 = EDGE_CURVE('',#11703,#11727,#11735,.T.);
#11735 = CIRCLE('',#11736,1.);
#11736 = AXIS2_PLACEMENT_3D('',#11737,#11738,#11739);
#11737 = CARTESIAN_POINT('',(31.153000537902,213.01259747284,
    3.000000000001));
#11738 = DIRECTION('',(-1.224646799147E-16,0.,1.));
#11739 = DIRECTION('',(-0.316222958762,0.948684900455,
    -3.872614342642E-17));
#11740 = ORIENTED_EDGE('',*,*,#11702,.T.);
#11741 = CYLINDRICAL_SURFACE('',#11742,1.);
#11742 = AXIS2_PLACEMENT_3D('',#11743,#11744,#11745);
#11743 = CARTESIAN_POINT('',(31.153000537902,213.01259747284,
    3.000000000001));
#11744 = DIRECTION('',(1.224646799147E-16,0.,-1.));
#11745 = DIRECTION('',(-0.316222958762,0.948684900455,
    -3.872614342642E-17));
#11746 = ADVANCED_FACE('',(#11747),#11765,.T.);
#11747 = FACE_BOUND('',#11748,.T.);
#11748 = EDGE_LOOP('',(#11749,#11750,#11758,#11764));
#11749 = ORIENTED_EDGE('',*,*,#2753,.F.);
#11750 = ORIENTED_EDGE('',*,*,#11751,.F.);
#11751 = EDGE_CURVE('',#11752,#2704,#11754,.T.);
#11752 = VERTEX_POINT('',#11753);
#11753 = CARTESIAN_POINT('',(30.153000537902,196.51120815841,
    3.000000000001));
#11754 = LINE('',#11755,#11756);
#11755 = CARTESIAN_POINT('',(30.153000537902,196.51120815841,
    3.000000000001));
#11756 = VECTOR('',#11757,1.);
#11757 = DIRECTION('',(1.224646799147E-16,0.,-1.));
#11758 = ORIENTED_EDGE('',*,*,#11759,.F.);
#11759 = EDGE_CURVE('',#11727,#11752,#11760,.T.);
#11760 = LINE('',#11761,#11762);
#11761 = CARTESIAN_POINT('',(30.153000537902,213.01259747284,
    3.000000000001));
#11762 = VECTOR('',#11763,1.);
#11763 = DIRECTION('',(0.,-1.,0.));
#11764 = ORIENTED_EDGE('',*,*,#11726,.T.);
#11765 = PLANE('',#11766);
#11766 = AXIS2_PLACEMENT_3D('',#11767,#11768,#11769);
#11767 = CARTESIAN_POINT('',(30.153000537902,196.51120815841,
    3.000000000001));
#11768 = DIRECTION('',(-1.,0.,-1.224646799147E-16));
#11769 = DIRECTION('',(0.,1.,0.));
#11770 = ADVANCED_FACE('',(#11771),#11790,.F.);
#11771 = FACE_BOUND('',#11772,.F.);
#11772 = EDGE_LOOP('',(#11773,#11774,#11783,#11789));
#11773 = ORIENTED_EDGE('',*,*,#11751,.F.);
#11774 = ORIENTED_EDGE('',*,*,#11775,.T.);
#11775 = EDGE_CURVE('',#11752,#11776,#11778,.T.);
#11776 = VERTEX_POINT('',#11777);
#11777 = CARTESIAN_POINT('',(29.326630763727,194.44352064784,
    3.000000000001));
#11778 = CIRCLE('',#11779,3.);
#11779 = AXIS2_PLACEMENT_3D('',#11780,#11781,#11782);
#11780 = CARTESIAN_POINT('',(27.153000537901,196.51120815841,
    3.000000000001));
#11781 = DIRECTION('',(1.224646799147E-16,0.,-1.));
#11782 = DIRECTION('',(1.,-2.901382837687E-13,1.224646799147E-16));
#11783 = ORIENTED_EDGE('',*,*,#11784,.T.);
#11784 = EDGE_CURVE('',#11776,#2673,#11785,.T.);
#11785 = LINE('',#11786,#11787);
#11786 = CARTESIAN_POINT('',(29.326630763727,194.44352064784,
    3.000000000001));
#11787 = VECTOR('',#11788,1.);
#11788 = DIRECTION('',(1.224646799147E-16,0.,-1.));
#11789 = ORIENTED_EDGE('',*,*,#2703,.T.);
#11790 = CYLINDRICAL_SURFACE('',#11791,3.);
#11791 = AXIS2_PLACEMENT_3D('',#11792,#11793,#11794);
#11792 = CARTESIAN_POINT('',(27.153000537901,196.51120815841,
    3.000000000001));
#11793 = DIRECTION('',(1.224646799147E-16,0.,-1.));
#11794 = DIRECTION('',(1.,-2.901382837687E-13,1.224646799147E-16));
#11795 = ADVANCED_FACE('',(#11796),#11814,.T.);
#11796 = FACE_BOUND('',#11797,.T.);
#11797 = EDGE_LOOP('',(#11798,#11799,#11807,#11813));
#11798 = ORIENTED_EDGE('',*,*,#2689,.F.);
#11799 = ORIENTED_EDGE('',*,*,#11800,.F.);
#11800 = EDGE_CURVE('',#11801,#2640,#11803,.T.);
#11801 = VERTEX_POINT('',#11802);
#11802 = CARTESIAN_POINT('',(24.058434162867,188.90539590284,
    3.000000000001));
#11803 = LINE('',#11804,#11805);
#11804 = CARTESIAN_POINT('',(24.058434162867,188.90539590284,
    3.000000000001));
#11805 = VECTOR('',#11806,1.);
#11806 = DIRECTION('',(1.224646799147E-16,0.,-1.));
#11807 = ORIENTED_EDGE('',*,*,#11808,.F.);
#11808 = EDGE_CURVE('',#11776,#11801,#11809,.T.);
#11809 = LINE('',#11810,#11811);
#11810 = CARTESIAN_POINT('',(29.326630763727,194.44352064784,
    3.000000000001));
#11811 = VECTOR('',#11812,1.);
#11812 = DIRECTION('',(-0.689229170191,-0.724543408609,
    -8.440622971529E-17));
#11813 = ORIENTED_EDGE('',*,*,#11784,.T.);
#11814 = PLANE('',#11815);
#11815 = AXIS2_PLACEMENT_3D('',#11816,#11817,#11818);
#11816 = CARTESIAN_POINT('',(24.058434162867,188.90539590284,
    3.000000000001));
#11817 = DIRECTION('',(-0.724543408609,0.689229170191,-8.87309766196E-17
    ));
#11818 = DIRECTION('',(0.689229170191,0.724543408609,8.440622971529E-17)
  );
#11819 = ADVANCED_FACE('',(#11820),#11839,.T.);
#11820 = FACE_BOUND('',#11821,.T.);
#11821 = EDGE_LOOP('',(#11822,#11823,#11831,#11838));
#11822 = ORIENTED_EDGE('',*,*,#2657,.F.);
#11823 = ORIENTED_EDGE('',*,*,#11824,.F.);
#11824 = EDGE_CURVE('',#11825,#2609,#11827,.T.);
#11825 = VERTEX_POINT('',#11826);
#11826 = CARTESIAN_POINT('',(23.232064388692,186.83770839227,
    3.000000000001));
#11827 = LINE('',#11828,#11829);
#11828 = CARTESIAN_POINT('',(23.232064388692,186.83770839227,
    3.000000000001));
#11829 = VECTOR('',#11830,1.);
#11830 = DIRECTION('',(1.224646799147E-16,0.,-1.));
#11831 = ORIENTED_EDGE('',*,*,#11832,.F.);
#11832 = EDGE_CURVE('',#11801,#11825,#11833,.T.);
#11833 = CIRCLE('',#11834,3.);
#11834 = AXIS2_PLACEMENT_3D('',#11835,#11836,#11837);
#11835 = CARTESIAN_POINT('',(26.232064388692,186.83770839226,
    3.000000000001));
#11836 = DIRECTION('',(-1.224646799147E-16,0.,1.));
#11837 = DIRECTION('',(-0.724543408608,0.689229170191,
    -8.873097661956E-17));
#11838 = ORIENTED_EDGE('',*,*,#11800,.T.);
#11839 = CYLINDRICAL_SURFACE('',#11840,3.);
#11840 = AXIS2_PLACEMENT_3D('',#11841,#11842,#11843);
#11841 = CARTESIAN_POINT('',(26.232064388692,186.83770839226,
    3.000000000001));
#11842 = DIRECTION('',(1.224646799147E-16,0.,-1.));
#11843 = DIRECTION('',(-0.724543408608,0.689229170191,
    -8.873097661956E-17));
#11844 = ADVANCED_FACE('',(#11845),#11863,.T.);
#11845 = FACE_BOUND('',#11846,.T.);
#11846 = EDGE_LOOP('',(#11847,#11848,#11856,#11862));
#11847 = ORIENTED_EDGE('',*,*,#2625,.F.);
#11848 = ORIENTED_EDGE('',*,*,#11849,.F.);
#11849 = EDGE_CURVE('',#11850,#2576,#11852,.T.);
#11850 = VERTEX_POINT('',#11851);
#11851 = CARTESIAN_POINT('',(23.232064388692,181.77954834853,
    3.000000000001));
#11852 = LINE('',#11853,#11854);
#11853 = CARTESIAN_POINT('',(23.232064388692,181.77954834853,
    3.000000000001));
#11854 = VECTOR('',#11855,1.);
#11855 = DIRECTION('',(1.224646799147E-16,0.,-1.));
#11856 = ORIENTED_EDGE('',*,*,#11857,.F.);
#11857 = EDGE_CURVE('',#11825,#11850,#11858,.T.);
#11858 = LINE('',#11859,#11860);
#11859 = CARTESIAN_POINT('',(23.232064388692,186.83770839227,
    3.000000000001));
#11860 = VECTOR('',#11861,1.);
#11861 = DIRECTION('',(0.,-1.,0.));
#11862 = ORIENTED_EDGE('',*,*,#11824,.T.);
#11863 = PLANE('',#11864);
#11864 = AXIS2_PLACEMENT_3D('',#11865,#11866,#11867);
#11865 = CARTESIAN_POINT('',(23.232064388692,181.77954834853,
    3.000000000001));
#11866 = DIRECTION('',(-1.,0.,-1.224646799147E-16));
#11867 = DIRECTION('',(0.,1.,0.));
#11868 = ADVANCED_FACE('',(#11869),#11888,.T.);
#11869 = FACE_BOUND('',#11870,.T.);
#11870 = EDGE_LOOP('',(#11871,#11872,#11880,#11887));
#11871 = ORIENTED_EDGE('',*,*,#2593,.F.);
#11872 = ORIENTED_EDGE('',*,*,#11873,.F.);
#11873 = EDGE_CURVE('',#11874,#2545,#11876,.T.);
#11874 = VERTEX_POINT('',#11875);
#11875 = CARTESIAN_POINT('',(24.240938032351,179.53557512385,
    3.000000000001));
#11876 = LINE('',#11877,#11878);
#11877 = CARTESIAN_POINT('',(24.240938032351,179.53557512385,
    3.000000000001));
#11878 = VECTOR('',#11879,1.);
#11879 = DIRECTION('',(1.224646799147E-16,0.,-1.));
#11880 = ORIENTED_EDGE('',*,*,#11881,.F.);
#11881 = EDGE_CURVE('',#11850,#11874,#11882,.T.);
#11882 = CIRCLE('',#11883,3.);
#11883 = AXIS2_PLACEMENT_3D('',#11884,#11885,#11886);
#11884 = CARTESIAN_POINT('',(26.232064388691,181.77954834853,
    3.000000000001));
#11885 = DIRECTION('',(-1.224646799147E-16,0.,1.));
#11886 = DIRECTION('',(-1.,5.240252676231E-13,-1.224646799147E-16));
#11887 = ORIENTED_EDGE('',*,*,#11849,.T.);
#11888 = CYLINDRICAL_SURFACE('',#11889,3.);
#11889 = AXIS2_PLACEMENT_3D('',#11890,#11891,#11892);
#11890 = CARTESIAN_POINT('',(26.232064388691,181.77954834853,
    3.000000000001));
#11891 = DIRECTION('',(1.224646799147E-16,0.,-1.));
#11892 = DIRECTION('',(-1.,5.240252676231E-13,-1.224646799147E-16));
#11893 = ADVANCED_FACE('',(#11894),#11912,.T.);
#11894 = FACE_BOUND('',#11895,.T.);
#11895 = EDGE_LOOP('',(#11896,#11897,#11905,#11911));
#11896 = ORIENTED_EDGE('',*,*,#2561,.F.);
#11897 = ORIENTED_EDGE('',*,*,#11898,.F.);
#11898 = EDGE_CURVE('',#11899,#2512,#11901,.T.);
#11899 = VERTEX_POINT('',#11900);
#11900 = CARTESIAN_POINT('',(27.042691247508,177.04951842348,
    3.000000000001));
#11901 = LINE('',#11902,#11903);
#11902 = CARTESIAN_POINT('',(27.042691247508,177.04951842348,
    3.000000000001));
#11903 = VECTOR('',#11904,1.);
#11904 = DIRECTION('',(1.224646799147E-16,0.,-1.));
#11905 = ORIENTED_EDGE('',*,*,#11906,.F.);
#11906 = EDGE_CURVE('',#11874,#11899,#11907,.T.);
#11907 = LINE('',#11908,#11909);
#11908 = CARTESIAN_POINT('',(24.240938032351,179.53557512385,
    3.000000000001));
#11909 = VECTOR('',#11910,1.);
#11910 = DIRECTION('',(0.747991074894,-0.663708785446,9.160248756603E-17
    ));
#11911 = ORIENTED_EDGE('',*,*,#11873,.T.);
#11912 = PLANE('',#11913);
#11913 = AXIS2_PLACEMENT_3D('',#11914,#11915,#11916);
#11914 = CARTESIAN_POINT('',(27.042691247508,177.04951842348,
    3.000000000001));
#11915 = DIRECTION('',(-0.663708785446,-0.747991074894,
    -8.128088396624E-17));
#11916 = DIRECTION('',(-0.747991074894,0.663708785446,
    -9.160248756603E-17));
#11917 = ADVANCED_FACE('',(#11918),#11937,.F.);
#11918 = FACE_BOUND('',#11919,.F.);
#11919 = EDGE_LOOP('',(#11920,#11921,#11930,#11936));
#11920 = ORIENTED_EDGE('',*,*,#11898,.F.);
#11921 = ORIENTED_EDGE('',*,*,#11922,.T.);
#11922 = EDGE_CURVE('',#11899,#11923,#11925,.T.);
#11923 = VERTEX_POINT('',#11924);
#11924 = CARTESIAN_POINT('',(28.051564891167,174.8055451988,
    3.000000000001));
#11925 = CIRCLE('',#11926,3.);
#11926 = AXIS2_PLACEMENT_3D('',#11927,#11928,#11929);
#11927 = CARTESIAN_POINT('',(25.051564891167,174.8055451988,
    3.000000000001));
#11928 = DIRECTION('',(1.224646799147E-16,0.,-1.));
#11929 = DIRECTION('',(0.663708785447,0.747991074894,8.128088396635E-17)
  );
#11930 = ORIENTED_EDGE('',*,*,#11931,.T.);
#11931 = EDGE_CURVE('',#11923,#2481,#11932,.T.);
#11932 = LINE('',#11933,#11934);
#11933 = CARTESIAN_POINT('',(28.051564891167,174.8055451988,
    3.000000000001));
#11934 = VECTOR('',#11935,1.);
#11935 = DIRECTION('',(1.224646799147E-16,0.,-1.));
#11936 = ORIENTED_EDGE('',*,*,#2511,.T.);
#11937 = CYLINDRICAL_SURFACE('',#11938,3.);
#11938 = AXIS2_PLACEMENT_3D('',#11939,#11940,#11941);
#11939 = CARTESIAN_POINT('',(25.051564891167,174.8055451988,
    3.000000000001));
#11940 = DIRECTION('',(1.224646799147E-16,0.,-1.));
#11941 = DIRECTION('',(0.663708785447,0.747991074894,8.128088396635E-17)
  );
#11942 = ADVANCED_FACE('',(#11943),#11961,.T.);
#11943 = FACE_BOUND('',#11944,.T.);
#11944 = EDGE_LOOP('',(#11945,#11946,#11954,#11960));
#11945 = ORIENTED_EDGE('',*,*,#2497,.F.);
#11946 = ORIENTED_EDGE('',*,*,#11947,.F.);
#11947 = EDGE_CURVE('',#11948,#2448,#11950,.T.);
#11948 = VERTEX_POINT('',#11949);
#11949 = CARTESIAN_POINT('',(28.051564891167,165.41259965286,
    3.000000000001));
#11950 = LINE('',#11951,#11952);
#11951 = CARTESIAN_POINT('',(28.051564891167,165.41259965286,
    3.000000000001));
#11952 = VECTOR('',#11953,1.);
#11953 = DIRECTION('',(1.224646799147E-16,0.,-1.));
#11954 = ORIENTED_EDGE('',*,*,#11955,.F.);
#11955 = EDGE_CURVE('',#11923,#11948,#11956,.T.);
#11956 = LINE('',#11957,#11958);
#11957 = CARTESIAN_POINT('',(28.051564891167,174.8055451988,
    3.000000000001));
#11958 = VECTOR('',#11959,1.);
#11959 = DIRECTION('',(0.,-1.,0.));
#11960 = ORIENTED_EDGE('',*,*,#11931,.T.);
#11961 = PLANE('',#11962);
#11962 = AXIS2_PLACEMENT_3D('',#11963,#11964,#11965);
#11963 = CARTESIAN_POINT('',(28.051564891167,165.41259965286,
    3.000000000001));
#11964 = DIRECTION('',(-1.,0.,-1.224646799147E-16));
#11965 = DIRECTION('',(0.,1.,0.));
#11966 = ADVANCED_FACE('',(#11967),#11986,.F.);
#11967 = FACE_BOUND('',#11968,.F.);
#11968 = EDGE_LOOP('',(#11969,#11970,#11979,#11985));
#11969 = ORIENTED_EDGE('',*,*,#11947,.F.);
#11970 = ORIENTED_EDGE('',*,*,#11971,.T.);
#11971 = EDGE_CURVE('',#11948,#11972,#11974,.T.);
#11972 = VERTEX_POINT('',#11973);
#11973 = CARTESIAN_POINT('',(27.172885234727,163.2912793093,
    3.000000000001));
#11974 = CIRCLE('',#11975,3.);
#11975 = AXIS2_PLACEMENT_3D('',#11976,#11977,#11978);
#11976 = CARTESIAN_POINT('',(25.051564891167,165.41259965286,
    3.000000000001));
#11977 = DIRECTION('',(1.224646799147E-16,0.,-1.));
#11978 = DIRECTION('',(1.,1.184237892934E-14,1.224646799147E-16));
#11979 = ORIENTED_EDGE('',*,*,#11980,.T.);
#11980 = EDGE_CURVE('',#11972,#2417,#11981,.T.);
#11981 = LINE('',#11982,#11983);
#11982 = CARTESIAN_POINT('',(27.172885234727,163.2912793093,
    3.000000000001));
#11983 = VECTOR('',#11984,1.);
#11984 = DIRECTION('',(1.224646799147E-16,0.,-1.));
#11985 = ORIENTED_EDGE('',*,*,#2447,.T.);
#11986 = CYLINDRICAL_SURFACE('',#11987,3.);
#11987 = AXIS2_PLACEMENT_3D('',#11988,#11989,#11990);
#11988 = CARTESIAN_POINT('',(25.051564891167,165.41259965286,
    3.000000000001));
#11989 = DIRECTION('',(1.224646799147E-16,0.,-1.));
#11990 = DIRECTION('',(1.,1.184237892934E-14,1.224646799147E-16));
#11991 = ADVANCED_FACE('',(#11992),#12010,.T.);
#11992 = FACE_BOUND('',#11993,.T.);
#11993 = EDGE_LOOP('',(#11994,#11995,#12003,#12009));
#11994 = ORIENTED_EDGE('',*,*,#2433,.F.);
#11995 = ORIENTED_EDGE('',*,*,#11996,.F.);
#11996 = EDGE_CURVE('',#11997,#2384,#11999,.T.);
#11997 = VERTEX_POINT('',#11998);
#11998 = CARTESIAN_POINT('',(17.795767687813,153.91416176239,
    3.000000000001));
#11999 = LINE('',#12000,#12001);
#12000 = CARTESIAN_POINT('',(17.795767687813,153.91416176239,
    3.000000000001));
#12001 = VECTOR('',#12002,1.);
#12002 = DIRECTION('',(1.224646799147E-16,0.,-1.));
#12003 = ORIENTED_EDGE('',*,*,#12004,.F.);
#12004 = EDGE_CURVE('',#11972,#11997,#12005,.T.);
#12005 = LINE('',#12006,#12007);
#12006 = CARTESIAN_POINT('',(27.172885234727,163.2912793093,
    3.000000000001));
#12007 = VECTOR('',#12008,1.);
#12008 = DIRECTION('',(-0.707106781186,-0.707106781187,
    -8.659560562354E-17));
#12009 = ORIENTED_EDGE('',*,*,#11980,.T.);
#12010 = PLANE('',#12011);
#12011 = AXIS2_PLACEMENT_3D('',#12012,#12013,#12014);
#12012 = CARTESIAN_POINT('',(17.795767687813,153.91416176239,
    3.000000000001));
#12013 = DIRECTION('',(-0.707106781187,0.707106781186,
    -8.659560562356E-17));
#12014 = DIRECTION('',(0.707106781186,0.707106781187,8.659560562354E-17)
  );
#12015 = ADVANCED_FACE('',(#12016),#12035,.F.);
#12016 = FACE_BOUND('',#12017,.F.);
#12017 = EDGE_LOOP('',(#12018,#12019,#12028,#12034));
#12018 = ORIENTED_EDGE('',*,*,#11996,.F.);
#12019 = ORIENTED_EDGE('',*,*,#12020,.T.);
#12020 = EDGE_CURVE('',#11997,#12021,#12023,.T.);
#12021 = VERTEX_POINT('',#12022);
#12022 = CARTESIAN_POINT('',(14.818897484917,152.14767849496,
    3.000000000001));
#12023 = CIRCLE('',#12024,7.);
#12024 = AXIS2_PLACEMENT_3D('',#12025,#12026,#12027);
#12025 = CARTESIAN_POINT('',(12.846020219507,158.86390923069,
    3.000000000001));
#12026 = DIRECTION('',(1.224646799147E-16,0.,-1.));
#12027 = DIRECTION('',(0.707106781187,-0.707106781186,8.659560562356E-17
    ));
#12028 = ORIENTED_EDGE('',*,*,#12029,.T.);
#12029 = EDGE_CURVE('',#12021,#2353,#12030,.T.);
#12030 = LINE('',#12031,#12032);
#12031 = CARTESIAN_POINT('',(14.818897484917,152.14767849496,
    3.000000000001));
#12032 = VECTOR('',#12033,1.);
#12033 = DIRECTION('',(1.224646799147E-16,0.,-1.));
#12034 = ORIENTED_EDGE('',*,*,#2383,.T.);
#12035 = CYLINDRICAL_SURFACE('',#12036,7.);
#12036 = AXIS2_PLACEMENT_3D('',#12037,#12038,#12039);
#12037 = CARTESIAN_POINT('',(12.846020219507,158.86390923069,
    3.000000000001));
#12038 = DIRECTION('',(1.224646799147E-16,0.,-1.));
#12039 = DIRECTION('',(0.707106781187,-0.707106781186,8.659560562356E-17
    ));
#12040 = ADVANCED_FACE('',(#12041),#12059,.T.);
#12041 = FACE_BOUND('',#12042,.T.);
#12042 = EDGE_LOOP('',(#12043,#12044,#12052,#12058));
#12043 = ORIENTED_EDGE('',*,*,#2369,.F.);
#12044 = ORIENTED_EDGE('',*,*,#12045,.F.);
#12045 = EDGE_CURVE('',#12046,#2320,#12048,.T.);
#12046 = VERTEX_POINT('',#12047);
#12047 = CARTESIAN_POINT('',(7.092634870855,149.87810669827,
    3.000000000001));
#12048 = LINE('',#12049,#12050);
#12049 = CARTESIAN_POINT('',(7.092634870855,149.87810669827,
    3.000000000001));
#12050 = VECTOR('',#12051,1.);
#12051 = DIRECTION('',(1.224646799147E-16,0.,-1.));
#12052 = ORIENTED_EDGE('',*,*,#12053,.F.);
#12053 = EDGE_CURVE('',#12021,#12046,#12054,.T.);
#12054 = LINE('',#12055,#12056);
#12055 = CARTESIAN_POINT('',(14.818897484917,152.14767849496,
    3.000000000001));
#12056 = VECTOR('',#12057,1.);
#12057 = DIRECTION('',(-0.959461533676,-0.281839609344,
    -1.175001496122E-16));
#12058 = ORIENTED_EDGE('',*,*,#12029,.T.);
#12059 = PLANE('',#12060);
#12060 = AXIS2_PLACEMENT_3D('',#12061,#12062,#12063);
#12061 = CARTESIAN_POINT('',(7.092634870855,149.87810669827,
    3.000000000001));
#12062 = DIRECTION('',(-0.281839609344,0.959461533676,
    -3.451539754563E-17));
#12063 = DIRECTION('',(0.959461533676,0.281839609344,1.175001496122E-16)
  );
#12064 = ADVANCED_FACE('',(#12065),#12084,.T.);
#12065 = FACE_BOUND('',#12066,.T.);
#12066 = EDGE_LOOP('',(#12067,#12068,#12076,#12083));
#12067 = ORIENTED_EDGE('',*,*,#2337,.F.);
#12068 = ORIENTED_EDGE('',*,*,#12069,.F.);
#12069 = EDGE_CURVE('',#12070,#2289,#12072,.T.);
#12070 = VERTEX_POINT('',#12071);
#12071 = CARTESIAN_POINT('',(3.524979051023,147.4400172799,
    3.000000000001));
#12072 = LINE('',#12073,#12074);
#12073 = CARTESIAN_POINT('',(3.524979051023,147.4400172799,
    3.000000000001));
#12074 = VECTOR('',#12075,1.);
#12075 = DIRECTION('',(1.224646799147E-16,0.,-1.));
#12076 = ORIENTED_EDGE('',*,*,#12077,.F.);
#12077 = EDGE_CURVE('',#12046,#12070,#12078,.T.);
#12078 = CIRCLE('',#12079,6.999999999999);
#12079 = AXIS2_PLACEMENT_3D('',#12080,#12081,#12082);
#12080 = CARTESIAN_POINT('',(9.065512136265,143.16187596254,
    3.000000000001));
#12081 = DIRECTION('',(-1.224646799147E-16,0.,1.));
#12082 = DIRECTION('',(-0.281839609344,0.959461533676,
    -3.451539754565E-17));
#12083 = ORIENTED_EDGE('',*,*,#12045,.T.);
#12084 = CYLINDRICAL_SURFACE('',#12085,6.999999999999);
#12085 = AXIS2_PLACEMENT_3D('',#12086,#12087,#12088);
#12086 = CARTESIAN_POINT('',(9.065512136265,143.16187596254,
    3.000000000001));
#12087 = DIRECTION('',(1.224646799147E-16,0.,-1.));
#12088 = DIRECTION('',(-0.281839609344,0.959461533676,
    -3.451539754565E-17));
#12089 = ADVANCED_FACE('',(#12090),#12108,.T.);
#12090 = FACE_BOUND('',#12091,.T.);
#12091 = EDGE_LOOP('',(#12092,#12093,#12101,#12107));
#12092 = ORIENTED_EDGE('',*,*,#2305,.F.);
#12093 = ORIENTED_EDGE('',*,*,#12094,.F.);
#12094 = EDGE_CURVE('',#12095,#2256,#12097,.T.);
#12095 = VERTEX_POINT('',#12096);
#12096 = CARTESIAN_POINT('',(1.459466914758,144.76501487114,
    3.000000000001));
#12097 = LINE('',#12098,#12099);
#12098 = CARTESIAN_POINT('',(1.459466914758,144.76501487114,
    3.000000000001));
#12099 = VECTOR('',#12100,1.);
#12100 = DIRECTION('',(1.224646799147E-16,0.,-1.));
#12101 = ORIENTED_EDGE('',*,*,#12102,.F.);
#12102 = EDGE_CURVE('',#12070,#12095,#12103,.T.);
#12103 = LINE('',#12104,#12105);
#12104 = CARTESIAN_POINT('',(3.524979051023,147.4400172799,
    3.000000000001));
#12105 = VECTOR('',#12106,1.);
#12106 = DIRECTION('',(-0.611163045338,-0.791504726463,
    -7.484588672298E-17));
#12107 = ORIENTED_EDGE('',*,*,#12069,.T.);
#12108 = PLANE('',#12109);
#12109 = AXIS2_PLACEMENT_3D('',#12110,#12111,#12112);
#12110 = CARTESIAN_POINT('',(1.459466914758,144.76501487114,
    3.000000000001));
#12111 = DIRECTION('',(-0.791504726463,0.611163045338,
    -9.693137297733E-17));
#12112 = DIRECTION('',(0.611163045338,0.791504726463,7.484588672298E-17)
  );
#12113 = ADVANCED_FACE('',(#12114),#12133,.T.);
#12114 = FACE_BOUND('',#12115,.T.);
#12115 = EDGE_LOOP('',(#12116,#12117,#12125,#12132));
#12116 = ORIENTED_EDGE('',*,*,#2273,.F.);
#12117 = ORIENTED_EDGE('',*,*,#12118,.F.);
#12118 = EDGE_CURVE('',#12119,#2225,#12121,.T.);
#12119 = VERTEX_POINT('',#12120);
#12120 = CARTESIAN_POINT('',(2.363096539685,135.24291261764,
    3.000000000001));
#12121 = LINE('',#12122,#12123);
#12122 = CARTESIAN_POINT('',(2.363096539685,135.24291261764,
    3.000000000001));
#12123 = VECTOR('',#12124,1.);
#12124 = DIRECTION('',(1.224646799147E-16,0.,-1.));
#12125 = ORIENTED_EDGE('',*,*,#12126,.F.);
#12126 = EDGE_CURVE('',#12095,#12119,#12127,.T.);
#12127 = CIRCLE('',#12128,7.);
#12128 = AXIS2_PLACEMENT_3D('',#12129,#12130,#12131);
#12129 = CARTESIAN_POINT('',(7.,140.48687355378,3.000000000001));
#12130 = DIRECTION('',(-1.224646799147E-16,0.,1.));
#12131 = DIRECTION('',(-0.791504726463,0.611163045338,
    -9.693137297731E-17));
#12132 = ORIENTED_EDGE('',*,*,#12094,.T.);
#12133 = CYLINDRICAL_SURFACE('',#12134,7.);
#12134 = AXIS2_PLACEMENT_3D('',#12135,#12136,#12137);
#12135 = CARTESIAN_POINT('',(7.,140.48687355378,3.000000000001));
#12136 = DIRECTION('',(1.224646799147E-16,0.,-1.));
#12137 = DIRECTION('',(-0.791504726463,0.611163045338,
    -9.693137297731E-17));
#12138 = ADVANCED_FACE('',(#12139),#12157,.T.);
#12139 = FACE_BOUND('',#12140,.T.);
#12140 = EDGE_LOOP('',(#12141,#12142,#12150,#12156));
#12141 = ORIENTED_EDGE('',*,*,#2241,.F.);
#12142 = ORIENTED_EDGE('',*,*,#12143,.F.);
#12143 = EDGE_CURVE('',#12144,#2192,#12146,.T.);
#12144 = VERTEX_POINT('',#12145);
#12145 = CARTESIAN_POINT('',(21.636390175006,118.20075630916,
    3.000000000001));
#12146 = LINE('',#12147,#12148);
#12147 = CARTESIAN_POINT('',(21.636390175006,118.20075630916,
    3.000000000001));
#12148 = VECTOR('',#12149,1.);
#12149 = DIRECTION('',(1.224646799147E-16,0.,-1.));
#12150 = ORIENTED_EDGE('',*,*,#12151,.F.);
#12151 = EDGE_CURVE('',#12119,#12144,#12152,.T.);
#12152 = LINE('',#12153,#12154);
#12153 = CARTESIAN_POINT('',(2.363096539685,135.24291261764,
    3.000000000001));
#12154 = VECTOR('',#12155,1.);
#12155 = DIRECTION('',(0.749137276591,-0.662414780045,9.174285678992E-17
    ));
#12156 = ORIENTED_EDGE('',*,*,#12118,.T.);
#12157 = PLANE('',#12158);
#12158 = AXIS2_PLACEMENT_3D('',#12159,#12160,#12161);
#12159 = CARTESIAN_POINT('',(21.636390175006,118.20075630916,
    3.000000000001));
#12160 = DIRECTION('',(-0.662414780045,-0.749137276591,
    -8.112241400897E-17));
#12161 = DIRECTION('',(-0.749137276591,0.662414780045,
    -9.174285678992E-17));
#12162 = ADVANCED_FACE('',(#12163),#12182,.F.);
#12163 = FACE_BOUND('',#12164,.F.);
#12164 = EDGE_LOOP('',(#12165,#12166,#12175,#12181));
#12165 = ORIENTED_EDGE('',*,*,#12143,.F.);
#12166 = ORIENTED_EDGE('',*,*,#12167,.T.);
#12167 = EDGE_CURVE('',#12144,#12168,#12170,.T.);
#12168 = VERTEX_POINT('',#12169);
#12169 = CARTESIAN_POINT('',(21.636390175007,103.21801077734,
    3.000000000001));
#12170 = CIRCLE('',#12171,10.000000000001);
#12171 = AXIS2_PLACEMENT_3D('',#12172,#12173,#12174);
#12172 = CARTESIAN_POINT('',(15.012242374558,110.70938354325,
    3.000000000001));
#12173 = DIRECTION('',(1.224646799147E-16,-1.232595164408E-32,-1.));
#12174 = DIRECTION('',(0.662414780045,0.749137276591,8.112241400897E-17)
  );
#12175 = ORIENTED_EDGE('',*,*,#12176,.T.);
#12176 = EDGE_CURVE('',#12168,#2161,#12177,.T.);
#12177 = LINE('',#12178,#12179);
#12178 = CARTESIAN_POINT('',(21.636390175007,103.21801077734,
    3.000000000001));
#12179 = VECTOR('',#12180,1.);
#12180 = DIRECTION('',(1.224646799147E-16,0.,-1.));
#12181 = ORIENTED_EDGE('',*,*,#2191,.T.);
#12182 = CYLINDRICAL_SURFACE('',#12183,10.000000000001);
#12183 = AXIS2_PLACEMENT_3D('',#12184,#12185,#12186);
#12184 = CARTESIAN_POINT('',(15.012242374558,110.70938354325,
    3.000000000001));
#12185 = DIRECTION('',(1.224646799147E-16,0.,-1.));
#12186 = DIRECTION('',(0.662414780045,0.749137276591,8.112241400897E-17)
  );
#12187 = ADVANCED_FACE('',(#12188),#12206,.T.);
#12188 = FACE_BOUND('',#12189,.T.);
#12189 = EDGE_LOOP('',(#12190,#12191,#12199,#12205));
#12190 = ORIENTED_EDGE('',*,*,#2177,.F.);
#12191 = ORIENTED_EDGE('',*,*,#12192,.F.);
#12192 = EDGE_CURVE('',#12193,#2128,#12195,.T.);
#12193 = VERTEX_POINT('',#12194);
#12194 = CARTESIAN_POINT('',(2.363096539687,86.175854468855,
    3.000000000001));
#12195 = LINE('',#12196,#12197);
#12196 = CARTESIAN_POINT('',(2.363096539687,86.175854468855,
    3.000000000001));
#12197 = VECTOR('',#12198,1.);
#12198 = DIRECTION('',(1.224646799147E-16,0.,-1.));
#12199 = ORIENTED_EDGE('',*,*,#12200,.F.);
#12200 = EDGE_CURVE('',#12168,#12193,#12201,.T.);
#12201 = LINE('',#12202,#12203);
#12202 = CARTESIAN_POINT('',(21.636390175007,103.21801077734,
    3.000000000001));
#12203 = VECTOR('',#12204,1.);
#12204 = DIRECTION('',(-0.749137276591,-0.662414780045,
    -9.174285678992E-17));
#12205 = ORIENTED_EDGE('',*,*,#12176,.T.);
#12206 = PLANE('',#12207);
#12207 = AXIS2_PLACEMENT_3D('',#12208,#12209,#12210);
#12208 = CARTESIAN_POINT('',(2.363096539687,86.175854468855,
    3.000000000001));
#12209 = DIRECTION('',(-0.662414780045,0.749137276591,
    -8.112241400897E-17));
#12210 = DIRECTION('',(0.749137276591,0.662414780045,9.174285678992E-17)
  );
#12211 = ADVANCED_FACE('',(#12212),#12231,.T.);
#12212 = FACE_BOUND('',#12213,.T.);
#12213 = EDGE_LOOP('',(#12214,#12215,#12223,#12230));
#12214 = ORIENTED_EDGE('',*,*,#2145,.F.);
#12215 = ORIENTED_EDGE('',*,*,#12216,.F.);
#12216 = EDGE_CURVE('',#12217,#2097,#12219,.T.);
#12217 = VERTEX_POINT('',#12218);
#12218 = CARTESIAN_POINT('',(1.459466914758,76.653752215353,
    3.000000000001));
#12219 = LINE('',#12220,#12221);
#12220 = CARTESIAN_POINT('',(1.459466914758,76.653752215353,
    3.000000000001));
#12221 = VECTOR('',#12222,1.);
#12222 = DIRECTION('',(1.224646799147E-16,0.,-1.));
#12223 = ORIENTED_EDGE('',*,*,#12224,.F.);
#12224 = EDGE_CURVE('',#12193,#12217,#12225,.T.);
#12225 = CIRCLE('',#12226,7.000000000001);
#12226 = AXIS2_PLACEMENT_3D('',#12227,#12228,#12229);
#12227 = CARTESIAN_POINT('',(7.000000000002,80.931893532717,
    3.000000000001));
#12228 = DIRECTION('',(-1.224646799147E-16,0.,1.));
#12229 = DIRECTION('',(-0.662414780045,0.749137276591,
    -8.112241400898E-17));
#12230 = ORIENTED_EDGE('',*,*,#12192,.T.);
#12231 = CYLINDRICAL_SURFACE('',#12232,7.000000000001);
#12232 = AXIS2_PLACEMENT_3D('',#12233,#12234,#12235);
#12233 = CARTESIAN_POINT('',(7.000000000002,80.931893532717,
    3.000000000001));
#12234 = DIRECTION('',(1.224646799147E-16,0.,-1.));
#12235 = DIRECTION('',(-0.662414780045,0.749137276591,
    -8.112241400898E-17));
#12236 = ADVANCED_FACE('',(#12237),#12255,.T.);
#12237 = FACE_BOUND('',#12238,.T.);
#12238 = EDGE_LOOP('',(#12239,#12240,#12248,#12254));
#12239 = ORIENTED_EDGE('',*,*,#2113,.F.);
#12240 = ORIENTED_EDGE('',*,*,#12241,.F.);
#12241 = EDGE_CURVE('',#12242,#2064,#12244,.T.);
#12242 = VERTEX_POINT('',#12243);
#12243 = CARTESIAN_POINT('',(3.524979051023,73.978749806596,
    3.000000000001));
#12244 = LINE('',#12245,#12246);
#12245 = CARTESIAN_POINT('',(3.524979051023,73.978749806596,
    3.000000000001));
#12246 = VECTOR('',#12247,1.);
#12247 = DIRECTION('',(1.224646799147E-16,0.,-1.));
#12248 = ORIENTED_EDGE('',*,*,#12249,.F.);
#12249 = EDGE_CURVE('',#12217,#12242,#12250,.T.);
#12250 = LINE('',#12251,#12252);
#12251 = CARTESIAN_POINT('',(1.459466914758,76.653752215353,
    3.000000000001));
#12252 = VECTOR('',#12253,1.);
#12253 = DIRECTION('',(0.611163045338,-0.791504726463,7.484588672298E-17
    ));
#12254 = ORIENTED_EDGE('',*,*,#12216,.T.);
#12255 = PLANE('',#12256);
#12256 = AXIS2_PLACEMENT_3D('',#12257,#12258,#12259);
#12257 = CARTESIAN_POINT('',(3.524979051023,73.978749806596,
    3.000000000001));
#12258 = DIRECTION('',(-0.791504726463,-0.611163045338,
    -9.693137297733E-17));
#12259 = DIRECTION('',(-0.611163045338,0.791504726463,
    -7.484588672298E-17));
#12260 = ADVANCED_FACE('',(#12261),#12280,.T.);
#12261 = FACE_BOUND('',#12262,.T.);
#12262 = EDGE_LOOP('',(#12263,#12264,#12272,#12279));
#12263 = ORIENTED_EDGE('',*,*,#2081,.F.);
#12264 = ORIENTED_EDGE('',*,*,#12265,.F.);
#12265 = EDGE_CURVE('',#12266,#2033,#12268,.T.);
#12266 = VERTEX_POINT('',#12267);
#12267 = CARTESIAN_POINT('',(7.092634870855,71.540660388225,
    3.000000000001));
#12268 = LINE('',#12269,#12270);
#12269 = CARTESIAN_POINT('',(7.092634870855,71.540660388225,
    3.000000000001));
#12270 = VECTOR('',#12271,1.);
#12271 = DIRECTION('',(1.224646799147E-16,0.,-1.));
#12272 = ORIENTED_EDGE('',*,*,#12273,.F.);
#12273 = EDGE_CURVE('',#12242,#12266,#12274,.T.);
#12274 = CIRCLE('',#12275,6.999999999999);
#12275 = AXIS2_PLACEMENT_3D('',#12276,#12277,#12278);
#12276 = CARTESIAN_POINT('',(9.065512136265,78.256891123959,
    3.000000000001));
#12277 = DIRECTION('',(-1.224646799147E-16,0.,1.));
#12278 = DIRECTION('',(-0.791504726463,-0.611163045338,
    -9.693137297732E-17));
#12279 = ORIENTED_EDGE('',*,*,#12241,.T.);
#12280 = CYLINDRICAL_SURFACE('',#12281,6.999999999999);
#12281 = AXIS2_PLACEMENT_3D('',#12282,#12283,#12284);
#12282 = CARTESIAN_POINT('',(9.065512136265,78.256891123959,
    3.000000000001));
#12283 = DIRECTION('',(1.224646799147E-16,0.,-1.));
#12284 = DIRECTION('',(-0.791504726463,-0.611163045338,
    -9.693137297732E-17));
#12285 = ADVANCED_FACE('',(#12286),#12304,.T.);
#12286 = FACE_BOUND('',#12287,.T.);
#12287 = EDGE_LOOP('',(#12288,#12289,#12297,#12303));
#12288 = ORIENTED_EDGE('',*,*,#2049,.F.);
#12289 = ORIENTED_EDGE('',*,*,#12290,.F.);
#12290 = EDGE_CURVE('',#12291,#2000,#12293,.T.);
#12291 = VERTEX_POINT('',#12292);
#12292 = CARTESIAN_POINT('',(14.818897484917,69.271088591539,
    3.000000000001));
#12293 = LINE('',#12294,#12295);
#12294 = CARTESIAN_POINT('',(14.818897484917,69.271088591539,
    3.000000000001));
#12295 = VECTOR('',#12296,1.);
#12296 = DIRECTION('',(1.224646799147E-16,0.,-1.));
#12297 = ORIENTED_EDGE('',*,*,#12298,.F.);
#12298 = EDGE_CURVE('',#12266,#12291,#12299,.T.);
#12299 = LINE('',#12300,#12301);
#12300 = CARTESIAN_POINT('',(7.092634870855,71.540660388225,
    3.000000000001));
#12301 = VECTOR('',#12302,1.);
#12302 = DIRECTION('',(0.959461533676,-0.281839609344,1.175001496122E-16
    ));
#12303 = ORIENTED_EDGE('',*,*,#12265,.T.);
#12304 = PLANE('',#12305);
#12305 = AXIS2_PLACEMENT_3D('',#12306,#12307,#12308);
#12306 = CARTESIAN_POINT('',(14.818897484917,69.271088591539,
    3.000000000001));
#12307 = DIRECTION('',(-0.281839609344,-0.959461533676,
    -3.451539754563E-17));
#12308 = DIRECTION('',(-0.959461533676,0.281839609344,
    -1.175001496122E-16));
#12309 = ADVANCED_FACE('',(#12310),#12329,.F.);
#12310 = FACE_BOUND('',#12311,.F.);
#12311 = EDGE_LOOP('',(#12312,#12313,#12322,#12328));
#12312 = ORIENTED_EDGE('',*,*,#12290,.F.);
#12313 = ORIENTED_EDGE('',*,*,#12314,.T.);
#12314 = EDGE_CURVE('',#12291,#12315,#12317,.T.);
#12315 = VERTEX_POINT('',#12316);
#12316 = CARTESIAN_POINT('',(17.795767687813,67.504605324109,
    3.000000000001));
#12317 = CIRCLE('',#12318,7.);
#12318 = AXIS2_PLACEMENT_3D('',#12319,#12320,#12321);
#12319 = CARTESIAN_POINT('',(12.846020219507,62.554857855804,
    3.000000000001));
#12320 = DIRECTION('',(1.224646799147E-16,0.,-1.));
#12321 = DIRECTION('',(0.281839609344,0.959461533676,3.451539754565E-17)
  );
#12322 = ORIENTED_EDGE('',*,*,#12323,.T.);
#12323 = EDGE_CURVE('',#12315,#1969,#12324,.T.);
#12324 = LINE('',#12325,#12326);
#12325 = CARTESIAN_POINT('',(17.795767687813,67.504605324109,
    3.000000000001));
#12326 = VECTOR('',#12327,1.);
#12327 = DIRECTION('',(1.224646799147E-16,0.,-1.));
#12328 = ORIENTED_EDGE('',*,*,#1999,.T.);
#12329 = CYLINDRICAL_SURFACE('',#12330,7.);
#12330 = AXIS2_PLACEMENT_3D('',#12331,#12332,#12333);
#12331 = CARTESIAN_POINT('',(12.846020219507,62.554857855804,
    3.000000000001));
#12332 = DIRECTION('',(1.224646799147E-16,0.,-1.));
#12333 = DIRECTION('',(0.281839609344,0.959461533676,3.451539754565E-17)
  );
#12334 = ADVANCED_FACE('',(#12335),#12353,.T.);
#12335 = FACE_BOUND('',#12336,.T.);
#12336 = EDGE_LOOP('',(#12337,#12338,#12346,#12352));
#12337 = ORIENTED_EDGE('',*,*,#1985,.F.);
#12338 = ORIENTED_EDGE('',*,*,#12339,.F.);
#12339 = EDGE_CURVE('',#12340,#1936,#12342,.T.);
#12340 = VERTEX_POINT('',#12341);
#12341 = CARTESIAN_POINT('',(27.172885234727,58.127487777194,
    3.000000000001));
#12342 = LINE('',#12343,#12344);
#12343 = CARTESIAN_POINT('',(27.172885234727,58.127487777194,
    3.000000000001));
#12344 = VECTOR('',#12345,1.);
#12345 = DIRECTION('',(1.224646799147E-16,0.,-1.));
#12346 = ORIENTED_EDGE('',*,*,#12347,.F.);
#12347 = EDGE_CURVE('',#12315,#12340,#12348,.T.);
#12348 = LINE('',#12349,#12350);
#12349 = CARTESIAN_POINT('',(17.795767687813,67.504605324109,
    3.000000000001));
#12350 = VECTOR('',#12351,1.);
#12351 = DIRECTION('',(0.707106781186,-0.707106781187,8.659560562354E-17
    ));
#12352 = ORIENTED_EDGE('',*,*,#12323,.T.);
#12353 = PLANE('',#12354);
#12354 = AXIS2_PLACEMENT_3D('',#12355,#12356,#12357);
#12355 = CARTESIAN_POINT('',(27.172885234727,58.127487777194,
    3.000000000001));
#12356 = DIRECTION('',(-0.707106781187,-0.707106781186,
    -8.659560562356E-17));
#12357 = DIRECTION('',(-0.707106781186,0.707106781187,
    -8.659560562354E-17));
#12358 = ADVANCED_FACE('',(#12359),#12378,.F.);
#12359 = FACE_BOUND('',#12360,.F.);
#12360 = EDGE_LOOP('',(#12361,#12362,#12371,#12377));
#12361 = ORIENTED_EDGE('',*,*,#12339,.F.);
#12362 = ORIENTED_EDGE('',*,*,#12363,.T.);
#12363 = EDGE_CURVE('',#12340,#12364,#12366,.T.);
#12364 = VERTEX_POINT('',#12365);
#12365 = CARTESIAN_POINT('',(28.051564891167,56.006167433634,
    3.000000000001));
#12366 = CIRCLE('',#12367,3.);
#12367 = AXIS2_PLACEMENT_3D('',#12368,#12369,#12370);
#12368 = CARTESIAN_POINT('',(25.051564891167,56.006167433635,
    3.000000000001));
#12369 = DIRECTION('',(1.224646799147E-16,0.,-1.));
#12370 = DIRECTION('',(0.707106781187,0.707106781186,8.659560562356E-17)
  );
#12371 = ORIENTED_EDGE('',*,*,#12372,.T.);
#12372 = EDGE_CURVE('',#12364,#1905,#12373,.T.);
#12373 = LINE('',#12374,#12375);
#12374 = CARTESIAN_POINT('',(28.051564891167,56.006167433634,
    3.000000000001));
#12375 = VECTOR('',#12376,1.);
#12376 = DIRECTION('',(1.224646799147E-16,0.,-1.));
#12377 = ORIENTED_EDGE('',*,*,#1935,.T.);
#12378 = CYLINDRICAL_SURFACE('',#12379,3.);
#12379 = AXIS2_PLACEMENT_3D('',#12380,#12381,#12382);
#12380 = CARTESIAN_POINT('',(25.051564891167,56.006167433635,
    3.000000000001));
#12381 = DIRECTION('',(1.224646799147E-16,0.,-1.));
#12382 = DIRECTION('',(0.707106781187,0.707106781186,8.659560562356E-17)
  );
#12383 = ADVANCED_FACE('',(#12384),#12402,.T.);
#12384 = FACE_BOUND('',#12385,.T.);
#12385 = EDGE_LOOP('',(#12386,#12387,#12395,#12401));
#12386 = ORIENTED_EDGE('',*,*,#1921,.F.);
#12387 = ORIENTED_EDGE('',*,*,#12388,.F.);
#12388 = EDGE_CURVE('',#12389,#1872,#12391,.T.);
#12389 = VERTEX_POINT('',#12390);
#12390 = CARTESIAN_POINT('',(28.051564891167,3.925419950632,
    3.000000000001));
#12391 = LINE('',#12392,#12393);
#12392 = CARTESIAN_POINT('',(28.051564891167,3.925419950632,
    3.000000000001));
#12393 = VECTOR('',#12394,1.);
#12394 = DIRECTION('',(1.224646799147E-16,0.,-1.));
#12395 = ORIENTED_EDGE('',*,*,#12396,.F.);
#12396 = EDGE_CURVE('',#12364,#12389,#12397,.T.);
#12397 = LINE('',#12398,#12399);
#12398 = CARTESIAN_POINT('',(28.051564891167,56.006167433634,
    3.000000000001));
#12399 = VECTOR('',#12400,1.);
#12400 = DIRECTION('',(0.,-1.,0.));
#12401 = ORIENTED_EDGE('',*,*,#12372,.T.);
#12402 = PLANE('',#12403);
#12403 = AXIS2_PLACEMENT_3D('',#12404,#12405,#12406);
#12404 = CARTESIAN_POINT('',(28.051564891167,3.925419950632,
    3.000000000001));
#12405 = DIRECTION('',(-1.,0.,-1.224646799147E-16));
#12406 = DIRECTION('',(0.,1.,0.));
#12407 = ADVANCED_FACE('',(#12408),#12427,.T.);
#12408 = FACE_BOUND('',#12409,.T.);
#12409 = EDGE_LOOP('',(#12410,#12411,#12419,#12426));
#12410 = ORIENTED_EDGE('',*,*,#1889,.F.);
#12411 = ORIENTED_EDGE('',*,*,#12412,.F.);
#12412 = EDGE_CURVE('',#12413,#1841,#12415,.T.);
#12413 = VERTEX_POINT('',#12414);
#12414 = CARTESIAN_POINT('',(31.051564891167,0.925419950632,
    3.000000000001));
#12415 = LINE('',#12416,#12417);
#12416 = CARTESIAN_POINT('',(31.051564891167,0.925419950632,
    3.000000000001));
#12417 = VECTOR('',#12418,1.);
#12418 = DIRECTION('',(1.224646799147E-16,0.,-1.));
#12419 = ORIENTED_EDGE('',*,*,#12420,.F.);
#12420 = EDGE_CURVE('',#12389,#12413,#12421,.T.);
#12421 = CIRCLE('',#12422,3.);
#12422 = AXIS2_PLACEMENT_3D('',#12423,#12424,#12425);
#12423 = CARTESIAN_POINT('',(31.051564891167,3.925419950632,
    3.000000000001));
#12424 = DIRECTION('',(-1.224646799147E-16,0.,1.));
#12425 = DIRECTION('',(-1.,-5.921189464667E-15,-1.224646799147E-16));
#12426 = ORIENTED_EDGE('',*,*,#12388,.T.);
#12427 = CYLINDRICAL_SURFACE('',#12428,3.);
#12428 = AXIS2_PLACEMENT_3D('',#12429,#12430,#12431);
#12429 = CARTESIAN_POINT('',(31.051564891167,3.925419950632,
    3.000000000001));
#12430 = DIRECTION('',(1.224646799147E-16,0.,-1.));
#12431 = DIRECTION('',(-1.,-5.921189464667E-15,-1.224646799147E-16));
#12432 = ADVANCED_FACE('',(#12433),#12451,.T.);
#12433 = FACE_BOUND('',#12434,.T.);
#12434 = EDGE_LOOP('',(#12435,#12436,#12444,#12450));
#12435 = ORIENTED_EDGE('',*,*,#1857,.F.);
#12436 = ORIENTED_EDGE('',*,*,#12437,.F.);
#12437 = EDGE_CURVE('',#12438,#1808,#12440,.T.);
#12438 = VERTEX_POINT('',#12439);
#12439 = CARTESIAN_POINT('',(38.331282410282,0.925419950632,
    3.000000000001));
#12440 = LINE('',#12441,#12442);
#12441 = CARTESIAN_POINT('',(38.331282410282,0.925419950632,
    3.000000000001));
#12442 = VECTOR('',#12443,1.);
#12443 = DIRECTION('',(1.224646799147E-16,0.,-1.));
#12444 = ORIENTED_EDGE('',*,*,#12445,.F.);
#12445 = EDGE_CURVE('',#12413,#12438,#12446,.T.);
#12446 = LINE('',#12447,#12448);
#12447 = CARTESIAN_POINT('',(31.051564891167,0.925419950632,
    3.000000000001));
#12448 = VECTOR('',#12449,1.);
#12449 = DIRECTION('',(1.,0.,1.224646799147E-16));
#12450 = ORIENTED_EDGE('',*,*,#12412,.T.);
#12451 = PLANE('',#12452);
#12452 = AXIS2_PLACEMENT_3D('',#12453,#12454,#12455);
#12453 = CARTESIAN_POINT('',(38.331282410282,0.925419950632,
    3.000000000001));
#12454 = DIRECTION('',(0.,-1.,0.));
#12455 = DIRECTION('',(-1.,-0.,-1.224646799147E-16));
#12456 = ADVANCED_FACE('',(#12457),#12476,.F.);
#12457 = FACE_BOUND('',#12458,.F.);
#12458 = EDGE_LOOP('',(#12459,#12460,#12469,#12475));
#12459 = ORIENTED_EDGE('',*,*,#12437,.F.);
#12460 = ORIENTED_EDGE('',*,*,#12461,.T.);
#12461 = EDGE_CURVE('',#12438,#12462,#12464,.T.);
#12462 = VERTEX_POINT('',#12463);
#12463 = CARTESIAN_POINT('',(38.751900579849,0.880689843877,
    3.000000000001));
#12464 = CIRCLE('',#12465,2.000000000013);
#12465 = AXIS2_PLACEMENT_3D('',#12466,#12467,#12468);
#12466 = CARTESIAN_POINT('',(38.331282410282,-1.074580049381,
    3.000000000001));
#12467 = DIRECTION('',(1.224646799147E-16,0.,-1.));
#12468 = DIRECTION('',(1.97619698382E-13,1.,2.420143310719E-29));
#12469 = ORIENTED_EDGE('',*,*,#12470,.T.);
#12470 = EDGE_CURVE('',#12462,#1777,#12471,.T.);
#12471 = LINE('',#12472,#12473);
#12472 = CARTESIAN_POINT('',(38.751900579849,0.880689843877,
    3.000000000001));
#12473 = VECTOR('',#12474,1.);
#12474 = DIRECTION('',(1.224646799147E-16,0.,-1.));
#12475 = ORIENTED_EDGE('',*,*,#1807,.T.);
#12476 = CYLINDRICAL_SURFACE('',#12477,2.000000000013);
#12477 = AXIS2_PLACEMENT_3D('',#12478,#12479,#12480);
#12478 = CARTESIAN_POINT('',(38.331282410282,-1.074580049381,
    3.000000000001));
#12479 = DIRECTION('',(1.224646799147E-16,0.,-1.));
#12480 = DIRECTION('',(1.97619698382E-13,1.,2.420143310719E-29));
#12481 = ADVANCED_FACE('',(#12482),#12500,.T.);
#12482 = FACE_BOUND('',#12483,.T.);
#12483 = EDGE_LOOP('',(#12484,#12485,#12493,#12499));
#12484 = ORIENTED_EDGE('',*,*,#1793,.F.);
#12485 = ORIENTED_EDGE('',*,*,#12486,.F.);
#12486 = EDGE_CURVE('',#12487,#1744,#12489,.T.);
#12487 = VERTEX_POINT('',#12488);
#12488 = CARTESIAN_POINT('',(42.637911751564,4.473010675554E-02,
    3.000000000001));
#12489 = LINE('',#12490,#12491);
#12490 = CARTESIAN_POINT('',(42.637911751564,4.473010675554E-02,
    3.000000000001));
#12491 = VECTOR('',#12492,1.);
#12492 = DIRECTION('',(1.224646799147E-16,0.,-1.));
#12493 = ORIENTED_EDGE('',*,*,#12494,.F.);
#12494 = EDGE_CURVE('',#12462,#12487,#12495,.T.);
#12495 = LINE('',#12496,#12497);
#12496 = CARTESIAN_POINT('',(38.751900579849,0.880689843877,
    3.000000000001));
#12497 = VECTOR('',#12498,1.);
#12498 = DIRECTION('',(0.977634946623,-0.210309084783,1.197257508116E-16
    ));
#12499 = ORIENTED_EDGE('',*,*,#12470,.T.);
#12500 = PLANE('',#12501);
#12501 = AXIS2_PLACEMENT_3D('',#12502,#12503,#12504);
#12502 = CARTESIAN_POINT('',(42.637911751564,4.473010675554E-02,
    3.000000000001));
#12503 = DIRECTION('',(-0.210309084783,-0.977634946623,
    -2.575543475111E-17));
#12504 = DIRECTION('',(-0.977634946623,0.210309084783,
    -1.197257508116E-16));
#12505 = ADVANCED_FACE('',(#12506),#12525,.T.);
#12506 = FACE_BOUND('',#12507,.T.);
#12507 = EDGE_LOOP('',(#12508,#12509,#12517,#12524));
#12508 = ORIENTED_EDGE('',*,*,#1761,.F.);
#12509 = ORIENTED_EDGE('',*,*,#12510,.F.);
#12510 = EDGE_CURVE('',#12511,#1706,#12513,.T.);
#12511 = VERTEX_POINT('',#12512);
#12512 = CARTESIAN_POINT('',(43.05852992113,5.400124791777E-13,
    3.000000000001));
#12513 = LINE('',#12514,#12515);
#12514 = CARTESIAN_POINT('',(43.05852992113,5.400124791777E-13,
    3.000000000001));
#12515 = VECTOR('',#12516,1.);
#12516 = DIRECTION('',(1.224646799147E-16,0.,-1.));
#12517 = ORIENTED_EDGE('',*,*,#12518,.F.);
#12518 = EDGE_CURVE('',#12487,#12511,#12519,.T.);
#12519 = CIRCLE('',#12520,2.000000000004);
#12520 = AXIS2_PLACEMENT_3D('',#12521,#12522,#12523);
#12521 = CARTESIAN_POINT('',(43.05852992113,2.000000000005,
    3.000000000001));
#12522 = DIRECTION('',(-1.224646799147E-16,3.08148791102E-33,1.));
#12523 = DIRECTION('',(-0.210309084783,-0.977634946623,
    -2.57554347511E-17));
#12524 = ORIENTED_EDGE('',*,*,#12486,.T.);
#12525 = CYLINDRICAL_SURFACE('',#12526,2.000000000004);
#12526 = AXIS2_PLACEMENT_3D('',#12527,#12528,#12529);
#12527 = CARTESIAN_POINT('',(43.05852992113,2.000000000005,
    3.000000000001));
#12528 = DIRECTION('',(1.224646799147E-16,0.,-1.));
#12529 = DIRECTION('',(-0.210309084783,-0.977634946623,
    -2.57554347511E-17));
#12530 = ADVANCED_FACE('',(#12531),#12549,.T.);
#12531 = FACE_BOUND('',#12532,.T.);
#12532 = EDGE_LOOP('',(#12533,#12534,#12542,#12548));
#12533 = ORIENTED_EDGE('',*,*,#1729,.F.);
#12534 = ORIENTED_EDGE('',*,*,#12535,.F.);
#12535 = EDGE_CURVE('',#12536,#1722,#12538,.T.);
#12536 = VERTEX_POINT('',#12537);
#12537 = CARTESIAN_POINT('',(44.118034887243,5.400124791777E-13,
    3.000000000001));
#12538 = LINE('',#12539,#12540);
#12539 = CARTESIAN_POINT('',(44.118034887243,5.400124791777E-13,
    3.000000000001));
#12540 = VECTOR('',#12541,1.);
#12541 = DIRECTION('',(1.224646799147E-16,0.,-1.));
#12542 = ORIENTED_EDGE('',*,*,#12543,.F.);
#12543 = EDGE_CURVE('',#12511,#12536,#12544,.T.);
#12544 = LINE('',#12545,#12546);
#12545 = CARTESIAN_POINT('',(43.05852992113,5.400124791777E-13,
    3.000000000001));
#12546 = VECTOR('',#12547,1.);
#12547 = DIRECTION('',(1.,0.,1.224646799147E-16));
#12548 = ORIENTED_EDGE('',*,*,#12510,.T.);
#12549 = PLANE('',#12550);
#12550 = AXIS2_PLACEMENT_3D('',#12551,#12552,#12553);
#12551 = CARTESIAN_POINT('',(44.118034887243,5.400124791777E-13,
    3.000000000001));
#12552 = DIRECTION('',(0.,-1.,0.));
#12553 = DIRECTION('',(-1.,-0.,-1.224646799147E-16));
#12554 = ADVANCED_FACE('',(#12555),#12574,.T.);
#12555 = FACE_BOUND('',#12556,.T.);
#12556 = EDGE_LOOP('',(#12557,#12558,#12566,#12573));
#12557 = ORIENTED_EDGE('',*,*,#2769,.F.);
#12558 = ORIENTED_EDGE('',*,*,#12559,.F.);
#12559 = EDGE_CURVE('',#12560,#1658,#12562,.T.);
#12560 = VERTEX_POINT('',#12561);
#12561 = CARTESIAN_POINT('',(44.879129009102,0.351358544593,
    3.000000000001));
#12562 = LINE('',#12563,#12564);
#12563 = CARTESIAN_POINT('',(44.879129009102,0.351358544593,
    3.000000000001));
#12564 = VECTOR('',#12565,1.);
#12565 = DIRECTION('',(1.224646799147E-16,0.,-1.));
#12566 = ORIENTED_EDGE('',*,*,#12567,.F.);
#12567 = EDGE_CURVE('',#12536,#12560,#12568,.T.);
#12568 = CIRCLE('',#12569,1.000000000002);
#12569 = AXIS2_PLACEMENT_3D('',#12570,#12571,#12572);
#12570 = CARTESIAN_POINT('',(44.118034887244,1.000000000002,
    3.000000000001));
#12571 = DIRECTION('',(-1.224646799147E-16,0.,1.));
#12572 = DIRECTION('',(-6.67799149311E-13,-1.,-8.17818090677E-29));
#12573 = ORIENTED_EDGE('',*,*,#12535,.T.);
#12574 = CYLINDRICAL_SURFACE('',#12575,1.000000000002);
#12575 = AXIS2_PLACEMENT_3D('',#12576,#12577,#12578);
#12576 = CARTESIAN_POINT('',(44.118034887244,1.000000000002,
    3.000000000001));
#12577 = DIRECTION('',(1.224646799147E-16,0.,-1.));
#12578 = DIRECTION('',(-6.67799149311E-13,-1.,-8.17818090677E-29));
#12579 = ADVANCED_FACE('',(#12580),#12598,.T.);
#12580 = FACE_BOUND('',#12581,.T.);
#12581 = EDGE_LOOP('',(#12582,#12583,#12591,#12597));
#12582 = ORIENTED_EDGE('',*,*,#1674,.F.);
#12583 = ORIENTED_EDGE('',*,*,#12584,.F.);
#12584 = EDGE_CURVE('',#12585,#1625,#12587,.T.);
#12585 = VERTEX_POINT('',#12586);
#12586 = CARTESIAN_POINT('',(47.303766924807,3.196347328288,
    3.000000000001));
#12587 = LINE('',#12588,#12589);
#12588 = CARTESIAN_POINT('',(47.303766924807,3.196347328288,
    3.000000000001));
#12589 = VECTOR('',#12590,1.);
#12590 = DIRECTION('',(1.224646799147E-16,0.,-1.));
#12591 = ORIENTED_EDGE('',*,*,#12592,.F.);
#12592 = EDGE_CURVE('',#12560,#12585,#12593,.T.);
#12593 = LINE('',#12594,#12595);
#12594 = CARTESIAN_POINT('',(44.879129009102,0.351358544593,
    3.000000000001));
#12595 = VECTOR('',#12596,1.);
#12596 = DIRECTION('',(0.648641455408,0.761094121858,7.943566821598E-17)
  );
#12597 = ORIENTED_EDGE('',*,*,#12559,.T.);
#12598 = PLANE('',#12599);
#12599 = AXIS2_PLACEMENT_3D('',#12600,#12601,#12602);
#12600 = CARTESIAN_POINT('',(47.303766924807,3.196347328288,
    3.000000000001));
#12601 = DIRECTION('',(0.761094121858,-0.648641455408,9.320714801827E-17
    ));
#12602 = DIRECTION('',(-0.648641455408,-0.761094121858,
    -7.943566821598E-17));
#12603 = ADVANCED_FACE('',(#12604),#12623,.F.);
#12604 = FACE_BOUND('',#12605,.F.);
#12605 = EDGE_LOOP('',(#12606,#12607,#12616,#12622));
#12606 = ORIENTED_EDGE('',*,*,#12584,.F.);
#12607 = ORIENTED_EDGE('',*,*,#12608,.T.);
#12608 = EDGE_CURVE('',#12585,#12609,#12611,.T.);
#12609 = VERTEX_POINT('',#12610);
#12610 = CARTESIAN_POINT('',(48.064861046666,3.54770587288,
    3.000000000001));
#12611 = CIRCLE('',#12612,1.000000000001);
#12612 = AXIS2_PLACEMENT_3D('',#12613,#12614,#12615);
#12613 = CARTESIAN_POINT('',(48.064861046665,2.547705872879,
    3.000000000001));
#12614 = DIRECTION('',(1.224646799147E-16,0.,-1.));
#12615 = DIRECTION('',(-0.761094121857,0.648641455409,
    -9.320714801822E-17));
#12616 = ORIENTED_EDGE('',*,*,#12617,.T.);
#12617 = EDGE_CURVE('',#12609,#1594,#12618,.T.);
#12618 = LINE('',#12619,#12620);
#12619 = CARTESIAN_POINT('',(48.064861046666,3.54770587288,
    3.000000000001));
#12620 = VECTOR('',#12621,1.);
#12621 = DIRECTION('',(1.224646799147E-16,0.,-1.));
#12622 = ORIENTED_EDGE('',*,*,#1624,.T.);
#12623 = CYLINDRICAL_SURFACE('',#12624,1.000000000001);
#12624 = AXIS2_PLACEMENT_3D('',#12625,#12626,#12627);
#12625 = CARTESIAN_POINT('',(48.064861046665,2.547705872879,
    3.000000000001));
#12626 = DIRECTION('',(1.224646799147E-16,0.,-1.));
#12627 = DIRECTION('',(-0.761094121857,0.648641455409,
    -9.320714801822E-17));
#12628 = ADVANCED_FACE('',(#12629),#12647,.T.);
#12629 = FACE_BOUND('',#12630,.T.);
#12630 = EDGE_LOOP('',(#12631,#12632,#12640,#12646));
#12631 = ORIENTED_EDGE('',*,*,#1610,.F.);
#12632 = ORIENTED_EDGE('',*,*,#12633,.F.);
#12633 = EDGE_CURVE('',#12634,#1561,#12636,.T.);
#12634 = VERTEX_POINT('',#12635);
#12635 = CARTESIAN_POINT('',(48.87639056416,3.54770587288,3.000000000001
    ));
#12636 = LINE('',#12637,#12638);
#12637 = CARTESIAN_POINT('',(48.87639056416,3.54770587288,3.000000000001
    ));
#12638 = VECTOR('',#12639,1.);
#12639 = DIRECTION('',(1.224646799147E-16,0.,-1.));
#12640 = ORIENTED_EDGE('',*,*,#12641,.T.);
#12641 = EDGE_CURVE('',#12634,#12609,#12642,.T.);
#12642 = LINE('',#12643,#12644);
#12643 = CARTESIAN_POINT('',(48.87639056416,3.54770587288,3.000000000001
    ));
#12644 = VECTOR('',#12645,1.);
#12645 = DIRECTION('',(-1.,0.,-1.224646799147E-16));
#12646 = ORIENTED_EDGE('',*,*,#12617,.T.);
#12647 = PLANE('',#12648);
#12648 = AXIS2_PLACEMENT_3D('',#12649,#12650,#12651);
#12649 = CARTESIAN_POINT('',(48.87639056416,3.54770587288,3.000000000001
    ));
#12650 = DIRECTION('',(0.,-1.,0.));
#12651 = DIRECTION('',(-1.,-0.,-1.224646799147E-16));
#12652 = ADVANCED_FACE('',(#12653),#12672,.F.);
#12653 = FACE_BOUND('',#12654,.F.);
#12654 = EDGE_LOOP('',(#12655,#12656,#12665,#12671));
#12655 = ORIENTED_EDGE('',*,*,#12633,.F.);
#12656 = ORIENTED_EDGE('',*,*,#12657,.F.);
#12657 = EDGE_CURVE('',#12658,#12634,#12660,.T.);
#12658 = VERTEX_POINT('',#12659);
#12659 = CARTESIAN_POINT('',(49.637484686019,3.196347328288,
    3.000000000001));
#12660 = CIRCLE('',#12661,1.000000000001);
#12661 = AXIS2_PLACEMENT_3D('',#12662,#12663,#12664);
#12662 = CARTESIAN_POINT('',(48.876390564161,2.547705872879,
    3.000000000001));
#12663 = DIRECTION('',(-1.224646799147E-16,0.,1.));
#12664 = DIRECTION('',(0.761094121857,0.648641455409,9.320714801822E-17)
  );
#12665 = ORIENTED_EDGE('',*,*,#12666,.T.);
#12666 = EDGE_CURVE('',#12658,#1523,#12667,.T.);
#12667 = LINE('',#12668,#12669);
#12668 = CARTESIAN_POINT('',(49.637484686019,3.196347328288,
    3.000000000001));
#12669 = VECTOR('',#12670,1.);
#12670 = DIRECTION('',(1.224646799147E-16,0.,-1.));
#12671 = ORIENTED_EDGE('',*,*,#1560,.T.);
#12672 = CYLINDRICAL_SURFACE('',#12673,1.000000000001);
#12673 = AXIS2_PLACEMENT_3D('',#12674,#12675,#12676);
#12674 = CARTESIAN_POINT('',(48.876390564161,2.547705872879,
    3.000000000001));
#12675 = DIRECTION('',(1.224646799147E-16,0.,-1.));
#12676 = DIRECTION('',(0.761094121857,0.648641455409,9.320714801822E-17)
  );
#12677 = ADVANCED_FACE('',(#12678),#12696,.T.);
#12678 = FACE_BOUND('',#12679,.T.);
#12679 = EDGE_LOOP('',(#12680,#12681,#12689,#12695));
#12680 = ORIENTED_EDGE('',*,*,#1546,.F.);
#12681 = ORIENTED_EDGE('',*,*,#12682,.F.);
#12682 = EDGE_CURVE('',#12683,#1539,#12685,.T.);
#12683 = VERTEX_POINT('',#12684);
#12684 = CARTESIAN_POINT('',(52.062122601724,0.351358544593,
    3.000000000001));
#12685 = LINE('',#12686,#12687);
#12686 = CARTESIAN_POINT('',(52.062122601724,0.351358544593,
    3.000000000001));
#12687 = VECTOR('',#12688,1.);
#12688 = DIRECTION('',(1.224646799147E-16,0.,-1.));
#12689 = ORIENTED_EDGE('',*,*,#12690,.T.);
#12690 = EDGE_CURVE('',#12683,#12658,#12691,.T.);
#12691 = LINE('',#12692,#12693);
#12692 = CARTESIAN_POINT('',(52.062122601724,0.351358544593,
    3.000000000001));
#12693 = VECTOR('',#12694,1.);
#12694 = DIRECTION('',(-0.648641455408,0.761094121858,
    -7.943566821598E-17));
#12695 = ORIENTED_EDGE('',*,*,#12666,.T.);
#12696 = PLANE('',#12697);
#12697 = AXIS2_PLACEMENT_3D('',#12698,#12699,#12700);
#12698 = CARTESIAN_POINT('',(52.062122601724,0.351358544593,
    3.000000000001));
#12699 = DIRECTION('',(-0.761094121858,-0.648641455408,
    -9.320714801827E-17));
#12700 = DIRECTION('',(-0.648641455408,0.761094121858,
    -7.943566821598E-17));
#12701 = ADVANCED_FACE('',(#12702),#12721,.T.);
#12702 = FACE_BOUND('',#12703,.T.);
#12703 = EDGE_LOOP('',(#12704,#12705,#12713,#12720));
#12704 = ORIENTED_EDGE('',*,*,#1690,.F.);
#12705 = ORIENTED_EDGE('',*,*,#12706,.F.);
#12706 = EDGE_CURVE('',#12707,#1475,#12709,.T.);
#12707 = VERTEX_POINT('',#12708);
#12708 = CARTESIAN_POINT('',(52.823216723583,5.400124791777E-13,
    3.000000000001));
#12709 = LINE('',#12710,#12711);
#12710 = CARTESIAN_POINT('',(52.823216723583,5.400124791777E-13,
    3.000000000001));
#12711 = VECTOR('',#12712,1.);
#12712 = DIRECTION('',(1.224646799147E-16,0.,-1.));
#12713 = ORIENTED_EDGE('',*,*,#12714,.T.);
#12714 = EDGE_CURVE('',#12707,#12683,#12715,.T.);
#12715 = CIRCLE('',#12716,1.000000000002);
#12716 = AXIS2_PLACEMENT_3D('',#12717,#12718,#12719);
#12717 = CARTESIAN_POINT('',(52.823216723582,1.000000000002,
    3.000000000001));
#12718 = DIRECTION('',(1.224646799147E-16,0.,-1.));
#12719 = DIRECTION('',(6.666889262864E-13,-1.,8.164584596036E-29));
#12720 = ORIENTED_EDGE('',*,*,#12682,.T.);
#12721 = CYLINDRICAL_SURFACE('',#12722,1.000000000002);
#12722 = AXIS2_PLACEMENT_3D('',#12723,#12724,#12725);
#12723 = CARTESIAN_POINT('',(52.823216723582,1.000000000002,
    3.000000000001));
#12724 = DIRECTION('',(1.224646799147E-16,0.,-1.));
#12725 = DIRECTION('',(6.666889262864E-13,-1.,8.164584596036E-29));
#12726 = ADVANCED_FACE('',(#12727),#12745,.T.);
#12727 = FACE_BOUND('',#12728,.T.);
#12728 = EDGE_LOOP('',(#12729,#12730,#12738,#12744));
#12729 = ORIENTED_EDGE('',*,*,#1491,.F.);
#12730 = ORIENTED_EDGE('',*,*,#12731,.F.);
#12731 = EDGE_CURVE('',#12732,#1442,#12734,.T.);
#12732 = VERTEX_POINT('',#12733);
#12733 = CARTESIAN_POINT('',(53.882721689696,5.400124791777E-13,
    3.000000000001));
#12734 = LINE('',#12735,#12736);
#12735 = CARTESIAN_POINT('',(53.882721689696,5.400124791777E-13,
    3.000000000001));
#12736 = VECTOR('',#12737,1.);
#12737 = DIRECTION('',(1.224646799147E-16,0.,-1.));
#12738 = ORIENTED_EDGE('',*,*,#12739,.T.);
#12739 = EDGE_CURVE('',#12732,#12707,#12740,.T.);
#12740 = LINE('',#12741,#12742);
#12741 = CARTESIAN_POINT('',(53.882721689696,5.400124791777E-13,
    3.000000000001));
#12742 = VECTOR('',#12743,1.);
#12743 = DIRECTION('',(-1.,0.,-1.224646799147E-16));
#12744 = ORIENTED_EDGE('',*,*,#12706,.T.);
#12745 = PLANE('',#12746);
#12746 = AXIS2_PLACEMENT_3D('',#12747,#12748,#12749);
#12747 = CARTESIAN_POINT('',(53.882721689696,5.400124791777E-13,
    3.000000000001));
#12748 = DIRECTION('',(0.,-1.,0.));
#12749 = DIRECTION('',(-1.,-0.,-1.224646799147E-16));
#12750 = ADVANCED_FACE('',(#12751),#12770,.T.);
#12751 = FACE_BOUND('',#12752,.T.);
#12752 = EDGE_LOOP('',(#12753,#12754,#12762,#12769));
#12753 = ORIENTED_EDGE('',*,*,#1459,.F.);
#12754 = ORIENTED_EDGE('',*,*,#12755,.F.);
#12755 = EDGE_CURVE('',#12756,#1411,#12758,.T.);
#12756 = VERTEX_POINT('',#12757);
#12757 = CARTESIAN_POINT('',(54.303339859263,4.473010675554E-02,
    3.000000000001));
#12758 = LINE('',#12759,#12760);
#12759 = CARTESIAN_POINT('',(54.303339859263,4.473010675554E-02,
    3.000000000001));
#12760 = VECTOR('',#12761,1.);
#12761 = DIRECTION('',(1.224646799147E-16,0.,-1.));
#12762 = ORIENTED_EDGE('',*,*,#12763,.T.);
#12763 = EDGE_CURVE('',#12756,#12732,#12764,.T.);
#12764 = CIRCLE('',#12765,2.000000000004);
#12765 = AXIS2_PLACEMENT_3D('',#12766,#12767,#12768);
#12766 = CARTESIAN_POINT('',(53.882721689696,2.000000000005,
    3.000000000001));
#12767 = DIRECTION('',(1.224646799147E-16,3.08148791102E-33,-1.));
#12768 = DIRECTION('',(0.210309084783,-0.977634946623,2.57554347511E-17)
  );
#12769 = ORIENTED_EDGE('',*,*,#12731,.T.);
#12770 = CYLINDRICAL_SURFACE('',#12771,2.000000000004);
#12771 = AXIS2_PLACEMENT_3D('',#12772,#12773,#12774);
#12772 = CARTESIAN_POINT('',(53.882721689696,2.000000000005,
    3.000000000001));
#12773 = DIRECTION('',(1.224646799147E-16,0.,-1.));
#12774 = DIRECTION('',(0.210309084783,-0.977634946623,2.57554347511E-17)
  );
#12775 = ADVANCED_FACE('',(#12776),#12794,.T.);
#12776 = FACE_BOUND('',#12777,.T.);
#12777 = EDGE_LOOP('',(#12778,#12779,#12787,#12793));
#12778 = ORIENTED_EDGE('',*,*,#1427,.F.);
#12779 = ORIENTED_EDGE('',*,*,#12780,.F.);
#12780 = EDGE_CURVE('',#12781,#1378,#12783,.T.);
#12781 = VERTEX_POINT('',#12782);
#12782 = CARTESIAN_POINT('',(58.189351030977,0.880689843877,
    3.000000000001));
#12783 = LINE('',#12784,#12785);
#12784 = CARTESIAN_POINT('',(58.189351030977,0.880689843877,
    3.000000000001));
#12785 = VECTOR('',#12786,1.);
#12786 = DIRECTION('',(1.224646799147E-16,0.,-1.));
#12787 = ORIENTED_EDGE('',*,*,#12788,.T.);
#12788 = EDGE_CURVE('',#12781,#12756,#12789,.T.);
#12789 = LINE('',#12790,#12791);
#12790 = CARTESIAN_POINT('',(58.189351030977,0.880689843877,
    3.000000000001));
#12791 = VECTOR('',#12792,1.);
#12792 = DIRECTION('',(-0.977634946623,-0.210309084783,
    -1.197257508116E-16));
#12793 = ORIENTED_EDGE('',*,*,#12755,.T.);
#12794 = PLANE('',#12795);
#12795 = AXIS2_PLACEMENT_3D('',#12796,#12797,#12798);
#12796 = CARTESIAN_POINT('',(58.189351030977,0.880689843877,
    3.000000000001));
#12797 = DIRECTION('',(0.210309084783,-0.977634946623,2.575543475111E-17
    ));
#12798 = DIRECTION('',(-0.977634946623,-0.210309084783,
    -1.197257508116E-16));
#12799 = ADVANCED_FACE('',(#12800),#12819,.F.);
#12800 = FACE_BOUND('',#12801,.F.);
#12801 = EDGE_LOOP('',(#12802,#12803,#12812,#12818));
#12802 = ORIENTED_EDGE('',*,*,#12780,.F.);
#12803 = ORIENTED_EDGE('',*,*,#12804,.F.);
#12804 = EDGE_CURVE('',#12805,#12781,#12807,.T.);
#12805 = VERTEX_POINT('',#12806);
#12806 = CARTESIAN_POINT('',(58.609969200544,0.925419950632,
    3.000000000001));
#12807 = CIRCLE('',#12808,2.000000000013);
#12808 = AXIS2_PLACEMENT_3D('',#12809,#12810,#12811);
#12809 = CARTESIAN_POINT('',(58.609969200544,-1.074580049381,
    3.000000000001));
#12810 = DIRECTION('',(-1.224646799147E-16,0.,1.));
#12811 = DIRECTION('',(-1.97619698382E-13,1.,-2.420143310719E-29));
#12812 = ORIENTED_EDGE('',*,*,#12813,.T.);
#12813 = EDGE_CURVE('',#12805,#1347,#12814,.T.);
#12814 = LINE('',#12815,#12816);
#12815 = CARTESIAN_POINT('',(58.609969200544,0.925419950632,
    3.000000000001));
#12816 = VECTOR('',#12817,1.);
#12817 = DIRECTION('',(1.224646799147E-16,0.,-1.));
#12818 = ORIENTED_EDGE('',*,*,#1377,.T.);
#12819 = CYLINDRICAL_SURFACE('',#12820,2.000000000013);
#12820 = AXIS2_PLACEMENT_3D('',#12821,#12822,#12823);
#12821 = CARTESIAN_POINT('',(58.609969200544,-1.074580049381,
    3.000000000001));
#12822 = DIRECTION('',(1.224646799147E-16,0.,-1.));
#12823 = DIRECTION('',(-1.97619698382E-13,1.,-2.420143310719E-29));
#12824 = ADVANCED_FACE('',(#12825),#12843,.T.);
#12825 = FACE_BOUND('',#12826,.T.);
#12826 = EDGE_LOOP('',(#12827,#12828,#12836,#12842));
#12827 = ORIENTED_EDGE('',*,*,#1363,.F.);
#12828 = ORIENTED_EDGE('',*,*,#12829,.F.);
#12829 = EDGE_CURVE('',#12830,#1314,#12832,.T.);
#12830 = VERTEX_POINT('',#12831);
#12831 = CARTESIAN_POINT('',(65.889686719659,0.925419950632,
    3.000000000001));
#12832 = LINE('',#12833,#12834);
#12833 = CARTESIAN_POINT('',(65.889686719659,0.925419950632,
    3.000000000001));
#12834 = VECTOR('',#12835,1.);
#12835 = DIRECTION('',(1.224646799147E-16,0.,-1.));
#12836 = ORIENTED_EDGE('',*,*,#12837,.T.);
#12837 = EDGE_CURVE('',#12830,#12805,#12838,.T.);
#12838 = LINE('',#12839,#12840);
#12839 = CARTESIAN_POINT('',(65.889686719659,0.925419950632,
    3.000000000001));
#12840 = VECTOR('',#12841,1.);
#12841 = DIRECTION('',(-1.,0.,-1.224646799147E-16));
#12842 = ORIENTED_EDGE('',*,*,#12813,.T.);
#12843 = PLANE('',#12844);
#12844 = AXIS2_PLACEMENT_3D('',#12845,#12846,#12847);
#12845 = CARTESIAN_POINT('',(65.889686719659,0.925419950632,
    3.000000000001));
#12846 = DIRECTION('',(0.,-1.,0.));
#12847 = DIRECTION('',(-1.,-0.,-1.224646799147E-16));
#12848 = ADVANCED_FACE('',(#12849),#12868,.T.);
#12849 = FACE_BOUND('',#12850,.T.);
#12850 = EDGE_LOOP('',(#12851,#12852,#12860,#12867));
#12851 = ORIENTED_EDGE('',*,*,#1331,.F.);
#12852 = ORIENTED_EDGE('',*,*,#12853,.F.);
#12853 = EDGE_CURVE('',#12854,#1283,#12856,.T.);
#12854 = VERTEX_POINT('',#12855);
#12855 = CARTESIAN_POINT('',(68.889686719659,3.925419950632,
    3.000000000001));
#12856 = LINE('',#12857,#12858);
#12857 = CARTESIAN_POINT('',(68.889686719659,3.925419950632,
    3.000000000001));
#12858 = VECTOR('',#12859,1.);
#12859 = DIRECTION('',(1.224646799147E-16,0.,-1.));
#12860 = ORIENTED_EDGE('',*,*,#12861,.T.);
#12861 = EDGE_CURVE('',#12854,#12830,#12862,.T.);
#12862 = CIRCLE('',#12863,3.);
#12863 = AXIS2_PLACEMENT_3D('',#12864,#12865,#12866);
#12864 = CARTESIAN_POINT('',(65.889686719659,3.925419950632,
    3.000000000001));
#12865 = DIRECTION('',(1.224646799147E-16,0.,-1.));
#12866 = DIRECTION('',(1.,-5.921189464667E-15,1.224646799147E-16));
#12867 = ORIENTED_EDGE('',*,*,#12829,.T.);
#12868 = CYLINDRICAL_SURFACE('',#12869,3.);
#12869 = AXIS2_PLACEMENT_3D('',#12870,#12871,#12872);
#12870 = CARTESIAN_POINT('',(65.889686719659,3.925419950632,
    3.000000000001));
#12871 = DIRECTION('',(1.224646799147E-16,0.,-1.));
#12872 = DIRECTION('',(1.,-5.921189464667E-15,1.224646799147E-16));
#12873 = ADVANCED_FACE('',(#12874),#12892,.T.);
#12874 = FACE_BOUND('',#12875,.T.);
#12875 = EDGE_LOOP('',(#12876,#12877,#12885,#12891));
#12876 = ORIENTED_EDGE('',*,*,#1299,.F.);
#12877 = ORIENTED_EDGE('',*,*,#12878,.F.);
#12878 = EDGE_CURVE('',#12879,#1250,#12881,.T.);
#12879 = VERTEX_POINT('',#12880);
#12880 = CARTESIAN_POINT('',(68.889686719659,56.006167433634,
    3.000000000001));
#12881 = LINE('',#12882,#12883);
#12882 = CARTESIAN_POINT('',(68.889686719659,56.006167433634,
    3.000000000001));
#12883 = VECTOR('',#12884,1.);
#12884 = DIRECTION('',(1.224646799147E-16,0.,-1.));
#12885 = ORIENTED_EDGE('',*,*,#12886,.T.);
#12886 = EDGE_CURVE('',#12879,#12854,#12887,.T.);
#12887 = LINE('',#12888,#12889);
#12888 = CARTESIAN_POINT('',(68.889686719659,56.006167433634,
    3.000000000001));
#12889 = VECTOR('',#12890,1.);
#12890 = DIRECTION('',(0.,-1.,0.));
#12891 = ORIENTED_EDGE('',*,*,#12853,.T.);
#12892 = PLANE('',#12893);
#12893 = AXIS2_PLACEMENT_3D('',#12894,#12895,#12896);
#12894 = CARTESIAN_POINT('',(68.889686719659,56.006167433634,
    3.000000000001));
#12895 = DIRECTION('',(1.,0.,1.224646799147E-16));
#12896 = DIRECTION('',(0.,-1.,0.));
#12897 = ADVANCED_FACE('',(#12898),#12917,.F.);
#12898 = FACE_BOUND('',#12899,.F.);
#12899 = EDGE_LOOP('',(#12900,#12901,#12910,#12916));
#12900 = ORIENTED_EDGE('',*,*,#12878,.F.);
#12901 = ORIENTED_EDGE('',*,*,#12902,.F.);
#12902 = EDGE_CURVE('',#12903,#12879,#12905,.T.);
#12903 = VERTEX_POINT('',#12904);
#12904 = CARTESIAN_POINT('',(69.768366376099,58.127487777194,
    3.000000000001));
#12905 = CIRCLE('',#12906,3.);
#12906 = AXIS2_PLACEMENT_3D('',#12907,#12908,#12909);
#12907 = CARTESIAN_POINT('',(71.889686719659,56.006167433635,
    3.000000000001));
#12908 = DIRECTION('',(-1.224646799147E-16,0.,1.));
#12909 = DIRECTION('',(-0.707106781187,0.707106781186,
    -8.659560562356E-17));
#12910 = ORIENTED_EDGE('',*,*,#12911,.T.);
#12911 = EDGE_CURVE('',#12903,#1219,#12912,.T.);
#12912 = LINE('',#12913,#12914);
#12913 = CARTESIAN_POINT('',(69.768366376099,58.127487777194,
    3.000000000001));
#12914 = VECTOR('',#12915,1.);
#12915 = DIRECTION('',(1.224646799147E-16,0.,-1.));
#12916 = ORIENTED_EDGE('',*,*,#1249,.T.);
#12917 = CYLINDRICAL_SURFACE('',#12918,3.);
#12918 = AXIS2_PLACEMENT_3D('',#12919,#12920,#12921);
#12919 = CARTESIAN_POINT('',(71.889686719659,56.006167433635,
    3.000000000001));
#12920 = DIRECTION('',(1.224646799147E-16,0.,-1.));
#12921 = DIRECTION('',(-0.707106781187,0.707106781186,
    -8.659560562356E-17));
#12922 = ADVANCED_FACE('',(#12923),#12941,.T.);
#12923 = FACE_BOUND('',#12924,.T.);
#12924 = EDGE_LOOP('',(#12925,#12926,#12934,#12940));
#12925 = ORIENTED_EDGE('',*,*,#1235,.F.);
#12926 = ORIENTED_EDGE('',*,*,#12927,.F.);
#12927 = EDGE_CURVE('',#12928,#1186,#12930,.T.);
#12928 = VERTEX_POINT('',#12929);
#12929 = CARTESIAN_POINT('',(79.145483923013,67.504605324109,
    3.000000000001));
#12930 = LINE('',#12931,#12932);
#12931 = CARTESIAN_POINT('',(79.145483923013,67.504605324109,
    3.000000000001));
#12932 = VECTOR('',#12933,1.);
#12933 = DIRECTION('',(1.224646799147E-16,0.,-1.));
#12934 = ORIENTED_EDGE('',*,*,#12935,.T.);
#12935 = EDGE_CURVE('',#12928,#12903,#12936,.T.);
#12936 = LINE('',#12937,#12938);
#12937 = CARTESIAN_POINT('',(79.145483923013,67.504605324109,
    3.000000000001));
#12938 = VECTOR('',#12939,1.);
#12939 = DIRECTION('',(-0.707106781186,-0.707106781187,
    -8.659560562354E-17));
#12940 = ORIENTED_EDGE('',*,*,#12911,.T.);
#12941 = PLANE('',#12942);
#12942 = AXIS2_PLACEMENT_3D('',#12943,#12944,#12945);
#12943 = CARTESIAN_POINT('',(79.145483923013,67.504605324109,
    3.000000000001));
#12944 = DIRECTION('',(0.707106781187,-0.707106781186,8.659560562356E-17
    ));
#12945 = DIRECTION('',(-0.707106781186,-0.707106781187,
    -8.659560562354E-17));
#12946 = ADVANCED_FACE('',(#12947),#12966,.F.);
#12947 = FACE_BOUND('',#12948,.F.);
#12948 = EDGE_LOOP('',(#12949,#12950,#12959,#12965));
#12949 = ORIENTED_EDGE('',*,*,#12927,.F.);
#12950 = ORIENTED_EDGE('',*,*,#12951,.F.);
#12951 = EDGE_CURVE('',#12952,#12928,#12954,.T.);
#12952 = VERTEX_POINT('',#12953);
#12953 = CARTESIAN_POINT('',(82.122354125909,69.271088591539,
    3.000000000001));
#12954 = CIRCLE('',#12955,7.);
#12955 = AXIS2_PLACEMENT_3D('',#12956,#12957,#12958);
#12956 = CARTESIAN_POINT('',(84.095231391319,62.554857855804,
    3.000000000001));
#12957 = DIRECTION('',(-1.224646799147E-16,0.,1.));
#12958 = DIRECTION('',(-0.281839609344,0.959461533676,
    -3.451539754565E-17));
#12959 = ORIENTED_EDGE('',*,*,#12960,.T.);
#12960 = EDGE_CURVE('',#12952,#1155,#12961,.T.);
#12961 = LINE('',#12962,#12963);
#12962 = CARTESIAN_POINT('',(82.122354125909,69.271088591539,
    3.000000000001));
#12963 = VECTOR('',#12964,1.);
#12964 = DIRECTION('',(1.224646799147E-16,0.,-1.));
#12965 = ORIENTED_EDGE('',*,*,#1185,.T.);
#12966 = CYLINDRICAL_SURFACE('',#12967,7.);
#12967 = AXIS2_PLACEMENT_3D('',#12968,#12969,#12970);
#12968 = CARTESIAN_POINT('',(84.095231391319,62.554857855804,
    3.000000000001));
#12969 = DIRECTION('',(1.224646799147E-16,0.,-1.));
#12970 = DIRECTION('',(-0.281839609344,0.959461533676,
    -3.451539754565E-17));
#12971 = ADVANCED_FACE('',(#12972),#12990,.T.);
#12972 = FACE_BOUND('',#12973,.T.);
#12973 = EDGE_LOOP('',(#12974,#12975,#12983,#12989));
#12974 = ORIENTED_EDGE('',*,*,#1171,.F.);
#12975 = ORIENTED_EDGE('',*,*,#12976,.F.);
#12976 = EDGE_CURVE('',#12977,#1122,#12979,.T.);
#12977 = VERTEX_POINT('',#12978);
#12978 = CARTESIAN_POINT('',(89.848616739971,71.540660388225,
    3.000000000001));
#12979 = LINE('',#12980,#12981);
#12980 = CARTESIAN_POINT('',(89.848616739971,71.540660388225,
    3.000000000001));
#12981 = VECTOR('',#12982,1.);
#12982 = DIRECTION('',(1.224646799147E-16,0.,-1.));
#12983 = ORIENTED_EDGE('',*,*,#12984,.T.);
#12984 = EDGE_CURVE('',#12977,#12952,#12985,.T.);
#12985 = LINE('',#12986,#12987);
#12986 = CARTESIAN_POINT('',(89.848616739971,71.540660388225,
    3.000000000001));
#12987 = VECTOR('',#12988,1.);
#12988 = DIRECTION('',(-0.959461533676,-0.281839609344,
    -1.175001496122E-16));
#12989 = ORIENTED_EDGE('',*,*,#12960,.T.);
#12990 = PLANE('',#12991);
#12991 = AXIS2_PLACEMENT_3D('',#12992,#12993,#12994);
#12992 = CARTESIAN_POINT('',(89.848616739971,71.540660388225,
    3.000000000001));
#12993 = DIRECTION('',(0.281839609344,-0.959461533676,3.451539754563E-17
    ));
#12994 = DIRECTION('',(-0.959461533676,-0.281839609344,
    -1.175001496122E-16));
#12995 = ADVANCED_FACE('',(#12996),#13015,.T.);
#12996 = FACE_BOUND('',#12997,.T.);
#12997 = EDGE_LOOP('',(#12998,#12999,#13007,#13014));
#12998 = ORIENTED_EDGE('',*,*,#1139,.F.);
#12999 = ORIENTED_EDGE('',*,*,#13000,.F.);
#13000 = EDGE_CURVE('',#13001,#1091,#13003,.T.);
#13001 = VERTEX_POINT('',#13002);
#13002 = CARTESIAN_POINT('',(93.416272559803,73.978749806596,
    3.000000000001));
#13003 = LINE('',#13004,#13005);
#13004 = CARTESIAN_POINT('',(93.416272559803,73.978749806596,
    3.000000000001));
#13005 = VECTOR('',#13006,1.);
#13006 = DIRECTION('',(1.224646799147E-16,0.,-1.));
#13007 = ORIENTED_EDGE('',*,*,#13008,.T.);
#13008 = EDGE_CURVE('',#13001,#12977,#13009,.T.);
#13009 = CIRCLE('',#13010,6.999999999999);
#13010 = AXIS2_PLACEMENT_3D('',#13011,#13012,#13013);
#13011 = CARTESIAN_POINT('',(87.875739474561,78.256891123959,
    3.000000000001));
#13012 = DIRECTION('',(1.224646799147E-16,0.,-1.));
#13013 = DIRECTION('',(0.791504726463,-0.611163045338,9.693137297733E-17
    ));
#13014 = ORIENTED_EDGE('',*,*,#12976,.T.);
#13015 = CYLINDRICAL_SURFACE('',#13016,6.999999999999);
#13016 = AXIS2_PLACEMENT_3D('',#13017,#13018,#13019);
#13017 = CARTESIAN_POINT('',(87.875739474561,78.256891123959,
    3.000000000001));
#13018 = DIRECTION('',(1.224646799147E-16,0.,-1.));
#13019 = DIRECTION('',(0.791504726463,-0.611163045338,9.693137297733E-17
    ));
#13020 = ADVANCED_FACE('',(#13021),#13039,.T.);
#13021 = FACE_BOUND('',#13022,.T.);
#13022 = EDGE_LOOP('',(#13023,#13024,#13032,#13038));
#13023 = ORIENTED_EDGE('',*,*,#1107,.F.);
#13024 = ORIENTED_EDGE('',*,*,#13025,.F.);
#13025 = EDGE_CURVE('',#13026,#1058,#13028,.T.);
#13026 = VERTEX_POINT('',#13027);
#13027 = CARTESIAN_POINT('',(95.481784696068,76.653752215353,
    3.000000000001));
#13028 = LINE('',#13029,#13030);
#13029 = CARTESIAN_POINT('',(95.481784696068,76.653752215353,
    3.000000000001));
#13030 = VECTOR('',#13031,1.);
#13031 = DIRECTION('',(1.224646799147E-16,0.,-1.));
#13032 = ORIENTED_EDGE('',*,*,#13033,.T.);
#13033 = EDGE_CURVE('',#13026,#13001,#13034,.T.);
#13034 = LINE('',#13035,#13036);
#13035 = CARTESIAN_POINT('',(95.481784696068,76.653752215353,
    3.000000000001));
#13036 = VECTOR('',#13037,1.);
#13037 = DIRECTION('',(-0.611163045338,-0.791504726463,
    -7.484588672298E-17));
#13038 = ORIENTED_EDGE('',*,*,#13000,.T.);
#13039 = PLANE('',#13040);
#13040 = AXIS2_PLACEMENT_3D('',#13041,#13042,#13043);
#13041 = CARTESIAN_POINT('',(95.481784696068,76.653752215353,
    3.000000000001));
#13042 = DIRECTION('',(0.791504726463,-0.611163045338,9.693137297733E-17
    ));
#13043 = DIRECTION('',(-0.611163045338,-0.791504726463,
    -7.484588672298E-17));
#13044 = ADVANCED_FACE('',(#13045),#13064,.T.);
#13045 = FACE_BOUND('',#13046,.T.);
#13046 = EDGE_LOOP('',(#13047,#13048,#13056,#13063));
#13047 = ORIENTED_EDGE('',*,*,#1075,.F.);
#13048 = ORIENTED_EDGE('',*,*,#13049,.F.);
#13049 = EDGE_CURVE('',#13050,#1027,#13052,.T.);
#13050 = VERTEX_POINT('',#13051);
#13051 = CARTESIAN_POINT('',(94.578155071139,86.175854468855,
    3.000000000001));
#13052 = LINE('',#13053,#13054);
#13053 = CARTESIAN_POINT('',(94.578155071139,86.175854468855,
    3.000000000001));
#13054 = VECTOR('',#13055,1.);
#13055 = DIRECTION('',(1.224646799147E-16,0.,-1.));
#13056 = ORIENTED_EDGE('',*,*,#13057,.T.);
#13057 = EDGE_CURVE('',#13050,#13026,#13058,.T.);
#13058 = CIRCLE('',#13059,7.000000000001);
#13059 = AXIS2_PLACEMENT_3D('',#13060,#13061,#13062);
#13060 = CARTESIAN_POINT('',(89.941251610824,80.931893532717,
    3.000000000001));
#13061 = DIRECTION('',(1.224646799147E-16,0.,-1.));
#13062 = DIRECTION('',(0.662414780045,0.749137276591,8.112241400898E-17)
  );
#13063 = ORIENTED_EDGE('',*,*,#13025,.T.);
#13064 = CYLINDRICAL_SURFACE('',#13065,7.000000000001);
#13065 = AXIS2_PLACEMENT_3D('',#13066,#13067,#13068);
#13066 = CARTESIAN_POINT('',(89.941251610824,80.931893532717,
    3.000000000001));
#13067 = DIRECTION('',(1.224646799147E-16,0.,-1.));
#13068 = DIRECTION('',(0.662414780045,0.749137276591,8.112241400898E-17)
  );
#13069 = ADVANCED_FACE('',(#13070),#13088,.T.);
#13070 = FACE_BOUND('',#13071,.T.);
#13071 = EDGE_LOOP('',(#13072,#13073,#13081,#13087));
#13072 = ORIENTED_EDGE('',*,*,#1043,.F.);
#13073 = ORIENTED_EDGE('',*,*,#13074,.F.);
#13074 = EDGE_CURVE('',#13075,#994,#13077,.T.);
#13075 = VERTEX_POINT('',#13076);
#13076 = CARTESIAN_POINT('',(75.304861435819,103.21801077734,
    3.000000000001));
#13077 = LINE('',#13078,#13079);
#13078 = CARTESIAN_POINT('',(75.304861435819,103.21801077734,
    3.000000000001));
#13079 = VECTOR('',#13080,1.);
#13080 = DIRECTION('',(1.224646799147E-16,0.,-1.));
#13081 = ORIENTED_EDGE('',*,*,#13082,.T.);
#13082 = EDGE_CURVE('',#13075,#13050,#13083,.T.);
#13083 = LINE('',#13084,#13085);
#13084 = CARTESIAN_POINT('',(75.304861435819,103.21801077734,
    3.000000000001));
#13085 = VECTOR('',#13086,1.);
#13086 = DIRECTION('',(0.749137276591,-0.662414780045,9.174285678992E-17
    ));
#13087 = ORIENTED_EDGE('',*,*,#13049,.T.);
#13088 = PLANE('',#13089);
#13089 = AXIS2_PLACEMENT_3D('',#13090,#13091,#13092);
#13090 = CARTESIAN_POINT('',(75.304861435819,103.21801077734,
    3.000000000001));
#13091 = DIRECTION('',(0.662414780045,0.749137276591,8.112241400897E-17)
  );
#13092 = DIRECTION('',(0.749137276591,-0.662414780045,9.174285678992E-17
    ));
#13093 = ADVANCED_FACE('',(#13094),#13113,.F.);
#13094 = FACE_BOUND('',#13095,.F.);
#13095 = EDGE_LOOP('',(#13096,#13097,#13106,#13112));
#13096 = ORIENTED_EDGE('',*,*,#13074,.F.);
#13097 = ORIENTED_EDGE('',*,*,#13098,.F.);
#13098 = EDGE_CURVE('',#13099,#13075,#13101,.T.);
#13099 = VERTEX_POINT('',#13100);
#13100 = CARTESIAN_POINT('',(75.30486143582,118.20075630916,
    3.000000000001));
#13101 = CIRCLE('',#13102,10.000000000001);
#13102 = AXIS2_PLACEMENT_3D('',#13103,#13104,#13105);
#13103 = CARTESIAN_POINT('',(81.929009236269,110.70938354325,
    3.000000000001));
#13104 = DIRECTION('',(-1.224646799147E-16,-1.232595164408E-32,1.));
#13105 = DIRECTION('',(-0.662414780045,0.749137276591,
    -8.112241400897E-17));
#13106 = ORIENTED_EDGE('',*,*,#13107,.T.);
#13107 = EDGE_CURVE('',#13099,#963,#13108,.T.);
#13108 = LINE('',#13109,#13110);
#13109 = CARTESIAN_POINT('',(75.30486143582,118.20075630916,
    3.000000000001));
#13110 = VECTOR('',#13111,1.);
#13111 = DIRECTION('',(1.224646799147E-16,0.,-1.));
#13112 = ORIENTED_EDGE('',*,*,#993,.T.);
#13113 = CYLINDRICAL_SURFACE('',#13114,10.000000000001);
#13114 = AXIS2_PLACEMENT_3D('',#13115,#13116,#13117);
#13115 = CARTESIAN_POINT('',(81.929009236269,110.70938354325,
    3.000000000001));
#13116 = DIRECTION('',(1.224646799147E-16,0.,-1.));
#13117 = DIRECTION('',(-0.662414780045,0.749137276591,
    -8.112241400897E-17));
#13118 = ADVANCED_FACE('',(#13119),#13137,.T.);
#13119 = FACE_BOUND('',#13120,.T.);
#13120 = EDGE_LOOP('',(#13121,#13122,#13130,#13136));
#13121 = ORIENTED_EDGE('',*,*,#979,.F.);
#13122 = ORIENTED_EDGE('',*,*,#13123,.F.);
#13123 = EDGE_CURVE('',#13124,#930,#13126,.T.);
#13124 = VERTEX_POINT('',#13125);
#13125 = CARTESIAN_POINT('',(94.578155071141,135.24291261764,
    3.000000000001));
#13126 = LINE('',#13127,#13128);
#13127 = CARTESIAN_POINT('',(94.578155071141,135.24291261764,
    3.000000000001));
#13128 = VECTOR('',#13129,1.);
#13129 = DIRECTION('',(1.224646799147E-16,0.,-1.));
#13130 = ORIENTED_EDGE('',*,*,#13131,.T.);
#13131 = EDGE_CURVE('',#13124,#13099,#13132,.T.);
#13132 = LINE('',#13133,#13134);
#13133 = CARTESIAN_POINT('',(94.578155071141,135.24291261764,
    3.000000000001));
#13134 = VECTOR('',#13135,1.);
#13135 = DIRECTION('',(-0.749137276591,-0.662414780045,
    -9.174285678992E-17));
#13136 = ORIENTED_EDGE('',*,*,#13107,.T.);
#13137 = PLANE('',#13138);
#13138 = AXIS2_PLACEMENT_3D('',#13139,#13140,#13141);
#13139 = CARTESIAN_POINT('',(94.578155071141,135.24291261764,
    3.000000000001));
#13140 = DIRECTION('',(0.662414780045,-0.749137276591,8.112241400897E-17
    ));
#13141 = DIRECTION('',(-0.749137276591,-0.662414780045,
    -9.174285678992E-17));
#13142 = ADVANCED_FACE('',(#13143),#13162,.T.);
#13143 = FACE_BOUND('',#13144,.T.);
#13144 = EDGE_LOOP('',(#13145,#13146,#13154,#13161));
#13145 = ORIENTED_EDGE('',*,*,#947,.F.);
#13146 = ORIENTED_EDGE('',*,*,#13147,.F.);
#13147 = EDGE_CURVE('',#13148,#899,#13150,.T.);
#13148 = VERTEX_POINT('',#13149);
#13149 = CARTESIAN_POINT('',(95.481784696068,144.76501487114,
    3.000000000001));
#13150 = LINE('',#13151,#13152);
#13151 = CARTESIAN_POINT('',(95.481784696068,144.76501487114,
    3.000000000001));
#13152 = VECTOR('',#13153,1.);
#13153 = DIRECTION('',(1.224646799147E-16,0.,-1.));
#13154 = ORIENTED_EDGE('',*,*,#13155,.T.);
#13155 = EDGE_CURVE('',#13148,#13124,#13156,.T.);
#13156 = CIRCLE('',#13157,7.);
#13157 = AXIS2_PLACEMENT_3D('',#13158,#13159,#13160);
#13158 = CARTESIAN_POINT('',(89.941251610826,140.48687355378,
    3.000000000001));
#13159 = DIRECTION('',(1.224646799147E-16,0.,-1.));
#13160 = DIRECTION('',(0.791504726463,0.611163045338,9.693137297731E-17)
  );
#13161 = ORIENTED_EDGE('',*,*,#13123,.T.);
#13162 = CYLINDRICAL_SURFACE('',#13163,7.);
#13163 = AXIS2_PLACEMENT_3D('',#13164,#13165,#13166);
#13164 = CARTESIAN_POINT('',(89.941251610826,140.48687355378,
    3.000000000001));
#13165 = DIRECTION('',(1.224646799147E-16,0.,-1.));
#13166 = DIRECTION('',(0.791504726463,0.611163045338,9.693137297731E-17)
  );
#13167 = ADVANCED_FACE('',(#13168),#13186,.T.);
#13168 = FACE_BOUND('',#13169,.T.);
#13169 = EDGE_LOOP('',(#13170,#13171,#13179,#13185));
#13170 = ORIENTED_EDGE('',*,*,#915,.F.);
#13171 = ORIENTED_EDGE('',*,*,#13172,.F.);
#13172 = EDGE_CURVE('',#13173,#866,#13175,.T.);
#13173 = VERTEX_POINT('',#13174);
#13174 = CARTESIAN_POINT('',(93.416272559803,147.4400172799,
    3.000000000001));
#13175 = LINE('',#13176,#13177);
#13176 = CARTESIAN_POINT('',(93.416272559803,147.4400172799,
    3.000000000001));
#13177 = VECTOR('',#13178,1.);
#13178 = DIRECTION('',(1.224646799147E-16,0.,-1.));
#13179 = ORIENTED_EDGE('',*,*,#13180,.T.);
#13180 = EDGE_CURVE('',#13173,#13148,#13181,.T.);
#13181 = LINE('',#13182,#13183);
#13182 = CARTESIAN_POINT('',(93.416272559803,147.4400172799,
    3.000000000001));
#13183 = VECTOR('',#13184,1.);
#13184 = DIRECTION('',(0.611163045338,-0.791504726463,7.484588672298E-17
    ));
#13185 = ORIENTED_EDGE('',*,*,#13147,.T.);
#13186 = PLANE('',#13187);
#13187 = AXIS2_PLACEMENT_3D('',#13188,#13189,#13190);
#13188 = CARTESIAN_POINT('',(93.416272559803,147.4400172799,
    3.000000000001));
#13189 = DIRECTION('',(0.791504726463,0.611163045338,9.693137297733E-17)
  );
#13190 = DIRECTION('',(0.611163045338,-0.791504726463,7.484588672298E-17
    ));
#13191 = ADVANCED_FACE('',(#13192),#13211,.T.);
#13192 = FACE_BOUND('',#13193,.T.);
#13193 = EDGE_LOOP('',(#13194,#13195,#13203,#13210));
#13194 = ORIENTED_EDGE('',*,*,#883,.F.);
#13195 = ORIENTED_EDGE('',*,*,#13196,.F.);
#13196 = EDGE_CURVE('',#13197,#835,#13199,.T.);
#13197 = VERTEX_POINT('',#13198);
#13198 = CARTESIAN_POINT('',(89.848616739971,149.87810669827,
    3.000000000001));
#13199 = LINE('',#13200,#13201);
#13200 = CARTESIAN_POINT('',(89.848616739971,149.87810669827,
    3.000000000001));
#13201 = VECTOR('',#13202,1.);
#13202 = DIRECTION('',(1.224646799147E-16,0.,-1.));
#13203 = ORIENTED_EDGE('',*,*,#13204,.T.);
#13204 = EDGE_CURVE('',#13197,#13173,#13205,.T.);
#13205 = CIRCLE('',#13206,6.999999999999);
#13206 = AXIS2_PLACEMENT_3D('',#13207,#13208,#13209);
#13207 = CARTESIAN_POINT('',(87.875739474561,143.16187596254,
    3.000000000001));
#13208 = DIRECTION('',(1.224646799147E-16,0.,-1.));
#13209 = DIRECTION('',(0.281839609344,0.959461533676,3.451539754565E-17)
  );
#13210 = ORIENTED_EDGE('',*,*,#13172,.T.);
#13211 = CYLINDRICAL_SURFACE('',#13212,6.999999999999);
#13212 = AXIS2_PLACEMENT_3D('',#13213,#13214,#13215);
#13213 = CARTESIAN_POINT('',(87.875739474561,143.16187596254,
    3.000000000001));
#13214 = DIRECTION('',(1.224646799147E-16,0.,-1.));
#13215 = DIRECTION('',(0.281839609344,0.959461533676,3.451539754565E-17)
  );
#13216 = ADVANCED_FACE('',(#13217),#13235,.T.);
#13217 = FACE_BOUND('',#13218,.T.);
#13218 = EDGE_LOOP('',(#13219,#13220,#13228,#13234));
#13219 = ORIENTED_EDGE('',*,*,#851,.F.);
#13220 = ORIENTED_EDGE('',*,*,#13221,.F.);
#13221 = EDGE_CURVE('',#13222,#802,#13224,.T.);
#13222 = VERTEX_POINT('',#13223);
#13223 = CARTESIAN_POINT('',(82.122354125909,152.14767849496,
    3.000000000001));
#13224 = LINE('',#13225,#13226);
#13225 = CARTESIAN_POINT('',(82.122354125909,152.14767849496,
    3.000000000001));
#13226 = VECTOR('',#13227,1.);
#13227 = DIRECTION('',(1.224646799147E-16,0.,-1.));
#13228 = ORIENTED_EDGE('',*,*,#13229,.T.);
#13229 = EDGE_CURVE('',#13222,#13197,#13230,.T.);
#13230 = LINE('',#13231,#13232);
#13231 = CARTESIAN_POINT('',(82.122354125909,152.14767849496,
    3.000000000001));
#13232 = VECTOR('',#13233,1.);
#13233 = DIRECTION('',(0.959461533676,-0.281839609344,1.175001496122E-16
    ));
#13234 = ORIENTED_EDGE('',*,*,#13196,.T.);
#13235 = PLANE('',#13236);
#13236 = AXIS2_PLACEMENT_3D('',#13237,#13238,#13239);
#13237 = CARTESIAN_POINT('',(82.122354125909,152.14767849496,
    3.000000000001));
#13238 = DIRECTION('',(0.281839609344,0.959461533676,3.451539754563E-17)
  );
#13239 = DIRECTION('',(0.959461533676,-0.281839609344,1.175001496122E-16
    ));
#13240 = ADVANCED_FACE('',(#13241),#13260,.F.);
#13241 = FACE_BOUND('',#13242,.F.);
#13242 = EDGE_LOOP('',(#13243,#13244,#13253,#13259));
#13243 = ORIENTED_EDGE('',*,*,#13221,.F.);
#13244 = ORIENTED_EDGE('',*,*,#13245,.F.);
#13245 = EDGE_CURVE('',#13246,#13222,#13248,.T.);
#13246 = VERTEX_POINT('',#13247);
#13247 = CARTESIAN_POINT('',(79.145483923013,153.91416176239,
    3.000000000001));
#13248 = CIRCLE('',#13249,7.);
#13249 = AXIS2_PLACEMENT_3D('',#13250,#13251,#13252);
#13250 = CARTESIAN_POINT('',(84.095231391319,158.86390923069,
    3.000000000001));
#13251 = DIRECTION('',(-1.224646799147E-16,-1.232595164408E-32,1.));
#13252 = DIRECTION('',(-0.707106781187,-0.707106781186,
    -8.659560562356E-17));
#13253 = ORIENTED_EDGE('',*,*,#13254,.T.);
#13254 = EDGE_CURVE('',#13246,#771,#13255,.T.);
#13255 = LINE('',#13256,#13257);
#13256 = CARTESIAN_POINT('',(79.145483923013,153.91416176239,
    3.000000000001));
#13257 = VECTOR('',#13258,1.);
#13258 = DIRECTION('',(1.224646799147E-16,0.,-1.));
#13259 = ORIENTED_EDGE('',*,*,#801,.T.);
#13260 = CYLINDRICAL_SURFACE('',#13261,7.);
#13261 = AXIS2_PLACEMENT_3D('',#13262,#13263,#13264);
#13262 = CARTESIAN_POINT('',(84.095231391319,158.86390923069,
    3.000000000001));
#13263 = DIRECTION('',(1.224646799147E-16,0.,-1.));
#13264 = DIRECTION('',(-0.707106781187,-0.707106781186,
    -8.659560562356E-17));
#13265 = ADVANCED_FACE('',(#13266),#13284,.T.);
#13266 = FACE_BOUND('',#13267,.T.);
#13267 = EDGE_LOOP('',(#13268,#13269,#13277,#13283));
#13268 = ORIENTED_EDGE('',*,*,#787,.F.);
#13269 = ORIENTED_EDGE('',*,*,#13270,.F.);
#13270 = EDGE_CURVE('',#13271,#738,#13273,.T.);
#13271 = VERTEX_POINT('',#13272);
#13272 = CARTESIAN_POINT('',(69.768366376099,163.2912793093,
    3.000000000001));
#13273 = LINE('',#13274,#13275);
#13274 = CARTESIAN_POINT('',(69.768366376099,163.2912793093,
    3.000000000001));
#13275 = VECTOR('',#13276,1.);
#13276 = DIRECTION('',(1.224646799147E-16,0.,-1.));
#13277 = ORIENTED_EDGE('',*,*,#13278,.T.);
#13278 = EDGE_CURVE('',#13271,#13246,#13279,.T.);
#13279 = LINE('',#13280,#13281);
#13280 = CARTESIAN_POINT('',(69.768366376099,163.2912793093,
    3.000000000001));
#13281 = VECTOR('',#13282,1.);
#13282 = DIRECTION('',(0.707106781186,-0.707106781187,8.659560562354E-17
    ));
#13283 = ORIENTED_EDGE('',*,*,#13254,.T.);
#13284 = PLANE('',#13285);
#13285 = AXIS2_PLACEMENT_3D('',#13286,#13287,#13288);
#13286 = CARTESIAN_POINT('',(69.768366376099,163.2912793093,
    3.000000000001));
#13287 = DIRECTION('',(0.707106781187,0.707106781186,8.659560562356E-17)
  );
#13288 = DIRECTION('',(0.707106781186,-0.707106781187,8.659560562354E-17
    ));
#13289 = ADVANCED_FACE('',(#13290),#13309,.F.);
#13290 = FACE_BOUND('',#13291,.F.);
#13291 = EDGE_LOOP('',(#13292,#13293,#13302,#13308));
#13292 = ORIENTED_EDGE('',*,*,#13270,.F.);
#13293 = ORIENTED_EDGE('',*,*,#13294,.F.);
#13294 = EDGE_CURVE('',#13295,#13271,#13297,.T.);
#13295 = VERTEX_POINT('',#13296);
#13296 = CARTESIAN_POINT('',(68.889686719659,165.41259965286,
    3.000000000001));
#13297 = CIRCLE('',#13298,3.);
#13298 = AXIS2_PLACEMENT_3D('',#13299,#13300,#13301);
#13299 = CARTESIAN_POINT('',(71.889686719659,165.41259965286,
    3.000000000001));
#13300 = DIRECTION('',(-1.224646799147E-16,0.,1.));
#13301 = DIRECTION('',(-1.,1.184237892934E-14,-1.224646799147E-16));
#13302 = ORIENTED_EDGE('',*,*,#13303,.T.);
#13303 = EDGE_CURVE('',#13295,#707,#13304,.T.);
#13304 = LINE('',#13305,#13306);
#13305 = CARTESIAN_POINT('',(68.889686719659,165.41259965286,
    3.000000000001));
#13306 = VECTOR('',#13307,1.);
#13307 = DIRECTION('',(1.224646799147E-16,0.,-1.));
#13308 = ORIENTED_EDGE('',*,*,#737,.T.);
#13309 = CYLINDRICAL_SURFACE('',#13310,3.);
#13310 = AXIS2_PLACEMENT_3D('',#13311,#13312,#13313);
#13311 = CARTESIAN_POINT('',(71.889686719659,165.41259965286,
    3.000000000001));
#13312 = DIRECTION('',(1.224646799147E-16,0.,-1.));
#13313 = DIRECTION('',(-1.,1.184237892934E-14,-1.224646799147E-16));
#13314 = ADVANCED_FACE('',(#13315),#13333,.T.);
#13315 = FACE_BOUND('',#13316,.T.);
#13316 = EDGE_LOOP('',(#13317,#13318,#13326,#13332));
#13317 = ORIENTED_EDGE('',*,*,#723,.F.);
#13318 = ORIENTED_EDGE('',*,*,#13319,.F.);
#13319 = EDGE_CURVE('',#13320,#674,#13322,.T.);
#13320 = VERTEX_POINT('',#13321);
#13321 = CARTESIAN_POINT('',(68.889686719659,174.8055451988,
    3.000000000001));
#13322 = LINE('',#13323,#13324);
#13323 = CARTESIAN_POINT('',(68.889686719659,174.8055451988,
    3.000000000001));
#13324 = VECTOR('',#13325,1.);
#13325 = DIRECTION('',(1.224646799147E-16,0.,-1.));
#13326 = ORIENTED_EDGE('',*,*,#13327,.T.);
#13327 = EDGE_CURVE('',#13320,#13295,#13328,.T.);
#13328 = LINE('',#13329,#13330);
#13329 = CARTESIAN_POINT('',(68.889686719659,174.8055451988,
    3.000000000001));
#13330 = VECTOR('',#13331,1.);
#13331 = DIRECTION('',(0.,-1.,0.));
#13332 = ORIENTED_EDGE('',*,*,#13303,.T.);
#13333 = PLANE('',#13334);
#13334 = AXIS2_PLACEMENT_3D('',#13335,#13336,#13337);
#13335 = CARTESIAN_POINT('',(68.889686719659,174.8055451988,
    3.000000000001));
#13336 = DIRECTION('',(1.,0.,1.224646799147E-16));
#13337 = DIRECTION('',(0.,-1.,0.));
#13338 = ADVANCED_FACE('',(#13339),#13358,.F.);
#13339 = FACE_BOUND('',#13340,.F.);
#13340 = EDGE_LOOP('',(#13341,#13342,#13351,#13357));
#13341 = ORIENTED_EDGE('',*,*,#13319,.F.);
#13342 = ORIENTED_EDGE('',*,*,#13343,.F.);
#13343 = EDGE_CURVE('',#13344,#13320,#13346,.T.);
#13344 = VERTEX_POINT('',#13345);
#13345 = CARTESIAN_POINT('',(69.898560363318,177.04951842348,
    3.000000000001));
#13346 = CIRCLE('',#13347,3.);
#13347 = AXIS2_PLACEMENT_3D('',#13348,#13349,#13350);
#13348 = CARTESIAN_POINT('',(71.889686719659,174.8055451988,
    3.000000000001));
#13349 = DIRECTION('',(-1.224646799147E-16,0.,1.));
#13350 = DIRECTION('',(-0.663708785447,0.747991074894,
    -8.128088396635E-17));
#13351 = ORIENTED_EDGE('',*,*,#13352,.T.);
#13352 = EDGE_CURVE('',#13344,#643,#13353,.T.);
#13353 = LINE('',#13354,#13355);
#13354 = CARTESIAN_POINT('',(69.898560363318,177.04951842348,
    3.000000000001));
#13355 = VECTOR('',#13356,1.);
#13356 = DIRECTION('',(1.224646799147E-16,0.,-1.));
#13357 = ORIENTED_EDGE('',*,*,#673,.T.);
#13358 = CYLINDRICAL_SURFACE('',#13359,3.);
#13359 = AXIS2_PLACEMENT_3D('',#13360,#13361,#13362);
#13360 = CARTESIAN_POINT('',(71.889686719659,174.8055451988,
    3.000000000001));
#13361 = DIRECTION('',(1.224646799147E-16,0.,-1.));
#13362 = DIRECTION('',(-0.663708785447,0.747991074894,
    -8.128088396635E-17));
#13363 = ADVANCED_FACE('',(#13364),#13382,.T.);
#13364 = FACE_BOUND('',#13365,.T.);
#13365 = EDGE_LOOP('',(#13366,#13367,#13375,#13381));
#13366 = ORIENTED_EDGE('',*,*,#659,.F.);
#13367 = ORIENTED_EDGE('',*,*,#13368,.F.);
#13368 = EDGE_CURVE('',#13369,#610,#13371,.T.);
#13369 = VERTEX_POINT('',#13370);
#13370 = CARTESIAN_POINT('',(72.700313578475,179.53557512385,
    3.000000000001));
#13371 = LINE('',#13372,#13373);
#13372 = CARTESIAN_POINT('',(72.700313578475,179.53557512385,
    3.000000000001));
#13373 = VECTOR('',#13374,1.);
#13374 = DIRECTION('',(1.224646799147E-16,0.,-1.));
#13375 = ORIENTED_EDGE('',*,*,#13376,.T.);
#13376 = EDGE_CURVE('',#13369,#13344,#13377,.T.);
#13377 = LINE('',#13378,#13379);
#13378 = CARTESIAN_POINT('',(72.700313578475,179.53557512385,
    3.000000000001));
#13379 = VECTOR('',#13380,1.);
#13380 = DIRECTION('',(-0.747991074894,-0.663708785446,
    -9.160248756603E-17));
#13381 = ORIENTED_EDGE('',*,*,#13352,.T.);
#13382 = PLANE('',#13383);
#13383 = AXIS2_PLACEMENT_3D('',#13384,#13385,#13386);
#13384 = CARTESIAN_POINT('',(72.700313578475,179.53557512385,
    3.000000000001));
#13385 = DIRECTION('',(0.663708785446,-0.747991074894,8.128088396624E-17
    ));
#13386 = DIRECTION('',(-0.747991074894,-0.663708785446,
    -9.160248756603E-17));
#13387 = ADVANCED_FACE('',(#13388),#13407,.T.);
#13388 = FACE_BOUND('',#13389,.T.);
#13389 = EDGE_LOOP('',(#13390,#13391,#13399,#13406));
#13390 = ORIENTED_EDGE('',*,*,#627,.F.);
#13391 = ORIENTED_EDGE('',*,*,#13392,.F.);
#13392 = EDGE_CURVE('',#13393,#579,#13395,.T.);
#13393 = VERTEX_POINT('',#13394);
#13394 = CARTESIAN_POINT('',(73.709187222135,181.77954834853,
    3.000000000001));
#13395 = LINE('',#13396,#13397);
#13396 = CARTESIAN_POINT('',(73.709187222135,181.77954834853,
    3.000000000001));
#13397 = VECTOR('',#13398,1.);
#13398 = DIRECTION('',(1.224646799147E-16,0.,-1.));
#13399 = ORIENTED_EDGE('',*,*,#13400,.T.);
#13400 = EDGE_CURVE('',#13393,#13369,#13401,.T.);
#13401 = CIRCLE('',#13402,3.);
#13402 = AXIS2_PLACEMENT_3D('',#13403,#13404,#13405);
#13403 = CARTESIAN_POINT('',(70.709187222135,181.77954834853,
    3.000000000001));
#13404 = DIRECTION('',(1.224646799147E-16,0.,-1.));
#13405 = DIRECTION('',(1.,5.240252676231E-13,1.224646799147E-16));
#13406 = ORIENTED_EDGE('',*,*,#13368,.T.);
#13407 = CYLINDRICAL_SURFACE('',#13408,3.);
#13408 = AXIS2_PLACEMENT_3D('',#13409,#13410,#13411);
#13409 = CARTESIAN_POINT('',(70.709187222135,181.77954834853,
    3.000000000001));
#13410 = DIRECTION('',(1.224646799147E-16,0.,-1.));
#13411 = DIRECTION('',(1.,5.240252676231E-13,1.224646799147E-16));
#13412 = ADVANCED_FACE('',(#13413),#13431,.T.);
#13413 = FACE_BOUND('',#13414,.T.);
#13414 = EDGE_LOOP('',(#13415,#13416,#13424,#13430));
#13415 = ORIENTED_EDGE('',*,*,#595,.F.);
#13416 = ORIENTED_EDGE('',*,*,#13417,.F.);
#13417 = EDGE_CURVE('',#13418,#546,#13420,.T.);
#13418 = VERTEX_POINT('',#13419);
#13419 = CARTESIAN_POINT('',(73.709187222135,186.83770839227,
    3.000000000001));
#13420 = LINE('',#13421,#13422);
#13421 = CARTESIAN_POINT('',(73.709187222135,186.83770839227,
    3.000000000001));
#13422 = VECTOR('',#13423,1.);
#13423 = DIRECTION('',(1.224646799147E-16,0.,-1.));
#13424 = ORIENTED_EDGE('',*,*,#13425,.T.);
#13425 = EDGE_CURVE('',#13418,#13393,#13426,.T.);
#13426 = LINE('',#13427,#13428);
#13427 = CARTESIAN_POINT('',(73.709187222135,186.83770839227,
    3.000000000001));
#13428 = VECTOR('',#13429,1.);
#13429 = DIRECTION('',(-8.779659125255E-16,-1.,-1.075198144535E-31));
#13430 = ORIENTED_EDGE('',*,*,#13392,.T.);
#13431 = PLANE('',#13432);
#13432 = AXIS2_PLACEMENT_3D('',#13433,#13434,#13435);
#13433 = CARTESIAN_POINT('',(73.709187222135,186.83770839227,
    3.000000000001));
#13434 = DIRECTION('',(1.,-8.779659125255E-16,1.224646799147E-16));
#13435 = DIRECTION('',(-8.779659125255E-16,-1.,-1.075198144535E-31));
#13436 = ADVANCED_FACE('',(#13437),#13456,.T.);
#13437 = FACE_BOUND('',#13438,.T.);
#13438 = EDGE_LOOP('',(#13439,#13440,#13448,#13455));
#13439 = ORIENTED_EDGE('',*,*,#563,.F.);
#13440 = ORIENTED_EDGE('',*,*,#13441,.F.);
#13441 = EDGE_CURVE('',#13442,#515,#13444,.T.);
#13442 = VERTEX_POINT('',#13443);
#13443 = CARTESIAN_POINT('',(72.88281744796,188.90539590284,
    3.000000000001));
#13444 = LINE('',#13445,#13446);
#13445 = CARTESIAN_POINT('',(72.88281744796,188.90539590284,
    3.000000000001));
#13446 = VECTOR('',#13447,1.);
#13447 = DIRECTION('',(1.224646799147E-16,0.,-1.));
#13448 = ORIENTED_EDGE('',*,*,#13449,.T.);
#13449 = EDGE_CURVE('',#13442,#13418,#13450,.T.);
#13450 = CIRCLE('',#13451,3.);
#13451 = AXIS2_PLACEMENT_3D('',#13452,#13453,#13454);
#13452 = CARTESIAN_POINT('',(70.709187222134,186.83770839226,
    3.000000000001));
#13453 = DIRECTION('',(1.224646799147E-16,0.,-1.));
#13454 = DIRECTION('',(0.724543408608,0.689229170191,8.873097661956E-17)
  );
#13455 = ORIENTED_EDGE('',*,*,#13417,.T.);
#13456 = CYLINDRICAL_SURFACE('',#13457,3.);
#13457 = AXIS2_PLACEMENT_3D('',#13458,#13459,#13460);
#13458 = CARTESIAN_POINT('',(70.709187222134,186.83770839226,
    3.000000000001));
#13459 = DIRECTION('',(1.224646799147E-16,0.,-1.));
#13460 = DIRECTION('',(0.724543408608,0.689229170191,8.873097661956E-17)
  );
#13461 = ADVANCED_FACE('',(#13462),#13480,.T.);
#13462 = FACE_BOUND('',#13463,.T.);
#13463 = EDGE_LOOP('',(#13464,#13465,#13473,#13479));
#13464 = ORIENTED_EDGE('',*,*,#531,.F.);
#13465 = ORIENTED_EDGE('',*,*,#13466,.F.);
#13466 = EDGE_CURVE('',#13467,#482,#13469,.T.);
#13467 = VERTEX_POINT('',#13468);
#13468 = CARTESIAN_POINT('',(67.614620847099,194.44352064784,
    3.000000000001));
#13469 = LINE('',#13470,#13471);
#13470 = CARTESIAN_POINT('',(67.614620847099,194.44352064784,
    3.000000000001));
#13471 = VECTOR('',#13472,1.);
#13472 = DIRECTION('',(1.224646799147E-16,0.,-1.));
#13473 = ORIENTED_EDGE('',*,*,#13474,.T.);
#13474 = EDGE_CURVE('',#13467,#13442,#13475,.T.);
#13475 = LINE('',#13476,#13477);
#13476 = CARTESIAN_POINT('',(67.614620847099,194.44352064784,
    3.000000000001));
#13477 = VECTOR('',#13478,1.);
#13478 = DIRECTION('',(0.689229170191,-0.724543408609,8.440622971529E-17
    ));
#13479 = ORIENTED_EDGE('',*,*,#13441,.T.);
#13480 = PLANE('',#13481);
#13481 = AXIS2_PLACEMENT_3D('',#13482,#13483,#13484);
#13482 = CARTESIAN_POINT('',(67.614620847099,194.44352064784,
    3.000000000001));
#13483 = DIRECTION('',(0.724543408609,0.689229170191,8.87309766196E-17)
  );
#13484 = DIRECTION('',(0.689229170191,-0.724543408609,8.440622971529E-17
    ));
#13485 = ADVANCED_FACE('',(#13486),#13505,.F.);
#13486 = FACE_BOUND('',#13487,.F.);
#13487 = EDGE_LOOP('',(#13488,#13489,#13498,#13504));
#13488 = ORIENTED_EDGE('',*,*,#13466,.F.);
#13489 = ORIENTED_EDGE('',*,*,#13490,.F.);
#13490 = EDGE_CURVE('',#13491,#13467,#13493,.T.);
#13491 = VERTEX_POINT('',#13492);
#13492 = CARTESIAN_POINT('',(66.788251072924,196.51120815841,
    3.000000000001));
#13493 = CIRCLE('',#13494,3.);
#13494 = AXIS2_PLACEMENT_3D('',#13495,#13496,#13497);
#13495 = CARTESIAN_POINT('',(69.788251072925,196.51120815841,
    3.000000000001));
#13496 = DIRECTION('',(-1.224646799147E-16,0.,1.));
#13497 = DIRECTION('',(-1.,-2.901382837687E-13,-1.224646799147E-16));
#13498 = ORIENTED_EDGE('',*,*,#13499,.T.);
#13499 = EDGE_CURVE('',#13491,#444,#13500,.T.);
#13500 = LINE('',#13501,#13502);
#13501 = CARTESIAN_POINT('',(66.788251072924,196.51120815841,
    3.000000000001));
#13502 = VECTOR('',#13503,1.);
#13503 = DIRECTION('',(1.224646799147E-16,0.,-1.));
#13504 = ORIENTED_EDGE('',*,*,#481,.T.);
#13505 = CYLINDRICAL_SURFACE('',#13506,3.);
#13506 = AXIS2_PLACEMENT_3D('',#13507,#13508,#13509);
#13507 = CARTESIAN_POINT('',(69.788251072925,196.51120815841,
    3.000000000001));
#13508 = DIRECTION('',(1.224646799147E-16,0.,-1.));
#13509 = DIRECTION('',(-1.,-2.901382837687E-13,-1.224646799147E-16));
#13510 = ADVANCED_FACE('',(#13511),#13529,.T.);
#13511 = FACE_BOUND('',#13512,.T.);
#13512 = EDGE_LOOP('',(#13513,#13514,#13522,#13528));
#13513 = ORIENTED_EDGE('',*,*,#467,.F.);
#13514 = ORIENTED_EDGE('',*,*,#13515,.F.);
#13515 = EDGE_CURVE('',#13516,#460,#13518,.T.);
#13516 = VERTEX_POINT('',#13517);
#13517 = CARTESIAN_POINT('',(66.788251072924,213.01259747284,
    3.000000000001));
#13518 = LINE('',#13519,#13520);
#13519 = CARTESIAN_POINT('',(66.788251072924,213.01259747284,
    3.000000000001));
#13520 = VECTOR('',#13521,1.);
#13521 = DIRECTION('',(1.224646799147E-16,0.,-1.));
#13522 = ORIENTED_EDGE('',*,*,#13523,.T.);
#13523 = EDGE_CURVE('',#13516,#13491,#13524,.T.);
#13524 = LINE('',#13525,#13526);
#13525 = CARTESIAN_POINT('',(66.788251072924,213.01259747284,
    3.000000000001));
#13526 = VECTOR('',#13527,1.);
#13527 = DIRECTION('',(0.,-1.,0.));
#13528 = ORIENTED_EDGE('',*,*,#13499,.T.);
#13529 = PLANE('',#13530);
#13530 = AXIS2_PLACEMENT_3D('',#13531,#13532,#13533);
#13531 = CARTESIAN_POINT('',(66.788251072924,213.01259747284,
    3.000000000001));
#13532 = DIRECTION('',(1.,0.,1.224646799147E-16));
#13533 = DIRECTION('',(0.,-1.,0.));
#13534 = ADVANCED_FACE('',(#13535),#13547,.T.);
#13535 = FACE_BOUND('',#13536,.T.);
#13536 = EDGE_LOOP('',(#13537,#13538,#13539,#13546));
#13537 = ORIENTED_EDGE('',*,*,#1507,.F.);
#13538 = ORIENTED_EDGE('',*,*,#2865,.F.);
#13539 = ORIENTED_EDGE('',*,*,#13540,.T.);
#13540 = EDGE_CURVE('',#2858,#13516,#13541,.T.);
#13541 = CIRCLE('',#13542,1.);
#13542 = AXIS2_PLACEMENT_3D('',#13543,#13544,#13545);
#13543 = CARTESIAN_POINT('',(65.788251072924,213.01259747284,
    3.000000000001));
#13544 = DIRECTION('',(1.224646799147E-16,0.,-1.));
#13545 = DIRECTION('',(0.316222958762,0.948684900455,3.872614342642E-17)
  );
#13546 = ORIENTED_EDGE('',*,*,#13515,.T.);
#13547 = CYLINDRICAL_SURFACE('',#13548,1.);
#13548 = AXIS2_PLACEMENT_3D('',#13549,#13550,#13551);
#13549 = CARTESIAN_POINT('',(65.788251072924,213.01259747284,
    3.000000000001));
#13550 = DIRECTION('',(1.224646799147E-16,0.,-1.));
#13551 = DIRECTION('',(0.316222958762,0.948684900455,3.872614342642E-17)
  );
#13552 = ADVANCED_FACE('',(#13553),#13564,.T.);
#13553 = FACE_BOUND('',#13554,.T.);
#13554 = EDGE_LOOP('',(#13555,#13561,#13562,#13563));
#13555 = ORIENTED_EDGE('',*,*,#13556,.T.);
#13556 = EDGE_CURVE('',#217,#2905,#13557,.T.);
#13557 = LINE('',#13558,#13559);
#13558 = CARTESIAN_POINT('',(58.350625767979,213.71669331296,
    3.000000000001));
#13559 = VECTOR('',#13560,1.);
#13560 = DIRECTION('',(1.,-5.693451341272E-15,1.224646799147E-16));
#13561 = ORIENTED_EDGE('',*,*,#2913,.T.);
#13562 = ORIENTED_EDGE('',*,*,#2939,.F.);
#13563 = ORIENTED_EDGE('',*,*,#216,.F.);
#13564 = PLANE('',#13565);
#13565 = AXIS2_PLACEMENT_3D('',#13566,#13567,#13568);
#13566 = CARTESIAN_POINT('',(58.350625767979,213.71669331296,
    3.000000000001));
#13567 = DIRECTION('',(5.693451341272E-15,1.,6.97246696119E-31));
#13568 = DIRECTION('',(1.,-5.693451341272E-15,1.224646799147E-16));
#13569 = ADVANCED_FACE('',(#13570,#13664,#13674,#13684,#13698,#13712,
    #13720,#13730,#13746,#13756,#13770,#13773,#13776,#13779,#13782,
    #13785,#13788,#13791,#13794,#13804,#13814,#13828,#13840,#13852,
    #13858,#13861,#13873,#13881,#13887,#13893,#13899,#13902,#13905,
    #13908,#13911,#13914,#13917,#13920,#13923,#13926,#13929,#13932,
    #13935,#13938,#13941,#13944,#13947,#13950,#13953,#13956,#13959),
  #13962,.F.);
#13570 = FACE_BOUND('',#13571,.T.);
#13571 = EDGE_LOOP('',(#13572,#13573,#13574,#13575,#13576,#13577,#13578,
    #13579,#13580,#13581,#13582,#13583,#13584,#13585,#13586,#13587,
    #13588,#13589,#13590,#13591,#13592,#13593,#13594,#13595,#13596,
    #13597,#13598,#13599,#13600,#13601,#13602,#13603,#13604,#13605,
    #13606,#13607,#13608,#13609,#13610,#13611,#13612,#13613,#13614,
    #13615,#13616,#13617,#13618,#13619,#13620,#13621,#13622,#13623,
    #13624,#13625,#13626,#13627,#13628,#13629,#13630,#13631,#13632,
    #13633,#13634,#13635,#13636,#13637,#13638,#13639,#13640,#13641,
    #13642,#13643,#13644,#13645,#13646,#13647,#13648,#13649,#13650,
    #13651,#13652,#13653,#13654,#13655,#13656,#13657,#13658,#13659,
    #13660,#13661,#13662,#13663));
#13572 = ORIENTED_EDGE('',*,*,#330,.F.);
#13573 = ORIENTED_EDGE('',*,*,#354,.T.);
#13574 = ORIENTED_EDGE('',*,*,#379,.T.);
#13575 = ORIENTED_EDGE('',*,*,#11619,.T.);
#13576 = ORIENTED_EDGE('',*,*,#11635,.T.);
#13577 = ORIENTED_EDGE('',*,*,#11660,.T.);
#13578 = ORIENTED_EDGE('',*,*,#5323,.T.);
#13579 = ORIENTED_EDGE('',*,*,#11686,.T.);
#13580 = ORIENTED_EDGE('',*,*,#11710,.T.);
#13581 = ORIENTED_EDGE('',*,*,#11734,.T.);
#13582 = ORIENTED_EDGE('',*,*,#11759,.T.);
#13583 = ORIENTED_EDGE('',*,*,#11775,.T.);
#13584 = ORIENTED_EDGE('',*,*,#11808,.T.);
#13585 = ORIENTED_EDGE('',*,*,#11832,.T.);
#13586 = ORIENTED_EDGE('',*,*,#11857,.T.);
#13587 = ORIENTED_EDGE('',*,*,#11881,.T.);
#13588 = ORIENTED_EDGE('',*,*,#11906,.T.);
#13589 = ORIENTED_EDGE('',*,*,#11922,.T.);
#13590 = ORIENTED_EDGE('',*,*,#11955,.T.);
#13591 = ORIENTED_EDGE('',*,*,#11971,.T.);
#13592 = ORIENTED_EDGE('',*,*,#12004,.T.);
#13593 = ORIENTED_EDGE('',*,*,#12020,.T.);
#13594 = ORIENTED_EDGE('',*,*,#12053,.T.);
#13595 = ORIENTED_EDGE('',*,*,#12077,.T.);
#13596 = ORIENTED_EDGE('',*,*,#12102,.T.);
#13597 = ORIENTED_EDGE('',*,*,#12126,.T.);
#13598 = ORIENTED_EDGE('',*,*,#12151,.T.);
#13599 = ORIENTED_EDGE('',*,*,#12167,.T.);
#13600 = ORIENTED_EDGE('',*,*,#12200,.T.);
#13601 = ORIENTED_EDGE('',*,*,#12224,.T.);
#13602 = ORIENTED_EDGE('',*,*,#12249,.T.);
#13603 = ORIENTED_EDGE('',*,*,#12273,.T.);
#13604 = ORIENTED_EDGE('',*,*,#12298,.T.);
#13605 = ORIENTED_EDGE('',*,*,#12314,.T.);
#13606 = ORIENTED_EDGE('',*,*,#12347,.T.);
#13607 = ORIENTED_EDGE('',*,*,#12363,.T.);
#13608 = ORIENTED_EDGE('',*,*,#12396,.T.);
#13609 = ORIENTED_EDGE('',*,*,#12420,.T.);
#13610 = ORIENTED_EDGE('',*,*,#12445,.T.);
#13611 = ORIENTED_EDGE('',*,*,#12461,.T.);
#13612 = ORIENTED_EDGE('',*,*,#12494,.T.);
#13613 = ORIENTED_EDGE('',*,*,#12518,.T.);
#13614 = ORIENTED_EDGE('',*,*,#12543,.T.);
#13615 = ORIENTED_EDGE('',*,*,#12567,.T.);
#13616 = ORIENTED_EDGE('',*,*,#12592,.T.);
#13617 = ORIENTED_EDGE('',*,*,#12608,.T.);
#13618 = ORIENTED_EDGE('',*,*,#12641,.F.);
#13619 = ORIENTED_EDGE('',*,*,#12657,.F.);
#13620 = ORIENTED_EDGE('',*,*,#12690,.F.);
#13621 = ORIENTED_EDGE('',*,*,#12714,.F.);
#13622 = ORIENTED_EDGE('',*,*,#12739,.F.);
#13623 = ORIENTED_EDGE('',*,*,#12763,.F.);
#13624 = ORIENTED_EDGE('',*,*,#12788,.F.);
#13625 = ORIENTED_EDGE('',*,*,#12804,.F.);
#13626 = ORIENTED_EDGE('',*,*,#12837,.F.);
#13627 = ORIENTED_EDGE('',*,*,#12861,.F.);
#13628 = ORIENTED_EDGE('',*,*,#12886,.F.);
#13629 = ORIENTED_EDGE('',*,*,#12902,.F.);
#13630 = ORIENTED_EDGE('',*,*,#12935,.F.);
#13631 = ORIENTED_EDGE('',*,*,#12951,.F.);
#13632 = ORIENTED_EDGE('',*,*,#12984,.F.);
#13633 = ORIENTED_EDGE('',*,*,#13008,.F.);
#13634 = ORIENTED_EDGE('',*,*,#13033,.F.);
#13635 = ORIENTED_EDGE('',*,*,#13057,.F.);
#13636 = ORIENTED_EDGE('',*,*,#13082,.F.);
#13637 = ORIENTED_EDGE('',*,*,#13098,.F.);
#13638 = ORIENTED_EDGE('',*,*,#13131,.F.);
#13639 = ORIENTED_EDGE('',*,*,#13155,.F.);
#13640 = ORIENTED_EDGE('',*,*,#13180,.F.);
#13641 = ORIENTED_EDGE('',*,*,#13204,.F.);
#13642 = ORIENTED_EDGE('',*,*,#13229,.F.);
#13643 = ORIENTED_EDGE('',*,*,#13245,.F.);
#13644 = ORIENTED_EDGE('',*,*,#13278,.F.);
#13645 = ORIENTED_EDGE('',*,*,#13294,.F.);
#13646 = ORIENTED_EDGE('',*,*,#13327,.F.);
#13647 = ORIENTED_EDGE('',*,*,#13343,.F.);
#13648 = ORIENTED_EDGE('',*,*,#13376,.F.);
#13649 = ORIENTED_EDGE('',*,*,#13400,.F.);
#13650 = ORIENTED_EDGE('',*,*,#13425,.F.);
#13651 = ORIENTED_EDGE('',*,*,#13449,.F.);
#13652 = ORIENTED_EDGE('',*,*,#13474,.F.);
#13653 = ORIENTED_EDGE('',*,*,#13490,.F.);
#13654 = ORIENTED_EDGE('',*,*,#13523,.F.);
#13655 = ORIENTED_EDGE('',*,*,#13540,.F.);
#13656 = ORIENTED_EDGE('',*,*,#2857,.F.);
#13657 = ORIENTED_EDGE('',*,*,#2888,.F.);
#13658 = ORIENTED_EDGE('',*,*,#2904,.F.);
#13659 = ORIENTED_EDGE('',*,*,#13556,.F.);
#13660 = ORIENTED_EDGE('',*,*,#224,.F.);
#13661 = ORIENTED_EDGE('',*,*,#257,.F.);
#13662 = ORIENTED_EDGE('',*,*,#281,.F.);
#13663 = ORIENTED_EDGE('',*,*,#305,.F.);
#13664 = FACE_BOUND('',#13665,.T.);
#13665 = EDGE_LOOP('',(#13666,#13667,#13668,#13669,#13670,#13671,#13672,
    #13673));
#13666 = ORIENTED_EDGE('',*,*,#11595,.F.);
#13667 = ORIENTED_EDGE('',*,*,#11414,.F.);
#13668 = ORIENTED_EDGE('',*,*,#11455,.F.);
#13669 = ORIENTED_EDGE('',*,*,#11470,.F.);
#13670 = ORIENTED_EDGE('',*,*,#11504,.F.);
#13671 = ORIENTED_EDGE('',*,*,#11519,.F.);
#13672 = ORIENTED_EDGE('',*,*,#11553,.F.);
#13673 = ORIENTED_EDGE('',*,*,#11568,.F.);
#13674 = FACE_BOUND('',#13675,.T.);
#13675 = EDGE_LOOP('',(#13676,#13677,#13678,#13679,#13680,#13681,#13682,
    #13683));
#13676 = ORIENTED_EDGE('',*,*,#11399,.F.);
#13677 = ORIENTED_EDGE('',*,*,#11218,.F.);
#13678 = ORIENTED_EDGE('',*,*,#11259,.F.);
#13679 = ORIENTED_EDGE('',*,*,#11274,.F.);
#13680 = ORIENTED_EDGE('',*,*,#11308,.F.);
#13681 = ORIENTED_EDGE('',*,*,#11323,.F.);
#13682 = ORIENTED_EDGE('',*,*,#11357,.F.);
#13683 = ORIENTED_EDGE('',*,*,#11372,.F.);
#13684 = FACE_BOUND('',#13685,.T.);
#13685 = EDGE_LOOP('',(#13686,#13687,#13688,#13689,#13690,#13691,#13692,
    #13693,#13694,#13695,#13696,#13697));
#13686 = ORIENTED_EDGE('',*,*,#11203,.F.);
#13687 = ORIENTED_EDGE('',*,*,#10924,.F.);
#13688 = ORIENTED_EDGE('',*,*,#10955,.F.);
#13689 = ORIENTED_EDGE('',*,*,#10980,.F.);
#13690 = ORIENTED_EDGE('',*,*,#11014,.F.);
#13691 = ORIENTED_EDGE('',*,*,#11029,.F.);
#13692 = ORIENTED_EDGE('',*,*,#11063,.F.);
#13693 = ORIENTED_EDGE('',*,*,#11078,.F.);
#13694 = ORIENTED_EDGE('',*,*,#11112,.F.);
#13695 = ORIENTED_EDGE('',*,*,#11127,.F.);
#13696 = ORIENTED_EDGE('',*,*,#11161,.F.);
#13697 = ORIENTED_EDGE('',*,*,#11176,.F.);
#13698 = FACE_BOUND('',#13699,.T.);
#13699 = EDGE_LOOP('',(#13700,#13701,#13702,#13703,#13704,#13705,#13706,
    #13707,#13708,#13709,#13710,#13711));
#13700 = ORIENTED_EDGE('',*,*,#10907,.F.);
#13701 = ORIENTED_EDGE('',*,*,#10647,.F.);
#13702 = ORIENTED_EDGE('',*,*,#10662,.F.);
#13703 = ORIENTED_EDGE('',*,*,#10696,.F.);
#13704 = ORIENTED_EDGE('',*,*,#10711,.F.);
#13705 = ORIENTED_EDGE('',*,*,#10745,.F.);
#13706 = ORIENTED_EDGE('',*,*,#10760,.F.);
#13707 = ORIENTED_EDGE('',*,*,#10794,.F.);
#13708 = ORIENTED_EDGE('',*,*,#10809,.F.);
#13709 = ORIENTED_EDGE('',*,*,#10833,.F.);
#13710 = ORIENTED_EDGE('',*,*,#10858,.F.);
#13711 = ORIENTED_EDGE('',*,*,#10892,.F.);
#13712 = FACE_BOUND('',#13713,.T.);
#13713 = EDGE_LOOP('',(#13714,#13715,#13716,#13717,#13718,#13719));
#13714 = ORIENTED_EDGE('',*,*,#10615,.F.);
#13715 = ORIENTED_EDGE('',*,*,#10483,.F.);
#13716 = ORIENTED_EDGE('',*,*,#10524,.F.);
#13717 = ORIENTED_EDGE('',*,*,#10539,.F.);
#13718 = ORIENTED_EDGE('',*,*,#10573,.F.);
#13719 = ORIENTED_EDGE('',*,*,#10588,.F.);
#13720 = FACE_BOUND('',#13721,.T.);
#13721 = EDGE_LOOP('',(#13722,#13723,#13724,#13725,#13726,#13727,#13728,
    #13729));
#13722 = ORIENTED_EDGE('',*,*,#10468,.F.);
#13723 = ORIENTED_EDGE('',*,*,#10287,.F.);
#13724 = ORIENTED_EDGE('',*,*,#10328,.F.);
#13725 = ORIENTED_EDGE('',*,*,#10343,.F.);
#13726 = ORIENTED_EDGE('',*,*,#10377,.F.);
#13727 = ORIENTED_EDGE('',*,*,#10392,.F.);
#13728 = ORIENTED_EDGE('',*,*,#10426,.F.);
#13729 = ORIENTED_EDGE('',*,*,#10441,.F.);
#13730 = FACE_BOUND('',#13731,.T.);
#13731 = EDGE_LOOP('',(#13732,#13733,#13734,#13735,#13736,#13737,#13738,
    #13739,#13740,#13741,#13742,#13743,#13744,#13745));
#13732 = ORIENTED_EDGE('',*,*,#10272,.F.);
#13733 = ORIENTED_EDGE('',*,*,#9944,.F.);
#13734 = ORIENTED_EDGE('',*,*,#9985,.F.);
#13735 = ORIENTED_EDGE('',*,*,#10000,.F.);
#13736 = ORIENTED_EDGE('',*,*,#10034,.F.);
#13737 = ORIENTED_EDGE('',*,*,#10049,.F.);
#13738 = ORIENTED_EDGE('',*,*,#10083,.F.);
#13739 = ORIENTED_EDGE('',*,*,#10098,.F.);
#13740 = ORIENTED_EDGE('',*,*,#10132,.F.);
#13741 = ORIENTED_EDGE('',*,*,#10147,.F.);
#13742 = ORIENTED_EDGE('',*,*,#10181,.F.);
#13743 = ORIENTED_EDGE('',*,*,#10196,.F.);
#13744 = ORIENTED_EDGE('',*,*,#10230,.F.);
#13745 = ORIENTED_EDGE('',*,*,#10245,.F.);
#13746 = FACE_BOUND('',#13747,.T.);
#13747 = EDGE_LOOP('',(#13748,#13749,#13750,#13751,#13752,#13753,#13754,
    #13755));
#13748 = ORIENTED_EDGE('',*,*,#9929,.F.);
#13749 = ORIENTED_EDGE('',*,*,#9748,.F.);
#13750 = ORIENTED_EDGE('',*,*,#9789,.F.);
#13751 = ORIENTED_EDGE('',*,*,#9804,.F.);
#13752 = ORIENTED_EDGE('',*,*,#9838,.F.);
#13753 = ORIENTED_EDGE('',*,*,#9853,.F.);
#13754 = ORIENTED_EDGE('',*,*,#9887,.F.);
#13755 = ORIENTED_EDGE('',*,*,#9902,.F.);
#13756 = FACE_BOUND('',#13757,.T.);
#13757 = EDGE_LOOP('',(#13758,#13759,#13760,#13761,#13762,#13763,#13764,
    #13765,#13766,#13767,#13768,#13769));
#13758 = ORIENTED_EDGE('',*,*,#9733,.F.);
#13759 = ORIENTED_EDGE('',*,*,#9454,.F.);
#13760 = ORIENTED_EDGE('',*,*,#9495,.F.);
#13761 = ORIENTED_EDGE('',*,*,#9510,.F.);
#13762 = ORIENTED_EDGE('',*,*,#9544,.F.);
#13763 = ORIENTED_EDGE('',*,*,#9559,.F.);
#13764 = ORIENTED_EDGE('',*,*,#9593,.F.);
#13765 = ORIENTED_EDGE('',*,*,#9608,.F.);
#13766 = ORIENTED_EDGE('',*,*,#9642,.F.);
#13767 = ORIENTED_EDGE('',*,*,#9657,.F.);
#13768 = ORIENTED_EDGE('',*,*,#9681,.F.);
#13769 = ORIENTED_EDGE('',*,*,#9706,.F.);
#13770 = FACE_BOUND('',#13771,.T.);
#13771 = EDGE_LOOP('',(#13772));
#13772 = ORIENTED_EDGE('',*,*,#9437,.F.);
#13773 = FACE_BOUND('',#13774,.T.);
#13774 = EDGE_LOOP('',(#13775));
#13775 = ORIENTED_EDGE('',*,*,#9412,.F.);
#13776 = FACE_BOUND('',#13777,.T.);
#13777 = EDGE_LOOP('',(#13778));
#13778 = ORIENTED_EDGE('',*,*,#9387,.F.);
#13779 = FACE_BOUND('',#13780,.T.);
#13780 = EDGE_LOOP('',(#13781));
#13781 = ORIENTED_EDGE('',*,*,#9362,.F.);
#13782 = FACE_BOUND('',#13783,.T.);
#13783 = EDGE_LOOP('',(#13784));
#13784 = ORIENTED_EDGE('',*,*,#9337,.F.);
#13785 = FACE_BOUND('',#13786,.T.);
#13786 = EDGE_LOOP('',(#13787));
#13787 = ORIENTED_EDGE('',*,*,#9312,.F.);
#13788 = FACE_BOUND('',#13789,.T.);
#13789 = EDGE_LOOP('',(#13790));
#13790 = ORIENTED_EDGE('',*,*,#9287,.F.);
#13791 = FACE_BOUND('',#13792,.T.);
#13792 = EDGE_LOOP('',(#13793));
#13793 = ORIENTED_EDGE('',*,*,#9262,.F.);
#13794 = FACE_BOUND('',#13795,.T.);
#13795 = EDGE_LOOP('',(#13796,#13797,#13798,#13799,#13800,#13801,#13802,
    #13803));
#13796 = ORIENTED_EDGE('',*,*,#9239,.F.);
#13797 = ORIENTED_EDGE('',*,*,#9058,.F.);
#13798 = ORIENTED_EDGE('',*,*,#9099,.F.);
#13799 = ORIENTED_EDGE('',*,*,#9114,.F.);
#13800 = ORIENTED_EDGE('',*,*,#9148,.F.);
#13801 = ORIENTED_EDGE('',*,*,#9163,.F.);
#13802 = ORIENTED_EDGE('',*,*,#9197,.F.);
#13803 = ORIENTED_EDGE('',*,*,#9212,.F.);
#13804 = FACE_BOUND('',#13805,.T.);
#13805 = EDGE_LOOP('',(#13806,#13807,#13808,#13809,#13810,#13811,#13812,
    #13813));
#13806 = ORIENTED_EDGE('',*,*,#9041,.F.);
#13807 = ORIENTED_EDGE('',*,*,#8879,.F.);
#13808 = ORIENTED_EDGE('',*,*,#8894,.F.);
#13809 = ORIENTED_EDGE('',*,*,#8928,.F.);
#13810 = ORIENTED_EDGE('',*,*,#8943,.F.);
#13811 = ORIENTED_EDGE('',*,*,#8977,.F.);
#13812 = ORIENTED_EDGE('',*,*,#8992,.F.);
#13813 = ORIENTED_EDGE('',*,*,#9026,.F.);
#13814 = FACE_BOUND('',#13815,.T.);
#13815 = EDGE_LOOP('',(#13816,#13817,#13818,#13819,#13820,#13821,#13822,
    #13823,#13824,#13825,#13826,#13827));
#13816 = ORIENTED_EDGE('',*,*,#8847,.F.);
#13817 = ORIENTED_EDGE('',*,*,#8568,.F.);
#13818 = ORIENTED_EDGE('',*,*,#8609,.F.);
#13819 = ORIENTED_EDGE('',*,*,#8624,.F.);
#13820 = ORIENTED_EDGE('',*,*,#8658,.F.);
#13821 = ORIENTED_EDGE('',*,*,#8673,.F.);
#13822 = ORIENTED_EDGE('',*,*,#8707,.F.);
#13823 = ORIENTED_EDGE('',*,*,#8722,.F.);
#13824 = ORIENTED_EDGE('',*,*,#8756,.F.);
#13825 = ORIENTED_EDGE('',*,*,#8771,.F.);
#13826 = ORIENTED_EDGE('',*,*,#8795,.F.);
#13827 = ORIENTED_EDGE('',*,*,#8820,.F.);
#13828 = FACE_BOUND('',#13829,.T.);
#13829 = EDGE_LOOP('',(#13830,#13831,#13832,#13833,#13834,#13835,#13836,
    #13837,#13838,#13839));
#13830 = ORIENTED_EDGE('',*,*,#8553,.F.);
#13831 = ORIENTED_EDGE('',*,*,#8323,.F.);
#13832 = ORIENTED_EDGE('',*,*,#8364,.F.);
#13833 = ORIENTED_EDGE('',*,*,#8379,.F.);
#13834 = ORIENTED_EDGE('',*,*,#8413,.F.);
#13835 = ORIENTED_EDGE('',*,*,#8428,.F.);
#13836 = ORIENTED_EDGE('',*,*,#8462,.F.);
#13837 = ORIENTED_EDGE('',*,*,#8477,.F.);
#13838 = ORIENTED_EDGE('',*,*,#8511,.F.);
#13839 = ORIENTED_EDGE('',*,*,#8526,.F.);
#13840 = FACE_BOUND('',#13841,.T.);
#13841 = EDGE_LOOP('',(#13842,#13843,#13844,#13845,#13846,#13847,#13848,
    #13849,#13850,#13851));
#13842 = ORIENTED_EDGE('',*,*,#8306,.F.);
#13843 = ORIENTED_EDGE('',*,*,#8095,.F.);
#13844 = ORIENTED_EDGE('',*,*,#8110,.F.);
#13845 = ORIENTED_EDGE('',*,*,#8144,.F.);
#13846 = ORIENTED_EDGE('',*,*,#8159,.F.);
#13847 = ORIENTED_EDGE('',*,*,#8193,.F.);
#13848 = ORIENTED_EDGE('',*,*,#8208,.F.);
#13849 = ORIENTED_EDGE('',*,*,#8242,.F.);
#13850 = ORIENTED_EDGE('',*,*,#8257,.F.);
#13851 = ORIENTED_EDGE('',*,*,#8291,.F.);
#13852 = FACE_BOUND('',#13853,.T.);
#13853 = EDGE_LOOP('',(#13854,#13855,#13856,#13857));
#13854 = ORIENTED_EDGE('',*,*,#8063,.F.);
#13855 = ORIENTED_EDGE('',*,*,#7980,.F.);
#13856 = ORIENTED_EDGE('',*,*,#8021,.F.);
#13857 = ORIENTED_EDGE('',*,*,#8036,.F.);
#13858 = FACE_BOUND('',#13859,.T.);
#13859 = EDGE_LOOP('',(#13860));
#13860 = ORIENTED_EDGE('',*,*,#7963,.F.);
#13861 = FACE_BOUND('',#13862,.T.);
#13862 = EDGE_LOOP('',(#13863,#13864,#13865,#13866,#13867,#13868,#13869,
    #13870,#13871,#13872));
#13863 = ORIENTED_EDGE('',*,*,#7940,.F.);
#13864 = ORIENTED_EDGE('',*,*,#7710,.F.);
#13865 = ORIENTED_EDGE('',*,*,#7751,.F.);
#13866 = ORIENTED_EDGE('',*,*,#7766,.F.);
#13867 = ORIENTED_EDGE('',*,*,#7800,.F.);
#13868 = ORIENTED_EDGE('',*,*,#7815,.F.);
#13869 = ORIENTED_EDGE('',*,*,#7849,.F.);
#13870 = ORIENTED_EDGE('',*,*,#7864,.F.);
#13871 = ORIENTED_EDGE('',*,*,#7898,.F.);
#13872 = ORIENTED_EDGE('',*,*,#7913,.F.);
#13873 = FACE_BOUND('',#13874,.T.);
#13874 = EDGE_LOOP('',(#13875,#13876,#13877,#13878,#13879,#13880));
#13875 = ORIENTED_EDGE('',*,*,#7695,.F.);
#13876 = ORIENTED_EDGE('',*,*,#7563,.F.);
#13877 = ORIENTED_EDGE('',*,*,#7604,.F.);
#13878 = ORIENTED_EDGE('',*,*,#7619,.F.);
#13879 = ORIENTED_EDGE('',*,*,#7653,.F.);
#13880 = ORIENTED_EDGE('',*,*,#7668,.F.);
#13881 = FACE_BOUND('',#13882,.T.);
#13882 = EDGE_LOOP('',(#13883,#13884,#13885,#13886));
#13883 = ORIENTED_EDGE('',*,*,#7548,.F.);
#13884 = ORIENTED_EDGE('',*,*,#7465,.F.);
#13885 = ORIENTED_EDGE('',*,*,#7506,.F.);
#13886 = ORIENTED_EDGE('',*,*,#7521,.F.);
#13887 = FACE_BOUND('',#13888,.T.);
#13888 = EDGE_LOOP('',(#13889,#13890,#13891,#13892));
#13889 = ORIENTED_EDGE('',*,*,#7450,.F.);
#13890 = ORIENTED_EDGE('',*,*,#7367,.F.);
#13891 = ORIENTED_EDGE('',*,*,#7408,.F.);
#13892 = ORIENTED_EDGE('',*,*,#7423,.F.);
#13893 = FACE_BOUND('',#13894,.T.);
#13894 = EDGE_LOOP('',(#13895,#13896,#13897,#13898));
#13895 = ORIENTED_EDGE('',*,*,#7352,.F.);
#13896 = ORIENTED_EDGE('',*,*,#7269,.F.);
#13897 = ORIENTED_EDGE('',*,*,#7310,.F.);
#13898 = ORIENTED_EDGE('',*,*,#7325,.F.);
#13899 = FACE_BOUND('',#13900,.T.);
#13900 = EDGE_LOOP('',(#13901));
#13901 = ORIENTED_EDGE('',*,*,#7252,.F.);
#13902 = FACE_BOUND('',#13903,.T.);
#13903 = EDGE_LOOP('',(#13904));
#13904 = ORIENTED_EDGE('',*,*,#7227,.F.);
#13905 = FACE_BOUND('',#13906,.T.);
#13906 = EDGE_LOOP('',(#13907));
#13907 = ORIENTED_EDGE('',*,*,#7202,.F.);
#13908 = FACE_BOUND('',#13909,.T.);
#13909 = EDGE_LOOP('',(#13910));
#13910 = ORIENTED_EDGE('',*,*,#7177,.F.);
#13911 = FACE_BOUND('',#13912,.T.);
#13912 = EDGE_LOOP('',(#13913));
#13913 = ORIENTED_EDGE('',*,*,#7152,.F.);
#13914 = FACE_BOUND('',#13915,.T.);
#13915 = EDGE_LOOP('',(#13916));
#13916 = ORIENTED_EDGE('',*,*,#7127,.F.);
#13917 = FACE_BOUND('',#13918,.T.);
#13918 = EDGE_LOOP('',(#13919));
#13919 = ORIENTED_EDGE('',*,*,#7102,.F.);
#13920 = FACE_BOUND('',#13921,.T.);
#13921 = EDGE_LOOP('',(#13922));
#13922 = ORIENTED_EDGE('',*,*,#7077,.F.);
#13923 = FACE_BOUND('',#13924,.T.);
#13924 = EDGE_LOOP('',(#13925));
#13925 = ORIENTED_EDGE('',*,*,#7052,.F.);
#13926 = FACE_BOUND('',#13927,.T.);
#13927 = EDGE_LOOP('',(#13928));
#13928 = ORIENTED_EDGE('',*,*,#7027,.F.);
#13929 = FACE_BOUND('',#13930,.T.);
#13930 = EDGE_LOOP('',(#13931));
#13931 = ORIENTED_EDGE('',*,*,#7002,.F.);
#13932 = FACE_BOUND('',#13933,.T.);
#13933 = EDGE_LOOP('',(#13934));
#13934 = ORIENTED_EDGE('',*,*,#6977,.F.);
#13935 = FACE_BOUND('',#13936,.T.);
#13936 = EDGE_LOOP('',(#13937));
#13937 = ORIENTED_EDGE('',*,*,#6952,.F.);
#13938 = FACE_BOUND('',#13939,.T.);
#13939 = EDGE_LOOP('',(#13940));
#13940 = ORIENTED_EDGE('',*,*,#6927,.F.);
#13941 = FACE_BOUND('',#13942,.T.);
#13942 = EDGE_LOOP('',(#13943));
#13943 = ORIENTED_EDGE('',*,*,#6902,.F.);
#13944 = FACE_BOUND('',#13945,.T.);
#13945 = EDGE_LOOP('',(#13946));
#13946 = ORIENTED_EDGE('',*,*,#6877,.F.);
#13947 = FACE_BOUND('',#13948,.T.);
#13948 = EDGE_LOOP('',(#13949));
#13949 = ORIENTED_EDGE('',*,*,#6852,.F.);
#13950 = FACE_BOUND('',#13951,.T.);
#13951 = EDGE_LOOP('',(#13952));
#13952 = ORIENTED_EDGE('',*,*,#6827,.F.);
#13953 = FACE_BOUND('',#13954,.T.);
#13954 = EDGE_LOOP('',(#13955));
#13955 = ORIENTED_EDGE('',*,*,#6802,.F.);
#13956 = FACE_BOUND('',#13957,.T.);
#13957 = EDGE_LOOP('',(#13958));
#13958 = ORIENTED_EDGE('',*,*,#6777,.F.);
#13959 = FACE_BOUND('',#13960,.T.);
#13960 = EDGE_LOOP('',(#13961));
#13961 = ORIENTED_EDGE('',*,*,#6752,.F.);
#13962 = PLANE('',#13963);
#13963 = AXIS2_PLACEMENT_3D('',#13964,#13965,#13966);
#13964 = CARTESIAN_POINT('',(48.470625805413,108.53699476055,
    3.000000000001));
#13965 = DIRECTION('',(1.224646799147E-16,0.,-1.));
#13966 = DIRECTION('',(-1.,0.,-1.224646799147E-16));
#13967 = ( GEOMETRIC_REPRESENTATION_CONTEXT(3) 
GLOBAL_UNCERTAINTY_ASSIGNED_CONTEXT((#13971)) 
GLOBAL_UNIT_ASSIGNED_CONTEXT((#13968,#13969,#13970)) 
REPRESENTATION_CONTEXT('Context #1',
  '3D Context with UNIT and UNCERTAINTY') );
#13968 = ( LENGTH_UNIT() NAMED_UNIT(*) SI_UNIT(.MILLI.,.METRE.) );
#13969 = ( NAMED_UNIT(*) PLANE_ANGLE_UNIT() SI_UNIT($,.RADIAN.) );
#13970 = ( NAMED_UNIT(*) SI_UNIT($,.STERADIAN.) SOLID_ANGLE_UNIT() );
#13971 = UNCERTAINTY_MEASURE_WITH_UNIT(LENGTH_MEASURE(1.E-05),#13968,
  'distance_accuracy_value','confusion accuracy');
#13972 = PRODUCT_RELATED_PRODUCT_CATEGORY('part',$,(#7));
ENDSEC;
END-ISO-10303-21;
