ISO-10303-21;
HEADER;
FILE_DESCRIPTION(('FreeCAD Model'),'2;1');
FILE_NAME('Open CASCADE Shape Model','2026-07-24T12:46:42',('FreeCAD'),(
    'FreeCAD'),'Open CASCADE STEP processor 7.8','FreeCAD','Unknown');
FILE_SCHEMA(('AUTOMOTIVE_DESIGN { 1 0 10303 214 1 1 1 1 }'));
ENDSEC;
DATA;
#1 = APPLICATION_PROTOCOL_DEFINITION('international standard',
  'automotive_design',2000,#2);
#2 = APPLICATION_CONTEXT(
  'core data for automotive mechanical design processes');
#3 = SHAPE_DEFINITION_REPRESENTATION(#4,#10);
#4 = PRODUCT_DEFINITION_SHAPE('','',#5);
#5 = PRODUCT_DEFINITION('design','',#6,#9);
#6 = PRODUCT_DEFINITION_FORMATION('','',#7);
#7 = PRODUCT('Open CASCADE STEP translator 7.8 12',
  'Open CASCADE STEP translator 7.8 12','',(#8));
#8 = PRODUCT_CONTEXT('',#2,'mechanical');
#9 = PRODUCT_DEFINITION_CONTEXT('part definition',#2,'design');
#10 = ADVANCED_BREP_SHAPE_REPRESENTATION('',(#11,#15),#2746);
#11 = AXIS2_PLACEMENT_3D('',#12,#13,#14);
#12 = CARTESIAN_POINT('',(0.,0.,0.));
#13 = DIRECTION('',(0.,0.,1.));
#14 = DIRECTION('',(1.,0.,-0.));
#15 = MANIFOLD_SOLID_BREP('',#16);
#16 = CLOSED_SHELL('',(#17,#59,#90,#716,#748,#772,#789,#829,#869,#902,
    #933,#957,#976,#1016,#1047,#1072,#1096,#1114,#1145,#1170,#1194,#1212
    ,#1243,#1268,#1292,#1310,#1342,#1366,#1391,#1415,#1440,#1457,#1482,
    #1513,#1538,#1562,#1580,#1611,#1636,#1660,#1678,#1709,#1734,#1758,
    #1783,#1807,#1832,#1856,#1881,#1905,#1930,#1954,#1979,#2003,#2028,
    #2052,#2077,#2101,#2119,#2144,#2168,#2193,#2217,#2242,#2266,#2284,
    #2309,#2333,#2358,#2382,#2407,#2431,#2456,#2480,#2505,#2529,#2554,
    #2578,#2603,#2627,#2645));
#17 = ADVANCED_FACE('',(#18),#54,.T.);
#18 = FACE_BOUND('',#19,.T.);
#19 = EDGE_LOOP('',(#20,#31,#39,#48));
#20 = ORIENTED_EDGE('',*,*,#21,.T.);
#21 = EDGE_CURVE('',#22,#24,#26,.T.);
#22 = VERTEX_POINT('',#23);
#23 = CARTESIAN_POINT('',(3.,4.758897466194,35.000000000002));
#24 = VERTEX_POINT('',#25);
#25 = CARTESIAN_POINT('',(3.,5.258897466194,35.5));
#26 = CIRCLE('',#27,0.5);
#27 = AXIS2_PLACEMENT_3D('',#28,#29,#30);
#28 = CARTESIAN_POINT('',(3.,5.258897466194,35.));
#29 = DIRECTION('',(-1.,2.22044604925E-16,2.465190328816E-32));
#30 = DIRECTION('',(-1.570092458682E-16,-0.707106781186,0.707106781187)
  );
#31 = ORIENTED_EDGE('',*,*,#32,.T.);
#32 = EDGE_CURVE('',#24,#33,#35,.T.);
#33 = VERTEX_POINT('',#34);
#34 = CARTESIAN_POINT('',(1.012523398458E-13,5.258897466194,35.5));
#35 = LINE('',#36,#37);
#36 = CARTESIAN_POINT('',(3.,5.258897466194,35.5));
#37 = VECTOR('',#38,1.);
#38 = DIRECTION('',(-1.,2.22044604925E-16,4.930380657631E-32));
#39 = ORIENTED_EDGE('',*,*,#40,.T.);
#40 = EDGE_CURVE('',#33,#41,#43,.T.);
#41 = VERTEX_POINT('',#42);
#42 = CARTESIAN_POINT('',(1.7763568394E-15,4.758897466194,
    35.000000000002));
#43 = CIRCLE('',#44,0.5);
#44 = AXIS2_PLACEMENT_3D('',#45,#46,#47);
#45 = CARTESIAN_POINT('',(1.012523398458E-13,5.258897466194,35.));
#46 = DIRECTION('',(1.,-2.22044604925E-16,-2.465190328816E-32));
#47 = DIRECTION('',(-1.570092458682E-16,-0.707106781186,0.707106781187)
  );
#48 = ORIENTED_EDGE('',*,*,#49,.T.);
#49 = EDGE_CURVE('',#41,#22,#50,.T.);
#50 = LINE('',#51,#52);
#51 = CARTESIAN_POINT('',(3.,4.758897466194,35.000000000002));
#52 = VECTOR('',#53,1.);
#53 = DIRECTION('',(1.,-2.22044604925E-16,-4.930380657631E-32));
#54 = CYLINDRICAL_SURFACE('',#55,0.5);
#55 = AXIS2_PLACEMENT_3D('',#56,#57,#58);
#56 = CARTESIAN_POINT('',(3.,5.258897466194,35.));
#57 = DIRECTION('',(1.,-2.22044604925E-16,-4.930380657631E-32));
#58 = DIRECTION('',(-1.570092458682E-16,-0.707106781186,0.707106781187)
  );
#59 = ADVANCED_FACE('',(#60),#85,.T.);
#60 = FACE_BOUND('',#61,.T.);
#61 = EDGE_LOOP('',(#62,#63,#71,#79));
#62 = ORIENTED_EDGE('',*,*,#49,.F.);
#63 = ORIENTED_EDGE('',*,*,#64,.F.);
#64 = EDGE_CURVE('',#65,#41,#67,.T.);
#65 = VERTEX_POINT('',#66);
#66 = CARTESIAN_POINT('',(1.7763568394E-15,4.758897466189,33.));
#67 = LINE('',#68,#69);
#68 = CARTESIAN_POINT('',(1.7763568394E-15,4.758897466189,33.));
#69 = VECTOR('',#70,1.);
#70 = DIRECTION('',(5.890161425649E-28,2.652470835566E-12,1.));
#71 = ORIENTED_EDGE('',*,*,#72,.F.);
#72 = EDGE_CURVE('',#73,#65,#75,.T.);
#73 = VERTEX_POINT('',#74);
#74 = CARTESIAN_POINT('',(3.,4.758897466189,33.));
#75 = LINE('',#76,#77);
#76 = CARTESIAN_POINT('',(3.,4.758897466189,33.));
#77 = VECTOR('',#78,1.);
#78 = DIRECTION('',(-1.,2.22044604925E-16,4.930380657631E-32));
#79 = ORIENTED_EDGE('',*,*,#80,.T.);
#80 = EDGE_CURVE('',#73,#22,#81,.T.);
#81 = LINE('',#82,#83);
#82 = CARTESIAN_POINT('',(3.,4.758897466189,33.));
#83 = VECTOR('',#84,1.);
#84 = DIRECTION('',(5.890161425649E-28,2.652470835566E-12,1.));
#85 = PLANE('',#86);
#86 = AXIS2_PLACEMENT_3D('',#87,#88,#89);
#87 = CARTESIAN_POINT('',(3.,4.758897466189,33.));
#88 = DIRECTION('',(-2.22044604925E-16,-1.,2.652470835566E-12));
#89 = DIRECTION('',(5.890161425649E-28,2.652470835566E-12,1.));
#90 = ADVANCED_FACE('',(#91,#467,#503,#539,#550,#603,#639,#675),#711,.T.
  );
#91 = FACE_BOUND('',#92,.T.);
#92 = EDGE_LOOP('',(#93,#94,#102,#111,#119,#128,#136,#145,#153,#162,#170
    ,#179,#187,#196,#204,#213,#221,#230,#238,#247,#255,#264,#272,#281,
    #289,#298,#306,#315,#323,#332,#340,#349,#357,#366,#374,#383,#391,
    #400,#408,#417,#425,#434,#442,#451,#459,#466));
#93 = ORIENTED_EDGE('',*,*,#40,.F.);
#94 = ORIENTED_EDGE('',*,*,#95,.F.);
#95 = EDGE_CURVE('',#96,#33,#98,.T.);
#96 = VERTEX_POINT('',#97);
#97 = CARTESIAN_POINT('',(1.012523398458E-13,10.208880575582,35.5));
#98 = LINE('',#99,#100);
#99 = CARTESIAN_POINT('',(1.012523398458E-13,14.048939696234,35.5));
#100 = VECTOR('',#101,1.);
#101 = DIRECTION('',(-2.22044604925E-16,-1.,-2.22044604925E-16));
#102 = ORIENTED_EDGE('',*,*,#103,.F.);
#103 = EDGE_CURVE('',#104,#96,#106,.T.);
#104 = VERTEX_POINT('',#105);
#105 = CARTESIAN_POINT('',(1.7763568394E-15,10.708880575582,35.));
#106 = CIRCLE('',#107,0.5);
#107 = AXIS2_PLACEMENT_3D('',#108,#109,#110);
#108 = CARTESIAN_POINT('',(1.012523398458E-13,10.208880575582,35.));
#109 = DIRECTION('',(1.,-2.22044604925E-16,-2.465190328816E-32));
#110 = DIRECTION('',(1.570092458684E-16,0.707106781187,0.707106781186));
#111 = ORIENTED_EDGE('',*,*,#112,.T.);
#112 = EDGE_CURVE('',#104,#113,#115,.T.);
#113 = VERTEX_POINT('',#114);
#114 = CARTESIAN_POINT('',(1.7763568394E-15,10.708880575581,33.));
#115 = LINE('',#116,#117);
#116 = CARTESIAN_POINT('',(1.7763568394E-15,10.708880575582,33.));
#117 = VECTOR('',#118,1.);
#118 = DIRECTION('',(-4.207258161179E-29,-1.892560182644E-13,-1.));
#119 = ORIENTED_EDGE('',*,*,#120,.T.);
#120 = EDGE_CURVE('',#113,#121,#123,.T.);
#121 = VERTEX_POINT('',#122);
#122 = CARTESIAN_POINT('',(1.012523398458E-13,12.308880575581,33.));
#123 = CIRCLE('',#124,0.8);
#124 = AXIS2_PLACEMENT_3D('',#125,#126,#127);
#125 = CARTESIAN_POINT('',(1.7763568394E-15,11.508880575581,33.));
#126 = DIRECTION('',(1.,-2.22044604925E-16,-4.930380657631E-32));
#127 = DIRECTION('',(2.22044604925E-16,1.,2.22044604925E-16));
#128 = ORIENTED_EDGE('',*,*,#129,.T.);
#129 = EDGE_CURVE('',#121,#130,#132,.T.);
#130 = VERTEX_POINT('',#131);
#131 = CARTESIAN_POINT('',(1.012523398458E-13,14.504246808436,33.));
#132 = LINE('',#133,#134);
#133 = CARTESIAN_POINT('',(1.012523398458E-13,14.504246808436,33.));
#134 = VECTOR('',#135,1.);
#135 = DIRECTION('',(2.22044604925E-16,1.,2.22044604925E-16));
#136 = ORIENTED_EDGE('',*,*,#137,.T.);
#137 = EDGE_CURVE('',#130,#138,#140,.T.);
#138 = VERTEX_POINT('',#139);
#139 = CARTESIAN_POINT('',(1.012523398458E-13,16.104246808435,33.));
#140 = CIRCLE('',#141,0.799999999999);
#141 = AXIS2_PLACEMENT_3D('',#142,#143,#144);
#142 = CARTESIAN_POINT('',(1.012523398458E-13,15.304246808436,33.));
#143 = DIRECTION('',(1.,-2.22044604925E-16,-4.930380657631E-32));
#144 = DIRECTION('',(2.22044604925E-16,1.,2.22044604925E-16));
#145 = ORIENTED_EDGE('',*,*,#146,.T.);
#146 = EDGE_CURVE('',#138,#147,#149,.T.);
#147 = VERTEX_POINT('',#148);
#148 = CARTESIAN_POINT('',(1.012523398458E-13,16.104246808435,
    36.250014775563));
#149 = LINE('',#150,#151);
#150 = CARTESIAN_POINT('',(1.012523398458E-13,16.104246808435,33.));
#151 = VECTOR('',#152,1.);
#152 = DIRECTION('',(0.,-2.22044604925E-16,1.));
#153 = ORIENTED_EDGE('',*,*,#154,.T.);
#154 = EDGE_CURVE('',#147,#155,#157,.T.);
#155 = VERTEX_POINT('',#156);
#156 = CARTESIAN_POINT('',(1.012523398458E-13,17.510371748468,
    38.159808589866));
#157 = CIRCLE('',#158,2.);
#158 = AXIS2_PLACEMENT_3D('',#159,#160,#161);
#159 = CARTESIAN_POINT('',(1.012523398458E-13,18.104246808435,
    36.250014775563));
#160 = DIRECTION('',(-1.,2.22044604925E-16,4.930380657631E-32));
#161 = DIRECTION('',(-2.22044604925E-16,-1.,-2.22044604925E-16));
#162 = ORIENTED_EDGE('',*,*,#163,.T.);
#163 = EDGE_CURVE('',#155,#164,#166,.T.);
#164 = VERTEX_POINT('',#165);
#165 = CARTESIAN_POINT('',(1.012523398458E-13,28.284193104556,
    41.51006753196));
#166 = LINE('',#167,#168);
#167 = CARTESIAN_POINT('',(1.012523398458E-13,28.284193104556,
    41.51006753196));
#168 = VECTOR('',#169,1.);
#169 = DIRECTION('',(2.120297064926E-16,0.954896907151,0.296937529984));
#170 = ORIENTED_EDGE('',*,*,#171,.T.);
#171 = EDGE_CURVE('',#164,#172,#174,.T.);
#172 = VERTEX_POINT('',#173);
#173 = CARTESIAN_POINT('',(1.012523398458E-13,30.690683738597,
    40.445510241138));
#174 = CIRCLE('',#175,2.000000000001);
#175 = AXIS2_PLACEMENT_3D('',#176,#177,#178);
#176 = CARTESIAN_POINT('',(1.012523398458E-13,28.878068164523,
    39.600273717656));
#177 = DIRECTION('',(-1.,2.22044604925E-16,6.162975822039E-32));
#178 = DIRECTION('',(-6.59333765326E-17,-0.296937529983,0.954896907151)
  );
#179 = ORIENTED_EDGE('',*,*,#180,.T.);
#180 = EDGE_CURVE('',#172,#181,#183,.T.);
#181 = VERTEX_POINT('',#182);
#182 = CARTESIAN_POINT('',(1.012523398458E-13,45.490579426622,
    8.707031515344));
#183 = LINE('',#184,#185);
#184 = CARTESIAN_POINT('',(1.012523398458E-13,45.490579426622,
    8.707031515344));
#185 = VECTOR('',#186,1.);
#186 = DIRECTION('',(9.384010496232E-17,0.422618261741,-0.906307787037)
  );
#187 = ORIENTED_EDGE('',*,*,#188,.T.);
#188 = EDGE_CURVE('',#181,#189,#191,.T.);
#189 = VERTEX_POINT('',#190);
#190 = CARTESIAN_POINT('',(1.012523398458E-13,45.259511789757,
    6.637578457783));
#191 = CIRCLE('',#192,2.);
#192 = AXIS2_PLACEMENT_3D('',#193,#194,#195);
#193 = CARTESIAN_POINT('',(1.012523398458E-13,43.677963852549,
    7.861794991863));
#194 = DIRECTION('',(-1.,2.22044604925E-16,4.930380657631E-32));
#195 = DIRECTION('',(2.01240754513E-16,0.906307787037,0.422618261741));
#196 = ORIENTED_EDGE('',*,*,#197,.T.);
#197 = EDGE_CURVE('',#189,#198,#200,.T.);
#198 = VERTEX_POINT('',#199);
#199 = CARTESIAN_POINT('',(1.012523398458E-13,40.65877025067,
    0.69394586648));
#200 = LINE('',#201,#202);
#201 = CARTESIAN_POINT('',(1.012523398458E-13,40.65877025067,
    0.69394586648));
#202 = VECTOR('',#203,1.);
#203 = DIRECTION('',(-1.359153383262E-16,-0.61210826704,-0.790773968604)
  );
#204 = ORIENTED_EDGE('',*,*,#205,.T.);
#205 = EDGE_CURVE('',#198,#206,#208,.T.);
#206 = VERTEX_POINT('',#207);
#207 = CARTESIAN_POINT('',(1.012523398458E-13,40.263383266368,0.5));
#208 = CIRCLE('',#209,0.5);
#209 = AXIS2_PLACEMENT_3D('',#210,#211,#212);
#210 = CARTESIAN_POINT('',(1.012523398458E-13,40.263383266368,1.));
#211 = DIRECTION('',(-1.,2.22044604925E-16,4.930380657631E-32));
#212 = DIRECTION('',(1.755870934436E-16,0.790773968604,-0.61210826704));
#213 = ORIENTED_EDGE('',*,*,#214,.T.);
#214 = EDGE_CURVE('',#206,#215,#217,.T.);
#215 = VERTEX_POINT('',#216);
#216 = CARTESIAN_POINT('',(1.012523398458E-13,39.865697191509,0.5));
#217 = LINE('',#218,#219);
#218 = CARTESIAN_POINT('',(1.012523398458E-13,40.263383266368,0.5));
#219 = VECTOR('',#220,1.);
#220 = DIRECTION('',(-2.22044604925E-16,-1.,3.571164596471E-13));
#221 = ORIENTED_EDGE('',*,*,#222,.T.);
#222 = EDGE_CURVE('',#215,#223,#225,.T.);
#223 = VERTEX_POINT('',#224);
#224 = CARTESIAN_POINT('',(1.012523398458E-13,39.365697191509,1.));
#225 = CIRCLE('',#226,0.5);
#226 = AXIS2_PLACEMENT_3D('',#227,#228,#229);
#227 = CARTESIAN_POINT('',(1.012523398458E-13,39.865697191509,1.));
#228 = DIRECTION('',(-1.,2.22044604925E-16,4.930380657631E-32));
#229 = DIRECTION('',(-9.305497614657E-47,2.22044604925E-16,-1.));
#230 = ORIENTED_EDGE('',*,*,#231,.T.);
#231 = EDGE_CURVE('',#223,#232,#234,.T.);
#232 = VERTEX_POINT('',#233);
#233 = CARTESIAN_POINT('',(1.012523398458E-13,39.36569719151,3.));
#234 = LINE('',#235,#236);
#235 = CARTESIAN_POINT('',(1.012523398458E-13,39.365697191509,1.));
#236 = VECTOR('',#237,1.);
#237 = DIRECTION('',(0.,-2.22044604925E-16,1.));
#238 = ORIENTED_EDGE('',*,*,#239,.T.);
#239 = EDGE_CURVE('',#232,#240,#242,.T.);
#240 = VERTEX_POINT('',#241);
#241 = CARTESIAN_POINT('',(1.012523398458E-13,37.76569719151,3.));
#242 = CIRCLE('',#243,0.8);
#243 = AXIS2_PLACEMENT_3D('',#244,#245,#246);
#244 = CARTESIAN_POINT('',(1.012523398458E-13,38.56569719151,3.));
#245 = DIRECTION('',(1.,-2.22044604925E-16,-4.930380657631E-32));
#246 = DIRECTION('',(-2.22044604925E-16,-1.,-2.22044604925E-16));
#247 = ORIENTED_EDGE('',*,*,#248,.T.);
#248 = EDGE_CURVE('',#240,#249,#251,.T.);
#249 = VERTEX_POINT('',#250);
#250 = CARTESIAN_POINT('',(1.012523398458E-13,35.330658189277,3.));
#251 = LINE('',#252,#253);
#252 = CARTESIAN_POINT('',(1.012523398458E-13,37.76569719151,3.));
#253 = VECTOR('',#254,1.);
#254 = DIRECTION('',(-2.22044604925E-16,-1.,-2.22044604925E-16));
#255 = ORIENTED_EDGE('',*,*,#256,.T.);
#256 = EDGE_CURVE('',#249,#257,#259,.T.);
#257 = VERTEX_POINT('',#258);
#258 = CARTESIAN_POINT('',(1.012523398458E-13,33.730658189278,3.));
#259 = CIRCLE('',#260,0.799999999999);
#260 = AXIS2_PLACEMENT_3D('',#261,#262,#263);
#261 = CARTESIAN_POINT('',(1.012523398458E-13,34.530658189277,3.));
#262 = DIRECTION('',(1.,-2.22044604925E-16,-4.930380657631E-32));
#263 = DIRECTION('',(-2.22044604925E-16,-1.,-2.22044604925E-16));
#264 = ORIENTED_EDGE('',*,*,#265,.T.);
#265 = EDGE_CURVE('',#257,#266,#268,.T.);
#266 = VERTEX_POINT('',#267);
#267 = CARTESIAN_POINT('',(1.012523398458E-13,33.730658189278,0.5));
#268 = LINE('',#269,#270);
#269 = CARTESIAN_POINT('',(1.012523398458E-13,33.730658189278,0.5));
#270 = VECTOR('',#271,1.);
#271 = DIRECTION('',(0.,2.22044604925E-16,-1.));
#272 = ORIENTED_EDGE('',*,*,#273,.T.);
#273 = EDGE_CURVE('',#266,#274,#276,.T.);
#274 = VERTEX_POINT('',#275);
#275 = CARTESIAN_POINT('',(1.012523398458E-13,33.230658189278,
    4.440892098501E-15));
#276 = CIRCLE('',#277,0.5);
#277 = AXIS2_PLACEMENT_3D('',#278,#279,#280);
#278 = CARTESIAN_POINT('',(1.012523398458E-13,33.230658189278,0.5));
#279 = DIRECTION('',(-1.,2.22044604925E-16,4.930380657631E-32));
#280 = DIRECTION('',(2.22044604925E-16,1.,2.22044604925E-16));
#281 = ORIENTED_EDGE('',*,*,#282,.T.);
#282 = EDGE_CURVE('',#274,#283,#285,.T.);
#283 = VERTEX_POINT('',#284);
#284 = CARTESIAN_POINT('',(1.012523398458E-13,28.280675079885,
    2.442490654175E-13));
#285 = LINE('',#286,#287);
#286 = CARTESIAN_POINT('',(1.012523398458E-13,33.230658189278,
    2.442490654175E-13));
#287 = VECTOR('',#288,1.);
#288 = DIRECTION('',(-2.22044604925E-16,-1.,-2.22044604925E-16));
#289 = ORIENTED_EDGE('',*,*,#290,.T.);
#290 = EDGE_CURVE('',#283,#291,#293,.T.);
#291 = VERTEX_POINT('',#292);
#292 = CARTESIAN_POINT('',(1.012523398458E-13,27.780675079885,0.5));
#293 = CIRCLE('',#294,0.5);
#294 = AXIS2_PLACEMENT_3D('',#295,#296,#297);
#295 = CARTESIAN_POINT('',(1.012523398458E-13,28.280675079885,0.5));
#296 = DIRECTION('',(-1.,2.22044604925E-16,4.930380657631E-32));
#297 = DIRECTION('',(-9.305497614657E-47,2.22044604925E-16,-1.));
#298 = ORIENTED_EDGE('',*,*,#299,.T.);
#299 = EDGE_CURVE('',#291,#300,#302,.T.);
#300 = VERTEX_POINT('',#301);
#301 = CARTESIAN_POINT('',(1.012523398458E-13,27.780675079886,3.));
#302 = LINE('',#303,#304);
#303 = CARTESIAN_POINT('',(1.012523398458E-13,27.780675079885,0.5));
#304 = VECTOR('',#305,1.);
#305 = DIRECTION('',(0.,-2.22044604925E-16,1.));
#306 = ORIENTED_EDGE('',*,*,#307,.T.);
#307 = EDGE_CURVE('',#300,#308,#310,.T.);
#308 = VERTEX_POINT('',#309);
#309 = CARTESIAN_POINT('',(1.012523398458E-13,26.180675079886,3.));
#310 = CIRCLE('',#311,0.8);
#311 = AXIS2_PLACEMENT_3D('',#312,#313,#314);
#312 = CARTESIAN_POINT('',(1.012523398458E-13,26.980675079886,3.));
#313 = DIRECTION('',(1.,-2.22044604925E-16,-4.930380657631E-32));
#314 = DIRECTION('',(-2.22044604925E-16,-1.,-2.22044604925E-16));
#315 = ORIENTED_EDGE('',*,*,#316,.T.);
#316 = EDGE_CURVE('',#308,#317,#319,.T.);
#317 = VERTEX_POINT('',#318);
#318 = CARTESIAN_POINT('',(1.012523398458E-13,21.746617441904,3.));
#319 = LINE('',#320,#321);
#320 = CARTESIAN_POINT('',(1.012523398458E-13,26.180675079886,3.));
#321 = VECTOR('',#322,1.);
#322 = DIRECTION('',(-2.22044604925E-16,-1.,-2.22044604925E-16));
#323 = ORIENTED_EDGE('',*,*,#324,.T.);
#324 = EDGE_CURVE('',#317,#325,#327,.T.);
#325 = VERTEX_POINT('',#326);
#326 = CARTESIAN_POINT('',(1.012523398458E-13,20.146617441905,3.));
#327 = CIRCLE('',#328,0.799999999999);
#328 = AXIS2_PLACEMENT_3D('',#329,#330,#331);
#329 = CARTESIAN_POINT('',(1.012523398458E-13,20.946617441904,3.));
#330 = DIRECTION('',(1.,-2.22044604925E-16,-4.930380657631E-32));
#331 = DIRECTION('',(-2.22044604925E-16,-1.,-2.22044604925E-16));
#332 = ORIENTED_EDGE('',*,*,#333,.T.);
#333 = EDGE_CURVE('',#325,#334,#336,.T.);
#334 = VERTEX_POINT('',#335);
#335 = CARTESIAN_POINT('',(1.012523398458E-13,20.146617441905,0.5));
#336 = LINE('',#337,#338);
#337 = CARTESIAN_POINT('',(1.012523398458E-13,20.146617441905,0.5));
#338 = VECTOR('',#339,1.);
#339 = DIRECTION('',(0.,2.22044604925E-16,-1.));
#340 = ORIENTED_EDGE('',*,*,#341,.T.);
#341 = EDGE_CURVE('',#334,#342,#344,.T.);
#342 = VERTEX_POINT('',#343);
#343 = CARTESIAN_POINT('',(1.012523398458E-13,19.646617441905,
    2.84217094304E-13));
#344 = CIRCLE('',#345,0.5);
#345 = AXIS2_PLACEMENT_3D('',#346,#347,#348);
#346 = CARTESIAN_POINT('',(1.012523398458E-13,19.646617441905,0.5));
#347 = DIRECTION('',(-1.,2.22044604925E-16,4.930380657631E-32));
#348 = DIRECTION('',(2.22044604925E-16,1.,2.22044604925E-16));
#349 = ORIENTED_EDGE('',*,*,#350,.T.);
#350 = EDGE_CURVE('',#342,#351,#353,.T.);
#351 = VERTEX_POINT('',#352);
#352 = CARTESIAN_POINT('',(1.012523398458E-13,14.696634332512,
    2.442490654175E-13));
#353 = LINE('',#354,#355);
#354 = CARTESIAN_POINT('',(1.012523398458E-13,19.646617441905,
    2.442490654175E-13));
#355 = VECTOR('',#356,1.);
#356 = DIRECTION('',(-2.22044604925E-16,-1.,-2.22044604925E-16));
#357 = ORIENTED_EDGE('',*,*,#358,.T.);
#358 = EDGE_CURVE('',#351,#359,#361,.T.);
#359 = VERTEX_POINT('',#360);
#360 = CARTESIAN_POINT('',(1.012523398458E-13,14.196634332512,0.5));
#361 = CIRCLE('',#362,0.5);
#362 = AXIS2_PLACEMENT_3D('',#363,#364,#365);
#363 = CARTESIAN_POINT('',(1.012523398458E-13,14.696634332512,0.5));
#364 = DIRECTION('',(-1.,2.22044604925E-16,4.930380657631E-32));
#365 = DIRECTION('',(-9.305497614657E-47,2.22044604925E-16,-1.));
#366 = ORIENTED_EDGE('',*,*,#367,.T.);
#367 = EDGE_CURVE('',#359,#368,#370,.T.);
#368 = VERTEX_POINT('',#369);
#369 = CARTESIAN_POINT('',(1.012523398458E-13,14.196634332512,
    3.43240984728));
#370 = LINE('',#371,#372);
#371 = CARTESIAN_POINT('',(1.012523398458E-13,14.196634332512,0.5));
#372 = VECTOR('',#373,1.);
#373 = DIRECTION('',(0.,-2.22044604925E-16,1.));
#374 = ORIENTED_EDGE('',*,*,#375,.T.);
#375 = EDGE_CURVE('',#368,#376,#378,.T.);
#376 = VERTEX_POINT('',#377);
#377 = CARTESIAN_POINT('',(1.012523398458E-13,14.324241240708,
    3.921214811835));
#378 = CIRCLE('',#379,1.);
#379 = AXIS2_PLACEMENT_3D('',#380,#381,#382);
#380 = CARTESIAN_POINT('',(1.012523398458E-13,15.196634332512,
    3.43240984728));
#381 = DIRECTION('',(-1.,2.22044604925E-16,4.930380657631E-32));
#382 = DIRECTION('',(-2.22044604925E-16,-1.,-2.22044604925E-16));
#383 = ORIENTED_EDGE('',*,*,#384,.T.);
#384 = EDGE_CURVE('',#376,#385,#387,.T.);
#385 = VERTEX_POINT('',#386);
#386 = CARTESIAN_POINT('',(1.012523398458E-13,16.875102754055,
    8.473856711489));
#387 = LINE('',#388,#389);
#388 = CARTESIAN_POINT('',(1.012523398458E-13,14.32424124071,
    3.921214811834));
#389 = VECTOR('',#390,1.);
#390 = DIRECTION('',(1.085365052398E-16,0.488804964554,0.872393091804));
#391 = ORIENTED_EDGE('',*,*,#392,.T.);
#392 = EDGE_CURVE('',#385,#393,#395,.T.);
#393 = VERTEX_POINT('',#394);
#394 = CARTESIAN_POINT('',(1.012523398458E-13,16.909017449288,
    9.385279937785));
#395 = CIRCLE('',#396,1.);
#396 = AXIS2_PLACEMENT_3D('',#397,#398,#399);
#397 = CARTESIAN_POINT('',(1.012523398458E-13,16.002709662252,
    8.962661676044));
#398 = DIRECTION('',(1.,-2.22044604925E-16,-4.930380657631E-32));
#399 = DIRECTION('',(2.01240754513E-16,0.906307787037,0.422618261741));
#400 = ORIENTED_EDGE('',*,*,#401,.T.);
#401 = EDGE_CURVE('',#393,#402,#404,.T.);
#402 = VERTEX_POINT('',#403);
#403 = CARTESIAN_POINT('',(1.7763568394E-15,9.187200414312,
    25.944770008194));
#404 = LINE('',#405,#406);
#405 = CARTESIAN_POINT('',(1.012523398458E-13,16.909017449288,
    9.385279937785));
#406 = VECTOR('',#407,1.);
#407 = DIRECTION('',(-9.384010496235E-17,-0.422618261741,0.906307787037)
  );
#408 = ORIENTED_EDGE('',*,*,#409,.T.);
#409 = EDGE_CURVE('',#402,#410,#412,.T.);
#410 = VERTEX_POINT('',#411);
#411 = CARTESIAN_POINT('',(1.7763568394E-15,8.622805883581,
    26.461883264048));
#412 = CIRCLE('',#413,1.);
#413 = AXIS2_PLACEMENT_3D('',#414,#415,#416);
#414 = CARTESIAN_POINT('',(1.7763568394E-15,8.280892627275,
    25.522151746453));
#415 = DIRECTION('',(1.,-2.22044604925E-16,-6.162975822039E-32));
#416 = DIRECTION('',(7.591999391511E-17,0.341913256306,0.939731517595));
#417 = ORIENTED_EDGE('',*,*,#418,.T.);
#418 = EDGE_CURVE('',#410,#419,#421,.T.);
#419 = VERTEX_POINT('',#420);
#420 = CARTESIAN_POINT('',(1.7763568394E-15,1.956105816314,
    28.887504929541));
#421 = LINE('',#422,#423);
#422 = CARTESIAN_POINT('',(1.7763568394E-15,8.622805883581,
    26.461883264048));
#423 = VECTOR('',#424,1.);
#424 = DIRECTION('',(-2.0866231356E-16,-0.939731517595,0.341913256307));
#425 = ORIENTED_EDGE('',*,*,#426,.T.);
#426 = EDGE_CURVE('',#419,#427,#429,.T.);
#427 = VERTEX_POINT('',#428);
#428 = CARTESIAN_POINT('',(1.7763568394E-15,1.391711285584,
    29.404618185395));
#429 = CIRCLE('',#430,0.999999999999);
#430 = AXIS2_PLACEMENT_3D('',#431,#432,#433);
#431 = CARTESIAN_POINT('',(1.7763568394E-15,2.29801907262,
    29.827236447135));
#432 = DIRECTION('',(-1.,2.22044604925E-16,6.162975822039E-32));
#433 = DIRECTION('',(-7.591999391512E-17,-0.341913256306,-0.939731517595
    ));
#434 = ORIENTED_EDGE('',*,*,#435,.T.);
#435 = EDGE_CURVE('',#427,#436,#438,.T.);
#436 = VERTEX_POINT('',#437);
#437 = CARTESIAN_POINT('',(1.7763568394E-15,4.684610648177E-02,
    32.288690869129));
#438 = LINE('',#439,#440);
#439 = CARTESIAN_POINT('',(1.7763568394E-15,1.391711285582,
    29.404618185394));
#440 = VECTOR('',#441,1.);
#441 = DIRECTION('',(-9.384010496225E-17,-0.42261826174,0.906307787037)
  );
#442 = ORIENTED_EDGE('',*,*,#443,.T.);
#443 = EDGE_CURVE('',#436,#444,#446,.T.);
#444 = VERTEX_POINT('',#445);
#445 = CARTESIAN_POINT('',(1.7763568394E-15,0.500000000001,33.));
#446 = CIRCLE('',#447,0.500000000001);
#447 = AXIS2_PLACEMENT_3D('',#448,#449,#450);
#448 = CARTESIAN_POINT('',(1.7763568394E-15,0.500000000001,32.5));
#449 = DIRECTION('',(-1.,2.22044604925E-16,4.930380657631E-32));
#450 = DIRECTION('',(-2.01240754513E-16,-0.906307787037,-0.422618261741)
  );
#451 = ORIENTED_EDGE('',*,*,#452,.T.);
#452 = EDGE_CURVE('',#444,#453,#455,.T.);
#453 = VERTEX_POINT('',#454);
#454 = CARTESIAN_POINT('',(1.7763568394E-15,3.158897466193,33.));
#455 = LINE('',#456,#457);
#456 = CARTESIAN_POINT('',(1.7763568394E-15,3.158897466193,33.));
#457 = VECTOR('',#458,1.);
#458 = DIRECTION('',(2.22044604925E-16,1.,2.22044604925E-16));
#459 = ORIENTED_EDGE('',*,*,#460,.T.);
#460 = EDGE_CURVE('',#453,#65,#461,.T.);
#461 = CIRCLE('',#462,0.799999999995);
#462 = AXIS2_PLACEMENT_3D('',#463,#464,#465);
#463 = CARTESIAN_POINT('',(1.7763568394E-15,3.958897466194,33.));
#464 = DIRECTION('',(1.,-2.22044604925E-16,-4.930380657631E-32));
#465 = DIRECTION('',(2.22044604925E-16,1.,2.22044604925E-16));
#466 = ORIENTED_EDGE('',*,*,#64,.T.);
#467 = FACE_BOUND('',#468,.T.);
#468 = EDGE_LOOP('',(#469,#480,#488,#497));
#469 = ORIENTED_EDGE('',*,*,#470,.T.);
#470 = EDGE_CURVE('',#471,#473,#475,.T.);
#471 = VERTEX_POINT('',#472);
#472 = CARTESIAN_POINT('',(1.012523398458E-13,28.195800645791,
    36.594457970531));
#473 = VERTEX_POINT('',#474);
#474 = CARTESIAN_POINT('',(1.012523398458E-13,27.304988055845,
    39.459148691987));
#475 = CIRCLE('',#476,1.5);
#476 = AXIS2_PLACEMENT_3D('',#477,#478,#479);
#477 = CARTESIAN_POINT('',(1.012523398458E-13,27.750394350821,
    38.02680333126));
#478 = DIRECTION('',(1.,-2.22044604925E-16,-6.162975822039E-32));
#479 = DIRECTION('',(-6.593337653261E-17,-0.296937529984,0.954896907151)
  );
#480 = ORIENTED_EDGE('',*,*,#481,.T.);
#481 = EDGE_CURVE('',#473,#482,#484,.T.);
#482 = VERTEX_POINT('',#483);
#483 = CARTESIAN_POINT('',(1.012523398458E-13,24.114457498884,
    38.467011995526));
#484 = LINE('',#485,#486);
#485 = CARTESIAN_POINT('',(1.012523398458E-13,27.304988055845,
    39.459148691987));
#486 = VECTOR('',#487,1.);
#487 = DIRECTION('',(-2.120297064925E-16,-0.954896907151,-0.296937529984
    ));
#488 = ORIENTED_EDGE('',*,*,#489,.T.);
#489 = EDGE_CURVE('',#482,#490,#492,.T.);
#490 = VERTEX_POINT('',#491);
#491 = CARTESIAN_POINT('',(1.012523398458E-13,25.005270088829,
    35.60232127407));
#492 = CIRCLE('',#493,1.5);
#493 = AXIS2_PLACEMENT_3D('',#494,#495,#496);
#494 = CARTESIAN_POINT('',(1.012523398458E-13,24.559863793854,
    37.034666634797));
#495 = DIRECTION('',(1.,-2.22044604925E-16,-6.162975822039E-32));
#496 = DIRECTION('',(6.593337653261E-17,0.296937529984,-0.954896907151)
  );
#497 = ORIENTED_EDGE('',*,*,#498,.T.);
#498 = EDGE_CURVE('',#490,#471,#499,.T.);
#499 = LINE('',#500,#501);
#500 = CARTESIAN_POINT('',(1.012523398458E-13,28.195800645791,
    36.594457970531));
#501 = VECTOR('',#502,1.);
#502 = DIRECTION('',(2.120297064925E-16,0.954896907151,0.296937529984));
#503 = FACE_BOUND('',#504,.T.);
#504 = EDGE_LOOP('',(#505,#516,#524,#533));
#505 = ORIENTED_EDGE('',*,*,#506,.T.);
#506 = EDGE_CURVE('',#507,#509,#511,.T.);
#507 = VERTEX_POINT('',#508);
#508 = CARTESIAN_POINT('',(1.012523398458E-13,30.043019035016,
    23.466941373177));
#509 = VERTEX_POINT('',#510);
#510 = CARTESIAN_POINT('',(1.012523398458E-13,29.198097595961,
    25.279703840197));
#511 = CIRCLE('',#512,1.000000000001);
#512 = AXIS2_PLACEMENT_3D('',#513,#514,#515);
#513 = CARTESIAN_POINT('',(1.012523398458E-13,29.620558315489,
    24.373322606687));
#514 = DIRECTION('',(1.,-2.22044604925E-16,-6.162975822039E-32));
#515 = DIRECTION('',(-9.380512356375E-17,-0.422460719527,0.906381233509)
  );
#516 = ORIENTED_EDGE('',*,*,#517,.T.);
#517 = EDGE_CURVE('',#509,#518,#520,.T.);
#518 = VERTEX_POINT('',#519);
#519 = CARTESIAN_POINT('',(1.012523398458E-13,21.947047727896,
    21.900018083976));
#520 = LINE('',#521,#522);
#521 = CARTESIAN_POINT('',(1.012523398458E-13,29.198097595961,
    25.279703840197));
#522 = VECTOR('',#523,1.);
#523 = DIRECTION('',(-2.012570629059E-16,-0.906381233508,-0.422460719527
    ));
#524 = ORIENTED_EDGE('',*,*,#525,.T.);
#525 = EDGE_CURVE('',#518,#526,#528,.T.);
#526 = VERTEX_POINT('',#527);
#527 = CARTESIAN_POINT('',(1.012523398458E-13,22.791969166946,
    20.087255616964));
#528 = CIRCLE('',#529,0.999999999997);
#529 = AXIS2_PLACEMENT_3D('',#530,#531,#532);
#530 = CARTESIAN_POINT('',(1.012523398458E-13,22.369508447421,
    20.99363685047));
#531 = DIRECTION('',(1.,-2.22044604925E-16,-4.930380657631E-32));
#532 = DIRECTION('',(9.380512356355E-17,0.422460719526,-0.906381233509)
  );
#533 = ORIENTED_EDGE('',*,*,#534,.T.);
#534 = EDGE_CURVE('',#526,#507,#535,.T.);
#535 = LINE('',#536,#537);
#536 = CARTESIAN_POINT('',(1.012523398458E-13,30.043019035013,
    23.466941373179));
#537 = VECTOR('',#538,1.);
#538 = DIRECTION('',(2.012570629059E-16,0.906381233509,0.422460719527));
#539 = FACE_BOUND('',#540,.T.);
#540 = EDGE_LOOP('',(#541));
#541 = ORIENTED_EDGE('',*,*,#542,.T.);
#542 = EDGE_CURVE('',#543,#543,#545,.T.);
#543 = VERTEX_POINT('',#544);
#544 = CARTESIAN_POINT('',(1.012523398458E-13,43.43380178918,
    8.154404731482));
#545 = CIRCLE('',#546,1.5);
#546 = AXIS2_PLACEMENT_3D('',#547,#548,#549);
#547 = CARTESIAN_POINT('',(1.012523398458E-13,41.93380178918,
    8.154404731482));
#548 = DIRECTION('',(1.,-2.22044604925E-16,-4.930380657631E-32));
#549 = DIRECTION('',(-2.22044604925E-16,-1.,-2.22044604925E-16));
#550 = FACE_BOUND('',#551,.T.);
#551 = EDGE_LOOP('',(#552,#562,#571,#579,#588,#596));
#552 = ORIENTED_EDGE('',*,*,#553,.T.);
#553 = EDGE_CURVE('',#554,#556,#558,.T.);
#554 = VERTEX_POINT('',#555);
#555 = CARTESIAN_POINT('',(1.012523398458E-13,28.512334335418,
    5.981127549483));
#556 = VERTEX_POINT('',#557);
#557 = CARTESIAN_POINT('',(1.012523398458E-13,35.219172948372,
    5.981127549483));
#558 = LINE('',#559,#560);
#559 = CARTESIAN_POINT('',(1.012523398458E-13,35.219172948372,
    5.981127549483));
#560 = VECTOR('',#561,1.);
#561 = DIRECTION('',(2.22044604925E-16,1.,2.22044604925E-16));
#562 = ORIENTED_EDGE('',*,*,#563,.T.);
#563 = EDGE_CURVE('',#556,#564,#566,.T.);
#564 = VERTEX_POINT('',#565);
#565 = CARTESIAN_POINT('',(1.012523398458E-13,36.125480735409,
    7.403745811223));
#566 = CIRCLE('',#567,1.);
#567 = AXIS2_PLACEMENT_3D('',#568,#569,#570);
#568 = CARTESIAN_POINT('',(1.012523398458E-13,35.219172948372,
    6.981127549483));
#569 = DIRECTION('',(1.,-2.22044604925E-16,-4.930380657631E-32));
#570 = DIRECTION('',(2.012407545132E-16,0.906307787037,0.422618261739));
#571 = ORIENTED_EDGE('',*,*,#572,.T.);
#572 = EDGE_CURVE('',#564,#573,#575,.T.);
#573 = VERTEX_POINT('',#574);
#574 = CARTESIAN_POINT('',(1.012523398458E-13,34.928044333897,
    9.971656461136));
#575 = LINE('',#576,#577);
#576 = CARTESIAN_POINT('',(1.012523398458E-13,36.125480735409,
    7.403745811223));
#577 = VECTOR('',#578,1.);
#578 = DIRECTION('',(-9.38401049623E-17,-0.422618261741,0.906307787037)
  );
#579 = ORIENTED_EDGE('',*,*,#580,.T.);
#580 = EDGE_CURVE('',#573,#581,#583,.T.);
#581 = VERTEX_POINT('',#582);
#582 = CARTESIAN_POINT('',(1.012523398458E-13,33.599275827332,
    10.455419432904));
#583 = CIRCLE('',#584,1.000000000002);
#584 = AXIS2_PLACEMENT_3D('',#585,#586,#587);
#585 = CARTESIAN_POINT('',(1.012523398458E-13,34.021736546861,
    9.549038199395));
#586 = DIRECTION('',(1.,-2.22044604925E-16,-4.930380657631E-32));
#587 = DIRECTION('',(-9.380512356404E-17,-0.422460719528,0.906381233508)
  );
#588 = ORIENTED_EDGE('',*,*,#589,.T.);
#589 = EDGE_CURVE('',#581,#590,#592,.T.);
#590 = VERTEX_POINT('',#591);
#591 = CARTESIAN_POINT('',(1.012523398458E-13,28.08987361589,
    7.887508782992));
#592 = LINE('',#593,#594);
#593 = CARTESIAN_POINT('',(1.012523398458E-13,33.599275827332,
    10.455419432904));
#594 = VECTOR('',#595,1.);
#595 = DIRECTION('',(-2.012570629059E-16,-0.906381233509,-0.422460719527
    ));
#596 = ORIENTED_EDGE('',*,*,#597,.T.);
#597 = EDGE_CURVE('',#590,#554,#598,.T.);
#598 = CIRCLE('',#599,1.);
#599 = AXIS2_PLACEMENT_3D('',#600,#601,#602);
#600 = CARTESIAN_POINT('',(1.012523398458E-13,28.512334335418,
    6.981127549483));
#601 = DIRECTION('',(1.,-2.22044604925E-16,-4.930380657631E-32));
#602 = DIRECTION('',(-9.305497614657E-47,2.22044604925E-16,-1.));
#603 = FACE_BOUND('',#604,.T.);
#604 = EDGE_LOOP('',(#605,#616,#624,#633));
#605 = ORIENTED_EDGE('',*,*,#606,.T.);
#606 = EDGE_CURVE('',#607,#609,#611,.T.);
#607 = VERTEX_POINT('',#608);
#608 = CARTESIAN_POINT('',(1.012523398458E-13,32.577783352173,
    18.028653972129));
#609 = VERTEX_POINT('',#610);
#610 = CARTESIAN_POINT('',(1.012523398458E-13,31.732861913123,
    19.841416439142));
#611 = CIRCLE('',#612,0.999999999997);
#612 = AXIS2_PLACEMENT_3D('',#613,#614,#615);
#613 = CARTESIAN_POINT('',(1.012523398458E-13,32.155322632648,
    18.935035205635));
#614 = DIRECTION('',(1.,-2.22044604925E-16,-6.162975822039E-32));
#615 = DIRECTION('',(-9.380512356354E-17,-0.422460719526,0.906381233509)
  );
#616 = ORIENTED_EDGE('',*,*,#617,.T.);
#617 = EDGE_CURVE('',#609,#618,#620,.T.);
#618 = VERTEX_POINT('',#619);
#619 = CARTESIAN_POINT('',(1.012523398458E-13,24.481812045052,
    16.461730682926));
#620 = LINE('',#621,#622);
#621 = CARTESIAN_POINT('',(1.012523398458E-13,31.732861913123,
    19.841416439142));
#622 = VECTOR('',#623,1.);
#623 = DIRECTION('',(-2.012570629059E-16,-0.906381233509,-0.422460719527
    ));
#624 = ORIENTED_EDGE('',*,*,#625,.T.);
#625 = EDGE_CURVE('',#618,#626,#628,.T.);
#626 = VERTEX_POINT('',#627);
#627 = CARTESIAN_POINT('',(1.012523398458E-13,25.326733484108,
    14.64896821591));
#628 = CIRCLE('',#629,1.);
#629 = AXIS2_PLACEMENT_3D('',#630,#631,#632);
#630 = CARTESIAN_POINT('',(1.012523398458E-13,24.90427276458,
    15.555349449418));
#631 = DIRECTION('',(1.,-2.22044604925E-16,-6.162975822039E-32));
#632 = DIRECTION('',(9.380512356391E-17,0.422460719528,-0.906381233508)
  );
#633 = ORIENTED_EDGE('',*,*,#634,.T.);
#634 = EDGE_CURVE('',#626,#607,#635,.T.);
#635 = LINE('',#636,#637);
#636 = CARTESIAN_POINT('',(1.012523398458E-13,32.57778335218,
    18.028653972124));
#637 = VECTOR('',#638,1.);
#638 = DIRECTION('',(2.012570629059E-16,0.906381233509,0.422460719527));
#639 = FACE_BOUND('',#640,.T.);
#640 = EDGE_LOOP('',(#641,#652,#660,#669));
#641 = ORIENTED_EDGE('',*,*,#642,.T.);
#642 = EDGE_CURVE('',#643,#645,#647,.T.);
#643 = VERTEX_POINT('',#644);
#644 = CARTESIAN_POINT('',(1.012523398458E-13,28.853337512149,
    10.906746540467));
#645 = VERTEX_POINT('',#646);
#646 = CARTESIAN_POINT('',(1.012523398458E-13,28.008416073099,
    12.71950900748));
#647 = CIRCLE('',#648,0.999999999997);
#648 = AXIS2_PLACEMENT_3D('',#649,#650,#651);
#649 = CARTESIAN_POINT('',(1.012523398458E-13,28.430876792624,
    11.813127773973));
#650 = DIRECTION('',(1.,-2.22044604925E-16,-4.930380657631E-32));
#651 = DIRECTION('',(-9.380512356354E-17,-0.422460719526,0.906381233509)
  );
#652 = ORIENTED_EDGE('',*,*,#653,.T.);
#653 = EDGE_CURVE('',#645,#654,#656,.T.);
#654 = VERTEX_POINT('',#655);
#655 = CARTESIAN_POINT('',(1.012523398458E-13,20.757366224128,
    9.339823260168));
#656 = LINE('',#657,#658);
#657 = CARTESIAN_POINT('',(1.012523398458E-13,28.008416073099,
    12.71950900748));
#658 = VECTOR('',#659,1.);
#659 = DIRECTION('',(-2.012570629059E-16,-0.906381233509,-0.422460719527
    ));
#660 = ORIENTED_EDGE('',*,*,#661,.T.);
#661 = EDGE_CURVE('',#654,#662,#664,.T.);
#662 = VERTEX_POINT('',#663);
#663 = CARTESIAN_POINT('',(1.012523398458E-13,21.602287644083,
    7.527060784249));
#664 = CIRCLE('',#665,1.);
#665 = AXIS2_PLACEMENT_3D('',#666,#667,#668);
#666 = CARTESIAN_POINT('',(1.012523398458E-13,21.179826924555,
    8.433442017757));
#667 = DIRECTION('',(1.,-2.22044604925E-16,-6.162975822039E-32));
#668 = DIRECTION('',(9.380512356392E-17,0.422460719528,-0.906381233508)
  );
#669 = ORIENTED_EDGE('',*,*,#670,.T.);
#670 = EDGE_CURVE('',#662,#643,#671,.T.);
#671 = LINE('',#672,#673);
#672 = CARTESIAN_POINT('',(1.012523398458E-13,28.853337512156,
    10.906746540462));
#673 = VECTOR('',#674,1.);
#674 = DIRECTION('',(2.01257062906E-16,0.906381233509,0.422460719526));
#675 = FACE_BOUND('',#676,.T.);
#676 = EDGE_LOOP('',(#677,#688,#696,#705));
#677 = ORIENTED_EDGE('',*,*,#678,.T.);
#678 = EDGE_CURVE('',#679,#681,#683,.T.);
#679 = VERTEX_POINT('',#680);
#680 = CARTESIAN_POINT('',(1.012523398458E-13,22.091445343379,
    25.407671141949));
#681 = VERTEX_POINT('',#682);
#682 = CARTESIAN_POINT('',(1.012523398458E-13,21.246523885228,
    27.220433600058));
#683 = CIRCLE('',#684,0.999999999997);
#684 = AXIS2_PLACEMENT_3D('',#685,#686,#687);
#685 = CARTESIAN_POINT('',(1.012523398458E-13,21.668984604753,
    26.314052366552));
#686 = DIRECTION('',(1.,-2.22044604925E-16,-4.930380657631E-32));
#687 = DIRECTION('',(-9.380512356361E-17,-0.422460719526,0.906381233509)
  );
#688 = ORIENTED_EDGE('',*,*,#689,.T.);
#689 = EDGE_CURVE('',#681,#690,#692,.T.);
#690 = VERTEX_POINT('',#691);
#691 = CARTESIAN_POINT('',(1.012523398458E-13,13.995474036256,
    23.840747852747));
#692 = LINE('',#693,#694);
#693 = CARTESIAN_POINT('',(1.012523398458E-13,21.246523885228,
    27.220433600058));
#694 = VECTOR('',#695,1.);
#695 = DIRECTION('',(-2.012570629059E-16,-0.906381233509,-0.422460719527
    ));
#696 = ORIENTED_EDGE('',*,*,#697,.T.);
#697 = EDGE_CURVE('',#690,#698,#700,.T.);
#698 = VERTEX_POINT('',#699);
#699 = CARTESIAN_POINT('',(1.012523398458E-13,14.840395456212,
    22.027985376828));
#700 = CIRCLE('',#701,1.);
#701 = AXIS2_PLACEMENT_3D('',#702,#703,#704);
#702 = CARTESIAN_POINT('',(1.012523398458E-13,14.417934736684,
    22.934366610336));
#703 = DIRECTION('',(1.,-2.22044604925E-16,-4.930380657631E-32));
#704 = DIRECTION('',(9.380512356396E-17,0.422460719528,-0.906381233508)
  );
#705 = ORIENTED_EDGE('',*,*,#706,.T.);
#706 = EDGE_CURVE('',#698,#679,#707,.T.);
#707 = LINE('',#708,#709);
#708 = CARTESIAN_POINT('',(1.012523398458E-13,22.091445324285,
    25.40767113304));
#709 = VECTOR('',#710,1.);
#710 = DIRECTION('',(2.01257062906E-16,0.906381233509,0.422460719526));
#711 = PLANE('',#712);
#712 = AXIS2_PLACEMENT_3D('',#713,#714,#715);
#713 = CARTESIAN_POINT('',(1.012523398458E-13,22.838981926274,
    20.800136858828));
#714 = DIRECTION('',(-1.,2.22044604925E-16,4.930380657631E-32));
#715 = DIRECTION('',(-2.22044604925E-16,-1.,-2.22044604925E-16));
#716 = ADVANCED_FACE('',(#717),#743,.T.);
#717 = FACE_BOUND('',#718,.T.);
#718 = EDGE_LOOP('',(#719,#730,#736,#737));
#719 = ORIENTED_EDGE('',*,*,#720,.T.);
#720 = EDGE_CURVE('',#721,#723,#725,.T.);
#721 = VERTEX_POINT('',#722);
#722 = CARTESIAN_POINT('',(3.,10.208880575582,35.5));
#723 = VERTEX_POINT('',#724);
#724 = CARTESIAN_POINT('',(3.,10.708880575582,35.));
#725 = CIRCLE('',#726,0.5);
#726 = AXIS2_PLACEMENT_3D('',#727,#728,#729);
#727 = CARTESIAN_POINT('',(3.,10.208880575582,35.));
#728 = DIRECTION('',(-1.,2.22044604925E-16,2.465190328816E-32));
#729 = DIRECTION('',(1.570092458684E-16,0.707106781187,0.707106781186));
#730 = ORIENTED_EDGE('',*,*,#731,.T.);
#731 = EDGE_CURVE('',#723,#104,#732,.T.);
#732 = LINE('',#733,#734);
#733 = CARTESIAN_POINT('',(3.,10.708880575582,35.));
#734 = VECTOR('',#735,1.);
#735 = DIRECTION('',(-1.,2.22044604925E-16,4.930380657631E-32));
#736 = ORIENTED_EDGE('',*,*,#103,.T.);
#737 = ORIENTED_EDGE('',*,*,#738,.T.);
#738 = EDGE_CURVE('',#96,#721,#739,.T.);
#739 = LINE('',#740,#741);
#740 = CARTESIAN_POINT('',(3.,10.208880575582,35.5));
#741 = VECTOR('',#742,1.);
#742 = DIRECTION('',(1.,-2.22044604925E-16,-4.930380657631E-32));
#743 = CYLINDRICAL_SURFACE('',#744,0.5);
#744 = AXIS2_PLACEMENT_3D('',#745,#746,#747);
#745 = CARTESIAN_POINT('',(3.,10.208880575582,35.));
#746 = DIRECTION('',(1.,-2.22044604925E-16,-4.930380657631E-32));
#747 = DIRECTION('',(1.570092458684E-16,0.707106781187,0.707106781186));
#748 = ADVANCED_FACE('',(#749),#767,.T.);
#749 = FACE_BOUND('',#750,.T.);
#750 = EDGE_LOOP('',(#751,#752,#760,#766));
#751 = ORIENTED_EDGE('',*,*,#731,.F.);
#752 = ORIENTED_EDGE('',*,*,#753,.F.);
#753 = EDGE_CURVE('',#754,#723,#756,.T.);
#754 = VERTEX_POINT('',#755);
#755 = CARTESIAN_POINT('',(3.,10.708880575581,33.));
#756 = LINE('',#757,#758);
#757 = CARTESIAN_POINT('',(3.,10.708880575582,33.));
#758 = VECTOR('',#759,1.);
#759 = DIRECTION('',(4.207258161179E-29,1.892560182644E-13,1.));
#760 = ORIENTED_EDGE('',*,*,#761,.T.);
#761 = EDGE_CURVE('',#754,#113,#762,.T.);
#762 = LINE('',#763,#764);
#763 = CARTESIAN_POINT('',(3.,10.708880575581,33.));
#764 = VECTOR('',#765,1.);
#765 = DIRECTION('',(-1.,2.22044604925E-16,4.930380657631E-32));
#766 = ORIENTED_EDGE('',*,*,#112,.F.);
#767 = PLANE('',#768);
#768 = AXIS2_PLACEMENT_3D('',#769,#770,#771);
#769 = CARTESIAN_POINT('',(3.,10.708880575582,34.5));
#770 = DIRECTION('',(2.22044604925E-16,1.,-1.892560182644E-13));
#771 = DIRECTION('',(-4.207258161179E-29,-1.892560182644E-13,-1.));
#772 = ADVANCED_FACE('',(#773),#784,.T.);
#773 = FACE_BOUND('',#774,.T.);
#774 = EDGE_LOOP('',(#775,#776,#782,#783));
#775 = ORIENTED_EDGE('',*,*,#32,.F.);
#776 = ORIENTED_EDGE('',*,*,#777,.F.);
#777 = EDGE_CURVE('',#721,#24,#778,.T.);
#778 = LINE('',#779,#780);
#779 = CARTESIAN_POINT('',(3.,14.048939696234,35.5));
#780 = VECTOR('',#781,1.);
#781 = DIRECTION('',(-2.22044604925E-16,-1.,-2.22044604925E-16));
#782 = ORIENTED_EDGE('',*,*,#738,.F.);
#783 = ORIENTED_EDGE('',*,*,#95,.T.);
#784 = PLANE('',#785);
#785 = AXIS2_PLACEMENT_3D('',#786,#787,#788);
#786 = CARTESIAN_POINT('',(3.,5.258897466193,35.5));
#787 = DIRECTION('',(0.,-2.22044604925E-16,1.));
#788 = DIRECTION('',(2.22044604925E-16,1.,2.22044604925E-16));
#789 = ADVANCED_FACE('',(#790),#824,.F.);
#790 = FACE_BOUND('',#791,.T.);
#791 = EDGE_LOOP('',(#792,#802,#810,#818));
#792 = ORIENTED_EDGE('',*,*,#793,.F.);
#793 = EDGE_CURVE('',#794,#796,#798,.T.);
#794 = VERTEX_POINT('',#795);
#795 = CARTESIAN_POINT('',(3.,43.121172433378,13.788241209854));
#796 = VERTEX_POINT('',#797);
#797 = CARTESIAN_POINT('',(3.,40.402249072272,12.520386424633));
#798 = LINE('',#799,#800);
#799 = CARTESIAN_POINT('',(3.,36.134195542194,10.530160378141));
#800 = VECTOR('',#801,1.);
#801 = DIRECTION('',(-2.01240754513E-16,-0.906307787037,-0.422618261741)
  );
#802 = ORIENTED_EDGE('',*,*,#803,.F.);
#803 = EDGE_CURVE('',#804,#794,#806,.T.);
#804 = VERTEX_POINT('',#805);
#805 = CARTESIAN_POINT('',(1.8,43.121172433378,13.788241209854));
#806 = LINE('',#807,#808);
#807 = CARTESIAN_POINT('',(3.,43.12117243338,13.788241209855));
#808 = VECTOR('',#809,1.);
#809 = DIRECTION('',(1.,-2.22044604925E-16,-4.930380657631E-32));
#810 = ORIENTED_EDGE('',*,*,#811,.T.);
#811 = EDGE_CURVE('',#804,#812,#814,.T.);
#812 = VERTEX_POINT('',#813);
#813 = CARTESIAN_POINT('',(1.8,40.402249072272,12.520386424633));
#814 = LINE('',#815,#816);
#815 = CARTESIAN_POINT('',(1.8,40.402249072272,12.520386424633));
#816 = VECTOR('',#817,1.);
#817 = DIRECTION('',(-2.01240754513E-16,-0.906307787037,-0.422618261741)
  );
#818 = ORIENTED_EDGE('',*,*,#819,.F.);
#819 = EDGE_CURVE('',#796,#812,#820,.T.);
#820 = LINE('',#821,#822);
#821 = CARTESIAN_POINT('',(3.,40.402249072272,12.520386424633));
#822 = VECTOR('',#823,1.);
#823 = DIRECTION('',(-1.,2.22044604925E-16,4.930380657631E-32));
#824 = PLANE('',#825);
#825 = AXIS2_PLACEMENT_3D('',#826,#827,#828);
#826 = CARTESIAN_POINT('',(3.,43.121172433378,13.788241209854));
#827 = DIRECTION('',(9.384010496237E-17,0.422618261741,-0.906307787037)
  );
#828 = DIRECTION('',(-2.01240754513E-16,-0.906307787037,-0.422618261741)
  );
#829 = ADVANCED_FACE('',(#830),#864,.F.);
#830 = FACE_BOUND('',#831,.T.);
#831 = EDGE_LOOP('',(#832,#842,#850,#858));
#832 = ORIENTED_EDGE('',*,*,#833,.F.);
#833 = EDGE_CURVE('',#834,#836,#838,.T.);
#834 = VERTEX_POINT('',#835);
#835 = CARTESIAN_POINT('',(3.,30.085287691546,34.645181504232));
#836 = VERTEX_POINT('',#837);
#837 = CARTESIAN_POINT('',(3.,32.804211052656,35.913036289456));
#838 = LINE('',#839,#840);
#839 = CARTESIAN_POINT('',(3.,24.457772480912,32.021028065128));
#840 = VECTOR('',#841,1.);
#841 = DIRECTION('',(2.01240754513E-16,0.906307787037,0.422618261741));
#842 = ORIENTED_EDGE('',*,*,#843,.T.);
#843 = EDGE_CURVE('',#834,#844,#846,.T.);
#844 = VERTEX_POINT('',#845);
#845 = CARTESIAN_POINT('',(1.8,30.085287691546,34.645181504232));
#846 = LINE('',#847,#848);
#847 = CARTESIAN_POINT('',(3.,30.085287691546,34.645181504232));
#848 = VECTOR('',#849,1.);
#849 = DIRECTION('',(-1.,2.22044604925E-16,4.930380657631E-32));
#850 = ORIENTED_EDGE('',*,*,#851,.T.);
#851 = EDGE_CURVE('',#844,#852,#854,.T.);
#852 = VERTEX_POINT('',#853);
#853 = CARTESIAN_POINT('',(1.8,32.804211052656,35.913036289456));
#854 = LINE('',#855,#856);
#855 = CARTESIAN_POINT('',(1.8,30.085287691546,34.645181504232));
#856 = VECTOR('',#857,1.);
#857 = DIRECTION('',(2.01240754513E-16,0.906307787037,0.422618261741));
#858 = ORIENTED_EDGE('',*,*,#859,.F.);
#859 = EDGE_CURVE('',#836,#852,#860,.T.);
#860 = LINE('',#861,#862);
#861 = CARTESIAN_POINT('',(3.,32.804211052653,35.913036289454));
#862 = VECTOR('',#863,1.);
#863 = DIRECTION('',(-1.,2.22044604925E-16,4.930380657631E-32));
#864 = PLANE('',#865);
#865 = AXIS2_PLACEMENT_3D('',#866,#867,#868);
#866 = CARTESIAN_POINT('',(3.,30.085287691546,34.645181504233));
#867 = DIRECTION('',(-9.384010496238E-17,-0.422618261741,0.906307787037)
  );
#868 = DIRECTION('',(2.01240754513E-16,0.906307787037,0.422618261741));
#869 = ADVANCED_FACE('',(#870),#897,.F.);
#870 = FACE_BOUND('',#871,.F.);
#871 = EDGE_LOOP('',(#872,#873,#882,#890));
#872 = ORIENTED_EDGE('',*,*,#843,.T.);
#873 = ORIENTED_EDGE('',*,*,#874,.F.);
#874 = EDGE_CURVE('',#875,#844,#877,.T.);
#875 = VERTEX_POINT('',#876);
#876 = CARTESIAN_POINT('',(1.8,29.117908640955,31.987329406678));
#877 = CIRCLE('',#878,1.999999999999);
#878 = AXIS2_PLACEMENT_3D('',#879,#880,#881);
#879 = CARTESIAN_POINT('',(1.8,30.930524215027,32.832565930159));
#880 = DIRECTION('',(-1.,2.22044604925E-16,4.930380657631E-32));
#881 = DIRECTION('',(-2.01240754513E-16,-0.906307787037,-0.422618261741)
  );
#882 = ORIENTED_EDGE('',*,*,#883,.F.);
#883 = EDGE_CURVE('',#884,#875,#886,.T.);
#884 = VERTEX_POINT('',#885);
#885 = CARTESIAN_POINT('',(3.,29.117908640955,31.987329406678));
#886 = LINE('',#887,#888);
#887 = CARTESIAN_POINT('',(3.,29.117908640955,31.987329406678));
#888 = VECTOR('',#889,1.);
#889 = DIRECTION('',(-1.,2.22044604925E-16,4.930380657631E-32));
#890 = ORIENTED_EDGE('',*,*,#891,.T.);
#891 = EDGE_CURVE('',#884,#834,#892,.T.);
#892 = CIRCLE('',#893,1.999999999999);
#893 = AXIS2_PLACEMENT_3D('',#894,#895,#896);
#894 = CARTESIAN_POINT('',(3.,30.930524215027,32.832565930159));
#895 = DIRECTION('',(-1.,2.22044604925E-16,4.930380657631E-32));
#896 = DIRECTION('',(-2.01240754513E-16,-0.906307787037,-0.422618261741)
  );
#897 = CYLINDRICAL_SURFACE('',#898,1.999999999999);
#898 = AXIS2_PLACEMENT_3D('',#899,#900,#901);
#899 = CARTESIAN_POINT('',(3.,30.930524215027,32.832565930159));
#900 = DIRECTION('',(-1.,2.22044604925E-16,4.930380657631E-32));
#901 = DIRECTION('',(-2.01240754513E-16,-0.906307787037,-0.422618261741)
  );
#902 = ADVANCED_FACE('',(#903),#928,.F.);
#903 = FACE_BOUND('',#904,.T.);
#904 = EDGE_LOOP('',(#905,#913,#921,#927));
#905 = ORIENTED_EDGE('',*,*,#906,.F.);
#906 = EDGE_CURVE('',#907,#884,#909,.T.);
#907 = VERTEX_POINT('',#908);
#908 = CARTESIAN_POINT('',(3.,37.744396974718,13.487765475226));
#909 = LINE('',#910,#911);
#910 = CARTESIAN_POINT('',(3.,35.012896874092,19.345486344387));
#911 = VECTOR('',#912,1.);
#912 = DIRECTION('',(-9.384010496227E-17,-0.422618261741,0.906307787037)
  );
#913 = ORIENTED_EDGE('',*,*,#914,.T.);
#914 = EDGE_CURVE('',#907,#915,#917,.T.);
#915 = VERTEX_POINT('',#916);
#916 = CARTESIAN_POINT('',(1.8,37.744396974718,13.487765475226));
#917 = LINE('',#918,#919);
#918 = CARTESIAN_POINT('',(3.,37.744396974718,13.487765475226));
#919 = VECTOR('',#920,1.);
#920 = DIRECTION('',(-1.,2.22044604925E-16,4.930380657631E-32));
#921 = ORIENTED_EDGE('',*,*,#922,.T.);
#922 = EDGE_CURVE('',#915,#875,#923,.T.);
#923 = LINE('',#924,#925);
#924 = CARTESIAN_POINT('',(1.8,37.744396974715,13.487765475224));
#925 = VECTOR('',#926,1.);
#926 = DIRECTION('',(-9.384010496227E-17,-0.422618261741,0.906307787037)
  );
#927 = ORIENTED_EDGE('',*,*,#883,.F.);
#928 = PLANE('',#929);
#929 = AXIS2_PLACEMENT_3D('',#930,#931,#932);
#930 = CARTESIAN_POINT('',(3.,37.744396974715,13.487765475224));
#931 = DIRECTION('',(-2.012407545131E-16,-0.906307787037,-0.422618261741
    ));
#932 = DIRECTION('',(-9.384010496227E-17,-0.422618261741,0.906307787037)
  );
#933 = ADVANCED_FACE('',(#934),#952,.F.);
#934 = FACE_BOUND('',#935,.F.);
#935 = EDGE_LOOP('',(#936,#937,#944,#945));
#936 = ORIENTED_EDGE('',*,*,#914,.T.);
#937 = ORIENTED_EDGE('',*,*,#938,.F.);
#938 = EDGE_CURVE('',#812,#915,#939,.T.);
#939 = CIRCLE('',#940,1.999999999999);
#940 = AXIS2_PLACEMENT_3D('',#941,#942,#943);
#941 = CARTESIAN_POINT('',(1.8,39.557012548791,14.333001998706));
#942 = DIRECTION('',(-1.,2.22044604925E-16,4.930380657631E-32));
#943 = DIRECTION('',(9.384010496235E-17,0.422618261741,-0.906307787037)
  );
#944 = ORIENTED_EDGE('',*,*,#819,.F.);
#945 = ORIENTED_EDGE('',*,*,#946,.T.);
#946 = EDGE_CURVE('',#796,#907,#947,.T.);
#947 = CIRCLE('',#948,1.999999999999);
#948 = AXIS2_PLACEMENT_3D('',#949,#950,#951);
#949 = CARTESIAN_POINT('',(3.,39.557012548791,14.333001998706));
#950 = DIRECTION('',(-1.,2.22044604925E-16,4.930380657631E-32));
#951 = DIRECTION('',(9.384010496235E-17,0.422618261741,-0.906307787037)
  );
#952 = CYLINDRICAL_SURFACE('',#953,1.999999999999);
#953 = AXIS2_PLACEMENT_3D('',#954,#955,#956);
#954 = CARTESIAN_POINT('',(3.,39.557012548791,14.333001998706));
#955 = DIRECTION('',(-1.,2.22044604925E-16,4.930380657631E-32));
#956 = DIRECTION('',(9.384010496235E-17,0.422618261741,-0.906307787037)
  );
#957 = ADVANCED_FACE('',(#958),#971,.F.);
#958 = FACE_BOUND('',#959,.T.);
#959 = EDGE_LOOP('',(#960,#961,#962,#968,#969,#970));
#960 = ORIENTED_EDGE('',*,*,#938,.F.);
#961 = ORIENTED_EDGE('',*,*,#811,.F.);
#962 = ORIENTED_EDGE('',*,*,#963,.F.);
#963 = EDGE_CURVE('',#852,#804,#964,.T.);
#964 = LINE('',#965,#966);
#965 = CARTESIAN_POINT('',(1.8,34.29306886287,32.720170411789));
#966 = VECTOR('',#967,1.);
#967 = DIRECTION('',(9.384010496232E-17,0.422618261741,-0.906307787037)
  );
#968 = ORIENTED_EDGE('',*,*,#851,.F.);
#969 = ORIENTED_EDGE('',*,*,#874,.F.);
#970 = ORIENTED_EDGE('',*,*,#922,.F.);
#971 = PLANE('',#972);
#972 = AXIS2_PLACEMENT_3D('',#973,#974,#975);
#973 = CARTESIAN_POINT('',(1.8,36.025848324204,24.123019144081));
#974 = DIRECTION('',(-1.,2.22044604925E-16,4.930380657631E-32));
#975 = DIRECTION('',(-2.22044604925E-16,-1.,-2.22044604925E-16));
#976 = ADVANCED_FACE('',(#977),#1011,.T.);
#977 = FACE_BOUND('',#978,.T.);
#978 = EDGE_LOOP('',(#979,#980,#981,#982,#990,#996,#997,#1005));
#979 = ORIENTED_EDGE('',*,*,#859,.T.);
#980 = ORIENTED_EDGE('',*,*,#963,.T.);
#981 = ORIENTED_EDGE('',*,*,#803,.T.);
#982 = ORIENTED_EDGE('',*,*,#983,.F.);
#983 = EDGE_CURVE('',#984,#794,#986,.T.);
#984 = VERTEX_POINT('',#985);
#985 = CARTESIAN_POINT('',(3.,45.490579426622,8.707031515344));
#986 = LINE('',#987,#988);
#987 = CARTESIAN_POINT('',(3.,45.490579426622,8.707031515344));
#988 = VECTOR('',#989,1.);
#989 = DIRECTION('',(-9.384010496232E-17,-0.422618261741,0.906307787037)
  );
#990 = ORIENTED_EDGE('',*,*,#991,.T.);
#991 = EDGE_CURVE('',#984,#181,#992,.T.);
#992 = LINE('',#993,#994);
#993 = CARTESIAN_POINT('',(3.,45.490579426622,8.707031515344));
#994 = VECTOR('',#995,1.);
#995 = DIRECTION('',(-1.,2.22044604925E-16,4.930380657631E-32));
#996 = ORIENTED_EDGE('',*,*,#180,.F.);
#997 = ORIENTED_EDGE('',*,*,#998,.F.);
#998 = EDGE_CURVE('',#999,#172,#1001,.T.);
#999 = VERTEX_POINT('',#1000);
#1000 = CARTESIAN_POINT('',(3.,30.690683738597,40.445510241138));
#1001 = LINE('',#1002,#1003);
#1002 = CARTESIAN_POINT('',(3.,30.690683738597,40.445510241138));
#1003 = VECTOR('',#1004,1.);
#1004 = DIRECTION('',(-1.,2.22044604925E-16,4.930380657631E-32));
#1005 = ORIENTED_EDGE('',*,*,#1006,.F.);
#1006 = EDGE_CURVE('',#836,#999,#1007,.T.);
#1007 = LINE('',#1008,#1009);
#1008 = CARTESIAN_POINT('',(3.,45.490579426622,8.707031515344));
#1009 = VECTOR('',#1010,1.);
#1010 = DIRECTION('',(-9.384010496232E-17,-0.422618261741,0.906307787037
    ));
#1011 = PLANE('',#1012);
#1012 = AXIS2_PLACEMENT_3D('',#1013,#1014,#1015);
#1013 = CARTESIAN_POINT('',(3.,30.690683738595,40.445510241137));
#1014 = DIRECTION('',(2.01240754513E-16,0.906307787037,0.422618261741));
#1015 = DIRECTION('',(9.384010496232E-17,0.422618261741,-0.906307787037)
  );
#1016 = ADVANCED_FACE('',(#1017),#1042,.T.);
#1017 = FACE_BOUND('',#1018,.T.);
#1018 = EDGE_LOOP('',(#1019,#1029,#1035,#1036));
#1019 = ORIENTED_EDGE('',*,*,#1020,.T.);
#1020 = EDGE_CURVE('',#1021,#1023,#1025,.T.);
#1021 = VERTEX_POINT('',#1022);
#1022 = CARTESIAN_POINT('',(3.,14.840395456212,22.027985376828));
#1023 = VERTEX_POINT('',#1024);
#1024 = CARTESIAN_POINT('',(3.,22.091445343379,25.407671141949));
#1025 = LINE('',#1026,#1027);
#1026 = CARTESIAN_POINT('',(3.,22.091445324285,25.40767113304));
#1027 = VECTOR('',#1028,1.);
#1028 = DIRECTION('',(2.01257062906E-16,0.906381233509,0.422460719526));
#1029 = ORIENTED_EDGE('',*,*,#1030,.T.);
#1030 = EDGE_CURVE('',#1023,#679,#1031,.T.);
#1031 = LINE('',#1032,#1033);
#1032 = CARTESIAN_POINT('',(3.,22.091445343379,25.407671141949));
#1033 = VECTOR('',#1034,1.);
#1034 = DIRECTION('',(-1.,2.22044604925E-16,4.930380657631E-32));
#1035 = ORIENTED_EDGE('',*,*,#706,.F.);
#1036 = ORIENTED_EDGE('',*,*,#1037,.F.);
#1037 = EDGE_CURVE('',#1021,#698,#1038,.T.);
#1038 = LINE('',#1039,#1040);
#1039 = CARTESIAN_POINT('',(3.,14.840395456212,22.027985376828));
#1040 = VECTOR('',#1041,1.);
#1041 = DIRECTION('',(-1.,2.22044604925E-16,4.930380657631E-32));
#1042 = PLANE('',#1043);
#1043 = AXIS2_PLACEMENT_3D('',#1044,#1045,#1046);
#1044 = CARTESIAN_POINT('',(3.,14.840395456212,22.027985376828));
#1045 = DIRECTION('',(-9.38051235636E-17,-0.422460719526,0.906381233509)
  );
#1046 = DIRECTION('',(2.01257062906E-16,0.906381233509,0.422460719526));
#1047 = ADVANCED_FACE('',(#1048),#1067,.F.);
#1048 = FACE_BOUND('',#1049,.F.);
#1049 = EDGE_LOOP('',(#1050,#1058,#1059,#1060));
#1050 = ORIENTED_EDGE('',*,*,#1051,.T.);
#1051 = EDGE_CURVE('',#1052,#690,#1054,.T.);
#1052 = VERTEX_POINT('',#1053);
#1053 = CARTESIAN_POINT('',(3.,13.995474036256,23.840747852747));
#1054 = LINE('',#1055,#1056);
#1055 = CARTESIAN_POINT('',(3.,13.995474036256,23.840747852747));
#1056 = VECTOR('',#1057,1.);
#1057 = DIRECTION('',(-1.,2.22044604925E-16,4.930380657631E-32));
#1058 = ORIENTED_EDGE('',*,*,#697,.T.);
#1059 = ORIENTED_EDGE('',*,*,#1037,.F.);
#1060 = ORIENTED_EDGE('',*,*,#1061,.F.);
#1061 = EDGE_CURVE('',#1052,#1021,#1062,.T.);
#1062 = CIRCLE('',#1063,1.);
#1063 = AXIS2_PLACEMENT_3D('',#1064,#1065,#1066);
#1064 = CARTESIAN_POINT('',(3.,14.417934736684,22.934366610336));
#1065 = DIRECTION('',(1.,-2.22044604925E-16,-4.930380657631E-32));
#1066 = DIRECTION('',(9.380512356396E-17,0.422460719528,-0.906381233508)
  );
#1067 = CYLINDRICAL_SURFACE('',#1068,1.);
#1068 = AXIS2_PLACEMENT_3D('',#1069,#1070,#1071);
#1069 = CARTESIAN_POINT('',(3.,14.417934736684,22.934366610336));
#1070 = DIRECTION('',(-1.,2.22044604925E-16,4.930380657631E-32));
#1071 = DIRECTION('',(9.380512356396E-17,0.422460719528,-0.906381233508)
  );
#1072 = ADVANCED_FACE('',(#1073),#1091,.T.);
#1073 = FACE_BOUND('',#1074,.T.);
#1074 = EDGE_LOOP('',(#1075,#1083,#1084,#1085));
#1075 = ORIENTED_EDGE('',*,*,#1076,.T.);
#1076 = EDGE_CURVE('',#1077,#1052,#1079,.T.);
#1077 = VERTEX_POINT('',#1078);
#1078 = CARTESIAN_POINT('',(3.,21.246523885228,27.220433600058));
#1079 = LINE('',#1080,#1081);
#1080 = CARTESIAN_POINT('',(3.,21.246523885228,27.220433600058));
#1081 = VECTOR('',#1082,1.);
#1082 = DIRECTION('',(-2.012570629059E-16,-0.906381233509,
    -0.422460719527));
#1083 = ORIENTED_EDGE('',*,*,#1051,.T.);
#1084 = ORIENTED_EDGE('',*,*,#689,.F.);
#1085 = ORIENTED_EDGE('',*,*,#1086,.F.);
#1086 = EDGE_CURVE('',#1077,#681,#1087,.T.);
#1087 = LINE('',#1088,#1089);
#1088 = CARTESIAN_POINT('',(3.,21.246523885228,27.220433600058));
#1089 = VECTOR('',#1090,1.);
#1090 = DIRECTION('',(-1.,2.22044604925E-16,4.930380657631E-32));
#1091 = PLANE('',#1092);
#1092 = AXIS2_PLACEMENT_3D('',#1093,#1094,#1095);
#1093 = CARTESIAN_POINT('',(3.,21.246523885228,27.220433600058));
#1094 = DIRECTION('',(9.380512356368E-17,0.422460719527,-0.906381233509)
  );
#1095 = DIRECTION('',(-2.012570629059E-16,-0.906381233509,
    -0.422460719527));
#1096 = ADVANCED_FACE('',(#1097),#1109,.F.);
#1097 = FACE_BOUND('',#1098,.F.);
#1098 = EDGE_LOOP('',(#1099,#1100,#1101,#1102));
#1099 = ORIENTED_EDGE('',*,*,#1030,.T.);
#1100 = ORIENTED_EDGE('',*,*,#678,.T.);
#1101 = ORIENTED_EDGE('',*,*,#1086,.F.);
#1102 = ORIENTED_EDGE('',*,*,#1103,.F.);
#1103 = EDGE_CURVE('',#1023,#1077,#1104,.T.);
#1104 = CIRCLE('',#1105,0.999999999997);
#1105 = AXIS2_PLACEMENT_3D('',#1106,#1107,#1108);
#1106 = CARTESIAN_POINT('',(3.,21.668984604753,26.314052366552));
#1107 = DIRECTION('',(1.,-2.22044604925E-16,-4.930380657631E-32));
#1108 = DIRECTION('',(-9.380512356361E-17,-0.422460719526,0.906381233509
    ));
#1109 = CYLINDRICAL_SURFACE('',#1110,0.999999999997);
#1110 = AXIS2_PLACEMENT_3D('',#1111,#1112,#1113);
#1111 = CARTESIAN_POINT('',(3.,21.668984604753,26.314052366552));
#1112 = DIRECTION('',(-1.,2.22044604925E-16,4.930380657631E-32));
#1113 = DIRECTION('',(-9.380512356361E-17,-0.422460719526,0.906381233509
    ));
#1114 = ADVANCED_FACE('',(#1115),#1140,.T.);
#1115 = FACE_BOUND('',#1116,.T.);
#1116 = EDGE_LOOP('',(#1117,#1127,#1133,#1134));
#1117 = ORIENTED_EDGE('',*,*,#1118,.T.);
#1118 = EDGE_CURVE('',#1119,#1121,#1123,.T.);
#1119 = VERTEX_POINT('',#1120);
#1120 = CARTESIAN_POINT('',(3.,21.602287644083,7.527060784249));
#1121 = VERTEX_POINT('',#1122);
#1122 = CARTESIAN_POINT('',(3.,28.853337512149,10.906746540467));
#1123 = LINE('',#1124,#1125);
#1124 = CARTESIAN_POINT('',(3.,28.853337512156,10.906746540462));
#1125 = VECTOR('',#1126,1.);
#1126 = DIRECTION('',(2.01257062906E-16,0.906381233509,0.422460719526));
#1127 = ORIENTED_EDGE('',*,*,#1128,.T.);
#1128 = EDGE_CURVE('',#1121,#643,#1129,.T.);
#1129 = LINE('',#1130,#1131);
#1130 = CARTESIAN_POINT('',(3.,28.853337512149,10.906746540467));
#1131 = VECTOR('',#1132,1.);
#1132 = DIRECTION('',(-1.,2.22044604925E-16,4.930380657631E-32));
#1133 = ORIENTED_EDGE('',*,*,#670,.F.);
#1134 = ORIENTED_EDGE('',*,*,#1135,.F.);
#1135 = EDGE_CURVE('',#1119,#662,#1136,.T.);
#1136 = LINE('',#1137,#1138);
#1137 = CARTESIAN_POINT('',(3.,21.602287644083,7.527060784249));
#1138 = VECTOR('',#1139,1.);
#1139 = DIRECTION('',(-1.,2.22044604925E-16,4.930380657631E-32));
#1140 = PLANE('',#1141);
#1141 = AXIS2_PLACEMENT_3D('',#1142,#1143,#1144);
#1142 = CARTESIAN_POINT('',(3.,21.602287644083,7.527060784249));
#1143 = DIRECTION('',(-9.38051235636E-17,-0.422460719526,0.906381233509)
  );
#1144 = DIRECTION('',(2.01257062906E-16,0.906381233509,0.422460719526));
#1145 = ADVANCED_FACE('',(#1146),#1165,.F.);
#1146 = FACE_BOUND('',#1147,.F.);
#1147 = EDGE_LOOP('',(#1148,#1156,#1157,#1158));
#1148 = ORIENTED_EDGE('',*,*,#1149,.T.);
#1149 = EDGE_CURVE('',#1150,#654,#1152,.T.);
#1150 = VERTEX_POINT('',#1151);
#1151 = CARTESIAN_POINT('',(3.,20.757366224128,9.339823260168));
#1152 = LINE('',#1153,#1154);
#1153 = CARTESIAN_POINT('',(3.,20.757366224128,9.339823260168));
#1154 = VECTOR('',#1155,1.);
#1155 = DIRECTION('',(-1.,2.22044604925E-16,4.930380657631E-32));
#1156 = ORIENTED_EDGE('',*,*,#661,.T.);
#1157 = ORIENTED_EDGE('',*,*,#1135,.F.);
#1158 = ORIENTED_EDGE('',*,*,#1159,.F.);
#1159 = EDGE_CURVE('',#1150,#1119,#1160,.T.);
#1160 = CIRCLE('',#1161,1.);
#1161 = AXIS2_PLACEMENT_3D('',#1162,#1163,#1164);
#1162 = CARTESIAN_POINT('',(3.,21.179826924555,8.433442017757));
#1163 = DIRECTION('',(1.,-2.22044604925E-16,-6.162975822039E-32));
#1164 = DIRECTION('',(9.380512356392E-17,0.422460719528,-0.906381233508)
  );
#1165 = CYLINDRICAL_SURFACE('',#1166,1.);
#1166 = AXIS2_PLACEMENT_3D('',#1167,#1168,#1169);
#1167 = CARTESIAN_POINT('',(3.,21.179826924555,8.433442017757));
#1168 = DIRECTION('',(-1.,2.22044604925E-16,4.930380657631E-32));
#1169 = DIRECTION('',(9.380512356392E-17,0.422460719528,-0.906381233508)
  );
#1170 = ADVANCED_FACE('',(#1171),#1189,.T.);
#1171 = FACE_BOUND('',#1172,.T.);
#1172 = EDGE_LOOP('',(#1173,#1181,#1182,#1183));
#1173 = ORIENTED_EDGE('',*,*,#1174,.T.);
#1174 = EDGE_CURVE('',#1175,#1150,#1177,.T.);
#1175 = VERTEX_POINT('',#1176);
#1176 = CARTESIAN_POINT('',(3.,28.008416073099,12.71950900748));
#1177 = LINE('',#1178,#1179);
#1178 = CARTESIAN_POINT('',(3.,28.008416073099,12.71950900748));
#1179 = VECTOR('',#1180,1.);
#1180 = DIRECTION('',(-2.012570629059E-16,-0.906381233509,
    -0.422460719527));
#1181 = ORIENTED_EDGE('',*,*,#1149,.T.);
#1182 = ORIENTED_EDGE('',*,*,#653,.F.);
#1183 = ORIENTED_EDGE('',*,*,#1184,.F.);
#1184 = EDGE_CURVE('',#1175,#645,#1185,.T.);
#1185 = LINE('',#1186,#1187);
#1186 = CARTESIAN_POINT('',(3.,28.008416073099,12.71950900748));
#1187 = VECTOR('',#1188,1.);
#1188 = DIRECTION('',(-1.,2.22044604925E-16,4.930380657631E-32));
#1189 = PLANE('',#1190);
#1190 = AXIS2_PLACEMENT_3D('',#1191,#1192,#1193);
#1191 = CARTESIAN_POINT('',(3.,28.008416073099,12.71950900748));
#1192 = DIRECTION('',(9.380512356369E-17,0.422460719527,-0.906381233509)
  );
#1193 = DIRECTION('',(-2.012570629059E-16,-0.906381233509,
    -0.422460719527));
#1194 = ADVANCED_FACE('',(#1195),#1207,.F.);
#1195 = FACE_BOUND('',#1196,.F.);
#1196 = EDGE_LOOP('',(#1197,#1198,#1199,#1200));
#1197 = ORIENTED_EDGE('',*,*,#1128,.T.);
#1198 = ORIENTED_EDGE('',*,*,#642,.T.);
#1199 = ORIENTED_EDGE('',*,*,#1184,.F.);
#1200 = ORIENTED_EDGE('',*,*,#1201,.F.);
#1201 = EDGE_CURVE('',#1121,#1175,#1202,.T.);
#1202 = CIRCLE('',#1203,0.999999999997);
#1203 = AXIS2_PLACEMENT_3D('',#1204,#1205,#1206);
#1204 = CARTESIAN_POINT('',(3.,28.430876792624,11.813127773973));
#1205 = DIRECTION('',(1.,-2.22044604925E-16,-4.930380657631E-32));
#1206 = DIRECTION('',(-9.380512356354E-17,-0.422460719526,0.906381233509
    ));
#1207 = CYLINDRICAL_SURFACE('',#1208,0.999999999997);
#1208 = AXIS2_PLACEMENT_3D('',#1209,#1210,#1211);
#1209 = CARTESIAN_POINT('',(3.,28.430876792624,11.813127773973));
#1210 = DIRECTION('',(-1.,2.22044604925E-16,4.930380657631E-32));
#1211 = DIRECTION('',(-9.380512356354E-17,-0.422460719526,0.906381233509
    ));
#1212 = ADVANCED_FACE('',(#1213),#1238,.T.);
#1213 = FACE_BOUND('',#1214,.T.);
#1214 = EDGE_LOOP('',(#1215,#1225,#1231,#1232));
#1215 = ORIENTED_EDGE('',*,*,#1216,.T.);
#1216 = EDGE_CURVE('',#1217,#1219,#1221,.T.);
#1217 = VERTEX_POINT('',#1218);
#1218 = CARTESIAN_POINT('',(3.,25.326733484108,14.64896821591));
#1219 = VERTEX_POINT('',#1220);
#1220 = CARTESIAN_POINT('',(3.,32.577783352173,18.028653972129));
#1221 = LINE('',#1222,#1223);
#1222 = CARTESIAN_POINT('',(3.,32.57778335218,18.028653972124));
#1223 = VECTOR('',#1224,1.);
#1224 = DIRECTION('',(2.012570629059E-16,0.906381233509,0.422460719527)
  );
#1225 = ORIENTED_EDGE('',*,*,#1226,.T.);
#1226 = EDGE_CURVE('',#1219,#607,#1227,.T.);
#1227 = LINE('',#1228,#1229);
#1228 = CARTESIAN_POINT('',(3.,32.577783352173,18.028653972129));
#1229 = VECTOR('',#1230,1.);
#1230 = DIRECTION('',(-1.,2.22044604925E-16,4.930380657631E-32));
#1231 = ORIENTED_EDGE('',*,*,#634,.F.);
#1232 = ORIENTED_EDGE('',*,*,#1233,.F.);
#1233 = EDGE_CURVE('',#1217,#626,#1234,.T.);
#1234 = LINE('',#1235,#1236);
#1235 = CARTESIAN_POINT('',(3.,25.326733484108,14.64896821591));
#1236 = VECTOR('',#1237,1.);
#1237 = DIRECTION('',(-1.,2.22044604925E-16,4.930380657631E-32));
#1238 = PLANE('',#1239);
#1239 = AXIS2_PLACEMENT_3D('',#1240,#1241,#1242);
#1240 = CARTESIAN_POINT('',(3.,25.326733484108,14.64896821591));
#1241 = DIRECTION('',(-9.380512356364E-17,-0.422460719527,0.906381233509
    ));
#1242 = DIRECTION('',(2.012570629059E-16,0.906381233509,0.422460719527)
  );
#1243 = ADVANCED_FACE('',(#1244),#1263,.F.);
#1244 = FACE_BOUND('',#1245,.F.);
#1245 = EDGE_LOOP('',(#1246,#1254,#1255,#1256));
#1246 = ORIENTED_EDGE('',*,*,#1247,.T.);
#1247 = EDGE_CURVE('',#1248,#618,#1250,.T.);
#1248 = VERTEX_POINT('',#1249);
#1249 = CARTESIAN_POINT('',(3.,24.481812045052,16.461730682926));
#1250 = LINE('',#1251,#1252);
#1251 = CARTESIAN_POINT('',(3.,24.481812045052,16.461730682926));
#1252 = VECTOR('',#1253,1.);
#1253 = DIRECTION('',(-1.,2.22044604925E-16,4.930380657631E-32));
#1254 = ORIENTED_EDGE('',*,*,#625,.T.);
#1255 = ORIENTED_EDGE('',*,*,#1233,.F.);
#1256 = ORIENTED_EDGE('',*,*,#1257,.F.);
#1257 = EDGE_CURVE('',#1248,#1217,#1258,.T.);
#1258 = CIRCLE('',#1259,1.);
#1259 = AXIS2_PLACEMENT_3D('',#1260,#1261,#1262);
#1260 = CARTESIAN_POINT('',(3.,24.90427276458,15.555349449418));
#1261 = DIRECTION('',(1.,-2.22044604925E-16,-6.162975822039E-32));
#1262 = DIRECTION('',(9.380512356391E-17,0.422460719528,-0.906381233508)
  );
#1263 = CYLINDRICAL_SURFACE('',#1264,1.);
#1264 = AXIS2_PLACEMENT_3D('',#1265,#1266,#1267);
#1265 = CARTESIAN_POINT('',(3.,24.90427276458,15.555349449418));
#1266 = DIRECTION('',(-1.,2.22044604925E-16,4.930380657631E-32));
#1267 = DIRECTION('',(9.380512356391E-17,0.422460719528,-0.906381233508)
  );
#1268 = ADVANCED_FACE('',(#1269),#1287,.T.);
#1269 = FACE_BOUND('',#1270,.T.);
#1270 = EDGE_LOOP('',(#1271,#1279,#1280,#1281));
#1271 = ORIENTED_EDGE('',*,*,#1272,.T.);
#1272 = EDGE_CURVE('',#1273,#1248,#1275,.T.);
#1273 = VERTEX_POINT('',#1274);
#1274 = CARTESIAN_POINT('',(3.,31.732861913123,19.841416439142));
#1275 = LINE('',#1276,#1277);
#1276 = CARTESIAN_POINT('',(3.,31.732861913123,19.841416439142));
#1277 = VECTOR('',#1278,1.);
#1278 = DIRECTION('',(-2.012570629059E-16,-0.906381233509,
    -0.422460719527));
#1279 = ORIENTED_EDGE('',*,*,#1247,.T.);
#1280 = ORIENTED_EDGE('',*,*,#617,.F.);
#1281 = ORIENTED_EDGE('',*,*,#1282,.F.);
#1282 = EDGE_CURVE('',#1273,#609,#1283,.T.);
#1283 = LINE('',#1284,#1285);
#1284 = CARTESIAN_POINT('',(3.,31.732861913123,19.841416439142));
#1285 = VECTOR('',#1286,1.);
#1286 = DIRECTION('',(-1.,2.22044604925E-16,4.930380657631E-32));
#1287 = PLANE('',#1288);
#1288 = AXIS2_PLACEMENT_3D('',#1289,#1290,#1291);
#1289 = CARTESIAN_POINT('',(3.,31.732861913123,19.841416439142));
#1290 = DIRECTION('',(9.380512356372E-17,0.422460719527,-0.906381233509)
  );
#1291 = DIRECTION('',(-2.012570629059E-16,-0.906381233509,
    -0.422460719527));
#1292 = ADVANCED_FACE('',(#1293),#1305,.F.);
#1293 = FACE_BOUND('',#1294,.F.);
#1294 = EDGE_LOOP('',(#1295,#1296,#1297,#1298));
#1295 = ORIENTED_EDGE('',*,*,#1226,.T.);
#1296 = ORIENTED_EDGE('',*,*,#606,.T.);
#1297 = ORIENTED_EDGE('',*,*,#1282,.F.);
#1298 = ORIENTED_EDGE('',*,*,#1299,.F.);
#1299 = EDGE_CURVE('',#1219,#1273,#1300,.T.);
#1300 = CIRCLE('',#1301,0.999999999997);
#1301 = AXIS2_PLACEMENT_3D('',#1302,#1303,#1304);
#1302 = CARTESIAN_POINT('',(3.,32.155322632648,18.935035205635));
#1303 = DIRECTION('',(1.,-2.22044604925E-16,-6.162975822039E-32));
#1304 = DIRECTION('',(-9.380512356354E-17,-0.422460719526,0.906381233509
    ));
#1305 = CYLINDRICAL_SURFACE('',#1306,0.999999999997);
#1306 = AXIS2_PLACEMENT_3D('',#1307,#1308,#1309);
#1307 = CARTESIAN_POINT('',(3.,32.155322632648,18.935035205635));
#1308 = DIRECTION('',(-1.,2.22044604925E-16,4.930380657631E-32));
#1309 = DIRECTION('',(-9.380512356354E-17,-0.422460719526,0.906381233509
    ));
#1310 = ADVANCED_FACE('',(#1311),#1337,.F.);
#1311 = FACE_BOUND('',#1312,.F.);
#1312 = EDGE_LOOP('',(#1313,#1321,#1322,#1330));
#1313 = ORIENTED_EDGE('',*,*,#1314,.T.);
#1314 = EDGE_CURVE('',#1315,#590,#1317,.T.);
#1315 = VERTEX_POINT('',#1316);
#1316 = CARTESIAN_POINT('',(3.,28.08987361589,7.887508782992));
#1317 = LINE('',#1318,#1319);
#1318 = CARTESIAN_POINT('',(3.,28.08987361589,7.887508782992));
#1319 = VECTOR('',#1320,1.);
#1320 = DIRECTION('',(-1.,2.22044604925E-16,4.930380657631E-32));
#1321 = ORIENTED_EDGE('',*,*,#597,.T.);
#1322 = ORIENTED_EDGE('',*,*,#1323,.F.);
#1323 = EDGE_CURVE('',#1324,#554,#1326,.T.);
#1324 = VERTEX_POINT('',#1325);
#1325 = CARTESIAN_POINT('',(3.,28.512334335418,5.981127549483));
#1326 = LINE('',#1327,#1328);
#1327 = CARTESIAN_POINT('',(3.,28.512334335418,5.981127549483));
#1328 = VECTOR('',#1329,1.);
#1329 = DIRECTION('',(-1.,2.22044604925E-16,4.930380657631E-32));
#1330 = ORIENTED_EDGE('',*,*,#1331,.F.);
#1331 = EDGE_CURVE('',#1315,#1324,#1332,.T.);
#1332 = CIRCLE('',#1333,1.);
#1333 = AXIS2_PLACEMENT_3D('',#1334,#1335,#1336);
#1334 = CARTESIAN_POINT('',(3.,28.512334335418,6.981127549483));
#1335 = DIRECTION('',(1.,-2.22044604925E-16,-4.930380657631E-32));
#1336 = DIRECTION('',(-9.305497614657E-47,2.22044604925E-16,-1.));
#1337 = CYLINDRICAL_SURFACE('',#1338,1.);
#1338 = AXIS2_PLACEMENT_3D('',#1339,#1340,#1341);
#1339 = CARTESIAN_POINT('',(3.,28.512334335418,6.981127549483));
#1340 = DIRECTION('',(-1.,2.22044604925E-16,4.930380657631E-32));
#1341 = DIRECTION('',(-9.305497614657E-47,2.22044604925E-16,-1.));
#1342 = ADVANCED_FACE('',(#1343),#1361,.T.);
#1343 = FACE_BOUND('',#1344,.T.);
#1344 = EDGE_LOOP('',(#1345,#1353,#1354,#1355));
#1345 = ORIENTED_EDGE('',*,*,#1346,.T.);
#1346 = EDGE_CURVE('',#1347,#1315,#1349,.T.);
#1347 = VERTEX_POINT('',#1348);
#1348 = CARTESIAN_POINT('',(3.,33.599275827332,10.455419432904));
#1349 = LINE('',#1350,#1351);
#1350 = CARTESIAN_POINT('',(3.,33.599275827332,10.455419432904));
#1351 = VECTOR('',#1352,1.);
#1352 = DIRECTION('',(-2.012570629059E-16,-0.906381233509,
    -0.422460719527));
#1353 = ORIENTED_EDGE('',*,*,#1314,.T.);
#1354 = ORIENTED_EDGE('',*,*,#589,.F.);
#1355 = ORIENTED_EDGE('',*,*,#1356,.F.);
#1356 = EDGE_CURVE('',#1347,#581,#1357,.T.);
#1357 = LINE('',#1358,#1359);
#1358 = CARTESIAN_POINT('',(3.,33.599275827332,10.455419432904));
#1359 = VECTOR('',#1360,1.);
#1360 = DIRECTION('',(-1.,2.22044604925E-16,4.930380657631E-32));
#1361 = PLANE('',#1362);
#1362 = AXIS2_PLACEMENT_3D('',#1363,#1364,#1365);
#1363 = CARTESIAN_POINT('',(3.,33.599275827332,10.455419432904));
#1364 = DIRECTION('',(9.380512356365E-17,0.422460719527,-0.906381233509)
  );
#1365 = DIRECTION('',(-2.012570629059E-16,-0.906381233509,
    -0.422460719527));
#1366 = ADVANCED_FACE('',(#1367),#1386,.F.);
#1367 = FACE_BOUND('',#1368,.F.);
#1368 = EDGE_LOOP('',(#1369,#1377,#1378,#1379));
#1369 = ORIENTED_EDGE('',*,*,#1370,.T.);
#1370 = EDGE_CURVE('',#1371,#573,#1373,.T.);
#1371 = VERTEX_POINT('',#1372);
#1372 = CARTESIAN_POINT('',(3.,34.928044333897,9.971656461136));
#1373 = LINE('',#1374,#1375);
#1374 = CARTESIAN_POINT('',(3.,34.928044333897,9.971656461136));
#1375 = VECTOR('',#1376,1.);
#1376 = DIRECTION('',(-1.,2.22044604925E-16,4.930380657631E-32));
#1377 = ORIENTED_EDGE('',*,*,#580,.T.);
#1378 = ORIENTED_EDGE('',*,*,#1356,.F.);
#1379 = ORIENTED_EDGE('',*,*,#1380,.F.);
#1380 = EDGE_CURVE('',#1371,#1347,#1381,.T.);
#1381 = CIRCLE('',#1382,1.000000000002);
#1382 = AXIS2_PLACEMENT_3D('',#1383,#1384,#1385);
#1383 = CARTESIAN_POINT('',(3.,34.021736546861,9.549038199395));
#1384 = DIRECTION('',(1.,-2.22044604925E-16,-4.930380657631E-32));
#1385 = DIRECTION('',(-9.380512356404E-17,-0.422460719528,0.906381233508
    ));
#1386 = CYLINDRICAL_SURFACE('',#1387,1.000000000002);
#1387 = AXIS2_PLACEMENT_3D('',#1388,#1389,#1390);
#1388 = CARTESIAN_POINT('',(3.,34.021736546861,9.549038199395));
#1389 = DIRECTION('',(-1.,2.22044604925E-16,4.930380657631E-32));
#1390 = DIRECTION('',(-9.380512356404E-17,-0.422460719528,0.906381233508
    ));
#1391 = ADVANCED_FACE('',(#1392),#1410,.T.);
#1392 = FACE_BOUND('',#1393,.T.);
#1393 = EDGE_LOOP('',(#1394,#1402,#1403,#1404));
#1394 = ORIENTED_EDGE('',*,*,#1395,.T.);
#1395 = EDGE_CURVE('',#1396,#1371,#1398,.T.);
#1396 = VERTEX_POINT('',#1397);
#1397 = CARTESIAN_POINT('',(3.,36.125480735409,7.403745811223));
#1398 = LINE('',#1399,#1400);
#1399 = CARTESIAN_POINT('',(3.,36.125480735409,7.403745811223));
#1400 = VECTOR('',#1401,1.);
#1401 = DIRECTION('',(-9.38401049623E-17,-0.422618261741,0.906307787037)
  );
#1402 = ORIENTED_EDGE('',*,*,#1370,.T.);
#1403 = ORIENTED_EDGE('',*,*,#572,.F.);
#1404 = ORIENTED_EDGE('',*,*,#1405,.F.);
#1405 = EDGE_CURVE('',#1396,#564,#1406,.T.);
#1406 = LINE('',#1407,#1408);
#1407 = CARTESIAN_POINT('',(3.,36.125480735409,7.403745811223));
#1408 = VECTOR('',#1409,1.);
#1409 = DIRECTION('',(-1.,2.22044604925E-16,4.930380657631E-32));
#1410 = PLANE('',#1411);
#1411 = AXIS2_PLACEMENT_3D('',#1412,#1413,#1414);
#1412 = CARTESIAN_POINT('',(3.,36.125480735409,7.403745811223));
#1413 = DIRECTION('',(-2.01240754513E-16,-0.906307787037,-0.422618261741
    ));
#1414 = DIRECTION('',(-9.38401049623E-17,-0.422618261741,0.906307787037)
  );
#1415 = ADVANCED_FACE('',(#1416),#1435,.F.);
#1416 = FACE_BOUND('',#1417,.F.);
#1417 = EDGE_LOOP('',(#1418,#1426,#1427,#1428));
#1418 = ORIENTED_EDGE('',*,*,#1419,.T.);
#1419 = EDGE_CURVE('',#1420,#556,#1422,.T.);
#1420 = VERTEX_POINT('',#1421);
#1421 = CARTESIAN_POINT('',(3.,35.219172948372,5.981127549483));
#1422 = LINE('',#1423,#1424);
#1423 = CARTESIAN_POINT('',(3.,35.219172948372,5.981127549483));
#1424 = VECTOR('',#1425,1.);
#1425 = DIRECTION('',(-1.,2.22044604925E-16,4.930380657631E-32));
#1426 = ORIENTED_EDGE('',*,*,#563,.T.);
#1427 = ORIENTED_EDGE('',*,*,#1405,.F.);
#1428 = ORIENTED_EDGE('',*,*,#1429,.F.);
#1429 = EDGE_CURVE('',#1420,#1396,#1430,.T.);
#1430 = CIRCLE('',#1431,1.);
#1431 = AXIS2_PLACEMENT_3D('',#1432,#1433,#1434);
#1432 = CARTESIAN_POINT('',(3.,35.219172948372,6.981127549483));
#1433 = DIRECTION('',(1.,-2.22044604925E-16,-4.930380657631E-32));
#1434 = DIRECTION('',(2.012407545132E-16,0.906307787037,0.422618261739)
  );
#1435 = CYLINDRICAL_SURFACE('',#1436,1.);
#1436 = AXIS2_PLACEMENT_3D('',#1437,#1438,#1439);
#1437 = CARTESIAN_POINT('',(3.,35.219172948372,6.981127549483));
#1438 = DIRECTION('',(-1.,2.22044604925E-16,4.930380657631E-32));
#1439 = DIRECTION('',(2.012407545132E-16,0.906307787037,0.422618261739)
  );
#1440 = ADVANCED_FACE('',(#1441),#1452,.T.);
#1441 = FACE_BOUND('',#1442,.T.);
#1442 = EDGE_LOOP('',(#1443,#1449,#1450,#1451));
#1443 = ORIENTED_EDGE('',*,*,#1444,.T.);
#1444 = EDGE_CURVE('',#1324,#1420,#1445,.T.);
#1445 = LINE('',#1446,#1447);
#1446 = CARTESIAN_POINT('',(3.,35.219172948372,5.981127549483));
#1447 = VECTOR('',#1448,1.);
#1448 = DIRECTION('',(2.22044604925E-16,1.,2.22044604925E-16));
#1449 = ORIENTED_EDGE('',*,*,#1419,.T.);
#1450 = ORIENTED_EDGE('',*,*,#553,.F.);
#1451 = ORIENTED_EDGE('',*,*,#1323,.F.);
#1452 = PLANE('',#1453);
#1453 = AXIS2_PLACEMENT_3D('',#1454,#1455,#1456);
#1454 = CARTESIAN_POINT('',(3.,28.512334335418,5.981127549483));
#1455 = DIRECTION('',(0.,-2.22044604925E-16,1.));
#1456 = DIRECTION('',(2.22044604925E-16,1.,2.22044604925E-16));
#1457 = ADVANCED_FACE('',(#1458),#1477,.F.);
#1458 = FACE_BOUND('',#1459,.F.);
#1459 = EDGE_LOOP('',(#1460,#1468,#1475,#1476));
#1460 = ORIENTED_EDGE('',*,*,#1461,.T.);
#1461 = EDGE_CURVE('',#543,#1462,#1464,.T.);
#1462 = VERTEX_POINT('',#1463);
#1463 = CARTESIAN_POINT('',(3.,43.43380178918,8.154404731482));
#1464 = LINE('',#1465,#1466);
#1465 = CARTESIAN_POINT('',(3.,43.43380178918,8.154404731482));
#1466 = VECTOR('',#1467,1.);
#1467 = DIRECTION('',(1.,-2.22044604925E-16,-4.930380657631E-32));
#1468 = ORIENTED_EDGE('',*,*,#1469,.F.);
#1469 = EDGE_CURVE('',#1462,#1462,#1470,.T.);
#1470 = CIRCLE('',#1471,1.5);
#1471 = AXIS2_PLACEMENT_3D('',#1472,#1473,#1474);
#1472 = CARTESIAN_POINT('',(3.,41.93380178918,8.154404731482));
#1473 = DIRECTION('',(1.,-2.22044604925E-16,-4.930380657631E-32));
#1474 = DIRECTION('',(-2.22044604925E-16,-1.,-2.22044604925E-16));
#1475 = ORIENTED_EDGE('',*,*,#1461,.F.);
#1476 = ORIENTED_EDGE('',*,*,#542,.T.);
#1477 = CYLINDRICAL_SURFACE('',#1478,1.5);
#1478 = AXIS2_PLACEMENT_3D('',#1479,#1480,#1481);
#1479 = CARTESIAN_POINT('',(3.,41.93380178918,8.154404731482));
#1480 = DIRECTION('',(-1.,2.22044604925E-16,4.930380657631E-32));
#1481 = DIRECTION('',(-2.22044604925E-16,-1.,-2.22044604925E-16));
#1482 = ADVANCED_FACE('',(#1483),#1508,.T.);
#1483 = FACE_BOUND('',#1484,.T.);
#1484 = EDGE_LOOP('',(#1485,#1495,#1501,#1502));
#1485 = ORIENTED_EDGE('',*,*,#1486,.T.);
#1486 = EDGE_CURVE('',#1487,#1489,#1491,.T.);
#1487 = VERTEX_POINT('',#1488);
#1488 = CARTESIAN_POINT('',(3.,22.791969166946,20.087255616964));
#1489 = VERTEX_POINT('',#1490);
#1490 = CARTESIAN_POINT('',(3.,30.043019035016,23.466941373177));
#1491 = LINE('',#1492,#1493);
#1492 = CARTESIAN_POINT('',(3.,30.043019035013,23.466941373179));
#1493 = VECTOR('',#1494,1.);
#1494 = DIRECTION('',(2.012570629059E-16,0.906381233509,0.422460719527)
  );
#1495 = ORIENTED_EDGE('',*,*,#1496,.T.);
#1496 = EDGE_CURVE('',#1489,#507,#1497,.T.);
#1497 = LINE('',#1498,#1499);
#1498 = CARTESIAN_POINT('',(3.,30.043019035016,23.466941373177));
#1499 = VECTOR('',#1500,1.);
#1500 = DIRECTION('',(-1.,2.22044604925E-16,4.930380657631E-32));
#1501 = ORIENTED_EDGE('',*,*,#534,.F.);
#1502 = ORIENTED_EDGE('',*,*,#1503,.F.);
#1503 = EDGE_CURVE('',#1487,#526,#1504,.T.);
#1504 = LINE('',#1505,#1506);
#1505 = CARTESIAN_POINT('',(3.,22.791969166946,20.087255616964));
#1506 = VECTOR('',#1507,1.);
#1507 = DIRECTION('',(-1.,2.22044604925E-16,4.930380657631E-32));
#1508 = PLANE('',#1509);
#1509 = AXIS2_PLACEMENT_3D('',#1510,#1511,#1512);
#1510 = CARTESIAN_POINT('',(3.,22.791969166946,20.087255616964));
#1511 = DIRECTION('',(-9.380512356373E-17,-0.422460719527,0.906381233509
    ));
#1512 = DIRECTION('',(2.012570629059E-16,0.906381233509,0.422460719527)
  );
#1513 = ADVANCED_FACE('',(#1514),#1533,.F.);
#1514 = FACE_BOUND('',#1515,.F.);
#1515 = EDGE_LOOP('',(#1516,#1524,#1525,#1526));
#1516 = ORIENTED_EDGE('',*,*,#1517,.T.);
#1517 = EDGE_CURVE('',#1518,#518,#1520,.T.);
#1518 = VERTEX_POINT('',#1519);
#1519 = CARTESIAN_POINT('',(3.,21.947047727896,21.900018083976));
#1520 = LINE('',#1521,#1522);
#1521 = CARTESIAN_POINT('',(3.,21.947047727896,21.900018083976));
#1522 = VECTOR('',#1523,1.);
#1523 = DIRECTION('',(-1.,2.22044604925E-16,4.930380657631E-32));
#1524 = ORIENTED_EDGE('',*,*,#525,.T.);
#1525 = ORIENTED_EDGE('',*,*,#1503,.F.);
#1526 = ORIENTED_EDGE('',*,*,#1527,.F.);
#1527 = EDGE_CURVE('',#1518,#1487,#1528,.T.);
#1528 = CIRCLE('',#1529,0.999999999997);
#1529 = AXIS2_PLACEMENT_3D('',#1530,#1531,#1532);
#1530 = CARTESIAN_POINT('',(3.,22.369508447421,20.99363685047));
#1531 = DIRECTION('',(1.,-2.22044604925E-16,-4.930380657631E-32));
#1532 = DIRECTION('',(9.380512356355E-17,0.422460719526,-0.906381233509)
  );
#1533 = CYLINDRICAL_SURFACE('',#1534,0.999999999997);
#1534 = AXIS2_PLACEMENT_3D('',#1535,#1536,#1537);
#1535 = CARTESIAN_POINT('',(3.,22.369508447421,20.99363685047));
#1536 = DIRECTION('',(-1.,2.22044604925E-16,4.930380657631E-32));
#1537 = DIRECTION('',(9.380512356355E-17,0.422460719526,-0.906381233509)
  );
#1538 = ADVANCED_FACE('',(#1539),#1557,.T.);
#1539 = FACE_BOUND('',#1540,.T.);
#1540 = EDGE_LOOP('',(#1541,#1549,#1550,#1551));
#1541 = ORIENTED_EDGE('',*,*,#1542,.T.);
#1542 = EDGE_CURVE('',#1543,#1518,#1545,.T.);
#1543 = VERTEX_POINT('',#1544);
#1544 = CARTESIAN_POINT('',(3.,29.198097595961,25.279703840197));
#1545 = LINE('',#1546,#1547);
#1546 = CARTESIAN_POINT('',(3.,29.198097595961,25.279703840197));
#1547 = VECTOR('',#1548,1.);
#1548 = DIRECTION('',(-2.012570629059E-16,-0.906381233508,
    -0.422460719527));
#1549 = ORIENTED_EDGE('',*,*,#1517,.T.);
#1550 = ORIENTED_EDGE('',*,*,#517,.F.);
#1551 = ORIENTED_EDGE('',*,*,#1552,.F.);
#1552 = EDGE_CURVE('',#1543,#509,#1553,.T.);
#1553 = LINE('',#1554,#1555);
#1554 = CARTESIAN_POINT('',(3.,29.198097595961,25.279703840197));
#1555 = VECTOR('',#1556,1.);
#1556 = DIRECTION('',(-1.,2.22044604925E-16,4.930380657631E-32));
#1557 = PLANE('',#1558);
#1558 = AXIS2_PLACEMENT_3D('',#1559,#1560,#1561);
#1559 = CARTESIAN_POINT('',(3.,29.198097595961,25.279703840197));
#1560 = DIRECTION('',(9.380512356381E-17,0.422460719527,-0.906381233508)
  );
#1561 = DIRECTION('',(-2.012570629059E-16,-0.906381233508,
    -0.422460719527));
#1562 = ADVANCED_FACE('',(#1563),#1575,.F.);
#1563 = FACE_BOUND('',#1564,.F.);
#1564 = EDGE_LOOP('',(#1565,#1566,#1567,#1568));
#1565 = ORIENTED_EDGE('',*,*,#1496,.T.);
#1566 = ORIENTED_EDGE('',*,*,#506,.T.);
#1567 = ORIENTED_EDGE('',*,*,#1552,.F.);
#1568 = ORIENTED_EDGE('',*,*,#1569,.F.);
#1569 = EDGE_CURVE('',#1489,#1543,#1570,.T.);
#1570 = CIRCLE('',#1571,1.000000000001);
#1571 = AXIS2_PLACEMENT_3D('',#1572,#1573,#1574);
#1572 = CARTESIAN_POINT('',(3.,29.620558315489,24.373322606687));
#1573 = DIRECTION('',(1.,-2.22044604925E-16,-6.162975822039E-32));
#1574 = DIRECTION('',(-9.380512356375E-17,-0.422460719527,0.906381233509
    ));
#1575 = CYLINDRICAL_SURFACE('',#1576,1.000000000001);
#1576 = AXIS2_PLACEMENT_3D('',#1577,#1578,#1579);
#1577 = CARTESIAN_POINT('',(3.,29.620558315489,24.373322606687));
#1578 = DIRECTION('',(-1.,2.22044604925E-16,4.930380657631E-32));
#1579 = DIRECTION('',(-9.380512356375E-17,-0.422460719527,0.906381233509
    ));
#1580 = ADVANCED_FACE('',(#1581),#1606,.T.);
#1581 = FACE_BOUND('',#1582,.T.);
#1582 = EDGE_LOOP('',(#1583,#1593,#1599,#1600));
#1583 = ORIENTED_EDGE('',*,*,#1584,.T.);
#1584 = EDGE_CURVE('',#1585,#1587,#1589,.T.);
#1585 = VERTEX_POINT('',#1586);
#1586 = CARTESIAN_POINT('',(3.,25.005270088829,35.60232127407));
#1587 = VERTEX_POINT('',#1588);
#1588 = CARTESIAN_POINT('',(3.,28.195800645791,36.594457970531));
#1589 = LINE('',#1590,#1591);
#1590 = CARTESIAN_POINT('',(3.,28.195800645791,36.594457970531));
#1591 = VECTOR('',#1592,1.);
#1592 = DIRECTION('',(2.120297064925E-16,0.954896907151,0.296937529984)
  );
#1593 = ORIENTED_EDGE('',*,*,#1594,.T.);
#1594 = EDGE_CURVE('',#1587,#471,#1595,.T.);
#1595 = LINE('',#1596,#1597);
#1596 = CARTESIAN_POINT('',(3.,28.195800645791,36.594457970531));
#1597 = VECTOR('',#1598,1.);
#1598 = DIRECTION('',(-1.,2.22044604925E-16,4.930380657631E-32));
#1599 = ORIENTED_EDGE('',*,*,#498,.F.);
#1600 = ORIENTED_EDGE('',*,*,#1601,.F.);
#1601 = EDGE_CURVE('',#1585,#490,#1602,.T.);
#1602 = LINE('',#1603,#1604);
#1603 = CARTESIAN_POINT('',(3.,25.005270088829,35.60232127407));
#1604 = VECTOR('',#1605,1.);
#1605 = DIRECTION('',(-1.,2.22044604925E-16,4.930380657631E-32));
#1606 = PLANE('',#1607);
#1607 = AXIS2_PLACEMENT_3D('',#1608,#1609,#1610);
#1608 = CARTESIAN_POINT('',(3.,25.005270088829,35.60232127407));
#1609 = DIRECTION('',(-6.593337653266E-17,-0.296937529984,0.954896907151
    ));
#1610 = DIRECTION('',(2.120297064925E-16,0.954896907151,0.296937529984)
  );
#1611 = ADVANCED_FACE('',(#1612),#1631,.F.);
#1612 = FACE_BOUND('',#1613,.F.);
#1613 = EDGE_LOOP('',(#1614,#1622,#1623,#1624));
#1614 = ORIENTED_EDGE('',*,*,#1615,.T.);
#1615 = EDGE_CURVE('',#1616,#482,#1618,.T.);
#1616 = VERTEX_POINT('',#1617);
#1617 = CARTESIAN_POINT('',(3.,24.114457498884,38.467011995526));
#1618 = LINE('',#1619,#1620);
#1619 = CARTESIAN_POINT('',(3.,24.114457498884,38.467011995526));
#1620 = VECTOR('',#1621,1.);
#1621 = DIRECTION('',(-1.,2.22044604925E-16,4.930380657631E-32));
#1622 = ORIENTED_EDGE('',*,*,#489,.T.);
#1623 = ORIENTED_EDGE('',*,*,#1601,.F.);
#1624 = ORIENTED_EDGE('',*,*,#1625,.F.);
#1625 = EDGE_CURVE('',#1616,#1585,#1626,.T.);
#1626 = CIRCLE('',#1627,1.5);
#1627 = AXIS2_PLACEMENT_3D('',#1628,#1629,#1630);
#1628 = CARTESIAN_POINT('',(3.,24.559863793854,37.034666634797));
#1629 = DIRECTION('',(1.,-2.22044604925E-16,-6.162975822039E-32));
#1630 = DIRECTION('',(6.593337653261E-17,0.296937529984,-0.954896907151)
  );
#1631 = CYLINDRICAL_SURFACE('',#1632,1.5);
#1632 = AXIS2_PLACEMENT_3D('',#1633,#1634,#1635);
#1633 = CARTESIAN_POINT('',(3.,24.559863793854,37.034666634797));
#1634 = DIRECTION('',(-1.,2.22044604925E-16,4.930380657631E-32));
#1635 = DIRECTION('',(6.593337653261E-17,0.296937529984,-0.954896907151)
  );
#1636 = ADVANCED_FACE('',(#1637),#1655,.T.);
#1637 = FACE_BOUND('',#1638,.T.);
#1638 = EDGE_LOOP('',(#1639,#1647,#1648,#1649));
#1639 = ORIENTED_EDGE('',*,*,#1640,.T.);
#1640 = EDGE_CURVE('',#1641,#1616,#1643,.T.);
#1641 = VERTEX_POINT('',#1642);
#1642 = CARTESIAN_POINT('',(3.,27.304988055845,39.459148691987));
#1643 = LINE('',#1644,#1645);
#1644 = CARTESIAN_POINT('',(3.,27.304988055845,39.459148691987));
#1645 = VECTOR('',#1646,1.);
#1646 = DIRECTION('',(-2.120297064925E-16,-0.954896907151,
    -0.296937529984));
#1647 = ORIENTED_EDGE('',*,*,#1615,.T.);
#1648 = ORIENTED_EDGE('',*,*,#481,.F.);
#1649 = ORIENTED_EDGE('',*,*,#1650,.F.);
#1650 = EDGE_CURVE('',#1641,#473,#1651,.T.);
#1651 = LINE('',#1652,#1653);
#1652 = CARTESIAN_POINT('',(3.,27.304988055845,39.459148691987));
#1653 = VECTOR('',#1654,1.);
#1654 = DIRECTION('',(-1.,2.22044604925E-16,4.930380657631E-32));
#1655 = PLANE('',#1656);
#1656 = AXIS2_PLACEMENT_3D('',#1657,#1658,#1659);
#1657 = CARTESIAN_POINT('',(3.,27.304988055845,39.459148691987));
#1658 = DIRECTION('',(6.593337653266E-17,0.296937529984,-0.954896907151)
  );
#1659 = DIRECTION('',(-2.120297064925E-16,-0.954896907151,
    -0.296937529984));
#1660 = ADVANCED_FACE('',(#1661),#1673,.F.);
#1661 = FACE_BOUND('',#1662,.F.);
#1662 = EDGE_LOOP('',(#1663,#1664,#1665,#1666));
#1663 = ORIENTED_EDGE('',*,*,#1594,.T.);
#1664 = ORIENTED_EDGE('',*,*,#470,.T.);
#1665 = ORIENTED_EDGE('',*,*,#1650,.F.);
#1666 = ORIENTED_EDGE('',*,*,#1667,.F.);
#1667 = EDGE_CURVE('',#1587,#1641,#1668,.T.);
#1668 = CIRCLE('',#1669,1.5);
#1669 = AXIS2_PLACEMENT_3D('',#1670,#1671,#1672);
#1670 = CARTESIAN_POINT('',(3.,27.750394350821,38.02680333126));
#1671 = DIRECTION('',(1.,-2.22044604925E-16,-6.162975822039E-32));
#1672 = DIRECTION('',(-6.593337653261E-17,-0.296937529984,0.954896907151
    ));
#1673 = CYLINDRICAL_SURFACE('',#1674,1.5);
#1674 = AXIS2_PLACEMENT_3D('',#1675,#1676,#1677);
#1675 = CARTESIAN_POINT('',(3.,27.750394350821,38.02680333126));
#1676 = DIRECTION('',(-1.,2.22044604925E-16,4.930380657631E-32));
#1677 = DIRECTION('',(-6.593337653261E-17,-0.296937529984,0.954896907151
    ));
#1678 = ADVANCED_FACE('',(#1679),#1704,.T.);
#1679 = FACE_BOUND('',#1680,.T.);
#1680 = EDGE_LOOP('',(#1681,#1691,#1697,#1698));
#1681 = ORIENTED_EDGE('',*,*,#1682,.F.);
#1682 = EDGE_CURVE('',#1683,#1685,#1687,.T.);
#1683 = VERTEX_POINT('',#1684);
#1684 = CARTESIAN_POINT('',(3.,20.146617441905,0.5));
#1685 = VERTEX_POINT('',#1686);
#1686 = CARTESIAN_POINT('',(3.,20.146617441905,3.));
#1687 = LINE('',#1688,#1689);
#1688 = CARTESIAN_POINT('',(3.,20.146617441905,0.5));
#1689 = VECTOR('',#1690,1.);
#1690 = DIRECTION('',(0.,-2.22044604925E-16,1.));
#1691 = ORIENTED_EDGE('',*,*,#1692,.T.);
#1692 = EDGE_CURVE('',#1683,#334,#1693,.T.);
#1693 = LINE('',#1694,#1695);
#1694 = CARTESIAN_POINT('',(3.,20.146617441905,0.5));
#1695 = VECTOR('',#1696,1.);
#1696 = DIRECTION('',(-1.,2.22044604925E-16,4.930380657631E-32));
#1697 = ORIENTED_EDGE('',*,*,#333,.F.);
#1698 = ORIENTED_EDGE('',*,*,#1699,.F.);
#1699 = EDGE_CURVE('',#1685,#325,#1700,.T.);
#1700 = LINE('',#1701,#1702);
#1701 = CARTESIAN_POINT('',(3.,20.146617441905,3.));
#1702 = VECTOR('',#1703,1.);
#1703 = DIRECTION('',(-1.,2.22044604925E-16,4.930380657631E-32));
#1704 = PLANE('',#1705);
#1705 = AXIS2_PLACEMENT_3D('',#1706,#1707,#1708);
#1706 = CARTESIAN_POINT('',(3.,20.146617441905,3.));
#1707 = DIRECTION('',(2.22044604925E-16,1.,2.22044604925E-16));
#1708 = DIRECTION('',(0.,2.22044604925E-16,-1.));
#1709 = ADVANCED_FACE('',(#1710),#1729,.F.);
#1710 = FACE_BOUND('',#1711,.F.);
#1711 = EDGE_LOOP('',(#1712,#1720,#1721,#1722));
#1712 = ORIENTED_EDGE('',*,*,#1713,.T.);
#1713 = EDGE_CURVE('',#1714,#317,#1716,.T.);
#1714 = VERTEX_POINT('',#1715);
#1715 = CARTESIAN_POINT('',(3.,21.746617441904,3.));
#1716 = LINE('',#1717,#1718);
#1717 = CARTESIAN_POINT('',(3.,21.746617441904,3.));
#1718 = VECTOR('',#1719,1.);
#1719 = DIRECTION('',(-1.,2.22044604925E-16,4.930380657631E-32));
#1720 = ORIENTED_EDGE('',*,*,#324,.T.);
#1721 = ORIENTED_EDGE('',*,*,#1699,.F.);
#1722 = ORIENTED_EDGE('',*,*,#1723,.T.);
#1723 = EDGE_CURVE('',#1685,#1714,#1724,.T.);
#1724 = CIRCLE('',#1725,0.799999999999);
#1725 = AXIS2_PLACEMENT_3D('',#1726,#1727,#1728);
#1726 = CARTESIAN_POINT('',(3.,20.946617441904,3.));
#1727 = DIRECTION('',(-1.,2.22044604925E-16,4.930380657631E-32));
#1728 = DIRECTION('',(-2.22044604925E-16,-1.,-2.22044604925E-16));
#1729 = CYLINDRICAL_SURFACE('',#1730,0.799999999999);
#1730 = AXIS2_PLACEMENT_3D('',#1731,#1732,#1733);
#1731 = CARTESIAN_POINT('',(3.,20.946617441904,3.));
#1732 = DIRECTION('',(-1.,2.22044604925E-16,4.930380657631E-32));
#1733 = DIRECTION('',(-2.22044604925E-16,-1.,-2.22044604925E-16));
#1734 = ADVANCED_FACE('',(#1735),#1753,.T.);
#1735 = FACE_BOUND('',#1736,.T.);
#1736 = EDGE_LOOP('',(#1737,#1745,#1746,#1747));
#1737 = ORIENTED_EDGE('',*,*,#1738,.T.);
#1738 = EDGE_CURVE('',#1739,#1714,#1741,.T.);
#1739 = VERTEX_POINT('',#1740);
#1740 = CARTESIAN_POINT('',(3.,26.180675079886,3.));
#1741 = LINE('',#1742,#1743);
#1742 = CARTESIAN_POINT('',(3.,26.180675079886,3.));
#1743 = VECTOR('',#1744,1.);
#1744 = DIRECTION('',(-2.22044604925E-16,-1.,-2.22044604925E-16));
#1745 = ORIENTED_EDGE('',*,*,#1713,.T.);
#1746 = ORIENTED_EDGE('',*,*,#316,.F.);
#1747 = ORIENTED_EDGE('',*,*,#1748,.F.);
#1748 = EDGE_CURVE('',#1739,#308,#1749,.T.);
#1749 = LINE('',#1750,#1751);
#1750 = CARTESIAN_POINT('',(3.,26.180675079886,3.));
#1751 = VECTOR('',#1752,1.);
#1752 = DIRECTION('',(-1.,2.22044604925E-16,4.930380657631E-32));
#1753 = PLANE('',#1754);
#1754 = AXIS2_PLACEMENT_3D('',#1755,#1756,#1757);
#1755 = CARTESIAN_POINT('',(3.,26.180675079886,3.));
#1756 = DIRECTION('',(0.,2.22044604925E-16,-1.));
#1757 = DIRECTION('',(-2.22044604925E-16,-1.,-2.22044604925E-16));
#1758 = ADVANCED_FACE('',(#1759),#1778,.F.);
#1759 = FACE_BOUND('',#1760,.F.);
#1760 = EDGE_LOOP('',(#1761,#1769,#1770,#1771));
#1761 = ORIENTED_EDGE('',*,*,#1762,.T.);
#1762 = EDGE_CURVE('',#1763,#300,#1765,.T.);
#1763 = VERTEX_POINT('',#1764);
#1764 = CARTESIAN_POINT('',(3.,27.780675079886,3.));
#1765 = LINE('',#1766,#1767);
#1766 = CARTESIAN_POINT('',(3.,27.780675079886,3.));
#1767 = VECTOR('',#1768,1.);
#1768 = DIRECTION('',(-1.,2.22044604925E-16,4.930380657631E-32));
#1769 = ORIENTED_EDGE('',*,*,#307,.T.);
#1770 = ORIENTED_EDGE('',*,*,#1748,.F.);
#1771 = ORIENTED_EDGE('',*,*,#1772,.T.);
#1772 = EDGE_CURVE('',#1739,#1763,#1773,.T.);
#1773 = CIRCLE('',#1774,0.8);
#1774 = AXIS2_PLACEMENT_3D('',#1775,#1776,#1777);
#1775 = CARTESIAN_POINT('',(3.,26.980675079886,3.));
#1776 = DIRECTION('',(-1.,2.22044604925E-16,4.930380657631E-32));
#1777 = DIRECTION('',(-2.22044604925E-16,-1.,-2.22044604925E-16));
#1778 = CYLINDRICAL_SURFACE('',#1779,0.8);
#1779 = AXIS2_PLACEMENT_3D('',#1780,#1781,#1782);
#1780 = CARTESIAN_POINT('',(3.,26.980675079886,3.));
#1781 = DIRECTION('',(-1.,2.22044604925E-16,4.930380657631E-32));
#1782 = DIRECTION('',(-2.22044604925E-16,-1.,-2.22044604925E-16));
#1783 = ADVANCED_FACE('',(#1784),#1802,.T.);
#1784 = FACE_BOUND('',#1785,.T.);
#1785 = EDGE_LOOP('',(#1786,#1794,#1795,#1796));
#1786 = ORIENTED_EDGE('',*,*,#1787,.T.);
#1787 = EDGE_CURVE('',#1788,#1763,#1790,.T.);
#1788 = VERTEX_POINT('',#1789);
#1789 = CARTESIAN_POINT('',(3.,27.780675079885,0.5));
#1790 = LINE('',#1791,#1792);
#1791 = CARTESIAN_POINT('',(3.,27.780675079885,0.5));
#1792 = VECTOR('',#1793,1.);
#1793 = DIRECTION('',(0.,-2.22044604925E-16,1.));
#1794 = ORIENTED_EDGE('',*,*,#1762,.T.);
#1795 = ORIENTED_EDGE('',*,*,#299,.F.);
#1796 = ORIENTED_EDGE('',*,*,#1797,.F.);
#1797 = EDGE_CURVE('',#1788,#291,#1798,.T.);
#1798 = LINE('',#1799,#1800);
#1799 = CARTESIAN_POINT('',(3.,27.780675079885,0.5));
#1800 = VECTOR('',#1801,1.);
#1801 = DIRECTION('',(-1.,2.22044604925E-16,4.930380657631E-32));
#1802 = PLANE('',#1803);
#1803 = AXIS2_PLACEMENT_3D('',#1804,#1805,#1806);
#1804 = CARTESIAN_POINT('',(3.,27.780675079885,0.5));
#1805 = DIRECTION('',(-2.22044604925E-16,-1.,-2.22044604925E-16));
#1806 = DIRECTION('',(0.,-2.22044604925E-16,1.));
#1807 = ADVANCED_FACE('',(#1808),#1827,.T.);
#1808 = FACE_BOUND('',#1809,.T.);
#1809 = EDGE_LOOP('',(#1810,#1819,#1820,#1821));
#1810 = ORIENTED_EDGE('',*,*,#1811,.T.);
#1811 = EDGE_CURVE('',#1812,#1788,#1814,.T.);
#1812 = VERTEX_POINT('',#1813);
#1813 = CARTESIAN_POINT('',(3.,28.280675079885,2.442490654175E-13));
#1814 = CIRCLE('',#1815,0.5);
#1815 = AXIS2_PLACEMENT_3D('',#1816,#1817,#1818);
#1816 = CARTESIAN_POINT('',(3.,28.280675079885,0.5));
#1817 = DIRECTION('',(-1.,2.22044604925E-16,4.930380657631E-32));
#1818 = DIRECTION('',(-9.305497614657E-47,2.22044604925E-16,-1.));
#1819 = ORIENTED_EDGE('',*,*,#1797,.T.);
#1820 = ORIENTED_EDGE('',*,*,#290,.F.);
#1821 = ORIENTED_EDGE('',*,*,#1822,.F.);
#1822 = EDGE_CURVE('',#1812,#283,#1823,.T.);
#1823 = LINE('',#1824,#1825);
#1824 = CARTESIAN_POINT('',(3.,28.280675079885,2.442490654175E-13));
#1825 = VECTOR('',#1826,1.);
#1826 = DIRECTION('',(-1.,2.22044604925E-16,4.930380657631E-32));
#1827 = CYLINDRICAL_SURFACE('',#1828,0.5);
#1828 = AXIS2_PLACEMENT_3D('',#1829,#1830,#1831);
#1829 = CARTESIAN_POINT('',(3.,28.280675079885,0.5));
#1830 = DIRECTION('',(-1.,2.22044604925E-16,4.930380657631E-32));
#1831 = DIRECTION('',(-9.305497614657E-47,2.22044604925E-16,-1.));
#1832 = ADVANCED_FACE('',(#1833),#1851,.T.);
#1833 = FACE_BOUND('',#1834,.T.);
#1834 = EDGE_LOOP('',(#1835,#1843,#1844,#1845));
#1835 = ORIENTED_EDGE('',*,*,#1836,.T.);
#1836 = EDGE_CURVE('',#1837,#1812,#1839,.T.);
#1837 = VERTEX_POINT('',#1838);
#1838 = CARTESIAN_POINT('',(3.,33.230658189278,4.440892098501E-15));
#1839 = LINE('',#1840,#1841);
#1840 = CARTESIAN_POINT('',(3.,33.230658189278,2.442490654175E-13));
#1841 = VECTOR('',#1842,1.);
#1842 = DIRECTION('',(-2.22044604925E-16,-1.,-2.22044604925E-16));
#1843 = ORIENTED_EDGE('',*,*,#1822,.T.);
#1844 = ORIENTED_EDGE('',*,*,#282,.F.);
#1845 = ORIENTED_EDGE('',*,*,#1846,.F.);
#1846 = EDGE_CURVE('',#1837,#274,#1847,.T.);
#1847 = LINE('',#1848,#1849);
#1848 = CARTESIAN_POINT('',(3.,33.230658189278,4.440892098501E-15));
#1849 = VECTOR('',#1850,1.);
#1850 = DIRECTION('',(-1.,2.22044604925E-16,4.930380657631E-32));
#1851 = PLANE('',#1852);
#1852 = AXIS2_PLACEMENT_3D('',#1853,#1854,#1855);
#1853 = CARTESIAN_POINT('',(3.,33.230658189278,2.442490654175E-13));
#1854 = DIRECTION('',(0.,2.22044604925E-16,-1.));
#1855 = DIRECTION('',(-2.22044604925E-16,-1.,-2.22044604925E-16));
#1856 = ADVANCED_FACE('',(#1857),#1876,.T.);
#1857 = FACE_BOUND('',#1858,.T.);
#1858 = EDGE_LOOP('',(#1859,#1868,#1869,#1870));
#1859 = ORIENTED_EDGE('',*,*,#1860,.T.);
#1860 = EDGE_CURVE('',#1861,#1837,#1863,.T.);
#1861 = VERTEX_POINT('',#1862);
#1862 = CARTESIAN_POINT('',(3.,33.730658189278,0.5));
#1863 = CIRCLE('',#1864,0.5);
#1864 = AXIS2_PLACEMENT_3D('',#1865,#1866,#1867);
#1865 = CARTESIAN_POINT('',(3.,33.230658189278,0.5));
#1866 = DIRECTION('',(-1.,2.22044604925E-16,4.930380657631E-32));
#1867 = DIRECTION('',(2.22044604925E-16,1.,2.22044604925E-16));
#1868 = ORIENTED_EDGE('',*,*,#1846,.T.);
#1869 = ORIENTED_EDGE('',*,*,#273,.F.);
#1870 = ORIENTED_EDGE('',*,*,#1871,.F.);
#1871 = EDGE_CURVE('',#1861,#266,#1872,.T.);
#1872 = LINE('',#1873,#1874);
#1873 = CARTESIAN_POINT('',(3.,33.730658189278,0.5));
#1874 = VECTOR('',#1875,1.);
#1875 = DIRECTION('',(-1.,2.22044604925E-16,4.930380657631E-32));
#1876 = CYLINDRICAL_SURFACE('',#1877,0.5);
#1877 = AXIS2_PLACEMENT_3D('',#1878,#1879,#1880);
#1878 = CARTESIAN_POINT('',(3.,33.230658189278,0.5));
#1879 = DIRECTION('',(-1.,2.22044604925E-16,4.930380657631E-32));
#1880 = DIRECTION('',(2.22044604925E-16,1.,2.22044604925E-16));
#1881 = ADVANCED_FACE('',(#1882),#1900,.T.);
#1882 = FACE_BOUND('',#1883,.T.);
#1883 = EDGE_LOOP('',(#1884,#1892,#1893,#1894));
#1884 = ORIENTED_EDGE('',*,*,#1885,.F.);
#1885 = EDGE_CURVE('',#1861,#1886,#1888,.T.);
#1886 = VERTEX_POINT('',#1887);
#1887 = CARTESIAN_POINT('',(3.,33.730658189278,3.));
#1888 = LINE('',#1889,#1890);
#1889 = CARTESIAN_POINT('',(3.,33.730658189278,0.5));
#1890 = VECTOR('',#1891,1.);
#1891 = DIRECTION('',(0.,-2.22044604925E-16,1.));
#1892 = ORIENTED_EDGE('',*,*,#1871,.T.);
#1893 = ORIENTED_EDGE('',*,*,#265,.F.);
#1894 = ORIENTED_EDGE('',*,*,#1895,.F.);
#1895 = EDGE_CURVE('',#1886,#257,#1896,.T.);
#1896 = LINE('',#1897,#1898);
#1897 = CARTESIAN_POINT('',(3.,33.730658189278,3.));
#1898 = VECTOR('',#1899,1.);
#1899 = DIRECTION('',(-1.,2.22044604925E-16,4.930380657631E-32));
#1900 = PLANE('',#1901);
#1901 = AXIS2_PLACEMENT_3D('',#1902,#1903,#1904);
#1902 = CARTESIAN_POINT('',(3.,33.730658189278,3.));
#1903 = DIRECTION('',(2.22044604925E-16,1.,2.22044604925E-16));
#1904 = DIRECTION('',(0.,2.22044604925E-16,-1.));
#1905 = ADVANCED_FACE('',(#1906),#1925,.F.);
#1906 = FACE_BOUND('',#1907,.F.);
#1907 = EDGE_LOOP('',(#1908,#1916,#1917,#1918));
#1908 = ORIENTED_EDGE('',*,*,#1909,.T.);
#1909 = EDGE_CURVE('',#1910,#249,#1912,.T.);
#1910 = VERTEX_POINT('',#1911);
#1911 = CARTESIAN_POINT('',(3.,35.330658189277,3.));
#1912 = LINE('',#1913,#1914);
#1913 = CARTESIAN_POINT('',(3.,35.330658189277,3.));
#1914 = VECTOR('',#1915,1.);
#1915 = DIRECTION('',(-1.,2.22044604925E-16,4.930380657631E-32));
#1916 = ORIENTED_EDGE('',*,*,#256,.T.);
#1917 = ORIENTED_EDGE('',*,*,#1895,.F.);
#1918 = ORIENTED_EDGE('',*,*,#1919,.T.);
#1919 = EDGE_CURVE('',#1886,#1910,#1920,.T.);
#1920 = CIRCLE('',#1921,0.799999999999);
#1921 = AXIS2_PLACEMENT_3D('',#1922,#1923,#1924);
#1922 = CARTESIAN_POINT('',(3.,34.530658189277,3.));
#1923 = DIRECTION('',(-1.,2.22044604925E-16,4.930380657631E-32));
#1924 = DIRECTION('',(-2.22044604925E-16,-1.,-2.22044604925E-16));
#1925 = CYLINDRICAL_SURFACE('',#1926,0.799999999999);
#1926 = AXIS2_PLACEMENT_3D('',#1927,#1928,#1929);
#1927 = CARTESIAN_POINT('',(3.,34.530658189277,3.));
#1928 = DIRECTION('',(-1.,2.22044604925E-16,4.930380657631E-32));
#1929 = DIRECTION('',(-2.22044604925E-16,-1.,-2.22044604925E-16));
#1930 = ADVANCED_FACE('',(#1931),#1949,.T.);
#1931 = FACE_BOUND('',#1932,.T.);
#1932 = EDGE_LOOP('',(#1933,#1941,#1942,#1943));
#1933 = ORIENTED_EDGE('',*,*,#1934,.T.);
#1934 = EDGE_CURVE('',#1935,#1910,#1937,.T.);
#1935 = VERTEX_POINT('',#1936);
#1936 = CARTESIAN_POINT('',(3.,37.76569719151,3.));
#1937 = LINE('',#1938,#1939);
#1938 = CARTESIAN_POINT('',(3.,37.76569719151,3.));
#1939 = VECTOR('',#1940,1.);
#1940 = DIRECTION('',(-2.22044604925E-16,-1.,-2.22044604925E-16));
#1941 = ORIENTED_EDGE('',*,*,#1909,.T.);
#1942 = ORIENTED_EDGE('',*,*,#248,.F.);
#1943 = ORIENTED_EDGE('',*,*,#1944,.F.);
#1944 = EDGE_CURVE('',#1935,#240,#1945,.T.);
#1945 = LINE('',#1946,#1947);
#1946 = CARTESIAN_POINT('',(3.,37.76569719151,3.));
#1947 = VECTOR('',#1948,1.);
#1948 = DIRECTION('',(-1.,2.22044604925E-16,4.930380657631E-32));
#1949 = PLANE('',#1950);
#1950 = AXIS2_PLACEMENT_3D('',#1951,#1952,#1953);
#1951 = CARTESIAN_POINT('',(3.,37.76569719151,3.));
#1952 = DIRECTION('',(0.,2.22044604925E-16,-1.));
#1953 = DIRECTION('',(-2.22044604925E-16,-1.,-2.22044604925E-16));
#1954 = ADVANCED_FACE('',(#1955),#1974,.F.);
#1955 = FACE_BOUND('',#1956,.F.);
#1956 = EDGE_LOOP('',(#1957,#1965,#1966,#1967));
#1957 = ORIENTED_EDGE('',*,*,#1958,.T.);
#1958 = EDGE_CURVE('',#1959,#232,#1961,.T.);
#1959 = VERTEX_POINT('',#1960);
#1960 = CARTESIAN_POINT('',(3.,39.36569719151,3.));
#1961 = LINE('',#1962,#1963);
#1962 = CARTESIAN_POINT('',(3.,39.36569719151,3.));
#1963 = VECTOR('',#1964,1.);
#1964 = DIRECTION('',(-1.,2.22044604925E-16,4.930380657631E-32));
#1965 = ORIENTED_EDGE('',*,*,#239,.T.);
#1966 = ORIENTED_EDGE('',*,*,#1944,.F.);
#1967 = ORIENTED_EDGE('',*,*,#1968,.T.);
#1968 = EDGE_CURVE('',#1935,#1959,#1969,.T.);
#1969 = CIRCLE('',#1970,0.8);
#1970 = AXIS2_PLACEMENT_3D('',#1971,#1972,#1973);
#1971 = CARTESIAN_POINT('',(3.,38.56569719151,3.));
#1972 = DIRECTION('',(-1.,2.22044604925E-16,4.930380657631E-32));
#1973 = DIRECTION('',(-2.22044604925E-16,-1.,-2.22044604925E-16));
#1974 = CYLINDRICAL_SURFACE('',#1975,0.8);
#1975 = AXIS2_PLACEMENT_3D('',#1976,#1977,#1978);
#1976 = CARTESIAN_POINT('',(3.,38.56569719151,3.));
#1977 = DIRECTION('',(-1.,2.22044604925E-16,4.930380657631E-32));
#1978 = DIRECTION('',(-2.22044604925E-16,-1.,-2.22044604925E-16));
#1979 = ADVANCED_FACE('',(#1980),#1998,.T.);
#1980 = FACE_BOUND('',#1981,.T.);
#1981 = EDGE_LOOP('',(#1982,#1990,#1991,#1992));
#1982 = ORIENTED_EDGE('',*,*,#1983,.T.);
#1983 = EDGE_CURVE('',#1984,#1959,#1986,.T.);
#1984 = VERTEX_POINT('',#1985);
#1985 = CARTESIAN_POINT('',(3.,39.365697191509,1.));
#1986 = LINE('',#1987,#1988);
#1987 = CARTESIAN_POINT('',(3.,39.365697191509,1.));
#1988 = VECTOR('',#1989,1.);
#1989 = DIRECTION('',(0.,-2.22044604925E-16,1.));
#1990 = ORIENTED_EDGE('',*,*,#1958,.T.);
#1991 = ORIENTED_EDGE('',*,*,#231,.F.);
#1992 = ORIENTED_EDGE('',*,*,#1993,.F.);
#1993 = EDGE_CURVE('',#1984,#223,#1994,.T.);
#1994 = LINE('',#1995,#1996);
#1995 = CARTESIAN_POINT('',(3.,39.365697191509,1.));
#1996 = VECTOR('',#1997,1.);
#1997 = DIRECTION('',(-1.,2.22044604925E-16,4.930380657631E-32));
#1998 = PLANE('',#1999);
#1999 = AXIS2_PLACEMENT_3D('',#2000,#2001,#2002);
#2000 = CARTESIAN_POINT('',(3.,39.365697191509,1.));
#2001 = DIRECTION('',(-2.22044604925E-16,-1.,-2.22044604925E-16));
#2002 = DIRECTION('',(0.,-2.22044604925E-16,1.));
#2003 = ADVANCED_FACE('',(#2004),#2023,.T.);
#2004 = FACE_BOUND('',#2005,.T.);
#2005 = EDGE_LOOP('',(#2006,#2015,#2016,#2017));
#2006 = ORIENTED_EDGE('',*,*,#2007,.T.);
#2007 = EDGE_CURVE('',#2008,#1984,#2010,.T.);
#2008 = VERTEX_POINT('',#2009);
#2009 = CARTESIAN_POINT('',(3.,39.865697191509,0.5));
#2010 = CIRCLE('',#2011,0.5);
#2011 = AXIS2_PLACEMENT_3D('',#2012,#2013,#2014);
#2012 = CARTESIAN_POINT('',(3.,39.865697191509,1.));
#2013 = DIRECTION('',(-1.,2.22044604925E-16,4.930380657631E-32));
#2014 = DIRECTION('',(-9.305497614657E-47,2.22044604925E-16,-1.));
#2015 = ORIENTED_EDGE('',*,*,#1993,.T.);
#2016 = ORIENTED_EDGE('',*,*,#222,.F.);
#2017 = ORIENTED_EDGE('',*,*,#2018,.F.);
#2018 = EDGE_CURVE('',#2008,#215,#2019,.T.);
#2019 = LINE('',#2020,#2021);
#2020 = CARTESIAN_POINT('',(3.,39.865697191509,0.5));
#2021 = VECTOR('',#2022,1.);
#2022 = DIRECTION('',(-1.,2.22044604925E-16,4.930380657631E-32));
#2023 = CYLINDRICAL_SURFACE('',#2024,0.5);
#2024 = AXIS2_PLACEMENT_3D('',#2025,#2026,#2027);
#2025 = CARTESIAN_POINT('',(3.,39.865697191509,1.));
#2026 = DIRECTION('',(-1.,2.22044604925E-16,4.930380657631E-32));
#2027 = DIRECTION('',(-9.305497614657E-47,2.22044604925E-16,-1.));
#2028 = ADVANCED_FACE('',(#2029),#2047,.T.);
#2029 = FACE_BOUND('',#2030,.T.);
#2030 = EDGE_LOOP('',(#2031,#2039,#2040,#2041));
#2031 = ORIENTED_EDGE('',*,*,#2032,.T.);
#2032 = EDGE_CURVE('',#2033,#2008,#2035,.T.);
#2033 = VERTEX_POINT('',#2034);
#2034 = CARTESIAN_POINT('',(3.,40.263383266368,0.5));
#2035 = LINE('',#2036,#2037);
#2036 = CARTESIAN_POINT('',(3.,40.263383266368,0.5));
#2037 = VECTOR('',#2038,1.);
#2038 = DIRECTION('',(-2.22044604925E-16,-1.,3.571164596471E-13));
#2039 = ORIENTED_EDGE('',*,*,#2018,.T.);
#2040 = ORIENTED_EDGE('',*,*,#214,.F.);
#2041 = ORIENTED_EDGE('',*,*,#2042,.F.);
#2042 = EDGE_CURVE('',#2033,#206,#2043,.T.);
#2043 = LINE('',#2044,#2045);
#2044 = CARTESIAN_POINT('',(3.,40.263383266368,0.5));
#2045 = VECTOR('',#2046,1.);
#2046 = DIRECTION('',(-1.,2.22044604925E-16,4.930380657631E-32));
#2047 = PLANE('',#2048);
#2048 = AXIS2_PLACEMENT_3D('',#2049,#2050,#2051);
#2049 = CARTESIAN_POINT('',(3.,40.263383266368,0.5));
#2050 = DIRECTION('',(-7.934508700115E-29,-3.571164596471E-13,-1.));
#2051 = DIRECTION('',(-2.22044604925E-16,-1.,3.571164596471E-13));
#2052 = ADVANCED_FACE('',(#2053),#2072,.T.);
#2053 = FACE_BOUND('',#2054,.T.);
#2054 = EDGE_LOOP('',(#2055,#2064,#2065,#2066));
#2055 = ORIENTED_EDGE('',*,*,#2056,.T.);
#2056 = EDGE_CURVE('',#2057,#2033,#2059,.T.);
#2057 = VERTEX_POINT('',#2058);
#2058 = CARTESIAN_POINT('',(3.,40.65877025067,0.69394586648));
#2059 = CIRCLE('',#2060,0.5);
#2060 = AXIS2_PLACEMENT_3D('',#2061,#2062,#2063);
#2061 = CARTESIAN_POINT('',(3.,40.263383266368,1.));
#2062 = DIRECTION('',(-1.,2.22044604925E-16,4.930380657631E-32));
#2063 = DIRECTION('',(1.755870934436E-16,0.790773968604,-0.61210826704)
  );
#2064 = ORIENTED_EDGE('',*,*,#2042,.T.);
#2065 = ORIENTED_EDGE('',*,*,#205,.F.);
#2066 = ORIENTED_EDGE('',*,*,#2067,.F.);
#2067 = EDGE_CURVE('',#2057,#198,#2068,.T.);
#2068 = LINE('',#2069,#2070);
#2069 = CARTESIAN_POINT('',(3.,40.65877025067,0.69394586648));
#2070 = VECTOR('',#2071,1.);
#2071 = DIRECTION('',(-1.,2.22044604925E-16,4.930380657631E-32));
#2072 = CYLINDRICAL_SURFACE('',#2073,0.5);
#2073 = AXIS2_PLACEMENT_3D('',#2074,#2075,#2076);
#2074 = CARTESIAN_POINT('',(3.,40.263383266368,1.));
#2075 = DIRECTION('',(-1.,2.22044604925E-16,4.930380657631E-32));
#2076 = DIRECTION('',(1.755870934436E-16,0.790773968604,-0.61210826704)
  );
#2077 = ADVANCED_FACE('',(#2078),#2096,.T.);
#2078 = FACE_BOUND('',#2079,.T.);
#2079 = EDGE_LOOP('',(#2080,#2088,#2089,#2090));
#2080 = ORIENTED_EDGE('',*,*,#2081,.F.);
#2081 = EDGE_CURVE('',#2057,#2082,#2084,.T.);
#2082 = VERTEX_POINT('',#2083);
#2083 = CARTESIAN_POINT('',(3.,45.259511789757,6.637578457783));
#2084 = LINE('',#2085,#2086);
#2085 = CARTESIAN_POINT('',(3.,40.65877025067,0.69394586648));
#2086 = VECTOR('',#2087,1.);
#2087 = DIRECTION('',(1.359153383262E-16,0.61210826704,0.790773968604));
#2088 = ORIENTED_EDGE('',*,*,#2067,.T.);
#2089 = ORIENTED_EDGE('',*,*,#197,.F.);
#2090 = ORIENTED_EDGE('',*,*,#2091,.F.);
#2091 = EDGE_CURVE('',#2082,#189,#2092,.T.);
#2092 = LINE('',#2093,#2094);
#2093 = CARTESIAN_POINT('',(3.,45.259511789757,6.637578457783));
#2094 = VECTOR('',#2095,1.);
#2095 = DIRECTION('',(-1.,2.22044604925E-16,4.930380657631E-32));
#2096 = PLANE('',#2097);
#2097 = AXIS2_PLACEMENT_3D('',#2098,#2099,#2100);
#2098 = CARTESIAN_POINT('',(3.,45.259511789755,6.637578457784));
#2099 = DIRECTION('',(1.755870934437E-16,0.790773968604,-0.61210826704)
  );
#2100 = DIRECTION('',(-1.359153383262E-16,-0.61210826704,-0.790773968604
    ));
#2101 = ADVANCED_FACE('',(#2102),#2114,.T.);
#2102 = FACE_BOUND('',#2103,.T.);
#2103 = EDGE_LOOP('',(#2104,#2111,#2112,#2113));
#2104 = ORIENTED_EDGE('',*,*,#2105,.T.);
#2105 = EDGE_CURVE('',#984,#2082,#2106,.T.);
#2106 = CIRCLE('',#2107,2.);
#2107 = AXIS2_PLACEMENT_3D('',#2108,#2109,#2110);
#2108 = CARTESIAN_POINT('',(3.,43.677963852549,7.861794991863));
#2109 = DIRECTION('',(-1.,2.22044604925E-16,4.930380657631E-32));
#2110 = DIRECTION('',(2.01240754513E-16,0.906307787037,0.422618261741));
#2111 = ORIENTED_EDGE('',*,*,#2091,.T.);
#2112 = ORIENTED_EDGE('',*,*,#188,.F.);
#2113 = ORIENTED_EDGE('',*,*,#991,.F.);
#2114 = CYLINDRICAL_SURFACE('',#2115,2.);
#2115 = AXIS2_PLACEMENT_3D('',#2116,#2117,#2118);
#2116 = CARTESIAN_POINT('',(3.,43.677963852549,7.861794991863));
#2117 = DIRECTION('',(-1.,2.22044604925E-16,4.930380657631E-32));
#2118 = DIRECTION('',(2.01240754513E-16,0.906307787037,0.422618261741));
#2119 = ADVANCED_FACE('',(#2120),#2139,.T.);
#2120 = FACE_BOUND('',#2121,.T.);
#2121 = EDGE_LOOP('',(#2122,#2131,#2132,#2133));
#2122 = ORIENTED_EDGE('',*,*,#2123,.T.);
#2123 = EDGE_CURVE('',#2124,#999,#2126,.T.);
#2124 = VERTEX_POINT('',#2125);
#2125 = CARTESIAN_POINT('',(3.,28.284193104556,41.51006753196));
#2126 = CIRCLE('',#2127,2.000000000001);
#2127 = AXIS2_PLACEMENT_3D('',#2128,#2129,#2130);
#2128 = CARTESIAN_POINT('',(3.,28.878068164523,39.600273717656));
#2129 = DIRECTION('',(-1.,2.22044604925E-16,6.162975822039E-32));
#2130 = DIRECTION('',(-6.59333765326E-17,-0.296937529983,0.954896907151)
  );
#2131 = ORIENTED_EDGE('',*,*,#998,.T.);
#2132 = ORIENTED_EDGE('',*,*,#171,.F.);
#2133 = ORIENTED_EDGE('',*,*,#2134,.F.);
#2134 = EDGE_CURVE('',#2124,#164,#2135,.T.);
#2135 = LINE('',#2136,#2137);
#2136 = CARTESIAN_POINT('',(3.,28.284193104556,41.51006753196));
#2137 = VECTOR('',#2138,1.);
#2138 = DIRECTION('',(-1.,2.22044604925E-16,4.930380657631E-32));
#2139 = CYLINDRICAL_SURFACE('',#2140,2.000000000001);
#2140 = AXIS2_PLACEMENT_3D('',#2141,#2142,#2143);
#2141 = CARTESIAN_POINT('',(3.,28.878068164523,39.600273717656));
#2142 = DIRECTION('',(-1.,2.22044604925E-16,4.930380657631E-32));
#2143 = DIRECTION('',(-6.59333765326E-17,-0.296937529983,0.954896907151)
  );
#2144 = ADVANCED_FACE('',(#2145),#2163,.T.);
#2145 = FACE_BOUND('',#2146,.T.);
#2146 = EDGE_LOOP('',(#2147,#2155,#2156,#2157));
#2147 = ORIENTED_EDGE('',*,*,#2148,.F.);
#2148 = EDGE_CURVE('',#2124,#2149,#2151,.T.);
#2149 = VERTEX_POINT('',#2150);
#2150 = CARTESIAN_POINT('',(3.,17.510371748468,38.159808589866));
#2151 = LINE('',#2152,#2153);
#2152 = CARTESIAN_POINT('',(3.,28.284193104556,41.51006753196));
#2153 = VECTOR('',#2154,1.);
#2154 = DIRECTION('',(-2.120297064926E-16,-0.954896907151,
    -0.296937529984));
#2155 = ORIENTED_EDGE('',*,*,#2134,.T.);
#2156 = ORIENTED_EDGE('',*,*,#163,.F.);
#2157 = ORIENTED_EDGE('',*,*,#2158,.F.);
#2158 = EDGE_CURVE('',#2149,#155,#2159,.T.);
#2159 = LINE('',#2160,#2161);
#2160 = CARTESIAN_POINT('',(3.,17.510371748468,38.159808589866));
#2161 = VECTOR('',#2162,1.);
#2162 = DIRECTION('',(-1.,2.22044604925E-16,4.930380657631E-32));
#2163 = PLANE('',#2164);
#2164 = AXIS2_PLACEMENT_3D('',#2165,#2166,#2167);
#2165 = CARTESIAN_POINT('',(3.,17.510371748468,38.159808589866));
#2166 = DIRECTION('',(-6.593337653263E-17,-0.296937529984,0.954896907151
    ));
#2167 = DIRECTION('',(2.120297064926E-16,0.954896907151,0.296937529984)
  );
#2168 = ADVANCED_FACE('',(#2169),#2188,.T.);
#2169 = FACE_BOUND('',#2170,.T.);
#2170 = EDGE_LOOP('',(#2171,#2180,#2181,#2182));
#2171 = ORIENTED_EDGE('',*,*,#2172,.T.);
#2172 = EDGE_CURVE('',#2173,#2149,#2175,.T.);
#2173 = VERTEX_POINT('',#2174);
#2174 = CARTESIAN_POINT('',(3.,16.104246808435,36.250014775563));
#2175 = CIRCLE('',#2176,2.);
#2176 = AXIS2_PLACEMENT_3D('',#2177,#2178,#2179);
#2177 = CARTESIAN_POINT('',(3.,18.104246808435,36.250014775563));
#2178 = DIRECTION('',(-1.,2.22044604925E-16,4.930380657631E-32));
#2179 = DIRECTION('',(-2.22044604925E-16,-1.,-2.22044604925E-16));
#2180 = ORIENTED_EDGE('',*,*,#2158,.T.);
#2181 = ORIENTED_EDGE('',*,*,#154,.F.);
#2182 = ORIENTED_EDGE('',*,*,#2183,.F.);
#2183 = EDGE_CURVE('',#2173,#147,#2184,.T.);
#2184 = LINE('',#2185,#2186);
#2185 = CARTESIAN_POINT('',(3.,16.104246808435,36.250014775563));
#2186 = VECTOR('',#2187,1.);
#2187 = DIRECTION('',(-1.,2.22044604925E-16,4.930380657631E-32));
#2188 = CYLINDRICAL_SURFACE('',#2189,2.);
#2189 = AXIS2_PLACEMENT_3D('',#2190,#2191,#2192);
#2190 = CARTESIAN_POINT('',(3.,18.104246808435,36.250014775563));
#2191 = DIRECTION('',(-1.,2.22044604925E-16,4.930380657631E-32));
#2192 = DIRECTION('',(-2.22044604925E-16,-1.,-2.22044604925E-16));
#2193 = ADVANCED_FACE('',(#2194),#2212,.T.);
#2194 = FACE_BOUND('',#2195,.T.);
#2195 = EDGE_LOOP('',(#2196,#2204,#2205,#2206));
#2196 = ORIENTED_EDGE('',*,*,#2197,.T.);
#2197 = EDGE_CURVE('',#2198,#2173,#2200,.T.);
#2198 = VERTEX_POINT('',#2199);
#2199 = CARTESIAN_POINT('',(3.,16.104246808435,33.));
#2200 = LINE('',#2201,#2202);
#2201 = CARTESIAN_POINT('',(3.,16.104246808435,33.));
#2202 = VECTOR('',#2203,1.);
#2203 = DIRECTION('',(0.,-2.22044604925E-16,1.));
#2204 = ORIENTED_EDGE('',*,*,#2183,.T.);
#2205 = ORIENTED_EDGE('',*,*,#146,.F.);
#2206 = ORIENTED_EDGE('',*,*,#2207,.F.);
#2207 = EDGE_CURVE('',#2198,#138,#2208,.T.);
#2208 = LINE('',#2209,#2210);
#2209 = CARTESIAN_POINT('',(3.,16.104246808435,33.));
#2210 = VECTOR('',#2211,1.);
#2211 = DIRECTION('',(-1.,2.22044604925E-16,4.930380657631E-32));
#2212 = PLANE('',#2213);
#2213 = AXIS2_PLACEMENT_3D('',#2214,#2215,#2216);
#2214 = CARTESIAN_POINT('',(3.,16.104246808435,33.));
#2215 = DIRECTION('',(-2.22044604925E-16,-1.,-2.22044604925E-16));
#2216 = DIRECTION('',(0.,-2.22044604925E-16,1.));
#2217 = ADVANCED_FACE('',(#2218),#2237,.F.);
#2218 = FACE_BOUND('',#2219,.F.);
#2219 = EDGE_LOOP('',(#2220,#2228,#2229,#2230));
#2220 = ORIENTED_EDGE('',*,*,#2221,.T.);
#2221 = EDGE_CURVE('',#2222,#130,#2224,.T.);
#2222 = VERTEX_POINT('',#2223);
#2223 = CARTESIAN_POINT('',(3.,14.504246808436,33.));
#2224 = LINE('',#2225,#2226);
#2225 = CARTESIAN_POINT('',(3.,14.504246808436,33.));
#2226 = VECTOR('',#2227,1.);
#2227 = DIRECTION('',(-1.,2.22044604925E-16,4.930380657631E-32));
#2228 = ORIENTED_EDGE('',*,*,#137,.T.);
#2229 = ORIENTED_EDGE('',*,*,#2207,.F.);
#2230 = ORIENTED_EDGE('',*,*,#2231,.T.);
#2231 = EDGE_CURVE('',#2198,#2222,#2232,.T.);
#2232 = CIRCLE('',#2233,0.799999999999);
#2233 = AXIS2_PLACEMENT_3D('',#2234,#2235,#2236);
#2234 = CARTESIAN_POINT('',(3.,15.304246808436,33.));
#2235 = DIRECTION('',(-1.,2.22044604925E-16,4.930380657631E-32));
#2236 = DIRECTION('',(2.22044604925E-16,1.,2.22044604925E-16));
#2237 = CYLINDRICAL_SURFACE('',#2238,0.799999999999);
#2238 = AXIS2_PLACEMENT_3D('',#2239,#2240,#2241);
#2239 = CARTESIAN_POINT('',(3.,15.304246808436,33.));
#2240 = DIRECTION('',(-1.,2.22044604925E-16,4.930380657631E-32));
#2241 = DIRECTION('',(2.22044604925E-16,1.,2.22044604925E-16));
#2242 = ADVANCED_FACE('',(#2243),#2261,.T.);
#2243 = FACE_BOUND('',#2244,.T.);
#2244 = EDGE_LOOP('',(#2245,#2253,#2254,#2255));
#2245 = ORIENTED_EDGE('',*,*,#2246,.F.);
#2246 = EDGE_CURVE('',#2222,#2247,#2249,.T.);
#2247 = VERTEX_POINT('',#2248);
#2248 = CARTESIAN_POINT('',(3.,12.308880575581,33.));
#2249 = LINE('',#2250,#2251);
#2250 = CARTESIAN_POINT('',(3.,14.504246808436,33.));
#2251 = VECTOR('',#2252,1.);
#2252 = DIRECTION('',(-2.22044604925E-16,-1.,-2.22044604925E-16));
#2253 = ORIENTED_EDGE('',*,*,#2221,.T.);
#2254 = ORIENTED_EDGE('',*,*,#129,.F.);
#2255 = ORIENTED_EDGE('',*,*,#2256,.F.);
#2256 = EDGE_CURVE('',#2247,#121,#2257,.T.);
#2257 = LINE('',#2258,#2259);
#2258 = CARTESIAN_POINT('',(3.,12.308880575581,33.));
#2259 = VECTOR('',#2260,1.);
#2260 = DIRECTION('',(-1.,2.22044604925E-16,4.930380657631E-32));
#2261 = PLANE('',#2262);
#2262 = AXIS2_PLACEMENT_3D('',#2263,#2264,#2265);
#2263 = CARTESIAN_POINT('',(3.,12.308880575581,33.));
#2264 = DIRECTION('',(0.,-2.22044604925E-16,1.));
#2265 = DIRECTION('',(2.22044604925E-16,1.,2.22044604925E-16));
#2266 = ADVANCED_FACE('',(#2267),#2279,.F.);
#2267 = FACE_BOUND('',#2268,.F.);
#2268 = EDGE_LOOP('',(#2269,#2270,#2271,#2272));
#2269 = ORIENTED_EDGE('',*,*,#761,.T.);
#2270 = ORIENTED_EDGE('',*,*,#120,.T.);
#2271 = ORIENTED_EDGE('',*,*,#2256,.F.);
#2272 = ORIENTED_EDGE('',*,*,#2273,.T.);
#2273 = EDGE_CURVE('',#2247,#754,#2274,.T.);
#2274 = CIRCLE('',#2275,0.8);
#2275 = AXIS2_PLACEMENT_3D('',#2276,#2277,#2278);
#2276 = CARTESIAN_POINT('',(3.,11.508880575581,33.));
#2277 = DIRECTION('',(-1.,2.22044604925E-16,4.930380657631E-32));
#2278 = DIRECTION('',(2.22044604925E-16,1.,2.22044604925E-16));
#2279 = CYLINDRICAL_SURFACE('',#2280,0.8);
#2280 = AXIS2_PLACEMENT_3D('',#2281,#2282,#2283);
#2281 = CARTESIAN_POINT('',(3.,11.508880575581,33.));
#2282 = DIRECTION('',(-1.,2.22044604925E-16,4.930380657631E-32));
#2283 = DIRECTION('',(2.22044604925E-16,1.,2.22044604925E-16));
#2284 = ADVANCED_FACE('',(#2285),#2304,.F.);
#2285 = FACE_BOUND('',#2286,.F.);
#2286 = EDGE_LOOP('',(#2287,#2295,#2296,#2297));
#2287 = ORIENTED_EDGE('',*,*,#2288,.T.);
#2288 = EDGE_CURVE('',#2289,#453,#2291,.T.);
#2289 = VERTEX_POINT('',#2290);
#2290 = CARTESIAN_POINT('',(3.,3.158897466193,33.));
#2291 = LINE('',#2292,#2293);
#2292 = CARTESIAN_POINT('',(3.,3.158897466193,33.));
#2293 = VECTOR('',#2294,1.);
#2294 = DIRECTION('',(-1.,2.22044604925E-16,4.930380657631E-32));
#2295 = ORIENTED_EDGE('',*,*,#460,.T.);
#2296 = ORIENTED_EDGE('',*,*,#72,.F.);
#2297 = ORIENTED_EDGE('',*,*,#2298,.T.);
#2298 = EDGE_CURVE('',#73,#2289,#2299,.T.);
#2299 = CIRCLE('',#2300,0.799999999995);
#2300 = AXIS2_PLACEMENT_3D('',#2301,#2302,#2303);
#2301 = CARTESIAN_POINT('',(3.,3.958897466194,33.));
#2302 = DIRECTION('',(-1.,2.22044604925E-16,4.930380657631E-32));
#2303 = DIRECTION('',(2.22044604925E-16,1.,2.22044604925E-16));
#2304 = CYLINDRICAL_SURFACE('',#2305,0.799999999995);
#2305 = AXIS2_PLACEMENT_3D('',#2306,#2307,#2308);
#2306 = CARTESIAN_POINT('',(3.,3.958897466194,33.));
#2307 = DIRECTION('',(-1.,2.22044604925E-16,4.930380657631E-32));
#2308 = DIRECTION('',(2.22044604925E-16,1.,2.22044604925E-16));
#2309 = ADVANCED_FACE('',(#2310),#2328,.T.);
#2310 = FACE_BOUND('',#2311,.T.);
#2311 = EDGE_LOOP('',(#2312,#2320,#2321,#2322));
#2312 = ORIENTED_EDGE('',*,*,#2313,.F.);
#2313 = EDGE_CURVE('',#2289,#2314,#2316,.T.);
#2314 = VERTEX_POINT('',#2315);
#2315 = CARTESIAN_POINT('',(3.,0.500000000001,33.));
#2316 = LINE('',#2317,#2318);
#2317 = CARTESIAN_POINT('',(3.,3.158897466193,33.));
#2318 = VECTOR('',#2319,1.);
#2319 = DIRECTION('',(-2.22044604925E-16,-1.,-2.22044604925E-16));
#2320 = ORIENTED_EDGE('',*,*,#2288,.T.);
#2321 = ORIENTED_EDGE('',*,*,#452,.F.);
#2322 = ORIENTED_EDGE('',*,*,#2323,.F.);
#2323 = EDGE_CURVE('',#2314,#444,#2324,.T.);
#2324 = LINE('',#2325,#2326);
#2325 = CARTESIAN_POINT('',(3.,0.500000000001,33.));
#2326 = VECTOR('',#2327,1.);
#2327 = DIRECTION('',(-1.,2.22044604925E-16,4.930380657631E-32));
#2328 = PLANE('',#2329);
#2329 = AXIS2_PLACEMENT_3D('',#2330,#2331,#2332);
#2330 = CARTESIAN_POINT('',(3.,0.500000000001,33.));
#2331 = DIRECTION('',(0.,-2.22044604925E-16,1.));
#2332 = DIRECTION('',(2.22044604925E-16,1.,2.22044604925E-16));
#2333 = ADVANCED_FACE('',(#2334),#2353,.T.);
#2334 = FACE_BOUND('',#2335,.T.);
#2335 = EDGE_LOOP('',(#2336,#2345,#2346,#2347));
#2336 = ORIENTED_EDGE('',*,*,#2337,.T.);
#2337 = EDGE_CURVE('',#2338,#2314,#2340,.T.);
#2338 = VERTEX_POINT('',#2339);
#2339 = CARTESIAN_POINT('',(3.,4.684610648177E-02,32.288690869129));
#2340 = CIRCLE('',#2341,0.500000000001);
#2341 = AXIS2_PLACEMENT_3D('',#2342,#2343,#2344);
#2342 = CARTESIAN_POINT('',(3.,0.500000000001,32.5));
#2343 = DIRECTION('',(-1.,2.22044604925E-16,4.930380657631E-32));
#2344 = DIRECTION('',(-2.01240754513E-16,-0.906307787037,-0.422618261741
    ));
#2345 = ORIENTED_EDGE('',*,*,#2323,.T.);
#2346 = ORIENTED_EDGE('',*,*,#443,.F.);
#2347 = ORIENTED_EDGE('',*,*,#2348,.F.);
#2348 = EDGE_CURVE('',#2338,#436,#2349,.T.);
#2349 = LINE('',#2350,#2351);
#2350 = CARTESIAN_POINT('',(3.,4.684610648177E-02,32.288690869129));
#2351 = VECTOR('',#2352,1.);
#2352 = DIRECTION('',(-1.,2.22044604925E-16,4.930380657631E-32));
#2353 = CYLINDRICAL_SURFACE('',#2354,0.500000000001);
#2354 = AXIS2_PLACEMENT_3D('',#2355,#2356,#2357);
#2355 = CARTESIAN_POINT('',(3.,0.500000000001,32.5));
#2356 = DIRECTION('',(-1.,2.22044604925E-16,4.930380657631E-32));
#2357 = DIRECTION('',(-2.01240754513E-16,-0.906307787037,-0.422618261741
    ));
#2358 = ADVANCED_FACE('',(#2359),#2377,.T.);
#2359 = FACE_BOUND('',#2360,.T.);
#2360 = EDGE_LOOP('',(#2361,#2369,#2370,#2371));
#2361 = ORIENTED_EDGE('',*,*,#2362,.T.);
#2362 = EDGE_CURVE('',#2363,#2338,#2365,.T.);
#2363 = VERTEX_POINT('',#2364);
#2364 = CARTESIAN_POINT('',(3.,1.391711285584,29.404618185395));
#2365 = LINE('',#2366,#2367);
#2366 = CARTESIAN_POINT('',(3.,1.391711285582,29.404618185394));
#2367 = VECTOR('',#2368,1.);
#2368 = DIRECTION('',(-9.384010496225E-17,-0.42261826174,0.906307787037)
  );
#2369 = ORIENTED_EDGE('',*,*,#2348,.T.);
#2370 = ORIENTED_EDGE('',*,*,#435,.F.);
#2371 = ORIENTED_EDGE('',*,*,#2372,.F.);
#2372 = EDGE_CURVE('',#2363,#427,#2373,.T.);
#2373 = LINE('',#2374,#2375);
#2374 = CARTESIAN_POINT('',(3.,1.391711285584,29.404618185395));
#2375 = VECTOR('',#2376,1.);
#2376 = DIRECTION('',(-1.,2.22044604925E-16,4.930380657631E-32));
#2377 = PLANE('',#2378);
#2378 = AXIS2_PLACEMENT_3D('',#2379,#2380,#2381);
#2379 = CARTESIAN_POINT('',(3.,1.391711285582,29.404618185394));
#2380 = DIRECTION('',(-2.012407545131E-16,-0.906307787037,-0.42261826174
    ));
#2381 = DIRECTION('',(-9.384010496225E-17,-0.42261826174,0.906307787037)
  );
#2382 = ADVANCED_FACE('',(#2383),#2402,.T.);
#2383 = FACE_BOUND('',#2384,.T.);
#2384 = EDGE_LOOP('',(#2385,#2394,#2395,#2396));
#2385 = ORIENTED_EDGE('',*,*,#2386,.T.);
#2386 = EDGE_CURVE('',#2387,#2363,#2389,.T.);
#2387 = VERTEX_POINT('',#2388);
#2388 = CARTESIAN_POINT('',(3.,1.956105816314,28.887504929541));
#2389 = CIRCLE('',#2390,0.999999999999);
#2390 = AXIS2_PLACEMENT_3D('',#2391,#2392,#2393);
#2391 = CARTESIAN_POINT('',(3.,2.29801907262,29.827236447135));
#2392 = DIRECTION('',(-1.,2.22044604925E-16,6.162975822039E-32));
#2393 = DIRECTION('',(-7.591999391512E-17,-0.341913256306,
    -0.939731517595));
#2394 = ORIENTED_EDGE('',*,*,#2372,.T.);
#2395 = ORIENTED_EDGE('',*,*,#426,.F.);
#2396 = ORIENTED_EDGE('',*,*,#2397,.F.);
#2397 = EDGE_CURVE('',#2387,#419,#2398,.T.);
#2398 = LINE('',#2399,#2400);
#2399 = CARTESIAN_POINT('',(3.,1.956105816314,28.887504929541));
#2400 = VECTOR('',#2401,1.);
#2401 = DIRECTION('',(-1.,2.22044604925E-16,4.930380657631E-32));
#2402 = CYLINDRICAL_SURFACE('',#2403,0.999999999999);
#2403 = AXIS2_PLACEMENT_3D('',#2404,#2405,#2406);
#2404 = CARTESIAN_POINT('',(3.,2.29801907262,29.827236447135));
#2405 = DIRECTION('',(-1.,2.22044604925E-16,4.930380657631E-32));
#2406 = DIRECTION('',(-7.591999391512E-17,-0.341913256306,
    -0.939731517595));
#2407 = ADVANCED_FACE('',(#2408),#2426,.T.);
#2408 = FACE_BOUND('',#2409,.T.);
#2409 = EDGE_LOOP('',(#2410,#2418,#2419,#2420));
#2410 = ORIENTED_EDGE('',*,*,#2411,.T.);
#2411 = EDGE_CURVE('',#2412,#2387,#2414,.T.);
#2412 = VERTEX_POINT('',#2413);
#2413 = CARTESIAN_POINT('',(3.,8.622805883581,26.461883264048));
#2414 = LINE('',#2415,#2416);
#2415 = CARTESIAN_POINT('',(3.,8.622805883581,26.461883264048));
#2416 = VECTOR('',#2417,1.);
#2417 = DIRECTION('',(-2.0866231356E-16,-0.939731517595,0.341913256307)
  );
#2418 = ORIENTED_EDGE('',*,*,#2397,.T.);
#2419 = ORIENTED_EDGE('',*,*,#418,.F.);
#2420 = ORIENTED_EDGE('',*,*,#2421,.F.);
#2421 = EDGE_CURVE('',#2412,#410,#2422,.T.);
#2422 = LINE('',#2423,#2424);
#2423 = CARTESIAN_POINT('',(3.,8.622805883581,26.461883264048));
#2424 = VECTOR('',#2425,1.);
#2425 = DIRECTION('',(-1.,2.22044604925E-16,4.930380657631E-32));
#2426 = PLANE('',#2427);
#2427 = AXIS2_PLACEMENT_3D('',#2428,#2429,#2430);
#2428 = CARTESIAN_POINT('',(3.,8.622805883581,26.461883264048));
#2429 = DIRECTION('',(-7.591999391543E-17,-0.341913256307,
    -0.939731517595));
#2430 = DIRECTION('',(-2.0866231356E-16,-0.939731517595,0.341913256307)
  );
#2431 = ADVANCED_FACE('',(#2432),#2451,.F.);
#2432 = FACE_BOUND('',#2433,.F.);
#2433 = EDGE_LOOP('',(#2434,#2442,#2443,#2444));
#2434 = ORIENTED_EDGE('',*,*,#2435,.T.);
#2435 = EDGE_CURVE('',#2436,#402,#2438,.T.);
#2436 = VERTEX_POINT('',#2437);
#2437 = CARTESIAN_POINT('',(3.,9.187200414312,25.944770008194));
#2438 = LINE('',#2439,#2440);
#2439 = CARTESIAN_POINT('',(3.,9.187200414312,25.944770008194));
#2440 = VECTOR('',#2441,1.);
#2441 = DIRECTION('',(-1.,2.22044604925E-16,4.930380657631E-32));
#2442 = ORIENTED_EDGE('',*,*,#409,.T.);
#2443 = ORIENTED_EDGE('',*,*,#2421,.F.);
#2444 = ORIENTED_EDGE('',*,*,#2445,.T.);
#2445 = EDGE_CURVE('',#2412,#2436,#2446,.T.);
#2446 = CIRCLE('',#2447,1.);
#2447 = AXIS2_PLACEMENT_3D('',#2448,#2449,#2450);
#2448 = CARTESIAN_POINT('',(3.,8.280892627275,25.522151746453));
#2449 = DIRECTION('',(-1.,2.22044604925E-16,6.162975822039E-32));
#2450 = DIRECTION('',(7.591999391511E-17,0.341913256306,0.939731517595)
  );
#2451 = CYLINDRICAL_SURFACE('',#2452,1.);
#2452 = AXIS2_PLACEMENT_3D('',#2453,#2454,#2455);
#2453 = CARTESIAN_POINT('',(3.,8.280892627275,25.522151746453));
#2454 = DIRECTION('',(-1.,2.22044604925E-16,4.930380657631E-32));
#2455 = DIRECTION('',(7.591999391511E-17,0.341913256306,0.939731517595)
  );
#2456 = ADVANCED_FACE('',(#2457),#2475,.T.);
#2457 = FACE_BOUND('',#2458,.T.);
#2458 = EDGE_LOOP('',(#2459,#2467,#2468,#2469));
#2459 = ORIENTED_EDGE('',*,*,#2460,.T.);
#2460 = EDGE_CURVE('',#2461,#2436,#2463,.T.);
#2461 = VERTEX_POINT('',#2462);
#2462 = CARTESIAN_POINT('',(3.,16.909017449288,9.385279937785));
#2463 = LINE('',#2464,#2465);
#2464 = CARTESIAN_POINT('',(3.,16.909017449288,9.385279937785));
#2465 = VECTOR('',#2466,1.);
#2466 = DIRECTION('',(-9.384010496235E-17,-0.422618261741,0.906307787037
    ));
#2467 = ORIENTED_EDGE('',*,*,#2435,.T.);
#2468 = ORIENTED_EDGE('',*,*,#401,.F.);
#2469 = ORIENTED_EDGE('',*,*,#2470,.F.);
#2470 = EDGE_CURVE('',#2461,#393,#2471,.T.);
#2471 = LINE('',#2472,#2473);
#2472 = CARTESIAN_POINT('',(3.,16.909017449288,9.385279937785));
#2473 = VECTOR('',#2474,1.);
#2474 = DIRECTION('',(-1.,2.22044604925E-16,4.930380657631E-32));
#2475 = PLANE('',#2476);
#2476 = AXIS2_PLACEMENT_3D('',#2477,#2478,#2479);
#2477 = CARTESIAN_POINT('',(3.,16.909017449288,9.385279937785));
#2478 = DIRECTION('',(-2.01240754513E-16,-0.906307787037,-0.422618261741
    ));
#2479 = DIRECTION('',(-9.384010496235E-17,-0.422618261741,0.906307787037
    ));
#2480 = ADVANCED_FACE('',(#2481),#2500,.F.);
#2481 = FACE_BOUND('',#2482,.F.);
#2482 = EDGE_LOOP('',(#2483,#2491,#2492,#2493));
#2483 = ORIENTED_EDGE('',*,*,#2484,.T.);
#2484 = EDGE_CURVE('',#2485,#385,#2487,.T.);
#2485 = VERTEX_POINT('',#2486);
#2486 = CARTESIAN_POINT('',(3.,16.875102754055,8.473856711489));
#2487 = LINE('',#2488,#2489);
#2488 = CARTESIAN_POINT('',(3.,16.875102754055,8.473856711489));
#2489 = VECTOR('',#2490,1.);
#2490 = DIRECTION('',(-1.,2.22044604925E-16,4.930380657631E-32));
#2491 = ORIENTED_EDGE('',*,*,#392,.T.);
#2492 = ORIENTED_EDGE('',*,*,#2470,.F.);
#2493 = ORIENTED_EDGE('',*,*,#2494,.T.);
#2494 = EDGE_CURVE('',#2461,#2485,#2495,.T.);
#2495 = CIRCLE('',#2496,1.);
#2496 = AXIS2_PLACEMENT_3D('',#2497,#2498,#2499);
#2497 = CARTESIAN_POINT('',(3.,16.002709662252,8.962661676044));
#2498 = DIRECTION('',(-1.,2.22044604925E-16,4.930380657631E-32));
#2499 = DIRECTION('',(2.01240754513E-16,0.906307787037,0.422618261741));
#2500 = CYLINDRICAL_SURFACE('',#2501,1.);
#2501 = AXIS2_PLACEMENT_3D('',#2502,#2503,#2504);
#2502 = CARTESIAN_POINT('',(3.,16.002709662252,8.962661676044));
#2503 = DIRECTION('',(-1.,2.22044604925E-16,4.930380657631E-32));
#2504 = DIRECTION('',(2.01240754513E-16,0.906307787037,0.422618261741));
#2505 = ADVANCED_FACE('',(#2506),#2524,.T.);
#2506 = FACE_BOUND('',#2507,.T.);
#2507 = EDGE_LOOP('',(#2508,#2516,#2517,#2518));
#2508 = ORIENTED_EDGE('',*,*,#2509,.T.);
#2509 = EDGE_CURVE('',#2510,#2485,#2512,.T.);
#2510 = VERTEX_POINT('',#2511);
#2511 = CARTESIAN_POINT('',(3.,14.324241240708,3.921214811835));
#2512 = LINE('',#2513,#2514);
#2513 = CARTESIAN_POINT('',(3.,14.32424124071,3.921214811834));
#2514 = VECTOR('',#2515,1.);
#2515 = DIRECTION('',(1.085365052398E-16,0.488804964554,0.872393091804)
  );
#2516 = ORIENTED_EDGE('',*,*,#2484,.T.);
#2517 = ORIENTED_EDGE('',*,*,#384,.F.);
#2518 = ORIENTED_EDGE('',*,*,#2519,.F.);
#2519 = EDGE_CURVE('',#2510,#376,#2520,.T.);
#2520 = LINE('',#2521,#2522);
#2521 = CARTESIAN_POINT('',(3.,14.324241240708,3.921214811835));
#2522 = VECTOR('',#2523,1.);
#2523 = DIRECTION('',(-1.,2.22044604925E-16,4.930380657631E-32));
#2524 = PLANE('',#2525);
#2525 = AXIS2_PLACEMENT_3D('',#2526,#2527,#2528);
#2526 = CARTESIAN_POINT('',(3.,14.32424124071,3.921214811834));
#2527 = DIRECTION('',(-1.937101794089E-16,-0.872393091804,0.488804964554
    ));
#2528 = DIRECTION('',(1.085365052398E-16,0.488804964554,0.872393091804)
  );
#2529 = ADVANCED_FACE('',(#2530),#2549,.T.);
#2530 = FACE_BOUND('',#2531,.T.);
#2531 = EDGE_LOOP('',(#2532,#2541,#2542,#2543));
#2532 = ORIENTED_EDGE('',*,*,#2533,.T.);
#2533 = EDGE_CURVE('',#2534,#2510,#2536,.T.);
#2534 = VERTEX_POINT('',#2535);
#2535 = CARTESIAN_POINT('',(3.,14.196634332512,3.43240984728));
#2536 = CIRCLE('',#2537,1.);
#2537 = AXIS2_PLACEMENT_3D('',#2538,#2539,#2540);
#2538 = CARTESIAN_POINT('',(3.,15.196634332512,3.43240984728));
#2539 = DIRECTION('',(-1.,2.22044604925E-16,4.930380657631E-32));
#2540 = DIRECTION('',(-2.22044604925E-16,-1.,-2.22044604925E-16));
#2541 = ORIENTED_EDGE('',*,*,#2519,.T.);
#2542 = ORIENTED_EDGE('',*,*,#375,.F.);
#2543 = ORIENTED_EDGE('',*,*,#2544,.F.);
#2544 = EDGE_CURVE('',#2534,#368,#2545,.T.);
#2545 = LINE('',#2546,#2547);
#2546 = CARTESIAN_POINT('',(3.,14.196634332512,3.43240984728));
#2547 = VECTOR('',#2548,1.);
#2548 = DIRECTION('',(-1.,2.22044604925E-16,4.930380657631E-32));
#2549 = CYLINDRICAL_SURFACE('',#2550,1.);
#2550 = AXIS2_PLACEMENT_3D('',#2551,#2552,#2553);
#2551 = CARTESIAN_POINT('',(3.,15.196634332512,3.43240984728));
#2552 = DIRECTION('',(-1.,2.22044604925E-16,4.930380657631E-32));
#2553 = DIRECTION('',(-2.22044604925E-16,-1.,-2.22044604925E-16));
#2554 = ADVANCED_FACE('',(#2555),#2573,.T.);
#2555 = FACE_BOUND('',#2556,.T.);
#2556 = EDGE_LOOP('',(#2557,#2565,#2566,#2567));
#2557 = ORIENTED_EDGE('',*,*,#2558,.T.);
#2558 = EDGE_CURVE('',#2559,#2534,#2561,.T.);
#2559 = VERTEX_POINT('',#2560);
#2560 = CARTESIAN_POINT('',(3.,14.196634332512,0.5));
#2561 = LINE('',#2562,#2563);
#2562 = CARTESIAN_POINT('',(3.,14.196634332512,0.5));
#2563 = VECTOR('',#2564,1.);
#2564 = DIRECTION('',(0.,-2.22044604925E-16,1.));
#2565 = ORIENTED_EDGE('',*,*,#2544,.T.);
#2566 = ORIENTED_EDGE('',*,*,#367,.F.);
#2567 = ORIENTED_EDGE('',*,*,#2568,.F.);
#2568 = EDGE_CURVE('',#2559,#359,#2569,.T.);
#2569 = LINE('',#2570,#2571);
#2570 = CARTESIAN_POINT('',(3.,14.196634332512,0.5));
#2571 = VECTOR('',#2572,1.);
#2572 = DIRECTION('',(-1.,2.22044604925E-16,4.930380657631E-32));
#2573 = PLANE('',#2574);
#2574 = AXIS2_PLACEMENT_3D('',#2575,#2576,#2577);
#2575 = CARTESIAN_POINT('',(3.,14.196634332512,0.5));
#2576 = DIRECTION('',(-2.22044604925E-16,-1.,-2.22044604925E-16));
#2577 = DIRECTION('',(0.,-2.22044604925E-16,1.));
#2578 = ADVANCED_FACE('',(#2579),#2598,.T.);
#2579 = FACE_BOUND('',#2580,.T.);
#2580 = EDGE_LOOP('',(#2581,#2590,#2591,#2592));
#2581 = ORIENTED_EDGE('',*,*,#2582,.T.);
#2582 = EDGE_CURVE('',#2583,#2559,#2585,.T.);
#2583 = VERTEX_POINT('',#2584);
#2584 = CARTESIAN_POINT('',(3.,14.696634332512,2.442490654175E-13));
#2585 = CIRCLE('',#2586,0.5);
#2586 = AXIS2_PLACEMENT_3D('',#2587,#2588,#2589);
#2587 = CARTESIAN_POINT('',(3.,14.696634332512,0.5));
#2588 = DIRECTION('',(-1.,2.22044604925E-16,4.930380657631E-32));
#2589 = DIRECTION('',(-9.305497614657E-47,2.22044604925E-16,-1.));
#2590 = ORIENTED_EDGE('',*,*,#2568,.T.);
#2591 = ORIENTED_EDGE('',*,*,#358,.F.);
#2592 = ORIENTED_EDGE('',*,*,#2593,.F.);
#2593 = EDGE_CURVE('',#2583,#351,#2594,.T.);
#2594 = LINE('',#2595,#2596);
#2595 = CARTESIAN_POINT('',(3.,14.696634332512,2.442490654175E-13));
#2596 = VECTOR('',#2597,1.);
#2597 = DIRECTION('',(-1.,2.22044604925E-16,4.930380657631E-32));
#2598 = CYLINDRICAL_SURFACE('',#2599,0.5);
#2599 = AXIS2_PLACEMENT_3D('',#2600,#2601,#2602);
#2600 = CARTESIAN_POINT('',(3.,14.696634332512,0.5));
#2601 = DIRECTION('',(-1.,2.22044604925E-16,4.930380657631E-32));
#2602 = DIRECTION('',(-9.305497614657E-47,2.22044604925E-16,-1.));
#2603 = ADVANCED_FACE('',(#2604),#2622,.T.);
#2604 = FACE_BOUND('',#2605,.T.);
#2605 = EDGE_LOOP('',(#2606,#2614,#2615,#2616));
#2606 = ORIENTED_EDGE('',*,*,#2607,.T.);
#2607 = EDGE_CURVE('',#2608,#2583,#2610,.T.);
#2608 = VERTEX_POINT('',#2609);
#2609 = CARTESIAN_POINT('',(3.,19.646617441905,2.84217094304E-13));
#2610 = LINE('',#2611,#2612);
#2611 = CARTESIAN_POINT('',(3.,19.646617441905,2.442490654175E-13));
#2612 = VECTOR('',#2613,1.);
#2613 = DIRECTION('',(-2.22044604925E-16,-1.,-2.22044604925E-16));
#2614 = ORIENTED_EDGE('',*,*,#2593,.T.);
#2615 = ORIENTED_EDGE('',*,*,#350,.F.);
#2616 = ORIENTED_EDGE('',*,*,#2617,.F.);
#2617 = EDGE_CURVE('',#2608,#342,#2618,.T.);
#2618 = LINE('',#2619,#2620);
#2619 = CARTESIAN_POINT('',(3.,19.646617441905,2.84217094304E-13));
#2620 = VECTOR('',#2621,1.);
#2621 = DIRECTION('',(-1.,2.22044604925E-16,4.930380657631E-32));
#2622 = PLANE('',#2623);
#2623 = AXIS2_PLACEMENT_3D('',#2624,#2625,#2626);
#2624 = CARTESIAN_POINT('',(3.,19.646617441905,2.442490654175E-13));
#2625 = DIRECTION('',(0.,2.22044604925E-16,-1.));
#2626 = DIRECTION('',(-2.22044604925E-16,-1.,-2.22044604925E-16));
#2627 = ADVANCED_FACE('',(#2628),#2640,.T.);
#2628 = FACE_BOUND('',#2629,.T.);
#2629 = EDGE_LOOP('',(#2630,#2637,#2638,#2639));
#2630 = ORIENTED_EDGE('',*,*,#2631,.T.);
#2631 = EDGE_CURVE('',#1683,#2608,#2632,.T.);
#2632 = CIRCLE('',#2633,0.5);
#2633 = AXIS2_PLACEMENT_3D('',#2634,#2635,#2636);
#2634 = CARTESIAN_POINT('',(3.,19.646617441905,0.5));
#2635 = DIRECTION('',(-1.,2.22044604925E-16,4.930380657631E-32));
#2636 = DIRECTION('',(2.22044604925E-16,1.,2.22044604925E-16));
#2637 = ORIENTED_EDGE('',*,*,#2617,.T.);
#2638 = ORIENTED_EDGE('',*,*,#341,.F.);
#2639 = ORIENTED_EDGE('',*,*,#1692,.F.);
#2640 = CYLINDRICAL_SURFACE('',#2641,0.5);
#2641 = AXIS2_PLACEMENT_3D('',#2642,#2643,#2644);
#2642 = CARTESIAN_POINT('',(3.,19.646617441905,0.5));
#2643 = DIRECTION('',(-1.,2.22044604925E-16,4.930380657631E-32));
#2644 = DIRECTION('',(2.22044604925E-16,1.,2.22044604925E-16));
#2645 = ADVANCED_FACE('',(#2646,#2700,#2706,#2712,#2715,#2723,#2729,
    #2735),#2741,.F.);
#2646 = FACE_BOUND('',#2647,.T.);
#2647 = EDGE_LOOP('',(#2648,#2649,#2650,#2651,#2652,#2653,#2654,#2655,
    #2656,#2657,#2658,#2659,#2660,#2661,#2662,#2663,#2664,#2665,#2666,
    #2667,#2668,#2669,#2670,#2671,#2672,#2673,#2674,#2675,#2676,#2677,
    #2678,#2679,#2680,#2681,#2682,#2683,#2684,#2685,#2686,#2687,#2688,
    #2689,#2690,#2691,#2692,#2693,#2694,#2695,#2696,#2697,#2698,#2699));
#2648 = ORIENTED_EDGE('',*,*,#21,.F.);
#2649 = ORIENTED_EDGE('',*,*,#80,.F.);
#2650 = ORIENTED_EDGE('',*,*,#2298,.T.);
#2651 = ORIENTED_EDGE('',*,*,#2313,.T.);
#2652 = ORIENTED_EDGE('',*,*,#2337,.F.);
#2653 = ORIENTED_EDGE('',*,*,#2362,.F.);
#2654 = ORIENTED_EDGE('',*,*,#2386,.F.);
#2655 = ORIENTED_EDGE('',*,*,#2411,.F.);
#2656 = ORIENTED_EDGE('',*,*,#2445,.T.);
#2657 = ORIENTED_EDGE('',*,*,#2460,.F.);
#2658 = ORIENTED_EDGE('',*,*,#2494,.T.);
#2659 = ORIENTED_EDGE('',*,*,#2509,.F.);
#2660 = ORIENTED_EDGE('',*,*,#2533,.F.);
#2661 = ORIENTED_EDGE('',*,*,#2558,.F.);
#2662 = ORIENTED_EDGE('',*,*,#2582,.F.);
#2663 = ORIENTED_EDGE('',*,*,#2607,.F.);
#2664 = ORIENTED_EDGE('',*,*,#2631,.F.);
#2665 = ORIENTED_EDGE('',*,*,#1682,.T.);
#2666 = ORIENTED_EDGE('',*,*,#1723,.T.);
#2667 = ORIENTED_EDGE('',*,*,#1738,.F.);
#2668 = ORIENTED_EDGE('',*,*,#1772,.T.);
#2669 = ORIENTED_EDGE('',*,*,#1787,.F.);
#2670 = ORIENTED_EDGE('',*,*,#1811,.F.);
#2671 = ORIENTED_EDGE('',*,*,#1836,.F.);
#2672 = ORIENTED_EDGE('',*,*,#1860,.F.);
#2673 = ORIENTED_EDGE('',*,*,#1885,.T.);
#2674 = ORIENTED_EDGE('',*,*,#1919,.T.);
#2675 = ORIENTED_EDGE('',*,*,#1934,.F.);
#2676 = ORIENTED_EDGE('',*,*,#1968,.T.);
#2677 = ORIENTED_EDGE('',*,*,#1983,.F.);
#2678 = ORIENTED_EDGE('',*,*,#2007,.F.);
#2679 = ORIENTED_EDGE('',*,*,#2032,.F.);
#2680 = ORIENTED_EDGE('',*,*,#2056,.F.);
#2681 = ORIENTED_EDGE('',*,*,#2081,.T.);
#2682 = ORIENTED_EDGE('',*,*,#2105,.F.);
#2683 = ORIENTED_EDGE('',*,*,#983,.T.);
#2684 = ORIENTED_EDGE('',*,*,#793,.T.);
#2685 = ORIENTED_EDGE('',*,*,#946,.T.);
#2686 = ORIENTED_EDGE('',*,*,#906,.T.);
#2687 = ORIENTED_EDGE('',*,*,#891,.T.);
#2688 = ORIENTED_EDGE('',*,*,#833,.T.);
#2689 = ORIENTED_EDGE('',*,*,#1006,.T.);
#2690 = ORIENTED_EDGE('',*,*,#2123,.F.);
#2691 = ORIENTED_EDGE('',*,*,#2148,.T.);
#2692 = ORIENTED_EDGE('',*,*,#2172,.F.);
#2693 = ORIENTED_EDGE('',*,*,#2197,.F.);
#2694 = ORIENTED_EDGE('',*,*,#2231,.T.);
#2695 = ORIENTED_EDGE('',*,*,#2246,.T.);
#2696 = ORIENTED_EDGE('',*,*,#2273,.T.);
#2697 = ORIENTED_EDGE('',*,*,#753,.T.);
#2698 = ORIENTED_EDGE('',*,*,#720,.F.);
#2699 = ORIENTED_EDGE('',*,*,#777,.T.);
#2700 = FACE_BOUND('',#2701,.T.);
#2701 = EDGE_LOOP('',(#2702,#2703,#2704,#2705));
#2702 = ORIENTED_EDGE('',*,*,#1667,.F.);
#2703 = ORIENTED_EDGE('',*,*,#1584,.F.);
#2704 = ORIENTED_EDGE('',*,*,#1625,.F.);
#2705 = ORIENTED_EDGE('',*,*,#1640,.F.);
#2706 = FACE_BOUND('',#2707,.T.);
#2707 = EDGE_LOOP('',(#2708,#2709,#2710,#2711));
#2708 = ORIENTED_EDGE('',*,*,#1569,.F.);
#2709 = ORIENTED_EDGE('',*,*,#1486,.F.);
#2710 = ORIENTED_EDGE('',*,*,#1527,.F.);
#2711 = ORIENTED_EDGE('',*,*,#1542,.F.);
#2712 = FACE_BOUND('',#2713,.T.);
#2713 = EDGE_LOOP('',(#2714));
#2714 = ORIENTED_EDGE('',*,*,#1469,.F.);
#2715 = FACE_BOUND('',#2716,.T.);
#2716 = EDGE_LOOP('',(#2717,#2718,#2719,#2720,#2721,#2722));
#2717 = ORIENTED_EDGE('',*,*,#1444,.F.);
#2718 = ORIENTED_EDGE('',*,*,#1331,.F.);
#2719 = ORIENTED_EDGE('',*,*,#1346,.F.);
#2720 = ORIENTED_EDGE('',*,*,#1380,.F.);
#2721 = ORIENTED_EDGE('',*,*,#1395,.F.);
#2722 = ORIENTED_EDGE('',*,*,#1429,.F.);
#2723 = FACE_BOUND('',#2724,.T.);
#2724 = EDGE_LOOP('',(#2725,#2726,#2727,#2728));
#2725 = ORIENTED_EDGE('',*,*,#1299,.F.);
#2726 = ORIENTED_EDGE('',*,*,#1216,.F.);
#2727 = ORIENTED_EDGE('',*,*,#1257,.F.);
#2728 = ORIENTED_EDGE('',*,*,#1272,.F.);
#2729 = FACE_BOUND('',#2730,.T.);
#2730 = EDGE_LOOP('',(#2731,#2732,#2733,#2734));
#2731 = ORIENTED_EDGE('',*,*,#1201,.F.);
#2732 = ORIENTED_EDGE('',*,*,#1118,.F.);
#2733 = ORIENTED_EDGE('',*,*,#1159,.F.);
#2734 = ORIENTED_EDGE('',*,*,#1174,.F.);
#2735 = FACE_BOUND('',#2736,.T.);
#2736 = EDGE_LOOP('',(#2737,#2738,#2739,#2740));
#2737 = ORIENTED_EDGE('',*,*,#1103,.F.);
#2738 = ORIENTED_EDGE('',*,*,#1020,.F.);
#2739 = ORIENTED_EDGE('',*,*,#1061,.F.);
#2740 = ORIENTED_EDGE('',*,*,#1076,.F.);
#2741 = PLANE('',#2742);
#2742 = AXIS2_PLACEMENT_3D('',#2743,#2744,#2745);
#2743 = CARTESIAN_POINT('',(3.,22.838981926274,20.800136858828));
#2744 = DIRECTION('',(-1.,2.22044604925E-16,4.930380657631E-32));
#2745 = DIRECTION('',(-2.22044604925E-16,-1.,-2.22044604925E-16));
#2746 = ( GEOMETRIC_REPRESENTATION_CONTEXT(3) 
GLOBAL_UNCERTAINTY_ASSIGNED_CONTEXT((#2750)) 
GLOBAL_UNIT_ASSIGNED_CONTEXT((#2747,#2748,#2749)) REPRESENTATION_CONTEXT
('Context #1','3D Context with UNIT and UNCERTAINTY') );
#2747 = ( LENGTH_UNIT() NAMED_UNIT(*) SI_UNIT(.MILLI.,.METRE.) );
#2748 = ( NAMED_UNIT(*) PLANE_ANGLE_UNIT() SI_UNIT($,.RADIAN.) );
#2749 = ( NAMED_UNIT(*) SI_UNIT($,.STERADIAN.) SOLID_ANGLE_UNIT() );
#2750 = UNCERTAINTY_MEASURE_WITH_UNIT(LENGTH_MEASURE(1.E-07),#2747,
  'distance_accuracy_value','confusion accuracy');
#2751 = PRODUCT_RELATED_PRODUCT_CATEGORY('part',$,(#7));
ENDSEC;
END-ISO-10303-21;
