ISO-10303-21;
HEADER;
FILE_DESCRIPTION(('FreeCAD Model'),'2;1');
FILE_NAME('Open CASCADE Shape Model','2026-07-24T12:46:42',('FreeCAD'),(
    'FreeCAD'),'Open CASCADE STEP processor 7.8','FreeCAD','Unknown');
FILE_SCHEMA(('AUTOMOTIVE_DESIGN { 1 0 10303 214 1 1 1 1 }'));
ENDSEC;
DATA;
#1 = APPLICATION_PROTOCOL_DEFINITION('international standard',
  'automotive_design',2000,#2);
#2 = APPLICATION_CONTEXT(
  'core data for automotive mechanical design processes');
#3 = SHAPE_DEFINITION_REPRESENTATION(#4,#10);
#4 = PRODUCT_DEFINITION_SHAPE('','',#5);
#5 = PRODUCT_DEFINITION('design','',#6,#9);
#6 = PRODUCT_DEFINITION_FORMATION('','',#7);
#7 = PRODUCT('Open CASCADE STEP translator 7.8 4',
  'Open CASCADE STEP translator 7.8 4','',(#8));
#8 = PRODUCT_CONTEXT('',#2,'mechanical');
#9 = PRODUCT_DEFINITION_CONTEXT('part definition',#2,'design');
#10 = ADVANCED_BREP_SHAPE_REPRESENTATION('',(#11,#15),#3025);
#11 = AXIS2_PLACEMENT_3D('',#12,#13,#14);
#12 = CARTESIAN_POINT('',(0.,0.,0.));
#13 = DIRECTION('',(0.,0.,1.));
#14 = DIRECTION('',(1.,0.,-0.));
#15 = MANIFOLD_SOLID_BREP('',#16);
#16 = CLOSED_SHELL('',(#17,#57,#90,#121,#154,#185,#218,#249,#282,#313,
    #346,#377,#410,#441,#474,#505,#538,#569,#602,#633,#666,#697,#730,
    #761,#794,#825,#858,#889,#913,#945,#969,#994,#1018,#1043,#1067,#1092
    ,#1116,#1141,#1165,#1190,#1214,#1239,#1263,#1431,#1462,#1495,#1526,
    #1559,#1590,#1623,#1654,#1687,#1718,#1751,#1782,#1815,#1846,#1879,
    #1908,#1933,#1957,#1982,#2006,#2031,#2055,#2080,#2104,#2129,#2153,
    #2178,#2202,#2220,#2242,#2259,#2276,#2293,#2310,#2327,#2344,#2361,
    #2378,#2395,#2412,#2429,#2441,#2609,#2634,#2651,#2676,#2693,#2718,
    #2735,#2760,#2777,#2802,#2819,#2844,#2861,#2886,#2903,#2928,#2945,
    #2962,#2979,#2996,#3013));
#17 = ADVANCED_FACE('',(#18),#52,.T.);
#18 = FACE_BOUND('',#19,.T.);
#19 = EDGE_LOOP('',(#20,#30,#38,#46));
#20 = ORIENTED_EDGE('',*,*,#21,.T.);
#21 = EDGE_CURVE('',#22,#24,#26,.T.);
#22 = VERTEX_POINT('',#23);
#23 = CARTESIAN_POINT('',(21.636390175012,32.028659911932,0.8));
#24 = VERTEX_POINT('',#25);
#25 = CARTESIAN_POINT('',(22.166321999047,31.429350090659,
    3.97015753606E-13));
#26 = LINE('',#27,#28);
#27 = CARTESIAN_POINT('',(21.636390175012,32.028659911932,0.8));
#28 = VECTOR('',#29,1.);
#29 = DIRECTION('',(0.468397982928,-0.529720048317,-0.707106781187));
#30 = ORIENTED_EDGE('',*,*,#31,.T.);
#31 = EDGE_CURVE('',#24,#32,#34,.T.);
#32 = VERTEX_POINT('',#33);
#33 = CARTESIAN_POINT('',(2.893028363724,14.387193782175,
    3.97015753606E-13));
#34 = LINE('',#35,#36);
#35 = CARTESIAN_POINT('',(31.554855792415,39.731037567718,
    3.97015753606E-13));
#36 = VECTOR('',#37,1.);
#37 = DIRECTION('',(-0.749137276591,-0.662414780045,0.));
#38 = ORIENTED_EDGE('',*,*,#39,.T.);
#39 = EDGE_CURVE('',#32,#40,#42,.T.);
#40 = VERTEX_POINT('',#41);
#41 = CARTESIAN_POINT('',(2.363096539688,14.986503603448,0.8));
#42 = LINE('',#43,#44);
#43 = CARTESIAN_POINT('',(2.893028363724,14.387193782175,
    3.97015753606E-13));
#44 = VECTOR('',#45,1.);
#45 = DIRECTION('',(-0.468397982928,0.529720048317,0.707106781187));
#46 = ORIENTED_EDGE('',*,*,#47,.T.);
#47 = EDGE_CURVE('',#40,#22,#48,.T.);
#48 = LINE('',#49,#50);
#49 = CARTESIAN_POINT('',(31.024923968379,40.330347388991,0.8));
#50 = VECTOR('',#51,1.);
#51 = DIRECTION('',(0.749137276591,0.662414780045,0.));
#52 = PLANE('',#53);
#53 = AXIS2_PLACEMENT_3D('',#54,#55,#56);
#54 = CARTESIAN_POINT('',(31.289889880397,40.030692478355,0.4));
#55 = DIRECTION('',(-0.468397982928,0.529720048317,-0.707106781187));
#56 = DIRECTION('',(-0.833682701984,2.775557561563E-17,0.552243743661));
#57 = ADVANCED_FACE('',(#58),#85,.F.);
#58 = FACE_BOUND('',#59,.F.);
#59 = EDGE_LOOP('',(#60,#69,#70,#79));
#60 = ORIENTED_EDGE('',*,*,#61,.F.);
#61 = EDGE_CURVE('',#22,#62,#64,.T.);
#62 = VERTEX_POINT('',#63);
#63 = CARTESIAN_POINT('',(21.636390175012,47.011405443751,0.8));
#64 = CIRCLE('',#65,10.);
#65 = AXIS2_PLACEMENT_3D('',#66,#67,#68);
#66 = CARTESIAN_POINT('',(15.012242374563,39.520032677842,0.8));
#67 = DIRECTION('',(0.,0.,1.));
#68 = DIRECTION('',(0.662414780045,-0.749137276591,0.));
#69 = ORIENTED_EDGE('',*,*,#21,.T.);
#70 = ORIENTED_EDGE('',*,*,#71,.F.);
#71 = EDGE_CURVE('',#72,#24,#74,.T.);
#72 = VERTEX_POINT('',#73);
#73 = CARTESIAN_POINT('',(22.166321999048,47.610715265024,
    3.97015753606E-13));
#74 = CIRCLE('',#75,10.8);
#75 = AXIS2_PLACEMENT_3D('',#76,#77,#78);
#76 = CARTESIAN_POINT('',(15.012242374563,39.520032677842,
    3.97015753606E-13));
#77 = DIRECTION('',(0.,0.,-1.));
#78 = DIRECTION('',(0.662414780045,-0.749137276591,0.));
#79 = ORIENTED_EDGE('',*,*,#80,.F.);
#80 = EDGE_CURVE('',#62,#72,#81,.T.);
#81 = LINE('',#82,#83);
#82 = CARTESIAN_POINT('',(21.636390175012,47.011405443751,0.8));
#83 = VECTOR('',#84,1.);
#84 = DIRECTION('',(0.468397982928,0.529720048317,-0.707106781187));
#85 = CONICAL_SURFACE('',#86,10.4,0.785398163397);
#86 = AXIS2_PLACEMENT_3D('',#87,#88,#89);
#87 = CARTESIAN_POINT('',(15.012242374563,39.520032677842,0.4));
#88 = DIRECTION('',(0.,0.,-1.));
#89 = DIRECTION('',(0.662414780045,-0.749137276591,0.));
#90 = ADVANCED_FACE('',(#91),#116,.T.);
#91 = FACE_BOUND('',#92,.T.);
#92 = EDGE_LOOP('',(#93,#94,#102,#110));
#93 = ORIENTED_EDGE('',*,*,#80,.F.);
#94 = ORIENTED_EDGE('',*,*,#95,.T.);
#95 = EDGE_CURVE('',#62,#96,#98,.T.);
#96 = VERTEX_POINT('',#97);
#97 = CARTESIAN_POINT('',(2.363096539698,64.053561752239,0.8));
#98 = LINE('',#99,#100);
#99 = CARTESIAN_POINT('',(21.388277150721,47.230796120932,0.8));
#100 = VECTOR('',#101,1.);
#101 = DIRECTION('',(-0.749137276591,0.662414780045,0.));
#102 = ORIENTED_EDGE('',*,*,#103,.T.);
#103 = EDGE_CURVE('',#96,#104,#106,.T.);
#104 = VERTEX_POINT('',#105);
#105 = CARTESIAN_POINT('',(2.893028363733,64.652871573512,
    3.97015753606E-13));
#106 = LINE('',#107,#108);
#107 = CARTESIAN_POINT('',(2.363096539698,64.053561752239,0.8));
#108 = VECTOR('',#109,1.);
#109 = DIRECTION('',(0.468397982928,0.529720048317,-0.707106781187));
#110 = ORIENTED_EDGE('',*,*,#111,.T.);
#111 = EDGE_CURVE('',#104,#72,#112,.T.);
#112 = LINE('',#113,#114);
#113 = CARTESIAN_POINT('',(21.918208974757,47.830105942205,
    3.97015753606E-13));
#114 = VECTOR('',#115,1.);
#115 = DIRECTION('',(0.749137276591,-0.662414780045,0.));
#116 = PLANE('',#117);
#117 = AXIS2_PLACEMENT_3D('',#118,#119,#120);
#118 = CARTESIAN_POINT('',(21.653243062739,47.530451031568,0.4));
#119 = DIRECTION('',(-0.468397982928,-0.529720048317,-0.707106781187));
#120 = DIRECTION('',(-0.833682701984,-2.22044604925E-16,0.552243743662)
  );
#121 = ADVANCED_FACE('',(#122),#149,.T.);
#122 = FACE_BOUND('',#123,.T.);
#123 = EDGE_LOOP('',(#124,#125,#134,#142));
#124 = ORIENTED_EDGE('',*,*,#103,.F.);
#125 = ORIENTED_EDGE('',*,*,#126,.T.);
#126 = EDGE_CURVE('',#96,#127,#129,.T.);
#127 = VERTEX_POINT('',#128);
#128 = CARTESIAN_POINT('',(1.459466914769,73.57566400574,0.8));
#129 = CIRCLE('',#130,7.);
#130 = AXIS2_PLACEMENT_3D('',#131,#132,#133);
#131 = CARTESIAN_POINT('',(7.000000000012,69.297522688376,0.8));
#132 = DIRECTION('',(0.,0.,-1.));
#133 = DIRECTION('',(-0.791504726463,0.611163045338,0.));
#134 = ORIENTED_EDGE('',*,*,#135,.T.);
#135 = EDGE_CURVE('',#127,#136,#138,.T.);
#136 = VERTEX_POINT('',#137);
#137 = CARTESIAN_POINT('',(2.09267069594,73.08673356947,
    3.97015753606E-13));
#138 = LINE('',#139,#140);
#139 = CARTESIAN_POINT('',(1.459466914769,73.57566400574,0.8));
#140 = VECTOR('',#141,1.);
#141 = DIRECTION('',(0.559678359423,-0.432157533769,-0.707106781187));
#142 = ORIENTED_EDGE('',*,*,#143,.T.);
#143 = EDGE_CURVE('',#136,#104,#144,.T.);
#144 = CIRCLE('',#145,6.2);
#145 = AXIS2_PLACEMENT_3D('',#146,#147,#148);
#146 = CARTESIAN_POINT('',(7.000000000012,69.297522688376,
    3.97015753606E-13));
#147 = DIRECTION('',(0.,0.,1.));
#148 = DIRECTION('',(-0.791504726463,0.611163045338,0.));
#149 = CONICAL_SURFACE('',#150,6.6,0.785398163397);
#150 = AXIS2_PLACEMENT_3D('',#151,#152,#153);
#151 = CARTESIAN_POINT('',(7.000000000012,69.297522688376,0.4));
#152 = DIRECTION('',(0.,0.,1.));
#153 = DIRECTION('',(-0.791504726463,0.611163045338,0.));
#154 = ADVANCED_FACE('',(#155),#180,.T.);
#155 = FACE_BOUND('',#156,.T.);
#156 = EDGE_LOOP('',(#157,#167,#173,#174));
#157 = ORIENTED_EDGE('',*,*,#158,.T.);
#158 = EDGE_CURVE('',#159,#161,#163,.T.);
#159 = VERTEX_POINT('',#160);
#160 = CARTESIAN_POINT('',(3.577130489569,76.318206673034,0.8));
#161 = VERTEX_POINT('',#162);
#162 = CARTESIAN_POINT('',(4.210334270739,75.829276236764,
    3.97015753606E-13));
#163 = LINE('',#164,#165);
#164 = CARTESIAN_POINT('',(3.577130489569,76.318206673034,0.8));
#165 = VECTOR('',#166,1.);
#166 = DIRECTION('',(0.559678359423,-0.432157533769,-0.707106781187));
#167 = ORIENTED_EDGE('',*,*,#168,.T.);
#168 = EDGE_CURVE('',#161,#136,#169,.T.);
#169 = LINE('',#170,#171);
#170 = CARTESIAN_POINT('',(3.694303847657,75.160975818432,
    3.97015753606E-13));
#171 = VECTOR('',#172,1.);
#172 = DIRECTION('',(-0.611163045338,-0.791504726463,0.));
#173 = ORIENTED_EDGE('',*,*,#135,.F.);
#174 = ORIENTED_EDGE('',*,*,#175,.T.);
#175 = EDGE_CURVE('',#127,#159,#176,.T.);
#176 = LINE('',#177,#178);
#177 = CARTESIAN_POINT('',(3.061100066486,75.649906254703,0.8));
#178 = VECTOR('',#179,1.);
#179 = DIRECTION('',(0.611163045338,0.791504726463,0.));
#180 = PLANE('',#181);
#181 = AXIS2_PLACEMENT_3D('',#182,#183,#184);
#182 = CARTESIAN_POINT('',(3.377701957071,75.405441036567,0.4));
#183 = DIRECTION('',(-0.559678359423,0.432157533769,-0.707106781187));
#184 = DIRECTION('',(-0.784107615899,1.387778780781E-16,0.62062488404));
#185 = ADVANCED_FACE('',(#186),#213,.T.);
#186 = FACE_BOUND('',#187,.T.);
#187 = EDGE_LOOP('',(#188,#189,#198,#206));
#188 = ORIENTED_EDGE('',*,*,#158,.F.);
#189 = ORIENTED_EDGE('',*,*,#190,.T.);
#190 = EDGE_CURVE('',#159,#191,#193,.T.);
#191 = VERTEX_POINT('',#192);
#192 = CARTESIAN_POINT('',(12.041678910658,78.400107361485,0.8));
#193 = CIRCLE('',#194,7.);
#194 = AXIS2_PLACEMENT_3D('',#195,#196,#197);
#195 = CARTESIAN_POINT('',(9.117663574811,72.040065355671,0.8));
#196 = DIRECTION('',(0.,0.,-1.));
#197 = DIRECTION('',(0.41771647655,0.908577429402,0.));
#198 = ORIENTED_EDGE('',*,*,#199,.T.);
#199 = EDGE_CURVE('',#191,#200,#202,.T.);
#200 = VERTEX_POINT('',#201);
#201 = CARTESIAN_POINT('',(11.707505729419,77.673245417963,
    3.97015753606E-13));
#202 = LINE('',#203,#204);
#203 = CARTESIAN_POINT('',(12.041678910658,78.400107361485,0.8));
#204 = VECTOR('',#205,1.);
#205 = DIRECTION('',(-0.295370153182,-0.642461261563,-0.707106781187));
#206 = ORIENTED_EDGE('',*,*,#207,.T.);
#207 = EDGE_CURVE('',#200,#161,#208,.T.);
#208 = CIRCLE('',#209,6.2);
#209 = AXIS2_PLACEMENT_3D('',#210,#211,#212);
#210 = CARTESIAN_POINT('',(9.117663574811,72.040065355671,
    3.97015753606E-13));
#211 = DIRECTION('',(0.,0.,1.));
#212 = DIRECTION('',(0.41771647655,0.908577429402,-0.));
#213 = CONICAL_SURFACE('',#214,6.6,0.785398163397);
#214 = AXIS2_PLACEMENT_3D('',#215,#216,#217);
#215 = CARTESIAN_POINT('',(9.117663574811,72.040065355671,0.4));
#216 = DIRECTION('',(0.,0.,1.));
#217 = DIRECTION('',(0.41771647655,0.908577429402,-0.));
#218 = ADVANCED_FACE('',(#219),#244,.T.);
#219 = FACE_BOUND('',#220,.T.);
#220 = EDGE_LOOP('',(#221,#231,#237,#238));
#221 = ORIENTED_EDGE('',*,*,#222,.T.);
#222 = EDGE_CURVE('',#223,#225,#227,.T.);
#223 = VERTEX_POINT('',#224);
#224 = CARTESIAN_POINT('',(39.816609414001,65.630644098562,0.8));
#225 = VERTEX_POINT('',#226);
#226 = CARTESIAN_POINT('',(39.482436232761,64.90378215504,
    3.97015753606E-13));
#227 = LINE('',#228,#229);
#228 = CARTESIAN_POINT('',(39.816609414001,65.630644098562,0.8));
#229 = VECTOR('',#230,1.);
#230 = DIRECTION('',(-0.295370153182,-0.642461261563,-0.707106781187));
#231 = ORIENTED_EDGE('',*,*,#232,.T.);
#232 = EDGE_CURVE('',#225,#200,#233,.T.);
#233 = LINE('',#234,#235);
#234 = CARTESIAN_POINT('',(48.009288477165,60.983580573611,
    3.97015753606E-13));
#235 = VECTOR('',#236,1.);
#236 = DIRECTION('',(-0.908577429402,0.41771647655,0.));
#237 = ORIENTED_EDGE('',*,*,#199,.F.);
#238 = ORIENTED_EDGE('',*,*,#239,.T.);
#239 = EDGE_CURVE('',#191,#223,#240,.T.);
#240 = LINE('',#241,#242);
#241 = CARTESIAN_POINT('',(48.343461658405,61.710442517133,0.8));
#242 = VECTOR('',#243,1.);
#243 = DIRECTION('',(0.908577429402,-0.41771647655,0.));
#244 = PLANE('',#245);
#245 = AXIS2_PLACEMENT_3D('',#246,#247,#248);
#246 = CARTESIAN_POINT('',(48.176375067785,61.347011545372,0.4));
#247 = DIRECTION('',(0.295370153182,0.642461261563,-0.707106781187));
#248 = DIRECTION('',(-0.922732639077,-3.053113317719E-16,-0.385440626793
    ));
#249 = ADVANCED_FACE('',(#250),#277,.F.);
#250 = FACE_BOUND('',#251,.F.);
#251 = EDGE_LOOP('',(#252,#261,#262,#271));
#252 = ORIENTED_EDGE('',*,*,#253,.F.);
#253 = EDGE_CURVE('',#223,#254,#256,.T.);
#254 = VERTEX_POINT('',#255);
#255 = CARTESIAN_POINT('',(43.993774179498,64.716418392583,0.8));
#256 = CIRCLE('',#257,10.);
#257 = AXIS2_PLACEMENT_3D('',#258,#259,#260);
#258 = CARTESIAN_POINT('',(43.993774179498,74.716418392583,0.8));
#259 = DIRECTION('',(0.,0.,1.));
#260 = DIRECTION('',(-0.41771647655,-0.908577429402,0.));
#261 = ORIENTED_EDGE('',*,*,#222,.T.);
#262 = ORIENTED_EDGE('',*,*,#263,.F.);
#263 = EDGE_CURVE('',#264,#225,#266,.T.);
#264 = VERTEX_POINT('',#265);
#265 = CARTESIAN_POINT('',(43.993774179498,63.916418392583,
    3.97015753606E-13));
#266 = CIRCLE('',#267,10.8);
#267 = AXIS2_PLACEMENT_3D('',#268,#269,#270);
#268 = CARTESIAN_POINT('',(43.993774179498,74.716418392583,
    3.97015753606E-13));
#269 = DIRECTION('',(0.,0.,-1.));
#270 = DIRECTION('',(-0.41771647655,-0.908577429402,-0.));
#271 = ORIENTED_EDGE('',*,*,#272,.F.);
#272 = EDGE_CURVE('',#254,#264,#273,.T.);
#273 = LINE('',#274,#275);
#274 = CARTESIAN_POINT('',(43.993774179498,64.716418392583,0.8));
#275 = VECTOR('',#276,1.);
#276 = DIRECTION('',(0.,-0.707106781187,-0.707106781187));
#277 = CONICAL_SURFACE('',#278,10.4,0.785398163397);
#278 = AXIS2_PLACEMENT_3D('',#279,#280,#281);
#279 = CARTESIAN_POINT('',(43.993774179498,74.716418392583,0.4));
#280 = DIRECTION('',(0.,0.,-1.));
#281 = DIRECTION('',(-0.41771647655,-0.908577429402,-0.));
#282 = ADVANCED_FACE('',(#283),#308,.T.);
#283 = FACE_BOUND('',#284,.T.);
#284 = EDGE_LOOP('',(#285,#286,#294,#302));
#285 = ORIENTED_EDGE('',*,*,#272,.F.);
#286 = ORIENTED_EDGE('',*,*,#287,.T.);
#287 = EDGE_CURVE('',#254,#288,#290,.T.);
#288 = VERTEX_POINT('',#289);
#289 = CARTESIAN_POINT('',(52.94747743134,64.716418392583,0.8));
#290 = LINE('',#291,#292);
#291 = CARTESIAN_POINT('',(50.709051618379,64.716418392583,0.8));
#292 = VECTOR('',#293,1.);
#293 = DIRECTION('',(1.,0.,0.));
#294 = ORIENTED_EDGE('',*,*,#295,.T.);
#295 = EDGE_CURVE('',#288,#296,#298,.T.);
#296 = VERTEX_POINT('',#297);
#297 = CARTESIAN_POINT('',(52.94747743134,63.916418392583,
    3.97015753606E-13));
#298 = LINE('',#299,#300);
#299 = CARTESIAN_POINT('',(52.94747743134,64.716418392583,0.8));
#300 = VECTOR('',#301,1.);
#301 = DIRECTION('',(0.,-0.707106781187,-0.707106781187));
#302 = ORIENTED_EDGE('',*,*,#303,.T.);
#303 = EDGE_CURVE('',#296,#264,#304,.T.);
#304 = LINE('',#305,#306);
#305 = CARTESIAN_POINT('',(50.709051618379,63.916418392583,
    3.97015753606E-13));
#306 = VECTOR('',#307,1.);
#307 = DIRECTION('',(-1.,0.,0.));
#308 = PLANE('',#309);
#309 = AXIS2_PLACEMENT_3D('',#310,#311,#312);
#310 = CARTESIAN_POINT('',(50.709051618379,64.316418392583,0.4));
#311 = DIRECTION('',(0.,0.707106781187,-0.707106781187));
#312 = DIRECTION('',(-1.,0.,0.));
#313 = ADVANCED_FACE('',(#314),#341,.F.);
#314 = FACE_BOUND('',#315,.F.);
#315 = EDGE_LOOP('',(#316,#325,#326,#335));
#316 = ORIENTED_EDGE('',*,*,#317,.F.);
#317 = EDGE_CURVE('',#288,#318,#320,.T.);
#318 = VERTEX_POINT('',#319);
#319 = CARTESIAN_POINT('',(57.124642196838,65.630644098562,0.8));
#320 = CIRCLE('',#321,10.);
#321 = AXIS2_PLACEMENT_3D('',#322,#323,#324);
#322 = CARTESIAN_POINT('',(52.94747743134,74.716418392583,0.8));
#323 = DIRECTION('',(0.,0.,1.));
#324 = DIRECTION('',(0.,-1.,0.));
#325 = ORIENTED_EDGE('',*,*,#295,.T.);
#326 = ORIENTED_EDGE('',*,*,#327,.F.);
#327 = EDGE_CURVE('',#328,#296,#330,.T.);
#328 = VERTEX_POINT('',#329);
#329 = CARTESIAN_POINT('',(57.458815378078,64.903782155041,
    3.97015753606E-13));
#330 = CIRCLE('',#331,10.8);
#331 = AXIS2_PLACEMENT_3D('',#332,#333,#334);
#332 = CARTESIAN_POINT('',(52.94747743134,74.716418392583,
    3.97015753606E-13));
#333 = DIRECTION('',(0.,0.,-1.));
#334 = DIRECTION('',(0.,-1.,0.));
#335 = ORIENTED_EDGE('',*,*,#336,.F.);
#336 = EDGE_CURVE('',#318,#328,#337,.T.);
#337 = LINE('',#338,#339);
#338 = CARTESIAN_POINT('',(57.124642196838,65.630644098562,0.8));
#339 = VECTOR('',#340,1.);
#340 = DIRECTION('',(0.295370153182,-0.642461261563,-0.707106781187));
#341 = CONICAL_SURFACE('',#342,10.4,0.785398163397);
#342 = AXIS2_PLACEMENT_3D('',#343,#344,#345);
#343 = CARTESIAN_POINT('',(52.94747743134,74.716418392583,0.4));
#344 = DIRECTION('',(0.,0.,-1.));
#345 = DIRECTION('',(0.,-1.,0.));
#346 = ADVANCED_FACE('',(#347),#372,.T.);
#347 = FACE_BOUND('',#348,.T.);
#348 = EDGE_LOOP('',(#349,#350,#358,#366));
#349 = ORIENTED_EDGE('',*,*,#336,.F.);
#350 = ORIENTED_EDGE('',*,*,#351,.T.);
#351 = EDGE_CURVE('',#318,#352,#354,.T.);
#352 = VERTEX_POINT('',#353);
#353 = CARTESIAN_POINT('',(84.89957270018,78.400107361485,0.8));
#354 = LINE('',#355,#356);
#355 = CARTESIAN_POINT('',(62.485255204103,68.095174148593,0.8));
#356 = VECTOR('',#357,1.);
#357 = DIRECTION('',(0.908577429402,0.41771647655,0.));
#358 = ORIENTED_EDGE('',*,*,#359,.T.);
#359 = EDGE_CURVE('',#352,#360,#362,.T.);
#360 = VERTEX_POINT('',#361);
#361 = CARTESIAN_POINT('',(85.23374588142,77.673245417963,
    3.97015753606E-13));
#362 = LINE('',#363,#364);
#363 = CARTESIAN_POINT('',(84.89957270018,78.400107361485,0.8));
#364 = VECTOR('',#365,1.);
#365 = DIRECTION('',(0.295370153182,-0.642461261564,-0.707106781186));
#366 = ORIENTED_EDGE('',*,*,#367,.T.);
#367 = EDGE_CURVE('',#360,#328,#368,.T.);
#368 = LINE('',#369,#370);
#369 = CARTESIAN_POINT('',(62.819428385343,67.368312205072,
    3.97015753606E-13));
#370 = VECTOR('',#371,1.);
#371 = DIRECTION('',(-0.908577429402,-0.41771647655,0.));
#372 = PLANE('',#373);
#373 = AXIS2_PLACEMENT_3D('',#374,#375,#376);
#374 = CARTESIAN_POINT('',(62.652341794723,67.731743176833,0.4));
#375 = DIRECTION('',(-0.295370153182,0.642461261563,-0.707106781187));
#376 = DIRECTION('',(-0.922732639077,-1.665334536938E-16,0.385440626793)
  );
#377 = ADVANCED_FACE('',(#378),#405,.T.);
#378 = FACE_BOUND('',#379,.T.);
#379 = EDGE_LOOP('',(#380,#381,#390,#398));
#380 = ORIENTED_EDGE('',*,*,#359,.F.);
#381 = ORIENTED_EDGE('',*,*,#382,.T.);
#382 = EDGE_CURVE('',#352,#383,#385,.T.);
#383 = VERTEX_POINT('',#384);
#384 = CARTESIAN_POINT('',(93.364121121271,76.318206673034,0.8));
#385 = CIRCLE('',#386,7.);
#386 = AXIS2_PLACEMENT_3D('',#387,#388,#389);
#387 = CARTESIAN_POINT('',(87.823588036028,72.040065355671,0.8));
#388 = DIRECTION('',(0.,0.,-1.));
#389 = DIRECTION('',(0.791504726463,0.611163045338,0.));
#390 = ORIENTED_EDGE('',*,*,#391,.T.);
#391 = EDGE_CURVE('',#383,#392,#394,.T.);
#392 = VERTEX_POINT('',#393);
#393 = CARTESIAN_POINT('',(92.7309173401,75.829276236764,
    3.97015753606E-13));
#394 = LINE('',#395,#396);
#395 = CARTESIAN_POINT('',(93.364121121271,76.318206673034,0.8));
#396 = VECTOR('',#397,1.);
#397 = DIRECTION('',(-0.559678359423,-0.432157533769,-0.707106781187));
#398 = ORIENTED_EDGE('',*,*,#399,.T.);
#399 = EDGE_CURVE('',#392,#360,#400,.T.);
#400 = CIRCLE('',#401,6.2);
#401 = AXIS2_PLACEMENT_3D('',#402,#403,#404);
#402 = CARTESIAN_POINT('',(87.823588036028,72.040065355671,
    3.97015753606E-13));
#403 = DIRECTION('',(0.,0.,1.));
#404 = DIRECTION('',(0.791504726463,0.611163045338,-0.));
#405 = CONICAL_SURFACE('',#406,6.6,0.785398163397);
#406 = AXIS2_PLACEMENT_3D('',#407,#408,#409);
#407 = CARTESIAN_POINT('',(87.823588036028,72.040065355671,0.4));
#408 = DIRECTION('',(0.,0.,1.));
#409 = DIRECTION('',(0.791504726463,0.611163045338,-0.));
#410 = ADVANCED_FACE('',(#411),#436,.T.);
#411 = FACE_BOUND('',#412,.T.);
#412 = EDGE_LOOP('',(#413,#414,#422,#430));
#413 = ORIENTED_EDGE('',*,*,#391,.F.);
#414 = ORIENTED_EDGE('',*,*,#415,.T.);
#415 = EDGE_CURVE('',#383,#416,#418,.T.);
#416 = VERTEX_POINT('',#417);
#417 = CARTESIAN_POINT('',(95.481784696075,73.575664005732,0.8));
#418 = LINE('',#419,#420);
#419 = CARTESIAN_POINT('',(94.938983331754,74.278634921053,0.8));
#420 = VECTOR('',#421,1.);
#421 = DIRECTION('',(0.611163045338,-0.791504726463,0.));
#422 = ORIENTED_EDGE('',*,*,#423,.T.);
#423 = EDGE_CURVE('',#416,#424,#426,.T.);
#424 = VERTEX_POINT('',#425);
#425 = CARTESIAN_POINT('',(94.848580914904,73.086733569463,
    3.97015753606E-13));
#426 = LINE('',#427,#428);
#427 = CARTESIAN_POINT('',(95.481784696075,73.575664005732,0.8));
#428 = VECTOR('',#429,1.);
#429 = DIRECTION('',(-0.559678359423,-0.432157533769,-0.707106781187));
#430 = ORIENTED_EDGE('',*,*,#431,.T.);
#431 = EDGE_CURVE('',#424,#392,#432,.T.);
#432 = LINE('',#433,#434);
#433 = CARTESIAN_POINT('',(94.305779550583,73.789704484783,
    3.97015753606E-13));
#434 = VECTOR('',#435,1.);
#435 = DIRECTION('',(-0.611163045338,0.791504726463,0.));
#436 = PLANE('',#437);
#437 = AXIS2_PLACEMENT_3D('',#438,#439,#440);
#438 = CARTESIAN_POINT('',(94.622381441169,74.034169702918,0.4));
#439 = DIRECTION('',(0.559678359423,0.432157533769,-0.707106781187));
#440 = DIRECTION('',(-0.784107615899,-1.387778780781E-16,-0.62062488404)
  );
#441 = ADVANCED_FACE('',(#442),#469,.T.);
#442 = FACE_BOUND('',#443,.T.);
#443 = EDGE_LOOP('',(#444,#445,#454,#462));
#444 = ORIENTED_EDGE('',*,*,#423,.F.);
#445 = ORIENTED_EDGE('',*,*,#446,.T.);
#446 = EDGE_CURVE('',#416,#447,#449,.T.);
#447 = VERTEX_POINT('',#448);
#448 = CARTESIAN_POINT('',(94.578155071146,64.053561752232,0.8));
#449 = CIRCLE('',#450,7.);
#450 = AXIS2_PLACEMENT_3D('',#451,#452,#453);
#451 = CARTESIAN_POINT('',(89.941251610832,69.297522688369,0.8));
#452 = DIRECTION('',(0.,0.,-1.));
#453 = DIRECTION('',(0.662414780045,-0.749137276591,0.));
#454 = ORIENTED_EDGE('',*,*,#455,.T.);
#455 = EDGE_CURVE('',#447,#456,#458,.T.);
#456 = VERTEX_POINT('',#457);
#457 = CARTESIAN_POINT('',(94.04822324711,64.652871573505,
    3.97015753606E-13));
#458 = LINE('',#459,#460);
#459 = CARTESIAN_POINT('',(94.578155071146,64.053561752232,0.8));
#460 = VECTOR('',#461,1.);
#461 = DIRECTION('',(-0.468397982928,0.529720048317,-0.707106781187));
#462 = ORIENTED_EDGE('',*,*,#463,.T.);
#463 = EDGE_CURVE('',#456,#424,#464,.T.);
#464 = CIRCLE('',#465,6.2);
#465 = AXIS2_PLACEMENT_3D('',#466,#467,#468);
#466 = CARTESIAN_POINT('',(89.941251610832,69.297522688369,
    3.97015753606E-13));
#467 = DIRECTION('',(0.,0.,1.));
#468 = DIRECTION('',(0.662414780045,-0.749137276591,0.));
#469 = CONICAL_SURFACE('',#470,6.6,0.785398163397);
#470 = AXIS2_PLACEMENT_3D('',#471,#472,#473);
#471 = CARTESIAN_POINT('',(89.941251610832,69.297522688369,0.4));
#472 = DIRECTION('',(0.,0.,1.));
#473 = DIRECTION('',(0.662414780045,-0.749137276591,0.));
#474 = ADVANCED_FACE('',(#475),#500,.T.);
#475 = FACE_BOUND('',#476,.T.);
#476 = EDGE_LOOP('',(#477,#487,#493,#494));
#477 = ORIENTED_EDGE('',*,*,#478,.T.);
#478 = EDGE_CURVE('',#479,#481,#483,.T.);
#479 = VERTEX_POINT('',#480);
#480 = CARTESIAN_POINT('',(75.304861435827,47.011405443746,0.8));
#481 = VERTEX_POINT('',#482);
#482 = CARTESIAN_POINT('',(74.774929611791,47.610715265019,
    3.97015753606E-13));
#483 = LINE('',#484,#485);
#484 = CARTESIAN_POINT('',(75.304861435827,47.011405443746,0.8));
#485 = VECTOR('',#486,1.);
#486 = DIRECTION('',(-0.468397982928,0.529720048317,-0.707106781187));
#487 = ORIENTED_EDGE('',*,*,#488,.T.);
#488 = EDGE_CURVE('',#481,#456,#489,.T.);
#489 = LINE('',#490,#491);
#490 = CARTESIAN_POINT('',(65.386395818422,39.309027787956,
    3.97015753606E-13));
#491 = VECTOR('',#492,1.);
#492 = DIRECTION('',(0.749137276591,0.662414780045,0.));
#493 = ORIENTED_EDGE('',*,*,#455,.F.);
#494 = ORIENTED_EDGE('',*,*,#495,.T.);
#495 = EDGE_CURVE('',#447,#479,#496,.T.);
#496 = LINE('',#497,#498);
#497 = CARTESIAN_POINT('',(65.916327642458,38.709717966684,0.8));
#498 = VECTOR('',#499,1.);
#499 = DIRECTION('',(-0.749137276591,-0.662414780045,0.));
#500 = PLANE('',#501);
#501 = AXIS2_PLACEMENT_3D('',#502,#503,#504);
#502 = CARTESIAN_POINT('',(65.65136173044,39.00937287732,0.4));
#503 = DIRECTION('',(0.468397982928,-0.529720048317,-0.707106781187));
#504 = DIRECTION('',(-0.833682701984,-1.665334536938E-16,-0.552243743662
    ));
#505 = ADVANCED_FACE('',(#506),#533,.F.);
#506 = FACE_BOUND('',#507,.F.);
#507 = EDGE_LOOP('',(#508,#517,#518,#527));
#508 = ORIENTED_EDGE('',*,*,#509,.F.);
#509 = EDGE_CURVE('',#479,#510,#512,.T.);
#510 = VERTEX_POINT('',#511);
#511 = CARTESIAN_POINT('',(75.304861435826,32.028659911926,0.8));
#512 = CIRCLE('',#513,10.);
#513 = AXIS2_PLACEMENT_3D('',#514,#515,#516);
#514 = CARTESIAN_POINT('',(81.929009236274,39.520032677836,0.8));
#515 = DIRECTION('',(0.,0.,1.));
#516 = DIRECTION('',(-0.662414780045,0.749137276591,0.));
#517 = ORIENTED_EDGE('',*,*,#478,.T.);
#518 = ORIENTED_EDGE('',*,*,#519,.F.);
#519 = EDGE_CURVE('',#520,#481,#522,.T.);
#520 = VERTEX_POINT('',#521);
#521 = CARTESIAN_POINT('',(74.77492961179,31.429350090653,
    3.97015753606E-13));
#522 = CIRCLE('',#523,10.8);
#523 = AXIS2_PLACEMENT_3D('',#524,#525,#526);
#524 = CARTESIAN_POINT('',(81.929009236274,39.520032677836,
    3.97015753606E-13));
#525 = DIRECTION('',(0.,0.,-1.));
#526 = DIRECTION('',(-0.662414780045,0.749137276591,0.));
#527 = ORIENTED_EDGE('',*,*,#528,.F.);
#528 = EDGE_CURVE('',#510,#520,#529,.T.);
#529 = LINE('',#530,#531);
#530 = CARTESIAN_POINT('',(75.304861435826,32.028659911926,0.8));
#531 = VECTOR('',#532,1.);
#532 = DIRECTION('',(-0.468397982928,-0.529720048317,-0.707106781186));
#533 = CONICAL_SURFACE('',#534,10.4,0.785398163397);
#534 = AXIS2_PLACEMENT_3D('',#535,#536,#537);
#535 = CARTESIAN_POINT('',(81.929009236274,39.520032677836,0.4));
#536 = DIRECTION('',(0.,0.,-1.));
#537 = DIRECTION('',(-0.662414780045,0.749137276591,0.));
#538 = ADVANCED_FACE('',(#539),#564,.T.);
#539 = FACE_BOUND('',#540,.T.);
#540 = EDGE_LOOP('',(#541,#542,#550,#558));
#541 = ORIENTED_EDGE('',*,*,#528,.F.);
#542 = ORIENTED_EDGE('',*,*,#543,.T.);
#543 = EDGE_CURVE('',#510,#544,#546,.T.);
#544 = VERTEX_POINT('',#545);
#545 = CARTESIAN_POINT('',(94.578155071147,14.986503603439,0.8));
#546 = LINE('',#547,#548);
#547 = CARTESIAN_POINT('',(75.552974460119,31.809269234744,0.8));
#548 = VECTOR('',#549,1.);
#549 = DIRECTION('',(0.749137276591,-0.662414780045,0.));
#550 = ORIENTED_EDGE('',*,*,#551,.T.);
#551 = EDGE_CURVE('',#544,#552,#554,.T.);
#552 = VERTEX_POINT('',#553);
#553 = CARTESIAN_POINT('',(94.048223247111,14.387193782165,
    3.97015753606E-13));
#554 = LINE('',#555,#556);
#555 = CARTESIAN_POINT('',(94.578155071147,14.986503603439,0.8));
#556 = VECTOR('',#557,1.);
#557 = DIRECTION('',(-0.468397982928,-0.529720048317,-0.707106781186));
#558 = ORIENTED_EDGE('',*,*,#559,.T.);
#559 = EDGE_CURVE('',#552,#520,#560,.T.);
#560 = LINE('',#561,#562);
#561 = CARTESIAN_POINT('',(75.023042636083,31.209959413472,
    3.97015753606E-13));
#562 = VECTOR('',#563,1.);
#563 = DIRECTION('',(-0.749137276591,0.662414780045,0.));
#564 = PLANE('',#565);
#565 = AXIS2_PLACEMENT_3D('',#566,#567,#568);
#566 = CARTESIAN_POINT('',(75.288008548101,31.509614324108,0.4));
#567 = DIRECTION('',(0.468397982928,0.529720048317,-0.707106781187));
#568 = DIRECTION('',(-0.833682701984,-5.551115123126E-17,-0.552243743662
    ));
#569 = ADVANCED_FACE('',(#570),#597,.T.);
#570 = FACE_BOUND('',#571,.T.);
#571 = EDGE_LOOP('',(#572,#573,#582,#590));
#572 = ORIENTED_EDGE('',*,*,#551,.F.);
#573 = ORIENTED_EDGE('',*,*,#574,.T.);
#574 = EDGE_CURVE('',#544,#575,#577,.T.);
#575 = VERTEX_POINT('',#576);
#576 = CARTESIAN_POINT('',(95.481784696077,5.464401349938,0.8));
#577 = CIRCLE('',#578,7.);
#578 = AXIS2_PLACEMENT_3D('',#579,#580,#581);
#579 = CARTESIAN_POINT('',(89.941251610834,9.742542667301,0.8));
#580 = DIRECTION('',(0.,0.,-1.));
#581 = DIRECTION('',(0.791504726463,-0.611163045338,0.));
#582 = ORIENTED_EDGE('',*,*,#583,.T.);
#583 = EDGE_CURVE('',#575,#584,#586,.T.);
#584 = VERTEX_POINT('',#585);
#585 = CARTESIAN_POINT('',(94.848580914906,5.953331786208,
    3.97015753606E-13));
#586 = LINE('',#587,#588);
#587 = CARTESIAN_POINT('',(95.481784696077,5.464401349938,0.8));
#588 = VECTOR('',#589,1.);
#589 = DIRECTION('',(-0.559678359423,0.432157533769,-0.707106781187));
#590 = ORIENTED_EDGE('',*,*,#591,.T.);
#591 = EDGE_CURVE('',#584,#552,#592,.T.);
#592 = CIRCLE('',#593,6.2);
#593 = AXIS2_PLACEMENT_3D('',#594,#595,#596);
#594 = CARTESIAN_POINT('',(89.941251610834,9.742542667301,
    3.97015753606E-13));
#595 = DIRECTION('',(0.,0.,1.));
#596 = DIRECTION('',(0.791504726463,-0.611163045338,0.));
#597 = CONICAL_SURFACE('',#598,6.6,0.785398163397);
#598 = AXIS2_PLACEMENT_3D('',#599,#600,#601);
#599 = CARTESIAN_POINT('',(89.941251610834,9.742542667301,0.4));
#600 = DIRECTION('',(0.,0.,1.));
#601 = DIRECTION('',(0.791504726463,-0.611163045338,0.));
#602 = ADVANCED_FACE('',(#603),#628,.T.);
#603 = FACE_BOUND('',#604,.T.);
#604 = EDGE_LOOP('',(#605,#615,#621,#622));
#605 = ORIENTED_EDGE('',*,*,#606,.T.);
#606 = EDGE_CURVE('',#607,#609,#611,.T.);
#607 = VERTEX_POINT('',#608);
#608 = CARTESIAN_POINT('',(93.364121121272,2.721858682637,0.8));
#609 = VERTEX_POINT('',#610);
#610 = CARTESIAN_POINT('',(92.730917340102,3.210789118907,
    3.97015753606E-13));
#611 = LINE('',#612,#613);
#612 = CARTESIAN_POINT('',(93.364121121272,2.721858682637,0.8));
#613 = VECTOR('',#614,1.);
#614 = DIRECTION('',(-0.559678359423,0.432157533769,-0.707106781187));
#615 = ORIENTED_EDGE('',*,*,#616,.T.);
#616 = EDGE_CURVE('',#609,#584,#617,.T.);
#617 = LINE('',#618,#619);
#618 = CARTESIAN_POINT('',(93.246947763182,3.879089537236,
    3.97015753606E-13));
#619 = VECTOR('',#620,1.);
#620 = DIRECTION('',(0.611163045338,0.791504726463,0.));
#621 = ORIENTED_EDGE('',*,*,#583,.F.);
#622 = ORIENTED_EDGE('',*,*,#623,.T.);
#623 = EDGE_CURVE('',#575,#607,#624,.T.);
#624 = LINE('',#625,#626);
#625 = CARTESIAN_POINT('',(93.880151544353,3.390159100966,0.8));
#626 = VECTOR('',#627,1.);
#627 = DIRECTION('',(-0.611163045338,-0.791504726463,0.));
#628 = PLANE('',#629);
#629 = AXIS2_PLACEMENT_3D('',#630,#631,#632);
#630 = CARTESIAN_POINT('',(93.563549653767,3.634624319101,0.4));
#631 = DIRECTION('',(0.559678359423,-0.432157533769,-0.707106781187));
#632 = DIRECTION('',(-0.784107615899,-2.22044604925E-16,-0.62062488404)
  );
#633 = ADVANCED_FACE('',(#634),#661,.T.);
#634 = FACE_BOUND('',#635,.T.);
#635 = EDGE_LOOP('',(#636,#637,#646,#654));
#636 = ORIENTED_EDGE('',*,*,#606,.F.);
#637 = ORIENTED_EDGE('',*,*,#638,.T.);
#638 = EDGE_CURVE('',#607,#639,#641,.T.);
#639 = VERTEX_POINT('',#640);
#640 = CARTESIAN_POINT('',(84.899572700182,0.639957994186,0.8));
#641 = CIRCLE('',#642,7.);
#642 = AXIS2_PLACEMENT_3D('',#643,#644,#645);
#643 = CARTESIAN_POINT('',(87.82358803603,7.,0.8));
#644 = DIRECTION('',(0.,0.,-1.));
#645 = DIRECTION('',(-0.41771647655,-0.908577429402,-0.));
#646 = ORIENTED_EDGE('',*,*,#647,.T.);
#647 = EDGE_CURVE('',#639,#648,#650,.T.);
#648 = VERTEX_POINT('',#649);
#649 = CARTESIAN_POINT('',(85.233745881422,1.366819937708,
    3.97015753606E-13));
#650 = LINE('',#651,#652);
#651 = CARTESIAN_POINT('',(84.899572700182,0.639957994186,0.8));
#652 = VECTOR('',#653,1.);
#653 = DIRECTION('',(0.295370153182,0.642461261563,-0.707106781187));
#654 = ORIENTED_EDGE('',*,*,#655,.T.);
#655 = EDGE_CURVE('',#648,#609,#656,.T.);
#656 = CIRCLE('',#657,6.2);
#657 = AXIS2_PLACEMENT_3D('',#658,#659,#660);
#658 = CARTESIAN_POINT('',(87.82358803603,7.,3.97015753606E-13));
#659 = DIRECTION('',(0.,0.,1.));
#660 = DIRECTION('',(-0.41771647655,-0.908577429402,0.));
#661 = CONICAL_SURFACE('',#662,6.6,0.785398163397);
#662 = AXIS2_PLACEMENT_3D('',#663,#664,#665);
#663 = CARTESIAN_POINT('',(87.82358803603,7.,0.4));
#664 = DIRECTION('',(0.,0.,1.));
#665 = DIRECTION('',(-0.41771647655,-0.908577429402,0.));
#666 = ADVANCED_FACE('',(#667),#692,.T.);
#667 = FACE_BOUND('',#668,.T.);
#668 = EDGE_LOOP('',(#669,#679,#685,#686));
#669 = ORIENTED_EDGE('',*,*,#670,.T.);
#670 = EDGE_CURVE('',#671,#673,#675,.T.);
#671 = VERTEX_POINT('',#672);
#672 = CARTESIAN_POINT('',(57.124642196838,13.409421257109,0.8));
#673 = VERTEX_POINT('',#674);
#674 = CARTESIAN_POINT('',(57.458815378078,14.13628320063,
    3.97015753606E-13));
#675 = LINE('',#676,#677);
#676 = CARTESIAN_POINT('',(57.124642196838,13.409421257109,0.8));
#677 = VECTOR('',#678,1.);
#678 = DIRECTION('',(0.295370153182,0.642461261563,-0.707106781187));
#679 = ORIENTED_EDGE('',*,*,#680,.T.);
#680 = EDGE_CURVE('',#673,#648,#681,.T.);
#681 = LINE('',#682,#683);
#682 = CARTESIAN_POINT('',(48.931963133672,18.05648478206,
    3.97015753606E-13));
#683 = VECTOR('',#684,1.);
#684 = DIRECTION('',(0.908577429402,-0.41771647655,0.));
#685 = ORIENTED_EDGE('',*,*,#647,.F.);
#686 = ORIENTED_EDGE('',*,*,#687,.T.);
#687 = EDGE_CURVE('',#639,#671,#688,.T.);
#688 = LINE('',#689,#690);
#689 = CARTESIAN_POINT('',(48.597789952432,17.329622838538,0.8));
#690 = VECTOR('',#691,1.);
#691 = DIRECTION('',(-0.908577429402,0.41771647655,0.));
#692 = PLANE('',#693);
#693 = AXIS2_PLACEMENT_3D('',#694,#695,#696);
#694 = CARTESIAN_POINT('',(48.764876543052,17.693053810299,0.4));
#695 = DIRECTION('',(-0.295370153182,-0.642461261563,-0.707106781187));
#696 = DIRECTION('',(-0.922732639077,3.608224830032E-16,0.385440626793)
  );
#697 = ADVANCED_FACE('',(#698),#725,.F.);
#698 = FACE_BOUND('',#699,.F.);
#699 = EDGE_LOOP('',(#700,#709,#710,#719));
#700 = ORIENTED_EDGE('',*,*,#701,.F.);
#701 = EDGE_CURVE('',#671,#702,#704,.T.);
#702 = VERTEX_POINT('',#703);
#703 = CARTESIAN_POINT('',(52.947477431341,14.323646963088,0.8));
#704 = CIRCLE('',#705,10.);
#705 = AXIS2_PLACEMENT_3D('',#706,#707,#708);
#706 = CARTESIAN_POINT('',(52.947477431341,4.323646963088,0.8));
#707 = DIRECTION('',(0.,0.,1.));
#708 = DIRECTION('',(0.41771647655,0.908577429402,-0.));
#709 = ORIENTED_EDGE('',*,*,#670,.T.);
#710 = ORIENTED_EDGE('',*,*,#711,.F.);
#711 = EDGE_CURVE('',#712,#673,#714,.T.);
#712 = VERTEX_POINT('',#713);
#713 = CARTESIAN_POINT('',(52.947477431341,15.123646963088,
    3.97015753606E-13));
#714 = CIRCLE('',#715,10.8);
#715 = AXIS2_PLACEMENT_3D('',#716,#717,#718);
#716 = CARTESIAN_POINT('',(52.947477431341,4.323646963088,
    3.97015753606E-13));
#717 = DIRECTION('',(0.,0.,-1.));
#718 = DIRECTION('',(0.41771647655,0.908577429402,0.));
#719 = ORIENTED_EDGE('',*,*,#720,.F.);
#720 = EDGE_CURVE('',#702,#712,#721,.T.);
#721 = LINE('',#722,#723);
#722 = CARTESIAN_POINT('',(52.947477431341,14.323646963088,0.8));
#723 = VECTOR('',#724,1.);
#724 = DIRECTION('',(0.,0.707106781187,-0.707106781187));
#725 = CONICAL_SURFACE('',#726,10.4,0.785398163397);
#726 = AXIS2_PLACEMENT_3D('',#727,#728,#729);
#727 = CARTESIAN_POINT('',(52.947477431341,4.323646963088,0.4));
#728 = DIRECTION('',(0.,0.,-1.));
#729 = DIRECTION('',(0.41771647655,0.908577429402,0.));
#730 = ADVANCED_FACE('',(#731),#756,.T.);
#731 = FACE_BOUND('',#732,.T.);
#732 = EDGE_LOOP('',(#733,#734,#742,#750));
#733 = ORIENTED_EDGE('',*,*,#720,.F.);
#734 = ORIENTED_EDGE('',*,*,#735,.T.);
#735 = EDGE_CURVE('',#702,#736,#738,.T.);
#736 = VERTEX_POINT('',#737);
#737 = CARTESIAN_POINT('',(43.993774179499,14.323646963088,0.8));
#738 = LINE('',#739,#740);
#739 = CARTESIAN_POINT('',(46.232199992458,14.323646963088,0.8));
#740 = VECTOR('',#741,1.);
#741 = DIRECTION('',(-1.,2.380722419901E-14,0.));
#742 = ORIENTED_EDGE('',*,*,#743,.T.);
#743 = EDGE_CURVE('',#736,#744,#746,.T.);
#744 = VERTEX_POINT('',#745);
#745 = CARTESIAN_POINT('',(43.993774179499,15.123646963088,
    3.97015753606E-13));
#746 = LINE('',#747,#748);
#747 = CARTESIAN_POINT('',(43.993774179499,14.323646963088,0.8));
#748 = VECTOR('',#749,1.);
#749 = DIRECTION('',(1.668223237352E-14,0.707106781187,-0.707106781187)
  );
#750 = ORIENTED_EDGE('',*,*,#751,.T.);
#751 = EDGE_CURVE('',#744,#712,#752,.T.);
#752 = LINE('',#753,#754);
#753 = CARTESIAN_POINT('',(46.232199992458,15.123646963088,
    3.97015753606E-13));
#754 = VECTOR('',#755,1.);
#755 = DIRECTION('',(1.,-2.380722419901E-14,0.));
#756 = PLANE('',#757);
#757 = AXIS2_PLACEMENT_3D('',#758,#759,#760);
#758 = CARTESIAN_POINT('',(46.232199992458,14.723646963088,0.4));
#759 = DIRECTION('',(-1.683424967235E-14,-0.707106781187,-0.707106781187
    ));
#760 = DIRECTION('',(-1.,-4.417621069238E-29,2.380722419901E-14));
#761 = ADVANCED_FACE('',(#762),#789,.F.);
#762 = FACE_BOUND('',#763,.F.);
#763 = EDGE_LOOP('',(#764,#773,#774,#783));
#764 = ORIENTED_EDGE('',*,*,#765,.F.);
#765 = EDGE_CURVE('',#736,#766,#768,.T.);
#766 = VERTEX_POINT('',#767);
#767 = CARTESIAN_POINT('',(39.816609414001,13.409421257108,0.8));
#768 = CIRCLE('',#769,10.);
#769 = AXIS2_PLACEMENT_3D('',#770,#771,#772);
#770 = CARTESIAN_POINT('',(43.993774179499,4.323646963088,0.8));
#771 = DIRECTION('',(0.,-0.,1.));
#772 = DIRECTION('',(0.,1.,0.));
#773 = ORIENTED_EDGE('',*,*,#743,.T.);
#774 = ORIENTED_EDGE('',*,*,#775,.F.);
#775 = EDGE_CURVE('',#776,#744,#778,.T.);
#776 = VERTEX_POINT('',#777);
#777 = CARTESIAN_POINT('',(39.482436232761,14.13628320063,
    3.97015753606E-13));
#778 = CIRCLE('',#779,10.8);
#779 = AXIS2_PLACEMENT_3D('',#780,#781,#782);
#780 = CARTESIAN_POINT('',(43.993774179499,4.323646963088,
    3.97015753606E-13));
#781 = DIRECTION('',(0.,0.,-1.));
#782 = DIRECTION('',(0.,1.,0.));
#783 = ORIENTED_EDGE('',*,*,#784,.F.);
#784 = EDGE_CURVE('',#766,#776,#785,.T.);
#785 = LINE('',#786,#787);
#786 = CARTESIAN_POINT('',(39.816609414001,13.409421257108,0.8));
#787 = VECTOR('',#788,1.);
#788 = DIRECTION('',(-0.295370153182,0.642461261563,-0.707106781187));
#789 = CONICAL_SURFACE('',#790,10.4,0.785398163397);
#790 = AXIS2_PLACEMENT_3D('',#791,#792,#793);
#791 = CARTESIAN_POINT('',(43.993774179499,4.323646963088,0.4));
#792 = DIRECTION('',(0.,0.,-1.));
#793 = DIRECTION('',(0.,1.,0.));
#794 = ADVANCED_FACE('',(#795),#820,.T.);
#795 = FACE_BOUND('',#796,.T.);
#796 = EDGE_LOOP('',(#797,#798,#806,#814));
#797 = ORIENTED_EDGE('',*,*,#784,.F.);
#798 = ORIENTED_EDGE('',*,*,#799,.T.);
#799 = EDGE_CURVE('',#766,#800,#802,.T.);
#800 = VERTEX_POINT('',#801);
#801 = CARTESIAN_POINT('',(12.041678910659,0.639957994185,0.8));
#802 = LINE('',#803,#804);
#803 = CARTESIAN_POINT('',(34.455996406734,10.944891207076,0.8));
#804 = VECTOR('',#805,1.);
#805 = DIRECTION('',(-0.908577429402,-0.41771647655,0.));
#806 = ORIENTED_EDGE('',*,*,#807,.T.);
#807 = EDGE_CURVE('',#800,#808,#810,.T.);
#808 = VERTEX_POINT('',#809);
#809 = CARTESIAN_POINT('',(11.707505729419,1.366819937708,
    3.97015753606E-13));
#810 = LINE('',#811,#812);
#811 = CARTESIAN_POINT('',(12.041678910659,0.639957994185,0.8));
#812 = VECTOR('',#813,1.);
#813 = DIRECTION('',(-0.295370153182,0.642461261564,-0.707106781186));
#814 = ORIENTED_EDGE('',*,*,#815,.T.);
#815 = EDGE_CURVE('',#808,#776,#816,.T.);
#816 = LINE('',#817,#818);
#817 = CARTESIAN_POINT('',(34.121823225494,11.671753150598,
    3.97015753606E-13));
#818 = VECTOR('',#819,1.);
#819 = DIRECTION('',(0.908577429402,0.41771647655,0.));
#820 = PLANE('',#821);
#821 = AXIS2_PLACEMENT_3D('',#822,#823,#824);
#822 = CARTESIAN_POINT('',(34.288909816114,11.308322178837,0.4));
#823 = DIRECTION('',(0.295370153182,-0.642461261563,-0.707106781187));
#824 = DIRECTION('',(-0.922732639077,3.608224830032E-16,-0.385440626793)
  );
#825 = ADVANCED_FACE('',(#826),#853,.T.);
#826 = FACE_BOUND('',#827,.T.);
#827 = EDGE_LOOP('',(#828,#829,#838,#846));
#828 = ORIENTED_EDGE('',*,*,#807,.F.);
#829 = ORIENTED_EDGE('',*,*,#830,.T.);
#830 = EDGE_CURVE('',#800,#831,#833,.T.);
#831 = VERTEX_POINT('',#832);
#832 = CARTESIAN_POINT('',(3.577130489568,2.721858682636,0.8));
#833 = CIRCLE('',#834,7.);
#834 = AXIS2_PLACEMENT_3D('',#835,#836,#837);
#835 = CARTESIAN_POINT('',(9.117663574811,7.,0.8));
#836 = DIRECTION('',(0.,0.,-1.));
#837 = DIRECTION('',(-0.791504726463,-0.611163045338,-0.));
#838 = ORIENTED_EDGE('',*,*,#839,.T.);
#839 = EDGE_CURVE('',#831,#840,#842,.T.);
#840 = VERTEX_POINT('',#841);
#841 = CARTESIAN_POINT('',(4.210334270739,3.210789118907,
    3.97015753606E-13));
#842 = LINE('',#843,#844);
#843 = CARTESIAN_POINT('',(3.577130489568,2.721858682636,0.8));
#844 = VECTOR('',#845,1.);
#845 = DIRECTION('',(0.559678359423,0.432157533769,-0.707106781187));
#846 = ORIENTED_EDGE('',*,*,#847,.T.);
#847 = EDGE_CURVE('',#840,#808,#848,.T.);
#848 = CIRCLE('',#849,6.2);
#849 = AXIS2_PLACEMENT_3D('',#850,#851,#852);
#850 = CARTESIAN_POINT('',(9.117663574811,7.,3.97015753606E-13));
#851 = DIRECTION('',(0.,0.,1.));
#852 = DIRECTION('',(-0.791504726463,-0.611163045338,0.));
#853 = CONICAL_SURFACE('',#854,6.6,0.785398163397);
#854 = AXIS2_PLACEMENT_3D('',#855,#856,#857);
#855 = CARTESIAN_POINT('',(9.117663574811,7.,0.4));
#856 = DIRECTION('',(0.,0.,1.));
#857 = DIRECTION('',(-0.791504726463,-0.611163045338,0.));
#858 = ADVANCED_FACE('',(#859),#884,.T.);
#859 = FACE_BOUND('',#860,.T.);
#860 = EDGE_LOOP('',(#861,#862,#870,#878));
#861 = ORIENTED_EDGE('',*,*,#839,.F.);
#862 = ORIENTED_EDGE('',*,*,#863,.T.);
#863 = EDGE_CURVE('',#831,#864,#866,.T.);
#864 = VERTEX_POINT('',#865);
#865 = CARTESIAN_POINT('',(1.459466914757,5.464401349946,0.8));
#866 = LINE('',#867,#868);
#867 = CARTESIAN_POINT('',(2.002268279081,4.761430434623,0.8));
#868 = VECTOR('',#869,1.);
#869 = DIRECTION('',(-0.611163045338,0.791504726463,0.));
#870 = ORIENTED_EDGE('',*,*,#871,.T.);
#871 = EDGE_CURVE('',#864,#872,#874,.T.);
#872 = VERTEX_POINT('',#873);
#873 = CARTESIAN_POINT('',(2.092670695928,5.953331786216,
    3.97015753606E-13));
#874 = LINE('',#875,#876);
#875 = CARTESIAN_POINT('',(1.459466914757,5.464401349946,0.8));
#876 = VECTOR('',#877,1.);
#877 = DIRECTION('',(0.559678359423,0.432157533769,-0.707106781187));
#878 = ORIENTED_EDGE('',*,*,#879,.T.);
#879 = EDGE_CURVE('',#872,#840,#880,.T.);
#880 = LINE('',#881,#882);
#881 = CARTESIAN_POINT('',(2.635472060252,5.250360870893,
    3.97015753606E-13));
#882 = VECTOR('',#883,1.);
#883 = DIRECTION('',(0.611163045338,-0.791504726463,0.));
#884 = PLANE('',#885);
#885 = AXIS2_PLACEMENT_3D('',#886,#887,#888);
#886 = CARTESIAN_POINT('',(2.318870169666,5.005895652758,0.4));
#887 = DIRECTION('',(-0.559678359423,-0.432157533769,-0.707106781187));
#888 = DIRECTION('',(-0.784107615899,2.775557561563E-16,0.62062488404));
#889 = ADVANCED_FACE('',(#890),#908,.T.);
#890 = FACE_BOUND('',#891,.T.);
#891 = EDGE_LOOP('',(#892,#893,#900,#901));
#892 = ORIENTED_EDGE('',*,*,#871,.F.);
#893 = ORIENTED_EDGE('',*,*,#894,.T.);
#894 = EDGE_CURVE('',#864,#40,#895,.T.);
#895 = CIRCLE('',#896,7.);
#896 = AXIS2_PLACEMENT_3D('',#897,#898,#899);
#897 = CARTESIAN_POINT('',(7.,9.74254266731,0.8));
#898 = DIRECTION('',(0.,0.,-1.));
#899 = DIRECTION('',(-0.662414780045,0.749137276591,0.));
#900 = ORIENTED_EDGE('',*,*,#39,.F.);
#901 = ORIENTED_EDGE('',*,*,#902,.T.);
#902 = EDGE_CURVE('',#32,#872,#903,.T.);
#903 = CIRCLE('',#904,6.2);
#904 = AXIS2_PLACEMENT_3D('',#905,#906,#907);
#905 = CARTESIAN_POINT('',(7.,9.74254266731,3.97015753606E-13));
#906 = DIRECTION('',(0.,0.,1.));
#907 = DIRECTION('',(-0.662414780045,0.749137276591,0.));
#908 = CONICAL_SURFACE('',#909,6.6,0.785398163397);
#909 = AXIS2_PLACEMENT_3D('',#910,#911,#912);
#910 = CARTESIAN_POINT('',(7.,9.74254266731,0.4));
#911 = DIRECTION('',(0.,0.,1.));
#912 = DIRECTION('',(-0.662414780045,0.749137276591,0.));
#913 = ADVANCED_FACE('',(#914),#940,.T.);
#914 = FACE_BOUND('',#915,.T.);
#915 = EDGE_LOOP('',(#916,#917,#925,#934));
#916 = ORIENTED_EDGE('',*,*,#446,.F.);
#917 = ORIENTED_EDGE('',*,*,#918,.T.);
#918 = EDGE_CURVE('',#416,#919,#921,.T.);
#919 = VERTEX_POINT('',#920);
#920 = CARTESIAN_POINT('',(95.481784696075,73.575664005732,1.7));
#921 = LINE('',#922,#923);
#922 = CARTESIAN_POINT('',(95.481784696075,73.575664005732,
    3.97015753606E-13));
#923 = VECTOR('',#924,1.);
#924 = DIRECTION('',(0.,0.,1.));
#925 = ORIENTED_EDGE('',*,*,#926,.F.);
#926 = EDGE_CURVE('',#927,#919,#929,.T.);
#927 = VERTEX_POINT('',#928);
#928 = CARTESIAN_POINT('',(94.578155071146,64.053561752232,1.7));
#929 = CIRCLE('',#930,7.);
#930 = AXIS2_PLACEMENT_3D('',#931,#932,#933);
#931 = CARTESIAN_POINT('',(89.941251610832,69.297522688369,1.7));
#932 = DIRECTION('',(0.,0.,1.));
#933 = DIRECTION('',(0.662414780045,-0.749137276591,0.));
#934 = ORIENTED_EDGE('',*,*,#935,.F.);
#935 = EDGE_CURVE('',#447,#927,#936,.T.);
#936 = LINE('',#937,#938);
#937 = CARTESIAN_POINT('',(94.578155071146,64.053561752232,
    3.97015753606E-13));
#938 = VECTOR('',#939,1.);
#939 = DIRECTION('',(0.,0.,1.));
#940 = CYLINDRICAL_SURFACE('',#941,7.);
#941 = AXIS2_PLACEMENT_3D('',#942,#943,#944);
#942 = CARTESIAN_POINT('',(89.941251610832,69.297522688369,
    3.97015753606E-13));
#943 = DIRECTION('',(0.,0.,1.));
#944 = DIRECTION('',(0.662414780045,-0.749137276591,0.));
#945 = ADVANCED_FACE('',(#946),#964,.T.);
#946 = FACE_BOUND('',#947,.T.);
#947 = EDGE_LOOP('',(#948,#949,#957,#963));
#948 = ORIENTED_EDGE('',*,*,#415,.F.);
#949 = ORIENTED_EDGE('',*,*,#950,.T.);
#950 = EDGE_CURVE('',#383,#951,#953,.T.);
#951 = VERTEX_POINT('',#952);
#952 = CARTESIAN_POINT('',(93.364121121271,76.318206673034,1.7));
#953 = LINE('',#954,#955);
#954 = CARTESIAN_POINT('',(93.364121121271,76.318206673034,
    3.97015753606E-13));
#955 = VECTOR('',#956,1.);
#956 = DIRECTION('',(0.,0.,1.));
#957 = ORIENTED_EDGE('',*,*,#958,.F.);
#958 = EDGE_CURVE('',#919,#951,#959,.T.);
#959 = LINE('',#960,#961);
#960 = CARTESIAN_POINT('',(94.938983331754,74.278634921053,1.7));
#961 = VECTOR('',#962,1.);
#962 = DIRECTION('',(-0.611163045338,0.791504726463,0.));
#963 = ORIENTED_EDGE('',*,*,#918,.F.);
#964 = PLANE('',#965);
#965 = AXIS2_PLACEMENT_3D('',#966,#967,#968);
#966 = CARTESIAN_POINT('',(95.481784696075,73.575664005733,
    3.97015753606E-13));
#967 = DIRECTION('',(0.791504726463,0.611163045338,0.));
#968 = DIRECTION('',(-0.611163045338,0.791504726463,0.));
#969 = ADVANCED_FACE('',(#970),#989,.T.);
#970 = FACE_BOUND('',#971,.T.);
#971 = EDGE_LOOP('',(#972,#973,#981,#988));
#972 = ORIENTED_EDGE('',*,*,#382,.F.);
#973 = ORIENTED_EDGE('',*,*,#974,.T.);
#974 = EDGE_CURVE('',#352,#975,#977,.T.);
#975 = VERTEX_POINT('',#976);
#976 = CARTESIAN_POINT('',(84.89957270018,78.400107361485,1.7));
#977 = LINE('',#978,#979);
#978 = CARTESIAN_POINT('',(84.89957270018,78.400107361485,
    3.97015753606E-13));
#979 = VECTOR('',#980,1.);
#980 = DIRECTION('',(0.,0.,1.));
#981 = ORIENTED_EDGE('',*,*,#982,.F.);
#982 = EDGE_CURVE('',#951,#975,#983,.T.);
#983 = CIRCLE('',#984,7.);
#984 = AXIS2_PLACEMENT_3D('',#985,#986,#987);
#985 = CARTESIAN_POINT('',(87.823588036028,72.040065355671,1.7));
#986 = DIRECTION('',(0.,0.,1.));
#987 = DIRECTION('',(0.791504726463,0.611163045338,-0.));
#988 = ORIENTED_EDGE('',*,*,#950,.F.);
#989 = CYLINDRICAL_SURFACE('',#990,7.);
#990 = AXIS2_PLACEMENT_3D('',#991,#992,#993);
#991 = CARTESIAN_POINT('',(87.823588036028,72.040065355671,
    3.97015753606E-13));
#992 = DIRECTION('',(0.,0.,1.));
#993 = DIRECTION('',(0.791504726463,0.611163045338,-0.));
#994 = ADVANCED_FACE('',(#995),#1013,.T.);
#995 = FACE_BOUND('',#996,.T.);
#996 = EDGE_LOOP('',(#997,#998,#1006,#1012));
#997 = ORIENTED_EDGE('',*,*,#351,.F.);
#998 = ORIENTED_EDGE('',*,*,#999,.T.);
#999 = EDGE_CURVE('',#318,#1000,#1002,.T.);
#1000 = VERTEX_POINT('',#1001);
#1001 = CARTESIAN_POINT('',(57.124642196838,65.630644098562,1.7));
#1002 = LINE('',#1003,#1004);
#1003 = CARTESIAN_POINT('',(57.124642196838,65.630644098562,
    3.97015753606E-13));
#1004 = VECTOR('',#1005,1.);
#1005 = DIRECTION('',(0.,0.,1.));
#1006 = ORIENTED_EDGE('',*,*,#1007,.F.);
#1007 = EDGE_CURVE('',#975,#1000,#1008,.T.);
#1008 = LINE('',#1009,#1010);
#1009 = CARTESIAN_POINT('',(62.485255204103,68.095174148593,1.7));
#1010 = VECTOR('',#1011,1.);
#1011 = DIRECTION('',(-0.908577429402,-0.41771647655,0.));
#1012 = ORIENTED_EDGE('',*,*,#974,.F.);
#1013 = PLANE('',#1014);
#1014 = AXIS2_PLACEMENT_3D('',#1015,#1016,#1017);
#1015 = CARTESIAN_POINT('',(84.89957270018,78.400107361485,
    3.97015753606E-13));
#1016 = DIRECTION('',(-0.41771647655,0.908577429402,0.));
#1017 = DIRECTION('',(-0.908577429402,-0.41771647655,0.));
#1018 = ADVANCED_FACE('',(#1019),#1038,.F.);
#1019 = FACE_BOUND('',#1020,.F.);
#1020 = EDGE_LOOP('',(#1021,#1022,#1031,#1037));
#1021 = ORIENTED_EDGE('',*,*,#999,.T.);
#1022 = ORIENTED_EDGE('',*,*,#1023,.T.);
#1023 = EDGE_CURVE('',#1000,#1024,#1026,.T.);
#1024 = VERTEX_POINT('',#1025);
#1025 = CARTESIAN_POINT('',(52.94747743134,64.716418392583,1.7));
#1026 = CIRCLE('',#1027,10.);
#1027 = AXIS2_PLACEMENT_3D('',#1028,#1029,#1030);
#1028 = CARTESIAN_POINT('',(52.94747743134,74.716418392583,1.7));
#1029 = DIRECTION('',(0.,0.,-1.));
#1030 = DIRECTION('',(0.,-1.,0.));
#1031 = ORIENTED_EDGE('',*,*,#1032,.F.);
#1032 = EDGE_CURVE('',#288,#1024,#1033,.T.);
#1033 = LINE('',#1034,#1035);
#1034 = CARTESIAN_POINT('',(52.94747743134,64.716418392583,
    3.97015753606E-13));
#1035 = VECTOR('',#1036,1.);
#1036 = DIRECTION('',(0.,0.,1.));
#1037 = ORIENTED_EDGE('',*,*,#317,.T.);
#1038 = CYLINDRICAL_SURFACE('',#1039,10.);
#1039 = AXIS2_PLACEMENT_3D('',#1040,#1041,#1042);
#1040 = CARTESIAN_POINT('',(52.94747743134,74.716418392583,
    3.97015753606E-13));
#1041 = DIRECTION('',(0.,0.,1.));
#1042 = DIRECTION('',(0.,-1.,0.));
#1043 = ADVANCED_FACE('',(#1044),#1062,.T.);
#1044 = FACE_BOUND('',#1045,.T.);
#1045 = EDGE_LOOP('',(#1046,#1047,#1055,#1061));
#1046 = ORIENTED_EDGE('',*,*,#287,.F.);
#1047 = ORIENTED_EDGE('',*,*,#1048,.T.);
#1048 = EDGE_CURVE('',#254,#1049,#1051,.T.);
#1049 = VERTEX_POINT('',#1050);
#1050 = CARTESIAN_POINT('',(43.993774179498,64.716418392583,1.7));
#1051 = LINE('',#1052,#1053);
#1052 = CARTESIAN_POINT('',(43.993774179498,64.716418392583,
    3.97015753606E-13));
#1053 = VECTOR('',#1054,1.);
#1054 = DIRECTION('',(0.,0.,1.));
#1055 = ORIENTED_EDGE('',*,*,#1056,.F.);
#1056 = EDGE_CURVE('',#1024,#1049,#1057,.T.);
#1057 = LINE('',#1058,#1059);
#1058 = CARTESIAN_POINT('',(50.709051618379,64.716418392583,1.7));
#1059 = VECTOR('',#1060,1.);
#1060 = DIRECTION('',(-1.,0.,0.));
#1061 = ORIENTED_EDGE('',*,*,#1032,.F.);
#1062 = PLANE('',#1063);
#1063 = AXIS2_PLACEMENT_3D('',#1064,#1065,#1066);
#1064 = CARTESIAN_POINT('',(52.94747743134,64.716418392583,
    3.97015753606E-13));
#1065 = DIRECTION('',(0.,1.,0.));
#1066 = DIRECTION('',(-1.,0.,0.));
#1067 = ADVANCED_FACE('',(#1068),#1087,.F.);
#1068 = FACE_BOUND('',#1069,.F.);
#1069 = EDGE_LOOP('',(#1070,#1071,#1080,#1086));
#1070 = ORIENTED_EDGE('',*,*,#1048,.T.);
#1071 = ORIENTED_EDGE('',*,*,#1072,.T.);
#1072 = EDGE_CURVE('',#1049,#1073,#1075,.T.);
#1073 = VERTEX_POINT('',#1074);
#1074 = CARTESIAN_POINT('',(39.816609414001,65.630644098562,1.7));
#1075 = CIRCLE('',#1076,10.);
#1076 = AXIS2_PLACEMENT_3D('',#1077,#1078,#1079);
#1077 = CARTESIAN_POINT('',(43.993774179498,74.716418392583,1.7));
#1078 = DIRECTION('',(0.,0.,-1.));
#1079 = DIRECTION('',(-0.41771647655,-0.908577429402,-0.));
#1080 = ORIENTED_EDGE('',*,*,#1081,.F.);
#1081 = EDGE_CURVE('',#223,#1073,#1082,.T.);
#1082 = LINE('',#1083,#1084);
#1083 = CARTESIAN_POINT('',(39.816609414001,65.630644098562,
    3.97015753606E-13));
#1084 = VECTOR('',#1085,1.);
#1085 = DIRECTION('',(0.,0.,1.));
#1086 = ORIENTED_EDGE('',*,*,#253,.T.);
#1087 = CYLINDRICAL_SURFACE('',#1088,10.);
#1088 = AXIS2_PLACEMENT_3D('',#1089,#1090,#1091);
#1089 = CARTESIAN_POINT('',(43.993774179498,74.716418392583,
    3.97015753606E-13));
#1090 = DIRECTION('',(0.,0.,1.));
#1091 = DIRECTION('',(-0.41771647655,-0.908577429402,0.));
#1092 = ADVANCED_FACE('',(#1093),#1111,.T.);
#1093 = FACE_BOUND('',#1094,.T.);
#1094 = EDGE_LOOP('',(#1095,#1096,#1104,#1110));
#1095 = ORIENTED_EDGE('',*,*,#239,.F.);
#1096 = ORIENTED_EDGE('',*,*,#1097,.T.);
#1097 = EDGE_CURVE('',#191,#1098,#1100,.T.);
#1098 = VERTEX_POINT('',#1099);
#1099 = CARTESIAN_POINT('',(12.041678910658,78.400107361485,1.7));
#1100 = LINE('',#1101,#1102);
#1101 = CARTESIAN_POINT('',(12.041678910658,78.400107361485,
    3.97015753606E-13));
#1102 = VECTOR('',#1103,1.);
#1103 = DIRECTION('',(0.,0.,1.));
#1104 = ORIENTED_EDGE('',*,*,#1105,.F.);
#1105 = EDGE_CURVE('',#1073,#1098,#1106,.T.);
#1106 = LINE('',#1107,#1108);
#1107 = CARTESIAN_POINT('',(48.343461658405,61.710442517133,1.7));
#1108 = VECTOR('',#1109,1.);
#1109 = DIRECTION('',(-0.908577429402,0.41771647655,0.));
#1110 = ORIENTED_EDGE('',*,*,#1081,.F.);
#1111 = PLANE('',#1112);
#1112 = AXIS2_PLACEMENT_3D('',#1113,#1114,#1115);
#1113 = CARTESIAN_POINT('',(39.816609414001,65.630644098562,
    3.97015753606E-13));
#1114 = DIRECTION('',(0.41771647655,0.908577429402,0.));
#1115 = DIRECTION('',(-0.908577429402,0.41771647655,0.));
#1116 = ADVANCED_FACE('',(#1117),#1136,.T.);
#1117 = FACE_BOUND('',#1118,.T.);
#1118 = EDGE_LOOP('',(#1119,#1120,#1128,#1135));
#1119 = ORIENTED_EDGE('',*,*,#190,.F.);
#1120 = ORIENTED_EDGE('',*,*,#1121,.T.);
#1121 = EDGE_CURVE('',#159,#1122,#1124,.T.);
#1122 = VERTEX_POINT('',#1123);
#1123 = CARTESIAN_POINT('',(3.577130489569,76.318206673034,1.7));
#1124 = LINE('',#1125,#1126);
#1125 = CARTESIAN_POINT('',(3.577130489569,76.318206673034,
    3.97015753606E-13));
#1126 = VECTOR('',#1127,1.);
#1127 = DIRECTION('',(0.,0.,1.));
#1128 = ORIENTED_EDGE('',*,*,#1129,.F.);
#1129 = EDGE_CURVE('',#1098,#1122,#1130,.T.);
#1130 = CIRCLE('',#1131,7.);
#1131 = AXIS2_PLACEMENT_3D('',#1132,#1133,#1134);
#1132 = CARTESIAN_POINT('',(9.117663574811,72.040065355671,1.7));
#1133 = DIRECTION('',(0.,0.,1.));
#1134 = DIRECTION('',(0.41771647655,0.908577429402,-0.));
#1135 = ORIENTED_EDGE('',*,*,#1097,.F.);
#1136 = CYLINDRICAL_SURFACE('',#1137,7.);
#1137 = AXIS2_PLACEMENT_3D('',#1138,#1139,#1140);
#1138 = CARTESIAN_POINT('',(9.117663574811,72.040065355671,
    3.97015753606E-13));
#1139 = DIRECTION('',(0.,0.,1.));
#1140 = DIRECTION('',(0.41771647655,0.908577429402,-0.));
#1141 = ADVANCED_FACE('',(#1142),#1160,.T.);
#1142 = FACE_BOUND('',#1143,.T.);
#1143 = EDGE_LOOP('',(#1144,#1145,#1153,#1159));
#1144 = ORIENTED_EDGE('',*,*,#175,.F.);
#1145 = ORIENTED_EDGE('',*,*,#1146,.T.);
#1146 = EDGE_CURVE('',#127,#1147,#1149,.T.);
#1147 = VERTEX_POINT('',#1148);
#1148 = CARTESIAN_POINT('',(1.459466914769,73.57566400574,1.7));
#1149 = LINE('',#1150,#1151);
#1150 = CARTESIAN_POINT('',(1.459466914769,73.57566400574,
    3.97015753606E-13));
#1151 = VECTOR('',#1152,1.);
#1152 = DIRECTION('',(0.,0.,1.));
#1153 = ORIENTED_EDGE('',*,*,#1154,.F.);
#1154 = EDGE_CURVE('',#1122,#1147,#1155,.T.);
#1155 = LINE('',#1156,#1157);
#1156 = CARTESIAN_POINT('',(3.061100066486,75.649906254703,1.7));
#1157 = VECTOR('',#1158,1.);
#1158 = DIRECTION('',(-0.611163045338,-0.791504726463,0.));
#1159 = ORIENTED_EDGE('',*,*,#1121,.F.);
#1160 = PLANE('',#1161);
#1161 = AXIS2_PLACEMENT_3D('',#1162,#1163,#1164);
#1162 = CARTESIAN_POINT('',(3.577130489568,76.318206673034,
    3.97015753606E-13));
#1163 = DIRECTION('',(-0.791504726463,0.611163045338,0.));
#1164 = DIRECTION('',(-0.611163045338,-0.791504726463,0.));
#1165 = ADVANCED_FACE('',(#1166),#1185,.T.);
#1166 = FACE_BOUND('',#1167,.T.);
#1167 = EDGE_LOOP('',(#1168,#1169,#1177,#1184));
#1168 = ORIENTED_EDGE('',*,*,#126,.F.);
#1169 = ORIENTED_EDGE('',*,*,#1170,.T.);
#1170 = EDGE_CURVE('',#96,#1171,#1173,.T.);
#1171 = VERTEX_POINT('',#1172);
#1172 = CARTESIAN_POINT('',(2.363096539698,64.053561752239,1.7));
#1173 = LINE('',#1174,#1175);
#1174 = CARTESIAN_POINT('',(2.363096539698,64.053561752239,
    3.97015753606E-13));
#1175 = VECTOR('',#1176,1.);
#1176 = DIRECTION('',(0.,0.,1.));
#1177 = ORIENTED_EDGE('',*,*,#1178,.F.);
#1178 = EDGE_CURVE('',#1147,#1171,#1179,.T.);
#1179 = CIRCLE('',#1180,7.);
#1180 = AXIS2_PLACEMENT_3D('',#1181,#1182,#1183);
#1181 = CARTESIAN_POINT('',(7.000000000012,69.297522688376,1.7));
#1182 = DIRECTION('',(0.,0.,1.));
#1183 = DIRECTION('',(-0.791504726463,0.611163045338,0.));
#1184 = ORIENTED_EDGE('',*,*,#1146,.F.);
#1185 = CYLINDRICAL_SURFACE('',#1186,7.);
#1186 = AXIS2_PLACEMENT_3D('',#1187,#1188,#1189);
#1187 = CARTESIAN_POINT('',(7.000000000012,69.297522688376,
    3.97015753606E-13));
#1188 = DIRECTION('',(0.,0.,1.));
#1189 = DIRECTION('',(-0.791504726463,0.611163045338,0.));
#1190 = ADVANCED_FACE('',(#1191),#1209,.T.);
#1191 = FACE_BOUND('',#1192,.T.);
#1192 = EDGE_LOOP('',(#1193,#1194,#1202,#1208));
#1193 = ORIENTED_EDGE('',*,*,#95,.F.);
#1194 = ORIENTED_EDGE('',*,*,#1195,.T.);
#1195 = EDGE_CURVE('',#62,#1196,#1198,.T.);
#1196 = VERTEX_POINT('',#1197);
#1197 = CARTESIAN_POINT('',(21.636390175012,47.011405443751,1.7));
#1198 = LINE('',#1199,#1200);
#1199 = CARTESIAN_POINT('',(21.636390175012,47.011405443751,
    3.97015753606E-13));
#1200 = VECTOR('',#1201,1.);
#1201 = DIRECTION('',(0.,0.,1.));
#1202 = ORIENTED_EDGE('',*,*,#1203,.F.);
#1203 = EDGE_CURVE('',#1171,#1196,#1204,.T.);
#1204 = LINE('',#1205,#1206);
#1205 = CARTESIAN_POINT('',(21.388277150721,47.230796120932,1.7));
#1206 = VECTOR('',#1207,1.);
#1207 = DIRECTION('',(0.749137276591,-0.662414780045,0.));
#1208 = ORIENTED_EDGE('',*,*,#1170,.F.);
#1209 = PLANE('',#1210);
#1210 = AXIS2_PLACEMENT_3D('',#1211,#1212,#1213);
#1211 = CARTESIAN_POINT('',(2.363096539698,64.053561752239,
    3.97015753606E-13));
#1212 = DIRECTION('',(-0.662414780045,-0.749137276591,0.));
#1213 = DIRECTION('',(0.749137276591,-0.662414780045,0.));
#1214 = ADVANCED_FACE('',(#1215),#1234,.F.);
#1215 = FACE_BOUND('',#1216,.F.);
#1216 = EDGE_LOOP('',(#1217,#1218,#1227,#1233));
#1217 = ORIENTED_EDGE('',*,*,#1195,.T.);
#1218 = ORIENTED_EDGE('',*,*,#1219,.T.);
#1219 = EDGE_CURVE('',#1196,#1220,#1222,.T.);
#1220 = VERTEX_POINT('',#1221);
#1221 = CARTESIAN_POINT('',(21.636390175012,32.028659911932,1.7));
#1222 = CIRCLE('',#1223,10.);
#1223 = AXIS2_PLACEMENT_3D('',#1224,#1225,#1226);
#1224 = CARTESIAN_POINT('',(15.012242374563,39.520032677842,1.7));
#1225 = DIRECTION('',(0.,0.,-1.));
#1226 = DIRECTION('',(0.662414780045,-0.749137276591,0.));
#1227 = ORIENTED_EDGE('',*,*,#1228,.F.);
#1228 = EDGE_CURVE('',#22,#1220,#1229,.T.);
#1229 = LINE('',#1230,#1231);
#1230 = CARTESIAN_POINT('',(21.636390175012,32.028659911932,
    3.97015753606E-13));
#1231 = VECTOR('',#1232,1.);
#1232 = DIRECTION('',(0.,0.,1.));
#1233 = ORIENTED_EDGE('',*,*,#61,.T.);
#1234 = CYLINDRICAL_SURFACE('',#1235,10.);
#1235 = AXIS2_PLACEMENT_3D('',#1236,#1237,#1238);
#1236 = CARTESIAN_POINT('',(15.012242374563,39.520032677842,
    3.97015753606E-13));
#1237 = DIRECTION('',(0.,0.,1.));
#1238 = DIRECTION('',(0.662414780045,-0.749137276591,0.));
#1239 = ADVANCED_FACE('',(#1240),#1258,.T.);
#1240 = FACE_BOUND('',#1241,.T.);
#1241 = EDGE_LOOP('',(#1242,#1243,#1251,#1257));
#1242 = ORIENTED_EDGE('',*,*,#47,.F.);
#1243 = ORIENTED_EDGE('',*,*,#1244,.T.);
#1244 = EDGE_CURVE('',#40,#1245,#1247,.T.);
#1245 = VERTEX_POINT('',#1246);
#1246 = CARTESIAN_POINT('',(2.363096539688,14.986503603448,1.7));
#1247 = LINE('',#1248,#1249);
#1248 = CARTESIAN_POINT('',(2.363096539688,14.986503603448,
    3.97015753606E-13));
#1249 = VECTOR('',#1250,1.);
#1250 = DIRECTION('',(0.,0.,1.));
#1251 = ORIENTED_EDGE('',*,*,#1252,.F.);
#1252 = EDGE_CURVE('',#1220,#1245,#1253,.T.);
#1253 = LINE('',#1254,#1255);
#1254 = CARTESIAN_POINT('',(31.024923968379,40.330347388991,1.7));
#1255 = VECTOR('',#1256,1.);
#1256 = DIRECTION('',(-0.749137276591,-0.662414780045,0.));
#1257 = ORIENTED_EDGE('',*,*,#1228,.F.);
#1258 = PLANE('',#1259);
#1259 = AXIS2_PLACEMENT_3D('',#1260,#1261,#1262);
#1260 = CARTESIAN_POINT('',(21.636390175012,32.028659911932,
    3.97015753606E-13));
#1261 = DIRECTION('',(-0.662414780045,0.749137276591,0.));
#1262 = DIRECTION('',(-0.749137276591,-0.662414780045,0.));
#1263 = ADVANCED_FACE('',(#1264,#1294,#1305,#1316,#1327,#1338,#1349,
    #1360,#1371,#1382,#1393,#1404,#1415),#1426,.F.);
#1264 = FACE_BOUND('',#1265,.T.);
#1265 = EDGE_LOOP('',(#1266,#1267,#1268,#1269,#1270,#1271,#1272,#1273,
    #1274,#1275,#1276,#1277,#1278,#1279,#1280,#1281,#1282,#1283,#1284,
    #1285,#1286,#1287,#1288,#1289,#1290,#1291,#1292,#1293));
#1266 = ORIENTED_EDGE('',*,*,#31,.F.);
#1267 = ORIENTED_EDGE('',*,*,#71,.F.);
#1268 = ORIENTED_EDGE('',*,*,#111,.F.);
#1269 = ORIENTED_EDGE('',*,*,#143,.F.);
#1270 = ORIENTED_EDGE('',*,*,#168,.F.);
#1271 = ORIENTED_EDGE('',*,*,#207,.F.);
#1272 = ORIENTED_EDGE('',*,*,#232,.F.);
#1273 = ORIENTED_EDGE('',*,*,#263,.F.);
#1274 = ORIENTED_EDGE('',*,*,#303,.F.);
#1275 = ORIENTED_EDGE('',*,*,#327,.F.);
#1276 = ORIENTED_EDGE('',*,*,#367,.F.);
#1277 = ORIENTED_EDGE('',*,*,#399,.F.);
#1278 = ORIENTED_EDGE('',*,*,#431,.F.);
#1279 = ORIENTED_EDGE('',*,*,#463,.F.);
#1280 = ORIENTED_EDGE('',*,*,#488,.F.);
#1281 = ORIENTED_EDGE('',*,*,#519,.F.);
#1282 = ORIENTED_EDGE('',*,*,#559,.F.);
#1283 = ORIENTED_EDGE('',*,*,#591,.F.);
#1284 = ORIENTED_EDGE('',*,*,#616,.F.);
#1285 = ORIENTED_EDGE('',*,*,#655,.F.);
#1286 = ORIENTED_EDGE('',*,*,#680,.F.);
#1287 = ORIENTED_EDGE('',*,*,#711,.F.);
#1288 = ORIENTED_EDGE('',*,*,#751,.F.);
#1289 = ORIENTED_EDGE('',*,*,#775,.F.);
#1290 = ORIENTED_EDGE('',*,*,#815,.F.);
#1291 = ORIENTED_EDGE('',*,*,#847,.F.);
#1292 = ORIENTED_EDGE('',*,*,#879,.F.);
#1293 = ORIENTED_EDGE('',*,*,#902,.F.);
#1294 = FACE_BOUND('',#1295,.T.);
#1295 = EDGE_LOOP('',(#1296));
#1296 = ORIENTED_EDGE('',*,*,#1297,.F.);
#1297 = EDGE_CURVE('',#1298,#1298,#1300,.T.);
#1298 = VERTEX_POINT('',#1299);
#1299 = CARTESIAN_POINT('',(29.720625805419,54.770032677835,
    3.97015753606E-13));
#1300 = CIRCLE('',#1301,3.5);
#1301 = AXIS2_PLACEMENT_3D('',#1302,#1303,#1304);
#1302 = CARTESIAN_POINT('',(33.220625805419,54.770032677835,
    3.97015753606E-13));
#1303 = DIRECTION('',(0.,0.,-1.));
#1304 = DIRECTION('',(1.,0.,0.));
#1305 = FACE_BOUND('',#1306,.T.);
#1306 = EDGE_LOOP('',(#1307));
#1307 = ORIENTED_EDGE('',*,*,#1308,.F.);
#1308 = EDGE_CURVE('',#1309,#1309,#1311,.T.);
#1309 = VERTEX_POINT('',#1310);
#1310 = CARTESIAN_POINT('',(60.220625805419,54.770032677835,
    3.97015753606E-13));
#1311 = CIRCLE('',#1312,3.5);
#1312 = AXIS2_PLACEMENT_3D('',#1313,#1314,#1315);
#1313 = CARTESIAN_POINT('',(63.720625805419,54.770032677835,
    3.97015753606E-13));
#1314 = DIRECTION('',(0.,0.,-1.));
#1315 = DIRECTION('',(1.,0.,0.));
#1316 = FACE_BOUND('',#1317,.T.);
#1317 = EDGE_LOOP('',(#1318));
#1318 = ORIENTED_EDGE('',*,*,#1319,.F.);
#1319 = EDGE_CURVE('',#1320,#1320,#1322,.T.);
#1320 = VERTEX_POINT('',#1321);
#1321 = CARTESIAN_POINT('',(29.720625805419,24.270032677836,
    3.97015753606E-13));
#1322 = CIRCLE('',#1323,3.5);
#1323 = AXIS2_PLACEMENT_3D('',#1324,#1325,#1326);
#1324 = CARTESIAN_POINT('',(33.220625805419,24.270032677836,
    3.97015753606E-13));
#1325 = DIRECTION('',(0.,0.,-1.));
#1326 = DIRECTION('',(1.,0.,0.));
#1327 = FACE_BOUND('',#1328,.T.);
#1328 = EDGE_LOOP('',(#1329));
#1329 = ORIENTED_EDGE('',*,*,#1330,.F.);
#1330 = EDGE_CURVE('',#1331,#1331,#1333,.T.);
#1331 = VERTEX_POINT('',#1332);
#1332 = CARTESIAN_POINT('',(54.970625805419,29.380570441067,
    3.97015753606E-13));
#1333 = CIRCLE('',#1334,3.5);
#1334 = AXIS2_PLACEMENT_3D('',#1335,#1336,#1337);
#1335 = CARTESIAN_POINT('',(58.470625805419,29.380570441067,
    3.97015753606E-13));
#1336 = DIRECTION('',(0.,0.,-1.));
#1337 = DIRECTION('',(1.,0.,0.));
#1338 = FACE_BOUND('',#1339,.T.);
#1339 = EDGE_LOOP('',(#1340));
#1340 = ORIENTED_EDGE('',*,*,#1341,.F.);
#1341 = EDGE_CURVE('',#1342,#1342,#1344,.T.);
#1342 = VERTEX_POINT('',#1343);
#1343 = CARTESIAN_POINT('',(6.213807720952,70.990547288758,
    3.97015753606E-13));
#1344 = CIRCLE('',#1345,1.5);
#1345 = AXIS2_PLACEMENT_3D('',#1346,#1347,#1348);
#1346 = CARTESIAN_POINT('',(7.713807720952,70.990547288758,
    3.97015753606E-13));
#1347 = DIRECTION('',(0.,0.,-1.));
#1348 = DIRECTION('',(1.,0.,0.));
#1349 = FACE_BOUND('',#1350,.T.);
#1350 = EDGE_LOOP('',(#1351));
#1351 = ORIENTED_EDGE('',*,*,#1352,.F.);
#1352 = EDGE_CURVE('',#1353,#1353,#1355,.T.);
#1353 = VERTEX_POINT('',#1354);
#1354 = CARTESIAN_POINT('',(6.213807720952,8.049518066913,
    3.97015753606E-13));
#1355 = CIRCLE('',#1356,1.5);
#1356 = AXIS2_PLACEMENT_3D('',#1357,#1358,#1359);
#1357 = CARTESIAN_POINT('',(7.713807720952,8.049518066913,
    3.97015753606E-13));
#1358 = DIRECTION('',(0.,0.,-1.));
#1359 = DIRECTION('',(1.,0.,0.));
#1360 = FACE_BOUND('',#1361,.T.);
#1361 = EDGE_LOOP('',(#1362));
#1362 = ORIENTED_EDGE('',*,*,#1363,.F.);
#1363 = EDGE_CURVE('',#1364,#1364,#1366,.T.);
#1364 = VERTEX_POINT('',#1365);
#1365 = CARTESIAN_POINT('',(87.727443889887,8.049518066913,
    3.97015753606E-13));
#1366 = CIRCLE('',#1367,1.5);
#1367 = AXIS2_PLACEMENT_3D('',#1368,#1369,#1370);
#1368 = CARTESIAN_POINT('',(89.227443889887,8.049518066913,
    3.97015753606E-13));
#1369 = DIRECTION('',(0.,0.,-1.));
#1370 = DIRECTION('',(1.,0.,0.));
#1371 = FACE_BOUND('',#1372,.T.);
#1372 = EDGE_LOOP('',(#1373));
#1373 = ORIENTED_EDGE('',*,*,#1374,.F.);
#1374 = EDGE_CURVE('',#1375,#1375,#1377,.T.);
#1375 = VERTEX_POINT('',#1376);
#1376 = CARTESIAN_POINT('',(87.727443889887,70.990547288758,
    3.97015753606E-13));
#1377 = CIRCLE('',#1378,1.5);
#1378 = AXIS2_PLACEMENT_3D('',#1379,#1380,#1381);
#1379 = CARTESIAN_POINT('',(89.227443889887,70.990547288758,
    3.97015753606E-13));
#1380 = DIRECTION('',(0.,0.,-1.));
#1381 = DIRECTION('',(1.,0.,0.));
#1382 = FACE_BOUND('',#1383,.T.);
#1383 = EDGE_LOOP('',(#1384));
#1384 = ORIENTED_EDGE('',*,*,#1385,.F.);
#1385 = EDGE_CURVE('',#1386,#1386,#1388,.T.);
#1386 = VERTEX_POINT('',#1387);
#1387 = CARTESIAN_POINT('',(60.220625805419,24.270032677836,
    3.97015753606E-13));
#1388 = CIRCLE('',#1389,3.5);
#1389 = AXIS2_PLACEMENT_3D('',#1390,#1391,#1392);
#1390 = CARTESIAN_POINT('',(63.720625805419,24.270032677836,
    3.97015753606E-13));
#1391 = DIRECTION('',(0.,0.,-1.));
#1392 = DIRECTION('',(1.,0.,0.));
#1393 = FACE_BOUND('',#1394,.T.);
#1394 = EDGE_LOOP('',(#1395));
#1395 = ORIENTED_EDGE('',*,*,#1396,.F.);
#1396 = EDGE_CURVE('',#1397,#1397,#1399,.T.);
#1397 = VERTEX_POINT('',#1398);
#1398 = CARTESIAN_POINT('',(34.970625805419,29.380570441067,
    3.97015753606E-13));
#1399 = CIRCLE('',#1400,3.5);
#1400 = AXIS2_PLACEMENT_3D('',#1401,#1402,#1403);
#1401 = CARTESIAN_POINT('',(38.470625805419,29.380570441067,
    3.97015753606E-13));
#1402 = DIRECTION('',(0.,0.,-1.));
#1403 = DIRECTION('',(1.,0.,0.));
#1404 = FACE_BOUND('',#1405,.T.);
#1405 = EDGE_LOOP('',(#1406));
#1406 = ORIENTED_EDGE('',*,*,#1407,.F.);
#1407 = EDGE_CURVE('',#1408,#1408,#1410,.T.);
#1408 = VERTEX_POINT('',#1409);
#1409 = CARTESIAN_POINT('',(54.970625805419,49.380570441067,
    3.97015753606E-13));
#1410 = CIRCLE('',#1411,3.5);
#1411 = AXIS2_PLACEMENT_3D('',#1412,#1413,#1414);
#1412 = CARTESIAN_POINT('',(58.470625805419,49.380570441067,
    3.97015753606E-13));
#1413 = DIRECTION('',(0.,0.,-1.));
#1414 = DIRECTION('',(1.,0.,0.));
#1415 = FACE_BOUND('',#1416,.T.);
#1416 = EDGE_LOOP('',(#1417));
#1417 = ORIENTED_EDGE('',*,*,#1418,.F.);
#1418 = EDGE_CURVE('',#1419,#1419,#1421,.T.);
#1419 = VERTEX_POINT('',#1420);
#1420 = CARTESIAN_POINT('',(34.970625805419,49.380570441067,
    3.97015753606E-13));
#1421 = CIRCLE('',#1422,3.5);
#1422 = AXIS2_PLACEMENT_3D('',#1423,#1424,#1425);
#1423 = CARTESIAN_POINT('',(38.470625805419,49.380570441067,
    3.97015753606E-13));
#1424 = DIRECTION('',(0.,0.,-1.));
#1425 = DIRECTION('',(1.,0.,0.));
#1426 = PLANE('',#1427);
#1427 = AXIS2_PLACEMENT_3D('',#1428,#1429,#1430);
#1428 = CARTESIAN_POINT('',(48.470625805417,39.520032677835,
    3.97015753606E-13));
#1429 = DIRECTION('',(0.,0.,1.));
#1430 = DIRECTION('',(1.,0.,-0.));
#1431 = ADVANCED_FACE('',(#1432),#1457,.T.);
#1432 = FACE_BOUND('',#1433,.T.);
#1433 = EDGE_LOOP('',(#1434,#1442,#1450,#1456));
#1434 = ORIENTED_EDGE('',*,*,#1435,.T.);
#1435 = EDGE_CURVE('',#1245,#1436,#1438,.T.);
#1436 = VERTEX_POINT('',#1437);
#1437 = CARTESIAN_POINT('',(2.893028363724,14.387193782175,2.5));
#1438 = LINE('',#1439,#1440);
#1439 = CARTESIAN_POINT('',(2.363096539688,14.986503603448,1.7));
#1440 = VECTOR('',#1441,1.);
#1441 = DIRECTION('',(0.468397982928,-0.529720048317,0.707106781187));
#1442 = ORIENTED_EDGE('',*,*,#1443,.T.);
#1443 = EDGE_CURVE('',#1436,#1444,#1446,.T.);
#1444 = VERTEX_POINT('',#1445);
#1445 = CARTESIAN_POINT('',(22.166321999047,31.429350090659,2.5));
#1446 = LINE('',#1447,#1448);
#1447 = CARTESIAN_POINT('',(31.554855792415,39.731037567718,2.5));
#1448 = VECTOR('',#1449,1.);
#1449 = DIRECTION('',(0.749137276591,0.662414780045,0.));
#1450 = ORIENTED_EDGE('',*,*,#1451,.T.);
#1451 = EDGE_CURVE('',#1444,#1220,#1452,.T.);
#1452 = LINE('',#1453,#1454);
#1453 = CARTESIAN_POINT('',(22.166321999047,31.429350090659,2.5));
#1454 = VECTOR('',#1455,1.);
#1455 = DIRECTION('',(-0.468397982928,0.529720048317,-0.707106781187));
#1456 = ORIENTED_EDGE('',*,*,#1252,.T.);
#1457 = PLANE('',#1458);
#1458 = AXIS2_PLACEMENT_3D('',#1459,#1460,#1461);
#1459 = CARTESIAN_POINT('',(31.289889880397,40.030692478355,2.1));
#1460 = DIRECTION('',(-0.468397982928,0.529720048317,0.707106781187));
#1461 = DIRECTION('',(0.833682701984,-2.775557561563E-17,0.552243743661)
  );
#1462 = ADVANCED_FACE('',(#1463),#1490,.T.);
#1463 = FACE_BOUND('',#1464,.T.);
#1464 = EDGE_LOOP('',(#1465,#1475,#1482,#1483));
#1465 = ORIENTED_EDGE('',*,*,#1466,.T.);
#1466 = EDGE_CURVE('',#1467,#1469,#1471,.T.);
#1467 = VERTEX_POINT('',#1468);
#1468 = CARTESIAN_POINT('',(1.459466914757,5.464401349946,1.7));
#1469 = VERTEX_POINT('',#1470);
#1470 = CARTESIAN_POINT('',(2.092670695928,5.953331786217,2.5));
#1471 = LINE('',#1472,#1473);
#1472 = CARTESIAN_POINT('',(1.459466914757,5.464401349946,1.7));
#1473 = VECTOR('',#1474,1.);
#1474 = DIRECTION('',(0.559678359423,0.432157533769,0.707106781187));
#1475 = ORIENTED_EDGE('',*,*,#1476,.T.);
#1476 = EDGE_CURVE('',#1469,#1436,#1477,.T.);
#1477 = CIRCLE('',#1478,6.2);
#1478 = AXIS2_PLACEMENT_3D('',#1479,#1480,#1481);
#1479 = CARTESIAN_POINT('',(7.,9.74254266731,2.5));
#1480 = DIRECTION('',(0.,0.,-1.));
#1481 = DIRECTION('',(-0.662414780045,0.749137276591,0.));
#1482 = ORIENTED_EDGE('',*,*,#1435,.F.);
#1483 = ORIENTED_EDGE('',*,*,#1484,.T.);
#1484 = EDGE_CURVE('',#1245,#1467,#1485,.T.);
#1485 = CIRCLE('',#1486,7.);
#1486 = AXIS2_PLACEMENT_3D('',#1487,#1488,#1489);
#1487 = CARTESIAN_POINT('',(7.,9.74254266731,1.7));
#1488 = DIRECTION('',(0.,0.,1.));
#1489 = DIRECTION('',(-0.662414780045,0.749137276591,0.));
#1490 = CONICAL_SURFACE('',#1491,6.6,0.785398163397);
#1491 = AXIS2_PLACEMENT_3D('',#1492,#1493,#1494);
#1492 = CARTESIAN_POINT('',(7.,9.74254266731,2.1));
#1493 = DIRECTION('',(0.,0.,-1.));
#1494 = DIRECTION('',(-0.662414780045,0.749137276591,0.));
#1495 = ADVANCED_FACE('',(#1496),#1521,.T.);
#1496 = FACE_BOUND('',#1497,.T.);
#1497 = EDGE_LOOP('',(#1498,#1508,#1514,#1515));
#1498 = ORIENTED_EDGE('',*,*,#1499,.T.);
#1499 = EDGE_CURVE('',#1500,#1502,#1504,.T.);
#1500 = VERTEX_POINT('',#1501);
#1501 = CARTESIAN_POINT('',(3.577130489568,2.721858682636,1.7));
#1502 = VERTEX_POINT('',#1503);
#1503 = CARTESIAN_POINT('',(4.210334270739,3.210789118907,2.5));
#1504 = LINE('',#1505,#1506);
#1505 = CARTESIAN_POINT('',(3.577130489568,2.721858682636,1.7));
#1506 = VECTOR('',#1507,1.);
#1507 = DIRECTION('',(0.559678359423,0.432157533769,0.707106781187));
#1508 = ORIENTED_EDGE('',*,*,#1509,.T.);
#1509 = EDGE_CURVE('',#1502,#1469,#1510,.T.);
#1510 = LINE('',#1511,#1512);
#1511 = CARTESIAN_POINT('',(2.635472060252,5.250360870893,2.5));
#1512 = VECTOR('',#1513,1.);
#1513 = DIRECTION('',(-0.611163045338,0.791504726463,0.));
#1514 = ORIENTED_EDGE('',*,*,#1466,.F.);
#1515 = ORIENTED_EDGE('',*,*,#1516,.T.);
#1516 = EDGE_CURVE('',#1467,#1500,#1517,.T.);
#1517 = LINE('',#1518,#1519);
#1518 = CARTESIAN_POINT('',(2.002268279081,4.761430434623,1.7));
#1519 = VECTOR('',#1520,1.);
#1520 = DIRECTION('',(0.611163045338,-0.791504726463,0.));
#1521 = PLANE('',#1522);
#1522 = AXIS2_PLACEMENT_3D('',#1523,#1524,#1525);
#1523 = CARTESIAN_POINT('',(2.318870169666,5.005895652758,2.1));
#1524 = DIRECTION('',(-0.559678359423,-0.432157533769,0.707106781187));
#1525 = DIRECTION('',(0.784107615899,-2.775557561563E-16,0.62062488404)
  );
#1526 = ADVANCED_FACE('',(#1527),#1554,.T.);
#1527 = FACE_BOUND('',#1528,.T.);
#1528 = EDGE_LOOP('',(#1529,#1539,#1546,#1547));
#1529 = ORIENTED_EDGE('',*,*,#1530,.T.);
#1530 = EDGE_CURVE('',#1531,#1533,#1535,.T.);
#1531 = VERTEX_POINT('',#1532);
#1532 = CARTESIAN_POINT('',(12.041678910659,0.639957994185,1.7));
#1533 = VERTEX_POINT('',#1534);
#1534 = CARTESIAN_POINT('',(11.707505729419,1.366819937707,2.5));
#1535 = LINE('',#1536,#1537);
#1536 = CARTESIAN_POINT('',(12.041678910659,0.639957994185,1.7));
#1537 = VECTOR('',#1538,1.);
#1538 = DIRECTION('',(-0.295370153182,0.642461261563,0.707106781187));
#1539 = ORIENTED_EDGE('',*,*,#1540,.T.);
#1540 = EDGE_CURVE('',#1533,#1502,#1541,.T.);
#1541 = CIRCLE('',#1542,6.2);
#1542 = AXIS2_PLACEMENT_3D('',#1543,#1544,#1545);
#1543 = CARTESIAN_POINT('',(9.117663574811,7.,2.5));
#1544 = DIRECTION('',(0.,0.,-1.));
#1545 = DIRECTION('',(-0.791504726463,-0.611163045338,-0.));
#1546 = ORIENTED_EDGE('',*,*,#1499,.F.);
#1547 = ORIENTED_EDGE('',*,*,#1548,.T.);
#1548 = EDGE_CURVE('',#1500,#1531,#1549,.T.);
#1549 = CIRCLE('',#1550,7.);
#1550 = AXIS2_PLACEMENT_3D('',#1551,#1552,#1553);
#1551 = CARTESIAN_POINT('',(9.117663574811,7.,1.7));
#1552 = DIRECTION('',(0.,0.,1.));
#1553 = DIRECTION('',(-0.791504726463,-0.611163045338,0.));
#1554 = CONICAL_SURFACE('',#1555,6.6,0.785398163397);
#1555 = AXIS2_PLACEMENT_3D('',#1556,#1557,#1558);
#1556 = CARTESIAN_POINT('',(9.117663574811,7.,2.1));
#1557 = DIRECTION('',(0.,0.,-1.));
#1558 = DIRECTION('',(-0.791504726463,-0.611163045338,-0.));
#1559 = ADVANCED_FACE('',(#1560),#1585,.T.);
#1560 = FACE_BOUND('',#1561,.T.);
#1561 = EDGE_LOOP('',(#1562,#1572,#1578,#1579));
#1562 = ORIENTED_EDGE('',*,*,#1563,.T.);
#1563 = EDGE_CURVE('',#1564,#1566,#1568,.T.);
#1564 = VERTEX_POINT('',#1565);
#1565 = CARTESIAN_POINT('',(39.816609414001,13.409421257108,1.7));
#1566 = VERTEX_POINT('',#1567);
#1567 = CARTESIAN_POINT('',(39.482436232761,14.13628320063,2.5));
#1568 = LINE('',#1569,#1570);
#1569 = CARTESIAN_POINT('',(39.816609414001,13.409421257108,1.7));
#1570 = VECTOR('',#1571,1.);
#1571 = DIRECTION('',(-0.295370153182,0.642461261563,0.707106781186));
#1572 = ORIENTED_EDGE('',*,*,#1573,.T.);
#1573 = EDGE_CURVE('',#1566,#1533,#1574,.T.);
#1574 = LINE('',#1575,#1576);
#1575 = CARTESIAN_POINT('',(34.121823225494,11.671753150598,2.5));
#1576 = VECTOR('',#1577,1.);
#1577 = DIRECTION('',(-0.908577429402,-0.41771647655,0.));
#1578 = ORIENTED_EDGE('',*,*,#1530,.F.);
#1579 = ORIENTED_EDGE('',*,*,#1580,.T.);
#1580 = EDGE_CURVE('',#1531,#1564,#1581,.T.);
#1581 = LINE('',#1582,#1583);
#1582 = CARTESIAN_POINT('',(34.455996406734,10.944891207076,1.7));
#1583 = VECTOR('',#1584,1.);
#1584 = DIRECTION('',(0.908577429402,0.41771647655,0.));
#1585 = PLANE('',#1586);
#1586 = AXIS2_PLACEMENT_3D('',#1587,#1588,#1589);
#1587 = CARTESIAN_POINT('',(34.288909816114,11.308322178837,2.1));
#1588 = DIRECTION('',(0.295370153182,-0.642461261563,0.707106781187));
#1589 = DIRECTION('',(0.922732639077,-3.608224830032E-16,-0.385440626793
    ));
#1590 = ADVANCED_FACE('',(#1591),#1618,.F.);
#1591 = FACE_BOUND('',#1592,.F.);
#1592 = EDGE_LOOP('',(#1593,#1602,#1603,#1612));
#1593 = ORIENTED_EDGE('',*,*,#1594,.F.);
#1594 = EDGE_CURVE('',#1564,#1595,#1597,.T.);
#1595 = VERTEX_POINT('',#1596);
#1596 = CARTESIAN_POINT('',(43.993774179499,14.323646963088,1.7));
#1597 = CIRCLE('',#1598,10.);
#1598 = AXIS2_PLACEMENT_3D('',#1599,#1600,#1601);
#1599 = CARTESIAN_POINT('',(43.993774179499,4.323646963088,1.7));
#1600 = DIRECTION('',(0.,0.,-1.));
#1601 = DIRECTION('',(0.,1.,0.));
#1602 = ORIENTED_EDGE('',*,*,#1563,.T.);
#1603 = ORIENTED_EDGE('',*,*,#1604,.F.);
#1604 = EDGE_CURVE('',#1605,#1566,#1607,.T.);
#1605 = VERTEX_POINT('',#1606);
#1606 = CARTESIAN_POINT('',(43.993774179499,15.123646963088,2.5));
#1607 = CIRCLE('',#1608,10.8);
#1608 = AXIS2_PLACEMENT_3D('',#1609,#1610,#1611);
#1609 = CARTESIAN_POINT('',(43.993774179499,4.323646963088,2.5));
#1610 = DIRECTION('',(0.,-0.,1.));
#1611 = DIRECTION('',(0.,1.,0.));
#1612 = ORIENTED_EDGE('',*,*,#1613,.F.);
#1613 = EDGE_CURVE('',#1595,#1605,#1614,.T.);
#1614 = LINE('',#1615,#1616);
#1615 = CARTESIAN_POINT('',(43.993774179499,14.323646963088,1.7));
#1616 = VECTOR('',#1617,1.);
#1617 = DIRECTION('',(0.,0.707106781187,0.707106781187));
#1618 = CONICAL_SURFACE('',#1619,10.4,0.785398163397);
#1619 = AXIS2_PLACEMENT_3D('',#1620,#1621,#1622);
#1620 = CARTESIAN_POINT('',(43.993774179499,4.323646963088,2.1));
#1621 = DIRECTION('',(0.,0.,1.));
#1622 = DIRECTION('',(0.,1.,0.));
#1623 = ADVANCED_FACE('',(#1624),#1649,.T.);
#1624 = FACE_BOUND('',#1625,.T.);
#1625 = EDGE_LOOP('',(#1626,#1636,#1642,#1643));
#1626 = ORIENTED_EDGE('',*,*,#1627,.T.);
#1627 = EDGE_CURVE('',#1628,#1630,#1632,.T.);
#1628 = VERTEX_POINT('',#1629);
#1629 = CARTESIAN_POINT('',(52.947477431341,14.323646963088,1.7));
#1630 = VERTEX_POINT('',#1631);
#1631 = CARTESIAN_POINT('',(52.947477431341,15.123646963088,2.5));
#1632 = LINE('',#1633,#1634);
#1633 = CARTESIAN_POINT('',(52.947477431341,14.323646963088,1.7));
#1634 = VECTOR('',#1635,1.);
#1635 = DIRECTION('',(1.668223237352E-14,0.707106781186,0.707106781187)
  );
#1636 = ORIENTED_EDGE('',*,*,#1637,.T.);
#1637 = EDGE_CURVE('',#1630,#1605,#1638,.T.);
#1638 = LINE('',#1639,#1640);
#1639 = CARTESIAN_POINT('',(46.232199992458,15.123646963088,2.5));
#1640 = VECTOR('',#1641,1.);
#1641 = DIRECTION('',(-1.,2.380722419901E-14,0.));
#1642 = ORIENTED_EDGE('',*,*,#1613,.F.);
#1643 = ORIENTED_EDGE('',*,*,#1644,.T.);
#1644 = EDGE_CURVE('',#1595,#1628,#1645,.T.);
#1645 = LINE('',#1646,#1647);
#1646 = CARTESIAN_POINT('',(46.232199992458,14.323646963088,1.7));
#1647 = VECTOR('',#1648,1.);
#1648 = DIRECTION('',(1.,-2.380722419901E-14,0.));
#1649 = PLANE('',#1650);
#1650 = AXIS2_PLACEMENT_3D('',#1651,#1652,#1653);
#1651 = CARTESIAN_POINT('',(46.232199992458,14.723646963088,2.1));
#1652 = DIRECTION('',(-1.683424967235E-14,-0.707106781187,0.707106781187
    ));
#1653 = DIRECTION('',(1.,4.417621069238E-29,2.380722419901E-14));
#1654 = ADVANCED_FACE('',(#1655),#1682,.F.);
#1655 = FACE_BOUND('',#1656,.F.);
#1656 = EDGE_LOOP('',(#1657,#1666,#1667,#1676));
#1657 = ORIENTED_EDGE('',*,*,#1658,.F.);
#1658 = EDGE_CURVE('',#1628,#1659,#1661,.T.);
#1659 = VERTEX_POINT('',#1660);
#1660 = CARTESIAN_POINT('',(57.124642196838,13.409421257109,1.7));
#1661 = CIRCLE('',#1662,10.);
#1662 = AXIS2_PLACEMENT_3D('',#1663,#1664,#1665);
#1663 = CARTESIAN_POINT('',(52.947477431341,4.323646963088,1.7));
#1664 = DIRECTION('',(0.,0.,-1.));
#1665 = DIRECTION('',(0.41771647655,0.908577429402,0.));
#1666 = ORIENTED_EDGE('',*,*,#1627,.T.);
#1667 = ORIENTED_EDGE('',*,*,#1668,.F.);
#1668 = EDGE_CURVE('',#1669,#1630,#1671,.T.);
#1669 = VERTEX_POINT('',#1670);
#1670 = CARTESIAN_POINT('',(57.458815378078,14.13628320063,2.5));
#1671 = CIRCLE('',#1672,10.8);
#1672 = AXIS2_PLACEMENT_3D('',#1673,#1674,#1675);
#1673 = CARTESIAN_POINT('',(52.947477431341,4.323646963088,2.5));
#1674 = DIRECTION('',(0.,0.,1.));
#1675 = DIRECTION('',(0.41771647655,0.908577429402,-0.));
#1676 = ORIENTED_EDGE('',*,*,#1677,.F.);
#1677 = EDGE_CURVE('',#1659,#1669,#1678,.T.);
#1678 = LINE('',#1679,#1680);
#1679 = CARTESIAN_POINT('',(57.124642196838,13.409421257109,1.7));
#1680 = VECTOR('',#1681,1.);
#1681 = DIRECTION('',(0.295370153182,0.642461261563,0.707106781187));
#1682 = CONICAL_SURFACE('',#1683,10.4,0.785398163397);
#1683 = AXIS2_PLACEMENT_3D('',#1684,#1685,#1686);
#1684 = CARTESIAN_POINT('',(52.947477431341,4.323646963088,2.1));
#1685 = DIRECTION('',(0.,0.,1.));
#1686 = DIRECTION('',(0.41771647655,0.908577429402,-0.));
#1687 = ADVANCED_FACE('',(#1688),#1713,.T.);
#1688 = FACE_BOUND('',#1689,.T.);
#1689 = EDGE_LOOP('',(#1690,#1700,#1706,#1707));
#1690 = ORIENTED_EDGE('',*,*,#1691,.T.);
#1691 = EDGE_CURVE('',#1692,#1694,#1696,.T.);
#1692 = VERTEX_POINT('',#1693);
#1693 = CARTESIAN_POINT('',(84.899572700182,0.639957994186,1.7));
#1694 = VERTEX_POINT('',#1695);
#1695 = CARTESIAN_POINT('',(85.233745881422,1.366819937708,2.5));
#1696 = LINE('',#1697,#1698);
#1697 = CARTESIAN_POINT('',(84.899572700182,0.639957994186,1.7));
#1698 = VECTOR('',#1699,1.);
#1699 = DIRECTION('',(0.295370153182,0.642461261563,0.707106781187));
#1700 = ORIENTED_EDGE('',*,*,#1701,.T.);
#1701 = EDGE_CURVE('',#1694,#1669,#1702,.T.);
#1702 = LINE('',#1703,#1704);
#1703 = CARTESIAN_POINT('',(48.931963133672,18.05648478206,2.5));
#1704 = VECTOR('',#1705,1.);
#1705 = DIRECTION('',(-0.908577429402,0.41771647655,0.));
#1706 = ORIENTED_EDGE('',*,*,#1677,.F.);
#1707 = ORIENTED_EDGE('',*,*,#1708,.T.);
#1708 = EDGE_CURVE('',#1659,#1692,#1709,.T.);
#1709 = LINE('',#1710,#1711);
#1710 = CARTESIAN_POINT('',(48.597789952432,17.329622838538,1.7));
#1711 = VECTOR('',#1712,1.);
#1712 = DIRECTION('',(0.908577429402,-0.41771647655,0.));
#1713 = PLANE('',#1714);
#1714 = AXIS2_PLACEMENT_3D('',#1715,#1716,#1717);
#1715 = CARTESIAN_POINT('',(48.764876543052,17.693053810299,2.1));
#1716 = DIRECTION('',(-0.295370153182,-0.642461261563,0.707106781187));
#1717 = DIRECTION('',(0.922732639077,-3.608224830032E-16,0.385440626793)
  );
#1718 = ADVANCED_FACE('',(#1719),#1746,.T.);
#1719 = FACE_BOUND('',#1720,.T.);
#1720 = EDGE_LOOP('',(#1721,#1731,#1738,#1739));
#1721 = ORIENTED_EDGE('',*,*,#1722,.T.);
#1722 = EDGE_CURVE('',#1723,#1725,#1727,.T.);
#1723 = VERTEX_POINT('',#1724);
#1724 = CARTESIAN_POINT('',(93.364121121272,2.721858682637,1.7));
#1725 = VERTEX_POINT('',#1726);
#1726 = CARTESIAN_POINT('',(92.730917340101,3.210789118907,2.5));
#1727 = LINE('',#1728,#1729);
#1728 = CARTESIAN_POINT('',(93.364121121272,2.721858682637,1.7));
#1729 = VECTOR('',#1730,1.);
#1730 = DIRECTION('',(-0.559678359423,0.432157533769,0.707106781187));
#1731 = ORIENTED_EDGE('',*,*,#1732,.T.);
#1732 = EDGE_CURVE('',#1725,#1694,#1733,.T.);
#1733 = CIRCLE('',#1734,6.2);
#1734 = AXIS2_PLACEMENT_3D('',#1735,#1736,#1737);
#1735 = CARTESIAN_POINT('',(87.82358803603,7.,2.5));
#1736 = DIRECTION('',(0.,0.,-1.));
#1737 = DIRECTION('',(-0.41771647655,-0.908577429402,-0.));
#1738 = ORIENTED_EDGE('',*,*,#1691,.F.);
#1739 = ORIENTED_EDGE('',*,*,#1740,.T.);
#1740 = EDGE_CURVE('',#1692,#1723,#1741,.T.);
#1741 = CIRCLE('',#1742,7.);
#1742 = AXIS2_PLACEMENT_3D('',#1743,#1744,#1745);
#1743 = CARTESIAN_POINT('',(87.82358803603,7.,1.7));
#1744 = DIRECTION('',(0.,0.,1.));
#1745 = DIRECTION('',(-0.41771647655,-0.908577429402,0.));
#1746 = CONICAL_SURFACE('',#1747,6.6,0.785398163397);
#1747 = AXIS2_PLACEMENT_3D('',#1748,#1749,#1750);
#1748 = CARTESIAN_POINT('',(87.82358803603,7.,2.1));
#1749 = DIRECTION('',(0.,0.,-1.));
#1750 = DIRECTION('',(-0.41771647655,-0.908577429402,-0.));
#1751 = ADVANCED_FACE('',(#1752),#1777,.T.);
#1752 = FACE_BOUND('',#1753,.T.);
#1753 = EDGE_LOOP('',(#1754,#1764,#1770,#1771));
#1754 = ORIENTED_EDGE('',*,*,#1755,.T.);
#1755 = EDGE_CURVE('',#1756,#1758,#1760,.T.);
#1756 = VERTEX_POINT('',#1757);
#1757 = CARTESIAN_POINT('',(95.481784696077,5.464401349938,1.7));
#1758 = VERTEX_POINT('',#1759);
#1759 = CARTESIAN_POINT('',(94.848580914906,5.953331786208,2.5));
#1760 = LINE('',#1761,#1762);
#1761 = CARTESIAN_POINT('',(95.481784696077,5.464401349938,1.7));
#1762 = VECTOR('',#1763,1.);
#1763 = DIRECTION('',(-0.559678359423,0.432157533769,0.707106781187));
#1764 = ORIENTED_EDGE('',*,*,#1765,.T.);
#1765 = EDGE_CURVE('',#1758,#1725,#1766,.T.);
#1766 = LINE('',#1767,#1768);
#1767 = CARTESIAN_POINT('',(93.246947763182,3.879089537236,2.5));
#1768 = VECTOR('',#1769,1.);
#1769 = DIRECTION('',(-0.611163045338,-0.791504726463,0.));
#1770 = ORIENTED_EDGE('',*,*,#1722,.F.);
#1771 = ORIENTED_EDGE('',*,*,#1772,.T.);
#1772 = EDGE_CURVE('',#1723,#1756,#1773,.T.);
#1773 = LINE('',#1774,#1775);
#1774 = CARTESIAN_POINT('',(93.880151544353,3.390159100966,1.7));
#1775 = VECTOR('',#1776,1.);
#1776 = DIRECTION('',(0.611163045338,0.791504726463,0.));
#1777 = PLANE('',#1778);
#1778 = AXIS2_PLACEMENT_3D('',#1779,#1780,#1781);
#1779 = CARTESIAN_POINT('',(93.563549653767,3.634624319101,2.1));
#1780 = DIRECTION('',(0.559678359423,-0.432157533769,0.707106781187));
#1781 = DIRECTION('',(0.784107615899,2.22044604925E-16,-0.62062488404));
#1782 = ADVANCED_FACE('',(#1783),#1810,.T.);
#1783 = FACE_BOUND('',#1784,.T.);
#1784 = EDGE_LOOP('',(#1785,#1795,#1802,#1803));
#1785 = ORIENTED_EDGE('',*,*,#1786,.T.);
#1786 = EDGE_CURVE('',#1787,#1789,#1791,.T.);
#1787 = VERTEX_POINT('',#1788);
#1788 = CARTESIAN_POINT('',(94.578155071147,14.986503603439,1.7));
#1789 = VERTEX_POINT('',#1790);
#1790 = CARTESIAN_POINT('',(94.048223247112,14.387193782166,2.5));
#1791 = LINE('',#1792,#1793);
#1792 = CARTESIAN_POINT('',(94.578155071147,14.986503603439,1.7));
#1793 = VECTOR('',#1794,1.);
#1794 = DIRECTION('',(-0.468397982928,-0.529720048317,0.707106781187));
#1795 = ORIENTED_EDGE('',*,*,#1796,.T.);
#1796 = EDGE_CURVE('',#1789,#1758,#1797,.T.);
#1797 = CIRCLE('',#1798,6.2);
#1798 = AXIS2_PLACEMENT_3D('',#1799,#1800,#1801);
#1799 = CARTESIAN_POINT('',(89.941251610834,9.742542667301,2.5));
#1800 = DIRECTION('',(0.,0.,-1.));
#1801 = DIRECTION('',(0.791504726463,-0.611163045338,0.));
#1802 = ORIENTED_EDGE('',*,*,#1755,.F.);
#1803 = ORIENTED_EDGE('',*,*,#1804,.T.);
#1804 = EDGE_CURVE('',#1756,#1787,#1805,.T.);
#1805 = CIRCLE('',#1806,7.);
#1806 = AXIS2_PLACEMENT_3D('',#1807,#1808,#1809);
#1807 = CARTESIAN_POINT('',(89.941251610834,9.742542667301,1.7));
#1808 = DIRECTION('',(0.,0.,1.));
#1809 = DIRECTION('',(0.791504726463,-0.611163045338,0.));
#1810 = CONICAL_SURFACE('',#1811,6.6,0.785398163397);
#1811 = AXIS2_PLACEMENT_3D('',#1812,#1813,#1814);
#1812 = CARTESIAN_POINT('',(89.941251610834,9.742542667301,2.1));
#1813 = DIRECTION('',(0.,0.,-1.));
#1814 = DIRECTION('',(0.791504726463,-0.611163045338,0.));
#1815 = ADVANCED_FACE('',(#1816),#1841,.T.);
#1816 = FACE_BOUND('',#1817,.T.);
#1817 = EDGE_LOOP('',(#1818,#1828,#1834,#1835));
#1818 = ORIENTED_EDGE('',*,*,#1819,.T.);
#1819 = EDGE_CURVE('',#1820,#1822,#1824,.T.);
#1820 = VERTEX_POINT('',#1821);
#1821 = CARTESIAN_POINT('',(75.304861435826,32.028659911926,1.7));
#1822 = VERTEX_POINT('',#1823);
#1823 = CARTESIAN_POINT('',(74.77492961179,31.429350090653,2.5));
#1824 = LINE('',#1825,#1826);
#1825 = CARTESIAN_POINT('',(75.304861435826,32.028659911926,1.7));
#1826 = VECTOR('',#1827,1.);
#1827 = DIRECTION('',(-0.468397982928,-0.529720048317,0.707106781187));
#1828 = ORIENTED_EDGE('',*,*,#1829,.T.);
#1829 = EDGE_CURVE('',#1822,#1789,#1830,.T.);
#1830 = LINE('',#1831,#1832);
#1831 = CARTESIAN_POINT('',(75.023042636083,31.209959413472,2.5));
#1832 = VECTOR('',#1833,1.);
#1833 = DIRECTION('',(0.749137276591,-0.662414780045,0.));
#1834 = ORIENTED_EDGE('',*,*,#1786,.F.);
#1835 = ORIENTED_EDGE('',*,*,#1836,.T.);
#1836 = EDGE_CURVE('',#1787,#1820,#1837,.T.);
#1837 = LINE('',#1838,#1839);
#1838 = CARTESIAN_POINT('',(75.552974460119,31.809269234744,1.7));
#1839 = VECTOR('',#1840,1.);
#1840 = DIRECTION('',(-0.749137276591,0.662414780045,0.));
#1841 = PLANE('',#1842);
#1842 = AXIS2_PLACEMENT_3D('',#1843,#1844,#1845);
#1843 = CARTESIAN_POINT('',(75.288008548101,31.509614324108,2.1));
#1844 = DIRECTION('',(0.468397982928,0.529720048317,0.707106781187));
#1845 = DIRECTION('',(0.833682701984,5.551115123126E-17,-0.552243743662)
  );
#1846 = ADVANCED_FACE('',(#1847),#1874,.F.);
#1847 = FACE_BOUND('',#1848,.F.);
#1848 = EDGE_LOOP('',(#1849,#1858,#1859,#1868));
#1849 = ORIENTED_EDGE('',*,*,#1850,.F.);
#1850 = EDGE_CURVE('',#1820,#1851,#1853,.T.);
#1851 = VERTEX_POINT('',#1852);
#1852 = CARTESIAN_POINT('',(75.304861435827,47.011405443746,1.7));
#1853 = CIRCLE('',#1854,10.);
#1854 = AXIS2_PLACEMENT_3D('',#1855,#1856,#1857);
#1855 = CARTESIAN_POINT('',(81.929009236274,39.520032677836,1.7));
#1856 = DIRECTION('',(0.,0.,-1.));
#1857 = DIRECTION('',(-0.662414780045,0.749137276591,0.));
#1858 = ORIENTED_EDGE('',*,*,#1819,.T.);
#1859 = ORIENTED_EDGE('',*,*,#1860,.F.);
#1860 = EDGE_CURVE('',#1861,#1822,#1863,.T.);
#1861 = VERTEX_POINT('',#1862);
#1862 = CARTESIAN_POINT('',(74.774929611791,47.610715265019,2.5));
#1863 = CIRCLE('',#1864,10.8);
#1864 = AXIS2_PLACEMENT_3D('',#1865,#1866,#1867);
#1865 = CARTESIAN_POINT('',(81.929009236274,39.520032677836,2.5));
#1866 = DIRECTION('',(0.,0.,1.));
#1867 = DIRECTION('',(-0.662414780045,0.749137276591,0.));
#1868 = ORIENTED_EDGE('',*,*,#1869,.F.);
#1869 = EDGE_CURVE('',#1851,#1861,#1870,.T.);
#1870 = LINE('',#1871,#1872);
#1871 = CARTESIAN_POINT('',(75.304861435827,47.011405443746,1.7));
#1872 = VECTOR('',#1873,1.);
#1873 = DIRECTION('',(-0.468397982928,0.529720048317,0.707106781187));
#1874 = CONICAL_SURFACE('',#1875,10.4,0.785398163397);
#1875 = AXIS2_PLACEMENT_3D('',#1876,#1877,#1878);
#1876 = CARTESIAN_POINT('',(81.929009236274,39.520032677836,2.1));
#1877 = DIRECTION('',(0.,0.,1.));
#1878 = DIRECTION('',(-0.662414780045,0.749137276591,0.));
#1879 = ADVANCED_FACE('',(#1880),#1903,.T.);
#1880 = FACE_BOUND('',#1881,.T.);
#1881 = EDGE_LOOP('',(#1882,#1890,#1896,#1897));
#1882 = ORIENTED_EDGE('',*,*,#1883,.T.);
#1883 = EDGE_CURVE('',#927,#1884,#1886,.T.);
#1884 = VERTEX_POINT('',#1885);
#1885 = CARTESIAN_POINT('',(94.04822324711,64.652871573505,2.5));
#1886 = LINE('',#1887,#1888);
#1887 = CARTESIAN_POINT('',(94.578155071146,64.053561752232,1.7));
#1888 = VECTOR('',#1889,1.);
#1889 = DIRECTION('',(-0.468397982928,0.529720048317,0.707106781187));
#1890 = ORIENTED_EDGE('',*,*,#1891,.T.);
#1891 = EDGE_CURVE('',#1884,#1861,#1892,.T.);
#1892 = LINE('',#1893,#1894);
#1893 = CARTESIAN_POINT('',(65.386395818422,39.309027787956,2.5));
#1894 = VECTOR('',#1895,1.);
#1895 = DIRECTION('',(-0.749137276591,-0.662414780045,0.));
#1896 = ORIENTED_EDGE('',*,*,#1869,.F.);
#1897 = ORIENTED_EDGE('',*,*,#1898,.T.);
#1898 = EDGE_CURVE('',#1851,#927,#1899,.T.);
#1899 = LINE('',#1900,#1901);
#1900 = CARTESIAN_POINT('',(65.916327642458,38.709717966684,1.7));
#1901 = VECTOR('',#1902,1.);
#1902 = DIRECTION('',(0.749137276591,0.662414780045,0.));
#1903 = PLANE('',#1904);
#1904 = AXIS2_PLACEMENT_3D('',#1905,#1906,#1907);
#1905 = CARTESIAN_POINT('',(65.65136173044,39.00937287732,2.1));
#1906 = DIRECTION('',(0.468397982928,-0.529720048317,0.707106781187));
#1907 = DIRECTION('',(0.833682701984,1.665334536938E-16,-0.552243743662)
  );
#1908 = ADVANCED_FACE('',(#1909),#1928,.T.);
#1909 = FACE_BOUND('',#1910,.T.);
#1910 = EDGE_LOOP('',(#1911,#1919,#1926,#1927));
#1911 = ORIENTED_EDGE('',*,*,#1912,.T.);
#1912 = EDGE_CURVE('',#919,#1913,#1915,.T.);
#1913 = VERTEX_POINT('',#1914);
#1914 = CARTESIAN_POINT('',(94.848580914904,73.086733569462,2.5));
#1915 = LINE('',#1916,#1917);
#1916 = CARTESIAN_POINT('',(95.481784696075,73.575664005732,1.7));
#1917 = VECTOR('',#1918,1.);
#1918 = DIRECTION('',(-0.559678359423,-0.432157533769,0.707106781187));
#1919 = ORIENTED_EDGE('',*,*,#1920,.T.);
#1920 = EDGE_CURVE('',#1913,#1884,#1921,.T.);
#1921 = CIRCLE('',#1922,6.2);
#1922 = AXIS2_PLACEMENT_3D('',#1923,#1924,#1925);
#1923 = CARTESIAN_POINT('',(89.941251610832,69.297522688369,2.5));
#1924 = DIRECTION('',(0.,0.,-1.));
#1925 = DIRECTION('',(0.662414780045,-0.749137276591,0.));
#1926 = ORIENTED_EDGE('',*,*,#1883,.F.);
#1927 = ORIENTED_EDGE('',*,*,#926,.T.);
#1928 = CONICAL_SURFACE('',#1929,6.6,0.785398163397);
#1929 = AXIS2_PLACEMENT_3D('',#1930,#1931,#1932);
#1930 = CARTESIAN_POINT('',(89.941251610832,69.297522688369,2.1));
#1931 = DIRECTION('',(0.,0.,-1.));
#1932 = DIRECTION('',(0.662414780045,-0.749137276591,0.));
#1933 = ADVANCED_FACE('',(#1934),#1952,.T.);
#1934 = FACE_BOUND('',#1935,.T.);
#1935 = EDGE_LOOP('',(#1936,#1944,#1950,#1951));
#1936 = ORIENTED_EDGE('',*,*,#1937,.T.);
#1937 = EDGE_CURVE('',#951,#1938,#1940,.T.);
#1938 = VERTEX_POINT('',#1939);
#1939 = CARTESIAN_POINT('',(92.7309173401,75.829276236764,2.5));
#1940 = LINE('',#1941,#1942);
#1941 = CARTESIAN_POINT('',(93.364121121271,76.318206673034,1.7));
#1942 = VECTOR('',#1943,1.);
#1943 = DIRECTION('',(-0.559678359423,-0.432157533769,0.707106781187));
#1944 = ORIENTED_EDGE('',*,*,#1945,.T.);
#1945 = EDGE_CURVE('',#1938,#1913,#1946,.T.);
#1946 = LINE('',#1947,#1948);
#1947 = CARTESIAN_POINT('',(94.305779550583,73.789704484783,2.5));
#1948 = VECTOR('',#1949,1.);
#1949 = DIRECTION('',(0.611163045338,-0.791504726463,0.));
#1950 = ORIENTED_EDGE('',*,*,#1912,.F.);
#1951 = ORIENTED_EDGE('',*,*,#958,.T.);
#1952 = PLANE('',#1953);
#1953 = AXIS2_PLACEMENT_3D('',#1954,#1955,#1956);
#1954 = CARTESIAN_POINT('',(94.622381441169,74.034169702918,2.1));
#1955 = DIRECTION('',(0.559678359423,0.432157533769,0.707106781187));
#1956 = DIRECTION('',(0.784107615899,-2.498001805407E-16,-0.62062488404)
  );
#1957 = ADVANCED_FACE('',(#1958),#1977,.T.);
#1958 = FACE_BOUND('',#1959,.T.);
#1959 = EDGE_LOOP('',(#1960,#1968,#1975,#1976));
#1960 = ORIENTED_EDGE('',*,*,#1961,.T.);
#1961 = EDGE_CURVE('',#975,#1962,#1964,.T.);
#1962 = VERTEX_POINT('',#1963);
#1963 = CARTESIAN_POINT('',(85.23374588142,77.673245417964,2.5));
#1964 = LINE('',#1965,#1966);
#1965 = CARTESIAN_POINT('',(84.89957270018,78.400107361485,1.7));
#1966 = VECTOR('',#1967,1.);
#1967 = DIRECTION('',(0.295370153182,-0.642461261563,0.707106781187));
#1968 = ORIENTED_EDGE('',*,*,#1969,.T.);
#1969 = EDGE_CURVE('',#1962,#1938,#1970,.T.);
#1970 = CIRCLE('',#1971,6.2);
#1971 = AXIS2_PLACEMENT_3D('',#1972,#1973,#1974);
#1972 = CARTESIAN_POINT('',(87.823588036028,72.040065355671,2.5));
#1973 = DIRECTION('',(0.,0.,-1.));
#1974 = DIRECTION('',(0.791504726463,0.611163045338,0.));
#1975 = ORIENTED_EDGE('',*,*,#1937,.F.);
#1976 = ORIENTED_EDGE('',*,*,#982,.T.);
#1977 = CONICAL_SURFACE('',#1978,6.6,0.785398163397);
#1978 = AXIS2_PLACEMENT_3D('',#1979,#1980,#1981);
#1979 = CARTESIAN_POINT('',(87.823588036028,72.040065355671,2.1));
#1980 = DIRECTION('',(0.,0.,-1.));
#1981 = DIRECTION('',(0.791504726463,0.611163045338,0.));
#1982 = ADVANCED_FACE('',(#1983),#2001,.T.);
#1983 = FACE_BOUND('',#1984,.T.);
#1984 = EDGE_LOOP('',(#1985,#1993,#1999,#2000));
#1985 = ORIENTED_EDGE('',*,*,#1986,.T.);
#1986 = EDGE_CURVE('',#1000,#1987,#1989,.T.);
#1987 = VERTEX_POINT('',#1988);
#1988 = CARTESIAN_POINT('',(57.458815378078,64.90378215504,2.5));
#1989 = LINE('',#1990,#1991);
#1990 = CARTESIAN_POINT('',(57.124642196838,65.630644098562,1.7));
#1991 = VECTOR('',#1992,1.);
#1992 = DIRECTION('',(0.295370153182,-0.642461261563,0.707106781186));
#1993 = ORIENTED_EDGE('',*,*,#1994,.T.);
#1994 = EDGE_CURVE('',#1987,#1962,#1995,.T.);
#1995 = LINE('',#1996,#1997);
#1996 = CARTESIAN_POINT('',(62.819428385343,67.368312205072,2.5));
#1997 = VECTOR('',#1998,1.);
#1998 = DIRECTION('',(0.908577429402,0.41771647655,0.));
#1999 = ORIENTED_EDGE('',*,*,#1961,.F.);
#2000 = ORIENTED_EDGE('',*,*,#1007,.T.);
#2001 = PLANE('',#2002);
#2002 = AXIS2_PLACEMENT_3D('',#2003,#2004,#2005);
#2003 = CARTESIAN_POINT('',(62.652341794723,67.731743176833,2.1));
#2004 = DIRECTION('',(-0.295370153182,0.642461261563,0.707106781187));
#2005 = DIRECTION('',(0.922732639077,1.665334536938E-16,0.385440626793)
  );
#2006 = ADVANCED_FACE('',(#2007),#2026,.F.);
#2007 = FACE_BOUND('',#2008,.F.);
#2008 = EDGE_LOOP('',(#2009,#2010,#2011,#2020));
#2009 = ORIENTED_EDGE('',*,*,#1023,.F.);
#2010 = ORIENTED_EDGE('',*,*,#1986,.T.);
#2011 = ORIENTED_EDGE('',*,*,#2012,.F.);
#2012 = EDGE_CURVE('',#2013,#1987,#2015,.T.);
#2013 = VERTEX_POINT('',#2014);
#2014 = CARTESIAN_POINT('',(52.94747743134,63.916418392583,2.5));
#2015 = CIRCLE('',#2016,10.8);
#2016 = AXIS2_PLACEMENT_3D('',#2017,#2018,#2019);
#2017 = CARTESIAN_POINT('',(52.94747743134,74.716418392583,2.5));
#2018 = DIRECTION('',(0.,0.,1.));
#2019 = DIRECTION('',(0.,-1.,0.));
#2020 = ORIENTED_EDGE('',*,*,#2021,.F.);
#2021 = EDGE_CURVE('',#1024,#2013,#2022,.T.);
#2022 = LINE('',#2023,#2024);
#2023 = CARTESIAN_POINT('',(52.94747743134,64.716418392583,1.7));
#2024 = VECTOR('',#2025,1.);
#2025 = DIRECTION('',(0.,-0.707106781187,0.707106781187));
#2026 = CONICAL_SURFACE('',#2027,10.4,0.785398163397);
#2027 = AXIS2_PLACEMENT_3D('',#2028,#2029,#2030);
#2028 = CARTESIAN_POINT('',(52.94747743134,74.716418392583,2.1));
#2029 = DIRECTION('',(0.,0.,1.));
#2030 = DIRECTION('',(0.,-1.,0.));
#2031 = ADVANCED_FACE('',(#2032),#2050,.T.);
#2032 = FACE_BOUND('',#2033,.T.);
#2033 = EDGE_LOOP('',(#2034,#2042,#2048,#2049));
#2034 = ORIENTED_EDGE('',*,*,#2035,.T.);
#2035 = EDGE_CURVE('',#1049,#2036,#2038,.T.);
#2036 = VERTEX_POINT('',#2037);
#2037 = CARTESIAN_POINT('',(43.993774179498,63.916418392583,2.5));
#2038 = LINE('',#2039,#2040);
#2039 = CARTESIAN_POINT('',(43.993774179498,64.716418392583,1.7));
#2040 = VECTOR('',#2041,1.);
#2041 = DIRECTION('',(4.906538933387E-16,-0.707106781186,0.707106781187)
  );
#2042 = ORIENTED_EDGE('',*,*,#2043,.T.);
#2043 = EDGE_CURVE('',#2036,#2013,#2044,.T.);
#2044 = LINE('',#2045,#2046);
#2045 = CARTESIAN_POINT('',(50.709051618379,63.916418392583,2.5));
#2046 = VECTOR('',#2047,1.);
#2047 = DIRECTION('',(1.,0.,0.));
#2048 = ORIENTED_EDGE('',*,*,#2021,.F.);
#2049 = ORIENTED_EDGE('',*,*,#1056,.T.);
#2050 = PLANE('',#2051);
#2051 = AXIS2_PLACEMENT_3D('',#2052,#2053,#2054);
#2052 = CARTESIAN_POINT('',(50.709051618379,64.316418392583,2.1));
#2053 = DIRECTION('',(0.,0.707106781187,0.707106781187));
#2054 = DIRECTION('',(1.,0.,-0.));
#2055 = ADVANCED_FACE('',(#2056),#2075,.F.);
#2056 = FACE_BOUND('',#2057,.F.);
#2057 = EDGE_LOOP('',(#2058,#2059,#2060,#2069));
#2058 = ORIENTED_EDGE('',*,*,#1072,.F.);
#2059 = ORIENTED_EDGE('',*,*,#2035,.T.);
#2060 = ORIENTED_EDGE('',*,*,#2061,.F.);
#2061 = EDGE_CURVE('',#2062,#2036,#2064,.T.);
#2062 = VERTEX_POINT('',#2063);
#2063 = CARTESIAN_POINT('',(39.482436232761,64.90378215504,2.5));
#2064 = CIRCLE('',#2065,10.8);
#2065 = AXIS2_PLACEMENT_3D('',#2066,#2067,#2068);
#2066 = CARTESIAN_POINT('',(43.993774179498,74.716418392583,2.5));
#2067 = DIRECTION('',(0.,0.,1.));
#2068 = DIRECTION('',(-0.41771647655,-0.908577429402,0.));
#2069 = ORIENTED_EDGE('',*,*,#2070,.F.);
#2070 = EDGE_CURVE('',#1073,#2062,#2071,.T.);
#2071 = LINE('',#2072,#2073);
#2072 = CARTESIAN_POINT('',(39.816609414001,65.630644098562,1.7));
#2073 = VECTOR('',#2074,1.);
#2074 = DIRECTION('',(-0.295370153182,-0.642461261563,0.707106781187));
#2075 = CONICAL_SURFACE('',#2076,10.4,0.785398163397);
#2076 = AXIS2_PLACEMENT_3D('',#2077,#2078,#2079);
#2077 = CARTESIAN_POINT('',(43.993774179498,74.716418392583,2.1));
#2078 = DIRECTION('',(0.,0.,1.));
#2079 = DIRECTION('',(-0.41771647655,-0.908577429402,0.));
#2080 = ADVANCED_FACE('',(#2081),#2099,.T.);
#2081 = FACE_BOUND('',#2082,.T.);
#2082 = EDGE_LOOP('',(#2083,#2091,#2097,#2098));
#2083 = ORIENTED_EDGE('',*,*,#2084,.T.);
#2084 = EDGE_CURVE('',#1098,#2085,#2087,.T.);
#2085 = VERTEX_POINT('',#2086);
#2086 = CARTESIAN_POINT('',(11.707505729419,77.673245417963,2.5));
#2087 = LINE('',#2088,#2089);
#2088 = CARTESIAN_POINT('',(12.041678910658,78.400107361485,1.7));
#2089 = VECTOR('',#2090,1.);
#2090 = DIRECTION('',(-0.295370153182,-0.642461261563,0.707106781187));
#2091 = ORIENTED_EDGE('',*,*,#2092,.T.);
#2092 = EDGE_CURVE('',#2085,#2062,#2093,.T.);
#2093 = LINE('',#2094,#2095);
#2094 = CARTESIAN_POINT('',(48.009288477165,60.983580573611,2.5));
#2095 = VECTOR('',#2096,1.);
#2096 = DIRECTION('',(0.908577429402,-0.41771647655,0.));
#2097 = ORIENTED_EDGE('',*,*,#2070,.F.);
#2098 = ORIENTED_EDGE('',*,*,#1105,.T.);
#2099 = PLANE('',#2100);
#2100 = AXIS2_PLACEMENT_3D('',#2101,#2102,#2103);
#2101 = CARTESIAN_POINT('',(48.176375067785,61.347011545372,2.1));
#2102 = DIRECTION('',(0.295370153182,0.642461261563,0.707106781187));
#2103 = DIRECTION('',(0.922732639077,3.053113317719E-16,-0.385440626793)
  );
#2104 = ADVANCED_FACE('',(#2105),#2124,.T.);
#2105 = FACE_BOUND('',#2106,.T.);
#2106 = EDGE_LOOP('',(#2107,#2115,#2122,#2123));
#2107 = ORIENTED_EDGE('',*,*,#2108,.T.);
#2108 = EDGE_CURVE('',#1122,#2109,#2111,.T.);
#2109 = VERTEX_POINT('',#2110);
#2110 = CARTESIAN_POINT('',(4.210334270739,75.829276236764,2.5));
#2111 = LINE('',#2112,#2113);
#2112 = CARTESIAN_POINT('',(3.577130489569,76.318206673034,1.7));
#2113 = VECTOR('',#2114,1.);
#2114 = DIRECTION('',(0.559678359423,-0.432157533769,0.707106781187));
#2115 = ORIENTED_EDGE('',*,*,#2116,.T.);
#2116 = EDGE_CURVE('',#2109,#2085,#2117,.T.);
#2117 = CIRCLE('',#2118,6.2);
#2118 = AXIS2_PLACEMENT_3D('',#2119,#2120,#2121);
#2119 = CARTESIAN_POINT('',(9.117663574811,72.040065355671,2.5));
#2120 = DIRECTION('',(0.,0.,-1.));
#2121 = DIRECTION('',(0.41771647655,0.908577429402,0.));
#2122 = ORIENTED_EDGE('',*,*,#2084,.F.);
#2123 = ORIENTED_EDGE('',*,*,#1129,.T.);
#2124 = CONICAL_SURFACE('',#2125,6.6,0.785398163397);
#2125 = AXIS2_PLACEMENT_3D('',#2126,#2127,#2128);
#2126 = CARTESIAN_POINT('',(9.117663574811,72.040065355671,2.1));
#2127 = DIRECTION('',(0.,0.,-1.));
#2128 = DIRECTION('',(0.41771647655,0.908577429402,0.));
#2129 = ADVANCED_FACE('',(#2130),#2148,.T.);
#2130 = FACE_BOUND('',#2131,.T.);
#2131 = EDGE_LOOP('',(#2132,#2140,#2146,#2147));
#2132 = ORIENTED_EDGE('',*,*,#2133,.T.);
#2133 = EDGE_CURVE('',#1147,#2134,#2136,.T.);
#2134 = VERTEX_POINT('',#2135);
#2135 = CARTESIAN_POINT('',(2.09267069594,73.08673356947,2.5));
#2136 = LINE('',#2137,#2138);
#2137 = CARTESIAN_POINT('',(1.459466914769,73.57566400574,1.7));
#2138 = VECTOR('',#2139,1.);
#2139 = DIRECTION('',(0.559678359423,-0.432157533769,0.707106781187));
#2140 = ORIENTED_EDGE('',*,*,#2141,.T.);
#2141 = EDGE_CURVE('',#2134,#2109,#2142,.T.);
#2142 = LINE('',#2143,#2144);
#2143 = CARTESIAN_POINT('',(3.694303847657,75.160975818432,2.5));
#2144 = VECTOR('',#2145,1.);
#2145 = DIRECTION('',(0.611163045338,0.791504726463,0.));
#2146 = ORIENTED_EDGE('',*,*,#2108,.F.);
#2147 = ORIENTED_EDGE('',*,*,#1154,.T.);
#2148 = PLANE('',#2149);
#2149 = AXIS2_PLACEMENT_3D('',#2150,#2151,#2152);
#2150 = CARTESIAN_POINT('',(3.377701957071,75.405441036567,2.1));
#2151 = DIRECTION('',(-0.559678359423,0.432157533769,0.707106781187));
#2152 = DIRECTION('',(0.784107615899,-1.387778780781E-16,0.62062488404)
  );
#2153 = ADVANCED_FACE('',(#2154),#2173,.T.);
#2154 = FACE_BOUND('',#2155,.T.);
#2155 = EDGE_LOOP('',(#2156,#2164,#2171,#2172));
#2156 = ORIENTED_EDGE('',*,*,#2157,.T.);
#2157 = EDGE_CURVE('',#1171,#2158,#2160,.T.);
#2158 = VERTEX_POINT('',#2159);
#2159 = CARTESIAN_POINT('',(2.893028363733,64.652871573512,2.5));
#2160 = LINE('',#2161,#2162);
#2161 = CARTESIAN_POINT('',(2.363096539698,64.053561752239,1.7));
#2162 = VECTOR('',#2163,1.);
#2163 = DIRECTION('',(0.468397982928,0.529720048317,0.707106781187));
#2164 = ORIENTED_EDGE('',*,*,#2165,.T.);
#2165 = EDGE_CURVE('',#2158,#2134,#2166,.T.);
#2166 = CIRCLE('',#2167,6.2);
#2167 = AXIS2_PLACEMENT_3D('',#2168,#2169,#2170);
#2168 = CARTESIAN_POINT('',(7.000000000012,69.297522688376,2.5));
#2169 = DIRECTION('',(0.,0.,-1.));
#2170 = DIRECTION('',(-0.791504726463,0.611163045338,0.));
#2171 = ORIENTED_EDGE('',*,*,#2133,.F.);
#2172 = ORIENTED_EDGE('',*,*,#1178,.T.);
#2173 = CONICAL_SURFACE('',#2174,6.6,0.785398163397);
#2174 = AXIS2_PLACEMENT_3D('',#2175,#2176,#2177);
#2175 = CARTESIAN_POINT('',(7.000000000012,69.297522688376,2.1));
#2176 = DIRECTION('',(0.,0.,-1.));
#2177 = DIRECTION('',(-0.791504726463,0.611163045338,0.));
#2178 = ADVANCED_FACE('',(#2179),#2197,.T.);
#2179 = FACE_BOUND('',#2180,.T.);
#2180 = EDGE_LOOP('',(#2181,#2189,#2195,#2196));
#2181 = ORIENTED_EDGE('',*,*,#2182,.T.);
#2182 = EDGE_CURVE('',#1196,#2183,#2185,.T.);
#2183 = VERTEX_POINT('',#2184);
#2184 = CARTESIAN_POINT('',(22.166321999049,47.610715265024,2.5));
#2185 = LINE('',#2186,#2187);
#2186 = CARTESIAN_POINT('',(21.636390175012,47.011405443751,1.7));
#2187 = VECTOR('',#2188,1.);
#2188 = DIRECTION('',(0.468397982928,0.529720048317,0.707106781186));
#2189 = ORIENTED_EDGE('',*,*,#2190,.T.);
#2190 = EDGE_CURVE('',#2183,#2158,#2191,.T.);
#2191 = LINE('',#2192,#2193);
#2192 = CARTESIAN_POINT('',(21.918208974757,47.830105942205,2.5));
#2193 = VECTOR('',#2194,1.);
#2194 = DIRECTION('',(-0.749137276591,0.662414780045,0.));
#2195 = ORIENTED_EDGE('',*,*,#2157,.F.);
#2196 = ORIENTED_EDGE('',*,*,#1203,.T.);
#2197 = PLANE('',#2198);
#2198 = AXIS2_PLACEMENT_3D('',#2199,#2200,#2201);
#2199 = CARTESIAN_POINT('',(21.653243062739,47.530451031568,2.1));
#2200 = DIRECTION('',(-0.468397982928,-0.529720048317,0.707106781187));
#2201 = DIRECTION('',(0.833682701984,2.22044604925E-16,0.552243743662));
#2202 = ADVANCED_FACE('',(#2203),#2215,.F.);
#2203 = FACE_BOUND('',#2204,.F.);
#2204 = EDGE_LOOP('',(#2205,#2206,#2207,#2214));
#2205 = ORIENTED_EDGE('',*,*,#1219,.F.);
#2206 = ORIENTED_EDGE('',*,*,#2182,.T.);
#2207 = ORIENTED_EDGE('',*,*,#2208,.F.);
#2208 = EDGE_CURVE('',#1444,#2183,#2209,.T.);
#2209 = CIRCLE('',#2210,10.8);
#2210 = AXIS2_PLACEMENT_3D('',#2211,#2212,#2213);
#2211 = CARTESIAN_POINT('',(15.012242374563,39.520032677842,2.5));
#2212 = DIRECTION('',(0.,0.,1.));
#2213 = DIRECTION('',(0.662414780045,-0.749137276591,0.));
#2214 = ORIENTED_EDGE('',*,*,#1451,.T.);
#2215 = CONICAL_SURFACE('',#2216,10.4,0.785398163397);
#2216 = AXIS2_PLACEMENT_3D('',#2217,#2218,#2219);
#2217 = CARTESIAN_POINT('',(15.012242374563,39.520032677842,2.1));
#2218 = DIRECTION('',(0.,0.,1.));
#2219 = DIRECTION('',(0.662414780045,-0.749137276591,0.));
#2220 = ADVANCED_FACE('',(#2221),#2237,.F.);
#2221 = FACE_BOUND('',#2222,.F.);
#2222 = EDGE_LOOP('',(#2223,#2229,#2230,#2236));
#2223 = ORIENTED_EDGE('',*,*,#2224,.T.);
#2224 = EDGE_CURVE('',#510,#1820,#2225,.T.);
#2225 = LINE('',#2226,#2227);
#2226 = CARTESIAN_POINT('',(75.304861435826,32.028659911926,
    3.97015753606E-13));
#2227 = VECTOR('',#2228,1.);
#2228 = DIRECTION('',(0.,0.,1.));
#2229 = ORIENTED_EDGE('',*,*,#1850,.T.);
#2230 = ORIENTED_EDGE('',*,*,#2231,.F.);
#2231 = EDGE_CURVE('',#479,#1851,#2232,.T.);
#2232 = LINE('',#2233,#2234);
#2233 = CARTESIAN_POINT('',(75.304861435827,47.011405443746,
    3.97015753606E-13));
#2234 = VECTOR('',#2235,1.);
#2235 = DIRECTION('',(0.,0.,1.));
#2236 = ORIENTED_EDGE('',*,*,#509,.T.);
#2237 = CYLINDRICAL_SURFACE('',#2238,10.);
#2238 = AXIS2_PLACEMENT_3D('',#2239,#2240,#2241);
#2239 = CARTESIAN_POINT('',(81.929009236274,39.520032677836,
    3.97015753606E-13));
#2240 = DIRECTION('',(0.,0.,1.));
#2241 = DIRECTION('',(-0.662414780045,0.749137276591,0.));
#2242 = ADVANCED_FACE('',(#2243),#2254,.T.);
#2243 = FACE_BOUND('',#2244,.T.);
#2244 = EDGE_LOOP('',(#2245,#2246,#2247,#2248));
#2245 = ORIENTED_EDGE('',*,*,#543,.F.);
#2246 = ORIENTED_EDGE('',*,*,#2224,.T.);
#2247 = ORIENTED_EDGE('',*,*,#1836,.F.);
#2248 = ORIENTED_EDGE('',*,*,#2249,.F.);
#2249 = EDGE_CURVE('',#544,#1787,#2250,.T.);
#2250 = LINE('',#2251,#2252);
#2251 = CARTESIAN_POINT('',(94.578155071147,14.986503603439,
    3.97015753606E-13));
#2252 = VECTOR('',#2253,1.);
#2253 = DIRECTION('',(0.,0.,1.));
#2254 = PLANE('',#2255);
#2255 = AXIS2_PLACEMENT_3D('',#2256,#2257,#2258);
#2256 = CARTESIAN_POINT('',(94.578155071147,14.986503603438,
    3.97015753606E-13));
#2257 = DIRECTION('',(0.662414780045,0.749137276591,0.));
#2258 = DIRECTION('',(-0.749137276591,0.662414780045,0.));
#2259 = ADVANCED_FACE('',(#2260),#2271,.T.);
#2260 = FACE_BOUND('',#2261,.T.);
#2261 = EDGE_LOOP('',(#2262,#2263,#2264,#2265));
#2262 = ORIENTED_EDGE('',*,*,#574,.F.);
#2263 = ORIENTED_EDGE('',*,*,#2249,.T.);
#2264 = ORIENTED_EDGE('',*,*,#1804,.F.);
#2265 = ORIENTED_EDGE('',*,*,#2266,.F.);
#2266 = EDGE_CURVE('',#575,#1756,#2267,.T.);
#2267 = LINE('',#2268,#2269);
#2268 = CARTESIAN_POINT('',(95.481784696077,5.464401349938,
    3.97015753606E-13));
#2269 = VECTOR('',#2270,1.);
#2270 = DIRECTION('',(0.,0.,1.));
#2271 = CYLINDRICAL_SURFACE('',#2272,7.);
#2272 = AXIS2_PLACEMENT_3D('',#2273,#2274,#2275);
#2273 = CARTESIAN_POINT('',(89.941251610834,9.742542667301,
    3.97015753606E-13));
#2274 = DIRECTION('',(0.,0.,1.));
#2275 = DIRECTION('',(0.791504726463,-0.611163045338,0.));
#2276 = ADVANCED_FACE('',(#2277),#2288,.T.);
#2277 = FACE_BOUND('',#2278,.T.);
#2278 = EDGE_LOOP('',(#2279,#2280,#2281,#2282));
#2279 = ORIENTED_EDGE('',*,*,#623,.F.);
#2280 = ORIENTED_EDGE('',*,*,#2266,.T.);
#2281 = ORIENTED_EDGE('',*,*,#1772,.F.);
#2282 = ORIENTED_EDGE('',*,*,#2283,.F.);
#2283 = EDGE_CURVE('',#607,#1723,#2284,.T.);
#2284 = LINE('',#2285,#2286);
#2285 = CARTESIAN_POINT('',(93.364121121272,2.721858682637,
    3.97015753606E-13));
#2286 = VECTOR('',#2287,1.);
#2287 = DIRECTION('',(0.,0.,1.));
#2288 = PLANE('',#2289);
#2289 = AXIS2_PLACEMENT_3D('',#2290,#2291,#2292);
#2290 = CARTESIAN_POINT('',(93.364121121273,2.721858682636,
    3.97015753606E-13));
#2291 = DIRECTION('',(0.791504726463,-0.611163045338,0.));
#2292 = DIRECTION('',(0.611163045338,0.791504726463,0.));
#2293 = ADVANCED_FACE('',(#2294),#2305,.T.);
#2294 = FACE_BOUND('',#2295,.T.);
#2295 = EDGE_LOOP('',(#2296,#2297,#2298,#2299));
#2296 = ORIENTED_EDGE('',*,*,#638,.F.);
#2297 = ORIENTED_EDGE('',*,*,#2283,.T.);
#2298 = ORIENTED_EDGE('',*,*,#1740,.F.);
#2299 = ORIENTED_EDGE('',*,*,#2300,.F.);
#2300 = EDGE_CURVE('',#639,#1692,#2301,.T.);
#2301 = LINE('',#2302,#2303);
#2302 = CARTESIAN_POINT('',(84.899572700182,0.639957994186,
    3.97015753606E-13));
#2303 = VECTOR('',#2304,1.);
#2304 = DIRECTION('',(0.,0.,1.));
#2305 = CYLINDRICAL_SURFACE('',#2306,7.);
#2306 = AXIS2_PLACEMENT_3D('',#2307,#2308,#2309);
#2307 = CARTESIAN_POINT('',(87.82358803603,7.,3.97015753606E-13));
#2308 = DIRECTION('',(0.,0.,1.));
#2309 = DIRECTION('',(-0.41771647655,-0.908577429402,0.));
#2310 = ADVANCED_FACE('',(#2311),#2322,.T.);
#2311 = FACE_BOUND('',#2312,.T.);
#2312 = EDGE_LOOP('',(#2313,#2314,#2315,#2316));
#2313 = ORIENTED_EDGE('',*,*,#687,.F.);
#2314 = ORIENTED_EDGE('',*,*,#2300,.T.);
#2315 = ORIENTED_EDGE('',*,*,#1708,.F.);
#2316 = ORIENTED_EDGE('',*,*,#2317,.F.);
#2317 = EDGE_CURVE('',#671,#1659,#2318,.T.);
#2318 = LINE('',#2319,#2320);
#2319 = CARTESIAN_POINT('',(57.124642196838,13.409421257109,
    3.97015753606E-13));
#2320 = VECTOR('',#2321,1.);
#2321 = DIRECTION('',(0.,0.,1.));
#2322 = PLANE('',#2323);
#2323 = AXIS2_PLACEMENT_3D('',#2324,#2325,#2326);
#2324 = CARTESIAN_POINT('',(57.124642196838,13.409421257109,
    3.97015753606E-13));
#2325 = DIRECTION('',(-0.41771647655,-0.908577429402,0.));
#2326 = DIRECTION('',(0.908577429402,-0.41771647655,0.));
#2327 = ADVANCED_FACE('',(#2328),#2339,.F.);
#2328 = FACE_BOUND('',#2329,.F.);
#2329 = EDGE_LOOP('',(#2330,#2336,#2337,#2338));
#2330 = ORIENTED_EDGE('',*,*,#2331,.T.);
#2331 = EDGE_CURVE('',#702,#1628,#2332,.T.);
#2332 = LINE('',#2333,#2334);
#2333 = CARTESIAN_POINT('',(52.947477431341,14.323646963088,
    3.97015753606E-13));
#2334 = VECTOR('',#2335,1.);
#2335 = DIRECTION('',(0.,0.,1.));
#2336 = ORIENTED_EDGE('',*,*,#1658,.T.);
#2337 = ORIENTED_EDGE('',*,*,#2317,.F.);
#2338 = ORIENTED_EDGE('',*,*,#701,.T.);
#2339 = CYLINDRICAL_SURFACE('',#2340,10.);
#2340 = AXIS2_PLACEMENT_3D('',#2341,#2342,#2343);
#2341 = CARTESIAN_POINT('',(52.947477431341,4.323646963088,
    3.97015753606E-13));
#2342 = DIRECTION('',(0.,0.,1.));
#2343 = DIRECTION('',(0.41771647655,0.908577429402,-0.));
#2344 = ADVANCED_FACE('',(#2345),#2356,.T.);
#2345 = FACE_BOUND('',#2346,.T.);
#2346 = EDGE_LOOP('',(#2347,#2348,#2349,#2350));
#2347 = ORIENTED_EDGE('',*,*,#735,.F.);
#2348 = ORIENTED_EDGE('',*,*,#2331,.T.);
#2349 = ORIENTED_EDGE('',*,*,#1644,.F.);
#2350 = ORIENTED_EDGE('',*,*,#2351,.F.);
#2351 = EDGE_CURVE('',#736,#1595,#2352,.T.);
#2352 = LINE('',#2353,#2354);
#2353 = CARTESIAN_POINT('',(43.993774179499,14.323646963088,
    3.97015753606E-13));
#2354 = VECTOR('',#2355,1.);
#2355 = DIRECTION('',(0.,0.,1.));
#2356 = PLANE('',#2357);
#2357 = AXIS2_PLACEMENT_3D('',#2358,#2359,#2360);
#2358 = CARTESIAN_POINT('',(43.993774179499,14.323646963088,
    3.97015753606E-13));
#2359 = DIRECTION('',(-2.380722419901E-14,-1.,0.));
#2360 = DIRECTION('',(1.,-2.380722419901E-14,0.));
#2361 = ADVANCED_FACE('',(#2362),#2373,.F.);
#2362 = FACE_BOUND('',#2363,.F.);
#2363 = EDGE_LOOP('',(#2364,#2370,#2371,#2372));
#2364 = ORIENTED_EDGE('',*,*,#2365,.T.);
#2365 = EDGE_CURVE('',#766,#1564,#2366,.T.);
#2366 = LINE('',#2367,#2368);
#2367 = CARTESIAN_POINT('',(39.816609414001,13.409421257108,
    3.97015753606E-13));
#2368 = VECTOR('',#2369,1.);
#2369 = DIRECTION('',(0.,0.,1.));
#2370 = ORIENTED_EDGE('',*,*,#1594,.T.);
#2371 = ORIENTED_EDGE('',*,*,#2351,.F.);
#2372 = ORIENTED_EDGE('',*,*,#765,.T.);
#2373 = CYLINDRICAL_SURFACE('',#2374,10.);
#2374 = AXIS2_PLACEMENT_3D('',#2375,#2376,#2377);
#2375 = CARTESIAN_POINT('',(43.993774179499,4.323646963088,
    3.97015753606E-13));
#2376 = DIRECTION('',(0.,0.,1.));
#2377 = DIRECTION('',(0.,1.,0.));
#2378 = ADVANCED_FACE('',(#2379),#2390,.T.);
#2379 = FACE_BOUND('',#2380,.T.);
#2380 = EDGE_LOOP('',(#2381,#2382,#2383,#2384));
#2381 = ORIENTED_EDGE('',*,*,#799,.F.);
#2382 = ORIENTED_EDGE('',*,*,#2365,.T.);
#2383 = ORIENTED_EDGE('',*,*,#1580,.F.);
#2384 = ORIENTED_EDGE('',*,*,#2385,.F.);
#2385 = EDGE_CURVE('',#800,#1531,#2386,.T.);
#2386 = LINE('',#2387,#2388);
#2387 = CARTESIAN_POINT('',(12.041678910659,0.639957994185,
    3.97015753606E-13));
#2388 = VECTOR('',#2389,1.);
#2389 = DIRECTION('',(0.,0.,1.));
#2390 = PLANE('',#2391);
#2391 = AXIS2_PLACEMENT_3D('',#2392,#2393,#2394);
#2392 = CARTESIAN_POINT('',(12.041678910658,0.639957994186,
    3.97015753606E-13));
#2393 = DIRECTION('',(0.41771647655,-0.908577429402,0.));
#2394 = DIRECTION('',(0.908577429402,0.41771647655,0.));
#2395 = ADVANCED_FACE('',(#2396),#2407,.T.);
#2396 = FACE_BOUND('',#2397,.T.);
#2397 = EDGE_LOOP('',(#2398,#2399,#2400,#2401));
#2398 = ORIENTED_EDGE('',*,*,#830,.F.);
#2399 = ORIENTED_EDGE('',*,*,#2385,.T.);
#2400 = ORIENTED_EDGE('',*,*,#1548,.F.);
#2401 = ORIENTED_EDGE('',*,*,#2402,.F.);
#2402 = EDGE_CURVE('',#831,#1500,#2403,.T.);
#2403 = LINE('',#2404,#2405);
#2404 = CARTESIAN_POINT('',(3.577130489568,2.721858682636,
    3.97015753606E-13));
#2405 = VECTOR('',#2406,1.);
#2406 = DIRECTION('',(0.,0.,1.));
#2407 = CYLINDRICAL_SURFACE('',#2408,7.);
#2408 = AXIS2_PLACEMENT_3D('',#2409,#2410,#2411);
#2409 = CARTESIAN_POINT('',(9.117663574811,7.,3.97015753606E-13));
#2410 = DIRECTION('',(0.,0.,1.));
#2411 = DIRECTION('',(-0.791504726463,-0.611163045338,0.));
#2412 = ADVANCED_FACE('',(#2413),#2424,.T.);
#2413 = FACE_BOUND('',#2414,.T.);
#2414 = EDGE_LOOP('',(#2415,#2416,#2417,#2418));
#2415 = ORIENTED_EDGE('',*,*,#863,.F.);
#2416 = ORIENTED_EDGE('',*,*,#2402,.T.);
#2417 = ORIENTED_EDGE('',*,*,#1516,.F.);
#2418 = ORIENTED_EDGE('',*,*,#2419,.F.);
#2419 = EDGE_CURVE('',#864,#1467,#2420,.T.);
#2420 = LINE('',#2421,#2422);
#2421 = CARTESIAN_POINT('',(1.459466914757,5.464401349946,
    3.97015753606E-13));
#2422 = VECTOR('',#2423,1.);
#2423 = DIRECTION('',(0.,0.,1.));
#2424 = PLANE('',#2425);
#2425 = AXIS2_PLACEMENT_3D('',#2426,#2427,#2428);
#2426 = CARTESIAN_POINT('',(1.459466914757,5.464401349946,
    3.97015753606E-13));
#2427 = DIRECTION('',(-0.791504726463,-0.611163045338,0.));
#2428 = DIRECTION('',(0.611163045338,-0.791504726463,0.));
#2429 = ADVANCED_FACE('',(#2430),#2436,.T.);
#2430 = FACE_BOUND('',#2431,.T.);
#2431 = EDGE_LOOP('',(#2432,#2433,#2434,#2435));
#2432 = ORIENTED_EDGE('',*,*,#894,.F.);
#2433 = ORIENTED_EDGE('',*,*,#2419,.T.);
#2434 = ORIENTED_EDGE('',*,*,#1484,.F.);
#2435 = ORIENTED_EDGE('',*,*,#1244,.F.);
#2436 = CYLINDRICAL_SURFACE('',#2437,7.);
#2437 = AXIS2_PLACEMENT_3D('',#2438,#2439,#2440);
#2438 = CARTESIAN_POINT('',(7.,9.74254266731,3.97015753606E-13));
#2439 = DIRECTION('',(0.,0.,1.));
#2440 = DIRECTION('',(-0.662414780045,0.749137276591,0.));
#2441 = ADVANCED_FACE('',(#2442,#2472,#2483,#2494,#2505,#2516,#2527,
    #2538,#2549,#2560,#2571,#2582,#2593),#2604,.T.);
#2442 = FACE_BOUND('',#2443,.T.);
#2443 = EDGE_LOOP('',(#2444,#2445,#2446,#2447,#2448,#2449,#2450,#2451,
    #2452,#2453,#2454,#2455,#2456,#2457,#2458,#2459,#2460,#2461,#2462,
    #2463,#2464,#2465,#2466,#2467,#2468,#2469,#2470,#2471));
#2444 = ORIENTED_EDGE('',*,*,#1443,.F.);
#2445 = ORIENTED_EDGE('',*,*,#1476,.F.);
#2446 = ORIENTED_EDGE('',*,*,#1509,.F.);
#2447 = ORIENTED_EDGE('',*,*,#1540,.F.);
#2448 = ORIENTED_EDGE('',*,*,#1573,.F.);
#2449 = ORIENTED_EDGE('',*,*,#1604,.F.);
#2450 = ORIENTED_EDGE('',*,*,#1637,.F.);
#2451 = ORIENTED_EDGE('',*,*,#1668,.F.);
#2452 = ORIENTED_EDGE('',*,*,#1701,.F.);
#2453 = ORIENTED_EDGE('',*,*,#1732,.F.);
#2454 = ORIENTED_EDGE('',*,*,#1765,.F.);
#2455 = ORIENTED_EDGE('',*,*,#1796,.F.);
#2456 = ORIENTED_EDGE('',*,*,#1829,.F.);
#2457 = ORIENTED_EDGE('',*,*,#1860,.F.);
#2458 = ORIENTED_EDGE('',*,*,#1891,.F.);
#2459 = ORIENTED_EDGE('',*,*,#1920,.F.);
#2460 = ORIENTED_EDGE('',*,*,#1945,.F.);
#2461 = ORIENTED_EDGE('',*,*,#1969,.F.);
#2462 = ORIENTED_EDGE('',*,*,#1994,.F.);
#2463 = ORIENTED_EDGE('',*,*,#2012,.F.);
#2464 = ORIENTED_EDGE('',*,*,#2043,.F.);
#2465 = ORIENTED_EDGE('',*,*,#2061,.F.);
#2466 = ORIENTED_EDGE('',*,*,#2092,.F.);
#2467 = ORIENTED_EDGE('',*,*,#2116,.F.);
#2468 = ORIENTED_EDGE('',*,*,#2141,.F.);
#2469 = ORIENTED_EDGE('',*,*,#2165,.F.);
#2470 = ORIENTED_EDGE('',*,*,#2190,.F.);
#2471 = ORIENTED_EDGE('',*,*,#2208,.F.);
#2472 = FACE_BOUND('',#2473,.T.);
#2473 = EDGE_LOOP('',(#2474));
#2474 = ORIENTED_EDGE('',*,*,#2475,.T.);
#2475 = EDGE_CURVE('',#2476,#2476,#2478,.T.);
#2476 = VERTEX_POINT('',#2477);
#2477 = CARTESIAN_POINT('',(36.970625805419,49.380570441067,2.5));
#2478 = CIRCLE('',#2479,1.5);
#2479 = AXIS2_PLACEMENT_3D('',#2480,#2481,#2482);
#2480 = CARTESIAN_POINT('',(38.470625805419,49.380570441067,2.5));
#2481 = DIRECTION('',(0.,0.,-1.));
#2482 = DIRECTION('',(1.,0.,0.));
#2483 = FACE_BOUND('',#2484,.T.);
#2484 = EDGE_LOOP('',(#2485));
#2485 = ORIENTED_EDGE('',*,*,#2486,.T.);
#2486 = EDGE_CURVE('',#2487,#2487,#2489,.T.);
#2487 = VERTEX_POINT('',#2488);
#2488 = CARTESIAN_POINT('',(36.970625805419,29.380570441067,2.5));
#2489 = CIRCLE('',#2490,1.5);
#2490 = AXIS2_PLACEMENT_3D('',#2491,#2492,#2493);
#2491 = CARTESIAN_POINT('',(38.470625805419,29.380570441067,2.5));
#2492 = DIRECTION('',(0.,0.,-1.));
#2493 = DIRECTION('',(1.,0.,0.));
#2494 = FACE_BOUND('',#2495,.T.);
#2495 = EDGE_LOOP('',(#2496));
#2496 = ORIENTED_EDGE('',*,*,#2497,.T.);
#2497 = EDGE_CURVE('',#2498,#2498,#2500,.T.);
#2498 = VERTEX_POINT('',#2499);
#2499 = CARTESIAN_POINT('',(56.970625805419,49.380570441067,2.5));
#2500 = CIRCLE('',#2501,1.5);
#2501 = AXIS2_PLACEMENT_3D('',#2502,#2503,#2504);
#2502 = CARTESIAN_POINT('',(58.470625805419,49.380570441067,2.5));
#2503 = DIRECTION('',(0.,0.,-1.));
#2504 = DIRECTION('',(1.,0.,0.));
#2505 = FACE_BOUND('',#2506,.T.);
#2506 = EDGE_LOOP('',(#2507));
#2507 = ORIENTED_EDGE('',*,*,#2508,.T.);
#2508 = EDGE_CURVE('',#2509,#2509,#2511,.T.);
#2509 = VERTEX_POINT('',#2510);
#2510 = CARTESIAN_POINT('',(31.720625805419,54.770032677835,2.5));
#2511 = CIRCLE('',#2512,1.5);
#2512 = AXIS2_PLACEMENT_3D('',#2513,#2514,#2515);
#2513 = CARTESIAN_POINT('',(33.220625805419,54.770032677835,2.5));
#2514 = DIRECTION('',(0.,0.,-1.));
#2515 = DIRECTION('',(1.,0.,0.));
#2516 = FACE_BOUND('',#2517,.T.);
#2517 = EDGE_LOOP('',(#2518));
#2518 = ORIENTED_EDGE('',*,*,#2519,.T.);
#2519 = EDGE_CURVE('',#2520,#2520,#2522,.T.);
#2520 = VERTEX_POINT('',#2521);
#2521 = CARTESIAN_POINT('',(6.213807720952,70.990547288758,2.5));
#2522 = CIRCLE('',#2523,1.5);
#2523 = AXIS2_PLACEMENT_3D('',#2524,#2525,#2526);
#2524 = CARTESIAN_POINT('',(7.713807720952,70.990547288758,2.5));
#2525 = DIRECTION('',(0.,0.,-1.));
#2526 = DIRECTION('',(1.,0.,0.));
#2527 = FACE_BOUND('',#2528,.T.);
#2528 = EDGE_LOOP('',(#2529));
#2529 = ORIENTED_EDGE('',*,*,#2530,.T.);
#2530 = EDGE_CURVE('',#2531,#2531,#2533,.T.);
#2531 = VERTEX_POINT('',#2532);
#2532 = CARTESIAN_POINT('',(6.213807720952,8.049518066913,2.5));
#2533 = CIRCLE('',#2534,1.5);
#2534 = AXIS2_PLACEMENT_3D('',#2535,#2536,#2537);
#2535 = CARTESIAN_POINT('',(7.713807720952,8.049518066913,2.5));
#2536 = DIRECTION('',(0.,0.,-1.));
#2537 = DIRECTION('',(1.,0.,0.));
#2538 = FACE_BOUND('',#2539,.T.);
#2539 = EDGE_LOOP('',(#2540));
#2540 = ORIENTED_EDGE('',*,*,#2541,.T.);
#2541 = EDGE_CURVE('',#2542,#2542,#2544,.T.);
#2542 = VERTEX_POINT('',#2543);
#2543 = CARTESIAN_POINT('',(62.220625805419,54.770032677835,2.5));
#2544 = CIRCLE('',#2545,1.5);
#2545 = AXIS2_PLACEMENT_3D('',#2546,#2547,#2548);
#2546 = CARTESIAN_POINT('',(63.720625805419,54.770032677835,2.5));
#2547 = DIRECTION('',(0.,0.,-1.));
#2548 = DIRECTION('',(1.,0.,0.));
#2549 = FACE_BOUND('',#2550,.T.);
#2550 = EDGE_LOOP('',(#2551));
#2551 = ORIENTED_EDGE('',*,*,#2552,.T.);
#2552 = EDGE_CURVE('',#2553,#2553,#2555,.T.);
#2553 = VERTEX_POINT('',#2554);
#2554 = CARTESIAN_POINT('',(87.727443889887,8.049518066913,2.5));
#2555 = CIRCLE('',#2556,1.5);
#2556 = AXIS2_PLACEMENT_3D('',#2557,#2558,#2559);
#2557 = CARTESIAN_POINT('',(89.227443889887,8.049518066913,2.5));
#2558 = DIRECTION('',(0.,0.,-1.));
#2559 = DIRECTION('',(1.,0.,0.));
#2560 = FACE_BOUND('',#2561,.T.);
#2561 = EDGE_LOOP('',(#2562));
#2562 = ORIENTED_EDGE('',*,*,#2563,.T.);
#2563 = EDGE_CURVE('',#2564,#2564,#2566,.T.);
#2564 = VERTEX_POINT('',#2565);
#2565 = CARTESIAN_POINT('',(56.970625805419,29.380570441067,2.5));
#2566 = CIRCLE('',#2567,1.5);
#2567 = AXIS2_PLACEMENT_3D('',#2568,#2569,#2570);
#2568 = CARTESIAN_POINT('',(58.470625805419,29.380570441067,2.5));
#2569 = DIRECTION('',(0.,0.,-1.));
#2570 = DIRECTION('',(1.,0.,0.));
#2571 = FACE_BOUND('',#2572,.T.);
#2572 = EDGE_LOOP('',(#2573));
#2573 = ORIENTED_EDGE('',*,*,#2574,.T.);
#2574 = EDGE_CURVE('',#2575,#2575,#2577,.T.);
#2575 = VERTEX_POINT('',#2576);
#2576 = CARTESIAN_POINT('',(87.727443889887,70.990547288758,2.5));
#2577 = CIRCLE('',#2578,1.5);
#2578 = AXIS2_PLACEMENT_3D('',#2579,#2580,#2581);
#2579 = CARTESIAN_POINT('',(89.227443889887,70.990547288758,2.5));
#2580 = DIRECTION('',(0.,0.,-1.));
#2581 = DIRECTION('',(1.,0.,0.));
#2582 = FACE_BOUND('',#2583,.T.);
#2583 = EDGE_LOOP('',(#2584));
#2584 = ORIENTED_EDGE('',*,*,#2585,.T.);
#2585 = EDGE_CURVE('',#2586,#2586,#2588,.T.);
#2586 = VERTEX_POINT('',#2587);
#2587 = CARTESIAN_POINT('',(62.220625805419,24.270032677836,2.5));
#2588 = CIRCLE('',#2589,1.5);
#2589 = AXIS2_PLACEMENT_3D('',#2590,#2591,#2592);
#2590 = CARTESIAN_POINT('',(63.720625805419,24.270032677836,2.5));
#2591 = DIRECTION('',(0.,0.,-1.));
#2592 = DIRECTION('',(1.,0.,0.));
#2593 = FACE_BOUND('',#2594,.T.);
#2594 = EDGE_LOOP('',(#2595));
#2595 = ORIENTED_EDGE('',*,*,#2596,.T.);
#2596 = EDGE_CURVE('',#2597,#2597,#2599,.T.);
#2597 = VERTEX_POINT('',#2598);
#2598 = CARTESIAN_POINT('',(31.720625805419,24.270032677836,2.5));
#2599 = CIRCLE('',#2600,1.5);
#2600 = AXIS2_PLACEMENT_3D('',#2601,#2602,#2603);
#2601 = CARTESIAN_POINT('',(33.220625805419,24.270032677836,2.5));
#2602 = DIRECTION('',(0.,0.,-1.));
#2603 = DIRECTION('',(1.,0.,0.));
#2604 = PLANE('',#2605);
#2605 = AXIS2_PLACEMENT_3D('',#2606,#2607,#2608);
#2606 = CARTESIAN_POINT('',(48.470625805417,39.520032677835,2.5));
#2607 = DIRECTION('',(0.,0.,1.));
#2608 = DIRECTION('',(1.,0.,-0.));
#2609 = ADVANCED_FACE('',(#2610),#2629,.F.);
#2610 = FACE_BOUND('',#2611,.F.);
#2611 = EDGE_LOOP('',(#2612,#2620,#2621,#2622));
#2612 = ORIENTED_EDGE('',*,*,#2613,.T.);
#2613 = EDGE_CURVE('',#2614,#1298,#2616,.T.);
#2614 = VERTEX_POINT('',#2615);
#2615 = CARTESIAN_POINT('',(31.720625805419,54.770032677835,2.));
#2616 = LINE('',#2617,#2618);
#2617 = CARTESIAN_POINT('',(30.720625805419,54.770032677835,1.));
#2618 = VECTOR('',#2619,1.);
#2619 = DIRECTION('',(-0.707106781187,-8.659560562355E-17,
    -0.707106781187));
#2620 = ORIENTED_EDGE('',*,*,#1297,.F.);
#2621 = ORIENTED_EDGE('',*,*,#2613,.F.);
#2622 = ORIENTED_EDGE('',*,*,#2623,.F.);
#2623 = EDGE_CURVE('',#2614,#2614,#2624,.T.);
#2624 = CIRCLE('',#2625,1.5);
#2625 = AXIS2_PLACEMENT_3D('',#2626,#2627,#2628);
#2626 = CARTESIAN_POINT('',(33.220625805419,54.770032677835,2.));
#2627 = DIRECTION('',(0.,0.,1.));
#2628 = DIRECTION('',(1.,0.,-0.));
#2629 = CONICAL_SURFACE('',#2630,2.5,0.785398163397);
#2630 = AXIS2_PLACEMENT_3D('',#2631,#2632,#2633);
#2631 = CARTESIAN_POINT('',(33.220625805419,54.770032677835,1.));
#2632 = DIRECTION('',(0.,0.,-1.));
#2633 = DIRECTION('',(1.,0.,0.));
#2634 = ADVANCED_FACE('',(#2635),#2646,.F.);
#2635 = FACE_BOUND('',#2636,.F.);
#2636 = EDGE_LOOP('',(#2637,#2643,#2644,#2645));
#2637 = ORIENTED_EDGE('',*,*,#2638,.T.);
#2638 = EDGE_CURVE('',#2509,#2614,#2639,.T.);
#2639 = LINE('',#2640,#2641);
#2640 = CARTESIAN_POINT('',(31.720625805419,54.770032677835,
    3.97015753606E-13));
#2641 = VECTOR('',#2642,1.);
#2642 = DIRECTION('',(0.,0.,-1.));
#2643 = ORIENTED_EDGE('',*,*,#2623,.T.);
#2644 = ORIENTED_EDGE('',*,*,#2638,.F.);
#2645 = ORIENTED_EDGE('',*,*,#2508,.T.);
#2646 = CYLINDRICAL_SURFACE('',#2647,1.5);
#2647 = AXIS2_PLACEMENT_3D('',#2648,#2649,#2650);
#2648 = CARTESIAN_POINT('',(33.220625805419,54.770032677835,
    3.97015753606E-13));
#2649 = DIRECTION('',(0.,0.,1.));
#2650 = DIRECTION('',(1.,0.,-0.));
#2651 = ADVANCED_FACE('',(#2652),#2671,.F.);
#2652 = FACE_BOUND('',#2653,.F.);
#2653 = EDGE_LOOP('',(#2654,#2662,#2663,#2664));
#2654 = ORIENTED_EDGE('',*,*,#2655,.T.);
#2655 = EDGE_CURVE('',#2656,#1419,#2658,.T.);
#2656 = VERTEX_POINT('',#2657);
#2657 = CARTESIAN_POINT('',(36.970625805419,49.380570441067,2.));
#2658 = LINE('',#2659,#2660);
#2659 = CARTESIAN_POINT('',(35.970625805419,49.380570441067,1.));
#2660 = VECTOR('',#2661,1.);
#2661 = DIRECTION('',(-0.707106781187,-8.659560562355E-17,
    -0.707106781187));
#2662 = ORIENTED_EDGE('',*,*,#1418,.F.);
#2663 = ORIENTED_EDGE('',*,*,#2655,.F.);
#2664 = ORIENTED_EDGE('',*,*,#2665,.F.);
#2665 = EDGE_CURVE('',#2656,#2656,#2666,.T.);
#2666 = CIRCLE('',#2667,1.5);
#2667 = AXIS2_PLACEMENT_3D('',#2668,#2669,#2670);
#2668 = CARTESIAN_POINT('',(38.470625805419,49.380570441067,2.));
#2669 = DIRECTION('',(0.,0.,1.));
#2670 = DIRECTION('',(1.,0.,-0.));
#2671 = CONICAL_SURFACE('',#2672,2.5,0.785398163397);
#2672 = AXIS2_PLACEMENT_3D('',#2673,#2674,#2675);
#2673 = CARTESIAN_POINT('',(38.470625805419,49.380570441067,1.));
#2674 = DIRECTION('',(0.,0.,-1.));
#2675 = DIRECTION('',(1.,0.,0.));
#2676 = ADVANCED_FACE('',(#2677),#2688,.F.);
#2677 = FACE_BOUND('',#2678,.F.);
#2678 = EDGE_LOOP('',(#2679,#2685,#2686,#2687));
#2679 = ORIENTED_EDGE('',*,*,#2680,.T.);
#2680 = EDGE_CURVE('',#2476,#2656,#2681,.T.);
#2681 = LINE('',#2682,#2683);
#2682 = CARTESIAN_POINT('',(36.970625805419,49.380570441067,
    3.97015753606E-13));
#2683 = VECTOR('',#2684,1.);
#2684 = DIRECTION('',(0.,0.,-1.));
#2685 = ORIENTED_EDGE('',*,*,#2665,.T.);
#2686 = ORIENTED_EDGE('',*,*,#2680,.F.);
#2687 = ORIENTED_EDGE('',*,*,#2475,.T.);
#2688 = CYLINDRICAL_SURFACE('',#2689,1.5);
#2689 = AXIS2_PLACEMENT_3D('',#2690,#2691,#2692);
#2690 = CARTESIAN_POINT('',(38.470625805419,49.380570441067,
    3.97015753606E-13));
#2691 = DIRECTION('',(0.,0.,1.));
#2692 = DIRECTION('',(1.,0.,-0.));
#2693 = ADVANCED_FACE('',(#2694),#2713,.F.);
#2694 = FACE_BOUND('',#2695,.F.);
#2695 = EDGE_LOOP('',(#2696,#2704,#2705,#2706));
#2696 = ORIENTED_EDGE('',*,*,#2697,.T.);
#2697 = EDGE_CURVE('',#2698,#1309,#2700,.T.);
#2698 = VERTEX_POINT('',#2699);
#2699 = CARTESIAN_POINT('',(62.220625805419,54.770032677835,2.));
#2700 = LINE('',#2701,#2702);
#2701 = CARTESIAN_POINT('',(61.220625805419,54.770032677835,1.));
#2702 = VECTOR('',#2703,1.);
#2703 = DIRECTION('',(-0.707106781187,-8.659560562355E-17,
    -0.707106781187));
#2704 = ORIENTED_EDGE('',*,*,#1308,.F.);
#2705 = ORIENTED_EDGE('',*,*,#2697,.F.);
#2706 = ORIENTED_EDGE('',*,*,#2707,.F.);
#2707 = EDGE_CURVE('',#2698,#2698,#2708,.T.);
#2708 = CIRCLE('',#2709,1.5);
#2709 = AXIS2_PLACEMENT_3D('',#2710,#2711,#2712);
#2710 = CARTESIAN_POINT('',(63.720625805419,54.770032677835,2.));
#2711 = DIRECTION('',(0.,0.,1.));
#2712 = DIRECTION('',(1.,0.,-0.));
#2713 = CONICAL_SURFACE('',#2714,2.5,0.785398163397);
#2714 = AXIS2_PLACEMENT_3D('',#2715,#2716,#2717);
#2715 = CARTESIAN_POINT('',(63.720625805419,54.770032677835,1.));
#2716 = DIRECTION('',(0.,0.,-1.));
#2717 = DIRECTION('',(1.,0.,0.));
#2718 = ADVANCED_FACE('',(#2719),#2730,.F.);
#2719 = FACE_BOUND('',#2720,.F.);
#2720 = EDGE_LOOP('',(#2721,#2727,#2728,#2729));
#2721 = ORIENTED_EDGE('',*,*,#2722,.T.);
#2722 = EDGE_CURVE('',#2542,#2698,#2723,.T.);
#2723 = LINE('',#2724,#2725);
#2724 = CARTESIAN_POINT('',(62.220625805419,54.770032677835,
    3.97015753606E-13));
#2725 = VECTOR('',#2726,1.);
#2726 = DIRECTION('',(0.,0.,-1.));
#2727 = ORIENTED_EDGE('',*,*,#2707,.T.);
#2728 = ORIENTED_EDGE('',*,*,#2722,.F.);
#2729 = ORIENTED_EDGE('',*,*,#2541,.T.);
#2730 = CYLINDRICAL_SURFACE('',#2731,1.5);
#2731 = AXIS2_PLACEMENT_3D('',#2732,#2733,#2734);
#2732 = CARTESIAN_POINT('',(63.720625805419,54.770032677835,
    3.97015753606E-13));
#2733 = DIRECTION('',(0.,0.,1.));
#2734 = DIRECTION('',(1.,0.,-0.));
#2735 = ADVANCED_FACE('',(#2736),#2755,.F.);
#2736 = FACE_BOUND('',#2737,.F.);
#2737 = EDGE_LOOP('',(#2738,#2746,#2747,#2748));
#2738 = ORIENTED_EDGE('',*,*,#2739,.T.);
#2739 = EDGE_CURVE('',#2740,#1408,#2742,.T.);
#2740 = VERTEX_POINT('',#2741);
#2741 = CARTESIAN_POINT('',(56.970625805419,49.380570441067,2.));
#2742 = LINE('',#2743,#2744);
#2743 = CARTESIAN_POINT('',(55.970625805419,49.380570441067,1.));
#2744 = VECTOR('',#2745,1.);
#2745 = DIRECTION('',(-0.707106781187,-8.659560562355E-17,
    -0.707106781187));
#2746 = ORIENTED_EDGE('',*,*,#1407,.F.);
#2747 = ORIENTED_EDGE('',*,*,#2739,.F.);
#2748 = ORIENTED_EDGE('',*,*,#2749,.F.);
#2749 = EDGE_CURVE('',#2740,#2740,#2750,.T.);
#2750 = CIRCLE('',#2751,1.5);
#2751 = AXIS2_PLACEMENT_3D('',#2752,#2753,#2754);
#2752 = CARTESIAN_POINT('',(58.470625805419,49.380570441067,2.));
#2753 = DIRECTION('',(0.,0.,1.));
#2754 = DIRECTION('',(1.,0.,-0.));
#2755 = CONICAL_SURFACE('',#2756,2.5,0.785398163397);
#2756 = AXIS2_PLACEMENT_3D('',#2757,#2758,#2759);
#2757 = CARTESIAN_POINT('',(58.470625805419,49.380570441067,1.));
#2758 = DIRECTION('',(0.,0.,-1.));
#2759 = DIRECTION('',(1.,0.,0.));
#2760 = ADVANCED_FACE('',(#2761),#2772,.F.);
#2761 = FACE_BOUND('',#2762,.F.);
#2762 = EDGE_LOOP('',(#2763,#2769,#2770,#2771));
#2763 = ORIENTED_EDGE('',*,*,#2764,.T.);
#2764 = EDGE_CURVE('',#2498,#2740,#2765,.T.);
#2765 = LINE('',#2766,#2767);
#2766 = CARTESIAN_POINT('',(56.970625805419,49.380570441067,
    3.97015753606E-13));
#2767 = VECTOR('',#2768,1.);
#2768 = DIRECTION('',(0.,0.,-1.));
#2769 = ORIENTED_EDGE('',*,*,#2749,.T.);
#2770 = ORIENTED_EDGE('',*,*,#2764,.F.);
#2771 = ORIENTED_EDGE('',*,*,#2497,.T.);
#2772 = CYLINDRICAL_SURFACE('',#2773,1.5);
#2773 = AXIS2_PLACEMENT_3D('',#2774,#2775,#2776);
#2774 = CARTESIAN_POINT('',(58.470625805419,49.380570441067,
    3.97015753606E-13));
#2775 = DIRECTION('',(0.,0.,1.));
#2776 = DIRECTION('',(1.,0.,-0.));
#2777 = ADVANCED_FACE('',(#2778),#2797,.F.);
#2778 = FACE_BOUND('',#2779,.F.);
#2779 = EDGE_LOOP('',(#2780,#2788,#2789,#2790));
#2780 = ORIENTED_EDGE('',*,*,#2781,.T.);
#2781 = EDGE_CURVE('',#2782,#1320,#2784,.T.);
#2782 = VERTEX_POINT('',#2783);
#2783 = CARTESIAN_POINT('',(31.720625805419,24.270032677836,2.));
#2784 = LINE('',#2785,#2786);
#2785 = CARTESIAN_POINT('',(30.720625805419,24.270032677836,1.));
#2786 = VECTOR('',#2787,1.);
#2787 = DIRECTION('',(-0.707106781187,-8.659560562355E-17,
    -0.707106781187));
#2788 = ORIENTED_EDGE('',*,*,#1319,.F.);
#2789 = ORIENTED_EDGE('',*,*,#2781,.F.);
#2790 = ORIENTED_EDGE('',*,*,#2791,.F.);
#2791 = EDGE_CURVE('',#2782,#2782,#2792,.T.);
#2792 = CIRCLE('',#2793,1.5);
#2793 = AXIS2_PLACEMENT_3D('',#2794,#2795,#2796);
#2794 = CARTESIAN_POINT('',(33.220625805419,24.270032677836,2.));
#2795 = DIRECTION('',(0.,0.,1.));
#2796 = DIRECTION('',(1.,0.,-0.));
#2797 = CONICAL_SURFACE('',#2798,2.5,0.785398163397);
#2798 = AXIS2_PLACEMENT_3D('',#2799,#2800,#2801);
#2799 = CARTESIAN_POINT('',(33.220625805419,24.270032677836,1.));
#2800 = DIRECTION('',(0.,0.,-1.));
#2801 = DIRECTION('',(1.,0.,0.));
#2802 = ADVANCED_FACE('',(#2803),#2814,.F.);
#2803 = FACE_BOUND('',#2804,.F.);
#2804 = EDGE_LOOP('',(#2805,#2811,#2812,#2813));
#2805 = ORIENTED_EDGE('',*,*,#2806,.T.);
#2806 = EDGE_CURVE('',#2597,#2782,#2807,.T.);
#2807 = LINE('',#2808,#2809);
#2808 = CARTESIAN_POINT('',(31.720625805419,24.270032677836,
    3.97015753606E-13));
#2809 = VECTOR('',#2810,1.);
#2810 = DIRECTION('',(0.,0.,-1.));
#2811 = ORIENTED_EDGE('',*,*,#2791,.T.);
#2812 = ORIENTED_EDGE('',*,*,#2806,.F.);
#2813 = ORIENTED_EDGE('',*,*,#2596,.T.);
#2814 = CYLINDRICAL_SURFACE('',#2815,1.5);
#2815 = AXIS2_PLACEMENT_3D('',#2816,#2817,#2818);
#2816 = CARTESIAN_POINT('',(33.220625805419,24.270032677836,
    3.97015753606E-13));
#2817 = DIRECTION('',(0.,0.,1.));
#2818 = DIRECTION('',(1.,0.,-0.));
#2819 = ADVANCED_FACE('',(#2820),#2839,.F.);
#2820 = FACE_BOUND('',#2821,.F.);
#2821 = EDGE_LOOP('',(#2822,#2830,#2831,#2832));
#2822 = ORIENTED_EDGE('',*,*,#2823,.T.);
#2823 = EDGE_CURVE('',#2824,#1397,#2826,.T.);
#2824 = VERTEX_POINT('',#2825);
#2825 = CARTESIAN_POINT('',(36.970625805419,29.380570441067,2.));
#2826 = LINE('',#2827,#2828);
#2827 = CARTESIAN_POINT('',(35.970625805419,29.380570441067,1.));
#2828 = VECTOR('',#2829,1.);
#2829 = DIRECTION('',(-0.707106781187,-8.659560562355E-17,
    -0.707106781187));
#2830 = ORIENTED_EDGE('',*,*,#1396,.F.);
#2831 = ORIENTED_EDGE('',*,*,#2823,.F.);
#2832 = ORIENTED_EDGE('',*,*,#2833,.F.);
#2833 = EDGE_CURVE('',#2824,#2824,#2834,.T.);
#2834 = CIRCLE('',#2835,1.5);
#2835 = AXIS2_PLACEMENT_3D('',#2836,#2837,#2838);
#2836 = CARTESIAN_POINT('',(38.470625805419,29.380570441067,2.));
#2837 = DIRECTION('',(0.,0.,1.));
#2838 = DIRECTION('',(1.,0.,-0.));
#2839 = CONICAL_SURFACE('',#2840,2.5,0.785398163397);
#2840 = AXIS2_PLACEMENT_3D('',#2841,#2842,#2843);
#2841 = CARTESIAN_POINT('',(38.470625805419,29.380570441067,1.));
#2842 = DIRECTION('',(0.,0.,-1.));
#2843 = DIRECTION('',(1.,0.,0.));
#2844 = ADVANCED_FACE('',(#2845),#2856,.F.);
#2845 = FACE_BOUND('',#2846,.F.);
#2846 = EDGE_LOOP('',(#2847,#2853,#2854,#2855));
#2847 = ORIENTED_EDGE('',*,*,#2848,.T.);
#2848 = EDGE_CURVE('',#2487,#2824,#2849,.T.);
#2849 = LINE('',#2850,#2851);
#2850 = CARTESIAN_POINT('',(36.970625805419,29.380570441067,
    3.97015753606E-13));
#2851 = VECTOR('',#2852,1.);
#2852 = DIRECTION('',(0.,0.,-1.));
#2853 = ORIENTED_EDGE('',*,*,#2833,.T.);
#2854 = ORIENTED_EDGE('',*,*,#2848,.F.);
#2855 = ORIENTED_EDGE('',*,*,#2486,.T.);
#2856 = CYLINDRICAL_SURFACE('',#2857,1.5);
#2857 = AXIS2_PLACEMENT_3D('',#2858,#2859,#2860);
#2858 = CARTESIAN_POINT('',(38.470625805419,29.380570441067,
    3.97015753606E-13));
#2859 = DIRECTION('',(0.,0.,1.));
#2860 = DIRECTION('',(1.,0.,-0.));
#2861 = ADVANCED_FACE('',(#2862),#2881,.F.);
#2862 = FACE_BOUND('',#2863,.F.);
#2863 = EDGE_LOOP('',(#2864,#2872,#2873,#2874));
#2864 = ORIENTED_EDGE('',*,*,#2865,.T.);
#2865 = EDGE_CURVE('',#2866,#1331,#2868,.T.);
#2866 = VERTEX_POINT('',#2867);
#2867 = CARTESIAN_POINT('',(56.970625805419,29.380570441067,2.));
#2868 = LINE('',#2869,#2870);
#2869 = CARTESIAN_POINT('',(55.970625805419,29.380570441067,1.));
#2870 = VECTOR('',#2871,1.);
#2871 = DIRECTION('',(-0.707106781187,-8.659560562355E-17,
    -0.707106781187));
#2872 = ORIENTED_EDGE('',*,*,#1330,.F.);
#2873 = ORIENTED_EDGE('',*,*,#2865,.F.);
#2874 = ORIENTED_EDGE('',*,*,#2875,.F.);
#2875 = EDGE_CURVE('',#2866,#2866,#2876,.T.);
#2876 = CIRCLE('',#2877,1.5);
#2877 = AXIS2_PLACEMENT_3D('',#2878,#2879,#2880);
#2878 = CARTESIAN_POINT('',(58.470625805419,29.380570441067,2.));
#2879 = DIRECTION('',(0.,0.,1.));
#2880 = DIRECTION('',(1.,0.,-0.));
#2881 = CONICAL_SURFACE('',#2882,2.5,0.785398163397);
#2882 = AXIS2_PLACEMENT_3D('',#2883,#2884,#2885);
#2883 = CARTESIAN_POINT('',(58.470625805419,29.380570441067,1.));
#2884 = DIRECTION('',(0.,0.,-1.));
#2885 = DIRECTION('',(1.,0.,0.));
#2886 = ADVANCED_FACE('',(#2887),#2898,.F.);
#2887 = FACE_BOUND('',#2888,.F.);
#2888 = EDGE_LOOP('',(#2889,#2895,#2896,#2897));
#2889 = ORIENTED_EDGE('',*,*,#2890,.T.);
#2890 = EDGE_CURVE('',#2564,#2866,#2891,.T.);
#2891 = LINE('',#2892,#2893);
#2892 = CARTESIAN_POINT('',(56.970625805419,29.380570441067,
    3.97015753606E-13));
#2893 = VECTOR('',#2894,1.);
#2894 = DIRECTION('',(0.,0.,-1.));
#2895 = ORIENTED_EDGE('',*,*,#2875,.T.);
#2896 = ORIENTED_EDGE('',*,*,#2890,.F.);
#2897 = ORIENTED_EDGE('',*,*,#2563,.T.);
#2898 = CYLINDRICAL_SURFACE('',#2899,1.5);
#2899 = AXIS2_PLACEMENT_3D('',#2900,#2901,#2902);
#2900 = CARTESIAN_POINT('',(58.470625805419,29.380570441067,
    3.97015753606E-13));
#2901 = DIRECTION('',(0.,0.,1.));
#2902 = DIRECTION('',(1.,0.,-0.));
#2903 = ADVANCED_FACE('',(#2904),#2923,.F.);
#2904 = FACE_BOUND('',#2905,.F.);
#2905 = EDGE_LOOP('',(#2906,#2914,#2915,#2916));
#2906 = ORIENTED_EDGE('',*,*,#2907,.T.);
#2907 = EDGE_CURVE('',#2908,#1386,#2910,.T.);
#2908 = VERTEX_POINT('',#2909);
#2909 = CARTESIAN_POINT('',(62.220625805419,24.270032677836,2.));
#2910 = LINE('',#2911,#2912);
#2911 = CARTESIAN_POINT('',(61.220625805419,24.270032677836,1.));
#2912 = VECTOR('',#2913,1.);
#2913 = DIRECTION('',(-0.707106781187,-8.659560562355E-17,
    -0.707106781187));
#2914 = ORIENTED_EDGE('',*,*,#1385,.F.);
#2915 = ORIENTED_EDGE('',*,*,#2907,.F.);
#2916 = ORIENTED_EDGE('',*,*,#2917,.F.);
#2917 = EDGE_CURVE('',#2908,#2908,#2918,.T.);
#2918 = CIRCLE('',#2919,1.5);
#2919 = AXIS2_PLACEMENT_3D('',#2920,#2921,#2922);
#2920 = CARTESIAN_POINT('',(63.720625805419,24.270032677836,2.));
#2921 = DIRECTION('',(0.,0.,1.));
#2922 = DIRECTION('',(1.,0.,-0.));
#2923 = CONICAL_SURFACE('',#2924,2.5,0.785398163397);
#2924 = AXIS2_PLACEMENT_3D('',#2925,#2926,#2927);
#2925 = CARTESIAN_POINT('',(63.720625805419,24.270032677836,1.));
#2926 = DIRECTION('',(0.,0.,-1.));
#2927 = DIRECTION('',(1.,0.,0.));
#2928 = ADVANCED_FACE('',(#2929),#2940,.F.);
#2929 = FACE_BOUND('',#2930,.F.);
#2930 = EDGE_LOOP('',(#2931,#2937,#2938,#2939));
#2931 = ORIENTED_EDGE('',*,*,#2932,.T.);
#2932 = EDGE_CURVE('',#2586,#2908,#2933,.T.);
#2933 = LINE('',#2934,#2935);
#2934 = CARTESIAN_POINT('',(62.220625805419,24.270032677836,
    3.97015753606E-13));
#2935 = VECTOR('',#2936,1.);
#2936 = DIRECTION('',(0.,0.,-1.));
#2937 = ORIENTED_EDGE('',*,*,#2917,.T.);
#2938 = ORIENTED_EDGE('',*,*,#2932,.F.);
#2939 = ORIENTED_EDGE('',*,*,#2585,.T.);
#2940 = CYLINDRICAL_SURFACE('',#2941,1.5);
#2941 = AXIS2_PLACEMENT_3D('',#2942,#2943,#2944);
#2942 = CARTESIAN_POINT('',(63.720625805419,24.270032677836,
    3.97015753606E-13));
#2943 = DIRECTION('',(0.,0.,1.));
#2944 = DIRECTION('',(1.,0.,-0.));
#2945 = ADVANCED_FACE('',(#2946),#2957,.F.);
#2946 = FACE_BOUND('',#2947,.F.);
#2947 = EDGE_LOOP('',(#2948,#2954,#2955,#2956));
#2948 = ORIENTED_EDGE('',*,*,#2949,.T.);
#2949 = EDGE_CURVE('',#2520,#1342,#2950,.T.);
#2950 = LINE('',#2951,#2952);
#2951 = CARTESIAN_POINT('',(6.213807720952,70.990547288758,
    3.97015753606E-13));
#2952 = VECTOR('',#2953,1.);
#2953 = DIRECTION('',(0.,0.,-1.));
#2954 = ORIENTED_EDGE('',*,*,#1341,.F.);
#2955 = ORIENTED_EDGE('',*,*,#2949,.F.);
#2956 = ORIENTED_EDGE('',*,*,#2519,.T.);
#2957 = CYLINDRICAL_SURFACE('',#2958,1.5);
#2958 = AXIS2_PLACEMENT_3D('',#2959,#2960,#2961);
#2959 = CARTESIAN_POINT('',(7.713807720952,70.990547288758,
    3.97015753606E-13));
#2960 = DIRECTION('',(0.,0.,1.));
#2961 = DIRECTION('',(1.,0.,-0.));
#2962 = ADVANCED_FACE('',(#2963),#2974,.F.);
#2963 = FACE_BOUND('',#2964,.F.);
#2964 = EDGE_LOOP('',(#2965,#2971,#2972,#2973));
#2965 = ORIENTED_EDGE('',*,*,#2966,.T.);
#2966 = EDGE_CURVE('',#2531,#1353,#2967,.T.);
#2967 = LINE('',#2968,#2969);
#2968 = CARTESIAN_POINT('',(6.213807720952,8.049518066913,
    3.97015753606E-13));
#2969 = VECTOR('',#2970,1.);
#2970 = DIRECTION('',(0.,0.,-1.));
#2971 = ORIENTED_EDGE('',*,*,#1352,.F.);
#2972 = ORIENTED_EDGE('',*,*,#2966,.F.);
#2973 = ORIENTED_EDGE('',*,*,#2530,.T.);
#2974 = CYLINDRICAL_SURFACE('',#2975,1.5);
#2975 = AXIS2_PLACEMENT_3D('',#2976,#2977,#2978);
#2976 = CARTESIAN_POINT('',(7.713807720952,8.049518066913,
    3.97015753606E-13));
#2977 = DIRECTION('',(0.,0.,1.));
#2978 = DIRECTION('',(1.,0.,-0.));
#2979 = ADVANCED_FACE('',(#2980),#2991,.F.);
#2980 = FACE_BOUND('',#2981,.F.);
#2981 = EDGE_LOOP('',(#2982,#2988,#2989,#2990));
#2982 = ORIENTED_EDGE('',*,*,#2983,.T.);
#2983 = EDGE_CURVE('',#2553,#1364,#2984,.T.);
#2984 = LINE('',#2985,#2986);
#2985 = CARTESIAN_POINT('',(87.727443889887,8.049518066913,
    3.97015753606E-13));
#2986 = VECTOR('',#2987,1.);
#2987 = DIRECTION('',(0.,0.,-1.));
#2988 = ORIENTED_EDGE('',*,*,#1363,.F.);
#2989 = ORIENTED_EDGE('',*,*,#2983,.F.);
#2990 = ORIENTED_EDGE('',*,*,#2552,.T.);
#2991 = CYLINDRICAL_SURFACE('',#2992,1.5);
#2992 = AXIS2_PLACEMENT_3D('',#2993,#2994,#2995);
#2993 = CARTESIAN_POINT('',(89.227443889887,8.049518066913,
    3.97015753606E-13));
#2994 = DIRECTION('',(0.,0.,1.));
#2995 = DIRECTION('',(1.,0.,-0.));
#2996 = ADVANCED_FACE('',(#2997),#3008,.F.);
#2997 = FACE_BOUND('',#2998,.F.);
#2998 = EDGE_LOOP('',(#2999,#3005,#3006,#3007));
#2999 = ORIENTED_EDGE('',*,*,#3000,.T.);
#3000 = EDGE_CURVE('',#2575,#1375,#3001,.T.);
#3001 = LINE('',#3002,#3003);
#3002 = CARTESIAN_POINT('',(87.727443889887,70.990547288758,
    3.97015753606E-13));
#3003 = VECTOR('',#3004,1.);
#3004 = DIRECTION('',(0.,0.,-1.));
#3005 = ORIENTED_EDGE('',*,*,#1374,.F.);
#3006 = ORIENTED_EDGE('',*,*,#3000,.F.);
#3007 = ORIENTED_EDGE('',*,*,#2574,.T.);
#3008 = CYLINDRICAL_SURFACE('',#3009,1.5);
#3009 = AXIS2_PLACEMENT_3D('',#3010,#3011,#3012);
#3010 = CARTESIAN_POINT('',(89.227443889887,70.990547288758,
    3.97015753606E-13));
#3011 = DIRECTION('',(0.,0.,1.));
#3012 = DIRECTION('',(1.,0.,-0.));
#3013 = ADVANCED_FACE('',(#3014),#3020,.T.);
#3014 = FACE_BOUND('',#3015,.T.);
#3015 = EDGE_LOOP('',(#3016,#3017,#3018,#3019));
#3016 = ORIENTED_EDGE('',*,*,#495,.F.);
#3017 = ORIENTED_EDGE('',*,*,#935,.T.);
#3018 = ORIENTED_EDGE('',*,*,#1898,.F.);
#3019 = ORIENTED_EDGE('',*,*,#2231,.F.);
#3020 = PLANE('',#3021);
#3021 = AXIS2_PLACEMENT_3D('',#3022,#3023,#3024);
#3022 = CARTESIAN_POINT('',(75.304861435827,47.011405443746,
    3.97015753606E-13));
#3023 = DIRECTION('',(0.662414780045,-0.749137276591,0.));
#3024 = DIRECTION('',(0.749137276591,0.662414780045,0.));
#3025 = ( GEOMETRIC_REPRESENTATION_CONTEXT(3) 
GLOBAL_UNCERTAINTY_ASSIGNED_CONTEXT((#3029)) 
GLOBAL_UNIT_ASSIGNED_CONTEXT((#3026,#3027,#3028)) REPRESENTATION_CONTEXT
('Context #1','3D Context with UNIT and UNCERTAINTY') );
#3026 = ( LENGTH_UNIT() NAMED_UNIT(*) SI_UNIT(.MILLI.,.METRE.) );
#3027 = ( NAMED_UNIT(*) PLANE_ANGLE_UNIT() SI_UNIT($,.RADIAN.) );
#3028 = ( NAMED_UNIT(*) SI_UNIT($,.STERADIAN.) SOLID_ANGLE_UNIT() );
#3029 = UNCERTAINTY_MEASURE_WITH_UNIT(LENGTH_MEASURE(1.E-07),#3026,
  'distance_accuracy_value','confusion accuracy');
#3030 = PRODUCT_RELATED_PRODUCT_CATEGORY('part',$,(#7));
ENDSEC;
END-ISO-10303-21;
