ISO-10303-21;
HEADER;
FILE_DESCRIPTION(('FreeCAD Model'),'2;1');
FILE_NAME('Open CASCADE Shape Model','2026-07-24T12:46:42',('FreeCAD'),(
    'FreeCAD'),'Open CASCADE STEP processor 7.8','FreeCAD','Unknown');
FILE_SCHEMA(('AUTOMOTIVE_DESIGN { 1 0 10303 214 1 1 1 1 }'));
ENDSEC;
DATA;
#1 = APPLICATION_PROTOCOL_DEFINITION('international standard',
  'automotive_design',2000,#2);
#2 = APPLICATION_CONTEXT(
  'core data for automotive mechanical design processes');
#3 = SHAPE_DEFINITION_REPRESENTATION(#4,#10);
#4 = PRODUCT_DEFINITION_SHAPE('','',#5);
#5 = PRODUCT_DEFINITION('design','',#6,#9);
#6 = PRODUCT_DEFINITION_FORMATION('','',#7);
#7 = PRODUCT('Open CASCADE STEP translator 7.8 6',
  'Open CASCADE STEP translator 7.8 6','',(#8));
#8 = PRODUCT_CONTEXT('',#2,'mechanical');
#9 = PRODUCT_DEFINITION_CONTEXT('part definition',#2,'design');
#10 = ADVANCED_BREP_SHAPE_REPRESENTATION('',(#11,#15),#11819);
#11 = AXIS2_PLACEMENT_3D('',#12,#13,#14);
#12 = CARTESIAN_POINT('',(0.,0.,0.));
#13 = DIRECTION('',(0.,0.,1.));
#14 = DIRECTION('',(1.,0.,-0.));
#15 = MANIFOLD_SOLID_BREP('',#16);
#16 = CLOSED_SHELL('',(#17,#50,#1697,#1737,#1770,#1801,#1834,#1865,#1898
    ,#1929,#1953,#1985,#2009,#2034,#2058,#3139,#3170,#3195,#3219,#3244,
    #3268,#3293,#3317,#3335,#3367,#3391,#3416,#3440,#3471,#3496,#3520,
    #3545,#3569,#3594,#3618,#3636,#3668,#3692,#3717,#3741,#3772,#3797,
    #3821,#3846,#3870,#3895,#3919,#3937,#3969,#3993,#4018,#4042,#4064,
    #4089,#4113,#4138,#4160,#4177,#4194,#4206,#4228,#4245,#4257,#4286,
    #4303,#4320,#4337,#4354,#4379,#4403,#4421,#4438,#4460,#4477,#4494,
    #4519,#4543,#4568,#4590,#4602,#4619,#4641,#4666,#4690,#4715,#4737,
    #4754,#4771,#4783,#4805,#4822,#4834,#4866,#4891,#4915,#4940,#4964,
    #4989,#5013,#5038,#5062,#5087,#5111,#5136,#5160,#5185,#5209,#5234,
    #5258,#5283,#5307,#5332,#5356,#5381,#5405,#5430,#5454,#5479,#5503,
    #5528,#5552,#5577,#5601,#5626,#5650,#5675,#5699,#5724,#5748,#5773,
    #5797,#5822,#5846,#5871,#5895,#5920,#5944,#5969,#5993,#6018,#6042,
    #6067,#6091,#6116,#6140,#6165,#6190,#6222,#6262,#6287,#6311,#6336,
    #6369,#6400,#6425,#6449,#6474,#6498,#6523,#6547,#6565,#6582,#6599,
    #6616,#6642,#6674,#6699,#6723,#6748,#6772,#6797,#6821,#6846,#6870,
    #6895,#6919,#6944,#6968,#6993,#7017,#7042,#7066,#7091,#7115,#7140,
    #7164,#7189,#7213,#7238,#7262,#7287,#7311,#7336,#7360,#7385,#7409,
    #7434,#7458,#7483,#7507,#7532,#7556,#7581,#7605,#7630,#7654,#7679,
    #7703,#7728,#7752,#7777,#7801,#7826,#7850,#7875,#7899,#7924,#7948,
    #7973,#7990,#8014,#8031,#8056,#8073,#8098,#8115,#8132,#8157,#8174,
    #8199,#8216,#8241,#8258,#8283,#8300,#8342,#8373,#8406,#8437,#8468,
    #8490,#8521,#8546,#8570,#8594,#8619,#8643,#8668,#8692,#8716,#8741,
    #8765,#8790,#8814,#8832,#8862,#8893,#8918,#8942,#8967,#8991,#9016,
    #9040,#9058,#9074,#9106,#9130,#9155,#9180,#9205,#9230,#9255,#9280,
    #9305,#9322,#9340,#9371,#9396,#9420,#9444,#9469,#9493,#9518,#9542,
    #9566,#9584,#9602,#9642,#9675,#9706,#9739,#9770,#9803,#9834,#9858,
    #9889,#9914,#9938,#9963,#9987,#10012,#10036,#10054,#10080,#10112,
    #10136,#10161,#10185,#10210,#10234,#10259,#10276,#10292,#10308,
    #10325,#10342,#10354,#10376,#10393,#10410,#10427,#10444,#10461,
    #10478,#10490,#10507,#10524,#10536,#10558,#10575,#10592,#10609,
    #10626,#10643,#10660,#10672,#10689,#10706,#10718,#10730,#10752,
    #10769,#10786,#10803,#10820,#10837,#10854,#10871,#10888,#10905,
    #10922,#10939,#10956,#10973,#10990,#11007,#11024,#11041,#11058,
    #11075,#11092,#11109,#11126,#11143,#11160,#11172,#11189,#11206,
    #11223,#11235,#11252,#11271,#11288,#11305,#11322,#11334,#11351,
    #11368,#11385,#11402,#11419,#11436,#11453,#11470,#11487,#11504,
    #11521,#11538,#11555,#11572,#11589,#11606,#11623,#11640,#11657,
    #11674,#11691,#11708,#11725,#11742,#11759,#11776,#11793,#11805));
#17 = ADVANCED_FACE('',(#18),#45,.F.);
#18 = FACE_BOUND('',#19,.F.);
#19 = EDGE_LOOP('',(#20,#30,#37,#38));
#20 = ORIENTED_EDGE('',*,*,#21,.T.);
#21 = EDGE_CURVE('',#22,#24,#26,.T.);
#22 = VERTEX_POINT('',#23);
#23 = CARTESIAN_POINT('',(51.114298155575,150.96026530455,
    1.95399252334E-13));
#24 = VERTEX_POINT('',#25);
#25 = CARTESIAN_POINT('',(51.114298155575,150.96026530455,2.5));
#26 = LINE('',#27,#28);
#27 = CARTESIAN_POINT('',(51.114298155575,150.96026530455,2.5));
#28 = VECTOR('',#29,1.);
#29 = DIRECTION('',(0.,0.,1.));
#30 = ORIENTED_EDGE('',*,*,#31,.T.);
#31 = EDGE_CURVE('',#24,#24,#32,.T.);
#32 = CIRCLE('',#33,1.5);
#33 = AXIS2_PLACEMENT_3D('',#34,#35,#36);
#34 = CARTESIAN_POINT('',(52.614298155575,150.96026530455,2.5));
#35 = DIRECTION('',(0.,0.,-1.));
#36 = DIRECTION('',(1.,0.,0.));
#37 = ORIENTED_EDGE('',*,*,#21,.F.);
#38 = ORIENTED_EDGE('',*,*,#39,.T.);
#39 = EDGE_CURVE('',#22,#22,#40,.T.);
#40 = CIRCLE('',#41,1.5);
#41 = AXIS2_PLACEMENT_3D('',#42,#43,#44);
#42 = CARTESIAN_POINT('',(52.614298155575,150.96026530455,
    1.95399252334E-13));
#43 = DIRECTION('',(0.,0.,1.));
#44 = DIRECTION('',(1.,0.,-0.));
#45 = CYLINDRICAL_SURFACE('',#46,1.5);
#46 = AXIS2_PLACEMENT_3D('',#47,#48,#49);
#47 = CARTESIAN_POINT('',(52.614298155575,150.96026530455,2.5));
#48 = DIRECTION('',(0.,0.,-1.));
#49 = DIRECTION('',(1.,0.,0.));
#50 = ADVANCED_FACE('',(#51,#664,#667,#737,#807,#818,#829,#840,#960,
    #1030,#1120,#1206,#1276,#1346,#1416,#1427,#1438,#1508,#1519,#1530,
    #1541,#1611,#1681),#1692,.T.);
#51 = FACE_BOUND('',#52,.T.);
#52 = EDGE_LOOP('',(#53,#63,#71,#80,#88,#97,#105,#114,#122,#131,#139,
    #148,#156,#165,#173,#182,#190,#199,#207,#216,#224,#233,#241,#250,
    #258,#267,#275,#284,#292,#301,#309,#318,#326,#335,#343,#352,#360,
    #369,#377,#386,#394,#403,#411,#420,#428,#437,#445,#454,#462,#471,
    #479,#488,#496,#505,#513,#522,#530,#539,#547,#556,#564,#573,#581,
    #590,#598,#607,#615,#624,#632,#640,#649,#657));
#53 = ORIENTED_EDGE('',*,*,#54,.F.);
#54 = EDGE_CURVE('',#55,#57,#59,.T.);
#55 = VERTEX_POINT('',#56);
#56 = CARTESIAN_POINT('',(19.007831651115,192.24859758151,2.5));
#57 = VERTEX_POINT('',#58);
#58 = CARTESIAN_POINT('',(24.28027154035,189.11676625665,2.5));
#59 = LINE('',#60,#61);
#60 = CARTESIAN_POINT('',(43.584933771159,177.64978945648,2.5));
#61 = VECTOR('',#62,1.);
#62 = DIRECTION('',(0.85976022739,-0.510697906201,0.));
#63 = ORIENTED_EDGE('',*,*,#64,.F.);
#64 = EDGE_CURVE('',#65,#55,#67,.T.);
#65 = VERTEX_POINT('',#66);
#66 = CARTESIAN_POINT('',(19.007831640146,191.23281826534,2.5));
#67 = LINE('',#68,#69);
#68 = CARTESIAN_POINT('',(19.007831652067,191.23281826534,2.5));
#69 = VECTOR('',#70,1.);
#70 = DIRECTION('',(-9.369946536846E-10,1.,0.));
#71 = ORIENTED_EDGE('',*,*,#72,.F.);
#72 = EDGE_CURVE('',#73,#65,#75,.T.);
#73 = VERTEX_POINT('',#74);
#74 = CARTESIAN_POINT('',(19.007831669798,189.63281826534,2.5));
#75 = CIRCLE('',#76,0.8);
#76 = AXIS2_PLACEMENT_3D('',#77,#78,#79);
#77 = CARTESIAN_POINT('',(19.007831660932,190.43281826534,2.5));
#78 = DIRECTION('',(0.,0.,1.));
#79 = DIRECTION('',(1.108218655732E-08,-1.,0.));
#80 = ORIENTED_EDGE('',*,*,#81,.F.);
#81 = EDGE_CURVE('',#82,#73,#84,.T.);
#82 = VERTEX_POINT('',#83);
#83 = CARTESIAN_POINT('',(15.887831633048,189.63281826534,2.5));
#84 = LINE('',#85,#86);
#85 = CARTESIAN_POINT('',(15.887831633048,189.63281826534,2.5));
#86 = VECTOR('',#87,1.);
#87 = DIRECTION('',(1.,0.,0.));
#88 = ORIENTED_EDGE('',*,*,#89,.F.);
#89 = EDGE_CURVE('',#90,#82,#92,.T.);
#90 = VERTEX_POINT('',#91);
#91 = CARTESIAN_POINT('',(15.887831633048,191.23281826534,2.5));
#92 = CIRCLE('',#93,0.8);
#93 = AXIS2_PLACEMENT_3D('',#94,#95,#96);
#94 = CARTESIAN_POINT('',(15.887831633048,190.43281826534,2.5));
#95 = DIRECTION('',(0.,0.,1.));
#96 = DIRECTION('',(-1.387778780782E-14,1.,0.));
#97 = ORIENTED_EDGE('',*,*,#98,.F.);
#98 = EDGE_CURVE('',#99,#90,#101,.T.);
#99 = VERTEX_POINT('',#100);
#100 = CARTESIAN_POINT('',(15.887831633048,194.445302479,2.5));
#101 = LINE('',#102,#103);
#102 = CARTESIAN_POINT('',(15.887831633048,194.445302479,2.5));
#103 = VECTOR('',#104,1.);
#104 = DIRECTION('',(0.,-1.,0.));
#105 = ORIENTED_EDGE('',*,*,#106,.F.);
#106 = EDGE_CURVE('',#107,#99,#109,.T.);
#107 = VERTEX_POINT('',#108);
#108 = CARTESIAN_POINT('',(15.562768132554,195.18317829622,2.5));
#109 = CIRCLE('',#110,1.);
#110 = AXIS2_PLACEMENT_3D('',#111,#112,#113);
#111 = CARTESIAN_POINT('',(14.887831633049,194.445302479,2.5));
#112 = DIRECTION('',(0.,0.,-1.));
#113 = DIRECTION('',(-0.587980398389,0.808875176471,0.));
#114 = ORIENTED_EDGE('',*,*,#115,.F.);
#115 = EDGE_CURVE('',#116,#107,#118,.T.);
#116 = VERTEX_POINT('',#117);
#117 = CARTESIAN_POINT('',(5.355713357774,187.76355619947,2.5));
#118 = LINE('',#119,#120);
#119 = CARTESIAN_POINT('',(-8.357851567042,177.79501271789,2.5));
#120 = VECTOR('',#121,1.);
#121 = DIRECTION('',(0.808875176471,0.587980398389,0.));
#122 = ORIENTED_EDGE('',*,*,#123,.F.);
#123 = EDGE_CURVE('',#124,#116,#126,.T.);
#124 = VERTEX_POINT('',#125);
#125 = CARTESIAN_POINT('',(4.449270234229,185.98403081124,2.5));
#126 = CIRCLE('',#127,2.2);
#127 = AXIS2_PLACEMENT_3D('',#128,#129,#130);
#128 = CARTESIAN_POINT('',(6.649270234229,185.98403081124,2.5));
#129 = DIRECTION('',(0.,0.,-1.));
#130 = DIRECTION('',(-1.,7.993605777301E-14,0.));
#131 = ORIENTED_EDGE('',*,*,#132,.F.);
#132 = EDGE_CURVE('',#133,#124,#135,.T.);
#133 = VERTEX_POINT('',#134);
#134 = CARTESIAN_POINT('',(4.449270234229,180.8541283979,2.5));
#135 = LINE('',#136,#137);
#136 = CARTESIAN_POINT('',(4.449270234229,139.2883898187,2.5));
#137 = VECTOR('',#138,1.);
#138 = DIRECTION('',(0.,1.,0.));
#139 = ORIENTED_EDGE('',*,*,#140,.F.);
#140 = EDGE_CURVE('',#141,#133,#143,.T.);
#141 = VERTEX_POINT('',#142);
#142 = CARTESIAN_POINT('',(5.189110906245,179.20854803313,2.5));
#143 = CIRCLE('',#144,2.2);
#144 = AXIS2_PLACEMENT_3D('',#145,#146,#147);
#145 = CARTESIAN_POINT('',(6.649270234229,180.85412839789,2.5));
#146 = DIRECTION('',(0.,0.,-1.));
#147 = DIRECTION('',(-0.663708785447,-0.747991074894,-0.));
#148 = ORIENTED_EDGE('',*,*,#149,.F.);
#149 = EDGE_CURVE('',#150,#141,#152,.T.);
#150 = VERTEX_POINT('',#151);
#151 = CARTESIAN_POINT('',(7.990864121403,176.72249133277,2.5));
#152 = LINE('',#153,#154);
#153 = CARTESIAN_POINT('',(33.446359171923,154.13527569615,2.5));
#154 = VECTOR('',#155,1.);
#155 = DIRECTION('',(-0.747991074894,0.663708785446,0.));
#156 = ORIENTED_EDGE('',*,*,#157,.F.);
#157 = EDGE_CURVE('',#158,#150,#160,.T.);
#158 = VERTEX_POINT('',#159);
#159 = CARTESIAN_POINT('',(9.268770736705,173.88012524817,2.5));
#160 = CIRCLE('',#161,3.8);
#161 = AXIS2_PLACEMENT_3D('',#162,#163,#164);
#162 = CARTESIAN_POINT('',(5.468770736705,173.88012524817,2.5));
#163 = DIRECTION('',(0.,0.,1.));
#164 = DIRECTION('',(1.,-4.648133729765E-13,0.));
#165 = ORIENTED_EDGE('',*,*,#166,.F.);
#166 = EDGE_CURVE('',#167,#158,#169,.T.);
#167 = VERTEX_POINT('',#168);
#168 = CARTESIAN_POINT('',(9.268770736705,164.48717970223,2.5));
#169 = LINE('',#170,#171);
#170 = CARTESIAN_POINT('',(9.268770736705,131.10491547086,2.5));
#171 = VECTOR('',#172,1.);
#172 = DIRECTION('',(-4.727901462625E-16,1.,0.));
#173 = ORIENTED_EDGE('',*,*,#174,.F.);
#174 = EDGE_CURVE('',#175,#167,#177,.T.);
#175 = VERTEX_POINT('',#176);
#176 = CARTESIAN_POINT('',(8.155776505214,161.80017393372,2.5));
#177 = CIRCLE('',#178,3.8);
#178 = AXIS2_PLACEMENT_3D('',#179,#180,#181);
#179 = CARTESIAN_POINT('',(5.468770736705,164.48717970223,2.5));
#180 = DIRECTION('',(0.,0.,1.));
#181 = DIRECTION('',(0.707106781187,-0.707106781186,0.));
#182 = ORIENTED_EDGE('',*,*,#183,.F.);
#183 = EDGE_CURVE('',#184,#175,#186,.T.);
#184 = VERTEX_POINT('',#185);
#185 = CARTESIAN_POINT('',(1.444365081389,155.0887625099,2.5));
#186 = LINE('',#187,#188);
#187 = CARTESIAN_POINT('',(-6.036296093821,147.60810133469,2.5));
#188 = VECTOR('',#189,1.);
#189 = DIRECTION('',(0.707106781187,0.707106781187,0.));
#190 = ORIENTED_EDGE('',*,*,#191,.F.);
#191 = EDGE_CURVE('',#192,#184,#194,.T.);
#192 = VERTEX_POINT('',#193);
#193 = CARTESIAN_POINT('',(0.8,153.53312759129,2.5));
#194 = CIRCLE('',#195,2.2);
#195 = AXIS2_PLACEMENT_3D('',#196,#197,#198);
#196 = CARTESIAN_POINT('',(3.,153.53312759129,2.5));
#197 = DIRECTION('',(0.,0.,-1.));
#198 = DIRECTION('',(-1.,-2.368475785867E-14,-0.));
#199 = ORIENTED_EDGE('',*,*,#200,.F.);
#200 = EDGE_CURVE('',#201,#192,#203,.T.);
#201 = VERTEX_POINT('',#202);
#202 = CARTESIAN_POINT('',(0.8,148.44981203882,2.5));
#203 = LINE('',#204,#205);
#204 = CARTESIAN_POINT('',(0.8,123.08623163916,2.5));
#205 = VECTOR('',#206,1.);
#206 = DIRECTION('',(0.,1.,0.));
#207 = ORIENTED_EDGE('',*,*,#208,.F.);
#208 = EDGE_CURVE('',#209,#201,#211,.T.);
#209 = VERTEX_POINT('',#210);
#210 = CARTESIAN_POINT('',(1.539840672016,146.80423167405,2.5));
#211 = CIRCLE('',#212,2.2);
#212 = AXIS2_PLACEMENT_3D('',#213,#214,#215);
#213 = CARTESIAN_POINT('',(3.,148.44981203882,2.5));
#214 = DIRECTION('',(0.,0.,-1.));
#215 = DIRECTION('',(-0.663708785447,-0.747991074894,-0.));
#216 = ORIENTED_EDGE('',*,*,#217,.F.);
#217 = EDGE_CURVE('',#218,#209,#220,.T.);
#218 = VERTEX_POINT('',#219);
#219 = CARTESIAN_POINT('',(6.341593887169,142.54353137774,2.5));
#220 = LINE('',#221,#222);
#221 = CARTESIAN_POINT('',(23.774422182452,127.07500283095,2.5));
#222 = VECTOR('',#223,1.);
#223 = DIRECTION('',(-0.747991074895,0.663708785446,0.));
#224 = ORIENTED_EDGE('',*,*,#225,.F.);
#225 = EDGE_CURVE('',#226,#218,#228,.T.);
#226 = VERTEX_POINT('',#227);
#227 = CARTESIAN_POINT('',(7.619500502475,139.70116529314,2.5));
#228 = CIRCLE('',#229,3.8);
#229 = AXIS2_PLACEMENT_3D('',#230,#231,#232);
#230 = CARTESIAN_POINT('',(3.819500502475,139.70116529314,2.5));
#231 = DIRECTION('',(0.,0.,1.));
#232 = DIRECTION('',(1.,3.01980662698E-13,-0.));
#233 = ORIENTED_EDGE('',*,*,#234,.F.);
#234 = EDGE_CURVE('',#235,#226,#237,.T.);
#235 = VERTEX_POINT('',#236);
#236 = CARTESIAN_POINT('',(7.619500502475,79.866761892088,2.5));
#237 = LINE('',#238,#239);
#238 = CARTESIAN_POINT('',(7.619500502475,88.794706565795,2.5));
#239 = VECTOR('',#240,1.);
#240 = DIRECTION('',(0.,1.,0.));
#241 = ORIENTED_EDGE('',*,*,#242,.F.);
#242 = EDGE_CURVE('',#243,#235,#245,.T.);
#243 = VERTEX_POINT('',#244);
#244 = CARTESIAN_POINT('',(6.341593887169,77.024395807489,2.5));
#245 = CIRCLE('',#246,3.8);
#246 = AXIS2_PLACEMENT_3D('',#247,#248,#249);
#247 = CARTESIAN_POINT('',(3.819500502475,79.866761892089,2.5));
#248 = DIRECTION('',(0.,0.,1.));
#249 = DIRECTION('',(0.663708785446,-0.747991074895,0.));
#250 = ORIENTED_EDGE('',*,*,#251,.F.);
#251 = EDGE_CURVE('',#252,#243,#254,.T.);
#252 = VERTEX_POINT('',#253);
#253 = CARTESIAN_POINT('',(1.539840672017,72.763695511182,2.5));
#254 = LINE('',#255,#256);
#255 = CARTESIAN_POINT('',(15.385728190491,85.04945331865,2.5));
#256 = VECTOR('',#257,1.);
#257 = DIRECTION('',(0.747991074895,0.663708785446,0.));
#258 = ORIENTED_EDGE('',*,*,#259,.F.);
#259 = EDGE_CURVE('',#260,#252,#262,.T.);
#260 = VERTEX_POINT('',#261);
#261 = CARTESIAN_POINT('',(0.8,71.118115146415,2.5));
#262 = CIRCLE('',#263,2.199999999999);
#263 = AXIS2_PLACEMENT_3D('',#264,#265,#266);
#264 = CARTESIAN_POINT('',(2.999999999999,71.118115146416,2.5));
#265 = DIRECTION('',(0.,0.,-1.));
#266 = DIRECTION('',(-1.,-4.988602123983E-13,-0.));
#267 = ORIENTED_EDGE('',*,*,#268,.F.);
#268 = EDGE_CURVE('',#269,#260,#271,.T.);
#269 = VERTEX_POINT('',#270);
#270 = CARTESIAN_POINT('',(0.8,66.034799593947,2.5));
#271 = LINE('',#272,#273);
#272 = CARTESIAN_POINT('',(0.8,81.878725416724,2.5));
#273 = VECTOR('',#274,1.);
#274 = DIRECTION('',(0.,1.,0.));
#275 = ORIENTED_EDGE('',*,*,#276,.F.);
#276 = EDGE_CURVE('',#277,#269,#279,.T.);
#277 = VERTEX_POINT('',#278);
#278 = CARTESIAN_POINT('',(1.444365081389,64.479164675337,2.5));
#279 = CIRCLE('',#280,2.2);
#280 = AXIS2_PLACEMENT_3D('',#281,#282,#283);
#281 = CARTESIAN_POINT('',(3.,66.034799593947,2.5));
#282 = DIRECTION('',(0.,0.,-1.));
#283 = DIRECTION('',(-0.707106781187,-0.707106781186,-0.));
#284 = ORIENTED_EDGE('',*,*,#285,.F.);
#285 = EDGE_CURVE('',#286,#277,#288,.T.);
#286 = VERTEX_POINT('',#287);
#287 = CARTESIAN_POINT('',(9.155776505214,56.767753251512,2.5));
#288 = LINE('',#289,#290);
#289 = CARTESIAN_POINT('',(3.850065794651,62.073463962075,2.5));
#290 = VECTOR('',#291,1.);
#291 = DIRECTION('',(-0.707106781187,0.707106781187,0.));
#292 = ORIENTED_EDGE('',*,*,#293,.F.);
#293 = EDGE_CURVE('',#294,#286,#296,.T.);
#294 = VERTEX_POINT('',#295);
#295 = CARTESIAN_POINT('',(10.268770736705,54.080747483003,2.5));
#296 = CIRCLE('',#297,3.8);
#297 = AXIS2_PLACEMENT_3D('',#298,#299,#300);
#298 = CARTESIAN_POINT('',(6.468770736705,54.080747483003,2.5));
#299 = DIRECTION('',(0.,0.,1.));
#300 = DIRECTION('',(1.,-9.473903143468E-14,0.));
#301 = ORIENTED_EDGE('',*,*,#302,.F.);
#302 = EDGE_CURVE('',#303,#294,#305,.T.);
#303 = VERTEX_POINT('',#304);
#304 = CARTESIAN_POINT('',(10.268770736705,3.,2.5));
#305 = LINE('',#306,#307);
#306 = CARTESIAN_POINT('',(10.268770736705,50.361325619751,2.5));
#307 = VECTOR('',#308,1.);
#308 = DIRECTION('',(0.,1.,0.));
#309 = ORIENTED_EDGE('',*,*,#310,.F.);
#310 = EDGE_CURVE('',#311,#303,#313,.T.);
#311 = VERTEX_POINT('',#312);
#312 = CARTESIAN_POINT('',(12.468770736705,0.8,2.5));
#313 = CIRCLE('',#314,2.2);
#314 = AXIS2_PLACEMENT_3D('',#315,#316,#317);
#315 = CARTESIAN_POINT('',(12.468770736705,3.,2.5));
#316 = DIRECTION('',(0.,0.,-1.));
#317 = DIRECTION('',(-4.440892098501E-15,-1.,-0.));
#318 = ORIENTED_EDGE('',*,*,#319,.F.);
#319 = EDGE_CURVE('',#320,#311,#322,.T.);
#320 = VERTEX_POINT('',#321);
#321 = CARTESIAN_POINT('',(15.943597203695,0.8,2.5));
#322 = LINE('',#323,#324);
#323 = CARTESIAN_POINT('',(22.415714427323,0.8,2.5));
#324 = VECTOR('',#325,1.);
#325 = DIRECTION('',(-1.,0.,0.));
#326 = ORIENTED_EDGE('',*,*,#327,.F.);
#327 = EDGE_CURVE('',#328,#320,#330,.T.);
#328 = VERTEX_POINT('',#329);
#329 = CARTESIAN_POINT('',(17.618004271782,1.572988798104,2.5));
#330 = CIRCLE('',#331,2.199999999999);
#331 = AXIS2_PLACEMENT_3D('',#332,#333,#334);
#332 = CARTESIAN_POINT('',(15.943597203695,2.999999999999,2.5));
#333 = DIRECTION('',(0.,0.,-1.));
#334 = DIRECTION('',(0.761094121858,-0.648641455407,0.));
#335 = ORIENTED_EDGE('',*,*,#336,.F.);
#336 = EDGE_CURVE('',#337,#328,#339,.T.);
#337 = VERTEX_POINT('',#338);
#338 = CARTESIAN_POINT('',(26.756768109748,12.2961076801,2.5));
#339 = LINE('',#340,#341);
#340 = CARTESIAN_POINT('',(48.291643773497,37.564408288992,2.5));
#341 = VECTOR('',#342,1.);
#342 = DIRECTION('',(-0.648641455407,-0.761094121858,0.));
#343 = ORIENTED_EDGE('',*,*,#344,.F.);
#344 = EDGE_CURVE('',#345,#337,#347,.T.);
#345 = VERTEX_POINT('',#346);
#346 = CARTESIAN_POINT('',(31.018895192154,12.2961076801,2.5));
#347 = CIRCLE('',#348,2.8);
#348 = AXIS2_PLACEMENT_3D('',#349,#350,#351);
#349 = CARTESIAN_POINT('',(28.887831650951,10.479911604959,2.5));
#350 = DIRECTION('',(0.,0.,1.));
#351 = DIRECTION('',(-4.614364446098E-14,1.,0.));
#352 = ORIENTED_EDGE('',*,*,#353,.F.);
#353 = EDGE_CURVE('',#354,#345,#356,.T.);
#354 = VERTEX_POINT('',#355);
#355 = CARTESIAN_POINT('',(40.157659030119,1.572988798104,2.5));
#356 = LINE('',#357,#358);
#357 = CARTESIAN_POINT('',(14.053401447387,32.202848847994,2.5));
#358 = VECTOR('',#359,1.);
#359 = DIRECTION('',(-0.648641455407,0.761094121858,0.));
#360 = ORIENTED_EDGE('',*,*,#361,.F.);
#361 = EDGE_CURVE('',#362,#354,#364,.T.);
#362 = VERTEX_POINT('',#363);
#363 = CARTESIAN_POINT('',(41.832066098206,0.8,2.5));
#364 = CIRCLE('',#365,2.199999999999);
#365 = AXIS2_PLACEMENT_3D('',#366,#367,#368);
#366 = CARTESIAN_POINT('',(41.832066098207,2.999999999999,2.5));
#367 = DIRECTION('',(0.,0.,-1.));
#368 = DIRECTION('',(-0.761094121858,-0.648641455407,-0.));
#369 = ORIENTED_EDGE('',*,*,#370,.F.);
#370 = EDGE_CURVE('',#371,#362,#373,.T.);
#371 = VERTEX_POINT('',#372);
#372 = CARTESIAN_POINT('',(45.306892565197,0.8,2.5));
#373 = LINE('',#374,#375);
#374 = CARTESIAN_POINT('',(37.097362108074,0.8,2.5));
#375 = VECTOR('',#376,1.);
#376 = DIRECTION('',(-1.,0.,0.));
#377 = ORIENTED_EDGE('',*,*,#378,.F.);
#378 = EDGE_CURVE('',#379,#371,#381,.T.);
#379 = VERTEX_POINT('',#380);
#380 = CARTESIAN_POINT('',(47.506892565197,3.,2.5));
#381 = CIRCLE('',#382,2.2);
#382 = AXIS2_PLACEMENT_3D('',#383,#384,#385);
#383 = CARTESIAN_POINT('',(45.306892565197,3.,2.5));
#384 = DIRECTION('',(0.,0.,-1.));
#385 = DIRECTION('',(4.440892098501E-15,-1.,0.));
#386 = ORIENTED_EDGE('',*,*,#387,.F.);
#387 = EDGE_CURVE('',#388,#379,#390,.T.);
#388 = VERTEX_POINT('',#389);
#389 = CARTESIAN_POINT('',(47.506892565197,54.080747483003,2.5));
#390 = LINE('',#391,#392);
#391 = CARTESIAN_POINT('',(47.506892565197,75.901699361252,2.5));
#392 = VECTOR('',#393,1.);
#393 = DIRECTION('',(-1.304080005871E-16,-1.,0.));
#394 = ORIENTED_EDGE('',*,*,#395,.F.);
#395 = EDGE_CURVE('',#396,#388,#398,.T.);
#396 = VERTEX_POINT('',#397);
#397 = CARTESIAN_POINT('',(48.619886796688,56.767753251512,2.5));
#398 = CIRCLE('',#399,3.8);
#399 = AXIS2_PLACEMENT_3D('',#400,#401,#402);
#400 = CARTESIAN_POINT('',(51.306892565197,54.080747483003,2.5));
#401 = DIRECTION('',(0.,0.,1.));
#402 = DIRECTION('',(-1.,-9.177843670235E-14,0.));
#403 = ORIENTED_EDGE('',*,*,#404,.F.);
#404 = EDGE_CURVE('',#405,#396,#407,.T.);
#405 = VERTEX_POINT('',#406);
#406 = CARTESIAN_POINT('',(56.331298220512,64.479164675337,2.5));
#407 = LINE('',#408,#409);
#408 = CARTESIAN_POINT('',(57.781303219164,65.929169673988,2.5));
#409 = VECTOR('',#410,1.);
#410 = DIRECTION('',(-0.707106781187,-0.707106781187,0.));
#411 = ORIENTED_EDGE('',*,*,#412,.F.);
#412 = EDGE_CURVE('',#413,#405,#415,.T.);
#413 = VERTEX_POINT('',#414);
#414 = CARTESIAN_POINT('',(56.975663301902,66.034799593947,2.5));
#415 = CIRCLE('',#416,2.2);
#416 = AXIS2_PLACEMENT_3D('',#417,#418,#419);
#417 = CARTESIAN_POINT('',(54.775663301902,66.034799593947,2.5));
#418 = DIRECTION('',(0.,0.,-1.));
#419 = DIRECTION('',(0.707106781187,-0.707106781186,0.));
#420 = ORIENTED_EDGE('',*,*,#421,.F.);
#421 = EDGE_CURVE('',#422,#413,#424,.T.);
#422 = VERTEX_POINT('',#423);
#423 = CARTESIAN_POINT('',(56.975663301902,71.118115146415,2.5));
#424 = LINE('',#425,#426);
#425 = CARTESIAN_POINT('',(56.975663301902,84.420383192958,2.5));
#426 = VECTOR('',#427,1.);
#427 = DIRECTION('',(0.,-1.,0.));
#428 = ORIENTED_EDGE('',*,*,#429,.F.);
#429 = EDGE_CURVE('',#430,#422,#432,.T.);
#430 = VERTEX_POINT('',#431);
#431 = CARTESIAN_POINT('',(56.235822629886,72.763695511181,2.5));
#432 = CIRCLE('',#433,2.199999999999);
#433 = AXIS2_PLACEMENT_3D('',#434,#435,#436);
#434 = CARTESIAN_POINT('',(54.775663301902,71.118115146416,2.5));
#435 = DIRECTION('',(0.,0.,-1.));
#436 = DIRECTION('',(1.,-4.988602123983E-13,0.));
#437 = ORIENTED_EDGE('',*,*,#438,.F.);
#438 = EDGE_CURVE('',#439,#430,#441,.T.);
#439 = VERTEX_POINT('',#440);
#440 = CARTESIAN_POINT('',(51.434069414732,77.024395807489,2.5));
#441 = LINE('',#442,#443);
#442 = CARTESIAN_POINT('',(39.989058503834,87.179803466804,2.5));
#443 = VECTOR('',#444,1.);
#444 = DIRECTION('',(0.747991074895,-0.663708785446,0.));
#445 = ORIENTED_EDGE('',*,*,#446,.F.);
#446 = EDGE_CURVE('',#447,#439,#449,.T.);
#447 = VERTEX_POINT('',#448);
#448 = CARTESIAN_POINT('',(50.156162799426,79.866761892088,2.5));
#449 = CIRCLE('',#450,3.8);
#450 = AXIS2_PLACEMENT_3D('',#451,#452,#453);
#451 = CARTESIAN_POINT('',(53.956162799426,79.866761892089,2.5));
#452 = DIRECTION('',(0.,0.,1.));
#453 = DIRECTION('',(-0.663708785446,-0.747991074895,0.));
#454 = ORIENTED_EDGE('',*,*,#455,.F.);
#455 = EDGE_CURVE('',#456,#447,#458,.T.);
#456 = VERTEX_POINT('',#457);
#457 = CARTESIAN_POINT('',(50.156162799426,139.70116529314,2.5));
#458 = LINE('',#459,#460);
#459 = CARTESIAN_POINT('',(50.156162799426,118.71190826632,2.5));
#460 = VECTOR('',#461,1.);
#461 = DIRECTION('',(0.,-1.,0.));
#462 = ORIENTED_EDGE('',*,*,#463,.F.);
#463 = EDGE_CURVE('',#464,#456,#466,.T.);
#464 = VERTEX_POINT('',#465);
#465 = CARTESIAN_POINT('',(51.434069414732,142.54353137774,2.5));
#466 = CIRCLE('',#467,3.8);
#467 = AXIS2_PLACEMENT_3D('',#468,#469,#470);
#468 = CARTESIAN_POINT('',(53.956162799426,139.70116529314,2.5));
#469 = DIRECTION('',(0.,0.,1.));
#470 = DIRECTION('',(-1.,3.005003653319E-13,0.));
#471 = ORIENTED_EDGE('',*,*,#472,.F.);
#472 = EDGE_CURVE('',#473,#464,#475,.T.);
#473 = VERTEX_POINT('',#474);
#474 = CARTESIAN_POINT('',(56.235822629885,146.80423167405,2.5));
#475 = LINE('',#476,#477);
#476 = CARTESIAN_POINT('',(36.402117727027,129.20535297911,2.5));
#477 = VECTOR('',#478,1.);
#478 = DIRECTION('',(-0.747991074895,-0.663708785446,0.));
#479 = ORIENTED_EDGE('',*,*,#480,.F.);
#480 = EDGE_CURVE('',#481,#473,#483,.T.);
#481 = VERTEX_POINT('',#482);
#482 = CARTESIAN_POINT('',(56.975663301902,148.44981203882,2.5));
#483 = CIRCLE('',#484,2.2);
#484 = AXIS2_PLACEMENT_3D('',#485,#486,#487);
#485 = CARTESIAN_POINT('',(54.775663301902,148.44981203882,2.5));
#486 = DIRECTION('',(0.,0.,-1.));
#487 = DIRECTION('',(0.663708785447,-0.747991074894,0.));
#488 = ORIENTED_EDGE('',*,*,#489,.F.);
#489 = EDGE_CURVE('',#490,#481,#492,.T.);
#490 = VERTEX_POINT('',#491);
#491 = CARTESIAN_POINT('',(56.975663301902,153.53312759129,2.5));
#492 = LINE('',#493,#494);
#493 = CARTESIAN_POINT('',(56.975663301902,125.62788941539,2.5));
#494 = VECTOR('',#495,1.);
#495 = DIRECTION('',(0.,-1.,0.));
#496 = ORIENTED_EDGE('',*,*,#497,.F.);
#497 = EDGE_CURVE('',#498,#490,#500,.T.);
#498 = VERTEX_POINT('',#499);
#499 = CARTESIAN_POINT('',(56.331298220512,155.0887625099,2.5));
#500 = CIRCLE('',#501,2.2);
#501 = AXIS2_PLACEMENT_3D('',#502,#503,#504);
#502 = CARTESIAN_POINT('',(54.775663301902,153.53312759129,2.5));
#503 = DIRECTION('',(0.,0.,-1.));
#504 = DIRECTION('',(1.,-2.368475785867E-14,0.));
#505 = ORIENTED_EDGE('',*,*,#506,.F.);
#506 = EDGE_CURVE('',#507,#498,#509,.T.);
#507 = VERTEX_POINT('',#508);
#508 = CARTESIAN_POINT('',(49.619886796688,161.80017393372,2.5));
#509 = LINE('',#510,#511);
#510 = CARTESIAN_POINT('',(60.45625368381,150.9638070466,2.5));
#511 = VECTOR('',#512,1.);
#512 = DIRECTION('',(0.707106781187,-0.707106781187,0.));
#513 = ORIENTED_EDGE('',*,*,#514,.F.);
#514 = EDGE_CURVE('',#515,#507,#517,.T.);
#515 = VERTEX_POINT('',#516);
#516 = CARTESIAN_POINT('',(48.506892565197,164.48717970223,2.5));
#517 = CIRCLE('',#518,3.8);
#518 = AXIS2_PLACEMENT_3D('',#519,#520,#521);
#519 = CARTESIAN_POINT('',(52.306892565197,164.48717970223,2.5));
#520 = DIRECTION('',(0.,0.,1.));
#521 = DIRECTION('',(-0.707106781187,-0.707106781186,0.));
#522 = ORIENTED_EDGE('',*,*,#523,.F.);
#523 = EDGE_CURVE('',#524,#515,#526,.T.);
#524 = VERTEX_POINT('',#525);
#525 = CARTESIAN_POINT('',(48.506892565197,173.88012524817,2.5));
#526 = LINE('',#527,#528);
#527 = CARTESIAN_POINT('',(48.506892565197,135.80138824383,2.5));
#528 = VECTOR('',#529,1.);
#529 = DIRECTION('',(0.,-1.,0.));
#530 = ORIENTED_EDGE('',*,*,#531,.F.);
#531 = EDGE_CURVE('',#532,#524,#534,.T.);
#532 = VERTEX_POINT('',#533);
#533 = CARTESIAN_POINT('',(49.784799180499,176.72249133277,2.5));
#534 = CIRCLE('',#535,3.8);
#535 = AXIS2_PLACEMENT_3D('',#536,#537,#538);
#536 = CARTESIAN_POINT('',(52.306892565196,173.88012524817,2.5));
#537 = DIRECTION('',(0.,0.,1.));
#538 = DIRECTION('',(-1.,-4.648133729765E-13,0.));
#539 = ORIENTED_EDGE('',*,*,#540,.F.);
#540 = EDGE_CURVE('',#541,#532,#543,.T.);
#541 = VERTEX_POINT('',#542);
#542 = CARTESIAN_POINT('',(52.586552395656,179.20854803313,2.5));
#543 = LINE('',#544,#545);
#544 = CARTESIAN_POINT('',(25.730180737557,155.37830404633,2.5));
#545 = VECTOR('',#546,1.);
#546 = DIRECTION('',(-0.747991074894,-0.663708785446,0.));
#547 = ORIENTED_EDGE('',*,*,#548,.F.);
#548 = EDGE_CURVE('',#549,#541,#551,.T.);
#549 = VERTEX_POINT('',#550);
#550 = CARTESIAN_POINT('',(53.326393067672,180.8541283979,2.5));
#551 = CIRCLE('',#552,2.2);
#552 = AXIS2_PLACEMENT_3D('',#553,#554,#555);
#553 = CARTESIAN_POINT('',(51.126393067673,180.85412839789,2.5));
#554 = DIRECTION('',(0.,0.,-1.));
#555 = DIRECTION('',(0.663708785447,-0.747991074894,0.));
#556 = ORIENTED_EDGE('',*,*,#557,.F.);
#557 = EDGE_CURVE('',#558,#549,#560,.T.);
#558 = VERTEX_POINT('',#559);
#559 = CARTESIAN_POINT('',(53.326393067672,185.98403081124,2.5));
#560 = LINE('',#561,#562);
#561 = CARTESIAN_POINT('',(53.326393067672,141.85334102537,2.5));
#562 = VECTOR('',#563,1.);
#563 = DIRECTION('',(0.,-1.,0.));
#564 = ORIENTED_EDGE('',*,*,#565,.F.);
#565 = EDGE_CURVE('',#566,#558,#568,.T.);
#566 = VERTEX_POINT('',#567);
#567 = CARTESIAN_POINT('',(52.419949944127,187.76355619947,2.5));
#568 = CIRCLE('',#569,2.2);
#569 = AXIS2_PLACEMENT_3D('',#570,#571,#572);
#570 = CARTESIAN_POINT('',(51.126393067672,185.98403081124,2.5));
#571 = DIRECTION('',(0.,0.,-1.));
#572 = DIRECTION('',(1.,7.993605777301E-14,0.));
#573 = ORIENTED_EDGE('',*,*,#574,.F.);
#574 = EDGE_CURVE('',#575,#566,#577,.T.);
#575 = VERTEX_POINT('',#576);
#576 = CARTESIAN_POINT('',(42.212895169348,195.18317829622,2.5));
#577 = LINE('',#578,#579);
#578 = CARTESIAN_POINT('',(61.426253771145,181.2167733753,2.5));
#579 = VECTOR('',#580,1.);
#580 = DIRECTION('',(0.808875176471,-0.587980398389,0.));
#581 = ORIENTED_EDGE('',*,*,#582,.T.);
#582 = EDGE_CURVE('',#575,#583,#585,.T.);
#583 = VERTEX_POINT('',#584);
#584 = CARTESIAN_POINT('',(41.887831668853,194.445302479,2.5));
#585 = CIRCLE('',#586,1.);
#586 = AXIS2_PLACEMENT_3D('',#587,#588,#589);
#587 = CARTESIAN_POINT('',(42.887831668853,194.445302479,2.5));
#588 = DIRECTION('',(0.,0.,1.));
#589 = DIRECTION('',(0.587980398389,0.808875176471,-0.));
#590 = ORIENTED_EDGE('',*,*,#591,.T.);
#591 = EDGE_CURVE('',#583,#592,#594,.T.);
#592 = VERTEX_POINT('',#593);
#593 = CARTESIAN_POINT('',(41.887831668853,191.23281826534,2.5));
#594 = LINE('',#595,#596);
#595 = CARTESIAN_POINT('',(41.887831668853,194.445302479,2.5));
#596 = VECTOR('',#597,1.);
#597 = DIRECTION('',(0.,-1.,0.));
#598 = ORIENTED_EDGE('',*,*,#599,.T.);
#599 = EDGE_CURVE('',#592,#600,#602,.T.);
#600 = VERTEX_POINT('',#601);
#601 = CARTESIAN_POINT('',(41.887831668853,189.63281826534,2.5));
#602 = CIRCLE('',#603,0.8);
#603 = AXIS2_PLACEMENT_3D('',#604,#605,#606);
#604 = CARTESIAN_POINT('',(41.887831668853,190.43281826534,2.5));
#605 = DIRECTION('',(0.,0.,-1.));
#606 = DIRECTION('',(1.387778780782E-14,1.,0.));
#607 = ORIENTED_EDGE('',*,*,#608,.T.);
#608 = EDGE_CURVE('',#600,#609,#611,.T.);
#609 = VERTEX_POINT('',#610);
#610 = CARTESIAN_POINT('',(38.767831632103,189.63281826534,2.5));
#611 = LINE('',#612,#613);
#612 = CARTESIAN_POINT('',(41.887831668853,189.63281826534,2.5));
#613 = VECTOR('',#614,1.);
#614 = DIRECTION('',(-1.,0.,0.));
#615 = ORIENTED_EDGE('',*,*,#616,.T.);
#616 = EDGE_CURVE('',#609,#617,#619,.T.);
#617 = VERTEX_POINT('',#618);
#618 = CARTESIAN_POINT('',(38.767831649835,191.23281826534,2.5));
#619 = CIRCLE('',#620,0.8);
#620 = AXIS2_PLACEMENT_3D('',#621,#622,#623);
#621 = CARTESIAN_POINT('',(38.767831640969,190.43281826534,2.5));
#622 = DIRECTION('',(0.,0.,-1.));
#623 = DIRECTION('',(-1.108218655732E-08,-1.,-0.));
#624 = ORIENTED_EDGE('',*,*,#625,.T.);
#625 = EDGE_CURVE('',#617,#626,#628,.T.);
#626 = VERTEX_POINT('',#627);
#627 = CARTESIAN_POINT('',(38.767831650787,192.24859758151,2.5));
#628 = LINE('',#629,#630);
#629 = CARTESIAN_POINT('',(38.767831649835,191.23281826534,2.5));
#630 = VECTOR('',#631,1.);
#631 = DIRECTION('',(9.37006091633E-10,1.,0.));
#632 = ORIENTED_EDGE('',*,*,#633,.F.);
#633 = EDGE_CURVE('',#634,#626,#636,.T.);
#634 = VERTEX_POINT('',#635);
#635 = CARTESIAN_POINT('',(33.495391761552,189.11676625665,2.5));
#636 = LINE('',#637,#638);
#637 = CARTESIAN_POINT('',(11.72790490017,176.18687067737,2.5));
#638 = VECTOR('',#639,1.);
#639 = DIRECTION('',(0.85976022739,0.510697906201,0.));
#640 = ORIENTED_EDGE('',*,*,#641,.F.);
#641 = EDGE_CURVE('',#642,#634,#644,.T.);
#642 = VERTEX_POINT('',#643);
#643 = CARTESIAN_POINT('',(30.533343905587,188.30337557552,2.5));
#644 = CIRCLE('',#645,5.800000000007);
#645 = AXIS2_PLACEMENT_3D('',#646,#647,#648);
#646 = CARTESIAN_POINT('',(30.533343905585,194.10337557552,2.5));
#647 = DIRECTION('',(0.,0.,1.));
#648 = DIRECTION('',(0.510697906201,-0.85976022739,0.));
#649 = ORIENTED_EDGE('',*,*,#650,.F.);
#650 = EDGE_CURVE('',#651,#642,#653,.T.);
#651 = VERTEX_POINT('',#652);
#652 = CARTESIAN_POINT('',(27.242319396316,188.30337557551,2.5));
#653 = LINE('',#654,#655);
#654 = CARTESIAN_POINT('',(28.065075523584,188.30337557551,2.5));
#655 = VECTOR('',#656,1.);
#656 = DIRECTION('',(1.,1.082551141175E-12,0.));
#657 = ORIENTED_EDGE('',*,*,#658,.F.);
#658 = EDGE_CURVE('',#57,#651,#659,.T.);
#659 = CIRCLE('',#660,5.800000000007);
#660 = AXIS2_PLACEMENT_3D('',#661,#662,#663);
#661 = CARTESIAN_POINT('',(27.242319396317,194.10337557552,2.5));
#662 = DIRECTION('',(0.,0.,1.));
#663 = DIRECTION('',(-0.510697906201,-0.85976022739,0.));
#664 = FACE_BOUND('',#665,.T.);
#665 = EDGE_LOOP('',(#666));
#666 = ORIENTED_EDGE('',*,*,#31,.T.);
#667 = FACE_BOUND('',#668,.T.);
#668 = EDGE_LOOP('',(#669,#679,#688,#696,#705,#713,#722,#730));
#669 = ORIENTED_EDGE('',*,*,#670,.F.);
#670 = EDGE_CURVE('',#671,#673,#675,.T.);
#671 = VERTEX_POINT('',#672);
#672 = CARTESIAN_POINT('',(36.71153475343,58.110849873963,2.5));
#673 = VERTEX_POINT('',#674);
#674 = CARTESIAN_POINT('',(36.71153475343,35.110849873963,2.5));
#675 = LINE('',#676,#677);
#676 = CARTESIAN_POINT('',(36.71153475343,77.916750556732,2.5));
#677 = VECTOR('',#678,1.);
#678 = DIRECTION('',(0.,-1.,0.));
#679 = ORIENTED_EDGE('',*,*,#680,.F.);
#680 = EDGE_CURVE('',#681,#671,#683,.T.);
#681 = VERTEX_POINT('',#682);
#682 = CARTESIAN_POINT('',(38.51153475343,59.910849873963,2.5));
#683 = CIRCLE('',#684,1.8);
#684 = AXIS2_PLACEMENT_3D('',#685,#686,#687);
#685 = CARTESIAN_POINT('',(38.51153475343,58.110849873963,2.5));
#686 = DIRECTION('',(0.,0.,1.));
#687 = DIRECTION('',(1.110223024625E-15,1.,-0.));
#688 = ORIENTED_EDGE('',*,*,#689,.F.);
#689 = EDGE_CURVE('',#690,#681,#692,.T.);
#690 = VERTEX_POINT('',#691);
#691 = CARTESIAN_POINT('',(40.01153475343,59.910849873963,2.5));
#692 = LINE('',#693,#694);
#693 = CARTESIAN_POINT('',(34.449683202191,59.910849873963,2.5));
#694 = VECTOR('',#695,1.);
#695 = DIRECTION('',(-1.,0.,0.));
#696 = ORIENTED_EDGE('',*,*,#697,.F.);
#697 = EDGE_CURVE('',#698,#690,#700,.T.);
#698 = VERTEX_POINT('',#699);
#699 = CARTESIAN_POINT('',(41.81153475343,58.110849873963,2.5));
#700 = CIRCLE('',#701,1.8);
#701 = AXIS2_PLACEMENT_3D('',#702,#703,#704);
#702 = CARTESIAN_POINT('',(40.01153475343,58.110849873963,2.5));
#703 = DIRECTION('',(0.,0.,1.));
#704 = DIRECTION('',(1.,0.,-0.));
#705 = ORIENTED_EDGE('',*,*,#706,.F.);
#706 = EDGE_CURVE('',#707,#698,#709,.T.);
#707 = VERTEX_POINT('',#708);
#708 = CARTESIAN_POINT('',(41.81153475343,35.110849873963,2.5));
#709 = LINE('',#710,#711);
#710 = CARTESIAN_POINT('',(41.81153475343,66.416750556732,2.5));
#711 = VECTOR('',#712,1.);
#712 = DIRECTION('',(-2.896233977283E-16,1.,0.));
#713 = ORIENTED_EDGE('',*,*,#714,.F.);
#714 = EDGE_CURVE('',#715,#707,#717,.T.);
#715 = VERTEX_POINT('',#716);
#716 = CARTESIAN_POINT('',(40.01153475343,33.310849873963,2.5));
#717 = CIRCLE('',#718,1.8);
#718 = AXIS2_PLACEMENT_3D('',#719,#720,#721);
#719 = CARTESIAN_POINT('',(40.01153475343,35.110849873963,2.5));
#720 = DIRECTION('',(0.,0.,1.));
#721 = DIRECTION('',(6.661338147751E-15,-1.,0.));
#722 = ORIENTED_EDGE('',*,*,#723,.F.);
#723 = EDGE_CURVE('',#724,#715,#726,.T.);
#724 = VERTEX_POINT('',#725);
#725 = CARTESIAN_POINT('',(38.51153475343,33.310849873963,2.5));
#726 = LINE('',#727,#728);
#727 = CARTESIAN_POINT('',(33.699683202191,33.310849873963,2.5));
#728 = VECTOR('',#729,1.);
#729 = DIRECTION('',(1.,0.,0.));
#730 = ORIENTED_EDGE('',*,*,#731,.F.);
#731 = EDGE_CURVE('',#673,#724,#732,.T.);
#732 = CIRCLE('',#733,1.8);
#733 = AXIS2_PLACEMENT_3D('',#734,#735,#736);
#734 = CARTESIAN_POINT('',(38.51153475343,35.110849873963,2.5));
#735 = DIRECTION('',(0.,0.,1.));
#736 = DIRECTION('',(-1.,0.,0.));
#737 = FACE_BOUND('',#738,.T.);
#738 = EDGE_LOOP('',(#739,#749,#758,#766,#775,#783,#792,#800));
#739 = ORIENTED_EDGE('',*,*,#740,.F.);
#740 = EDGE_CURVE('',#741,#743,#745,.T.);
#741 = VERTEX_POINT('',#742);
#742 = CARTESIAN_POINT('',(14.408370744226,96.483963592619,2.5));
#743 = VERTEX_POINT('',#744);
#744 = CARTESIAN_POINT('',(15.908370744226,96.483963592619,2.5));
#745 = LINE('',#746,#747);
#746 = CARTESIAN_POINT('',(21.648101197588,96.483963592619,2.5));
#747 = VECTOR('',#748,1.);
#748 = DIRECTION('',(1.,0.,0.));
#749 = ORIENTED_EDGE('',*,*,#750,.F.);
#750 = EDGE_CURVE('',#751,#741,#753,.T.);
#751 = VERTEX_POINT('',#752);
#752 = CARTESIAN_POINT('',(12.608370744226,98.283963592619,2.5));
#753 = CIRCLE('',#754,1.8);
#754 = AXIS2_PLACEMENT_3D('',#755,#756,#757);
#755 = CARTESIAN_POINT('',(14.408370744226,98.283963592619,2.5));
#756 = DIRECTION('',(0.,0.,1.));
#757 = DIRECTION('',(-2.22044604925E-15,-1.,0.));
#758 = ORIENTED_EDGE('',*,*,#759,.F.);
#759 = EDGE_CURVE('',#760,#751,#762,.T.);
#760 = VERTEX_POINT('',#761);
#761 = CARTESIAN_POINT('',(12.608370744226,121.28396359261,2.5));
#762 = LINE('',#763,#764);
#763 = CARTESIAN_POINT('',(12.608370744226,109.50330741606,2.5));
#764 = VECTOR('',#765,1.);
#765 = DIRECTION('',(9.65411325761E-17,-1.,0.));
#766 = ORIENTED_EDGE('',*,*,#767,.F.);
#767 = EDGE_CURVE('',#768,#760,#770,.T.);
#768 = VERTEX_POINT('',#769);
#769 = CARTESIAN_POINT('',(14.408370744226,123.08396359261,2.5));
#770 = CIRCLE('',#771,1.8);
#771 = AXIS2_PLACEMENT_3D('',#772,#773,#774);
#772 = CARTESIAN_POINT('',(14.408370744226,121.28396359261,2.5));
#773 = DIRECTION('',(0.,0.,1.));
#774 = DIRECTION('',(-1.,-2.22044604925E-15,0.));
#775 = ORIENTED_EDGE('',*,*,#776,.F.);
#776 = EDGE_CURVE('',#777,#768,#779,.T.);
#777 = VERTEX_POINT('',#778);
#778 = CARTESIAN_POINT('',(15.908370744226,123.08396359261,2.5));
#779 = LINE('',#780,#781);
#780 = CARTESIAN_POINT('',(22.398101197588,123.08396359261,2.5));
#781 = VECTOR('',#782,1.);
#782 = DIRECTION('',(-1.,0.,0.));
#783 = ORIENTED_EDGE('',*,*,#784,.F.);
#784 = EDGE_CURVE('',#785,#777,#787,.T.);
#785 = VERTEX_POINT('',#786);
#786 = CARTESIAN_POINT('',(17.708370744226,121.28396359261,2.5));
#787 = CIRCLE('',#788,1.8);
#788 = AXIS2_PLACEMENT_3D('',#789,#790,#791);
#789 = CARTESIAN_POINT('',(15.908370744226,121.28396359261,2.5));
#790 = DIRECTION('',(0.,0.,1.));
#791 = DIRECTION('',(-2.22044604925E-15,1.,0.));
#792 = ORIENTED_EDGE('',*,*,#793,.F.);
#793 = EDGE_CURVE('',#794,#785,#796,.T.);
#794 = VERTEX_POINT('',#795);
#795 = CARTESIAN_POINT('',(17.708370744226,98.283963592619,2.5));
#796 = LINE('',#797,#798);
#797 = CARTESIAN_POINT('',(17.708370744226,98.003307416061,2.5));
#798 = VECTOR('',#799,1.);
#799 = DIRECTION('',(0.,1.,0.));
#800 = ORIENTED_EDGE('',*,*,#801,.F.);
#801 = EDGE_CURVE('',#743,#794,#802,.T.);
#802 = CIRCLE('',#803,1.8);
#803 = AXIS2_PLACEMENT_3D('',#804,#805,#806);
#804 = CARTESIAN_POINT('',(15.908370744226,98.283963592619,2.5));
#805 = DIRECTION('',(0.,0.,1.));
#806 = DIRECTION('',(1.,2.22044604925E-15,-0.));
#807 = FACE_BOUND('',#808,.T.);
#808 = EDGE_LOOP('',(#809));
#809 = ORIENTED_EDGE('',*,*,#810,.F.);
#810 = EDGE_CURVE('',#811,#811,#813,.T.);
#811 = VERTEX_POINT('',#812);
#812 = CARTESIAN_POINT('',(25.887831650951,78.714405742055,2.5));
#813 = CIRCLE('',#814,3.);
#814 = AXIS2_PLACEMENT_3D('',#815,#816,#817);
#815 = CARTESIAN_POINT('',(28.887831650951,78.714405742055,2.5));
#816 = DIRECTION('',(0.,0.,1.));
#817 = DIRECTION('',(1.,0.,-0.));
#818 = FACE_BOUND('',#819,.T.);
#819 = EDGE_LOOP('',(#820));
#820 = ORIENTED_EDGE('',*,*,#821,.F.);
#821 = EDGE_CURVE('',#822,#822,#824,.T.);
#822 = VERTEX_POINT('',#823);
#823 = CARTESIAN_POINT('',(49.614298155575,68.607661880682,2.5));
#824 = CIRCLE('',#825,3.);
#825 = AXIS2_PLACEMENT_3D('',#826,#827,#828);
#826 = CARTESIAN_POINT('',(52.614298155575,68.607661880682,2.5));
#827 = DIRECTION('',(0.,0.,1.));
#828 = DIRECTION('',(1.,0.,-0.));
#829 = FACE_BOUND('',#830,.T.);
#830 = EDGE_LOOP('',(#831));
#831 = ORIENTED_EDGE('',*,*,#832,.F.);
#832 = EDGE_CURVE('',#833,#833,#835,.T.);
#833 = VERTEX_POINT('',#834);
#834 = CARTESIAN_POINT('',(11.477115027577,5.791563325877,2.5));
#835 = CIRCLE('',#836,3.);
#836 = AXIS2_PLACEMENT_3D('',#837,#838,#839);
#837 = CARTESIAN_POINT('',(14.477115027577,5.791563325877,2.5));
#838 = DIRECTION('',(0.,0.,1.));
#839 = DIRECTION('',(1.,0.,-0.));
#840 = FACE_BOUND('',#841,.T.);
#841 = EDGE_LOOP('',(#842,#852,#861,#869,#878,#886,#895,#903,#911,#920,
    #928,#937,#945,#953));
#842 = ORIENTED_EDGE('',*,*,#843,.T.);
#843 = EDGE_CURVE('',#844,#846,#848,.T.);
#844 = VERTEX_POINT('',#845);
#845 = CARTESIAN_POINT('',(27.103407043636,143.39612533838,2.5));
#846 = VERTEX_POINT('',#847);
#847 = CARTESIAN_POINT('',(30.56058977278,143.39612533838,2.5));
#848 = LINE('',#849,#850);
#849 = CARTESIAN_POINT('',(27.995619347294,143.39612533838,2.5));
#850 = VECTOR('',#851,1.);
#851 = DIRECTION('',(1.,0.,0.));
#852 = ORIENTED_EDGE('',*,*,#853,.T.);
#853 = EDGE_CURVE('',#846,#854,#856,.T.);
#854 = VERTEX_POINT('',#855);
#855 = CARTESIAN_POINT('',(33.444613582452,140.51210152871,2.5));
#856 = CIRCLE('',#857,2.884023809672);
#857 = AXIS2_PLACEMENT_3D('',#858,#859,#860);
#858 = CARTESIAN_POINT('',(30.56058977278,140.51210152871,2.5));
#859 = DIRECTION('',(0.,0.,-1.));
#860 = DIRECTION('',(1.,0.,0.));
#861 = ORIENTED_EDGE('',*,*,#862,.T.);
#862 = EDGE_CURVE('',#854,#863,#865,.T.);
#863 = VERTEX_POINT('',#864);
#864 = CARTESIAN_POINT('',(33.444613582452,135.31457974816,2.5));
#865 = LINE('',#866,#867);
#866 = CARTESIAN_POINT('',(33.444613582452,119.1173763841,2.5));
#867 = VECTOR('',#868,1.);
#868 = DIRECTION('',(0.,-1.,0.));
#869 = ORIENTED_EDGE('',*,*,#870,.T.);
#870 = EDGE_CURVE('',#863,#871,#873,.T.);
#871 = VERTEX_POINT('',#872);
#872 = CARTESIAN_POINT('',(30.56058977278,132.43055593849,2.5));
#873 = CIRCLE('',#874,2.884023809672);
#874 = AXIS2_PLACEMENT_3D('',#875,#876,#877);
#875 = CARTESIAN_POINT('',(30.56058977278,135.31457974816,2.5));
#876 = DIRECTION('',(0.,0.,-1.));
#877 = DIRECTION('',(-1.924781308847E-16,-1.,-0.));
#878 = ORIENTED_EDGE('',*,*,#879,.T.);
#879 = EDGE_CURVE('',#871,#880,#882,.T.);
#880 = VERTEX_POINT('',#881);
#881 = CARTESIAN_POINT('',(28.738405863987,132.43055593849,2.5));
#882 = LINE('',#883,#884);
#883 = CARTESIAN_POINT('',(29.724210711867,132.43055593849,2.5));
#884 = VECTOR('',#885,1.);
#885 = DIRECTION('',(-1.,9.748504697186E-14,0.));
#886 = ORIENTED_EDGE('',*,*,#887,.T.);
#887 = EDGE_CURVE('',#880,#888,#890,.T.);
#888 = VERTEX_POINT('',#889);
#889 = CARTESIAN_POINT('',(27.584796340121,133.58416546235,2.5));
#890 = CIRCLE('',#891,1.153609523868);
#891 = AXIS2_PLACEMENT_3D('',#892,#893,#894);
#892 = CARTESIAN_POINT('',(28.738405863989,133.58416546236,2.5));
#893 = DIRECTION('',(0.,0.,-1.));
#894 = DIRECTION('',(-1.,-4.338457070145E-12,-0.));
#895 = ORIENTED_EDGE('',*,*,#896,.T.);
#896 = EDGE_CURVE('',#888,#897,#899,.T.);
#897 = VERTEX_POINT('',#898);
#898 = CARTESIAN_POINT('',(27.584796340085,141.08890629065,2.5));
#899 = LINE('',#900,#901);
#900 = CARTESIAN_POINT('',(27.584796340208,115.65340835092,2.5));
#901 = VECTOR('',#902,1.);
#902 = DIRECTION('',(-4.847574207193E-12,1.,0.));
#903 = ORIENTED_EDGE('',*,*,#904,.T.);
#904 = EDGE_CURVE('',#897,#905,#907,.T.);
#905 = VERTEX_POINT('',#906);
#906 = CARTESIAN_POINT('',(27.103407043636,141.08890629065,2.5));
#907 = LINE('',#908,#909);
#908 = CARTESIAN_POINT('',(28.236313995433,141.08890629065,2.5));
#909 = VECTOR('',#910,1.);
#910 = DIRECTION('',(-1.,-3.920691955112E-12,0.));
#911 = ORIENTED_EDGE('',*,*,#912,.T.);
#912 = EDGE_CURVE('',#905,#913,#915,.T.);
#913 = VERTEX_POINT('',#914);
#914 = CARTESIAN_POINT('',(26.526602281702,140.51210152871,2.5));
#915 = CIRCLE('',#916,0.576804761934);
#916 = AXIS2_PLACEMENT_3D('',#917,#918,#919);
#917 = CARTESIAN_POINT('',(27.103407043636,140.51210152871,2.5));
#918 = DIRECTION('',(0.,-0.,1.));
#919 = DIRECTION('',(0.,1.,0.));
#920 = ORIENTED_EDGE('',*,*,#921,.T.);
#921 = EDGE_CURVE('',#913,#922,#924,.T.);
#922 = VERTEX_POINT('',#923);
#923 = CARTESIAN_POINT('',(26.526602281701,135.8435791157,2.5));
#924 = LINE('',#925,#926);
#925 = CARTESIAN_POINT('',(26.5266022817,119.1173763841,2.5));
#926 = VECTOR('',#927,1.);
#927 = DIRECTION('',(-1.091549580834E-13,-1.,0.));
#928 = ORIENTED_EDGE('',*,*,#929,.T.);
#929 = EDGE_CURVE('',#922,#930,#932,.T.);
#930 = VERTEX_POINT('',#931);
#931 = CARTESIAN_POINT('',(24.25609691914,135.8435791157,2.5));
#932 = CIRCLE('',#933,1.135252681281);
#933 = AXIS2_PLACEMENT_3D('',#934,#935,#936);
#934 = CARTESIAN_POINT('',(25.391349600421,135.8435791157,2.5));
#935 = DIRECTION('',(0.,0.,-1.));
#936 = DIRECTION('',(-1.,0.,0.));
#937 = ORIENTED_EDGE('',*,*,#938,.T.);
#938 = EDGE_CURVE('',#930,#939,#941,.T.);
#939 = VERTEX_POINT('',#940);
#940 = CARTESIAN_POINT('',(24.219383233965,135.8435791157,2.5));
#941 = LINE('',#942,#943);
#942 = CARTESIAN_POINT('',(26.571964285045,135.8435791157,2.5));
#943 = VECTOR('',#944,1.);
#944 = DIRECTION('',(-1.,0.,0.));
#945 = ORIENTED_EDGE('',*,*,#946,.T.);
#946 = EDGE_CURVE('',#939,#947,#949,.T.);
#947 = VERTEX_POINT('',#948);
#948 = CARTESIAN_POINT('',(24.219383233964,140.51210152871,2.5));
#949 = LINE('',#950,#951);
#950 = CARTESIAN_POINT('',(24.21938323397,116.7831151776,2.5));
#951 = VECTOR('',#952,1.);
#952 = DIRECTION('',(-2.335297796032E-13,1.,0.));
#953 = ORIENTED_EDGE('',*,*,#954,.T.);
#954 = EDGE_CURVE('',#947,#844,#955,.T.);
#955 = CIRCLE('',#956,2.884023809672);
#956 = AXIS2_PLACEMENT_3D('',#957,#958,#959);
#957 = CARTESIAN_POINT('',(27.103407043636,140.51210152871,2.5));
#958 = DIRECTION('',(0.,0.,-1.));
#959 = DIRECTION('',(9.623906544235E-17,1.,0.));
#960 = FACE_BOUND('',#961,.T.);
#961 = EDGE_LOOP('',(#962,#972,#981,#989,#998,#1006,#1015,#1023));
#962 = ORIENTED_EDGE('',*,*,#963,.T.);
#963 = EDGE_CURVE('',#964,#966,#968,.T.);
#964 = VERTEX_POINT('',#965);
#965 = CARTESIAN_POINT('',(27.733226458156,99.114892612179,2.5));
#966 = VERTEX_POINT('',#967);
#967 = CARTESIAN_POINT('',(29.896244315411,99.114892612179,2.5));
#968 = LINE('',#969,#970);
#969 = CARTESIAN_POINT('',(28.310529054554,99.114892612179,2.5));
#970 = VECTOR('',#971,1.);
#971 = DIRECTION('',(1.,0.,0.));
#972 = ORIENTED_EDGE('',*,*,#973,.T.);
#973 = EDGE_CURVE('',#966,#974,#976,.T.);
#974 = VERTEX_POINT('',#975);
#975 = CARTESIAN_POINT('',(31.338256220246,97.672880707343,2.5));
#976 = CIRCLE('',#977,1.442011904836);
#977 = AXIS2_PLACEMENT_3D('',#978,#979,#980);
#978 = CARTESIAN_POINT('',(29.89624431541,97.672880707343,2.5));
#979 = DIRECTION('',(0.,0.,-1.));
#980 = DIRECTION('',(1.58601979849E-13,1.,0.));
#981 = ORIENTED_EDGE('',*,*,#982,.T.);
#982 = EDGE_CURVE('',#974,#983,#985,.T.);
#983 = VERTEX_POINT('',#984);
#984 = CARTESIAN_POINT('',(31.338256220246,90.087249251389,2.5));
#985 = LINE('',#986,#987);
#986 = CARTESIAN_POINT('',(31.338256220246,97.697765973422,2.5));
#987 = VECTOR('',#988,1.);
#988 = DIRECTION('',(-3.658967058549E-17,-1.,0.));
#989 = ORIENTED_EDGE('',*,*,#990,.T.);
#990 = EDGE_CURVE('',#983,#991,#993,.T.);
#991 = VERTEX_POINT('',#992);
#992 = CARTESIAN_POINT('',(29.896244315411,88.645237346553,2.5));
#993 = CIRCLE('',#994,1.442011904836);
#994 = AXIS2_PLACEMENT_3D('',#995,#996,#997);
#995 = CARTESIAN_POINT('',(29.89624431541,90.087249251389,2.5));
#996 = DIRECTION('',(0.,0.,-1.));
#997 = DIRECTION('',(1.,3.125844845567E-13,0.));
#998 = ORIENTED_EDGE('',*,*,#999,.T.);
#999 = EDGE_CURVE('',#991,#1000,#1002,.T.);
#1000 = VERTEX_POINT('',#1001);
#1001 = CARTESIAN_POINT('',(27.733226458156,88.645237346553,2.5));
#1002 = LINE('',#1003,#1004);
#1003 = CARTESIAN_POINT('',(29.392037983181,88.645237346553,2.5));
#1004 = VECTOR('',#1005,1.);
#1005 = DIRECTION('',(-1.,0.,0.));
#1006 = ORIENTED_EDGE('',*,*,#1007,.T.);
#1007 = EDGE_CURVE('',#1000,#1008,#1010,.T.);
#1008 = VERTEX_POINT('',#1009);
#1009 = CARTESIAN_POINT('',(26.291214553321,90.087249251389,2.5));
#1010 = CIRCLE('',#1011,1.442011904836);
#1011 = AXIS2_PLACEMENT_3D('',#1012,#1013,#1014);
#1012 = CARTESIAN_POINT('',(27.733226458157,90.087249251389,2.5));
#1013 = DIRECTION('',(0.,0.,-1.));
#1014 = DIRECTION('',(-3.198024144649E-13,-1.,-0.));
#1015 = ORIENTED_EDGE('',*,*,#1016,.T.);
#1016 = EDGE_CURVE('',#1008,#1017,#1019,.T.);
#1017 = VERTEX_POINT('',#1018);
#1018 = CARTESIAN_POINT('',(26.291214553321,97.672880707343,2.5));
#1019 = LINE('',#1020,#1021);
#1020 = CARTESIAN_POINT('',(26.291214553321,93.904950245446,2.5));
#1021 = VECTOR('',#1022,1.);
#1022 = DIRECTION('',(2.19538023513E-16,1.,0.));
#1023 = ORIENTED_EDGE('',*,*,#1024,.T.);
#1024 = EDGE_CURVE('',#1017,#964,#1025,.T.);
#1025 = CIRCLE('',#1026,1.442011904836);
#1026 = AXIS2_PLACEMENT_3D('',#1027,#1028,#1029);
#1027 = CARTESIAN_POINT('',(27.733226458157,97.672880707343,2.5));
#1028 = DIRECTION('',(0.,0.,-1.));
#1029 = DIRECTION('',(-1.,-1.601418048961E-13,-0.));
#1030 = FACE_BOUND('',#1031,.T.);
#1031 = EDGE_LOOP('',(#1032,#1043,#1051,#1060,#1069,#1078,#1087,#1096,
    #1105,#1114));
#1032 = ORIENTED_EDGE('',*,*,#1033,.T.);
#1033 = EDGE_CURVE('',#1034,#1036,#1038,.T.);
#1034 = VERTEX_POINT('',#1035);
#1035 = CARTESIAN_POINT('',(34.534968868738,147.97120849697,2.5));
#1036 = VERTEX_POINT('',#1037);
#1037 = CARTESIAN_POINT('',(34.534968868738,145.66398944924,2.5));
#1038 = CIRCLE('',#1039,1.153609523868);
#1039 = AXIS2_PLACEMENT_3D('',#1040,#1041,#1042);
#1040 = CARTESIAN_POINT('',(34.534968868738,146.81759897311,2.5));
#1041 = DIRECTION('',(0.,0.,-1.));
#1042 = DIRECTION('',(0.,-1.,0.));
#1043 = ORIENTED_EDGE('',*,*,#1044,.T.);
#1044 = EDGE_CURVE('',#1036,#1045,#1047,.T.);
#1045 = VERTEX_POINT('',#1046);
#1046 = CARTESIAN_POINT('',(27.022644553046,145.66398944924,2.5));
#1047 = LINE('',#1048,#1049);
#1048 = CARTESIAN_POINT('',(31.711400259845,145.66398944924,2.5));
#1049 = VECTOR('',#1050,1.);
#1050 = DIRECTION('',(-1.,0.,0.));
#1051 = ORIENTED_EDGE('',*,*,#1052,.T.);
#1052 = EDGE_CURVE('',#1045,#1053,#1055,.T.);
#1053 = VERTEX_POINT('',#1054);
#1054 = CARTESIAN_POINT('',(24.941475062325,146.74921466605,2.5));
#1055 = CIRCLE('',#1056,2.538173705772);
#1056 = AXIS2_PLACEMENT_3D('',#1057,#1058,#1059);
#1057 = CARTESIAN_POINT('',(27.022644553048,148.20216315501,2.5));
#1058 = DIRECTION('',(0.,0.,-1.));
#1059 = DIRECTION('',(-7.703886844601E-13,-1.,-0.));
#1060 = ORIENTED_EDGE('',*,*,#1061,.T.);
#1061 = EDGE_CURVE('',#1053,#1062,#1064,.T.);
#1062 = VERTEX_POINT('',#1063);
#1063 = CARTESIAN_POINT('',(24.4286874674,148.01961023412,2.5));
#1064 = CIRCLE('',#1065,3.059116054027);
#1065 = AXIS2_PLACEMENT_3D('',#1066,#1067,#1068);
#1066 = CARTESIAN_POINT('',(27.44978999197,148.50037064018,2.5));
#1067 = DIRECTION('',(0.,0.,-1.));
#1068 = DIRECTION('',(-0.819947620602,-0.572438555191,-0.));
#1069 = ORIENTED_EDGE('',*,*,#1070,.T.);
#1070 = EDGE_CURVE('',#1062,#1071,#1073,.T.);
#1071 = VERTEX_POINT('',#1072);
#1072 = CARTESIAN_POINT('',(24.213161656557,150.59382927828,2.5));
#1073 = CIRCLE('',#1074,17.404216433781);
#1074 = AXIS2_PLACEMENT_3D('',#1075,#1076,#1077);
#1075 = CARTESIAN_POINT('',(41.616633683772,150.75479844281,2.5));
#1076 = DIRECTION('',(0.,0.,-1.));
#1077 = DIRECTION('',(-0.987573688351,-0.157156641846,-0.));
#1078 = ORIENTED_EDGE('',*,*,#1079,.T.);
#1079 = EDGE_CURVE('',#1071,#1080,#1082,.T.);
#1080 = VERTEX_POINT('',#1081);
#1081 = CARTESIAN_POINT('',(26.520282020796,150.61516842468,2.5));
#1082 = CIRCLE('',#1083,1.15360952387);
#1083 = AXIS2_PLACEMENT_3D('',#1084,#1085,#1086);
#1084 = CARTESIAN_POINT('',(25.366721838676,150.60449885148,2.5));
#1085 = DIRECTION('',(0.,0.,-1.));
#1086 = DIRECTION('',(0.999957228378,9.248860192397E-03,0.));
#1087 = ORIENTED_EDGE('',*,*,#1088,.T.);
#1088 = EDGE_CURVE('',#1080,#1089,#1091,.T.);
#1089 = VERTEX_POINT('',#1090);
#1090 = CARTESIAN_POINT('',(26.707236292204,148.38220503167,2.5));
#1091 = CIRCLE('',#1092,15.096997386006);
#1092 = AXIS2_PLACEMENT_3D('',#1093,#1094,#1095);
#1093 = CARTESIAN_POINT('',(41.616633683735,150.75479844279,2.5));
#1094 = DIRECTION('',(0.,0.,1.));
#1095 = DIRECTION('',(-0.987573688351,-0.157156641845,0.));
#1096 = ORIENTED_EDGE('',*,*,#1097,.T.);
#1097 = EDGE_CURVE('',#1089,#1098,#1100,.T.);
#1098 = VERTEX_POINT('',#1099);
#1099 = CARTESIAN_POINT('',(26.833273830725,148.06995580425,2.5));
#1100 = CIRCLE('',#1101,0.751897006293);
#1101 = AXIS2_PLACEMENT_3D('',#1102,#1103,#1104);
#1102 = CARTESIAN_POINT('',(27.449789991969,148.50037064019,2.5));
#1103 = DIRECTION('',(0.,0.,1.));
#1104 = DIRECTION('',(-0.819947620596,-0.572438555199,0.));
#1105 = ORIENTED_EDGE('',*,*,#1106,.T.);
#1106 = EDGE_CURVE('',#1098,#1107,#1109,.T.);
#1107 = VERTEX_POINT('',#1108);
#1108 = CARTESIAN_POINT('',(27.022644553046,147.97120849697,2.5));
#1109 = CIRCLE('',#1110,0.230954658034);
#1110 = AXIS2_PLACEMENT_3D('',#1111,#1112,#1113);
#1111 = CARTESIAN_POINT('',(27.022644553049,148.20216315501,2.5));
#1112 = DIRECTION('',(0.,0.,1.));
#1113 = DIRECTION('',(-1.330245811473E-11,-1.,0.));
#1114 = ORIENTED_EDGE('',*,*,#1115,.T.);
#1115 = EDGE_CURVE('',#1107,#1034,#1116,.T.);
#1116 = LINE('',#1117,#1118);
#1117 = CARTESIAN_POINT('',(27.955238101998,147.97120849697,2.5));
#1118 = VECTOR('',#1119,1.);
#1119 = DIRECTION('',(1.,0.,0.));
#1120 = FACE_BOUND('',#1121,.T.);
#1121 = EDGE_LOOP('',(#1122,#1132,#1141,#1149,#1157,#1166,#1174,#1183,
    #1191,#1199));
#1122 = ORIENTED_EDGE('',*,*,#1123,.T.);
#1123 = EDGE_CURVE('',#1124,#1126,#1128,.T.);
#1124 = VERTEX_POINT('',#1125);
#1125 = CARTESIAN_POINT('',(24.512914190091,130.18494585151,2.5));
#1126 = VERTEX_POINT('',#1127);
#1127 = CARTESIAN_POINT('',(33.262749111811,130.18494585152,2.5));
#1128 = LINE('',#1129,#1130);
#1129 = CARTESIAN_POINT('',(26.700372920521,130.18494585151,2.5));
#1130 = VECTOR('',#1131,1.);
#1131 = DIRECTION('',(1.,0.,0.));
#1132 = ORIENTED_EDGE('',*,*,#1133,.T.);
#1133 = EDGE_CURVE('',#1126,#1134,#1136,.T.);
#1134 = VERTEX_POINT('',#1135);
#1135 = CARTESIAN_POINT('',(34.138201731104,128.28007229621,2.5));
#1136 = CIRCLE('',#1137,1.15360952387);
#1137 = AXIS2_PLACEMENT_3D('',#1138,#1139,#1140);
#1138 = CARTESIAN_POINT('',(33.262749111811,129.03133632765,2.5));
#1139 = DIRECTION('',(0.,0.,-1.));
#1140 = DIRECTION('',(0.758881234229,-0.65122904752,0.));
#1141 = ORIENTED_EDGE('',*,*,#1142,.T.);
#1142 = EDGE_CURVE('',#1134,#1143,#1145,.T.);
#1143 = VERTEX_POINT('',#1144);
#1144 = CARTESIAN_POINT('',(27.023021792425,119.98870913577,2.5));
#1145 = LINE('',#1146,#1147);
#1146 = CARTESIAN_POINT('',(25.47403983868,118.18367089104,2.5));
#1147 = VECTOR('',#1148,1.);
#1148 = DIRECTION('',(-0.651229047521,-0.758881234229,0.));
#1149 = ORIENTED_EDGE('',*,*,#1150,.T.);
#1150 = EDGE_CURVE('',#1143,#1151,#1153,.T.);
#1151 = VERTEX_POINT('',#1152);
#1152 = CARTESIAN_POINT('',(33.262749111811,119.98870913577,2.5));
#1153 = LINE('',#1154,#1155);
#1154 = CARTESIAN_POINT('',(27.955426721679,119.98870913577,2.5));
#1155 = VECTOR('',#1156,1.);
#1156 = DIRECTION('',(1.,8.013883054435E-13,0.));
#1157 = ORIENTED_EDGE('',*,*,#1158,.T.);
#1158 = EDGE_CURVE('',#1151,#1159,#1161,.T.);
#1159 = VERTEX_POINT('',#1160);
#1160 = CARTESIAN_POINT('',(33.262749111811,117.68149008804,2.5));
#1161 = CIRCLE('',#1162,1.153609523868);
#1162 = AXIS2_PLACEMENT_3D('',#1163,#1164,#1165);
#1163 = CARTESIAN_POINT('',(33.262749111811,118.83509961191,2.5));
#1164 = DIRECTION('',(0.,0.,-1.));
#1165 = DIRECTION('',(0.,-1.,0.));
#1166 = ORIENTED_EDGE('',*,*,#1167,.T.);
#1167 = EDGE_CURVE('',#1159,#1168,#1170,.T.);
#1168 = VERTEX_POINT('',#1169);
#1169 = CARTESIAN_POINT('',(24.512914190091,117.68149008803,2.5));
#1170 = LINE('',#1171,#1172);
#1171 = CARTESIAN_POINT('',(31.075290381369,117.68149008804,2.5));
#1172 = VECTOR('',#1173,1.);
#1173 = DIRECTION('',(-1.,-1.195383822503E-12,0.));
#1174 = ORIENTED_EDGE('',*,*,#1175,.T.);
#1175 = EDGE_CURVE('',#1168,#1176,#1178,.T.);
#1176 = VERTEX_POINT('',#1177);
#1177 = CARTESIAN_POINT('',(23.637461570801,119.58636364334,2.5));
#1178 = CIRCLE('',#1179,1.153609523868);
#1179 = AXIS2_PLACEMENT_3D('',#1180,#1181,#1182);
#1180 = CARTESIAN_POINT('',(24.512914190087,118.8350996119,2.5));
#1181 = DIRECTION('',(0.,0.,-1.));
#1182 = DIRECTION('',(-0.758881234225,0.651229047526,0.));
#1183 = ORIENTED_EDGE('',*,*,#1184,.T.);
#1184 = EDGE_CURVE('',#1176,#1185,#1187,.T.);
#1185 = VERTEX_POINT('',#1186);
#1186 = CARTESIAN_POINT('',(30.752641509473,127.87772680378,2.5));
#1187 = LINE('',#1188,#1189);
#1188 = CARTESIAN_POINT('',(19.348217139237,114.58808059604,2.5));
#1189 = VECTOR('',#1190,1.);
#1190 = DIRECTION('',(0.651229047521,0.758881234229,0.));
#1191 = ORIENTED_EDGE('',*,*,#1192,.T.);
#1192 = EDGE_CURVE('',#1185,#1193,#1195,.T.);
#1193 = VERTEX_POINT('',#1194);
#1194 = CARTESIAN_POINT('',(24.512914190091,127.87772680378,2.5));
#1195 = LINE('',#1196,#1197);
#1196 = CARTESIAN_POINT('',(29.820236580212,127.87772680378,2.5));
#1197 = VECTOR('',#1198,1.);
#1198 = DIRECTION('',(-1.,0.,0.));
#1199 = ORIENTED_EDGE('',*,*,#1200,.T.);
#1200 = EDGE_CURVE('',#1193,#1124,#1201,.T.);
#1201 = CIRCLE('',#1202,1.153609523868);
#1202 = AXIS2_PLACEMENT_3D('',#1203,#1204,#1205);
#1203 = CARTESIAN_POINT('',(24.512914190091,129.03133632765,2.5));
#1204 = DIRECTION('',(0.,0.,-1.));
#1205 = DIRECTION('',(0.,1.,0.));
#1206 = FACE_BOUND('',#1207,.T.);
#1207 = EDGE_LOOP('',(#1208,#1218,#1227,#1235,#1244,#1252,#1261,#1269));
#1208 = ORIENTED_EDGE('',*,*,#1209,.T.);
#1209 = EDGE_CURVE('',#1210,#1212,#1214,.T.);
#1210 = VERTEX_POINT('',#1211);
#1211 = CARTESIAN_POINT('',(27.068881000792,115.17777603226,2.5));
#1212 = VERTEX_POINT('',#1213);
#1213 = CARTESIAN_POINT('',(30.560589772776,115.17777603226,2.5));
#1214 = LINE('',#1215,#1216);
#1215 = CARTESIAN_POINT('',(27.978356325872,115.17777603226,2.5));
#1216 = VECTOR('',#1217,1.);
#1217 = DIRECTION('',(1.,-7.821811092871E-14,0.));
#1218 = ORIENTED_EDGE('',*,*,#1219,.T.);
#1219 = EDGE_CURVE('',#1212,#1220,#1222,.T.);
#1220 = VERTEX_POINT('',#1221);
#1221 = CARTESIAN_POINT('',(33.444613582447,112.29375222259,2.5));
#1222 = CIRCLE('',#1223,2.884023809671);
#1223 = AXIS2_PLACEMENT_3D('',#1224,#1225,#1226);
#1224 = CARTESIAN_POINT('',(30.560589772776,112.29375222259,2.5));
#1225 = DIRECTION('',(0.,0.,-1.));
#1226 = DIRECTION('',(1.,0.,0.));
#1227 = ORIENTED_EDGE('',*,*,#1228,.T.);
#1228 = EDGE_CURVE('',#1220,#1229,#1231,.T.);
#1229 = VERTEX_POINT('',#1230);
#1230 = CARTESIAN_POINT('',(33.444613582448,107.27417496264,2.5));
#1231 = LINE('',#1232,#1233);
#1232 = CARTESIAN_POINT('',(33.444613582447,105.00820173104,2.5));
#1233 = VECTOR('',#1234,1.);
#1234 = DIRECTION('',(0.,-1.,0.));
#1235 = ORIENTED_EDGE('',*,*,#1236,.T.);
#1236 = EDGE_CURVE('',#1229,#1237,#1239,.T.);
#1237 = VERTEX_POINT('',#1238);
#1238 = CARTESIAN_POINT('',(30.560589772776,104.39015115297,2.5));
#1239 = CIRCLE('',#1240,2.884023809672);
#1240 = AXIS2_PLACEMENT_3D('',#1241,#1242,#1243);
#1241 = CARTESIAN_POINT('',(30.560589772776,107.27417496264,2.5));
#1242 = DIRECTION('',(0.,0.,-1.));
#1243 = DIRECTION('',(0.,-1.,0.));
#1244 = ORIENTED_EDGE('',*,*,#1245,.T.);
#1245 = EDGE_CURVE('',#1237,#1246,#1248,.T.);
#1246 = VERTEX_POINT('',#1247);
#1247 = CARTESIAN_POINT('',(27.068881000792,104.39015115297,2.5));
#1248 = LINE('',#1249,#1250);
#1249 = CARTESIAN_POINT('',(29.724210711864,104.39015115297,2.5));
#1250 = VECTOR('',#1251,1.);
#1251 = DIRECTION('',(-1.,0.,0.));
#1252 = ORIENTED_EDGE('',*,*,#1253,.T.);
#1253 = EDGE_CURVE('',#1246,#1254,#1256,.T.);
#1254 = VERTEX_POINT('',#1255);
#1255 = CARTESIAN_POINT('',(24.18485719112,107.27417496264,2.5));
#1256 = CIRCLE('',#1257,2.884023809672);
#1257 = AXIS2_PLACEMENT_3D('',#1258,#1259,#1260);
#1258 = CARTESIAN_POINT('',(27.068881000792,107.27417496264,2.5));
#1259 = DIRECTION('',(0.,0.,-1.));
#1260 = DIRECTION('',(-1.,1.924781308847E-16,0.));
#1261 = ORIENTED_EDGE('',*,*,#1262,.T.);
#1262 = EDGE_CURVE('',#1254,#1263,#1265,.T.);
#1263 = VERTEX_POINT('',#1264);
#1264 = CARTESIAN_POINT('',(24.18485719112,112.29375222259,2.5));
#1265 = LINE('',#1266,#1267);
#1266 = CARTESIAN_POINT('',(24.18485719112,102.49841310107,2.5));
#1267 = VECTOR('',#1268,1.);
#1268 = DIRECTION('',(0.,1.,0.));
#1269 = ORIENTED_EDGE('',*,*,#1270,.T.);
#1270 = EDGE_CURVE('',#1263,#1210,#1271,.T.);
#1271 = CIRCLE('',#1272,2.884023809672);
#1272 = AXIS2_PLACEMENT_3D('',#1273,#1274,#1275);
#1273 = CARTESIAN_POINT('',(27.068881000792,112.29375222259,2.5));
#1274 = DIRECTION('',(0.,0.,-1.));
#1275 = DIRECTION('',(9.623906544233E-17,1.,0.));
#1276 = FACE_BOUND('',#1277,.T.);
#1277 = EDGE_LOOP('',(#1278,#1289,#1297,#1306,#1314,#1323,#1331,#1340));
#1278 = ORIENTED_EDGE('',*,*,#1279,.T.);
#1279 = EDGE_CURVE('',#1280,#1282,#1284,.T.);
#1280 = VERTEX_POINT('',#1281);
#1281 = CARTESIAN_POINT('',(31.338256220246,155.94851580125,2.5));
#1282 = VERTEX_POINT('',#1283);
#1283 = CARTESIAN_POINT('',(29.896244315412,154.50650389642,2.5));
#1284 = CIRCLE('',#1285,1.442011904835);
#1285 = AXIS2_PLACEMENT_3D('',#1286,#1287,#1288);
#1286 = CARTESIAN_POINT('',(29.896244315411,155.94851580125,2.5));
#1287 = DIRECTION('',(0.,0.,-1.));
#1288 = DIRECTION('',(1.,9.485322290004E-13,0.));
#1289 = ORIENTED_EDGE('',*,*,#1290,.T.);
#1290 = EDGE_CURVE('',#1282,#1291,#1293,.T.);
#1291 = VERTEX_POINT('',#1292);
#1292 = CARTESIAN_POINT('',(27.733226458156,154.50650389642,2.5));
#1293 = LINE('',#1294,#1295);
#1294 = CARTESIAN_POINT('',(29.392037983182,154.50650389642,2.5));
#1295 = VECTOR('',#1296,1.);
#1296 = DIRECTION('',(-1.,0.,0.));
#1297 = ORIENTED_EDGE('',*,*,#1298,.T.);
#1298 = EDGE_CURVE('',#1291,#1299,#1301,.T.);
#1299 = VERTEX_POINT('',#1300);
#1300 = CARTESIAN_POINT('',(26.291214553323,155.94851580125,2.5));
#1301 = CIRCLE('',#1302,1.442011904835);
#1302 = AXIS2_PLACEMENT_3D('',#1303,#1304,#1305);
#1303 = CARTESIAN_POINT('',(27.733226458158,155.94851580125,2.5));
#1304 = DIRECTION('',(0.,0.,-1.));
#1305 = DIRECTION('',(-9.481472727386E-13,-1.,-0.));
#1306 = ORIENTED_EDGE('',*,*,#1307,.T.);
#1307 = EDGE_CURVE('',#1299,#1308,#1310,.T.);
#1308 = VERTEX_POINT('',#1309);
#1309 = CARTESIAN_POINT('',(26.291214553323,157.39029150311,2.5));
#1310 = LINE('',#1311,#1312);
#1311 = CARTESIAN_POINT('',(26.291214553323,126.83558352038,2.5));
#1312 = VECTOR('',#1313,1.);
#1313 = DIRECTION('',(0.,1.,0.));
#1314 = ORIENTED_EDGE('',*,*,#1315,.T.);
#1315 = EDGE_CURVE('',#1308,#1316,#1318,.T.);
#1316 = VERTEX_POINT('',#1317);
#1317 = CARTESIAN_POINT('',(27.733226458156,158.83230340795,2.5));
#1318 = CIRCLE('',#1319,1.442011904835);
#1319 = AXIS2_PLACEMENT_3D('',#1320,#1321,#1322);
#1320 = CARTESIAN_POINT('',(27.733226458158,157.39029150311,2.5));
#1321 = DIRECTION('',(0.,0.,-1.));
#1322 = DIRECTION('',(-1.,-7.945497242926E-13,-0.));
#1323 = ORIENTED_EDGE('',*,*,#1324,.T.);
#1324 = EDGE_CURVE('',#1316,#1325,#1327,.T.);
#1325 = VERTEX_POINT('',#1326);
#1326 = CARTESIAN_POINT('',(29.896244315412,158.83230340795,2.5));
#1327 = LINE('',#1328,#1329);
#1328 = CARTESIAN_POINT('',(28.310529054554,158.83230340795,2.5));
#1329 = VECTOR('',#1330,1.);
#1330 = DIRECTION('',(1.,0.,0.));
#1331 = ORIENTED_EDGE('',*,*,#1332,.T.);
#1332 = EDGE_CURVE('',#1325,#1333,#1335,.T.);
#1333 = VERTEX_POINT('',#1334);
#1334 = CARTESIAN_POINT('',(31.338256220246,157.39029150311,2.5));
#1335 = CIRCLE('',#1336,1.442011904835);
#1336 = AXIS2_PLACEMENT_3D('',#1337,#1338,#1339);
#1337 = CARTESIAN_POINT('',(29.896244315411,157.39029150311,2.5));
#1338 = DIRECTION('',(0.,0.,-1.));
#1339 = DIRECTION('',(7.904114444786E-13,1.,0.));
#1340 = ORIENTED_EDGE('',*,*,#1341,.T.);
#1341 = EDGE_CURVE('',#1333,#1280,#1342,.T.);
#1342 = LINE('',#1343,#1344);
#1343 = CARTESIAN_POINT('',(31.338256220246,127.55647137131,2.5));
#1344 = VECTOR('',#1345,1.);
#1345 = DIRECTION('',(0.,-1.,0.));
#1346 = FACE_BOUND('',#1347,.T.);
#1347 = EDGE_LOOP('',(#1348,#1358,#1367,#1375,#1384,#1392,#1401,#1409));
#1348 = ORIENTED_EDGE('',*,*,#1349,.T.);
#1349 = EDGE_CURVE('',#1350,#1352,#1354,.T.);
#1350 = VERTEX_POINT('',#1351);
#1351 = CARTESIAN_POINT('',(15.887831633163,179.81246892309,2.5));
#1352 = VERTEX_POINT('',#1353);
#1353 = CARTESIAN_POINT('',(15.887831633163,182.71245203249,2.5));
#1354 = LINE('',#1355,#1356);
#1355 = CARTESIAN_POINT('',(15.887831633163,182.71245203249,2.5));
#1356 = VECTOR('',#1357,1.);
#1357 = DIRECTION('',(4.594053066151E-15,1.,0.));
#1358 = ORIENTED_EDGE('',*,*,#1359,.T.);
#1359 = EDGE_CURVE('',#1352,#1360,#1362,.T.);
#1360 = VERTEX_POINT('',#1361);
#1361 = CARTESIAN_POINT('',(15.887831633163,184.31245203249,2.5));
#1362 = CIRCLE('',#1363,0.8);
#1363 = AXIS2_PLACEMENT_3D('',#1364,#1365,#1366);
#1364 = CARTESIAN_POINT('',(15.887831633163,183.51245203249,2.5));
#1365 = DIRECTION('',(0.,0.,-1.));
#1366 = DIRECTION('',(-8.326672684693E-15,1.,0.));
#1367 = ORIENTED_EDGE('',*,*,#1368,.T.);
#1368 = EDGE_CURVE('',#1360,#1369,#1371,.T.);
#1369 = VERTEX_POINT('',#1370);
#1370 = CARTESIAN_POINT('',(19.007831670897,184.31245203249,2.5));
#1371 = LINE('',#1372,#1373);
#1372 = CARTESIAN_POINT('',(19.007831669913,184.31245203249,2.5));
#1373 = VECTOR('',#1374,1.);
#1374 = DIRECTION('',(1.,0.,0.));
#1375 = ORIENTED_EDGE('',*,*,#1376,.T.);
#1376 = EDGE_CURVE('',#1369,#1377,#1379,.T.);
#1377 = VERTEX_POINT('',#1378);
#1378 = CARTESIAN_POINT('',(19.007831633166,182.71245203249,2.5));
#1379 = CIRCLE('',#1380,0.8);
#1380 = AXIS2_PLACEMENT_3D('',#1381,#1382,#1383);
#1381 = CARTESIAN_POINT('',(19.007831669913,183.51245203249,2.5));
#1382 = DIRECTION('',(0.,0.,-1.));
#1383 = DIRECTION('',(-4.593403990507E-08,-1.,-0.));
#1384 = ORIENTED_EDGE('',*,*,#1385,.T.);
#1385 = EDGE_CURVE('',#1377,#1386,#1388,.T.);
#1386 = VERTEX_POINT('',#1387);
#1387 = CARTESIAN_POINT('',(19.00783163415,179.81246892309,2.5));
#1388 = LINE('',#1389,#1390);
#1389 = CARTESIAN_POINT('',(19.007831633162,179.81246892309,2.5));
#1390 = VECTOR('',#1391,1.);
#1391 = DIRECTION('',(-1.254559324815E-12,-1.,0.));
#1392 = ORIENTED_EDGE('',*,*,#1393,.T.);
#1393 = EDGE_CURVE('',#1386,#1394,#1396,.T.);
#1394 = VERTEX_POINT('',#1395);
#1395 = CARTESIAN_POINT('',(19.007831669913,178.21246892309,2.5));
#1396 = CIRCLE('',#1397,0.8);
#1397 = AXIS2_PLACEMENT_3D('',#1398,#1399,#1400);
#1398 = CARTESIAN_POINT('',(19.007831669913,179.01246892309,2.5));
#1399 = DIRECTION('',(0.,0.,-1.));
#1400 = DIRECTION('',(-6.938893903911E-15,-1.,-0.));
#1401 = ORIENTED_EDGE('',*,*,#1402,.T.);
#1402 = EDGE_CURVE('',#1394,#1403,#1405,.T.);
#1403 = VERTEX_POINT('',#1404);
#1404 = CARTESIAN_POINT('',(15.887831633163,178.21246892309,2.5));
#1405 = LINE('',#1406,#1407);
#1406 = CARTESIAN_POINT('',(15.887831633163,178.21246892309,2.5));
#1407 = VECTOR('',#1408,1.);
#1408 = DIRECTION('',(-1.,0.,0.));
#1409 = ORIENTED_EDGE('',*,*,#1410,.T.);
#1410 = EDGE_CURVE('',#1403,#1350,#1411,.T.);
#1411 = CIRCLE('',#1412,0.8);
#1412 = AXIS2_PLACEMENT_3D('',#1413,#1414,#1415);
#1413 = CARTESIAN_POINT('',(15.887831633163,179.01246892309,2.5));
#1414 = DIRECTION('',(0.,0.,-1.));
#1415 = DIRECTION('',(-8.326672684693E-15,1.,0.));
#1416 = FACE_BOUND('',#1417,.T.);
#1417 = EDGE_LOOP('',(#1418));
#1418 = ORIENTED_EDGE('',*,*,#1419,.T.);
#1419 = EDGE_CURVE('',#1420,#1420,#1422,.T.);
#1420 = VERTEX_POINT('',#1421);
#1421 = CARTESIAN_POINT('',(47.468205379882,183.36458166363,2.5));
#1422 = CIRCLE('',#1423,1.5);
#1423 = AXIS2_PLACEMENT_3D('',#1424,#1425,#1426);
#1424 = CARTESIAN_POINT('',(48.968205379882,183.36458166363,2.5));
#1425 = DIRECTION('',(0.,0.,-1.));
#1426 = DIRECTION('',(1.,0.,0.));
#1427 = FACE_BOUND('',#1428,.T.);
#1428 = EDGE_LOOP('',(#1429));
#1429 = ORIENTED_EDGE('',*,*,#1430,.T.);
#1430 = EDGE_CURVE('',#1431,#1431,#1433,.T.);
#1431 = VERTEX_POINT('',#1432);
#1432 = CARTESIAN_POINT('',(7.307457922019,183.36458166363,2.5));
#1433 = CIRCLE('',#1434,1.5);
#1434 = AXIS2_PLACEMENT_3D('',#1435,#1436,#1437);
#1435 = CARTESIAN_POINT('',(8.807457922019,183.36458166363,2.5));
#1436 = DIRECTION('',(0.,0.,-1.));
#1437 = DIRECTION('',(1.,0.,0.));
#1438 = FACE_BOUND('',#1439,.T.);
#1439 = EDGE_LOOP('',(#1440,#1450,#1459,#1467,#1476,#1484,#1493,#1501));
#1440 = ORIENTED_EDGE('',*,*,#1441,.T.);
#1441 = EDGE_CURVE('',#1442,#1444,#1446,.T.);
#1442 = VERTEX_POINT('',#1443);
#1443 = CARTESIAN_POINT('',(38.767831668738,179.81246892309,2.5));
#1444 = VERTEX_POINT('',#1445);
#1445 = CARTESIAN_POINT('',(38.767831668734,182.71245203249,2.5));
#1446 = LINE('',#1447,#1448);
#1447 = CARTESIAN_POINT('',(38.767831668738,179.81246892309,2.5));
#1448 = VECTOR('',#1449,1.);
#1449 = DIRECTION('',(-1.253410811548E-12,1.,0.));
#1450 = ORIENTED_EDGE('',*,*,#1451,.T.);
#1451 = EDGE_CURVE('',#1444,#1452,#1454,.T.);
#1452 = VERTEX_POINT('',#1453);
#1453 = CARTESIAN_POINT('',(38.767831631003,184.31245203249,2.5));
#1454 = CIRCLE('',#1455,0.8);
#1455 = AXIS2_PLACEMENT_3D('',#1456,#1457,#1458);
#1456 = CARTESIAN_POINT('',(38.767831631987,183.51245203249,2.5));
#1457 = DIRECTION('',(0.,0.,-1.));
#1458 = DIRECTION('',(4.593402880283E-08,-1.,0.));
#1459 = ORIENTED_EDGE('',*,*,#1460,.T.);
#1460 = EDGE_CURVE('',#1452,#1461,#1463,.T.);
#1461 = VERTEX_POINT('',#1462);
#1462 = CARTESIAN_POINT('',(41.887831668737,184.31245203249,2.5));
#1463 = LINE('',#1464,#1465);
#1464 = CARTESIAN_POINT('',(38.767831631987,184.31245203249,2.5));
#1465 = VECTOR('',#1466,1.);
#1466 = DIRECTION('',(1.,-1.480297348731E-13,0.));
#1467 = ORIENTED_EDGE('',*,*,#1468,.T.);
#1468 = EDGE_CURVE('',#1461,#1469,#1471,.T.);
#1469 = VERTEX_POINT('',#1470);
#1470 = CARTESIAN_POINT('',(41.887831668737,182.71245203249,2.5));
#1471 = CIRCLE('',#1472,0.8);
#1472 = AXIS2_PLACEMENT_3D('',#1473,#1474,#1475);
#1473 = CARTESIAN_POINT('',(41.887831668737,183.51245203249,2.5));
#1474 = DIRECTION('',(0.,0.,-1.));
#1475 = DIRECTION('',(0.,1.,0.));
#1476 = ORIENTED_EDGE('',*,*,#1477,.T.);
#1477 = EDGE_CURVE('',#1469,#1478,#1480,.T.);
#1478 = VERTEX_POINT('',#1479);
#1479 = CARTESIAN_POINT('',(41.887831668737,179.81246892309,2.5));
#1480 = LINE('',#1481,#1482);
#1481 = CARTESIAN_POINT('',(41.887831668737,182.71245203249,2.5));
#1482 = VECTOR('',#1483,1.);
#1483 = DIRECTION('',(0.,-1.,0.));
#1484 = ORIENTED_EDGE('',*,*,#1485,.T.);
#1485 = EDGE_CURVE('',#1478,#1486,#1488,.T.);
#1486 = VERTEX_POINT('',#1487);
#1487 = CARTESIAN_POINT('',(41.887831668737,178.21246892309,2.5));
#1488 = CIRCLE('',#1489,0.8);
#1489 = AXIS2_PLACEMENT_3D('',#1490,#1491,#1492);
#1490 = CARTESIAN_POINT('',(41.887831668737,179.01246892309,2.5));
#1491 = DIRECTION('',(0.,0.,-1.));
#1492 = DIRECTION('',(5.551115123128E-15,1.,0.));
#1493 = ORIENTED_EDGE('',*,*,#1494,.T.);
#1494 = EDGE_CURVE('',#1486,#1495,#1497,.T.);
#1495 = VERTEX_POINT('',#1496);
#1496 = CARTESIAN_POINT('',(38.767831631987,178.21246892309,2.5));
#1497 = LINE('',#1498,#1499);
#1498 = CARTESIAN_POINT('',(41.887831668737,178.21246892309,2.5));
#1499 = VECTOR('',#1500,1.);
#1500 = DIRECTION('',(-1.,7.11681417659E-14,0.));
#1501 = ORIENTED_EDGE('',*,*,#1502,.T.);
#1502 = EDGE_CURVE('',#1495,#1442,#1503,.T.);
#1503 = CIRCLE('',#1504,0.8);
#1504 = AXIS2_PLACEMENT_3D('',#1505,#1506,#1507);
#1505 = CARTESIAN_POINT('',(38.767831631987,179.01246892309,2.5));
#1506 = DIRECTION('',(0.,0.,-1.));
#1507 = DIRECTION('',(-1.387778780782E-15,-1.,-0.));
#1508 = FACE_BOUND('',#1509,.T.);
#1509 = EDGE_LOOP('',(#1510));
#1510 = ORIENTED_EDGE('',*,*,#1511,.F.);
#1511 = EDGE_CURVE('',#1512,#1512,#1514,.T.);
#1512 = VERTEX_POINT('',#1513);
#1513 = CARTESIAN_POINT('',(40.298548274324,5.791563325877,2.5));
#1514 = CIRCLE('',#1515,3.);
#1515 = AXIS2_PLACEMENT_3D('',#1516,#1517,#1518);
#1516 = CARTESIAN_POINT('',(43.298548274324,5.791563325877,2.5));
#1517 = DIRECTION('',(0.,0.,1.));
#1518 = DIRECTION('',(1.,0.,-0.));
#1519 = FACE_BOUND('',#1520,.T.);
#1520 = EDGE_LOOP('',(#1521));
#1521 = ORIENTED_EDGE('',*,*,#1522,.F.);
#1522 = EDGE_CURVE('',#1523,#1523,#1525,.T.);
#1523 = VERTEX_POINT('',#1524);
#1524 = CARTESIAN_POINT('',(2.161365146327,68.607661880682,2.5));
#1525 = CIRCLE('',#1526,3.);
#1526 = AXIS2_PLACEMENT_3D('',#1527,#1528,#1529);
#1527 = CARTESIAN_POINT('',(5.161365146327,68.607661880682,2.5));
#1528 = DIRECTION('',(0.,0.,1.));
#1529 = DIRECTION('',(1.,0.,-0.));
#1530 = FACE_BOUND('',#1531,.T.);
#1531 = EDGE_LOOP('',(#1532));
#1532 = ORIENTED_EDGE('',*,*,#1533,.F.);
#1533 = EDGE_CURVE('',#1534,#1534,#1536,.T.);
#1534 = VERTEX_POINT('',#1535);
#1535 = CARTESIAN_POINT('',(25.887831650951,168.78808777525,2.5));
#1536 = CIRCLE('',#1537,3.);
#1537 = AXIS2_PLACEMENT_3D('',#1538,#1539,#1540);
#1538 = CARTESIAN_POINT('',(28.887831650951,168.78808777525,2.5));
#1539 = DIRECTION('',(0.,0.,1.));
#1540 = DIRECTION('',(1.,0.,-0.));
#1541 = FACE_BOUND('',#1542,.T.);
#1542 = EDGE_LOOP('',(#1543,#1553,#1562,#1570,#1579,#1587,#1596,#1604));
#1543 = ORIENTED_EDGE('',*,*,#1544,.F.);
#1544 = EDGE_CURVE('',#1545,#1547,#1549,.T.);
#1545 = VERTEX_POINT('',#1546);
#1546 = CARTESIAN_POINT('',(40.067292557676,121.28396359261,2.5));
#1547 = VERTEX_POINT('',#1548);
#1548 = CARTESIAN_POINT('',(40.067292557676,98.283963592619,2.5));
#1549 = LINE('',#1550,#1551);
#1550 = CARTESIAN_POINT('',(40.067292557676,109.50330741606,2.5));
#1551 = VECTOR('',#1552,1.);
#1552 = DIRECTION('',(0.,-1.,0.));
#1553 = ORIENTED_EDGE('',*,*,#1554,.F.);
#1554 = EDGE_CURVE('',#1555,#1545,#1557,.T.);
#1555 = VERTEX_POINT('',#1556);
#1556 = CARTESIAN_POINT('',(41.867292557676,123.08396359261,2.5));
#1557 = CIRCLE('',#1558,1.8);
#1558 = AXIS2_PLACEMENT_3D('',#1559,#1560,#1561);
#1559 = CARTESIAN_POINT('',(41.867292557676,121.28396359261,2.5));
#1560 = DIRECTION('',(0.,0.,1.));
#1561 = DIRECTION('',(2.22044604925E-15,1.,-0.));
#1562 = ORIENTED_EDGE('',*,*,#1563,.F.);
#1563 = EDGE_CURVE('',#1564,#1555,#1566,.T.);
#1564 = VERTEX_POINT('',#1565);
#1565 = CARTESIAN_POINT('',(43.367292557676,123.08396359261,2.5));
#1566 = LINE('',#1567,#1568);
#1567 = CARTESIAN_POINT('',(36.127562104313,123.08396359261,2.5));
#1568 = VECTOR('',#1569,1.);
#1569 = DIRECTION('',(-1.,0.,0.));
#1570 = ORIENTED_EDGE('',*,*,#1571,.F.);
#1571 = EDGE_CURVE('',#1572,#1564,#1574,.T.);
#1572 = VERTEX_POINT('',#1573);
#1573 = CARTESIAN_POINT('',(45.167292557676,121.28396359261,2.5));
#1574 = CIRCLE('',#1575,1.8);
#1575 = AXIS2_PLACEMENT_3D('',#1576,#1577,#1578);
#1576 = CARTESIAN_POINT('',(43.367292557676,121.28396359261,2.5));
#1577 = DIRECTION('',(0.,0.,1.));
#1578 = DIRECTION('',(1.,-2.22044604925E-15,0.));
#1579 = ORIENTED_EDGE('',*,*,#1580,.F.);
#1580 = EDGE_CURVE('',#1581,#1572,#1583,.T.);
#1581 = VERTEX_POINT('',#1582);
#1582 = CARTESIAN_POINT('',(45.167292557676,98.283963592619,2.5));
#1583 = LINE('',#1584,#1585);
#1584 = CARTESIAN_POINT('',(45.167292557676,98.003307416061,2.5));
#1585 = VECTOR('',#1586,1.);
#1586 = DIRECTION('',(9.65411325761E-17,1.,0.));
#1587 = ORIENTED_EDGE('',*,*,#1588,.F.);
#1588 = EDGE_CURVE('',#1589,#1581,#1591,.T.);
#1589 = VERTEX_POINT('',#1590);
#1590 = CARTESIAN_POINT('',(43.367292557676,96.483963592619,2.5));
#1591 = CIRCLE('',#1592,1.8);
#1592 = AXIS2_PLACEMENT_3D('',#1593,#1594,#1595);
#1593 = CARTESIAN_POINT('',(43.367292557676,98.283963592619,2.5));
#1594 = DIRECTION('',(0.,0.,1.));
#1595 = DIRECTION('',(-2.22044604925E-15,-1.,0.));
#1596 = ORIENTED_EDGE('',*,*,#1597,.F.);
#1597 = EDGE_CURVE('',#1598,#1589,#1600,.T.);
#1598 = VERTEX_POINT('',#1599);
#1599 = CARTESIAN_POINT('',(41.867292557676,96.483963592619,2.5));
#1600 = LINE('',#1601,#1602);
#1601 = CARTESIAN_POINT('',(35.377562104313,96.483963592619,2.5));
#1602 = VECTOR('',#1603,1.);
#1603 = DIRECTION('',(1.,1.480297366167E-15,0.));
#1604 = ORIENTED_EDGE('',*,*,#1605,.F.);
#1605 = EDGE_CURVE('',#1547,#1598,#1606,.T.);
#1606 = CIRCLE('',#1607,1.8);
#1607 = AXIS2_PLACEMENT_3D('',#1608,#1609,#1610);
#1608 = CARTESIAN_POINT('',(41.867292557676,98.283963592619,2.5));
#1609 = DIRECTION('',(0.,0.,1.));
#1610 = DIRECTION('',(-1.,-2.22044604925E-15,0.));
#1611 = FACE_BOUND('',#1612,.T.);
#1612 = EDGE_LOOP('',(#1613,#1623,#1632,#1640,#1649,#1657,#1666,#1674));
#1613 = ORIENTED_EDGE('',*,*,#1614,.F.);
#1614 = EDGE_CURVE('',#1615,#1617,#1619,.T.);
#1615 = VERTEX_POINT('',#1616);
#1616 = CARTESIAN_POINT('',(15.964128548472,58.110849873963,2.5));
#1617 = VERTEX_POINT('',#1618);
#1618 = CARTESIAN_POINT('',(15.964128548472,35.110849873963,2.5));
#1619 = LINE('',#1620,#1621);
#1620 = CARTESIAN_POINT('',(15.964128548472,77.916750556732,2.5));
#1621 = VECTOR('',#1622,1.);
#1622 = DIRECTION('',(0.,-1.,0.));
#1623 = ORIENTED_EDGE('',*,*,#1624,.F.);
#1624 = EDGE_CURVE('',#1625,#1615,#1627,.T.);
#1625 = VERTEX_POINT('',#1626);
#1626 = CARTESIAN_POINT('',(17.764128548472,59.910849873963,2.5));
#1627 = CIRCLE('',#1628,1.8);
#1628 = AXIS2_PLACEMENT_3D('',#1629,#1630,#1631);
#1629 = CARTESIAN_POINT('',(17.764128548472,58.110849873963,2.5));
#1630 = DIRECTION('',(0.,0.,1.));
#1631 = DIRECTION('',(-1.,0.,0.));
#1632 = ORIENTED_EDGE('',*,*,#1633,.F.);
#1633 = EDGE_CURVE('',#1634,#1625,#1636,.T.);
#1634 = VERTEX_POINT('',#1635);
#1635 = CARTESIAN_POINT('',(19.264128548471,59.910849873963,2.5));
#1636 = LINE('',#1637,#1638);
#1637 = CARTESIAN_POINT('',(24.075980099711,59.910849873963,2.5));
#1638 = VECTOR('',#1639,1.);
#1639 = DIRECTION('',(-1.,0.,0.));
#1640 = ORIENTED_EDGE('',*,*,#1641,.F.);
#1641 = EDGE_CURVE('',#1642,#1634,#1644,.T.);
#1642 = VERTEX_POINT('',#1643);
#1643 = CARTESIAN_POINT('',(21.064128548471,58.110849873963,2.5));
#1644 = CIRCLE('',#1645,1.8);
#1645 = AXIS2_PLACEMENT_3D('',#1646,#1647,#1648);
#1646 = CARTESIAN_POINT('',(19.264128548471,58.110849873963,2.5));
#1647 = DIRECTION('',(0.,0.,1.));
#1648 = DIRECTION('',(-1.110223024625E-15,1.,0.));
#1649 = ORIENTED_EDGE('',*,*,#1650,.F.);
#1650 = EDGE_CURVE('',#1651,#1642,#1653,.T.);
#1651 = VERTEX_POINT('',#1652);
#1652 = CARTESIAN_POINT('',(21.064128548471,35.110849873963,2.5));
#1653 = LINE('',#1654,#1655);
#1654 = CARTESIAN_POINT('',(21.064128548471,66.416750556732,2.5));
#1655 = VECTOR('',#1656,1.);
#1656 = DIRECTION('',(0.,1.,0.));
#1657 = ORIENTED_EDGE('',*,*,#1658,.F.);
#1658 = EDGE_CURVE('',#1659,#1651,#1661,.T.);
#1659 = VERTEX_POINT('',#1660);
#1660 = CARTESIAN_POINT('',(19.264128548471,33.310849873963,2.5));
#1661 = CIRCLE('',#1662,1.8);
#1662 = AXIS2_PLACEMENT_3D('',#1663,#1664,#1665);
#1663 = CARTESIAN_POINT('',(19.264128548471,35.110849873963,2.5));
#1664 = DIRECTION('',(0.,0.,1.));
#1665 = DIRECTION('',(1.,0.,-0.));
#1666 = ORIENTED_EDGE('',*,*,#1667,.F.);
#1667 = EDGE_CURVE('',#1668,#1659,#1670,.T.);
#1668 = VERTEX_POINT('',#1669);
#1669 = CARTESIAN_POINT('',(17.764128548472,33.310849873963,2.5));
#1670 = LINE('',#1671,#1672);
#1671 = CARTESIAN_POINT('',(23.325980099711,33.310849873963,2.5));
#1672 = VECTOR('',#1673,1.);
#1673 = DIRECTION('',(1.,0.,0.));
#1674 = ORIENTED_EDGE('',*,*,#1675,.F.);
#1675 = EDGE_CURVE('',#1617,#1668,#1676,.T.);
#1676 = CIRCLE('',#1677,1.8);
#1677 = AXIS2_PLACEMENT_3D('',#1678,#1679,#1680);
#1678 = CARTESIAN_POINT('',(17.764128548472,35.110849873963,2.5));
#1679 = DIRECTION('',(0.,0.,1.));
#1680 = DIRECTION('',(-6.661338147751E-15,-1.,0.));
#1681 = FACE_BOUND('',#1682,.T.);
#1682 = EDGE_LOOP('',(#1683));
#1683 = ORIENTED_EDGE('',*,*,#1684,.F.);
#1684 = EDGE_CURVE('',#1685,#1685,#1687,.T.);
#1685 = VERTEX_POINT('',#1686);
#1686 = CARTESIAN_POINT('',(3.661365146327,150.96026530455,2.5));
#1687 = CIRCLE('',#1688,1.5);
#1688 = AXIS2_PLACEMENT_3D('',#1689,#1690,#1691);
#1689 = CARTESIAN_POINT('',(5.161365146327,150.96026530455,2.5));
#1690 = DIRECTION('',(0.,0.,1.));
#1691 = DIRECTION('',(1.,0.,-0.));
#1692 = PLANE('',#1693);
#1693 = AXIS2_PLACEMENT_3D('',#1694,#1695,#1696);
#1694 = CARTESIAN_POINT('',(28.887831650951,97.722651239502,2.5));
#1695 = DIRECTION('',(0.,0.,1.));
#1696 = DIRECTION('',(1.,0.,-0.));
#1697 = ADVANCED_FACE('',(#1698),#1732,.T.);
#1698 = FACE_BOUND('',#1699,.T.);
#1699 = EDGE_LOOP('',(#1700,#1710,#1718,#1726));
#1700 = ORIENTED_EDGE('',*,*,#1701,.T.);
#1701 = EDGE_CURVE('',#1702,#1704,#1706,.T.);
#1702 = VERTEX_POINT('',#1703);
#1703 = CARTESIAN_POINT('',(37.51153475343,35.110849873963,0.8));
#1704 = VERTEX_POINT('',#1705);
#1705 = CARTESIAN_POINT('',(36.71153475343,35.110849873963,
    1.95399252334E-13));
#1706 = LINE('',#1707,#1708);
#1707 = CARTESIAN_POINT('',(37.51153475343,35.110849873963,0.8));
#1708 = VECTOR('',#1709,1.);
#1709 = DIRECTION('',(-0.707106781187,0.,-0.707106781187));
#1710 = ORIENTED_EDGE('',*,*,#1711,.T.);
#1711 = EDGE_CURVE('',#1704,#1712,#1714,.T.);
#1712 = VERTEX_POINT('',#1713);
#1713 = CARTESIAN_POINT('',(36.71153475343,58.110849873963,
    1.95399252334E-13));
#1714 = LINE('',#1715,#1716);
#1715 = CARTESIAN_POINT('',(36.71153475343,77.916750556732,
    1.95399252334E-13));
#1716 = VECTOR('',#1717,1.);
#1717 = DIRECTION('',(0.,1.,0.));
#1718 = ORIENTED_EDGE('',*,*,#1719,.T.);
#1719 = EDGE_CURVE('',#1712,#1720,#1722,.T.);
#1720 = VERTEX_POINT('',#1721);
#1721 = CARTESIAN_POINT('',(37.51153475343,58.110849873963,0.8));
#1722 = LINE('',#1723,#1724);
#1723 = CARTESIAN_POINT('',(36.71153475343,58.110849873963,
    1.95399252334E-13));
#1724 = VECTOR('',#1725,1.);
#1725 = DIRECTION('',(0.707106781187,0.,0.707106781187));
#1726 = ORIENTED_EDGE('',*,*,#1727,.T.);
#1727 = EDGE_CURVE('',#1720,#1702,#1728,.T.);
#1728 = LINE('',#1729,#1730);
#1729 = CARTESIAN_POINT('',(37.51153475343,77.916750556732,0.8));
#1730 = VECTOR('',#1731,1.);
#1731 = DIRECTION('',(0.,-1.,0.));
#1732 = PLANE('',#1733);
#1733 = AXIS2_PLACEMENT_3D('',#1734,#1735,#1736);
#1734 = CARTESIAN_POINT('',(37.11153475343,77.916750556732,0.4));
#1735 = DIRECTION('',(0.707106781187,0.,-0.707106781187));
#1736 = DIRECTION('',(-0.707106781187,0.,-0.707106781187));
#1737 = ADVANCED_FACE('',(#1738),#1765,.F.);
#1738 = FACE_BOUND('',#1739,.F.);
#1739 = EDGE_LOOP('',(#1740,#1749,#1750,#1759));
#1740 = ORIENTED_EDGE('',*,*,#1741,.F.);
#1741 = EDGE_CURVE('',#1702,#1742,#1744,.T.);
#1742 = VERTEX_POINT('',#1743);
#1743 = CARTESIAN_POINT('',(38.51153475343,34.110849873963,0.8));
#1744 = CIRCLE('',#1745,1.);
#1745 = AXIS2_PLACEMENT_3D('',#1746,#1747,#1748);
#1746 = CARTESIAN_POINT('',(38.51153475343,35.110849873963,0.8));
#1747 = DIRECTION('',(0.,0.,1.));
#1748 = DIRECTION('',(-1.,0.,0.));
#1749 = ORIENTED_EDGE('',*,*,#1701,.T.);
#1750 = ORIENTED_EDGE('',*,*,#1751,.F.);
#1751 = EDGE_CURVE('',#1752,#1704,#1754,.T.);
#1752 = VERTEX_POINT('',#1753);
#1753 = CARTESIAN_POINT('',(38.51153475343,33.310849873963,
    1.95399252334E-13));
#1754 = CIRCLE('',#1755,1.8);
#1755 = AXIS2_PLACEMENT_3D('',#1756,#1757,#1758);
#1756 = CARTESIAN_POINT('',(38.51153475343,35.110849873963,
    1.95399252334E-13));
#1757 = DIRECTION('',(0.,0.,-1.));
#1758 = DIRECTION('',(-1.,0.,0.));
#1759 = ORIENTED_EDGE('',*,*,#1760,.F.);
#1760 = EDGE_CURVE('',#1742,#1752,#1761,.T.);
#1761 = LINE('',#1762,#1763);
#1762 = CARTESIAN_POINT('',(38.51153475343,34.110849873963,0.8));
#1763 = VECTOR('',#1764,1.);
#1764 = DIRECTION('',(-3.925231146709E-15,-0.707106781187,
    -0.707106781187));
#1765 = CONICAL_SURFACE('',#1766,1.4,0.785398163397);
#1766 = AXIS2_PLACEMENT_3D('',#1767,#1768,#1769);
#1767 = CARTESIAN_POINT('',(38.51153475343,35.110849873963,0.4));
#1768 = DIRECTION('',(0.,0.,-1.));
#1769 = DIRECTION('',(-1.,0.,0.));
#1770 = ADVANCED_FACE('',(#1771),#1796,.T.);
#1771 = FACE_BOUND('',#1772,.T.);
#1772 = EDGE_LOOP('',(#1773,#1783,#1789,#1790));
#1773 = ORIENTED_EDGE('',*,*,#1774,.T.);
#1774 = EDGE_CURVE('',#1775,#1777,#1779,.T.);
#1775 = VERTEX_POINT('',#1776);
#1776 = CARTESIAN_POINT('',(40.01153475343,34.110849873963,0.8));
#1777 = VERTEX_POINT('',#1778);
#1778 = CARTESIAN_POINT('',(40.01153475343,33.310849873963,
    1.95399252334E-13));
#1779 = LINE('',#1780,#1781);
#1780 = CARTESIAN_POINT('',(40.01153475343,34.110849873963,0.8));
#1781 = VECTOR('',#1782,1.);
#1782 = DIRECTION('',(0.,-0.707106781187,-0.707106781187));
#1783 = ORIENTED_EDGE('',*,*,#1784,.T.);
#1784 = EDGE_CURVE('',#1777,#1752,#1785,.T.);
#1785 = LINE('',#1786,#1787);
#1786 = CARTESIAN_POINT('',(33.699683202191,33.310849873963,
    1.95399252334E-13));
#1787 = VECTOR('',#1788,1.);
#1788 = DIRECTION('',(-1.,0.,0.));
#1789 = ORIENTED_EDGE('',*,*,#1760,.F.);
#1790 = ORIENTED_EDGE('',*,*,#1791,.T.);
#1791 = EDGE_CURVE('',#1742,#1775,#1792,.T.);
#1792 = LINE('',#1793,#1794);
#1793 = CARTESIAN_POINT('',(33.699683202191,34.110849873963,0.8));
#1794 = VECTOR('',#1795,1.);
#1795 = DIRECTION('',(1.,0.,0.));
#1796 = PLANE('',#1797);
#1797 = AXIS2_PLACEMENT_3D('',#1798,#1799,#1800);
#1798 = CARTESIAN_POINT('',(33.699683202191,33.710849873963,0.4));
#1799 = DIRECTION('',(0.,0.707106781187,-0.707106781187));
#1800 = DIRECTION('',(-1.,0.,0.));
#1801 = ADVANCED_FACE('',(#1802),#1829,.F.);
#1802 = FACE_BOUND('',#1803,.F.);
#1803 = EDGE_LOOP('',(#1804,#1813,#1814,#1823));
#1804 = ORIENTED_EDGE('',*,*,#1805,.F.);
#1805 = EDGE_CURVE('',#1775,#1806,#1808,.T.);
#1806 = VERTEX_POINT('',#1807);
#1807 = CARTESIAN_POINT('',(41.01153475343,35.110849873963,0.8));
#1808 = CIRCLE('',#1809,1.);
#1809 = AXIS2_PLACEMENT_3D('',#1810,#1811,#1812);
#1810 = CARTESIAN_POINT('',(40.01153475343,35.110849873963,0.8));
#1811 = DIRECTION('',(0.,0.,1.));
#1812 = DIRECTION('',(6.661338147751E-15,-1.,0.));
#1813 = ORIENTED_EDGE('',*,*,#1774,.T.);
#1814 = ORIENTED_EDGE('',*,*,#1815,.F.);
#1815 = EDGE_CURVE('',#1816,#1777,#1818,.T.);
#1816 = VERTEX_POINT('',#1817);
#1817 = CARTESIAN_POINT('',(41.81153475343,35.110849873963,
    1.95399252334E-13));
#1818 = CIRCLE('',#1819,1.8);
#1819 = AXIS2_PLACEMENT_3D('',#1820,#1821,#1822);
#1820 = CARTESIAN_POINT('',(40.01153475343,35.110849873963,
    1.95399252334E-13));
#1821 = DIRECTION('',(0.,0.,-1.));
#1822 = DIRECTION('',(6.661338147751E-15,-1.,0.));
#1823 = ORIENTED_EDGE('',*,*,#1824,.F.);
#1824 = EDGE_CURVE('',#1806,#1816,#1825,.T.);
#1825 = LINE('',#1826,#1827);
#1826 = CARTESIAN_POINT('',(41.01153475343,35.110849873963,0.8));
#1827 = VECTOR('',#1828,1.);
#1828 = DIRECTION('',(0.707106781187,0.,-0.707106781187));
#1829 = CONICAL_SURFACE('',#1830,1.4,0.785398163397);
#1830 = AXIS2_PLACEMENT_3D('',#1831,#1832,#1833);
#1831 = CARTESIAN_POINT('',(40.01153475343,35.110849873963,0.4));
#1832 = DIRECTION('',(0.,0.,-1.));
#1833 = DIRECTION('',(6.661338147751E-15,-1.,0.));
#1834 = ADVANCED_FACE('',(#1835),#1860,.T.);
#1835 = FACE_BOUND('',#1836,.T.);
#1836 = EDGE_LOOP('',(#1837,#1847,#1853,#1854));
#1837 = ORIENTED_EDGE('',*,*,#1838,.T.);
#1838 = EDGE_CURVE('',#1839,#1841,#1843,.T.);
#1839 = VERTEX_POINT('',#1840);
#1840 = CARTESIAN_POINT('',(41.01153475343,58.110849873963,0.8));
#1841 = VERTEX_POINT('',#1842);
#1842 = CARTESIAN_POINT('',(41.81153475343,58.110849873963,
    1.95399252334E-13));
#1843 = LINE('',#1844,#1845);
#1844 = CARTESIAN_POINT('',(41.01153475343,58.110849873963,0.8));
#1845 = VECTOR('',#1846,1.);
#1846 = DIRECTION('',(0.707106781187,0.,-0.707106781187));
#1847 = ORIENTED_EDGE('',*,*,#1848,.T.);
#1848 = EDGE_CURVE('',#1841,#1816,#1849,.T.);
#1849 = LINE('',#1850,#1851);
#1850 = CARTESIAN_POINT('',(41.81153475343,66.416750556732,
    1.95399252334E-13));
#1851 = VECTOR('',#1852,1.);
#1852 = DIRECTION('',(2.896233977283E-16,-1.,0.));
#1853 = ORIENTED_EDGE('',*,*,#1824,.F.);
#1854 = ORIENTED_EDGE('',*,*,#1855,.T.);
#1855 = EDGE_CURVE('',#1806,#1839,#1856,.T.);
#1856 = LINE('',#1857,#1858);
#1857 = CARTESIAN_POINT('',(41.01153475343,66.416750556732,0.8));
#1858 = VECTOR('',#1859,1.);
#1859 = DIRECTION('',(-2.896233977283E-16,1.,0.));
#1860 = PLANE('',#1861);
#1861 = AXIS2_PLACEMENT_3D('',#1862,#1863,#1864);
#1862 = CARTESIAN_POINT('',(41.41153475343,66.416750556732,0.4));
#1863 = DIRECTION('',(-0.707106781187,-2.04794668524E-16,-0.707106781187
    ));
#1864 = DIRECTION('',(-0.707106781187,0.,0.707106781187));
#1865 = ADVANCED_FACE('',(#1866),#1893,.F.);
#1866 = FACE_BOUND('',#1867,.F.);
#1867 = EDGE_LOOP('',(#1868,#1877,#1878,#1887));
#1868 = ORIENTED_EDGE('',*,*,#1869,.F.);
#1869 = EDGE_CURVE('',#1839,#1870,#1872,.T.);
#1870 = VERTEX_POINT('',#1871);
#1871 = CARTESIAN_POINT('',(40.01153475343,59.110849873963,0.8));
#1872 = CIRCLE('',#1873,1.);
#1873 = AXIS2_PLACEMENT_3D('',#1874,#1875,#1876);
#1874 = CARTESIAN_POINT('',(40.01153475343,58.110849873963,0.8));
#1875 = DIRECTION('',(0.,0.,1.));
#1876 = DIRECTION('',(1.,0.,-0.));
#1877 = ORIENTED_EDGE('',*,*,#1838,.T.);
#1878 = ORIENTED_EDGE('',*,*,#1879,.F.);
#1879 = EDGE_CURVE('',#1880,#1841,#1882,.T.);
#1880 = VERTEX_POINT('',#1881);
#1881 = CARTESIAN_POINT('',(40.01153475343,59.910849873963,
    1.95399252334E-13));
#1882 = CIRCLE('',#1883,1.8);
#1883 = AXIS2_PLACEMENT_3D('',#1884,#1885,#1886);
#1884 = CARTESIAN_POINT('',(40.01153475343,58.110849873963,
    1.95399252334E-13));
#1885 = DIRECTION('',(0.,0.,-1.));
#1886 = DIRECTION('',(1.,0.,0.));
#1887 = ORIENTED_EDGE('',*,*,#1888,.F.);
#1888 = EDGE_CURVE('',#1870,#1880,#1889,.T.);
#1889 = LINE('',#1890,#1891);
#1890 = CARTESIAN_POINT('',(40.01153475343,59.110849873963,0.8));
#1891 = VECTOR('',#1892,1.);
#1892 = DIRECTION('',(-3.925231146709E-15,0.707106781187,-0.707106781187
    ));
#1893 = CONICAL_SURFACE('',#1894,1.4,0.785398163397);
#1894 = AXIS2_PLACEMENT_3D('',#1895,#1896,#1897);
#1895 = CARTESIAN_POINT('',(40.01153475343,58.110849873963,0.4));
#1896 = DIRECTION('',(0.,0.,-1.));
#1897 = DIRECTION('',(1.,0.,0.));
#1898 = ADVANCED_FACE('',(#1899),#1924,.T.);
#1899 = FACE_BOUND('',#1900,.T.);
#1900 = EDGE_LOOP('',(#1901,#1911,#1917,#1918));
#1901 = ORIENTED_EDGE('',*,*,#1902,.T.);
#1902 = EDGE_CURVE('',#1903,#1905,#1907,.T.);
#1903 = VERTEX_POINT('',#1904);
#1904 = CARTESIAN_POINT('',(38.51153475343,59.110849873963,0.8));
#1905 = VERTEX_POINT('',#1906);
#1906 = CARTESIAN_POINT('',(38.51153475343,59.910849873963,
    1.95399252334E-13));
#1907 = LINE('',#1908,#1909);
#1908 = CARTESIAN_POINT('',(38.51153475343,59.110849873963,0.8));
#1909 = VECTOR('',#1910,1.);
#1910 = DIRECTION('',(0.,0.707106781187,-0.707106781187));
#1911 = ORIENTED_EDGE('',*,*,#1912,.T.);
#1912 = EDGE_CURVE('',#1905,#1880,#1913,.T.);
#1913 = LINE('',#1914,#1915);
#1914 = CARTESIAN_POINT('',(34.449683202191,59.910849873963,
    1.95399252334E-13));
#1915 = VECTOR('',#1916,1.);
#1916 = DIRECTION('',(1.,0.,0.));
#1917 = ORIENTED_EDGE('',*,*,#1888,.F.);
#1918 = ORIENTED_EDGE('',*,*,#1919,.T.);
#1919 = EDGE_CURVE('',#1870,#1903,#1920,.T.);
#1920 = LINE('',#1921,#1922);
#1921 = CARTESIAN_POINT('',(34.449683202191,59.110849873963,0.8));
#1922 = VECTOR('',#1923,1.);
#1923 = DIRECTION('',(-1.,0.,0.));
#1924 = PLANE('',#1925);
#1925 = AXIS2_PLACEMENT_3D('',#1926,#1927,#1928);
#1926 = CARTESIAN_POINT('',(34.449683202191,59.510849873963,0.4));
#1927 = DIRECTION('',(0.,-0.707106781187,-0.707106781187));
#1928 = DIRECTION('',(-1.,-0.,0.));
#1929 = ADVANCED_FACE('',(#1930),#1948,.F.);
#1930 = FACE_BOUND('',#1931,.F.);
#1931 = EDGE_LOOP('',(#1932,#1939,#1940,#1947));
#1932 = ORIENTED_EDGE('',*,*,#1933,.F.);
#1933 = EDGE_CURVE('',#1903,#1720,#1934,.T.);
#1934 = CIRCLE('',#1935,1.);
#1935 = AXIS2_PLACEMENT_3D('',#1936,#1937,#1938);
#1936 = CARTESIAN_POINT('',(38.51153475343,58.110849873963,0.8));
#1937 = DIRECTION('',(0.,0.,1.));
#1938 = DIRECTION('',(1.110223024625E-15,1.,-0.));
#1939 = ORIENTED_EDGE('',*,*,#1902,.T.);
#1940 = ORIENTED_EDGE('',*,*,#1941,.F.);
#1941 = EDGE_CURVE('',#1712,#1905,#1942,.T.);
#1942 = CIRCLE('',#1943,1.8);
#1943 = AXIS2_PLACEMENT_3D('',#1944,#1945,#1946);
#1944 = CARTESIAN_POINT('',(38.51153475343,58.110849873963,
    1.95399252334E-13));
#1945 = DIRECTION('',(0.,0.,-1.));
#1946 = DIRECTION('',(1.110223024625E-15,1.,0.));
#1947 = ORIENTED_EDGE('',*,*,#1719,.T.);
#1948 = CONICAL_SURFACE('',#1949,1.4,0.785398163397);
#1949 = AXIS2_PLACEMENT_3D('',#1950,#1951,#1952);
#1950 = CARTESIAN_POINT('',(38.51153475343,58.110849873963,0.4));
#1951 = DIRECTION('',(0.,0.,-1.));
#1952 = DIRECTION('',(1.110223024625E-15,1.,0.));
#1953 = ADVANCED_FACE('',(#1954),#1980,.F.);
#1954 = FACE_BOUND('',#1955,.F.);
#1955 = EDGE_LOOP('',(#1956,#1964,#1973,#1979));
#1956 = ORIENTED_EDGE('',*,*,#1957,.F.);
#1957 = EDGE_CURVE('',#1958,#1806,#1960,.T.);
#1958 = VERTEX_POINT('',#1959);
#1959 = CARTESIAN_POINT('',(41.01153475343,35.110849873963,1.7));
#1960 = LINE('',#1961,#1962);
#1961 = CARTESIAN_POINT('',(41.01153475343,35.110849873963,2.5));
#1962 = VECTOR('',#1963,1.);
#1963 = DIRECTION('',(0.,0.,-1.));
#1964 = ORIENTED_EDGE('',*,*,#1965,.T.);
#1965 = EDGE_CURVE('',#1958,#1966,#1968,.T.);
#1966 = VERTEX_POINT('',#1967);
#1967 = CARTESIAN_POINT('',(40.01153475343,34.110849873963,1.7));
#1968 = CIRCLE('',#1969,1.);
#1969 = AXIS2_PLACEMENT_3D('',#1970,#1971,#1972);
#1970 = CARTESIAN_POINT('',(40.01153475343,35.110849873963,1.7));
#1971 = DIRECTION('',(0.,0.,-1.));
#1972 = DIRECTION('',(6.661338147751E-15,-1.,0.));
#1973 = ORIENTED_EDGE('',*,*,#1974,.T.);
#1974 = EDGE_CURVE('',#1966,#1775,#1975,.T.);
#1975 = LINE('',#1976,#1977);
#1976 = CARTESIAN_POINT('',(40.01153475343,34.110849873963,2.5));
#1977 = VECTOR('',#1978,1.);
#1978 = DIRECTION('',(0.,0.,-1.));
#1979 = ORIENTED_EDGE('',*,*,#1805,.T.);
#1980 = CYLINDRICAL_SURFACE('',#1981,1.);
#1981 = AXIS2_PLACEMENT_3D('',#1982,#1983,#1984);
#1982 = CARTESIAN_POINT('',(40.01153475343,35.110849873963,2.5));
#1983 = DIRECTION('',(0.,0.,-1.));
#1984 = DIRECTION('',(6.661338147751E-15,-1.,0.));
#1985 = ADVANCED_FACE('',(#1986),#2004,.T.);
#1986 = FACE_BOUND('',#1987,.T.);
#1987 = EDGE_LOOP('',(#1988,#1989,#1997,#2003));
#1988 = ORIENTED_EDGE('',*,*,#1791,.F.);
#1989 = ORIENTED_EDGE('',*,*,#1990,.F.);
#1990 = EDGE_CURVE('',#1991,#1742,#1993,.T.);
#1991 = VERTEX_POINT('',#1992);
#1992 = CARTESIAN_POINT('',(38.51153475343,34.110849873963,1.7));
#1993 = LINE('',#1994,#1995);
#1994 = CARTESIAN_POINT('',(38.51153475343,34.110849873963,2.5));
#1995 = VECTOR('',#1996,1.);
#1996 = DIRECTION('',(0.,0.,-1.));
#1997 = ORIENTED_EDGE('',*,*,#1998,.F.);
#1998 = EDGE_CURVE('',#1966,#1991,#1999,.T.);
#1999 = LINE('',#2000,#2001);
#2000 = CARTESIAN_POINT('',(33.699683202191,34.110849873963,1.7));
#2001 = VECTOR('',#2002,1.);
#2002 = DIRECTION('',(-1.,0.,0.));
#2003 = ORIENTED_EDGE('',*,*,#1974,.T.);
#2004 = PLANE('',#2005);
#2005 = AXIS2_PLACEMENT_3D('',#2006,#2007,#2008);
#2006 = CARTESIAN_POINT('',(38.51153475343,34.110849873963,2.5));
#2007 = DIRECTION('',(0.,1.,0.));
#2008 = DIRECTION('',(1.,0.,0.));
#2009 = ADVANCED_FACE('',(#2010),#2029,.F.);
#2010 = FACE_BOUND('',#2011,.F.);
#2011 = EDGE_LOOP('',(#2012,#2013,#2022,#2028));
#2012 = ORIENTED_EDGE('',*,*,#1990,.F.);
#2013 = ORIENTED_EDGE('',*,*,#2014,.T.);
#2014 = EDGE_CURVE('',#1991,#2015,#2017,.T.);
#2015 = VERTEX_POINT('',#2016);
#2016 = CARTESIAN_POINT('',(37.51153475343,35.110849873963,1.7));
#2017 = CIRCLE('',#2018,1.);
#2018 = AXIS2_PLACEMENT_3D('',#2019,#2020,#2021);
#2019 = CARTESIAN_POINT('',(38.51153475343,35.110849873963,1.7));
#2020 = DIRECTION('',(0.,0.,-1.));
#2021 = DIRECTION('',(-1.,0.,0.));
#2022 = ORIENTED_EDGE('',*,*,#2023,.T.);
#2023 = EDGE_CURVE('',#2015,#1702,#2024,.T.);
#2024 = LINE('',#2025,#2026);
#2025 = CARTESIAN_POINT('',(37.51153475343,35.110849873963,2.5));
#2026 = VECTOR('',#2027,1.);
#2027 = DIRECTION('',(0.,0.,-1.));
#2028 = ORIENTED_EDGE('',*,*,#1741,.T.);
#2029 = CYLINDRICAL_SURFACE('',#2030,1.);
#2030 = AXIS2_PLACEMENT_3D('',#2031,#2032,#2033);
#2031 = CARTESIAN_POINT('',(38.51153475343,35.110849873963,2.5));
#2032 = DIRECTION('',(0.,0.,-1.));
#2033 = DIRECTION('',(-1.,0.,0.));
#2034 = ADVANCED_FACE('',(#2035),#2053,.T.);
#2035 = FACE_BOUND('',#2036,.T.);
#2036 = EDGE_LOOP('',(#2037,#2038,#2046,#2052));
#2037 = ORIENTED_EDGE('',*,*,#1727,.F.);
#2038 = ORIENTED_EDGE('',*,*,#2039,.F.);
#2039 = EDGE_CURVE('',#2040,#1720,#2042,.T.);
#2040 = VERTEX_POINT('',#2041);
#2041 = CARTESIAN_POINT('',(37.51153475343,58.110849873963,1.7));
#2042 = LINE('',#2043,#2044);
#2043 = CARTESIAN_POINT('',(37.51153475343,58.110849873963,2.5));
#2044 = VECTOR('',#2045,1.);
#2045 = DIRECTION('',(0.,0.,-1.));
#2046 = ORIENTED_EDGE('',*,*,#2047,.F.);
#2047 = EDGE_CURVE('',#2015,#2040,#2048,.T.);
#2048 = LINE('',#2049,#2050);
#2049 = CARTESIAN_POINT('',(37.51153475343,77.916750556732,1.7));
#2050 = VECTOR('',#2051,1.);
#2051 = DIRECTION('',(0.,1.,0.));
#2052 = ORIENTED_EDGE('',*,*,#2023,.T.);
#2053 = PLANE('',#2054);
#2054 = AXIS2_PLACEMENT_3D('',#2055,#2056,#2057);
#2055 = CARTESIAN_POINT('',(37.51153475343,58.110849873963,2.5));
#2056 = DIRECTION('',(1.,0.,0.));
#2057 = DIRECTION('',(0.,-1.,0.));
#2058 = ADVANCED_FACE('',(#2059,#2672,#2742,#2812,#2823,#2834,#2904,
    #2915,#2926,#2937,#2948,#2959,#2970,#3040,#3043,#3054,#3124),#3134,
  .F.);
#2059 = FACE_BOUND('',#2060,.T.);
#2060 = EDGE_LOOP('',(#2061,#2071,#2080,#2088,#2097,#2105,#2114,#2122,
    #2131,#2139,#2148,#2156,#2165,#2173,#2182,#2190,#2199,#2207,#2216,
    #2224,#2233,#2241,#2250,#2258,#2267,#2275,#2284,#2292,#2301,#2309,
    #2318,#2326,#2335,#2343,#2352,#2360,#2369,#2377,#2386,#2394,#2403,
    #2411,#2420,#2428,#2437,#2445,#2454,#2462,#2471,#2479,#2488,#2496,
    #2505,#2513,#2522,#2530,#2539,#2547,#2556,#2564,#2573,#2581,#2589,
    #2598,#2606,#2615,#2623,#2631,#2640,#2648,#2657,#2665));
#2061 = ORIENTED_EDGE('',*,*,#2062,.F.);
#2062 = EDGE_CURVE('',#2063,#2065,#2067,.T.);
#2063 = VERTEX_POINT('',#2064);
#2064 = CARTESIAN_POINT('',(52.419949944127,187.76355619947,
    1.95399252334E-13));
#2065 = VERTEX_POINT('',#2066);
#2066 = CARTESIAN_POINT('',(42.212895169348,195.18317829622,
    1.95399252334E-13));
#2067 = LINE('',#2068,#2069);
#2068 = CARTESIAN_POINT('',(61.426253771145,181.2167733753,
    1.95399252334E-13));
#2069 = VECTOR('',#2070,1.);
#2070 = DIRECTION('',(-0.808875176471,0.587980398389,0.));
#2071 = ORIENTED_EDGE('',*,*,#2072,.F.);
#2072 = EDGE_CURVE('',#2073,#2063,#2075,.T.);
#2073 = VERTEX_POINT('',#2074);
#2074 = CARTESIAN_POINT('',(53.326393067672,185.98403081124,
    1.95399252334E-13));
#2075 = CIRCLE('',#2076,2.2);
#2076 = AXIS2_PLACEMENT_3D('',#2077,#2078,#2079);
#2077 = CARTESIAN_POINT('',(51.126393067672,185.98403081124,
    1.95399252334E-13));
#2078 = DIRECTION('',(0.,0.,1.));
#2079 = DIRECTION('',(1.,7.993605777301E-14,-0.));
#2080 = ORIENTED_EDGE('',*,*,#2081,.F.);
#2081 = EDGE_CURVE('',#2082,#2073,#2084,.T.);
#2082 = VERTEX_POINT('',#2083);
#2083 = CARTESIAN_POINT('',(53.326393067672,180.8541283979,
    1.95399252334E-13));
#2084 = LINE('',#2085,#2086);
#2085 = CARTESIAN_POINT('',(53.326393067672,141.85334102537,
    1.95399252334E-13));
#2086 = VECTOR('',#2087,1.);
#2087 = DIRECTION('',(0.,1.,0.));
#2088 = ORIENTED_EDGE('',*,*,#2089,.F.);
#2089 = EDGE_CURVE('',#2090,#2082,#2092,.T.);
#2090 = VERTEX_POINT('',#2091);
#2091 = CARTESIAN_POINT('',(52.586552395656,179.20854803313,
    1.95399252334E-13));
#2092 = CIRCLE('',#2093,2.2);
#2093 = AXIS2_PLACEMENT_3D('',#2094,#2095,#2096);
#2094 = CARTESIAN_POINT('',(51.126393067673,180.85412839789,
    1.95399252334E-13));
#2095 = DIRECTION('',(0.,0.,1.));
#2096 = DIRECTION('',(0.663708785447,-0.747991074894,0.));
#2097 = ORIENTED_EDGE('',*,*,#2098,.F.);
#2098 = EDGE_CURVE('',#2099,#2090,#2101,.T.);
#2099 = VERTEX_POINT('',#2100);
#2100 = CARTESIAN_POINT('',(49.784799180499,176.72249133277,
    1.95399252334E-13));
#2101 = LINE('',#2102,#2103);
#2102 = CARTESIAN_POINT('',(25.730180737557,155.37830404633,
    1.95399252334E-13));
#2103 = VECTOR('',#2104,1.);
#2104 = DIRECTION('',(0.747991074894,0.663708785446,0.));
#2105 = ORIENTED_EDGE('',*,*,#2106,.F.);
#2106 = EDGE_CURVE('',#2107,#2099,#2109,.T.);
#2107 = VERTEX_POINT('',#2108);
#2108 = CARTESIAN_POINT('',(48.506892565197,173.88012524817,
    1.95399252334E-13));
#2109 = CIRCLE('',#2110,3.8);
#2110 = AXIS2_PLACEMENT_3D('',#2111,#2112,#2113);
#2111 = CARTESIAN_POINT('',(52.306892565196,173.88012524817,
    1.95399252334E-13));
#2112 = DIRECTION('',(0.,0.,-1.));
#2113 = DIRECTION('',(-1.,-4.648133729765E-13,-0.));
#2114 = ORIENTED_EDGE('',*,*,#2115,.F.);
#2115 = EDGE_CURVE('',#2116,#2107,#2118,.T.);
#2116 = VERTEX_POINT('',#2117);
#2117 = CARTESIAN_POINT('',(48.506892565197,164.48717970223,
    1.95399252334E-13));
#2118 = LINE('',#2119,#2120);
#2119 = CARTESIAN_POINT('',(48.506892565197,135.80138824383,
    1.95399252334E-13));
#2120 = VECTOR('',#2121,1.);
#2121 = DIRECTION('',(0.,1.,0.));
#2122 = ORIENTED_EDGE('',*,*,#2123,.F.);
#2123 = EDGE_CURVE('',#2124,#2116,#2126,.T.);
#2124 = VERTEX_POINT('',#2125);
#2125 = CARTESIAN_POINT('',(49.619886796688,161.80017393372,
    1.95399252334E-13));
#2126 = CIRCLE('',#2127,3.8);
#2127 = AXIS2_PLACEMENT_3D('',#2128,#2129,#2130);
#2128 = CARTESIAN_POINT('',(52.306892565197,164.48717970223,
    1.95399252334E-13));
#2129 = DIRECTION('',(0.,0.,-1.));
#2130 = DIRECTION('',(-0.707106781187,-0.707106781186,-0.));
#2131 = ORIENTED_EDGE('',*,*,#2132,.F.);
#2132 = EDGE_CURVE('',#2133,#2124,#2135,.T.);
#2133 = VERTEX_POINT('',#2134);
#2134 = CARTESIAN_POINT('',(56.331298220512,155.0887625099,
    1.95399252334E-13));
#2135 = LINE('',#2136,#2137);
#2136 = CARTESIAN_POINT('',(60.45625368381,150.9638070466,
    1.95399252334E-13));
#2137 = VECTOR('',#2138,1.);
#2138 = DIRECTION('',(-0.707106781187,0.707106781187,0.));
#2139 = ORIENTED_EDGE('',*,*,#2140,.F.);
#2140 = EDGE_CURVE('',#2141,#2133,#2143,.T.);
#2141 = VERTEX_POINT('',#2142);
#2142 = CARTESIAN_POINT('',(56.975663301902,153.53312759129,
    1.95399252334E-13));
#2143 = CIRCLE('',#2144,2.2);
#2144 = AXIS2_PLACEMENT_3D('',#2145,#2146,#2147);
#2145 = CARTESIAN_POINT('',(54.775663301902,153.53312759129,
    1.95399252334E-13));
#2146 = DIRECTION('',(0.,0.,1.));
#2147 = DIRECTION('',(1.,-2.368475785867E-14,0.));
#2148 = ORIENTED_EDGE('',*,*,#2149,.F.);
#2149 = EDGE_CURVE('',#2150,#2141,#2152,.T.);
#2150 = VERTEX_POINT('',#2151);
#2151 = CARTESIAN_POINT('',(56.975663301902,148.44981203882,
    1.95399252334E-13));
#2152 = LINE('',#2153,#2154);
#2153 = CARTESIAN_POINT('',(56.975663301902,125.62788941539,
    1.95399252334E-13));
#2154 = VECTOR('',#2155,1.);
#2155 = DIRECTION('',(0.,1.,0.));
#2156 = ORIENTED_EDGE('',*,*,#2157,.F.);
#2157 = EDGE_CURVE('',#2158,#2150,#2160,.T.);
#2158 = VERTEX_POINT('',#2159);
#2159 = CARTESIAN_POINT('',(56.235822629885,146.80423167405,
    1.95399252334E-13));
#2160 = CIRCLE('',#2161,2.2);
#2161 = AXIS2_PLACEMENT_3D('',#2162,#2163,#2164);
#2162 = CARTESIAN_POINT('',(54.775663301902,148.44981203882,
    1.95399252334E-13));
#2163 = DIRECTION('',(0.,0.,1.));
#2164 = DIRECTION('',(0.663708785447,-0.747991074894,0.));
#2165 = ORIENTED_EDGE('',*,*,#2166,.F.);
#2166 = EDGE_CURVE('',#2167,#2158,#2169,.T.);
#2167 = VERTEX_POINT('',#2168);
#2168 = CARTESIAN_POINT('',(51.434069414732,142.54353137774,
    1.95399252334E-13));
#2169 = LINE('',#2170,#2171);
#2170 = CARTESIAN_POINT('',(36.402117727027,129.20535297911,
    1.95399252334E-13));
#2171 = VECTOR('',#2172,1.);
#2172 = DIRECTION('',(0.747991074895,0.663708785446,0.));
#2173 = ORIENTED_EDGE('',*,*,#2174,.F.);
#2174 = EDGE_CURVE('',#2175,#2167,#2177,.T.);
#2175 = VERTEX_POINT('',#2176);
#2176 = CARTESIAN_POINT('',(50.156162799426,139.70116529314,
    1.95399252334E-13));
#2177 = CIRCLE('',#2178,3.8);
#2178 = AXIS2_PLACEMENT_3D('',#2179,#2180,#2181);
#2179 = CARTESIAN_POINT('',(53.956162799426,139.70116529314,
    1.95399252334E-13));
#2180 = DIRECTION('',(0.,0.,-1.));
#2181 = DIRECTION('',(-1.,3.005003653319E-13,0.));
#2182 = ORIENTED_EDGE('',*,*,#2183,.F.);
#2183 = EDGE_CURVE('',#2184,#2175,#2186,.T.);
#2184 = VERTEX_POINT('',#2185);
#2185 = CARTESIAN_POINT('',(50.156162799426,79.866761892088,
    1.95399252334E-13));
#2186 = LINE('',#2187,#2188);
#2187 = CARTESIAN_POINT('',(50.156162799426,118.71190826632,
    1.95399252334E-13));
#2188 = VECTOR('',#2189,1.);
#2189 = DIRECTION('',(0.,1.,0.));
#2190 = ORIENTED_EDGE('',*,*,#2191,.F.);
#2191 = EDGE_CURVE('',#2192,#2184,#2194,.T.);
#2192 = VERTEX_POINT('',#2193);
#2193 = CARTESIAN_POINT('',(51.434069414732,77.024395807489,
    1.95399252334E-13));
#2194 = CIRCLE('',#2195,3.8);
#2195 = AXIS2_PLACEMENT_3D('',#2196,#2197,#2198);
#2196 = CARTESIAN_POINT('',(53.956162799426,79.866761892089,
    1.95399252334E-13));
#2197 = DIRECTION('',(0.,0.,-1.));
#2198 = DIRECTION('',(-0.663708785446,-0.747991074895,-0.));
#2199 = ORIENTED_EDGE('',*,*,#2200,.F.);
#2200 = EDGE_CURVE('',#2201,#2192,#2203,.T.);
#2201 = VERTEX_POINT('',#2202);
#2202 = CARTESIAN_POINT('',(56.235822629886,72.763695511181,
    1.95399252334E-13));
#2203 = LINE('',#2204,#2205);
#2204 = CARTESIAN_POINT('',(39.989058503834,87.179803466804,
    1.95399252334E-13));
#2205 = VECTOR('',#2206,1.);
#2206 = DIRECTION('',(-0.747991074895,0.663708785446,0.));
#2207 = ORIENTED_EDGE('',*,*,#2208,.F.);
#2208 = EDGE_CURVE('',#2209,#2201,#2211,.T.);
#2209 = VERTEX_POINT('',#2210);
#2210 = CARTESIAN_POINT('',(56.975663301902,71.118115146415,
    1.95399252334E-13));
#2211 = CIRCLE('',#2212,2.199999999999);
#2212 = AXIS2_PLACEMENT_3D('',#2213,#2214,#2215);
#2213 = CARTESIAN_POINT('',(54.775663301902,71.118115146416,
    1.95399252334E-13));
#2214 = DIRECTION('',(0.,0.,1.));
#2215 = DIRECTION('',(1.,-4.988602123983E-13,0.));
#2216 = ORIENTED_EDGE('',*,*,#2217,.F.);
#2217 = EDGE_CURVE('',#2218,#2209,#2220,.T.);
#2218 = VERTEX_POINT('',#2219);
#2219 = CARTESIAN_POINT('',(56.975663301902,66.034799593947,
    1.95399252334E-13));
#2220 = LINE('',#2221,#2222);
#2221 = CARTESIAN_POINT('',(56.975663301902,84.420383192958,
    1.95399252334E-13));
#2222 = VECTOR('',#2223,1.);
#2223 = DIRECTION('',(0.,1.,0.));
#2224 = ORIENTED_EDGE('',*,*,#2225,.F.);
#2225 = EDGE_CURVE('',#2226,#2218,#2228,.T.);
#2226 = VERTEX_POINT('',#2227);
#2227 = CARTESIAN_POINT('',(56.331298220512,64.479164675337,
    1.95399252334E-13));
#2228 = CIRCLE('',#2229,2.2);
#2229 = AXIS2_PLACEMENT_3D('',#2230,#2231,#2232);
#2230 = CARTESIAN_POINT('',(54.775663301902,66.034799593947,
    1.95399252334E-13));
#2231 = DIRECTION('',(0.,0.,1.));
#2232 = DIRECTION('',(0.707106781187,-0.707106781186,0.));
#2233 = ORIENTED_EDGE('',*,*,#2234,.F.);
#2234 = EDGE_CURVE('',#2235,#2226,#2237,.T.);
#2235 = VERTEX_POINT('',#2236);
#2236 = CARTESIAN_POINT('',(48.619886796688,56.767753251512,
    1.95399252334E-13));
#2237 = LINE('',#2238,#2239);
#2238 = CARTESIAN_POINT('',(57.781303219164,65.929169673988,
    1.95399252334E-13));
#2239 = VECTOR('',#2240,1.);
#2240 = DIRECTION('',(0.707106781187,0.707106781187,0.));
#2241 = ORIENTED_EDGE('',*,*,#2242,.F.);
#2242 = EDGE_CURVE('',#2243,#2235,#2245,.T.);
#2243 = VERTEX_POINT('',#2244);
#2244 = CARTESIAN_POINT('',(47.506892565197,54.080747483003,
    1.95399252334E-13));
#2245 = CIRCLE('',#2246,3.8);
#2246 = AXIS2_PLACEMENT_3D('',#2247,#2248,#2249);
#2247 = CARTESIAN_POINT('',(51.306892565197,54.080747483003,
    1.95399252334E-13));
#2248 = DIRECTION('',(0.,0.,-1.));
#2249 = DIRECTION('',(-1.,-9.177843670235E-14,-0.));
#2250 = ORIENTED_EDGE('',*,*,#2251,.F.);
#2251 = EDGE_CURVE('',#2252,#2243,#2254,.T.);
#2252 = VERTEX_POINT('',#2253);
#2253 = CARTESIAN_POINT('',(47.506892565197,3.,1.95399252334E-13));
#2254 = LINE('',#2255,#2256);
#2255 = CARTESIAN_POINT('',(47.506892565197,75.901699361252,
    1.95399252334E-13));
#2256 = VECTOR('',#2257,1.);
#2257 = DIRECTION('',(1.304080005871E-16,1.,0.));
#2258 = ORIENTED_EDGE('',*,*,#2259,.F.);
#2259 = EDGE_CURVE('',#2260,#2252,#2262,.T.);
#2260 = VERTEX_POINT('',#2261);
#2261 = CARTESIAN_POINT('',(45.306892565197,0.8,1.95399252334E-13));
#2262 = CIRCLE('',#2263,2.2);
#2263 = AXIS2_PLACEMENT_3D('',#2264,#2265,#2266);
#2264 = CARTESIAN_POINT('',(45.306892565197,3.,1.95399252334E-13));
#2265 = DIRECTION('',(0.,0.,1.));
#2266 = DIRECTION('',(4.440892098501E-15,-1.,0.));
#2267 = ORIENTED_EDGE('',*,*,#2268,.F.);
#2268 = EDGE_CURVE('',#2269,#2260,#2271,.T.);
#2269 = VERTEX_POINT('',#2270);
#2270 = CARTESIAN_POINT('',(41.832066098206,0.8,1.95399252334E-13));
#2271 = LINE('',#2272,#2273);
#2272 = CARTESIAN_POINT('',(37.097362108074,0.8,1.95399252334E-13));
#2273 = VECTOR('',#2274,1.);
#2274 = DIRECTION('',(1.,0.,0.));
#2275 = ORIENTED_EDGE('',*,*,#2276,.F.);
#2276 = EDGE_CURVE('',#2277,#2269,#2279,.T.);
#2277 = VERTEX_POINT('',#2278);
#2278 = CARTESIAN_POINT('',(40.157659030119,1.572988798104,
    1.95399252334E-13));
#2279 = CIRCLE('',#2280,2.199999999999);
#2280 = AXIS2_PLACEMENT_3D('',#2281,#2282,#2283);
#2281 = CARTESIAN_POINT('',(41.832066098207,2.999999999999,
    1.95399252334E-13));
#2282 = DIRECTION('',(0.,0.,1.));
#2283 = DIRECTION('',(-0.761094121858,-0.648641455407,0.));
#2284 = ORIENTED_EDGE('',*,*,#2285,.F.);
#2285 = EDGE_CURVE('',#2286,#2277,#2288,.T.);
#2286 = VERTEX_POINT('',#2287);
#2287 = CARTESIAN_POINT('',(31.018895192154,12.2961076801,
    1.95399252334E-13));
#2288 = LINE('',#2289,#2290);
#2289 = CARTESIAN_POINT('',(14.053401447387,32.202848847994,
    1.95399252334E-13));
#2290 = VECTOR('',#2291,1.);
#2291 = DIRECTION('',(0.648641455407,-0.761094121858,0.));
#2292 = ORIENTED_EDGE('',*,*,#2293,.F.);
#2293 = EDGE_CURVE('',#2294,#2286,#2296,.T.);
#2294 = VERTEX_POINT('',#2295);
#2295 = CARTESIAN_POINT('',(26.756768109748,12.2961076801,
    1.95399252334E-13));
#2296 = CIRCLE('',#2297,2.8);
#2297 = AXIS2_PLACEMENT_3D('',#2298,#2299,#2300);
#2298 = CARTESIAN_POINT('',(28.887831650951,10.479911604959,
    1.95399252334E-13));
#2299 = DIRECTION('',(0.,0.,-1.));
#2300 = DIRECTION('',(-4.614364446098E-14,1.,0.));
#2301 = ORIENTED_EDGE('',*,*,#2302,.F.);
#2302 = EDGE_CURVE('',#2303,#2294,#2305,.T.);
#2303 = VERTEX_POINT('',#2304);
#2304 = CARTESIAN_POINT('',(17.618004271782,1.572988798104,
    1.95399252334E-13));
#2305 = LINE('',#2306,#2307);
#2306 = CARTESIAN_POINT('',(48.291643773497,37.564408288992,
    1.95399252334E-13));
#2307 = VECTOR('',#2308,1.);
#2308 = DIRECTION('',(0.648641455407,0.761094121858,0.));
#2309 = ORIENTED_EDGE('',*,*,#2310,.F.);
#2310 = EDGE_CURVE('',#2311,#2303,#2313,.T.);
#2311 = VERTEX_POINT('',#2312);
#2312 = CARTESIAN_POINT('',(15.943597203695,0.8,1.95399252334E-13));
#2313 = CIRCLE('',#2314,2.199999999999);
#2314 = AXIS2_PLACEMENT_3D('',#2315,#2316,#2317);
#2315 = CARTESIAN_POINT('',(15.943597203695,2.999999999999,
    1.95399252334E-13));
#2316 = DIRECTION('',(0.,0.,1.));
#2317 = DIRECTION('',(0.761094121858,-0.648641455407,0.));
#2318 = ORIENTED_EDGE('',*,*,#2319,.F.);
#2319 = EDGE_CURVE('',#2320,#2311,#2322,.T.);
#2320 = VERTEX_POINT('',#2321);
#2321 = CARTESIAN_POINT('',(12.468770736705,0.8,1.95399252334E-13));
#2322 = LINE('',#2323,#2324);
#2323 = CARTESIAN_POINT('',(22.415714427323,0.8,1.95399252334E-13));
#2324 = VECTOR('',#2325,1.);
#2325 = DIRECTION('',(1.,0.,0.));
#2326 = ORIENTED_EDGE('',*,*,#2327,.F.);
#2327 = EDGE_CURVE('',#2328,#2320,#2330,.T.);
#2328 = VERTEX_POINT('',#2329);
#2329 = CARTESIAN_POINT('',(10.268770736705,3.,1.95399252334E-13));
#2330 = CIRCLE('',#2331,2.2);
#2331 = AXIS2_PLACEMENT_3D('',#2332,#2333,#2334);
#2332 = CARTESIAN_POINT('',(12.468770736705,3.,1.95399252334E-13));
#2333 = DIRECTION('',(0.,0.,1.));
#2334 = DIRECTION('',(-4.440892098501E-15,-1.,0.));
#2335 = ORIENTED_EDGE('',*,*,#2336,.F.);
#2336 = EDGE_CURVE('',#2337,#2328,#2339,.T.);
#2337 = VERTEX_POINT('',#2338);
#2338 = CARTESIAN_POINT('',(10.268770736705,54.080747483003,
    1.95399252334E-13));
#2339 = LINE('',#2340,#2341);
#2340 = CARTESIAN_POINT('',(10.268770736705,50.361325619751,
    1.95399252334E-13));
#2341 = VECTOR('',#2342,1.);
#2342 = DIRECTION('',(0.,-1.,0.));
#2343 = ORIENTED_EDGE('',*,*,#2344,.F.);
#2344 = EDGE_CURVE('',#2345,#2337,#2347,.T.);
#2345 = VERTEX_POINT('',#2346);
#2346 = CARTESIAN_POINT('',(9.155776505214,56.767753251512,
    1.95399252334E-13));
#2347 = CIRCLE('',#2348,3.8);
#2348 = AXIS2_PLACEMENT_3D('',#2349,#2350,#2351);
#2349 = CARTESIAN_POINT('',(6.468770736705,54.080747483003,
    1.95399252334E-13));
#2350 = DIRECTION('',(0.,0.,-1.));
#2351 = DIRECTION('',(1.,-9.473903143468E-14,0.));
#2352 = ORIENTED_EDGE('',*,*,#2353,.F.);
#2353 = EDGE_CURVE('',#2354,#2345,#2356,.T.);
#2354 = VERTEX_POINT('',#2355);
#2355 = CARTESIAN_POINT('',(1.444365081389,64.479164675337,
    1.95399252334E-13));
#2356 = LINE('',#2357,#2358);
#2357 = CARTESIAN_POINT('',(3.850065794651,62.073463962075,
    1.95399252334E-13));
#2358 = VECTOR('',#2359,1.);
#2359 = DIRECTION('',(0.707106781187,-0.707106781187,0.));
#2360 = ORIENTED_EDGE('',*,*,#2361,.F.);
#2361 = EDGE_CURVE('',#2362,#2354,#2364,.T.);
#2362 = VERTEX_POINT('',#2363);
#2363 = CARTESIAN_POINT('',(0.8,66.034799593947,1.95399252334E-13));
#2364 = CIRCLE('',#2365,2.2);
#2365 = AXIS2_PLACEMENT_3D('',#2366,#2367,#2368);
#2366 = CARTESIAN_POINT('',(3.,66.034799593947,1.95399252334E-13));
#2367 = DIRECTION('',(0.,0.,1.));
#2368 = DIRECTION('',(-0.707106781187,-0.707106781186,0.));
#2369 = ORIENTED_EDGE('',*,*,#2370,.F.);
#2370 = EDGE_CURVE('',#2371,#2362,#2373,.T.);
#2371 = VERTEX_POINT('',#2372);
#2372 = CARTESIAN_POINT('',(0.8,71.118115146415,1.95399252334E-13));
#2373 = LINE('',#2374,#2375);
#2374 = CARTESIAN_POINT('',(0.8,81.878725416724,1.95399252334E-13));
#2375 = VECTOR('',#2376,1.);
#2376 = DIRECTION('',(0.,-1.,0.));
#2377 = ORIENTED_EDGE('',*,*,#2378,.F.);
#2378 = EDGE_CURVE('',#2379,#2371,#2381,.T.);
#2379 = VERTEX_POINT('',#2380);
#2380 = CARTESIAN_POINT('',(1.539840672017,72.763695511182,
    1.95399252334E-13));
#2381 = CIRCLE('',#2382,2.199999999999);
#2382 = AXIS2_PLACEMENT_3D('',#2383,#2384,#2385);
#2383 = CARTESIAN_POINT('',(2.999999999999,71.118115146416,
    1.95399252334E-13));
#2384 = DIRECTION('',(0.,0.,1.));
#2385 = DIRECTION('',(-1.,-4.988602123983E-13,0.));
#2386 = ORIENTED_EDGE('',*,*,#2387,.F.);
#2387 = EDGE_CURVE('',#2388,#2379,#2390,.T.);
#2388 = VERTEX_POINT('',#2389);
#2389 = CARTESIAN_POINT('',(6.341593887169,77.024395807489,
    1.95399252334E-13));
#2390 = LINE('',#2391,#2392);
#2391 = CARTESIAN_POINT('',(15.385728190491,85.04945331865,
    1.95399252334E-13));
#2392 = VECTOR('',#2393,1.);
#2393 = DIRECTION('',(-0.747991074895,-0.663708785446,0.));
#2394 = ORIENTED_EDGE('',*,*,#2395,.F.);
#2395 = EDGE_CURVE('',#2396,#2388,#2398,.T.);
#2396 = VERTEX_POINT('',#2397);
#2397 = CARTESIAN_POINT('',(7.619500502475,79.866761892088,
    1.95399252334E-13));
#2398 = CIRCLE('',#2399,3.8);
#2399 = AXIS2_PLACEMENT_3D('',#2400,#2401,#2402);
#2400 = CARTESIAN_POINT('',(3.819500502475,79.866761892089,
    1.95399252334E-13));
#2401 = DIRECTION('',(0.,0.,-1.));
#2402 = DIRECTION('',(0.663708785446,-0.747991074895,0.));
#2403 = ORIENTED_EDGE('',*,*,#2404,.F.);
#2404 = EDGE_CURVE('',#2405,#2396,#2407,.T.);
#2405 = VERTEX_POINT('',#2406);
#2406 = CARTESIAN_POINT('',(7.619500502475,139.70116529314,
    1.95399252334E-13));
#2407 = LINE('',#2408,#2409);
#2408 = CARTESIAN_POINT('',(7.619500502475,88.794706565795,
    1.95399252334E-13));
#2409 = VECTOR('',#2410,1.);
#2410 = DIRECTION('',(0.,-1.,0.));
#2411 = ORIENTED_EDGE('',*,*,#2412,.F.);
#2412 = EDGE_CURVE('',#2413,#2405,#2415,.T.);
#2413 = VERTEX_POINT('',#2414);
#2414 = CARTESIAN_POINT('',(6.341593887169,142.54353137774,
    1.95399252334E-13));
#2415 = CIRCLE('',#2416,3.8);
#2416 = AXIS2_PLACEMENT_3D('',#2417,#2418,#2419);
#2417 = CARTESIAN_POINT('',(3.819500502475,139.70116529314,
    1.95399252334E-13));
#2418 = DIRECTION('',(0.,0.,-1.));
#2419 = DIRECTION('',(1.,3.01980662698E-13,0.));
#2420 = ORIENTED_EDGE('',*,*,#2421,.F.);
#2421 = EDGE_CURVE('',#2422,#2413,#2424,.T.);
#2422 = VERTEX_POINT('',#2423);
#2423 = CARTESIAN_POINT('',(1.539840672016,146.80423167405,
    1.95399252334E-13));
#2424 = LINE('',#2425,#2426);
#2425 = CARTESIAN_POINT('',(23.774422182452,127.07500283095,
    1.95399252334E-13));
#2426 = VECTOR('',#2427,1.);
#2427 = DIRECTION('',(0.747991074895,-0.663708785446,0.));
#2428 = ORIENTED_EDGE('',*,*,#2429,.F.);
#2429 = EDGE_CURVE('',#2430,#2422,#2432,.T.);
#2430 = VERTEX_POINT('',#2431);
#2431 = CARTESIAN_POINT('',(0.8,148.44981203882,1.95399252334E-13));
#2432 = CIRCLE('',#2433,2.2);
#2433 = AXIS2_PLACEMENT_3D('',#2434,#2435,#2436);
#2434 = CARTESIAN_POINT('',(3.,148.44981203882,1.95399252334E-13));
#2435 = DIRECTION('',(0.,0.,1.));
#2436 = DIRECTION('',(-0.663708785447,-0.747991074894,0.));
#2437 = ORIENTED_EDGE('',*,*,#2438,.F.);
#2438 = EDGE_CURVE('',#2439,#2430,#2441,.T.);
#2439 = VERTEX_POINT('',#2440);
#2440 = CARTESIAN_POINT('',(0.8,153.53312759129,1.95399252334E-13));
#2441 = LINE('',#2442,#2443);
#2442 = CARTESIAN_POINT('',(0.8,123.08623163916,1.95399252334E-13));
#2443 = VECTOR('',#2444,1.);
#2444 = DIRECTION('',(0.,-1.,0.));
#2445 = ORIENTED_EDGE('',*,*,#2446,.F.);
#2446 = EDGE_CURVE('',#2447,#2439,#2449,.T.);
#2447 = VERTEX_POINT('',#2448);
#2448 = CARTESIAN_POINT('',(1.444365081389,155.0887625099,
    1.95399252334E-13));
#2449 = CIRCLE('',#2450,2.2);
#2450 = AXIS2_PLACEMENT_3D('',#2451,#2452,#2453);
#2451 = CARTESIAN_POINT('',(3.,153.53312759129,1.95399252334E-13));
#2452 = DIRECTION('',(0.,0.,1.));
#2453 = DIRECTION('',(-1.,-2.368475785867E-14,0.));
#2454 = ORIENTED_EDGE('',*,*,#2455,.F.);
#2455 = EDGE_CURVE('',#2456,#2447,#2458,.T.);
#2456 = VERTEX_POINT('',#2457);
#2457 = CARTESIAN_POINT('',(8.155776505214,161.80017393372,
    1.95399252334E-13));
#2458 = LINE('',#2459,#2460);
#2459 = CARTESIAN_POINT('',(-6.036296093821,147.60810133469,
    1.95399252334E-13));
#2460 = VECTOR('',#2461,1.);
#2461 = DIRECTION('',(-0.707106781187,-0.707106781187,0.));
#2462 = ORIENTED_EDGE('',*,*,#2463,.F.);
#2463 = EDGE_CURVE('',#2464,#2456,#2466,.T.);
#2464 = VERTEX_POINT('',#2465);
#2465 = CARTESIAN_POINT('',(9.268770736705,164.48717970223,
    1.95399252334E-13));
#2466 = CIRCLE('',#2467,3.8);
#2467 = AXIS2_PLACEMENT_3D('',#2468,#2469,#2470);
#2468 = CARTESIAN_POINT('',(5.468770736705,164.48717970223,
    1.95399252334E-13));
#2469 = DIRECTION('',(0.,0.,-1.));
#2470 = DIRECTION('',(0.707106781187,-0.707106781186,0.));
#2471 = ORIENTED_EDGE('',*,*,#2472,.F.);
#2472 = EDGE_CURVE('',#2473,#2464,#2475,.T.);
#2473 = VERTEX_POINT('',#2474);
#2474 = CARTESIAN_POINT('',(9.268770736705,173.88012524817,
    1.95399252334E-13));
#2475 = LINE('',#2476,#2477);
#2476 = CARTESIAN_POINT('',(9.268770736705,131.10491547086,
    1.95399252334E-13));
#2477 = VECTOR('',#2478,1.);
#2478 = DIRECTION('',(4.727901462625E-16,-1.,0.));
#2479 = ORIENTED_EDGE('',*,*,#2480,.F.);
#2480 = EDGE_CURVE('',#2481,#2473,#2483,.T.);
#2481 = VERTEX_POINT('',#2482);
#2482 = CARTESIAN_POINT('',(7.990864121403,176.72249133277,
    1.95399252334E-13));
#2483 = CIRCLE('',#2484,3.8);
#2484 = AXIS2_PLACEMENT_3D('',#2485,#2486,#2487);
#2485 = CARTESIAN_POINT('',(5.468770736705,173.88012524817,
    1.95399252334E-13));
#2486 = DIRECTION('',(0.,0.,-1.));
#2487 = DIRECTION('',(1.,-4.648133729765E-13,0.));
#2488 = ORIENTED_EDGE('',*,*,#2489,.F.);
#2489 = EDGE_CURVE('',#2490,#2481,#2492,.T.);
#2490 = VERTEX_POINT('',#2491);
#2491 = CARTESIAN_POINT('',(5.189110906245,179.20854803313,
    1.95399252334E-13));
#2492 = LINE('',#2493,#2494);
#2493 = CARTESIAN_POINT('',(33.446359171923,154.13527569615,
    1.95399252334E-13));
#2494 = VECTOR('',#2495,1.);
#2495 = DIRECTION('',(0.747991074894,-0.663708785446,0.));
#2496 = ORIENTED_EDGE('',*,*,#2497,.F.);
#2497 = EDGE_CURVE('',#2498,#2490,#2500,.T.);
#2498 = VERTEX_POINT('',#2499);
#2499 = CARTESIAN_POINT('',(4.449270234229,180.8541283979,
    1.95399252334E-13));
#2500 = CIRCLE('',#2501,2.2);
#2501 = AXIS2_PLACEMENT_3D('',#2502,#2503,#2504);
#2502 = CARTESIAN_POINT('',(6.649270234229,180.85412839789,
    1.95399252334E-13));
#2503 = DIRECTION('',(0.,0.,1.));
#2504 = DIRECTION('',(-0.663708785447,-0.747991074894,0.));
#2505 = ORIENTED_EDGE('',*,*,#2506,.F.);
#2506 = EDGE_CURVE('',#2507,#2498,#2509,.T.);
#2507 = VERTEX_POINT('',#2508);
#2508 = CARTESIAN_POINT('',(4.449270234229,185.98403081124,
    1.95399252334E-13));
#2509 = LINE('',#2510,#2511);
#2510 = CARTESIAN_POINT('',(4.449270234229,139.2883898187,
    1.95399252334E-13));
#2511 = VECTOR('',#2512,1.);
#2512 = DIRECTION('',(0.,-1.,0.));
#2513 = ORIENTED_EDGE('',*,*,#2514,.F.);
#2514 = EDGE_CURVE('',#2515,#2507,#2517,.T.);
#2515 = VERTEX_POINT('',#2516);
#2516 = CARTESIAN_POINT('',(5.355713357774,187.76355619947,
    1.95399252334E-13));
#2517 = CIRCLE('',#2518,2.2);
#2518 = AXIS2_PLACEMENT_3D('',#2519,#2520,#2521);
#2519 = CARTESIAN_POINT('',(6.649270234229,185.98403081124,
    1.95399252334E-13));
#2520 = DIRECTION('',(0.,0.,1.));
#2521 = DIRECTION('',(-1.,7.993605777301E-14,0.));
#2522 = ORIENTED_EDGE('',*,*,#2523,.F.);
#2523 = EDGE_CURVE('',#2524,#2515,#2526,.T.);
#2524 = VERTEX_POINT('',#2525);
#2525 = CARTESIAN_POINT('',(15.562768132554,195.18317829622,
    1.95399252334E-13));
#2526 = LINE('',#2527,#2528);
#2527 = CARTESIAN_POINT('',(-8.357851567042,177.79501271789,
    1.95399252334E-13));
#2528 = VECTOR('',#2529,1.);
#2529 = DIRECTION('',(-0.808875176471,-0.587980398389,0.));
#2530 = ORIENTED_EDGE('',*,*,#2531,.T.);
#2531 = EDGE_CURVE('',#2524,#2532,#2534,.T.);
#2532 = VERTEX_POINT('',#2533);
#2533 = CARTESIAN_POINT('',(15.887831633048,194.445302479,
    1.95399252334E-13));
#2534 = CIRCLE('',#2535,1.);
#2535 = AXIS2_PLACEMENT_3D('',#2536,#2537,#2538);
#2536 = CARTESIAN_POINT('',(14.887831633049,194.445302479,
    1.95399252334E-13));
#2537 = DIRECTION('',(0.,0.,-1.));
#2538 = DIRECTION('',(-0.587980398389,0.808875176471,0.));
#2539 = ORIENTED_EDGE('',*,*,#2540,.T.);
#2540 = EDGE_CURVE('',#2532,#2541,#2543,.T.);
#2541 = VERTEX_POINT('',#2542);
#2542 = CARTESIAN_POINT('',(15.887831633048,191.23281826534,
    1.95399252334E-13));
#2543 = LINE('',#2544,#2545);
#2544 = CARTESIAN_POINT('',(15.887831633048,194.445302479,
    1.95399252334E-13));
#2545 = VECTOR('',#2546,1.);
#2546 = DIRECTION('',(0.,-1.,0.));
#2547 = ORIENTED_EDGE('',*,*,#2548,.T.);
#2548 = EDGE_CURVE('',#2541,#2549,#2551,.T.);
#2549 = VERTEX_POINT('',#2550);
#2550 = CARTESIAN_POINT('',(15.887831633048,189.63281826534,
    1.95399252334E-13));
#2551 = CIRCLE('',#2552,0.8);
#2552 = AXIS2_PLACEMENT_3D('',#2553,#2554,#2555);
#2553 = CARTESIAN_POINT('',(15.887831633048,190.43281826534,
    1.95399252334E-13));
#2554 = DIRECTION('',(0.,0.,1.));
#2555 = DIRECTION('',(-1.387778780782E-14,1.,0.));
#2556 = ORIENTED_EDGE('',*,*,#2557,.T.);
#2557 = EDGE_CURVE('',#2549,#2558,#2560,.T.);
#2558 = VERTEX_POINT('',#2559);
#2559 = CARTESIAN_POINT('',(19.007831669798,189.63281826534,
    1.95399252334E-13));
#2560 = LINE('',#2561,#2562);
#2561 = CARTESIAN_POINT('',(15.887831633048,189.63281826534,
    1.95399252334E-13));
#2562 = VECTOR('',#2563,1.);
#2563 = DIRECTION('',(1.,0.,0.));
#2564 = ORIENTED_EDGE('',*,*,#2565,.T.);
#2565 = EDGE_CURVE('',#2558,#2566,#2568,.T.);
#2566 = VERTEX_POINT('',#2567);
#2567 = CARTESIAN_POINT('',(19.007831640146,191.23281826534,
    1.95399252334E-13));
#2568 = CIRCLE('',#2569,0.8);
#2569 = AXIS2_PLACEMENT_3D('',#2570,#2571,#2572);
#2570 = CARTESIAN_POINT('',(19.007831660932,190.43281826534,
    1.95399252334E-13));
#2571 = DIRECTION('',(0.,0.,1.));
#2572 = DIRECTION('',(1.108218655732E-08,-1.,0.));
#2573 = ORIENTED_EDGE('',*,*,#2574,.T.);
#2574 = EDGE_CURVE('',#2566,#2575,#2577,.T.);
#2575 = VERTEX_POINT('',#2576);
#2576 = CARTESIAN_POINT('',(19.007831651115,192.24859758151,
    1.95399252334E-13));
#2577 = LINE('',#2578,#2579);
#2578 = CARTESIAN_POINT('',(19.007831652067,191.23281826534,
    1.95399252334E-13));
#2579 = VECTOR('',#2580,1.);
#2580 = DIRECTION('',(-9.369946536846E-10,1.,0.));
#2581 = ORIENTED_EDGE('',*,*,#2582,.F.);
#2582 = EDGE_CURVE('',#2583,#2575,#2585,.T.);
#2583 = VERTEX_POINT('',#2584);
#2584 = CARTESIAN_POINT('',(24.280271540349,189.11676625665,
    1.95399252334E-13));
#2585 = LINE('',#2586,#2587);
#2586 = CARTESIAN_POINT('',(43.584933771159,177.64978945648,
    1.95399252334E-13));
#2587 = VECTOR('',#2588,1.);
#2588 = DIRECTION('',(-0.85976022739,0.510697906201,0.));
#2589 = ORIENTED_EDGE('',*,*,#2590,.F.);
#2590 = EDGE_CURVE('',#2591,#2583,#2593,.T.);
#2591 = VERTEX_POINT('',#2592);
#2592 = CARTESIAN_POINT('',(27.242319396315,188.30337557552,
    1.95399252334E-13));
#2593 = CIRCLE('',#2594,5.800000000007);
#2594 = AXIS2_PLACEMENT_3D('',#2595,#2596,#2597);
#2595 = CARTESIAN_POINT('',(27.242319396317,194.10337557552,
    1.95399252334E-13));
#2596 = DIRECTION('',(0.,0.,-1.));
#2597 = DIRECTION('',(-0.510697906201,-0.85976022739,-0.));
#2598 = ORIENTED_EDGE('',*,*,#2599,.F.);
#2599 = EDGE_CURVE('',#2600,#2591,#2602,.T.);
#2600 = VERTEX_POINT('',#2601);
#2601 = CARTESIAN_POINT('',(30.533343905588,188.30337557552,
    1.95399252334E-13));
#2602 = LINE('',#2603,#2604);
#2603 = CARTESIAN_POINT('',(28.065075523584,188.30337557551,
    1.95399252334E-13));
#2604 = VECTOR('',#2605,1.);
#2605 = DIRECTION('',(-1.,-1.082551141175E-12,0.));
#2606 = ORIENTED_EDGE('',*,*,#2607,.F.);
#2607 = EDGE_CURVE('',#2608,#2600,#2610,.T.);
#2608 = VERTEX_POINT('',#2609);
#2609 = CARTESIAN_POINT('',(33.495391761552,189.11676625665,
    1.95399252334E-13));
#2610 = CIRCLE('',#2611,5.800000000007);
#2611 = AXIS2_PLACEMENT_3D('',#2612,#2613,#2614);
#2612 = CARTESIAN_POINT('',(30.533343905585,194.10337557552,
    1.95399252334E-13));
#2613 = DIRECTION('',(0.,0.,-1.));
#2614 = DIRECTION('',(0.510697906201,-0.85976022739,0.));
#2615 = ORIENTED_EDGE('',*,*,#2616,.F.);
#2616 = EDGE_CURVE('',#2617,#2608,#2619,.T.);
#2617 = VERTEX_POINT('',#2618);
#2618 = CARTESIAN_POINT('',(38.767831650787,192.24859758151,
    1.95399252334E-13));
#2619 = LINE('',#2620,#2621);
#2620 = CARTESIAN_POINT('',(11.72790490017,176.18687067737,
    1.95399252334E-13));
#2621 = VECTOR('',#2622,1.);
#2622 = DIRECTION('',(-0.85976022739,-0.510697906201,0.));
#2623 = ORIENTED_EDGE('',*,*,#2624,.T.);
#2624 = EDGE_CURVE('',#2617,#2625,#2627,.T.);
#2625 = VERTEX_POINT('',#2626);
#2626 = CARTESIAN_POINT('',(38.767831649835,191.23281826534,
    1.95399252334E-13));
#2627 = LINE('',#2628,#2629);
#2628 = CARTESIAN_POINT('',(38.767831649835,191.23281826534,
    1.95399252334E-13));
#2629 = VECTOR('',#2630,1.);
#2630 = DIRECTION('',(-9.37006091633E-10,-1.,0.));
#2631 = ORIENTED_EDGE('',*,*,#2632,.T.);
#2632 = EDGE_CURVE('',#2625,#2633,#2635,.T.);
#2633 = VERTEX_POINT('',#2634);
#2634 = CARTESIAN_POINT('',(38.767831632103,189.63281826534,
    1.95399252334E-13));
#2635 = CIRCLE('',#2636,0.8);
#2636 = AXIS2_PLACEMENT_3D('',#2637,#2638,#2639);
#2637 = CARTESIAN_POINT('',(38.767831640969,190.43281826534,
    1.95399252334E-13));
#2638 = DIRECTION('',(0.,0.,1.));
#2639 = DIRECTION('',(-1.108218655732E-08,-1.,0.));
#2640 = ORIENTED_EDGE('',*,*,#2641,.T.);
#2641 = EDGE_CURVE('',#2633,#2642,#2644,.T.);
#2642 = VERTEX_POINT('',#2643);
#2643 = CARTESIAN_POINT('',(41.887831668853,189.63281826534,
    1.95399252334E-13));
#2644 = LINE('',#2645,#2646);
#2645 = CARTESIAN_POINT('',(41.887831668853,189.63281826534,
    1.95399252334E-13));
#2646 = VECTOR('',#2647,1.);
#2647 = DIRECTION('',(1.,0.,0.));
#2648 = ORIENTED_EDGE('',*,*,#2649,.T.);
#2649 = EDGE_CURVE('',#2642,#2650,#2652,.T.);
#2650 = VERTEX_POINT('',#2651);
#2651 = CARTESIAN_POINT('',(41.887831668853,191.23281826534,
    1.95399252334E-13));
#2652 = CIRCLE('',#2653,0.8);
#2653 = AXIS2_PLACEMENT_3D('',#2654,#2655,#2656);
#2654 = CARTESIAN_POINT('',(41.887831668853,190.43281826534,
    1.95399252334E-13));
#2655 = DIRECTION('',(0.,0.,1.));
#2656 = DIRECTION('',(1.387778780782E-14,1.,-0.));
#2657 = ORIENTED_EDGE('',*,*,#2658,.T.);
#2658 = EDGE_CURVE('',#2650,#2659,#2661,.T.);
#2659 = VERTEX_POINT('',#2660);
#2660 = CARTESIAN_POINT('',(41.887831668853,194.445302479,
    1.95399252334E-13));
#2661 = LINE('',#2662,#2663);
#2662 = CARTESIAN_POINT('',(41.887831668853,194.445302479,
    1.95399252334E-13));
#2663 = VECTOR('',#2664,1.);
#2664 = DIRECTION('',(0.,1.,0.));
#2665 = ORIENTED_EDGE('',*,*,#2666,.T.);
#2666 = EDGE_CURVE('',#2659,#2065,#2667,.T.);
#2667 = CIRCLE('',#2668,1.);
#2668 = AXIS2_PLACEMENT_3D('',#2669,#2670,#2671);
#2669 = CARTESIAN_POINT('',(42.887831668853,194.445302479,
    1.95399252334E-13));
#2670 = DIRECTION('',(0.,0.,-1.));
#2671 = DIRECTION('',(0.587980398389,0.808875176471,0.));
#2672 = FACE_BOUND('',#2673,.T.);
#2673 = EDGE_LOOP('',(#2674,#2684,#2693,#2701,#2710,#2718,#2727,#2735));
#2674 = ORIENTED_EDGE('',*,*,#2675,.F.);
#2675 = EDGE_CURVE('',#2676,#2678,#2680,.T.);
#2676 = VERTEX_POINT('',#2677);
#2677 = CARTESIAN_POINT('',(21.064128548471,58.110849873963,
    1.95399252334E-13));
#2678 = VERTEX_POINT('',#2679);
#2679 = CARTESIAN_POINT('',(21.064128548471,35.110849873963,
    1.95399252334E-13));
#2680 = LINE('',#2681,#2682);
#2681 = CARTESIAN_POINT('',(21.064128548471,66.416750556732,
    1.95399252334E-13));
#2682 = VECTOR('',#2683,1.);
#2683 = DIRECTION('',(0.,-1.,0.));
#2684 = ORIENTED_EDGE('',*,*,#2685,.F.);
#2685 = EDGE_CURVE('',#2686,#2676,#2688,.T.);
#2686 = VERTEX_POINT('',#2687);
#2687 = CARTESIAN_POINT('',(19.264128548471,59.910849873963,
    1.95399252334E-13));
#2688 = CIRCLE('',#2689,1.8);
#2689 = AXIS2_PLACEMENT_3D('',#2690,#2691,#2692);
#2690 = CARTESIAN_POINT('',(19.264128548471,58.110849873963,
    1.95399252334E-13));
#2691 = DIRECTION('',(0.,0.,-1.));
#2692 = DIRECTION('',(-1.110223024625E-15,1.,0.));
#2693 = ORIENTED_EDGE('',*,*,#2694,.F.);
#2694 = EDGE_CURVE('',#2695,#2686,#2697,.T.);
#2695 = VERTEX_POINT('',#2696);
#2696 = CARTESIAN_POINT('',(17.764128548472,59.910849873963,
    1.95399252334E-13));
#2697 = LINE('',#2698,#2699);
#2698 = CARTESIAN_POINT('',(24.075980099711,59.910849873963,
    1.95399252334E-13));
#2699 = VECTOR('',#2700,1.);
#2700 = DIRECTION('',(1.,0.,0.));
#2701 = ORIENTED_EDGE('',*,*,#2702,.F.);
#2702 = EDGE_CURVE('',#2703,#2695,#2705,.T.);
#2703 = VERTEX_POINT('',#2704);
#2704 = CARTESIAN_POINT('',(15.964128548472,58.110849873963,
    1.95399252334E-13));
#2705 = CIRCLE('',#2706,1.8);
#2706 = AXIS2_PLACEMENT_3D('',#2707,#2708,#2709);
#2707 = CARTESIAN_POINT('',(17.764128548472,58.110849873963,
    1.95399252334E-13));
#2708 = DIRECTION('',(0.,0.,-1.));
#2709 = DIRECTION('',(-1.,0.,0.));
#2710 = ORIENTED_EDGE('',*,*,#2711,.F.);
#2711 = EDGE_CURVE('',#2712,#2703,#2714,.T.);
#2712 = VERTEX_POINT('',#2713);
#2713 = CARTESIAN_POINT('',(15.964128548472,35.110849873963,
    1.95399252334E-13));
#2714 = LINE('',#2715,#2716);
#2715 = CARTESIAN_POINT('',(15.964128548472,77.916750556732,
    1.95399252334E-13));
#2716 = VECTOR('',#2717,1.);
#2717 = DIRECTION('',(0.,1.,0.));
#2718 = ORIENTED_EDGE('',*,*,#2719,.F.);
#2719 = EDGE_CURVE('',#2720,#2712,#2722,.T.);
#2720 = VERTEX_POINT('',#2721);
#2721 = CARTESIAN_POINT('',(17.764128548472,33.310849873963,
    1.95399252334E-13));
#2722 = CIRCLE('',#2723,1.8);
#2723 = AXIS2_PLACEMENT_3D('',#2724,#2725,#2726);
#2724 = CARTESIAN_POINT('',(17.764128548472,35.110849873963,
    1.95399252334E-13));
#2725 = DIRECTION('',(0.,0.,-1.));
#2726 = DIRECTION('',(-6.661338147751E-15,-1.,-0.));
#2727 = ORIENTED_EDGE('',*,*,#2728,.F.);
#2728 = EDGE_CURVE('',#2729,#2720,#2731,.T.);
#2729 = VERTEX_POINT('',#2730);
#2730 = CARTESIAN_POINT('',(19.264128548471,33.310849873963,
    1.95399252334E-13));
#2731 = LINE('',#2732,#2733);
#2732 = CARTESIAN_POINT('',(23.325980099711,33.310849873963,
    1.95399252334E-13));
#2733 = VECTOR('',#2734,1.);
#2734 = DIRECTION('',(-1.,0.,0.));
#2735 = ORIENTED_EDGE('',*,*,#2736,.F.);
#2736 = EDGE_CURVE('',#2678,#2729,#2737,.T.);
#2737 = CIRCLE('',#2738,1.8);
#2738 = AXIS2_PLACEMENT_3D('',#2739,#2740,#2741);
#2739 = CARTESIAN_POINT('',(19.264128548471,35.110849873963,
    1.95399252334E-13));
#2740 = DIRECTION('',(0.,0.,-1.));
#2741 = DIRECTION('',(1.,0.,0.));
#2742 = FACE_BOUND('',#2743,.T.);
#2743 = EDGE_LOOP('',(#2744,#2754,#2763,#2771,#2780,#2788,#2797,#2805));
#2744 = ORIENTED_EDGE('',*,*,#2745,.F.);
#2745 = EDGE_CURVE('',#2746,#2748,#2750,.T.);
#2746 = VERTEX_POINT('',#2747);
#2747 = CARTESIAN_POINT('',(40.067292557676,98.283963592619,
    1.95399252334E-13));
#2748 = VERTEX_POINT('',#2749);
#2749 = CARTESIAN_POINT('',(40.067292557676,121.28396359261,
    1.95399252334E-13));
#2750 = LINE('',#2751,#2752);
#2751 = CARTESIAN_POINT('',(40.067292557676,109.50330741606,
    1.95399252334E-13));
#2752 = VECTOR('',#2753,1.);
#2753 = DIRECTION('',(0.,1.,0.));
#2754 = ORIENTED_EDGE('',*,*,#2755,.F.);
#2755 = EDGE_CURVE('',#2756,#2746,#2758,.T.);
#2756 = VERTEX_POINT('',#2757);
#2757 = CARTESIAN_POINT('',(41.867292557676,96.483963592619,
    1.95399252334E-13));
#2758 = CIRCLE('',#2759,1.8);
#2759 = AXIS2_PLACEMENT_3D('',#2760,#2761,#2762);
#2760 = CARTESIAN_POINT('',(41.867292557676,98.283963592619,
    1.95399252334E-13));
#2761 = DIRECTION('',(0.,0.,-1.));
#2762 = DIRECTION('',(-1.,-2.22044604925E-15,-0.));
#2763 = ORIENTED_EDGE('',*,*,#2764,.F.);
#2764 = EDGE_CURVE('',#2765,#2756,#2767,.T.);
#2765 = VERTEX_POINT('',#2766);
#2766 = CARTESIAN_POINT('',(43.367292557676,96.483963592619,
    1.95399252334E-13));
#2767 = LINE('',#2768,#2769);
#2768 = CARTESIAN_POINT('',(35.377562104313,96.483963592619,
    1.95399252334E-13));
#2769 = VECTOR('',#2770,1.);
#2770 = DIRECTION('',(-1.,-1.480297366167E-15,0.));
#2771 = ORIENTED_EDGE('',*,*,#2772,.F.);
#2772 = EDGE_CURVE('',#2773,#2765,#2775,.T.);
#2773 = VERTEX_POINT('',#2774);
#2774 = CARTESIAN_POINT('',(45.167292557676,98.283963592619,
    1.95399252334E-13));
#2775 = CIRCLE('',#2776,1.8);
#2776 = AXIS2_PLACEMENT_3D('',#2777,#2778,#2779);
#2777 = CARTESIAN_POINT('',(43.367292557676,98.283963592619,
    1.95399252334E-13));
#2778 = DIRECTION('',(0.,0.,-1.));
#2779 = DIRECTION('',(-2.22044604925E-15,-1.,-0.));
#2780 = ORIENTED_EDGE('',*,*,#2781,.F.);
#2781 = EDGE_CURVE('',#2782,#2773,#2784,.T.);
#2782 = VERTEX_POINT('',#2783);
#2783 = CARTESIAN_POINT('',(45.167292557676,121.28396359261,
    1.95399252334E-13));
#2784 = LINE('',#2785,#2786);
#2785 = CARTESIAN_POINT('',(45.167292557676,98.003307416061,
    1.95399252334E-13));
#2786 = VECTOR('',#2787,1.);
#2787 = DIRECTION('',(-9.65411325761E-17,-1.,0.));
#2788 = ORIENTED_EDGE('',*,*,#2789,.F.);
#2789 = EDGE_CURVE('',#2790,#2782,#2792,.T.);
#2790 = VERTEX_POINT('',#2791);
#2791 = CARTESIAN_POINT('',(43.367292557676,123.08396359261,
    1.95399252334E-13));
#2792 = CIRCLE('',#2793,1.8);
#2793 = AXIS2_PLACEMENT_3D('',#2794,#2795,#2796);
#2794 = CARTESIAN_POINT('',(43.367292557676,121.28396359261,
    1.95399252334E-13));
#2795 = DIRECTION('',(0.,0.,-1.));
#2796 = DIRECTION('',(1.,-2.22044604925E-15,0.));
#2797 = ORIENTED_EDGE('',*,*,#2798,.F.);
#2798 = EDGE_CURVE('',#2799,#2790,#2801,.T.);
#2799 = VERTEX_POINT('',#2800);
#2800 = CARTESIAN_POINT('',(41.867292557676,123.08396359261,
    1.95399252334E-13));
#2801 = LINE('',#2802,#2803);
#2802 = CARTESIAN_POINT('',(36.127562104313,123.08396359261,
    1.95399252334E-13));
#2803 = VECTOR('',#2804,1.);
#2804 = DIRECTION('',(1.,0.,0.));
#2805 = ORIENTED_EDGE('',*,*,#2806,.F.);
#2806 = EDGE_CURVE('',#2748,#2799,#2807,.T.);
#2807 = CIRCLE('',#2808,1.8);
#2808 = AXIS2_PLACEMENT_3D('',#2809,#2810,#2811);
#2809 = CARTESIAN_POINT('',(41.867292557676,121.28396359261,
    1.95399252334E-13));
#2810 = DIRECTION('',(0.,0.,-1.));
#2811 = DIRECTION('',(2.22044604925E-15,1.,0.));
#2812 = FACE_BOUND('',#2813,.T.);
#2813 = EDGE_LOOP('',(#2814));
#2814 = ORIENTED_EDGE('',*,*,#2815,.T.);
#2815 = EDGE_CURVE('',#2816,#2816,#2818,.T.);
#2816 = VERTEX_POINT('',#2817);
#2817 = CARTESIAN_POINT('',(12.977115027577,5.791563325877,
    1.95399252334E-13));
#2818 = CIRCLE('',#2819,1.5);
#2819 = AXIS2_PLACEMENT_3D('',#2820,#2821,#2822);
#2820 = CARTESIAN_POINT('',(14.477115027577,5.791563325877,
    1.95399252334E-13));
#2821 = DIRECTION('',(0.,0.,1.));
#2822 = DIRECTION('',(1.,0.,-0.));
#2823 = FACE_BOUND('',#2824,.T.);
#2824 = EDGE_LOOP('',(#2825));
#2825 = ORIENTED_EDGE('',*,*,#2826,.T.);
#2826 = EDGE_CURVE('',#2827,#2827,#2829,.T.);
#2827 = VERTEX_POINT('',#2828);
#2828 = CARTESIAN_POINT('',(27.387831650951,168.78808777525,
    1.95399252334E-13));
#2829 = CIRCLE('',#2830,1.5);
#2830 = AXIS2_PLACEMENT_3D('',#2831,#2832,#2833);
#2831 = CARTESIAN_POINT('',(28.887831650951,168.78808777525,
    1.95399252334E-13));
#2832 = DIRECTION('',(0.,0.,1.));
#2833 = DIRECTION('',(1.,0.,-0.));
#2834 = FACE_BOUND('',#2835,.T.);
#2835 = EDGE_LOOP('',(#2836,#2846,#2855,#2863,#2872,#2880,#2889,#2897));
#2836 = ORIENTED_EDGE('',*,*,#2837,.T.);
#2837 = EDGE_CURVE('',#2838,#2840,#2842,.T.);
#2838 = VERTEX_POINT('',#2839);
#2839 = CARTESIAN_POINT('',(38.767831668734,182.71245203249,
    1.95399252334E-13));
#2840 = VERTEX_POINT('',#2841);
#2841 = CARTESIAN_POINT('',(38.767831668738,179.81246892309,
    1.95399252334E-13));
#2842 = LINE('',#2843,#2844);
#2843 = CARTESIAN_POINT('',(38.767831668738,179.81246892309,
    1.95399252334E-13));
#2844 = VECTOR('',#2845,1.);
#2845 = DIRECTION('',(1.253410811548E-12,-1.,0.));
#2846 = ORIENTED_EDGE('',*,*,#2847,.T.);
#2847 = EDGE_CURVE('',#2840,#2848,#2850,.T.);
#2848 = VERTEX_POINT('',#2849);
#2849 = CARTESIAN_POINT('',(38.767831631987,178.21246892309,
    1.95399252334E-13));
#2850 = CIRCLE('',#2851,0.8);
#2851 = AXIS2_PLACEMENT_3D('',#2852,#2853,#2854);
#2852 = CARTESIAN_POINT('',(38.767831631987,179.01246892309,
    1.95399252334E-13));
#2853 = DIRECTION('',(0.,0.,1.));
#2854 = DIRECTION('',(-1.387778780782E-15,-1.,0.));
#2855 = ORIENTED_EDGE('',*,*,#2856,.T.);
#2856 = EDGE_CURVE('',#2848,#2857,#2859,.T.);
#2857 = VERTEX_POINT('',#2858);
#2858 = CARTESIAN_POINT('',(41.887831668737,178.21246892309,
    1.95399252334E-13));
#2859 = LINE('',#2860,#2861);
#2860 = CARTESIAN_POINT('',(41.887831668737,178.21246892309,
    1.95399252334E-13));
#2861 = VECTOR('',#2862,1.);
#2862 = DIRECTION('',(1.,-7.11681417659E-14,0.));
#2863 = ORIENTED_EDGE('',*,*,#2864,.T.);
#2864 = EDGE_CURVE('',#2857,#2865,#2867,.T.);
#2865 = VERTEX_POINT('',#2866);
#2866 = CARTESIAN_POINT('',(41.887831668737,179.81246892309,
    1.95399252334E-13));
#2867 = CIRCLE('',#2868,0.8);
#2868 = AXIS2_PLACEMENT_3D('',#2869,#2870,#2871);
#2869 = CARTESIAN_POINT('',(41.887831668737,179.01246892309,
    1.95399252334E-13));
#2870 = DIRECTION('',(0.,0.,1.));
#2871 = DIRECTION('',(5.551115123128E-15,1.,-0.));
#2872 = ORIENTED_EDGE('',*,*,#2873,.T.);
#2873 = EDGE_CURVE('',#2865,#2874,#2876,.T.);
#2874 = VERTEX_POINT('',#2875);
#2875 = CARTESIAN_POINT('',(41.887831668737,182.71245203249,
    1.95399252334E-13));
#2876 = LINE('',#2877,#2878);
#2877 = CARTESIAN_POINT('',(41.887831668737,182.71245203249,
    1.95399252334E-13));
#2878 = VECTOR('',#2879,1.);
#2879 = DIRECTION('',(0.,1.,0.));
#2880 = ORIENTED_EDGE('',*,*,#2881,.T.);
#2881 = EDGE_CURVE('',#2874,#2882,#2884,.T.);
#2882 = VERTEX_POINT('',#2883);
#2883 = CARTESIAN_POINT('',(41.887831668737,184.31245203249,
    1.95399252334E-13));
#2884 = CIRCLE('',#2885,0.8);
#2885 = AXIS2_PLACEMENT_3D('',#2886,#2887,#2888);
#2886 = CARTESIAN_POINT('',(41.887831668737,183.51245203249,
    1.95399252334E-13));
#2887 = DIRECTION('',(0.,-0.,1.));
#2888 = DIRECTION('',(0.,1.,0.));
#2889 = ORIENTED_EDGE('',*,*,#2890,.T.);
#2890 = EDGE_CURVE('',#2882,#2891,#2893,.T.);
#2891 = VERTEX_POINT('',#2892);
#2892 = CARTESIAN_POINT('',(38.767831631003,184.31245203249,
    1.95399252334E-13));
#2893 = LINE('',#2894,#2895);
#2894 = CARTESIAN_POINT('',(38.767831631987,184.31245203249,
    1.95399252334E-13));
#2895 = VECTOR('',#2896,1.);
#2896 = DIRECTION('',(-1.,1.480297348731E-13,0.));
#2897 = ORIENTED_EDGE('',*,*,#2898,.T.);
#2898 = EDGE_CURVE('',#2891,#2838,#2899,.T.);
#2899 = CIRCLE('',#2900,0.8);
#2900 = AXIS2_PLACEMENT_3D('',#2901,#2902,#2903);
#2901 = CARTESIAN_POINT('',(38.767831631987,183.51245203249,
    1.95399252334E-13));
#2902 = DIRECTION('',(0.,0.,1.));
#2903 = DIRECTION('',(4.593402880283E-08,-1.,0.));
#2904 = FACE_BOUND('',#2905,.T.);
#2905 = EDGE_LOOP('',(#2906));
#2906 = ORIENTED_EDGE('',*,*,#2907,.T.);
#2907 = EDGE_CURVE('',#2908,#2908,#2910,.T.);
#2908 = VERTEX_POINT('',#2909);
#2909 = CARTESIAN_POINT('',(7.307457922019,183.36458166363,
    1.95399252334E-13));
#2910 = CIRCLE('',#2911,1.5);
#2911 = AXIS2_PLACEMENT_3D('',#2912,#2913,#2914);
#2912 = CARTESIAN_POINT('',(8.807457922019,183.36458166363,
    1.95399252334E-13));
#2913 = DIRECTION('',(0.,0.,1.));
#2914 = DIRECTION('',(1.,0.,-0.));
#2915 = FACE_BOUND('',#2916,.T.);
#2916 = EDGE_LOOP('',(#2917));
#2917 = ORIENTED_EDGE('',*,*,#2918,.T.);
#2918 = EDGE_CURVE('',#2919,#2919,#2921,.T.);
#2919 = VERTEX_POINT('',#2920);
#2920 = CARTESIAN_POINT('',(51.114298155575,68.607661880682,
    1.95399252334E-13));
#2921 = CIRCLE('',#2922,1.5);
#2922 = AXIS2_PLACEMENT_3D('',#2923,#2924,#2925);
#2923 = CARTESIAN_POINT('',(52.614298155575,68.607661880682,
    1.95399252334E-13));
#2924 = DIRECTION('',(0.,0.,1.));
#2925 = DIRECTION('',(1.,0.,-0.));
#2926 = FACE_BOUND('',#2927,.T.);
#2927 = EDGE_LOOP('',(#2928));
#2928 = ORIENTED_EDGE('',*,*,#2929,.T.);
#2929 = EDGE_CURVE('',#2930,#2930,#2932,.T.);
#2930 = VERTEX_POINT('',#2931);
#2931 = CARTESIAN_POINT('',(41.798548274324,5.791563325877,
    1.95399252334E-13));
#2932 = CIRCLE('',#2933,1.5);
#2933 = AXIS2_PLACEMENT_3D('',#2934,#2935,#2936);
#2934 = CARTESIAN_POINT('',(43.298548274324,5.791563325877,
    1.95399252334E-13));
#2935 = DIRECTION('',(0.,0.,1.));
#2936 = DIRECTION('',(1.,0.,-0.));
#2937 = FACE_BOUND('',#2938,.T.);
#2938 = EDGE_LOOP('',(#2939));
#2939 = ORIENTED_EDGE('',*,*,#2940,.T.);
#2940 = EDGE_CURVE('',#2941,#2941,#2943,.T.);
#2941 = VERTEX_POINT('',#2942);
#2942 = CARTESIAN_POINT('',(3.661365146327,68.607661880682,
    1.95399252334E-13));
#2943 = CIRCLE('',#2944,1.5);
#2944 = AXIS2_PLACEMENT_3D('',#2945,#2946,#2947);
#2945 = CARTESIAN_POINT('',(5.161365146327,68.607661880682,
    1.95399252334E-13));
#2946 = DIRECTION('',(0.,0.,1.));
#2947 = DIRECTION('',(1.,0.,-0.));
#2948 = FACE_BOUND('',#2949,.T.);
#2949 = EDGE_LOOP('',(#2950));
#2950 = ORIENTED_EDGE('',*,*,#2951,.T.);
#2951 = EDGE_CURVE('',#2952,#2952,#2954,.T.);
#2952 = VERTEX_POINT('',#2953);
#2953 = CARTESIAN_POINT('',(47.468205379882,183.36458166363,
    1.95399252334E-13));
#2954 = CIRCLE('',#2955,1.5);
#2955 = AXIS2_PLACEMENT_3D('',#2956,#2957,#2958);
#2956 = CARTESIAN_POINT('',(48.968205379882,183.36458166363,
    1.95399252334E-13));
#2957 = DIRECTION('',(0.,0.,1.));
#2958 = DIRECTION('',(1.,0.,-0.));
#2959 = FACE_BOUND('',#2960,.T.);
#2960 = EDGE_LOOP('',(#2961));
#2961 = ORIENTED_EDGE('',*,*,#2962,.T.);
#2962 = EDGE_CURVE('',#2963,#2963,#2965,.T.);
#2963 = VERTEX_POINT('',#2964);
#2964 = CARTESIAN_POINT('',(27.387831650951,78.714405742055,
    1.95399252334E-13));
#2965 = CIRCLE('',#2966,1.5);
#2966 = AXIS2_PLACEMENT_3D('',#2967,#2968,#2969);
#2967 = CARTESIAN_POINT('',(28.887831650951,78.714405742055,
    1.95399252334E-13));
#2968 = DIRECTION('',(0.,0.,1.));
#2969 = DIRECTION('',(1.,0.,-0.));
#2970 = FACE_BOUND('',#2971,.T.);
#2971 = EDGE_LOOP('',(#2972,#2982,#2991,#2999,#3008,#3016,#3025,#3033));
#2972 = ORIENTED_EDGE('',*,*,#2973,.T.);
#2973 = EDGE_CURVE('',#2974,#2976,#2978,.T.);
#2974 = VERTEX_POINT('',#2975);
#2975 = CARTESIAN_POINT('',(15.887831633163,182.71245203249,
    1.95399252334E-13));
#2976 = VERTEX_POINT('',#2977);
#2977 = CARTESIAN_POINT('',(15.887831633163,179.81246892309,
    1.95399252334E-13));
#2978 = LINE('',#2979,#2980);
#2979 = CARTESIAN_POINT('',(15.887831633163,182.71245203249,
    1.95399252334E-13));
#2980 = VECTOR('',#2981,1.);
#2981 = DIRECTION('',(-4.594053066151E-15,-1.,0.));
#2982 = ORIENTED_EDGE('',*,*,#2983,.T.);
#2983 = EDGE_CURVE('',#2976,#2984,#2986,.T.);
#2984 = VERTEX_POINT('',#2985);
#2985 = CARTESIAN_POINT('',(15.887831633163,178.21246892309,
    1.95399252334E-13));
#2986 = CIRCLE('',#2987,0.8);
#2987 = AXIS2_PLACEMENT_3D('',#2988,#2989,#2990);
#2988 = CARTESIAN_POINT('',(15.887831633163,179.01246892309,
    1.95399252334E-13));
#2989 = DIRECTION('',(0.,0.,1.));
#2990 = DIRECTION('',(-8.326672684693E-15,1.,0.));
#2991 = ORIENTED_EDGE('',*,*,#2992,.T.);
#2992 = EDGE_CURVE('',#2984,#2993,#2995,.T.);
#2993 = VERTEX_POINT('',#2994);
#2994 = CARTESIAN_POINT('',(19.007831669913,178.21246892309,
    1.95399252334E-13));
#2995 = LINE('',#2996,#2997);
#2996 = CARTESIAN_POINT('',(15.887831633163,178.21246892309,
    1.95399252334E-13));
#2997 = VECTOR('',#2998,1.);
#2998 = DIRECTION('',(1.,0.,0.));
#2999 = ORIENTED_EDGE('',*,*,#3000,.T.);
#3000 = EDGE_CURVE('',#2993,#3001,#3003,.T.);
#3001 = VERTEX_POINT('',#3002);
#3002 = CARTESIAN_POINT('',(19.00783163415,179.81246892309,
    1.95399252334E-13));
#3003 = CIRCLE('',#3004,0.8);
#3004 = AXIS2_PLACEMENT_3D('',#3005,#3006,#3007);
#3005 = CARTESIAN_POINT('',(19.007831669913,179.01246892309,
    1.95399252334E-13));
#3006 = DIRECTION('',(0.,0.,1.));
#3007 = DIRECTION('',(-6.938893903911E-15,-1.,0.));
#3008 = ORIENTED_EDGE('',*,*,#3009,.T.);
#3009 = EDGE_CURVE('',#3001,#3010,#3012,.T.);
#3010 = VERTEX_POINT('',#3011);
#3011 = CARTESIAN_POINT('',(19.007831633166,182.71245203249,
    1.95399252334E-13));
#3012 = LINE('',#3013,#3014);
#3013 = CARTESIAN_POINT('',(19.007831633162,179.81246892309,
    1.95399252334E-13));
#3014 = VECTOR('',#3015,1.);
#3015 = DIRECTION('',(1.254559324815E-12,1.,0.));
#3016 = ORIENTED_EDGE('',*,*,#3017,.T.);
#3017 = EDGE_CURVE('',#3010,#3018,#3020,.T.);
#3018 = VERTEX_POINT('',#3019);
#3019 = CARTESIAN_POINT('',(19.007831670897,184.31245203249,
    1.95399252334E-13));
#3020 = CIRCLE('',#3021,0.8);
#3021 = AXIS2_PLACEMENT_3D('',#3022,#3023,#3024);
#3022 = CARTESIAN_POINT('',(19.007831669913,183.51245203249,
    1.95399252334E-13));
#3023 = DIRECTION('',(0.,0.,1.));
#3024 = DIRECTION('',(-4.593403990507E-08,-1.,0.));
#3025 = ORIENTED_EDGE('',*,*,#3026,.T.);
#3026 = EDGE_CURVE('',#3018,#3027,#3029,.T.);
#3027 = VERTEX_POINT('',#3028);
#3028 = CARTESIAN_POINT('',(15.887831633163,184.31245203249,
    1.95399252334E-13));
#3029 = LINE('',#3030,#3031);
#3030 = CARTESIAN_POINT('',(19.007831669913,184.31245203249,
    1.95399252334E-13));
#3031 = VECTOR('',#3032,1.);
#3032 = DIRECTION('',(-1.,0.,0.));
#3033 = ORIENTED_EDGE('',*,*,#3034,.T.);
#3034 = EDGE_CURVE('',#3027,#2974,#3035,.T.);
#3035 = CIRCLE('',#3036,0.8);
#3036 = AXIS2_PLACEMENT_3D('',#3037,#3038,#3039);
#3037 = CARTESIAN_POINT('',(15.887831633163,183.51245203249,
    1.95399252334E-13));
#3038 = DIRECTION('',(0.,0.,1.));
#3039 = DIRECTION('',(-8.326672684693E-15,1.,0.));
#3040 = FACE_BOUND('',#3041,.T.);
#3041 = EDGE_LOOP('',(#3042));
#3042 = ORIENTED_EDGE('',*,*,#39,.T.);
#3043 = FACE_BOUND('',#3044,.T.);
#3044 = EDGE_LOOP('',(#3045));
#3045 = ORIENTED_EDGE('',*,*,#3046,.T.);
#3046 = EDGE_CURVE('',#3047,#3047,#3049,.T.);
#3047 = VERTEX_POINT('',#3048);
#3048 = CARTESIAN_POINT('',(3.661365146327,150.96026530455,
    1.95399252334E-13));
#3049 = CIRCLE('',#3050,1.5);
#3050 = AXIS2_PLACEMENT_3D('',#3051,#3052,#3053);
#3051 = CARTESIAN_POINT('',(5.161365146327,150.96026530455,
    1.95399252334E-13));
#3052 = DIRECTION('',(0.,0.,1.));
#3053 = DIRECTION('',(1.,0.,-0.));
#3054 = FACE_BOUND('',#3055,.T.);
#3055 = EDGE_LOOP('',(#3056,#3066,#3075,#3083,#3092,#3100,#3109,#3117));
#3056 = ORIENTED_EDGE('',*,*,#3057,.F.);
#3057 = EDGE_CURVE('',#3058,#3060,#3062,.T.);
#3058 = VERTEX_POINT('',#3059);
#3059 = CARTESIAN_POINT('',(12.608370744226,98.283963592619,
    1.95399252334E-13));
#3060 = VERTEX_POINT('',#3061);
#3061 = CARTESIAN_POINT('',(12.608370744226,121.28396359261,
    1.95399252334E-13));
#3062 = LINE('',#3063,#3064);
#3063 = CARTESIAN_POINT('',(12.608370744226,109.50330741606,
    1.95399252334E-13));
#3064 = VECTOR('',#3065,1.);
#3065 = DIRECTION('',(-9.65411325761E-17,1.,0.));
#3066 = ORIENTED_EDGE('',*,*,#3067,.F.);
#3067 = EDGE_CURVE('',#3068,#3058,#3070,.T.);
#3068 = VERTEX_POINT('',#3069);
#3069 = CARTESIAN_POINT('',(14.408370744226,96.483963592619,
    1.95399252334E-13));
#3070 = CIRCLE('',#3071,1.8);
#3071 = AXIS2_PLACEMENT_3D('',#3072,#3073,#3074);
#3072 = CARTESIAN_POINT('',(14.408370744226,98.283963592619,
    1.95399252334E-13));
#3073 = DIRECTION('',(0.,0.,-1.));
#3074 = DIRECTION('',(-2.22044604925E-15,-1.,-0.));
#3075 = ORIENTED_EDGE('',*,*,#3076,.F.);
#3076 = EDGE_CURVE('',#3077,#3068,#3079,.T.);
#3077 = VERTEX_POINT('',#3078);
#3078 = CARTESIAN_POINT('',(15.908370744226,96.483963592619,
    1.95399252334E-13));
#3079 = LINE('',#3080,#3081);
#3080 = CARTESIAN_POINT('',(21.648101197588,96.483963592619,
    1.95399252334E-13));
#3081 = VECTOR('',#3082,1.);
#3082 = DIRECTION('',(-1.,0.,0.));
#3083 = ORIENTED_EDGE('',*,*,#3084,.F.);
#3084 = EDGE_CURVE('',#3085,#3077,#3087,.T.);
#3085 = VERTEX_POINT('',#3086);
#3086 = CARTESIAN_POINT('',(17.708370744226,98.283963592619,
    1.95399252334E-13));
#3087 = CIRCLE('',#3088,1.8);
#3088 = AXIS2_PLACEMENT_3D('',#3089,#3090,#3091);
#3089 = CARTESIAN_POINT('',(15.908370744226,98.283963592619,
    1.95399252334E-13));
#3090 = DIRECTION('',(0.,0.,-1.));
#3091 = DIRECTION('',(1.,2.22044604925E-15,0.));
#3092 = ORIENTED_EDGE('',*,*,#3093,.F.);
#3093 = EDGE_CURVE('',#3094,#3085,#3096,.T.);
#3094 = VERTEX_POINT('',#3095);
#3095 = CARTESIAN_POINT('',(17.708370744226,121.28396359261,
    1.95399252334E-13));
#3096 = LINE('',#3097,#3098);
#3097 = CARTESIAN_POINT('',(17.708370744226,98.003307416061,
    1.95399252334E-13));
#3098 = VECTOR('',#3099,1.);
#3099 = DIRECTION('',(0.,-1.,0.));
#3100 = ORIENTED_EDGE('',*,*,#3101,.F.);
#3101 = EDGE_CURVE('',#3102,#3094,#3104,.T.);
#3102 = VERTEX_POINT('',#3103);
#3103 = CARTESIAN_POINT('',(15.908370744226,123.08396359261,
    1.95399252334E-13));
#3104 = CIRCLE('',#3105,1.8);
#3105 = AXIS2_PLACEMENT_3D('',#3106,#3107,#3108);
#3106 = CARTESIAN_POINT('',(15.908370744226,121.28396359261,
    1.95399252334E-13));
#3107 = DIRECTION('',(0.,0.,-1.));
#3108 = DIRECTION('',(-2.22044604925E-15,1.,0.));
#3109 = ORIENTED_EDGE('',*,*,#3110,.F.);
#3110 = EDGE_CURVE('',#3111,#3102,#3113,.T.);
#3111 = VERTEX_POINT('',#3112);
#3112 = CARTESIAN_POINT('',(14.408370744226,123.08396359261,
    1.95399252334E-13));
#3113 = LINE('',#3114,#3115);
#3114 = CARTESIAN_POINT('',(22.398101197588,123.08396359261,
    1.95399252334E-13));
#3115 = VECTOR('',#3116,1.);
#3116 = DIRECTION('',(1.,0.,0.));
#3117 = ORIENTED_EDGE('',*,*,#3118,.F.);
#3118 = EDGE_CURVE('',#3060,#3111,#3119,.T.);
#3119 = CIRCLE('',#3120,1.8);
#3120 = AXIS2_PLACEMENT_3D('',#3121,#3122,#3123);
#3121 = CARTESIAN_POINT('',(14.408370744226,121.28396359261,
    1.95399252334E-13));
#3122 = DIRECTION('',(0.,0.,-1.));
#3123 = DIRECTION('',(-1.,-2.22044604925E-15,-0.));
#3124 = FACE_BOUND('',#3125,.T.);
#3125 = EDGE_LOOP('',(#3126,#3127,#3128,#3129,#3130,#3131,#3132,#3133));
#3126 = ORIENTED_EDGE('',*,*,#1711,.F.);
#3127 = ORIENTED_EDGE('',*,*,#1751,.F.);
#3128 = ORIENTED_EDGE('',*,*,#1784,.F.);
#3129 = ORIENTED_EDGE('',*,*,#1815,.F.);
#3130 = ORIENTED_EDGE('',*,*,#1848,.F.);
#3131 = ORIENTED_EDGE('',*,*,#1879,.F.);
#3132 = ORIENTED_EDGE('',*,*,#1912,.F.);
#3133 = ORIENTED_EDGE('',*,*,#1941,.F.);
#3134 = PLANE('',#3135);
#3135 = AXIS2_PLACEMENT_3D('',#3136,#3137,#3138);
#3136 = CARTESIAN_POINT('',(28.887831650951,97.722651239502,
    1.95399252334E-13));
#3137 = DIRECTION('',(0.,0.,1.));
#3138 = DIRECTION('',(1.,0.,-0.));
#3139 = ADVANCED_FACE('',(#3140),#3165,.T.);
#3140 = FACE_BOUND('',#3141,.T.);
#3141 = EDGE_LOOP('',(#3142,#3150,#3151,#3159));
#3142 = ORIENTED_EDGE('',*,*,#3143,.T.);
#3143 = EDGE_CURVE('',#3144,#2676,#3146,.T.);
#3144 = VERTEX_POINT('',#3145);
#3145 = CARTESIAN_POINT('',(20.264128548471,58.110849873963,0.8));
#3146 = LINE('',#3147,#3148);
#3147 = CARTESIAN_POINT('',(20.264128548471,58.110849873963,0.8));
#3148 = VECTOR('',#3149,1.);
#3149 = DIRECTION('',(0.707106781187,0.,-0.707106781187));
#3150 = ORIENTED_EDGE('',*,*,#2675,.T.);
#3151 = ORIENTED_EDGE('',*,*,#3152,.T.);
#3152 = EDGE_CURVE('',#2678,#3153,#3155,.T.);
#3153 = VERTEX_POINT('',#3154);
#3154 = CARTESIAN_POINT('',(20.264128548471,35.110849873963,0.8));
#3155 = LINE('',#3156,#3157);
#3156 = CARTESIAN_POINT('',(21.064128548471,35.110849873963,
    1.95399252334E-13));
#3157 = VECTOR('',#3158,1.);
#3158 = DIRECTION('',(-0.707106781187,0.,0.707106781187));
#3159 = ORIENTED_EDGE('',*,*,#3160,.T.);
#3160 = EDGE_CURVE('',#3153,#3144,#3161,.T.);
#3161 = LINE('',#3162,#3163);
#3162 = CARTESIAN_POINT('',(20.264128548471,66.416750556732,0.8));
#3163 = VECTOR('',#3164,1.);
#3164 = DIRECTION('',(0.,1.,0.));
#3165 = PLANE('',#3166);
#3166 = AXIS2_PLACEMENT_3D('',#3167,#3168,#3169);
#3167 = CARTESIAN_POINT('',(20.664128548471,66.416750556732,0.4));
#3168 = DIRECTION('',(-0.707106781187,0.,-0.707106781187));
#3169 = DIRECTION('',(-0.707106781187,0.,0.707106781187));
#3170 = ADVANCED_FACE('',(#3171),#3190,.F.);
#3171 = FACE_BOUND('',#3172,.F.);
#3172 = EDGE_LOOP('',(#3173,#3182,#3183,#3184));
#3173 = ORIENTED_EDGE('',*,*,#3174,.F.);
#3174 = EDGE_CURVE('',#3144,#3175,#3177,.T.);
#3175 = VERTEX_POINT('',#3176);
#3176 = CARTESIAN_POINT('',(19.264128548471,59.110849873963,0.8));
#3177 = CIRCLE('',#3178,1.);
#3178 = AXIS2_PLACEMENT_3D('',#3179,#3180,#3181);
#3179 = CARTESIAN_POINT('',(19.264128548471,58.110849873963,0.8));
#3180 = DIRECTION('',(0.,0.,1.));
#3181 = DIRECTION('',(-1.110223024625E-15,1.,0.));
#3182 = ORIENTED_EDGE('',*,*,#3143,.T.);
#3183 = ORIENTED_EDGE('',*,*,#2685,.F.);
#3184 = ORIENTED_EDGE('',*,*,#3185,.F.);
#3185 = EDGE_CURVE('',#3175,#2686,#3186,.T.);
#3186 = LINE('',#3187,#3188);
#3187 = CARTESIAN_POINT('',(19.264128548471,59.110849873963,0.8));
#3188 = VECTOR('',#3189,1.);
#3189 = DIRECTION('',(-9.813077866774E-16,0.707106781187,-0.707106781187
    ));
#3190 = CONICAL_SURFACE('',#3191,1.4,0.785398163397);
#3191 = AXIS2_PLACEMENT_3D('',#3192,#3193,#3194);
#3192 = CARTESIAN_POINT('',(19.264128548471,58.110849873963,0.4));
#3193 = DIRECTION('',(0.,0.,-1.));
#3194 = DIRECTION('',(-1.110223024625E-15,1.,0.));
#3195 = ADVANCED_FACE('',(#3196),#3214,.T.);
#3196 = FACE_BOUND('',#3197,.T.);
#3197 = EDGE_LOOP('',(#3198,#3206,#3207,#3208));
#3198 = ORIENTED_EDGE('',*,*,#3199,.T.);
#3199 = EDGE_CURVE('',#3200,#2695,#3202,.T.);
#3200 = VERTEX_POINT('',#3201);
#3201 = CARTESIAN_POINT('',(17.764128548472,59.110849873963,0.8));
#3202 = LINE('',#3203,#3204);
#3203 = CARTESIAN_POINT('',(17.764128548472,59.110849873963,0.8));
#3204 = VECTOR('',#3205,1.);
#3205 = DIRECTION('',(0.,0.707106781187,-0.707106781187));
#3206 = ORIENTED_EDGE('',*,*,#2694,.T.);
#3207 = ORIENTED_EDGE('',*,*,#3185,.F.);
#3208 = ORIENTED_EDGE('',*,*,#3209,.T.);
#3209 = EDGE_CURVE('',#3175,#3200,#3210,.T.);
#3210 = LINE('',#3211,#3212);
#3211 = CARTESIAN_POINT('',(24.075980099711,59.110849873963,0.8));
#3212 = VECTOR('',#3213,1.);
#3213 = DIRECTION('',(-1.,0.,0.));
#3214 = PLANE('',#3215);
#3215 = AXIS2_PLACEMENT_3D('',#3216,#3217,#3218);
#3216 = CARTESIAN_POINT('',(24.075980099711,59.510849873963,0.4));
#3217 = DIRECTION('',(0.,-0.707106781187,-0.707106781187));
#3218 = DIRECTION('',(-1.,-0.,0.));
#3219 = ADVANCED_FACE('',(#3220),#3239,.F.);
#3220 = FACE_BOUND('',#3221,.F.);
#3221 = EDGE_LOOP('',(#3222,#3231,#3232,#3233));
#3222 = ORIENTED_EDGE('',*,*,#3223,.F.);
#3223 = EDGE_CURVE('',#3200,#3224,#3226,.T.);
#3224 = VERTEX_POINT('',#3225);
#3225 = CARTESIAN_POINT('',(16.764128548472,58.110849873963,0.8));
#3226 = CIRCLE('',#3227,1.);
#3227 = AXIS2_PLACEMENT_3D('',#3228,#3229,#3230);
#3228 = CARTESIAN_POINT('',(17.764128548472,58.110849873963,0.8));
#3229 = DIRECTION('',(0.,0.,1.));
#3230 = DIRECTION('',(-1.,0.,0.));
#3231 = ORIENTED_EDGE('',*,*,#3199,.T.);
#3232 = ORIENTED_EDGE('',*,*,#2702,.F.);
#3233 = ORIENTED_EDGE('',*,*,#3234,.F.);
#3234 = EDGE_CURVE('',#3224,#2703,#3235,.T.);
#3235 = LINE('',#3236,#3237);
#3236 = CARTESIAN_POINT('',(16.764128548472,58.110849873963,0.8));
#3237 = VECTOR('',#3238,1.);
#3238 = DIRECTION('',(-0.707106781187,0.,-0.707106781187));
#3239 = CONICAL_SURFACE('',#3240,1.4,0.785398163397);
#3240 = AXIS2_PLACEMENT_3D('',#3241,#3242,#3243);
#3241 = CARTESIAN_POINT('',(17.764128548472,58.110849873963,0.4));
#3242 = DIRECTION('',(0.,0.,-1.));
#3243 = DIRECTION('',(-1.,0.,0.));
#3244 = ADVANCED_FACE('',(#3245),#3263,.T.);
#3245 = FACE_BOUND('',#3246,.T.);
#3246 = EDGE_LOOP('',(#3247,#3255,#3256,#3257));
#3247 = ORIENTED_EDGE('',*,*,#3248,.T.);
#3248 = EDGE_CURVE('',#3249,#2712,#3251,.T.);
#3249 = VERTEX_POINT('',#3250);
#3250 = CARTESIAN_POINT('',(16.764128548472,35.110849873963,0.8));
#3251 = LINE('',#3252,#3253);
#3252 = CARTESIAN_POINT('',(16.764128548472,35.110849873963,0.8));
#3253 = VECTOR('',#3254,1.);
#3254 = DIRECTION('',(-0.707106781187,0.,-0.707106781187));
#3255 = ORIENTED_EDGE('',*,*,#2711,.T.);
#3256 = ORIENTED_EDGE('',*,*,#3234,.F.);
#3257 = ORIENTED_EDGE('',*,*,#3258,.T.);
#3258 = EDGE_CURVE('',#3224,#3249,#3259,.T.);
#3259 = LINE('',#3260,#3261);
#3260 = CARTESIAN_POINT('',(16.764128548472,77.916750556732,0.8));
#3261 = VECTOR('',#3262,1.);
#3262 = DIRECTION('',(0.,-1.,0.));
#3263 = PLANE('',#3264);
#3264 = AXIS2_PLACEMENT_3D('',#3265,#3266,#3267);
#3265 = CARTESIAN_POINT('',(16.364128548472,77.916750556732,0.4));
#3266 = DIRECTION('',(0.707106781187,0.,-0.707106781187));
#3267 = DIRECTION('',(-0.707106781187,0.,-0.707106781187));
#3268 = ADVANCED_FACE('',(#3269),#3288,.F.);
#3269 = FACE_BOUND('',#3270,.F.);
#3270 = EDGE_LOOP('',(#3271,#3280,#3281,#3282));
#3271 = ORIENTED_EDGE('',*,*,#3272,.F.);
#3272 = EDGE_CURVE('',#3249,#3273,#3275,.T.);
#3273 = VERTEX_POINT('',#3274);
#3274 = CARTESIAN_POINT('',(17.764128548472,34.110849873963,0.8));
#3275 = CIRCLE('',#3276,1.);
#3276 = AXIS2_PLACEMENT_3D('',#3277,#3278,#3279);
#3277 = CARTESIAN_POINT('',(17.764128548472,35.110849873963,0.8));
#3278 = DIRECTION('',(0.,0.,1.));
#3279 = DIRECTION('',(-6.661338147751E-15,-1.,0.));
#3280 = ORIENTED_EDGE('',*,*,#3248,.T.);
#3281 = ORIENTED_EDGE('',*,*,#2719,.F.);
#3282 = ORIENTED_EDGE('',*,*,#3283,.F.);
#3283 = EDGE_CURVE('',#3273,#2720,#3284,.T.);
#3284 = LINE('',#3285,#3286);
#3285 = CARTESIAN_POINT('',(17.764128548472,34.110849873963,0.8));
#3286 = VECTOR('',#3287,1.);
#3287 = DIRECTION('',(-3.925231146709E-15,-0.707106781187,
    -0.707106781187));
#3288 = CONICAL_SURFACE('',#3289,1.4,0.785398163397);
#3289 = AXIS2_PLACEMENT_3D('',#3290,#3291,#3292);
#3290 = CARTESIAN_POINT('',(17.764128548472,35.110849873963,0.4));
#3291 = DIRECTION('',(0.,0.,-1.));
#3292 = DIRECTION('',(-6.661338147751E-15,-1.,-0.));
#3293 = ADVANCED_FACE('',(#3294),#3312,.T.);
#3294 = FACE_BOUND('',#3295,.T.);
#3295 = EDGE_LOOP('',(#3296,#3304,#3305,#3306));
#3296 = ORIENTED_EDGE('',*,*,#3297,.T.);
#3297 = EDGE_CURVE('',#3298,#2729,#3300,.T.);
#3298 = VERTEX_POINT('',#3299);
#3299 = CARTESIAN_POINT('',(19.264128548471,34.110849873963,0.8));
#3300 = LINE('',#3301,#3302);
#3301 = CARTESIAN_POINT('',(19.264128548471,34.110849873963,0.8));
#3302 = VECTOR('',#3303,1.);
#3303 = DIRECTION('',(0.,-0.707106781187,-0.707106781187));
#3304 = ORIENTED_EDGE('',*,*,#2728,.T.);
#3305 = ORIENTED_EDGE('',*,*,#3283,.F.);
#3306 = ORIENTED_EDGE('',*,*,#3307,.T.);
#3307 = EDGE_CURVE('',#3273,#3298,#3308,.T.);
#3308 = LINE('',#3309,#3310);
#3309 = CARTESIAN_POINT('',(23.325980099711,34.110849873963,0.8));
#3310 = VECTOR('',#3311,1.);
#3311 = DIRECTION('',(1.,0.,0.));
#3312 = PLANE('',#3313);
#3313 = AXIS2_PLACEMENT_3D('',#3314,#3315,#3316);
#3314 = CARTESIAN_POINT('',(23.325980099711,33.710849873963,0.4));
#3315 = DIRECTION('',(0.,0.707106781187,-0.707106781187));
#3316 = DIRECTION('',(-1.,0.,0.));
#3317 = ADVANCED_FACE('',(#3318),#3330,.F.);
#3318 = FACE_BOUND('',#3319,.F.);
#3319 = EDGE_LOOP('',(#3320,#3327,#3328,#3329));
#3320 = ORIENTED_EDGE('',*,*,#3321,.F.);
#3321 = EDGE_CURVE('',#3298,#3153,#3322,.T.);
#3322 = CIRCLE('',#3323,1.);
#3323 = AXIS2_PLACEMENT_3D('',#3324,#3325,#3326);
#3324 = CARTESIAN_POINT('',(19.264128548471,35.110849873963,0.8));
#3325 = DIRECTION('',(0.,0.,1.));
#3326 = DIRECTION('',(1.,0.,-0.));
#3327 = ORIENTED_EDGE('',*,*,#3297,.T.);
#3328 = ORIENTED_EDGE('',*,*,#2736,.F.);
#3329 = ORIENTED_EDGE('',*,*,#3152,.T.);
#3330 = CONICAL_SURFACE('',#3331,1.4,0.785398163397);
#3331 = AXIS2_PLACEMENT_3D('',#3332,#3333,#3334);
#3332 = CARTESIAN_POINT('',(19.264128548471,35.110849873963,0.4));
#3333 = DIRECTION('',(0.,0.,-1.));
#3334 = DIRECTION('',(1.,0.,0.));
#3335 = ADVANCED_FACE('',(#3336),#3362,.F.);
#3336 = FACE_BOUND('',#3337,.F.);
#3337 = EDGE_LOOP('',(#3338,#3346,#3355,#3361));
#3338 = ORIENTED_EDGE('',*,*,#3339,.F.);
#3339 = EDGE_CURVE('',#3340,#3224,#3342,.T.);
#3340 = VERTEX_POINT('',#3341);
#3341 = CARTESIAN_POINT('',(16.764128548472,58.110849873963,1.7));
#3342 = LINE('',#3343,#3344);
#3343 = CARTESIAN_POINT('',(16.764128548472,58.110849873963,2.5));
#3344 = VECTOR('',#3345,1.);
#3345 = DIRECTION('',(0.,0.,-1.));
#3346 = ORIENTED_EDGE('',*,*,#3347,.T.);
#3347 = EDGE_CURVE('',#3340,#3348,#3350,.T.);
#3348 = VERTEX_POINT('',#3349);
#3349 = CARTESIAN_POINT('',(17.764128548472,59.110849873963,1.7));
#3350 = CIRCLE('',#3351,1.);
#3351 = AXIS2_PLACEMENT_3D('',#3352,#3353,#3354);
#3352 = CARTESIAN_POINT('',(17.764128548472,58.110849873963,1.7));
#3353 = DIRECTION('',(0.,0.,-1.));
#3354 = DIRECTION('',(-1.,0.,0.));
#3355 = ORIENTED_EDGE('',*,*,#3356,.T.);
#3356 = EDGE_CURVE('',#3348,#3200,#3357,.T.);
#3357 = LINE('',#3358,#3359);
#3358 = CARTESIAN_POINT('',(17.764128548472,59.110849873963,2.5));
#3359 = VECTOR('',#3360,1.);
#3360 = DIRECTION('',(0.,0.,-1.));
#3361 = ORIENTED_EDGE('',*,*,#3223,.T.);
#3362 = CYLINDRICAL_SURFACE('',#3363,1.);
#3363 = AXIS2_PLACEMENT_3D('',#3364,#3365,#3366);
#3364 = CARTESIAN_POINT('',(17.764128548472,58.110849873963,2.5));
#3365 = DIRECTION('',(0.,0.,-1.));
#3366 = DIRECTION('',(-1.,0.,0.));
#3367 = ADVANCED_FACE('',(#3368),#3386,.T.);
#3368 = FACE_BOUND('',#3369,.T.);
#3369 = EDGE_LOOP('',(#3370,#3371,#3379,#3385));
#3370 = ORIENTED_EDGE('',*,*,#3209,.F.);
#3371 = ORIENTED_EDGE('',*,*,#3372,.F.);
#3372 = EDGE_CURVE('',#3373,#3175,#3375,.T.);
#3373 = VERTEX_POINT('',#3374);
#3374 = CARTESIAN_POINT('',(19.264128548471,59.110849873963,1.7));
#3375 = LINE('',#3376,#3377);
#3376 = CARTESIAN_POINT('',(19.264128548471,59.110849873963,2.5));
#3377 = VECTOR('',#3378,1.);
#3378 = DIRECTION('',(0.,0.,-1.));
#3379 = ORIENTED_EDGE('',*,*,#3380,.F.);
#3380 = EDGE_CURVE('',#3348,#3373,#3381,.T.);
#3381 = LINE('',#3382,#3383);
#3382 = CARTESIAN_POINT('',(24.075980099711,59.110849873963,1.7));
#3383 = VECTOR('',#3384,1.);
#3384 = DIRECTION('',(1.,0.,0.));
#3385 = ORIENTED_EDGE('',*,*,#3356,.T.);
#3386 = PLANE('',#3387);
#3387 = AXIS2_PLACEMENT_3D('',#3388,#3389,#3390);
#3388 = CARTESIAN_POINT('',(19.264128548471,59.110849873963,2.5));
#3389 = DIRECTION('',(0.,-1.,0.));
#3390 = DIRECTION('',(-1.,0.,0.));
#3391 = ADVANCED_FACE('',(#3392),#3411,.F.);
#3392 = FACE_BOUND('',#3393,.F.);
#3393 = EDGE_LOOP('',(#3394,#3395,#3404,#3410));
#3394 = ORIENTED_EDGE('',*,*,#3372,.F.);
#3395 = ORIENTED_EDGE('',*,*,#3396,.T.);
#3396 = EDGE_CURVE('',#3373,#3397,#3399,.T.);
#3397 = VERTEX_POINT('',#3398);
#3398 = CARTESIAN_POINT('',(20.264128548471,58.110849873963,1.7));
#3399 = CIRCLE('',#3400,1.);
#3400 = AXIS2_PLACEMENT_3D('',#3401,#3402,#3403);
#3401 = CARTESIAN_POINT('',(19.264128548471,58.110849873963,1.7));
#3402 = DIRECTION('',(0.,0.,-1.));
#3403 = DIRECTION('',(-1.110223024625E-15,1.,0.));
#3404 = ORIENTED_EDGE('',*,*,#3405,.T.);
#3405 = EDGE_CURVE('',#3397,#3144,#3406,.T.);
#3406 = LINE('',#3407,#3408);
#3407 = CARTESIAN_POINT('',(20.264128548471,58.110849873963,2.5));
#3408 = VECTOR('',#3409,1.);
#3409 = DIRECTION('',(0.,0.,-1.));
#3410 = ORIENTED_EDGE('',*,*,#3174,.T.);
#3411 = CYLINDRICAL_SURFACE('',#3412,1.);
#3412 = AXIS2_PLACEMENT_3D('',#3413,#3414,#3415);
#3413 = CARTESIAN_POINT('',(19.264128548471,58.110849873963,2.5));
#3414 = DIRECTION('',(0.,0.,-1.));
#3415 = DIRECTION('',(-1.110223024625E-15,1.,0.));
#3416 = ADVANCED_FACE('',(#3417),#3435,.T.);
#3417 = FACE_BOUND('',#3418,.T.);
#3418 = EDGE_LOOP('',(#3419,#3420,#3428,#3434));
#3419 = ORIENTED_EDGE('',*,*,#3160,.F.);
#3420 = ORIENTED_EDGE('',*,*,#3421,.F.);
#3421 = EDGE_CURVE('',#3422,#3153,#3424,.T.);
#3422 = VERTEX_POINT('',#3423);
#3423 = CARTESIAN_POINT('',(20.264128548471,35.110849873963,1.7));
#3424 = LINE('',#3425,#3426);
#3425 = CARTESIAN_POINT('',(20.264128548471,35.110849873963,2.5));
#3426 = VECTOR('',#3427,1.);
#3427 = DIRECTION('',(0.,0.,-1.));
#3428 = ORIENTED_EDGE('',*,*,#3429,.F.);
#3429 = EDGE_CURVE('',#3397,#3422,#3430,.T.);
#3430 = LINE('',#3431,#3432);
#3431 = CARTESIAN_POINT('',(20.264128548471,66.416750556732,1.7));
#3432 = VECTOR('',#3433,1.);
#3433 = DIRECTION('',(0.,-1.,0.));
#3434 = ORIENTED_EDGE('',*,*,#3405,.T.);
#3435 = PLANE('',#3436);
#3436 = AXIS2_PLACEMENT_3D('',#3437,#3438,#3439);
#3437 = CARTESIAN_POINT('',(20.264128548471,35.110849873963,2.5));
#3438 = DIRECTION('',(-1.,0.,0.));
#3439 = DIRECTION('',(0.,1.,0.));
#3440 = ADVANCED_FACE('',(#3441),#3466,.T.);
#3441 = FACE_BOUND('',#3442,.T.);
#3442 = EDGE_LOOP('',(#3443,#3451,#3452,#3460));
#3443 = ORIENTED_EDGE('',*,*,#3444,.T.);
#3444 = EDGE_CURVE('',#3445,#3058,#3447,.T.);
#3445 = VERTEX_POINT('',#3446);
#3446 = CARTESIAN_POINT('',(13.408370744226,98.283963592619,0.8));
#3447 = LINE('',#3448,#3449);
#3448 = CARTESIAN_POINT('',(13.408370744226,98.283963592619,0.8));
#3449 = VECTOR('',#3450,1.);
#3450 = DIRECTION('',(-0.707106781187,0.,-0.707106781187));
#3451 = ORIENTED_EDGE('',*,*,#3057,.T.);
#3452 = ORIENTED_EDGE('',*,*,#3453,.T.);
#3453 = EDGE_CURVE('',#3060,#3454,#3456,.T.);
#3454 = VERTEX_POINT('',#3455);
#3455 = CARTESIAN_POINT('',(13.408370744226,121.28396359261,0.8));
#3456 = LINE('',#3457,#3458);
#3457 = CARTESIAN_POINT('',(12.608370744226,121.28396359261,
    1.95399252334E-13));
#3458 = VECTOR('',#3459,1.);
#3459 = DIRECTION('',(0.707106781187,0.,0.707106781187));
#3460 = ORIENTED_EDGE('',*,*,#3461,.T.);
#3461 = EDGE_CURVE('',#3454,#3445,#3462,.T.);
#3462 = LINE('',#3463,#3464);
#3463 = CARTESIAN_POINT('',(13.408370744226,109.50330741606,0.8));
#3464 = VECTOR('',#3465,1.);
#3465 = DIRECTION('',(9.65411325761E-17,-1.,0.));
#3466 = PLANE('',#3467);
#3467 = AXIS2_PLACEMENT_3D('',#3468,#3469,#3470);
#3468 = CARTESIAN_POINT('',(13.008370744226,109.50330741606,0.4));
#3469 = DIRECTION('',(0.707106781187,6.826488950799E-17,-0.707106781187)
  );
#3470 = DIRECTION('',(-0.707106781187,0.,-0.707106781187));
#3471 = ADVANCED_FACE('',(#3472),#3491,.F.);
#3472 = FACE_BOUND('',#3473,.F.);
#3473 = EDGE_LOOP('',(#3474,#3483,#3484,#3485));
#3474 = ORIENTED_EDGE('',*,*,#3475,.F.);
#3475 = EDGE_CURVE('',#3445,#3476,#3478,.T.);
#3476 = VERTEX_POINT('',#3477);
#3477 = CARTESIAN_POINT('',(14.408370744226,97.283963592619,0.8));
#3478 = CIRCLE('',#3479,1.);
#3479 = AXIS2_PLACEMENT_3D('',#3480,#3481,#3482);
#3480 = CARTESIAN_POINT('',(14.408370744226,98.283963592619,0.8));
#3481 = DIRECTION('',(0.,0.,1.));
#3482 = DIRECTION('',(-2.22044604925E-15,-1.,0.));
#3483 = ORIENTED_EDGE('',*,*,#3444,.T.);
#3484 = ORIENTED_EDGE('',*,*,#3067,.F.);
#3485 = ORIENTED_EDGE('',*,*,#3486,.F.);
#3486 = EDGE_CURVE('',#3476,#3068,#3487,.T.);
#3487 = LINE('',#3488,#3489);
#3488 = CARTESIAN_POINT('',(14.408370744226,97.283963592619,0.8));
#3489 = VECTOR('',#3490,1.);
#3490 = DIRECTION('',(-1.962615573355E-15,-0.707106781187,
    -0.707106781187));
#3491 = CONICAL_SURFACE('',#3492,1.4,0.785398163397);
#3492 = AXIS2_PLACEMENT_3D('',#3493,#3494,#3495);
#3493 = CARTESIAN_POINT('',(14.408370744226,98.283963592619,0.4));
#3494 = DIRECTION('',(0.,0.,-1.));
#3495 = DIRECTION('',(-2.22044604925E-15,-1.,-0.));
#3496 = ADVANCED_FACE('',(#3497),#3515,.T.);
#3497 = FACE_BOUND('',#3498,.T.);
#3498 = EDGE_LOOP('',(#3499,#3507,#3508,#3509));
#3499 = ORIENTED_EDGE('',*,*,#3500,.T.);
#3500 = EDGE_CURVE('',#3501,#3077,#3503,.T.);
#3501 = VERTEX_POINT('',#3502);
#3502 = CARTESIAN_POINT('',(15.908370744226,97.283963592619,0.8));
#3503 = LINE('',#3504,#3505);
#3504 = CARTESIAN_POINT('',(15.908370744226,97.283963592619,0.8));
#3505 = VECTOR('',#3506,1.);
#3506 = DIRECTION('',(0.,-0.707106781187,-0.707106781187));
#3507 = ORIENTED_EDGE('',*,*,#3076,.T.);
#3508 = ORIENTED_EDGE('',*,*,#3486,.F.);
#3509 = ORIENTED_EDGE('',*,*,#3510,.T.);
#3510 = EDGE_CURVE('',#3476,#3501,#3511,.T.);
#3511 = LINE('',#3512,#3513);
#3512 = CARTESIAN_POINT('',(21.648101197588,97.283963592619,0.8));
#3513 = VECTOR('',#3514,1.);
#3514 = DIRECTION('',(1.,0.,0.));
#3515 = PLANE('',#3516);
#3516 = AXIS2_PLACEMENT_3D('',#3517,#3518,#3519);
#3517 = CARTESIAN_POINT('',(21.648101197588,96.883963592619,0.4));
#3518 = DIRECTION('',(0.,0.707106781187,-0.707106781187));
#3519 = DIRECTION('',(-1.,0.,0.));
#3520 = ADVANCED_FACE('',(#3521),#3540,.F.);
#3521 = FACE_BOUND('',#3522,.F.);
#3522 = EDGE_LOOP('',(#3523,#3532,#3533,#3534));
#3523 = ORIENTED_EDGE('',*,*,#3524,.F.);
#3524 = EDGE_CURVE('',#3501,#3525,#3527,.T.);
#3525 = VERTEX_POINT('',#3526);
#3526 = CARTESIAN_POINT('',(16.908370744226,98.283963592619,0.8));
#3527 = CIRCLE('',#3528,1.);
#3528 = AXIS2_PLACEMENT_3D('',#3529,#3530,#3531);
#3529 = CARTESIAN_POINT('',(15.908370744226,98.283963592619,0.8));
#3530 = DIRECTION('',(0.,0.,1.));
#3531 = DIRECTION('',(1.,2.22044604925E-15,-0.));
#3532 = ORIENTED_EDGE('',*,*,#3500,.T.);
#3533 = ORIENTED_EDGE('',*,*,#3084,.F.);
#3534 = ORIENTED_EDGE('',*,*,#3535,.F.);
#3535 = EDGE_CURVE('',#3525,#3085,#3536,.T.);
#3536 = LINE('',#3537,#3538);
#3537 = CARTESIAN_POINT('',(16.908370744226,98.283963592619,0.8));
#3538 = VECTOR('',#3539,1.);
#3539 = DIRECTION('',(0.707106781187,1.962615573355E-15,-0.707106781187)
  );
#3540 = CONICAL_SURFACE('',#3541,1.4,0.785398163397);
#3541 = AXIS2_PLACEMENT_3D('',#3542,#3543,#3544);
#3542 = CARTESIAN_POINT('',(15.908370744226,98.283963592619,0.4));
#3543 = DIRECTION('',(0.,0.,-1.));
#3544 = DIRECTION('',(1.,2.22044604925E-15,0.));
#3545 = ADVANCED_FACE('',(#3546),#3564,.T.);
#3546 = FACE_BOUND('',#3547,.T.);
#3547 = EDGE_LOOP('',(#3548,#3556,#3557,#3558));
#3548 = ORIENTED_EDGE('',*,*,#3549,.T.);
#3549 = EDGE_CURVE('',#3550,#3094,#3552,.T.);
#3550 = VERTEX_POINT('',#3551);
#3551 = CARTESIAN_POINT('',(16.908370744226,121.28396359261,0.8));
#3552 = LINE('',#3553,#3554);
#3553 = CARTESIAN_POINT('',(16.908370744226,121.28396359261,0.8));
#3554 = VECTOR('',#3555,1.);
#3555 = DIRECTION('',(0.707106781187,1.962615573355E-15,-0.707106781187)
  );
#3556 = ORIENTED_EDGE('',*,*,#3093,.T.);
#3557 = ORIENTED_EDGE('',*,*,#3535,.F.);
#3558 = ORIENTED_EDGE('',*,*,#3559,.T.);
#3559 = EDGE_CURVE('',#3525,#3550,#3560,.T.);
#3560 = LINE('',#3561,#3562);
#3561 = CARTESIAN_POINT('',(16.908370744226,98.003307416061,0.8));
#3562 = VECTOR('',#3563,1.);
#3563 = DIRECTION('',(0.,1.,0.));
#3564 = PLANE('',#3565);
#3565 = AXIS2_PLACEMENT_3D('',#3566,#3567,#3568);
#3566 = CARTESIAN_POINT('',(17.308370744226,98.003307416061,0.4));
#3567 = DIRECTION('',(-0.707106781187,0.,-0.707106781187));
#3568 = DIRECTION('',(-0.707106781187,0.,0.707106781187));
#3569 = ADVANCED_FACE('',(#3570),#3589,.F.);
#3570 = FACE_BOUND('',#3571,.F.);
#3571 = EDGE_LOOP('',(#3572,#3581,#3582,#3583));
#3572 = ORIENTED_EDGE('',*,*,#3573,.F.);
#3573 = EDGE_CURVE('',#3550,#3574,#3576,.T.);
#3574 = VERTEX_POINT('',#3575);
#3575 = CARTESIAN_POINT('',(15.908370744226,122.28396359261,0.8));
#3576 = CIRCLE('',#3577,1.);
#3577 = AXIS2_PLACEMENT_3D('',#3578,#3579,#3580);
#3578 = CARTESIAN_POINT('',(15.908370744226,121.28396359261,0.8));
#3579 = DIRECTION('',(0.,0.,1.));
#3580 = DIRECTION('',(-2.22044604925E-15,1.,0.));
#3581 = ORIENTED_EDGE('',*,*,#3549,.T.);
#3582 = ORIENTED_EDGE('',*,*,#3101,.F.);
#3583 = ORIENTED_EDGE('',*,*,#3584,.F.);
#3584 = EDGE_CURVE('',#3574,#3102,#3585,.T.);
#3585 = LINE('',#3586,#3587);
#3586 = CARTESIAN_POINT('',(15.908370744226,122.28396359261,0.8));
#3587 = VECTOR('',#3588,1.);
#3588 = DIRECTION('',(-1.962615573355E-15,0.707106781187,-0.707106781187
    ));
#3589 = CONICAL_SURFACE('',#3590,1.4,0.785398163397);
#3590 = AXIS2_PLACEMENT_3D('',#3591,#3592,#3593);
#3591 = CARTESIAN_POINT('',(15.908370744226,121.28396359261,0.4));
#3592 = DIRECTION('',(0.,0.,-1.));
#3593 = DIRECTION('',(-2.22044604925E-15,1.,0.));
#3594 = ADVANCED_FACE('',(#3595),#3613,.T.);
#3595 = FACE_BOUND('',#3596,.T.);
#3596 = EDGE_LOOP('',(#3597,#3605,#3606,#3607));
#3597 = ORIENTED_EDGE('',*,*,#3598,.T.);
#3598 = EDGE_CURVE('',#3599,#3111,#3601,.T.);
#3599 = VERTEX_POINT('',#3600);
#3600 = CARTESIAN_POINT('',(14.408370744226,122.28396359261,0.8));
#3601 = LINE('',#3602,#3603);
#3602 = CARTESIAN_POINT('',(14.408370744226,122.28396359261,0.8));
#3603 = VECTOR('',#3604,1.);
#3604 = DIRECTION('',(0.,0.707106781187,-0.707106781187));
#3605 = ORIENTED_EDGE('',*,*,#3110,.T.);
#3606 = ORIENTED_EDGE('',*,*,#3584,.F.);
#3607 = ORIENTED_EDGE('',*,*,#3608,.T.);
#3608 = EDGE_CURVE('',#3574,#3599,#3609,.T.);
#3609 = LINE('',#3610,#3611);
#3610 = CARTESIAN_POINT('',(22.398101197588,122.28396359261,0.8));
#3611 = VECTOR('',#3612,1.);
#3612 = DIRECTION('',(-1.,0.,0.));
#3613 = PLANE('',#3614);
#3614 = AXIS2_PLACEMENT_3D('',#3615,#3616,#3617);
#3615 = CARTESIAN_POINT('',(22.398101197588,122.68396359261,0.4));
#3616 = DIRECTION('',(0.,-0.707106781187,-0.707106781187));
#3617 = DIRECTION('',(-1.,-0.,0.));
#3618 = ADVANCED_FACE('',(#3619),#3631,.F.);
#3619 = FACE_BOUND('',#3620,.F.);
#3620 = EDGE_LOOP('',(#3621,#3628,#3629,#3630));
#3621 = ORIENTED_EDGE('',*,*,#3622,.F.);
#3622 = EDGE_CURVE('',#3599,#3454,#3623,.T.);
#3623 = CIRCLE('',#3624,1.);
#3624 = AXIS2_PLACEMENT_3D('',#3625,#3626,#3627);
#3625 = CARTESIAN_POINT('',(14.408370744226,121.28396359261,0.8));
#3626 = DIRECTION('',(0.,0.,1.));
#3627 = DIRECTION('',(-1.,-2.22044604925E-15,0.));
#3628 = ORIENTED_EDGE('',*,*,#3598,.T.);
#3629 = ORIENTED_EDGE('',*,*,#3118,.F.);
#3630 = ORIENTED_EDGE('',*,*,#3453,.T.);
#3631 = CONICAL_SURFACE('',#3632,1.4,0.785398163397);
#3632 = AXIS2_PLACEMENT_3D('',#3633,#3634,#3635);
#3633 = CARTESIAN_POINT('',(14.408370744226,121.28396359261,0.4));
#3634 = DIRECTION('',(0.,0.,-1.));
#3635 = DIRECTION('',(-1.,-2.22044604925E-15,-0.));
#3636 = ADVANCED_FACE('',(#3637),#3663,.F.);
#3637 = FACE_BOUND('',#3638,.F.);
#3638 = EDGE_LOOP('',(#3639,#3647,#3656,#3662));
#3639 = ORIENTED_EDGE('',*,*,#3640,.F.);
#3640 = EDGE_CURVE('',#3641,#3525,#3643,.T.);
#3641 = VERTEX_POINT('',#3642);
#3642 = CARTESIAN_POINT('',(16.908370744226,98.283963592619,1.7));
#3643 = LINE('',#3644,#3645);
#3644 = CARTESIAN_POINT('',(16.908370744226,98.283963592619,2.5));
#3645 = VECTOR('',#3646,1.);
#3646 = DIRECTION('',(0.,0.,-1.));
#3647 = ORIENTED_EDGE('',*,*,#3648,.T.);
#3648 = EDGE_CURVE('',#3641,#3649,#3651,.T.);
#3649 = VERTEX_POINT('',#3650);
#3650 = CARTESIAN_POINT('',(15.908370744226,97.283963592619,1.7));
#3651 = CIRCLE('',#3652,1.);
#3652 = AXIS2_PLACEMENT_3D('',#3653,#3654,#3655);
#3653 = CARTESIAN_POINT('',(15.908370744226,98.283963592619,1.7));
#3654 = DIRECTION('',(0.,0.,-1.));
#3655 = DIRECTION('',(1.,2.22044604925E-15,0.));
#3656 = ORIENTED_EDGE('',*,*,#3657,.T.);
#3657 = EDGE_CURVE('',#3649,#3501,#3658,.T.);
#3658 = LINE('',#3659,#3660);
#3659 = CARTESIAN_POINT('',(15.908370744226,97.283963592619,2.5));
#3660 = VECTOR('',#3661,1.);
#3661 = DIRECTION('',(0.,0.,-1.));
#3662 = ORIENTED_EDGE('',*,*,#3524,.T.);
#3663 = CYLINDRICAL_SURFACE('',#3664,1.);
#3664 = AXIS2_PLACEMENT_3D('',#3665,#3666,#3667);
#3665 = CARTESIAN_POINT('',(15.908370744226,98.283963592619,2.5));
#3666 = DIRECTION('',(0.,0.,-1.));
#3667 = DIRECTION('',(1.,2.22044604925E-15,0.));
#3668 = ADVANCED_FACE('',(#3669),#3687,.T.);
#3669 = FACE_BOUND('',#3670,.T.);
#3670 = EDGE_LOOP('',(#3671,#3672,#3680,#3686));
#3671 = ORIENTED_EDGE('',*,*,#3510,.F.);
#3672 = ORIENTED_EDGE('',*,*,#3673,.F.);
#3673 = EDGE_CURVE('',#3674,#3476,#3676,.T.);
#3674 = VERTEX_POINT('',#3675);
#3675 = CARTESIAN_POINT('',(14.408370744226,97.283963592619,1.7));
#3676 = LINE('',#3677,#3678);
#3677 = CARTESIAN_POINT('',(14.408370744226,97.283963592619,2.5));
#3678 = VECTOR('',#3679,1.);
#3679 = DIRECTION('',(0.,0.,-1.));
#3680 = ORIENTED_EDGE('',*,*,#3681,.F.);
#3681 = EDGE_CURVE('',#3649,#3674,#3682,.T.);
#3682 = LINE('',#3683,#3684);
#3683 = CARTESIAN_POINT('',(21.648101197588,97.283963592619,1.7));
#3684 = VECTOR('',#3685,1.);
#3685 = DIRECTION('',(-1.,0.,0.));
#3686 = ORIENTED_EDGE('',*,*,#3657,.T.);
#3687 = PLANE('',#3688);
#3688 = AXIS2_PLACEMENT_3D('',#3689,#3690,#3691);
#3689 = CARTESIAN_POINT('',(14.408370744226,97.283963592619,2.5));
#3690 = DIRECTION('',(0.,1.,0.));
#3691 = DIRECTION('',(1.,0.,0.));
#3692 = ADVANCED_FACE('',(#3693),#3712,.F.);
#3693 = FACE_BOUND('',#3694,.F.);
#3694 = EDGE_LOOP('',(#3695,#3696,#3705,#3711));
#3695 = ORIENTED_EDGE('',*,*,#3673,.F.);
#3696 = ORIENTED_EDGE('',*,*,#3697,.T.);
#3697 = EDGE_CURVE('',#3674,#3698,#3700,.T.);
#3698 = VERTEX_POINT('',#3699);
#3699 = CARTESIAN_POINT('',(13.408370744226,98.283963592619,1.7));
#3700 = CIRCLE('',#3701,1.);
#3701 = AXIS2_PLACEMENT_3D('',#3702,#3703,#3704);
#3702 = CARTESIAN_POINT('',(14.408370744226,98.283963592619,1.7));
#3703 = DIRECTION('',(0.,0.,-1.));
#3704 = DIRECTION('',(-2.22044604925E-15,-1.,-0.));
#3705 = ORIENTED_EDGE('',*,*,#3706,.T.);
#3706 = EDGE_CURVE('',#3698,#3445,#3707,.T.);
#3707 = LINE('',#3708,#3709);
#3708 = CARTESIAN_POINT('',(13.408370744226,98.283963592619,2.5));
#3709 = VECTOR('',#3710,1.);
#3710 = DIRECTION('',(0.,0.,-1.));
#3711 = ORIENTED_EDGE('',*,*,#3475,.T.);
#3712 = CYLINDRICAL_SURFACE('',#3713,1.);
#3713 = AXIS2_PLACEMENT_3D('',#3714,#3715,#3716);
#3714 = CARTESIAN_POINT('',(14.408370744226,98.283963592619,2.5));
#3715 = DIRECTION('',(0.,0.,-1.));
#3716 = DIRECTION('',(-2.22044604925E-15,-1.,-0.));
#3717 = ADVANCED_FACE('',(#3718),#3736,.T.);
#3718 = FACE_BOUND('',#3719,.T.);
#3719 = EDGE_LOOP('',(#3720,#3721,#3729,#3735));
#3720 = ORIENTED_EDGE('',*,*,#3461,.F.);
#3721 = ORIENTED_EDGE('',*,*,#3722,.F.);
#3722 = EDGE_CURVE('',#3723,#3454,#3725,.T.);
#3723 = VERTEX_POINT('',#3724);
#3724 = CARTESIAN_POINT('',(13.408370744226,121.28396359261,1.7));
#3725 = LINE('',#3726,#3727);
#3726 = CARTESIAN_POINT('',(13.408370744226,121.28396359261,2.5));
#3727 = VECTOR('',#3728,1.);
#3728 = DIRECTION('',(0.,0.,-1.));
#3729 = ORIENTED_EDGE('',*,*,#3730,.F.);
#3730 = EDGE_CURVE('',#3698,#3723,#3731,.T.);
#3731 = LINE('',#3732,#3733);
#3732 = CARTESIAN_POINT('',(13.408370744226,109.50330741606,1.7));
#3733 = VECTOR('',#3734,1.);
#3734 = DIRECTION('',(-9.65411325761E-17,1.,0.));
#3735 = ORIENTED_EDGE('',*,*,#3706,.T.);
#3736 = PLANE('',#3737);
#3737 = AXIS2_PLACEMENT_3D('',#3738,#3739,#3740);
#3738 = CARTESIAN_POINT('',(13.408370744226,121.28396359261,2.5));
#3739 = DIRECTION('',(1.,9.65411325761E-17,0.));
#3740 = DIRECTION('',(9.65411325761E-17,-1.,0.));
#3741 = ADVANCED_FACE('',(#3742),#3767,.T.);
#3742 = FACE_BOUND('',#3743,.T.);
#3743 = EDGE_LOOP('',(#3744,#3752,#3753,#3761));
#3744 = ORIENTED_EDGE('',*,*,#3745,.T.);
#3745 = EDGE_CURVE('',#3746,#2746,#3748,.T.);
#3746 = VERTEX_POINT('',#3747);
#3747 = CARTESIAN_POINT('',(40.867292557676,98.283963592619,0.8));
#3748 = LINE('',#3749,#3750);
#3749 = CARTESIAN_POINT('',(40.867292557676,98.283963592619,0.8));
#3750 = VECTOR('',#3751,1.);
#3751 = DIRECTION('',(-0.707106781187,1.962615573355E-15,-0.707106781187
    ));
#3752 = ORIENTED_EDGE('',*,*,#2745,.T.);
#3753 = ORIENTED_EDGE('',*,*,#3754,.T.);
#3754 = EDGE_CURVE('',#2748,#3755,#3757,.T.);
#3755 = VERTEX_POINT('',#3756);
#3756 = CARTESIAN_POINT('',(40.867292557676,121.28396359261,0.8));
#3757 = LINE('',#3758,#3759);
#3758 = CARTESIAN_POINT('',(40.067292557676,121.28396359261,
    1.95399252334E-13));
#3759 = VECTOR('',#3760,1.);
#3760 = DIRECTION('',(0.707106781187,-1.962615573355E-15,0.707106781187)
  );
#3761 = ORIENTED_EDGE('',*,*,#3762,.T.);
#3762 = EDGE_CURVE('',#3755,#3746,#3763,.T.);
#3763 = LINE('',#3764,#3765);
#3764 = CARTESIAN_POINT('',(40.867292557676,109.50330741606,0.8));
#3765 = VECTOR('',#3766,1.);
#3766 = DIRECTION('',(0.,-1.,0.));
#3767 = PLANE('',#3768);
#3768 = AXIS2_PLACEMENT_3D('',#3769,#3770,#3771);
#3769 = CARTESIAN_POINT('',(40.467292557676,109.50330741606,0.4));
#3770 = DIRECTION('',(0.707106781187,0.,-0.707106781187));
#3771 = DIRECTION('',(-0.707106781187,0.,-0.707106781187));
#3772 = ADVANCED_FACE('',(#3773),#3792,.F.);
#3773 = FACE_BOUND('',#3774,.F.);
#3774 = EDGE_LOOP('',(#3775,#3784,#3785,#3786));
#3775 = ORIENTED_EDGE('',*,*,#3776,.F.);
#3776 = EDGE_CURVE('',#3746,#3777,#3779,.T.);
#3777 = VERTEX_POINT('',#3778);
#3778 = CARTESIAN_POINT('',(41.867292557676,97.283963592619,0.8));
#3779 = CIRCLE('',#3780,1.);
#3780 = AXIS2_PLACEMENT_3D('',#3781,#3782,#3783);
#3781 = CARTESIAN_POINT('',(41.867292557676,98.283963592619,0.8));
#3782 = DIRECTION('',(0.,0.,1.));
#3783 = DIRECTION('',(-1.,-2.22044604925E-15,0.));
#3784 = ORIENTED_EDGE('',*,*,#3745,.T.);
#3785 = ORIENTED_EDGE('',*,*,#2755,.F.);
#3786 = ORIENTED_EDGE('',*,*,#3787,.F.);
#3787 = EDGE_CURVE('',#3777,#2756,#3788,.T.);
#3788 = LINE('',#3789,#3790);
#3789 = CARTESIAN_POINT('',(41.867292557676,97.283963592619,0.8));
#3790 = VECTOR('',#3791,1.);
#3791 = DIRECTION('',(-1.962615573355E-15,-0.707106781187,
    -0.707106781187));
#3792 = CONICAL_SURFACE('',#3793,1.4,0.785398163397);
#3793 = AXIS2_PLACEMENT_3D('',#3794,#3795,#3796);
#3794 = CARTESIAN_POINT('',(41.867292557676,98.283963592619,0.4));
#3795 = DIRECTION('',(0.,0.,-1.));
#3796 = DIRECTION('',(-1.,-2.22044604925E-15,-0.));
#3797 = ADVANCED_FACE('',(#3798),#3816,.T.);
#3798 = FACE_BOUND('',#3799,.T.);
#3799 = EDGE_LOOP('',(#3800,#3808,#3809,#3810));
#3800 = ORIENTED_EDGE('',*,*,#3801,.T.);
#3801 = EDGE_CURVE('',#3802,#2765,#3804,.T.);
#3802 = VERTEX_POINT('',#3803);
#3803 = CARTESIAN_POINT('',(43.367292557676,97.283963592619,0.8));
#3804 = LINE('',#3805,#3806);
#3805 = CARTESIAN_POINT('',(43.367292557676,97.283963592619,0.8));
#3806 = VECTOR('',#3807,1.);
#3807 = DIRECTION('',(0.,-0.707106781187,-0.707106781187));
#3808 = ORIENTED_EDGE('',*,*,#2764,.T.);
#3809 = ORIENTED_EDGE('',*,*,#3787,.F.);
#3810 = ORIENTED_EDGE('',*,*,#3811,.T.);
#3811 = EDGE_CURVE('',#3777,#3802,#3812,.T.);
#3812 = LINE('',#3813,#3814);
#3813 = CARTESIAN_POINT('',(35.377562104313,97.283963592619,0.8));
#3814 = VECTOR('',#3815,1.);
#3815 = DIRECTION('',(1.,1.480297366167E-15,0.));
#3816 = PLANE('',#3817);
#3817 = AXIS2_PLACEMENT_3D('',#3818,#3819,#3820);
#3818 = CARTESIAN_POINT('',(35.377562104313,96.883963592619,0.4));
#3819 = DIRECTION('',(-1.046728305789E-15,0.707106781187,-0.707106781187
    ));
#3820 = DIRECTION('',(-1.,5.028988270784E-30,1.480297366167E-15));
#3821 = ADVANCED_FACE('',(#3822),#3841,.F.);
#3822 = FACE_BOUND('',#3823,.F.);
#3823 = EDGE_LOOP('',(#3824,#3833,#3834,#3835));
#3824 = ORIENTED_EDGE('',*,*,#3825,.F.);
#3825 = EDGE_CURVE('',#3802,#3826,#3828,.T.);
#3826 = VERTEX_POINT('',#3827);
#3827 = CARTESIAN_POINT('',(44.367292557676,98.283963592619,0.8));
#3828 = CIRCLE('',#3829,1.);
#3829 = AXIS2_PLACEMENT_3D('',#3830,#3831,#3832);
#3830 = CARTESIAN_POINT('',(43.367292557676,98.283963592619,0.8));
#3831 = DIRECTION('',(0.,0.,1.));
#3832 = DIRECTION('',(-2.22044604925E-15,-1.,0.));
#3833 = ORIENTED_EDGE('',*,*,#3801,.T.);
#3834 = ORIENTED_EDGE('',*,*,#2772,.F.);
#3835 = ORIENTED_EDGE('',*,*,#3836,.F.);
#3836 = EDGE_CURVE('',#3826,#2773,#3837,.T.);
#3837 = LINE('',#3838,#3839);
#3838 = CARTESIAN_POINT('',(44.367292557676,98.283963592619,0.8));
#3839 = VECTOR('',#3840,1.);
#3840 = DIRECTION('',(0.707106781187,1.962615573355E-15,-0.707106781187)
  );
#3841 = CONICAL_SURFACE('',#3842,1.4,0.785398163397);
#3842 = AXIS2_PLACEMENT_3D('',#3843,#3844,#3845);
#3843 = CARTESIAN_POINT('',(43.367292557676,98.283963592619,0.4));
#3844 = DIRECTION('',(0.,0.,-1.));
#3845 = DIRECTION('',(-2.22044604925E-15,-1.,-0.));
#3846 = ADVANCED_FACE('',(#3847),#3865,.T.);
#3847 = FACE_BOUND('',#3848,.T.);
#3848 = EDGE_LOOP('',(#3849,#3857,#3858,#3859));
#3849 = ORIENTED_EDGE('',*,*,#3850,.T.);
#3850 = EDGE_CURVE('',#3851,#2782,#3853,.T.);
#3851 = VERTEX_POINT('',#3852);
#3852 = CARTESIAN_POINT('',(44.367292557676,121.28396359261,0.8));
#3853 = LINE('',#3854,#3855);
#3854 = CARTESIAN_POINT('',(44.367292557676,121.28396359261,0.8));
#3855 = VECTOR('',#3856,1.);
#3856 = DIRECTION('',(0.707106781187,1.962615573355E-15,-0.707106781187)
  );
#3857 = ORIENTED_EDGE('',*,*,#2781,.T.);
#3858 = ORIENTED_EDGE('',*,*,#3836,.F.);
#3859 = ORIENTED_EDGE('',*,*,#3860,.T.);
#3860 = EDGE_CURVE('',#3826,#3851,#3861,.T.);
#3861 = LINE('',#3862,#3863);
#3862 = CARTESIAN_POINT('',(44.367292557676,98.003307416061,0.8));
#3863 = VECTOR('',#3864,1.);
#3864 = DIRECTION('',(9.65411325761E-17,1.,0.));
#3865 = PLANE('',#3866);
#3866 = AXIS2_PLACEMENT_3D('',#3867,#3868,#3869);
#3867 = CARTESIAN_POINT('',(44.767292557676,98.003307416061,0.4));
#3868 = DIRECTION('',(-0.707106781187,6.826488950799E-17,-0.707106781187
    ));
#3869 = DIRECTION('',(-0.707106781187,0.,0.707106781187));
#3870 = ADVANCED_FACE('',(#3871),#3890,.F.);
#3871 = FACE_BOUND('',#3872,.F.);
#3872 = EDGE_LOOP('',(#3873,#3882,#3883,#3884));
#3873 = ORIENTED_EDGE('',*,*,#3874,.F.);
#3874 = EDGE_CURVE('',#3851,#3875,#3877,.T.);
#3875 = VERTEX_POINT('',#3876);
#3876 = CARTESIAN_POINT('',(43.367292557676,122.28396359261,0.8));
#3877 = CIRCLE('',#3878,1.);
#3878 = AXIS2_PLACEMENT_3D('',#3879,#3880,#3881);
#3879 = CARTESIAN_POINT('',(43.367292557676,121.28396359261,0.8));
#3880 = DIRECTION('',(0.,0.,1.));
#3881 = DIRECTION('',(1.,-2.22044604925E-15,0.));
#3882 = ORIENTED_EDGE('',*,*,#3850,.T.);
#3883 = ORIENTED_EDGE('',*,*,#2789,.F.);
#3884 = ORIENTED_EDGE('',*,*,#3885,.F.);
#3885 = EDGE_CURVE('',#3875,#2790,#3886,.T.);
#3886 = LINE('',#3887,#3888);
#3887 = CARTESIAN_POINT('',(43.367292557676,122.28396359261,0.8));
#3888 = VECTOR('',#3889,1.);
#3889 = DIRECTION('',(-1.962615573355E-15,0.707106781187,-0.707106781187
    ));
#3890 = CONICAL_SURFACE('',#3891,1.4,0.785398163397);
#3891 = AXIS2_PLACEMENT_3D('',#3892,#3893,#3894);
#3892 = CARTESIAN_POINT('',(43.367292557676,121.28396359261,0.4));
#3893 = DIRECTION('',(0.,0.,-1.));
#3894 = DIRECTION('',(1.,-2.22044604925E-15,0.));
#3895 = ADVANCED_FACE('',(#3896),#3914,.T.);
#3896 = FACE_BOUND('',#3897,.T.);
#3897 = EDGE_LOOP('',(#3898,#3906,#3907,#3908));
#3898 = ORIENTED_EDGE('',*,*,#3899,.T.);
#3899 = EDGE_CURVE('',#3900,#2799,#3902,.T.);
#3900 = VERTEX_POINT('',#3901);
#3901 = CARTESIAN_POINT('',(41.867292557676,122.28396359261,0.8));
#3902 = LINE('',#3903,#3904);
#3903 = CARTESIAN_POINT('',(41.867292557676,122.28396359261,0.8));
#3904 = VECTOR('',#3905,1.);
#3905 = DIRECTION('',(0.,0.707106781187,-0.707106781187));
#3906 = ORIENTED_EDGE('',*,*,#2798,.T.);
#3907 = ORIENTED_EDGE('',*,*,#3885,.F.);
#3908 = ORIENTED_EDGE('',*,*,#3909,.T.);
#3909 = EDGE_CURVE('',#3875,#3900,#3910,.T.);
#3910 = LINE('',#3911,#3912);
#3911 = CARTESIAN_POINT('',(36.127562104313,122.28396359261,0.8));
#3912 = VECTOR('',#3913,1.);
#3913 = DIRECTION('',(-1.,0.,0.));
#3914 = PLANE('',#3915);
#3915 = AXIS2_PLACEMENT_3D('',#3916,#3917,#3918);
#3916 = CARTESIAN_POINT('',(36.127562104313,122.68396359261,0.4));
#3917 = DIRECTION('',(0.,-0.707106781187,-0.707106781187));
#3918 = DIRECTION('',(-1.,-0.,0.));
#3919 = ADVANCED_FACE('',(#3920),#3932,.F.);
#3920 = FACE_BOUND('',#3921,.F.);
#3921 = EDGE_LOOP('',(#3922,#3929,#3930,#3931));
#3922 = ORIENTED_EDGE('',*,*,#3923,.F.);
#3923 = EDGE_CURVE('',#3900,#3755,#3924,.T.);
#3924 = CIRCLE('',#3925,1.);
#3925 = AXIS2_PLACEMENT_3D('',#3926,#3927,#3928);
#3926 = CARTESIAN_POINT('',(41.867292557676,121.28396359261,0.8));
#3927 = DIRECTION('',(0.,0.,1.));
#3928 = DIRECTION('',(2.22044604925E-15,1.,-0.));
#3929 = ORIENTED_EDGE('',*,*,#3899,.T.);
#3930 = ORIENTED_EDGE('',*,*,#2806,.F.);
#3931 = ORIENTED_EDGE('',*,*,#3754,.T.);
#3932 = CONICAL_SURFACE('',#3933,1.4,0.785398163397);
#3933 = AXIS2_PLACEMENT_3D('',#3934,#3935,#3936);
#3934 = CARTESIAN_POINT('',(41.867292557676,121.28396359261,0.4));
#3935 = DIRECTION('',(0.,0.,-1.));
#3936 = DIRECTION('',(2.22044604925E-15,1.,0.));
#3937 = ADVANCED_FACE('',(#3938),#3964,.F.);
#3938 = FACE_BOUND('',#3939,.F.);
#3939 = EDGE_LOOP('',(#3940,#3948,#3957,#3963));
#3940 = ORIENTED_EDGE('',*,*,#3941,.F.);
#3941 = EDGE_CURVE('',#3942,#3826,#3944,.T.);
#3942 = VERTEX_POINT('',#3943);
#3943 = CARTESIAN_POINT('',(44.367292557676,98.283963592619,1.7));
#3944 = LINE('',#3945,#3946);
#3945 = CARTESIAN_POINT('',(44.367292557676,98.283963592619,2.5));
#3946 = VECTOR('',#3947,1.);
#3947 = DIRECTION('',(0.,0.,-1.));
#3948 = ORIENTED_EDGE('',*,*,#3949,.T.);
#3949 = EDGE_CURVE('',#3942,#3950,#3952,.T.);
#3950 = VERTEX_POINT('',#3951);
#3951 = CARTESIAN_POINT('',(43.367292557676,97.283963592619,1.7));
#3952 = CIRCLE('',#3953,1.);
#3953 = AXIS2_PLACEMENT_3D('',#3954,#3955,#3956);
#3954 = CARTESIAN_POINT('',(43.367292557676,98.283963592619,1.7));
#3955 = DIRECTION('',(0.,0.,-1.));
#3956 = DIRECTION('',(-2.22044604925E-15,-1.,-0.));
#3957 = ORIENTED_EDGE('',*,*,#3958,.T.);
#3958 = EDGE_CURVE('',#3950,#3802,#3959,.T.);
#3959 = LINE('',#3960,#3961);
#3960 = CARTESIAN_POINT('',(43.367292557676,97.283963592619,2.5));
#3961 = VECTOR('',#3962,1.);
#3962 = DIRECTION('',(0.,0.,-1.));
#3963 = ORIENTED_EDGE('',*,*,#3825,.T.);
#3964 = CYLINDRICAL_SURFACE('',#3965,1.);
#3965 = AXIS2_PLACEMENT_3D('',#3966,#3967,#3968);
#3966 = CARTESIAN_POINT('',(43.367292557676,98.283963592619,2.5));
#3967 = DIRECTION('',(0.,0.,-1.));
#3968 = DIRECTION('',(-2.22044604925E-15,-1.,-0.));
#3969 = ADVANCED_FACE('',(#3970),#3988,.T.);
#3970 = FACE_BOUND('',#3971,.T.);
#3971 = EDGE_LOOP('',(#3972,#3973,#3981,#3987));
#3972 = ORIENTED_EDGE('',*,*,#3811,.F.);
#3973 = ORIENTED_EDGE('',*,*,#3974,.F.);
#3974 = EDGE_CURVE('',#3975,#3777,#3977,.T.);
#3975 = VERTEX_POINT('',#3976);
#3976 = CARTESIAN_POINT('',(41.867292557676,97.283963592619,1.7));
#3977 = LINE('',#3978,#3979);
#3978 = CARTESIAN_POINT('',(41.867292557676,97.283963592619,2.5));
#3979 = VECTOR('',#3980,1.);
#3980 = DIRECTION('',(0.,0.,-1.));
#3981 = ORIENTED_EDGE('',*,*,#3982,.F.);
#3982 = EDGE_CURVE('',#3950,#3975,#3983,.T.);
#3983 = LINE('',#3984,#3985);
#3984 = CARTESIAN_POINT('',(35.377562104313,97.283963592619,1.7));
#3985 = VECTOR('',#3986,1.);
#3986 = DIRECTION('',(-1.,-1.480297366167E-15,0.));
#3987 = ORIENTED_EDGE('',*,*,#3958,.T.);
#3988 = PLANE('',#3989);
#3989 = AXIS2_PLACEMENT_3D('',#3990,#3991,#3992);
#3990 = CARTESIAN_POINT('',(41.867292557676,97.283963592619,2.5));
#3991 = DIRECTION('',(-1.480297366167E-15,1.,0.));
#3992 = DIRECTION('',(1.,1.480297366167E-15,0.));
#3993 = ADVANCED_FACE('',(#3994),#4013,.F.);
#3994 = FACE_BOUND('',#3995,.F.);
#3995 = EDGE_LOOP('',(#3996,#3997,#4006,#4012));
#3996 = ORIENTED_EDGE('',*,*,#3974,.F.);
#3997 = ORIENTED_EDGE('',*,*,#3998,.T.);
#3998 = EDGE_CURVE('',#3975,#3999,#4001,.T.);
#3999 = VERTEX_POINT('',#4000);
#4000 = CARTESIAN_POINT('',(40.867292557676,98.283963592619,1.7));
#4001 = CIRCLE('',#4002,1.);
#4002 = AXIS2_PLACEMENT_3D('',#4003,#4004,#4005);
#4003 = CARTESIAN_POINT('',(41.867292557676,98.283963592619,1.7));
#4004 = DIRECTION('',(0.,0.,-1.));
#4005 = DIRECTION('',(-1.,-2.22044604925E-15,-0.));
#4006 = ORIENTED_EDGE('',*,*,#4007,.T.);
#4007 = EDGE_CURVE('',#3999,#3746,#4008,.T.);
#4008 = LINE('',#4009,#4010);
#4009 = CARTESIAN_POINT('',(40.867292557676,98.283963592619,2.5));
#4010 = VECTOR('',#4011,1.);
#4011 = DIRECTION('',(0.,0.,-1.));
#4012 = ORIENTED_EDGE('',*,*,#3776,.T.);
#4013 = CYLINDRICAL_SURFACE('',#4014,1.);
#4014 = AXIS2_PLACEMENT_3D('',#4015,#4016,#4017);
#4015 = CARTESIAN_POINT('',(41.867292557676,98.283963592619,2.5));
#4016 = DIRECTION('',(0.,0.,-1.));
#4017 = DIRECTION('',(-1.,-2.22044604925E-15,-0.));
#4018 = ADVANCED_FACE('',(#4019),#4037,.T.);
#4019 = FACE_BOUND('',#4020,.T.);
#4020 = EDGE_LOOP('',(#4021,#4022,#4030,#4036));
#4021 = ORIENTED_EDGE('',*,*,#3762,.F.);
#4022 = ORIENTED_EDGE('',*,*,#4023,.F.);
#4023 = EDGE_CURVE('',#4024,#3755,#4026,.T.);
#4024 = VERTEX_POINT('',#4025);
#4025 = CARTESIAN_POINT('',(40.867292557676,121.28396359261,1.7));
#4026 = LINE('',#4027,#4028);
#4027 = CARTESIAN_POINT('',(40.867292557676,121.28396359261,2.5));
#4028 = VECTOR('',#4029,1.);
#4029 = DIRECTION('',(0.,0.,-1.));
#4030 = ORIENTED_EDGE('',*,*,#4031,.F.);
#4031 = EDGE_CURVE('',#3999,#4024,#4032,.T.);
#4032 = LINE('',#4033,#4034);
#4033 = CARTESIAN_POINT('',(40.867292557676,109.50330741606,1.7));
#4034 = VECTOR('',#4035,1.);
#4035 = DIRECTION('',(0.,1.,0.));
#4036 = ORIENTED_EDGE('',*,*,#4007,.T.);
#4037 = PLANE('',#4038);
#4038 = AXIS2_PLACEMENT_3D('',#4039,#4040,#4041);
#4039 = CARTESIAN_POINT('',(40.867292557676,121.28396359261,2.5));
#4040 = DIRECTION('',(1.,0.,0.));
#4041 = DIRECTION('',(0.,-1.,0.));
#4042 = ADVANCED_FACE('',(#4043),#4059,.T.);
#4043 = FACE_BOUND('',#4044,.T.);
#4044 = EDGE_LOOP('',(#4045,#4051,#4052,#4058));
#4045 = ORIENTED_EDGE('',*,*,#4046,.T.);
#4046 = EDGE_CURVE('',#2040,#671,#4047,.T.);
#4047 = LINE('',#4048,#4049);
#4048 = CARTESIAN_POINT('',(37.51153475343,58.110849873963,1.7));
#4049 = VECTOR('',#4050,1.);
#4050 = DIRECTION('',(-0.707106781187,0.,0.707106781187));
#4051 = ORIENTED_EDGE('',*,*,#670,.T.);
#4052 = ORIENTED_EDGE('',*,*,#4053,.T.);
#4053 = EDGE_CURVE('',#673,#2015,#4054,.T.);
#4054 = LINE('',#4055,#4056);
#4055 = CARTESIAN_POINT('',(36.71153475343,35.110849873963,2.5));
#4056 = VECTOR('',#4057,1.);
#4057 = DIRECTION('',(0.707106781187,0.,-0.707106781187));
#4058 = ORIENTED_EDGE('',*,*,#2047,.T.);
#4059 = PLANE('',#4060);
#4060 = AXIS2_PLACEMENT_3D('',#4061,#4062,#4063);
#4061 = CARTESIAN_POINT('',(37.11153475343,77.916750556732,2.1));
#4062 = DIRECTION('',(0.707106781187,0.,0.707106781187));
#4063 = DIRECTION('',(0.707106781187,0.,-0.707106781187));
#4064 = ADVANCED_FACE('',(#4065),#4084,.F.);
#4065 = FACE_BOUND('',#4066,.F.);
#4066 = EDGE_LOOP('',(#4067,#4076,#4077,#4078));
#4067 = ORIENTED_EDGE('',*,*,#4068,.F.);
#4068 = EDGE_CURVE('',#2040,#4069,#4071,.T.);
#4069 = VERTEX_POINT('',#4070);
#4070 = CARTESIAN_POINT('',(38.51153475343,59.110849873963,1.7));
#4071 = CIRCLE('',#4072,1.);
#4072 = AXIS2_PLACEMENT_3D('',#4073,#4074,#4075);
#4073 = CARTESIAN_POINT('',(38.51153475343,58.110849873963,1.7));
#4074 = DIRECTION('',(0.,0.,-1.));
#4075 = DIRECTION('',(1.110223024625E-15,1.,0.));
#4076 = ORIENTED_EDGE('',*,*,#4046,.T.);
#4077 = ORIENTED_EDGE('',*,*,#680,.F.);
#4078 = ORIENTED_EDGE('',*,*,#4079,.F.);
#4079 = EDGE_CURVE('',#4069,#681,#4080,.T.);
#4080 = LINE('',#4081,#4082);
#4081 = CARTESIAN_POINT('',(38.51153475343,59.110849873963,1.7));
#4082 = VECTOR('',#4083,1.);
#4083 = DIRECTION('',(9.813077866774E-16,0.707106781187,0.707106781187)
  );
#4084 = CONICAL_SURFACE('',#4085,1.4,0.785398163397);
#4085 = AXIS2_PLACEMENT_3D('',#4086,#4087,#4088);
#4086 = CARTESIAN_POINT('',(38.51153475343,58.110849873963,2.1));
#4087 = DIRECTION('',(0.,0.,1.));
#4088 = DIRECTION('',(1.110223024625E-15,1.,-0.));
#4089 = ADVANCED_FACE('',(#4090),#4108,.T.);
#4090 = FACE_BOUND('',#4091,.T.);
#4091 = EDGE_LOOP('',(#4092,#4100,#4101,#4102));
#4092 = ORIENTED_EDGE('',*,*,#4093,.T.);
#4093 = EDGE_CURVE('',#4094,#690,#4096,.T.);
#4094 = VERTEX_POINT('',#4095);
#4095 = CARTESIAN_POINT('',(40.01153475343,59.110849873963,1.7));
#4096 = LINE('',#4097,#4098);
#4097 = CARTESIAN_POINT('',(40.01153475343,59.110849873963,1.7));
#4098 = VECTOR('',#4099,1.);
#4099 = DIRECTION('',(0.,0.707106781187,0.707106781187));
#4100 = ORIENTED_EDGE('',*,*,#689,.T.);
#4101 = ORIENTED_EDGE('',*,*,#4079,.F.);
#4102 = ORIENTED_EDGE('',*,*,#4103,.T.);
#4103 = EDGE_CURVE('',#4069,#4094,#4104,.T.);
#4104 = LINE('',#4105,#4106);
#4105 = CARTESIAN_POINT('',(34.449683202191,59.110849873963,1.7));
#4106 = VECTOR('',#4107,1.);
#4107 = DIRECTION('',(1.,0.,0.));
#4108 = PLANE('',#4109);
#4109 = AXIS2_PLACEMENT_3D('',#4110,#4111,#4112);
#4110 = CARTESIAN_POINT('',(34.449683202191,59.510849873963,2.1));
#4111 = DIRECTION('',(0.,-0.707106781187,0.707106781187));
#4112 = DIRECTION('',(1.,0.,0.));
#4113 = ADVANCED_FACE('',(#4114),#4133,.F.);
#4114 = FACE_BOUND('',#4115,.F.);
#4115 = EDGE_LOOP('',(#4116,#4125,#4126,#4127));
#4116 = ORIENTED_EDGE('',*,*,#4117,.F.);
#4117 = EDGE_CURVE('',#4094,#4118,#4120,.T.);
#4118 = VERTEX_POINT('',#4119);
#4119 = CARTESIAN_POINT('',(41.01153475343,58.110849873963,1.7));
#4120 = CIRCLE('',#4121,1.);
#4121 = AXIS2_PLACEMENT_3D('',#4122,#4123,#4124);
#4122 = CARTESIAN_POINT('',(40.01153475343,58.110849873963,1.7));
#4123 = DIRECTION('',(0.,0.,-1.));
#4124 = DIRECTION('',(1.,0.,0.));
#4125 = ORIENTED_EDGE('',*,*,#4093,.T.);
#4126 = ORIENTED_EDGE('',*,*,#697,.F.);
#4127 = ORIENTED_EDGE('',*,*,#4128,.F.);
#4128 = EDGE_CURVE('',#4118,#698,#4129,.T.);
#4129 = LINE('',#4130,#4131);
#4130 = CARTESIAN_POINT('',(41.01153475343,58.110849873963,1.7));
#4131 = VECTOR('',#4132,1.);
#4132 = DIRECTION('',(0.707106781187,0.,0.707106781187));
#4133 = CONICAL_SURFACE('',#4134,1.4,0.785398163397);
#4134 = AXIS2_PLACEMENT_3D('',#4135,#4136,#4137);
#4135 = CARTESIAN_POINT('',(40.01153475343,58.110849873963,2.1));
#4136 = DIRECTION('',(0.,0.,1.));
#4137 = DIRECTION('',(1.,0.,-0.));
#4138 = ADVANCED_FACE('',(#4139),#4155,.T.);
#4139 = FACE_BOUND('',#4140,.T.);
#4140 = EDGE_LOOP('',(#4141,#4147,#4148,#4149));
#4141 = ORIENTED_EDGE('',*,*,#4142,.T.);
#4142 = EDGE_CURVE('',#1958,#707,#4143,.T.);
#4143 = LINE('',#4144,#4145);
#4144 = CARTESIAN_POINT('',(41.01153475343,35.110849873963,1.7));
#4145 = VECTOR('',#4146,1.);
#4146 = DIRECTION('',(0.707106781187,0.,0.707106781187));
#4147 = ORIENTED_EDGE('',*,*,#706,.T.);
#4148 = ORIENTED_EDGE('',*,*,#4128,.F.);
#4149 = ORIENTED_EDGE('',*,*,#4150,.T.);
#4150 = EDGE_CURVE('',#4118,#1958,#4151,.T.);
#4151 = LINE('',#4152,#4153);
#4152 = CARTESIAN_POINT('',(41.01153475343,66.416750556732,1.7));
#4153 = VECTOR('',#4154,1.);
#4154 = DIRECTION('',(2.896233977283E-16,-1.,0.));
#4155 = PLANE('',#4156);
#4156 = AXIS2_PLACEMENT_3D('',#4157,#4158,#4159);
#4157 = CARTESIAN_POINT('',(41.41153475343,66.416750556732,2.1));
#4158 = DIRECTION('',(-0.707106781187,-2.04794668524E-16,0.707106781187)
  );
#4159 = DIRECTION('',(0.707106781187,0.,0.707106781187));
#4160 = ADVANCED_FACE('',(#4161),#4172,.F.);
#4161 = FACE_BOUND('',#4162,.F.);
#4162 = EDGE_LOOP('',(#4163,#4164,#4165,#4166));
#4163 = ORIENTED_EDGE('',*,*,#1965,.F.);
#4164 = ORIENTED_EDGE('',*,*,#4142,.T.);
#4165 = ORIENTED_EDGE('',*,*,#714,.F.);
#4166 = ORIENTED_EDGE('',*,*,#4167,.F.);
#4167 = EDGE_CURVE('',#1966,#715,#4168,.T.);
#4168 = LINE('',#4169,#4170);
#4169 = CARTESIAN_POINT('',(40.01153475343,34.110849873963,1.7));
#4170 = VECTOR('',#4171,1.);
#4171 = DIRECTION('',(3.925231146709E-15,-0.707106781187,0.707106781187)
  );
#4172 = CONICAL_SURFACE('',#4173,1.4,0.785398163397);
#4173 = AXIS2_PLACEMENT_3D('',#4174,#4175,#4176);
#4174 = CARTESIAN_POINT('',(40.01153475343,35.110849873963,2.1));
#4175 = DIRECTION('',(0.,0.,1.));
#4176 = DIRECTION('',(6.661338147751E-15,-1.,0.));
#4177 = ADVANCED_FACE('',(#4178),#4189,.T.);
#4178 = FACE_BOUND('',#4179,.T.);
#4179 = EDGE_LOOP('',(#4180,#4186,#4187,#4188));
#4180 = ORIENTED_EDGE('',*,*,#4181,.T.);
#4181 = EDGE_CURVE('',#1991,#724,#4182,.T.);
#4182 = LINE('',#4183,#4184);
#4183 = CARTESIAN_POINT('',(38.51153475343,34.110849873963,1.7));
#4184 = VECTOR('',#4185,1.);
#4185 = DIRECTION('',(0.,-0.707106781187,0.707106781187));
#4186 = ORIENTED_EDGE('',*,*,#723,.T.);
#4187 = ORIENTED_EDGE('',*,*,#4167,.F.);
#4188 = ORIENTED_EDGE('',*,*,#1998,.T.);
#4189 = PLANE('',#4190);
#4190 = AXIS2_PLACEMENT_3D('',#4191,#4192,#4193);
#4191 = CARTESIAN_POINT('',(33.699683202191,33.710849873963,2.1));
#4192 = DIRECTION('',(0.,0.707106781187,0.707106781187));
#4193 = DIRECTION('',(1.,0.,-0.));
#4194 = ADVANCED_FACE('',(#4195),#4201,.F.);
#4195 = FACE_BOUND('',#4196,.F.);
#4196 = EDGE_LOOP('',(#4197,#4198,#4199,#4200));
#4197 = ORIENTED_EDGE('',*,*,#2014,.F.);
#4198 = ORIENTED_EDGE('',*,*,#4181,.T.);
#4199 = ORIENTED_EDGE('',*,*,#731,.F.);
#4200 = ORIENTED_EDGE('',*,*,#4053,.T.);
#4201 = CONICAL_SURFACE('',#4202,1.4,0.785398163397);
#4202 = AXIS2_PLACEMENT_3D('',#4203,#4204,#4205);
#4203 = CARTESIAN_POINT('',(38.51153475343,35.110849873963,2.1));
#4204 = DIRECTION('',(0.,0.,1.));
#4205 = DIRECTION('',(-1.,0.,0.));
#4206 = ADVANCED_FACE('',(#4207),#4223,.F.);
#4207 = FACE_BOUND('',#4208,.F.);
#4208 = EDGE_LOOP('',(#4209,#4215,#4216,#4222));
#4209 = ORIENTED_EDGE('',*,*,#4210,.F.);
#4210 = EDGE_CURVE('',#4094,#1870,#4211,.T.);
#4211 = LINE('',#4212,#4213);
#4212 = CARTESIAN_POINT('',(40.01153475343,59.110849873963,2.5));
#4213 = VECTOR('',#4214,1.);
#4214 = DIRECTION('',(0.,0.,-1.));
#4215 = ORIENTED_EDGE('',*,*,#4117,.T.);
#4216 = ORIENTED_EDGE('',*,*,#4217,.T.);
#4217 = EDGE_CURVE('',#4118,#1839,#4218,.T.);
#4218 = LINE('',#4219,#4220);
#4219 = CARTESIAN_POINT('',(41.01153475343,58.110849873963,2.5));
#4220 = VECTOR('',#4221,1.);
#4221 = DIRECTION('',(0.,0.,-1.));
#4222 = ORIENTED_EDGE('',*,*,#1869,.T.);
#4223 = CYLINDRICAL_SURFACE('',#4224,1.);
#4224 = AXIS2_PLACEMENT_3D('',#4225,#4226,#4227);
#4225 = CARTESIAN_POINT('',(40.01153475343,58.110849873963,2.5));
#4226 = DIRECTION('',(0.,0.,-1.));
#4227 = DIRECTION('',(1.,0.,0.));
#4228 = ADVANCED_FACE('',(#4229),#4240,.T.);
#4229 = FACE_BOUND('',#4230,.T.);
#4230 = EDGE_LOOP('',(#4231,#4232,#4233,#4234));
#4231 = ORIENTED_EDGE('',*,*,#1919,.F.);
#4232 = ORIENTED_EDGE('',*,*,#4210,.F.);
#4233 = ORIENTED_EDGE('',*,*,#4103,.F.);
#4234 = ORIENTED_EDGE('',*,*,#4235,.T.);
#4235 = EDGE_CURVE('',#4069,#1903,#4236,.T.);
#4236 = LINE('',#4237,#4238);
#4237 = CARTESIAN_POINT('',(38.51153475343,59.110849873963,2.5));
#4238 = VECTOR('',#4239,1.);
#4239 = DIRECTION('',(0.,0.,-1.));
#4240 = PLANE('',#4241);
#4241 = AXIS2_PLACEMENT_3D('',#4242,#4243,#4244);
#4242 = CARTESIAN_POINT('',(40.01153475343,59.110849873963,2.5));
#4243 = DIRECTION('',(0.,-1.,0.));
#4244 = DIRECTION('',(-1.,0.,0.));
#4245 = ADVANCED_FACE('',(#4246),#4252,.F.);
#4246 = FACE_BOUND('',#4247,.F.);
#4247 = EDGE_LOOP('',(#4248,#4249,#4250,#4251));
#4248 = ORIENTED_EDGE('',*,*,#2039,.F.);
#4249 = ORIENTED_EDGE('',*,*,#4068,.T.);
#4250 = ORIENTED_EDGE('',*,*,#4235,.T.);
#4251 = ORIENTED_EDGE('',*,*,#1933,.T.);
#4252 = CYLINDRICAL_SURFACE('',#4253,1.);
#4253 = AXIS2_PLACEMENT_3D('',#4254,#4255,#4256);
#4254 = CARTESIAN_POINT('',(38.51153475343,58.110849873963,2.5));
#4255 = DIRECTION('',(0.,0.,-1.));
#4256 = DIRECTION('',(1.110223024625E-15,1.,0.));
#4257 = ADVANCED_FACE('',(#4258),#4281,.T.);
#4258 = FACE_BOUND('',#4259,.T.);
#4259 = EDGE_LOOP('',(#4260,#4266,#4267,#4275));
#4260 = ORIENTED_EDGE('',*,*,#4261,.T.);
#4261 = EDGE_CURVE('',#3340,#1615,#4262,.T.);
#4262 = LINE('',#4263,#4264);
#4263 = CARTESIAN_POINT('',(16.764128548472,58.110849873963,1.7));
#4264 = VECTOR('',#4265,1.);
#4265 = DIRECTION('',(-0.707106781187,0.,0.707106781187));
#4266 = ORIENTED_EDGE('',*,*,#1614,.T.);
#4267 = ORIENTED_EDGE('',*,*,#4268,.T.);
#4268 = EDGE_CURVE('',#1617,#4269,#4271,.T.);
#4269 = VERTEX_POINT('',#4270);
#4270 = CARTESIAN_POINT('',(16.764128548472,35.110849873963,1.7));
#4271 = LINE('',#4272,#4273);
#4272 = CARTESIAN_POINT('',(15.964128548472,35.110849873963,2.5));
#4273 = VECTOR('',#4274,1.);
#4274 = DIRECTION('',(0.707106781187,0.,-0.707106781187));
#4275 = ORIENTED_EDGE('',*,*,#4276,.T.);
#4276 = EDGE_CURVE('',#4269,#3340,#4277,.T.);
#4277 = LINE('',#4278,#4279);
#4278 = CARTESIAN_POINT('',(16.764128548472,77.916750556732,1.7));
#4279 = VECTOR('',#4280,1.);
#4280 = DIRECTION('',(0.,1.,0.));
#4281 = PLANE('',#4282);
#4282 = AXIS2_PLACEMENT_3D('',#4283,#4284,#4285);
#4283 = CARTESIAN_POINT('',(16.364128548472,77.916750556732,2.1));
#4284 = DIRECTION('',(0.707106781187,0.,0.707106781187));
#4285 = DIRECTION('',(0.707106781187,0.,-0.707106781187));
#4286 = ADVANCED_FACE('',(#4287),#4298,.F.);
#4287 = FACE_BOUND('',#4288,.F.);
#4288 = EDGE_LOOP('',(#4289,#4290,#4291,#4292));
#4289 = ORIENTED_EDGE('',*,*,#3347,.F.);
#4290 = ORIENTED_EDGE('',*,*,#4261,.T.);
#4291 = ORIENTED_EDGE('',*,*,#1624,.F.);
#4292 = ORIENTED_EDGE('',*,*,#4293,.F.);
#4293 = EDGE_CURVE('',#3348,#1625,#4294,.T.);
#4294 = LINE('',#4295,#4296);
#4295 = CARTESIAN_POINT('',(17.764128548472,59.110849873963,1.7));
#4296 = VECTOR('',#4297,1.);
#4297 = DIRECTION('',(3.925231146709E-15,0.707106781187,0.707106781187)
  );
#4298 = CONICAL_SURFACE('',#4299,1.4,0.785398163397);
#4299 = AXIS2_PLACEMENT_3D('',#4300,#4301,#4302);
#4300 = CARTESIAN_POINT('',(17.764128548472,58.110849873963,2.1));
#4301 = DIRECTION('',(0.,0.,1.));
#4302 = DIRECTION('',(-1.,0.,0.));
#4303 = ADVANCED_FACE('',(#4304),#4315,.T.);
#4304 = FACE_BOUND('',#4305,.T.);
#4305 = EDGE_LOOP('',(#4306,#4312,#4313,#4314));
#4306 = ORIENTED_EDGE('',*,*,#4307,.T.);
#4307 = EDGE_CURVE('',#3373,#1634,#4308,.T.);
#4308 = LINE('',#4309,#4310);
#4309 = CARTESIAN_POINT('',(19.264128548471,59.110849873963,1.7));
#4310 = VECTOR('',#4311,1.);
#4311 = DIRECTION('',(0.,0.707106781187,0.707106781187));
#4312 = ORIENTED_EDGE('',*,*,#1633,.T.);
#4313 = ORIENTED_EDGE('',*,*,#4293,.F.);
#4314 = ORIENTED_EDGE('',*,*,#3380,.T.);
#4315 = PLANE('',#4316);
#4316 = AXIS2_PLACEMENT_3D('',#4317,#4318,#4319);
#4317 = CARTESIAN_POINT('',(24.075980099711,59.510849873963,2.1));
#4318 = DIRECTION('',(0.,-0.707106781187,0.707106781187));
#4319 = DIRECTION('',(1.,0.,0.));
#4320 = ADVANCED_FACE('',(#4321),#4332,.F.);
#4321 = FACE_BOUND('',#4322,.F.);
#4322 = EDGE_LOOP('',(#4323,#4324,#4325,#4326));
#4323 = ORIENTED_EDGE('',*,*,#3396,.F.);
#4324 = ORIENTED_EDGE('',*,*,#4307,.T.);
#4325 = ORIENTED_EDGE('',*,*,#1641,.F.);
#4326 = ORIENTED_EDGE('',*,*,#4327,.F.);
#4327 = EDGE_CURVE('',#3397,#1642,#4328,.T.);
#4328 = LINE('',#4329,#4330);
#4329 = CARTESIAN_POINT('',(20.264128548471,58.110849873963,1.7));
#4330 = VECTOR('',#4331,1.);
#4331 = DIRECTION('',(0.707106781187,0.,0.707106781187));
#4332 = CONICAL_SURFACE('',#4333,1.4,0.785398163397);
#4333 = AXIS2_PLACEMENT_3D('',#4334,#4335,#4336);
#4334 = CARTESIAN_POINT('',(19.264128548471,58.110849873963,2.1));
#4335 = DIRECTION('',(0.,0.,1.));
#4336 = DIRECTION('',(-1.110223024625E-15,1.,0.));
#4337 = ADVANCED_FACE('',(#4338),#4349,.T.);
#4338 = FACE_BOUND('',#4339,.T.);
#4339 = EDGE_LOOP('',(#4340,#4346,#4347,#4348));
#4340 = ORIENTED_EDGE('',*,*,#4341,.T.);
#4341 = EDGE_CURVE('',#3422,#1651,#4342,.T.);
#4342 = LINE('',#4343,#4344);
#4343 = CARTESIAN_POINT('',(20.264128548471,35.110849873963,1.7));
#4344 = VECTOR('',#4345,1.);
#4345 = DIRECTION('',(0.707106781187,0.,0.707106781187));
#4346 = ORIENTED_EDGE('',*,*,#1650,.T.);
#4347 = ORIENTED_EDGE('',*,*,#4327,.F.);
#4348 = ORIENTED_EDGE('',*,*,#3429,.T.);
#4349 = PLANE('',#4350);
#4350 = AXIS2_PLACEMENT_3D('',#4351,#4352,#4353);
#4351 = CARTESIAN_POINT('',(20.664128548471,66.416750556732,2.1));
#4352 = DIRECTION('',(-0.707106781187,0.,0.707106781187));
#4353 = DIRECTION('',(0.707106781187,0.,0.707106781187));
#4354 = ADVANCED_FACE('',(#4355),#4374,.F.);
#4355 = FACE_BOUND('',#4356,.F.);
#4356 = EDGE_LOOP('',(#4357,#4366,#4367,#4368));
#4357 = ORIENTED_EDGE('',*,*,#4358,.F.);
#4358 = EDGE_CURVE('',#3422,#4359,#4361,.T.);
#4359 = VERTEX_POINT('',#4360);
#4360 = CARTESIAN_POINT('',(19.264128548471,34.110849873963,1.7));
#4361 = CIRCLE('',#4362,1.);
#4362 = AXIS2_PLACEMENT_3D('',#4363,#4364,#4365);
#4363 = CARTESIAN_POINT('',(19.264128548471,35.110849873963,1.7));
#4364 = DIRECTION('',(0.,0.,-1.));
#4365 = DIRECTION('',(1.,0.,0.));
#4366 = ORIENTED_EDGE('',*,*,#4341,.T.);
#4367 = ORIENTED_EDGE('',*,*,#1658,.F.);
#4368 = ORIENTED_EDGE('',*,*,#4369,.F.);
#4369 = EDGE_CURVE('',#4359,#1659,#4370,.T.);
#4370 = LINE('',#4371,#4372);
#4371 = CARTESIAN_POINT('',(19.264128548471,34.110849873963,1.7));
#4372 = VECTOR('',#4373,1.);
#4373 = DIRECTION('',(3.925231146709E-15,-0.707106781187,0.707106781187)
  );
#4374 = CONICAL_SURFACE('',#4375,1.4,0.785398163397);
#4375 = AXIS2_PLACEMENT_3D('',#4376,#4377,#4378);
#4376 = CARTESIAN_POINT('',(19.264128548471,35.110849873963,2.1));
#4377 = DIRECTION('',(0.,0.,1.));
#4378 = DIRECTION('',(1.,0.,-0.));
#4379 = ADVANCED_FACE('',(#4380),#4398,.T.);
#4380 = FACE_BOUND('',#4381,.T.);
#4381 = EDGE_LOOP('',(#4382,#4390,#4391,#4392));
#4382 = ORIENTED_EDGE('',*,*,#4383,.T.);
#4383 = EDGE_CURVE('',#4384,#1668,#4386,.T.);
#4384 = VERTEX_POINT('',#4385);
#4385 = CARTESIAN_POINT('',(17.764128548472,34.110849873963,1.7));
#4386 = LINE('',#4387,#4388);
#4387 = CARTESIAN_POINT('',(17.764128548472,34.110849873963,1.7));
#4388 = VECTOR('',#4389,1.);
#4389 = DIRECTION('',(0.,-0.707106781187,0.707106781187));
#4390 = ORIENTED_EDGE('',*,*,#1667,.T.);
#4391 = ORIENTED_EDGE('',*,*,#4369,.F.);
#4392 = ORIENTED_EDGE('',*,*,#4393,.T.);
#4393 = EDGE_CURVE('',#4359,#4384,#4394,.T.);
#4394 = LINE('',#4395,#4396);
#4395 = CARTESIAN_POINT('',(23.325980099711,34.110849873963,1.7));
#4396 = VECTOR('',#4397,1.);
#4397 = DIRECTION('',(-1.,0.,0.));
#4398 = PLANE('',#4399);
#4399 = AXIS2_PLACEMENT_3D('',#4400,#4401,#4402);
#4400 = CARTESIAN_POINT('',(23.325980099711,33.710849873963,2.1));
#4401 = DIRECTION('',(0.,0.707106781187,0.707106781187));
#4402 = DIRECTION('',(1.,0.,-0.));
#4403 = ADVANCED_FACE('',(#4404),#4416,.F.);
#4404 = FACE_BOUND('',#4405,.F.);
#4405 = EDGE_LOOP('',(#4406,#4413,#4414,#4415));
#4406 = ORIENTED_EDGE('',*,*,#4407,.F.);
#4407 = EDGE_CURVE('',#4384,#4269,#4408,.T.);
#4408 = CIRCLE('',#4409,1.);
#4409 = AXIS2_PLACEMENT_3D('',#4410,#4411,#4412);
#4410 = CARTESIAN_POINT('',(17.764128548472,35.110849873963,1.7));
#4411 = DIRECTION('',(0.,0.,-1.));
#4412 = DIRECTION('',(-6.661338147751E-15,-1.,-0.));
#4413 = ORIENTED_EDGE('',*,*,#4383,.T.);
#4414 = ORIENTED_EDGE('',*,*,#1675,.F.);
#4415 = ORIENTED_EDGE('',*,*,#4268,.T.);
#4416 = CONICAL_SURFACE('',#4417,1.4,0.785398163397);
#4417 = AXIS2_PLACEMENT_3D('',#4418,#4419,#4420);
#4418 = CARTESIAN_POINT('',(17.764128548472,35.110849873963,2.1));
#4419 = DIRECTION('',(0.,0.,1.));
#4420 = DIRECTION('',(-6.661338147751E-15,-1.,0.));
#4421 = ADVANCED_FACE('',(#4422),#4433,.T.);
#4422 = FACE_BOUND('',#4423,.T.);
#4423 = EDGE_LOOP('',(#4424,#4425,#4426,#4427));
#4424 = ORIENTED_EDGE('',*,*,#3258,.F.);
#4425 = ORIENTED_EDGE('',*,*,#3339,.F.);
#4426 = ORIENTED_EDGE('',*,*,#4276,.F.);
#4427 = ORIENTED_EDGE('',*,*,#4428,.T.);
#4428 = EDGE_CURVE('',#4269,#3249,#4429,.T.);
#4429 = LINE('',#4430,#4431);
#4430 = CARTESIAN_POINT('',(16.764128548472,35.110849873963,2.5));
#4431 = VECTOR('',#4432,1.);
#4432 = DIRECTION('',(0.,0.,-1.));
#4433 = PLANE('',#4434);
#4434 = AXIS2_PLACEMENT_3D('',#4435,#4436,#4437);
#4435 = CARTESIAN_POINT('',(16.764128548472,58.110849873963,2.5));
#4436 = DIRECTION('',(1.,0.,0.));
#4437 = DIRECTION('',(0.,-1.,0.));
#4438 = ADVANCED_FACE('',(#4439),#4455,.T.);
#4439 = FACE_BOUND('',#4440,.T.);
#4440 = EDGE_LOOP('',(#4441,#4447,#4448,#4454));
#4441 = ORIENTED_EDGE('',*,*,#4442,.T.);
#4442 = EDGE_CURVE('',#3674,#741,#4443,.T.);
#4443 = LINE('',#4444,#4445);
#4444 = CARTESIAN_POINT('',(14.408370744226,97.283963592619,1.7));
#4445 = VECTOR('',#4446,1.);
#4446 = DIRECTION('',(0.,-0.707106781187,0.707106781187));
#4447 = ORIENTED_EDGE('',*,*,#740,.T.);
#4448 = ORIENTED_EDGE('',*,*,#4449,.T.);
#4449 = EDGE_CURVE('',#743,#3649,#4450,.T.);
#4450 = LINE('',#4451,#4452);
#4451 = CARTESIAN_POINT('',(15.908370744226,96.483963592619,2.5));
#4452 = VECTOR('',#4453,1.);
#4453 = DIRECTION('',(0.,0.707106781187,-0.707106781187));
#4454 = ORIENTED_EDGE('',*,*,#3681,.T.);
#4455 = PLANE('',#4456);
#4456 = AXIS2_PLACEMENT_3D('',#4457,#4458,#4459);
#4457 = CARTESIAN_POINT('',(21.648101197588,96.883963592619,2.1));
#4458 = DIRECTION('',(0.,0.707106781187,0.707106781187));
#4459 = DIRECTION('',(1.,0.,-0.));
#4460 = ADVANCED_FACE('',(#4461),#4472,.F.);
#4461 = FACE_BOUND('',#4462,.F.);
#4462 = EDGE_LOOP('',(#4463,#4464,#4465,#4466));
#4463 = ORIENTED_EDGE('',*,*,#3697,.F.);
#4464 = ORIENTED_EDGE('',*,*,#4442,.T.);
#4465 = ORIENTED_EDGE('',*,*,#750,.F.);
#4466 = ORIENTED_EDGE('',*,*,#4467,.F.);
#4467 = EDGE_CURVE('',#3698,#751,#4468,.T.);
#4468 = LINE('',#4469,#4470);
#4469 = CARTESIAN_POINT('',(13.408370744226,98.283963592619,1.7));
#4470 = VECTOR('',#4471,1.);
#4471 = DIRECTION('',(-0.707106781187,-1.962615573355E-15,0.707106781187
    ));
#4472 = CONICAL_SURFACE('',#4473,1.4,0.785398163397);
#4473 = AXIS2_PLACEMENT_3D('',#4474,#4475,#4476);
#4474 = CARTESIAN_POINT('',(14.408370744226,98.283963592619,2.1));
#4475 = DIRECTION('',(0.,0.,1.));
#4476 = DIRECTION('',(-2.22044604925E-15,-1.,0.));
#4477 = ADVANCED_FACE('',(#4478),#4489,.T.);
#4478 = FACE_BOUND('',#4479,.T.);
#4479 = EDGE_LOOP('',(#4480,#4486,#4487,#4488));
#4480 = ORIENTED_EDGE('',*,*,#4481,.T.);
#4481 = EDGE_CURVE('',#3723,#760,#4482,.T.);
#4482 = LINE('',#4483,#4484);
#4483 = CARTESIAN_POINT('',(13.408370744226,121.28396359261,1.7));
#4484 = VECTOR('',#4485,1.);
#4485 = DIRECTION('',(-0.707106781187,0.,0.707106781187));
#4486 = ORIENTED_EDGE('',*,*,#759,.T.);
#4487 = ORIENTED_EDGE('',*,*,#4467,.F.);
#4488 = ORIENTED_EDGE('',*,*,#3730,.T.);
#4489 = PLANE('',#4490);
#4490 = AXIS2_PLACEMENT_3D('',#4491,#4492,#4493);
#4491 = CARTESIAN_POINT('',(13.008370744226,109.50330741606,2.1));
#4492 = DIRECTION('',(0.707106781187,6.826488950799E-17,0.707106781187)
  );
#4493 = DIRECTION('',(0.707106781187,0.,-0.707106781187));
#4494 = ADVANCED_FACE('',(#4495),#4514,.F.);
#4495 = FACE_BOUND('',#4496,.F.);
#4496 = EDGE_LOOP('',(#4497,#4506,#4507,#4508));
#4497 = ORIENTED_EDGE('',*,*,#4498,.F.);
#4498 = EDGE_CURVE('',#3723,#4499,#4501,.T.);
#4499 = VERTEX_POINT('',#4500);
#4500 = CARTESIAN_POINT('',(14.408370744226,122.28396359261,1.7));
#4501 = CIRCLE('',#4502,1.);
#4502 = AXIS2_PLACEMENT_3D('',#4503,#4504,#4505);
#4503 = CARTESIAN_POINT('',(14.408370744226,121.28396359261,1.7));
#4504 = DIRECTION('',(0.,0.,-1.));
#4505 = DIRECTION('',(-1.,-2.22044604925E-15,-0.));
#4506 = ORIENTED_EDGE('',*,*,#4481,.T.);
#4507 = ORIENTED_EDGE('',*,*,#767,.F.);
#4508 = ORIENTED_EDGE('',*,*,#4509,.F.);
#4509 = EDGE_CURVE('',#4499,#768,#4510,.T.);
#4510 = LINE('',#4511,#4512);
#4511 = CARTESIAN_POINT('',(14.408370744226,122.28396359261,1.7));
#4512 = VECTOR('',#4513,1.);
#4513 = DIRECTION('',(1.962615573355E-15,0.707106781187,0.707106781187)
  );
#4514 = CONICAL_SURFACE('',#4515,1.4,0.785398163397);
#4515 = AXIS2_PLACEMENT_3D('',#4516,#4517,#4518);
#4516 = CARTESIAN_POINT('',(14.408370744226,121.28396359261,2.1));
#4517 = DIRECTION('',(0.,0.,1.));
#4518 = DIRECTION('',(-1.,-2.22044604925E-15,0.));
#4519 = ADVANCED_FACE('',(#4520),#4538,.T.);
#4520 = FACE_BOUND('',#4521,.T.);
#4521 = EDGE_LOOP('',(#4522,#4530,#4531,#4532));
#4522 = ORIENTED_EDGE('',*,*,#4523,.T.);
#4523 = EDGE_CURVE('',#4524,#777,#4526,.T.);
#4524 = VERTEX_POINT('',#4525);
#4525 = CARTESIAN_POINT('',(15.908370744226,122.28396359261,1.7));
#4526 = LINE('',#4527,#4528);
#4527 = CARTESIAN_POINT('',(15.908370744226,122.28396359261,1.7));
#4528 = VECTOR('',#4529,1.);
#4529 = DIRECTION('',(0.,0.707106781187,0.707106781187));
#4530 = ORIENTED_EDGE('',*,*,#776,.T.);
#4531 = ORIENTED_EDGE('',*,*,#4509,.F.);
#4532 = ORIENTED_EDGE('',*,*,#4533,.T.);
#4533 = EDGE_CURVE('',#4499,#4524,#4534,.T.);
#4534 = LINE('',#4535,#4536);
#4535 = CARTESIAN_POINT('',(22.398101197588,122.28396359261,1.7));
#4536 = VECTOR('',#4537,1.);
#4537 = DIRECTION('',(1.,0.,0.));
#4538 = PLANE('',#4539);
#4539 = AXIS2_PLACEMENT_3D('',#4540,#4541,#4542);
#4540 = CARTESIAN_POINT('',(22.398101197588,122.68396359261,2.1));
#4541 = DIRECTION('',(0.,-0.707106781187,0.707106781187));
#4542 = DIRECTION('',(1.,0.,0.));
#4543 = ADVANCED_FACE('',(#4544),#4563,.F.);
#4544 = FACE_BOUND('',#4545,.F.);
#4545 = EDGE_LOOP('',(#4546,#4555,#4556,#4557));
#4546 = ORIENTED_EDGE('',*,*,#4547,.F.);
#4547 = EDGE_CURVE('',#4524,#4548,#4550,.T.);
#4548 = VERTEX_POINT('',#4549);
#4549 = CARTESIAN_POINT('',(16.908370744226,121.28396359261,1.7));
#4550 = CIRCLE('',#4551,1.);
#4551 = AXIS2_PLACEMENT_3D('',#4552,#4553,#4554);
#4552 = CARTESIAN_POINT('',(15.908370744226,121.28396359261,1.7));
#4553 = DIRECTION('',(0.,0.,-1.));
#4554 = DIRECTION('',(-2.22044604925E-15,1.,0.));
#4555 = ORIENTED_EDGE('',*,*,#4523,.T.);
#4556 = ORIENTED_EDGE('',*,*,#784,.F.);
#4557 = ORIENTED_EDGE('',*,*,#4558,.F.);
#4558 = EDGE_CURVE('',#4548,#785,#4559,.T.);
#4559 = LINE('',#4560,#4561);
#4560 = CARTESIAN_POINT('',(16.908370744226,121.28396359261,1.7));
#4561 = VECTOR('',#4562,1.);
#4562 = DIRECTION('',(0.707106781187,-1.962615573355E-15,0.707106781187)
  );
#4563 = CONICAL_SURFACE('',#4564,1.4,0.785398163397);
#4564 = AXIS2_PLACEMENT_3D('',#4565,#4566,#4567);
#4565 = CARTESIAN_POINT('',(15.908370744226,121.28396359261,2.1));
#4566 = DIRECTION('',(0.,0.,1.));
#4567 = DIRECTION('',(-2.22044604925E-15,1.,0.));
#4568 = ADVANCED_FACE('',(#4569),#4585,.T.);
#4569 = FACE_BOUND('',#4570,.T.);
#4570 = EDGE_LOOP('',(#4571,#4577,#4578,#4579));
#4571 = ORIENTED_EDGE('',*,*,#4572,.T.);
#4572 = EDGE_CURVE('',#3641,#794,#4573,.T.);
#4573 = LINE('',#4574,#4575);
#4574 = CARTESIAN_POINT('',(16.908370744226,98.283963592619,1.7));
#4575 = VECTOR('',#4576,1.);
#4576 = DIRECTION('',(0.707106781187,0.,0.707106781187));
#4577 = ORIENTED_EDGE('',*,*,#793,.T.);
#4578 = ORIENTED_EDGE('',*,*,#4558,.F.);
#4579 = ORIENTED_EDGE('',*,*,#4580,.T.);
#4580 = EDGE_CURVE('',#4548,#3641,#4581,.T.);
#4581 = LINE('',#4582,#4583);
#4582 = CARTESIAN_POINT('',(16.908370744226,98.003307416061,1.7));
#4583 = VECTOR('',#4584,1.);
#4584 = DIRECTION('',(0.,-1.,0.));
#4585 = PLANE('',#4586);
#4586 = AXIS2_PLACEMENT_3D('',#4587,#4588,#4589);
#4587 = CARTESIAN_POINT('',(17.308370744226,98.003307416061,2.1));
#4588 = DIRECTION('',(-0.707106781187,0.,0.707106781187));
#4589 = DIRECTION('',(0.707106781187,0.,0.707106781187));
#4590 = ADVANCED_FACE('',(#4591),#4597,.F.);
#4591 = FACE_BOUND('',#4592,.F.);
#4592 = EDGE_LOOP('',(#4593,#4594,#4595,#4596));
#4593 = ORIENTED_EDGE('',*,*,#3648,.F.);
#4594 = ORIENTED_EDGE('',*,*,#4572,.T.);
#4595 = ORIENTED_EDGE('',*,*,#801,.F.);
#4596 = ORIENTED_EDGE('',*,*,#4449,.T.);
#4597 = CONICAL_SURFACE('',#4598,1.4,0.785398163397);
#4598 = AXIS2_PLACEMENT_3D('',#4599,#4600,#4601);
#4599 = CARTESIAN_POINT('',(15.908370744226,98.283963592619,2.1));
#4600 = DIRECTION('',(0.,0.,1.));
#4601 = DIRECTION('',(1.,2.22044604925E-15,-0.));
#4602 = ADVANCED_FACE('',(#4603),#4614,.F.);
#4603 = FACE_BOUND('',#4604,.F.);
#4604 = EDGE_LOOP('',(#4605,#4606,#4607,#4613));
#4605 = ORIENTED_EDGE('',*,*,#3722,.F.);
#4606 = ORIENTED_EDGE('',*,*,#4498,.T.);
#4607 = ORIENTED_EDGE('',*,*,#4608,.T.);
#4608 = EDGE_CURVE('',#4499,#3599,#4609,.T.);
#4609 = LINE('',#4610,#4611);
#4610 = CARTESIAN_POINT('',(14.408370744226,122.28396359261,2.5));
#4611 = VECTOR('',#4612,1.);
#4612 = DIRECTION('',(0.,0.,-1.));
#4613 = ORIENTED_EDGE('',*,*,#3622,.T.);
#4614 = CYLINDRICAL_SURFACE('',#4615,1.);
#4615 = AXIS2_PLACEMENT_3D('',#4616,#4617,#4618);
#4616 = CARTESIAN_POINT('',(14.408370744226,121.28396359261,2.5));
#4617 = DIRECTION('',(0.,0.,-1.));
#4618 = DIRECTION('',(-1.,-2.22044604925E-15,-0.));
#4619 = ADVANCED_FACE('',(#4620),#4636,.T.);
#4620 = FACE_BOUND('',#4621,.T.);
#4621 = EDGE_LOOP('',(#4622,#4628,#4629,#4635));
#4622 = ORIENTED_EDGE('',*,*,#4623,.T.);
#4623 = EDGE_CURVE('',#4024,#1545,#4624,.T.);
#4624 = LINE('',#4625,#4626);
#4625 = CARTESIAN_POINT('',(40.867292557676,121.28396359261,1.7));
#4626 = VECTOR('',#4627,1.);
#4627 = DIRECTION('',(-0.707106781187,1.962615573355E-15,0.707106781187)
  );
#4628 = ORIENTED_EDGE('',*,*,#1544,.T.);
#4629 = ORIENTED_EDGE('',*,*,#4630,.T.);
#4630 = EDGE_CURVE('',#1547,#3999,#4631,.T.);
#4631 = LINE('',#4632,#4633);
#4632 = CARTESIAN_POINT('',(40.067292557676,98.283963592619,2.5));
#4633 = VECTOR('',#4634,1.);
#4634 = DIRECTION('',(0.707106781187,-1.962615573355E-15,-0.707106781187
    ));
#4635 = ORIENTED_EDGE('',*,*,#4031,.T.);
#4636 = PLANE('',#4637);
#4637 = AXIS2_PLACEMENT_3D('',#4638,#4639,#4640);
#4638 = CARTESIAN_POINT('',(40.467292557676,109.50330741606,2.1));
#4639 = DIRECTION('',(0.707106781187,0.,0.707106781187));
#4640 = DIRECTION('',(0.707106781187,0.,-0.707106781187));
#4641 = ADVANCED_FACE('',(#4642),#4661,.F.);
#4642 = FACE_BOUND('',#4643,.F.);
#4643 = EDGE_LOOP('',(#4644,#4653,#4654,#4655));
#4644 = ORIENTED_EDGE('',*,*,#4645,.F.);
#4645 = EDGE_CURVE('',#4024,#4646,#4648,.T.);
#4646 = VERTEX_POINT('',#4647);
#4647 = CARTESIAN_POINT('',(41.867292557676,122.28396359261,1.7));
#4648 = CIRCLE('',#4649,1.);
#4649 = AXIS2_PLACEMENT_3D('',#4650,#4651,#4652);
#4650 = CARTESIAN_POINT('',(41.867292557676,121.28396359261,1.7));
#4651 = DIRECTION('',(0.,0.,-1.));
#4652 = DIRECTION('',(2.22044604925E-15,1.,0.));
#4653 = ORIENTED_EDGE('',*,*,#4623,.T.);
#4654 = ORIENTED_EDGE('',*,*,#1554,.F.);
#4655 = ORIENTED_EDGE('',*,*,#4656,.F.);
#4656 = EDGE_CURVE('',#4646,#1555,#4657,.T.);
#4657 = LINE('',#4658,#4659);
#4658 = CARTESIAN_POINT('',(41.867292557676,122.28396359261,1.7));
#4659 = VECTOR('',#4660,1.);
#4660 = DIRECTION('',(1.962615573355E-15,0.707106781187,0.707106781187)
  );
#4661 = CONICAL_SURFACE('',#4662,1.4,0.785398163397);
#4662 = AXIS2_PLACEMENT_3D('',#4663,#4664,#4665);
#4663 = CARTESIAN_POINT('',(41.867292557676,121.28396359261,2.1));
#4664 = DIRECTION('',(0.,0.,1.));
#4665 = DIRECTION('',(2.22044604925E-15,1.,-0.));
#4666 = ADVANCED_FACE('',(#4667),#4685,.T.);
#4667 = FACE_BOUND('',#4668,.T.);
#4668 = EDGE_LOOP('',(#4669,#4677,#4678,#4679));
#4669 = ORIENTED_EDGE('',*,*,#4670,.T.);
#4670 = EDGE_CURVE('',#4671,#1564,#4673,.T.);
#4671 = VERTEX_POINT('',#4672);
#4672 = CARTESIAN_POINT('',(43.367292557676,122.28396359261,1.7));
#4673 = LINE('',#4674,#4675);
#4674 = CARTESIAN_POINT('',(43.367292557676,122.28396359261,1.7));
#4675 = VECTOR('',#4676,1.);
#4676 = DIRECTION('',(0.,0.707106781187,0.707106781187));
#4677 = ORIENTED_EDGE('',*,*,#1563,.T.);
#4678 = ORIENTED_EDGE('',*,*,#4656,.F.);
#4679 = ORIENTED_EDGE('',*,*,#4680,.T.);
#4680 = EDGE_CURVE('',#4646,#4671,#4681,.T.);
#4681 = LINE('',#4682,#4683);
#4682 = CARTESIAN_POINT('',(36.127562104313,122.28396359261,1.7));
#4683 = VECTOR('',#4684,1.);
#4684 = DIRECTION('',(1.,0.,0.));
#4685 = PLANE('',#4686);
#4686 = AXIS2_PLACEMENT_3D('',#4687,#4688,#4689);
#4687 = CARTESIAN_POINT('',(36.127562104313,122.68396359261,2.1));
#4688 = DIRECTION('',(0.,-0.707106781187,0.707106781187));
#4689 = DIRECTION('',(1.,0.,0.));
#4690 = ADVANCED_FACE('',(#4691),#4710,.F.);
#4691 = FACE_BOUND('',#4692,.F.);
#4692 = EDGE_LOOP('',(#4693,#4702,#4703,#4704));
#4693 = ORIENTED_EDGE('',*,*,#4694,.F.);
#4694 = EDGE_CURVE('',#4671,#4695,#4697,.T.);
#4695 = VERTEX_POINT('',#4696);
#4696 = CARTESIAN_POINT('',(44.367292557676,121.28396359261,1.7));
#4697 = CIRCLE('',#4698,1.);
#4698 = AXIS2_PLACEMENT_3D('',#4699,#4700,#4701);
#4699 = CARTESIAN_POINT('',(43.367292557676,121.28396359261,1.7));
#4700 = DIRECTION('',(0.,0.,-1.));
#4701 = DIRECTION('',(1.,-2.22044604925E-15,0.));
#4702 = ORIENTED_EDGE('',*,*,#4670,.T.);
#4703 = ORIENTED_EDGE('',*,*,#1571,.F.);
#4704 = ORIENTED_EDGE('',*,*,#4705,.F.);
#4705 = EDGE_CURVE('',#4695,#1572,#4706,.T.);
#4706 = LINE('',#4707,#4708);
#4707 = CARTESIAN_POINT('',(44.367292557676,121.28396359261,1.7));
#4708 = VECTOR('',#4709,1.);
#4709 = DIRECTION('',(0.707106781187,-1.962615573355E-15,0.707106781187)
  );
#4710 = CONICAL_SURFACE('',#4711,1.4,0.785398163397);
#4711 = AXIS2_PLACEMENT_3D('',#4712,#4713,#4714);
#4712 = CARTESIAN_POINT('',(43.367292557676,121.28396359261,2.1));
#4713 = DIRECTION('',(0.,0.,1.));
#4714 = DIRECTION('',(1.,-2.22044604925E-15,0.));
#4715 = ADVANCED_FACE('',(#4716),#4732,.T.);
#4716 = FACE_BOUND('',#4717,.T.);
#4717 = EDGE_LOOP('',(#4718,#4724,#4725,#4726));
#4718 = ORIENTED_EDGE('',*,*,#4719,.T.);
#4719 = EDGE_CURVE('',#3942,#1581,#4720,.T.);
#4720 = LINE('',#4721,#4722);
#4721 = CARTESIAN_POINT('',(44.367292557676,98.283963592619,1.7));
#4722 = VECTOR('',#4723,1.);
#4723 = DIRECTION('',(0.707106781187,0.,0.707106781187));
#4724 = ORIENTED_EDGE('',*,*,#1580,.T.);
#4725 = ORIENTED_EDGE('',*,*,#4705,.F.);
#4726 = ORIENTED_EDGE('',*,*,#4727,.T.);
#4727 = EDGE_CURVE('',#4695,#3942,#4728,.T.);
#4728 = LINE('',#4729,#4730);
#4729 = CARTESIAN_POINT('',(44.367292557676,98.003307416061,1.7));
#4730 = VECTOR('',#4731,1.);
#4731 = DIRECTION('',(-9.65411325761E-17,-1.,0.));
#4732 = PLANE('',#4733);
#4733 = AXIS2_PLACEMENT_3D('',#4734,#4735,#4736);
#4734 = CARTESIAN_POINT('',(44.767292557676,98.003307416061,2.1));
#4735 = DIRECTION('',(-0.707106781187,6.826488950799E-17,0.707106781187)
  );
#4736 = DIRECTION('',(0.707106781187,0.,0.707106781187));
#4737 = ADVANCED_FACE('',(#4738),#4749,.F.);
#4738 = FACE_BOUND('',#4739,.F.);
#4739 = EDGE_LOOP('',(#4740,#4741,#4742,#4743));
#4740 = ORIENTED_EDGE('',*,*,#3949,.F.);
#4741 = ORIENTED_EDGE('',*,*,#4719,.T.);
#4742 = ORIENTED_EDGE('',*,*,#1588,.F.);
#4743 = ORIENTED_EDGE('',*,*,#4744,.F.);
#4744 = EDGE_CURVE('',#3950,#1589,#4745,.T.);
#4745 = LINE('',#4746,#4747);
#4746 = CARTESIAN_POINT('',(43.367292557676,97.283963592619,1.7));
#4747 = VECTOR('',#4748,1.);
#4748 = DIRECTION('',(-1.962615573355E-15,-0.707106781187,0.707106781187
    ));
#4749 = CONICAL_SURFACE('',#4750,1.4,0.785398163397);
#4750 = AXIS2_PLACEMENT_3D('',#4751,#4752,#4753);
#4751 = CARTESIAN_POINT('',(43.367292557676,98.283963592619,2.1));
#4752 = DIRECTION('',(0.,0.,1.));
#4753 = DIRECTION('',(-2.22044604925E-15,-1.,0.));
#4754 = ADVANCED_FACE('',(#4755),#4766,.T.);
#4755 = FACE_BOUND('',#4756,.T.);
#4756 = EDGE_LOOP('',(#4757,#4763,#4764,#4765));
#4757 = ORIENTED_EDGE('',*,*,#4758,.T.);
#4758 = EDGE_CURVE('',#3975,#1598,#4759,.T.);
#4759 = LINE('',#4760,#4761);
#4760 = CARTESIAN_POINT('',(41.867292557676,97.283963592619,1.7));
#4761 = VECTOR('',#4762,1.);
#4762 = DIRECTION('',(0.,-0.707106781187,0.707106781187));
#4763 = ORIENTED_EDGE('',*,*,#1597,.T.);
#4764 = ORIENTED_EDGE('',*,*,#4744,.F.);
#4765 = ORIENTED_EDGE('',*,*,#3982,.T.);
#4766 = PLANE('',#4767);
#4767 = AXIS2_PLACEMENT_3D('',#4768,#4769,#4770);
#4768 = CARTESIAN_POINT('',(35.377562104313,96.883963592619,2.1));
#4769 = DIRECTION('',(-1.046728305789E-15,0.707106781187,0.707106781187)
  );
#4770 = DIRECTION('',(1.,-5.028988270784E-30,1.480297366167E-15));
#4771 = ADVANCED_FACE('',(#4772),#4778,.F.);
#4772 = FACE_BOUND('',#4773,.F.);
#4773 = EDGE_LOOP('',(#4774,#4775,#4776,#4777));
#4774 = ORIENTED_EDGE('',*,*,#3998,.F.);
#4775 = ORIENTED_EDGE('',*,*,#4758,.T.);
#4776 = ORIENTED_EDGE('',*,*,#1605,.F.);
#4777 = ORIENTED_EDGE('',*,*,#4630,.T.);
#4778 = CONICAL_SURFACE('',#4779,1.4,0.785398163397);
#4779 = AXIS2_PLACEMENT_3D('',#4780,#4781,#4782);
#4780 = CARTESIAN_POINT('',(41.867292557676,98.283963592619,2.1));
#4781 = DIRECTION('',(0.,0.,1.));
#4782 = DIRECTION('',(-1.,-2.22044604925E-15,0.));
#4783 = ADVANCED_FACE('',(#4784),#4800,.F.);
#4784 = FACE_BOUND('',#4785,.F.);
#4785 = EDGE_LOOP('',(#4786,#4792,#4793,#4799));
#4786 = ORIENTED_EDGE('',*,*,#4787,.F.);
#4787 = EDGE_CURVE('',#4671,#3875,#4788,.T.);
#4788 = LINE('',#4789,#4790);
#4789 = CARTESIAN_POINT('',(43.367292557676,122.28396359261,2.5));
#4790 = VECTOR('',#4791,1.);
#4791 = DIRECTION('',(0.,0.,-1.));
#4792 = ORIENTED_EDGE('',*,*,#4694,.T.);
#4793 = ORIENTED_EDGE('',*,*,#4794,.T.);
#4794 = EDGE_CURVE('',#4695,#3851,#4795,.T.);
#4795 = LINE('',#4796,#4797);
#4796 = CARTESIAN_POINT('',(44.367292557676,121.28396359261,2.5));
#4797 = VECTOR('',#4798,1.);
#4798 = DIRECTION('',(0.,0.,-1.));
#4799 = ORIENTED_EDGE('',*,*,#3874,.T.);
#4800 = CYLINDRICAL_SURFACE('',#4801,1.);
#4801 = AXIS2_PLACEMENT_3D('',#4802,#4803,#4804);
#4802 = CARTESIAN_POINT('',(43.367292557676,121.28396359261,2.5));
#4803 = DIRECTION('',(0.,0.,-1.));
#4804 = DIRECTION('',(1.,-2.22044604925E-15,0.));
#4805 = ADVANCED_FACE('',(#4806),#4817,.T.);
#4806 = FACE_BOUND('',#4807,.T.);
#4807 = EDGE_LOOP('',(#4808,#4809,#4810,#4811));
#4808 = ORIENTED_EDGE('',*,*,#3909,.F.);
#4809 = ORIENTED_EDGE('',*,*,#4787,.F.);
#4810 = ORIENTED_EDGE('',*,*,#4680,.F.);
#4811 = ORIENTED_EDGE('',*,*,#4812,.T.);
#4812 = EDGE_CURVE('',#4646,#3900,#4813,.T.);
#4813 = LINE('',#4814,#4815);
#4814 = CARTESIAN_POINT('',(41.867292557676,122.28396359261,2.5));
#4815 = VECTOR('',#4816,1.);
#4816 = DIRECTION('',(0.,0.,-1.));
#4817 = PLANE('',#4818);
#4818 = AXIS2_PLACEMENT_3D('',#4819,#4820,#4821);
#4819 = CARTESIAN_POINT('',(43.367292557676,122.28396359261,2.5));
#4820 = DIRECTION('',(0.,-1.,0.));
#4821 = DIRECTION('',(-1.,0.,0.));
#4822 = ADVANCED_FACE('',(#4823),#4829,.F.);
#4823 = FACE_BOUND('',#4824,.F.);
#4824 = EDGE_LOOP('',(#4825,#4826,#4827,#4828));
#4825 = ORIENTED_EDGE('',*,*,#4023,.F.);
#4826 = ORIENTED_EDGE('',*,*,#4645,.T.);
#4827 = ORIENTED_EDGE('',*,*,#4812,.T.);
#4828 = ORIENTED_EDGE('',*,*,#3923,.T.);
#4829 = CYLINDRICAL_SURFACE('',#4830,1.);
#4830 = AXIS2_PLACEMENT_3D('',#4831,#4832,#4833);
#4831 = CARTESIAN_POINT('',(41.867292557676,121.28396359261,2.5));
#4832 = DIRECTION('',(0.,0.,-1.));
#4833 = DIRECTION('',(2.22044604925E-15,1.,0.));
#4834 = ADVANCED_FACE('',(#4835),#4861,.T.);
#4835 = FACE_BOUND('',#4836,.T.);
#4836 = EDGE_LOOP('',(#4837,#4846,#4854,#4860));
#4837 = ORIENTED_EDGE('',*,*,#4838,.T.);
#4838 = EDGE_CURVE('',#2065,#4839,#4841,.T.);
#4839 = VERTEX_POINT('',#4840);
#4840 = CARTESIAN_POINT('',(43.475812067241,195.25417765547,0.8));
#4841 = ELLIPSE('',#4842,1.414213562372,1.);
#4842 = AXIS2_PLACEMENT_3D('',#4843,#4844,#4845);
#4843 = CARTESIAN_POINT('',(42.887831668853,194.445302479,
    -0.199999999999));
#4844 = DIRECTION('',(0.415764926905,0.571961122416,-0.707106781187));
#4845 = DIRECTION('',(0.415764926905,0.571961122416,0.707106781187));
#4846 = ORIENTED_EDGE('',*,*,#4847,.T.);
#4847 = EDGE_CURVE('',#4839,#4848,#4850,.T.);
#4848 = VERTEX_POINT('',#4849);
#4849 = CARTESIAN_POINT('',(52.890334262838,188.41065634065,0.8));
#4850 = LINE('',#4851,#4852);
#4851 = CARTESIAN_POINT('',(61.896638089856,181.86387351648,0.8));
#4852 = VECTOR('',#4853,1.);
#4853 = DIRECTION('',(0.808875176471,-0.587980398389,0.));
#4854 = ORIENTED_EDGE('',*,*,#4855,.T.);
#4855 = EDGE_CURVE('',#4848,#2063,#4856,.T.);
#4856 = LINE('',#4857,#4858);
#4857 = CARTESIAN_POINT('',(52.890334262838,188.41065634065,0.8));
#4858 = VECTOR('',#4859,1.);
#4859 = DIRECTION('',(-0.415764926905,-0.571961122416,-0.707106781187));
#4860 = ORIENTED_EDGE('',*,*,#2062,.T.);
#4861 = PLANE('',#4862);
#4862 = AXIS2_PLACEMENT_3D('',#4863,#4864,#4865);
#4863 = CARTESIAN_POINT('',(61.661445930501,181.54032344589,0.4));
#4864 = DIRECTION('',(0.415764926905,0.571961122416,-0.707106781187));
#4865 = DIRECTION('',(-0.862030224712,1.942890293094E-16,-0.506856874949
    ));
#4866 = ADVANCED_FACE('',(#4867),#4886,.T.);
#4867 = FACE_BOUND('',#4868,.T.);
#4868 = EDGE_LOOP('',(#4869,#4877,#4878,#4879));
#4869 = ORIENTED_EDGE('',*,*,#4870,.T.);
#4870 = EDGE_CURVE('',#4871,#2073,#4873,.T.);
#4871 = VERTEX_POINT('',#4872);
#4872 = CARTESIAN_POINT('',(54.126393067672,185.98403081124,0.8));
#4873 = LINE('',#4874,#4875);
#4874 = CARTESIAN_POINT('',(54.126393067672,185.98403081124,0.8));
#4875 = VECTOR('',#4876,1.);
#4876 = DIRECTION('',(-0.707106781187,-5.495323605393E-14,
    -0.707106781187));
#4877 = ORIENTED_EDGE('',*,*,#2072,.T.);
#4878 = ORIENTED_EDGE('',*,*,#4855,.F.);
#4879 = ORIENTED_EDGE('',*,*,#4880,.T.);
#4880 = EDGE_CURVE('',#4848,#4871,#4881,.T.);
#4881 = CIRCLE('',#4882,3.);
#4882 = AXIS2_PLACEMENT_3D('',#4883,#4884,#4885);
#4883 = CARTESIAN_POINT('',(51.126393067672,185.98403081124,0.8));
#4884 = DIRECTION('',(0.,0.,-1.));
#4885 = DIRECTION('',(1.,7.993605777301E-14,0.));
#4886 = CONICAL_SURFACE('',#4887,2.6,0.785398163397);
#4887 = AXIS2_PLACEMENT_3D('',#4888,#4889,#4890);
#4888 = CARTESIAN_POINT('',(51.126393067672,185.98403081124,0.4));
#4889 = DIRECTION('',(0.,0.,1.));
#4890 = DIRECTION('',(1.,7.993605777301E-14,-0.));
#4891 = ADVANCED_FACE('',(#4892),#4910,.T.);
#4892 = FACE_BOUND('',#4893,.T.);
#4893 = EDGE_LOOP('',(#4894,#4902,#4903,#4904));
#4894 = ORIENTED_EDGE('',*,*,#4895,.T.);
#4895 = EDGE_CURVE('',#4896,#2082,#4898,.T.);
#4896 = VERTEX_POINT('',#4897);
#4897 = CARTESIAN_POINT('',(54.126393067672,180.8541283979,0.8));
#4898 = LINE('',#4899,#4900);
#4899 = CARTESIAN_POINT('',(54.126393067672,180.8541283979,0.8));
#4900 = VECTOR('',#4901,1.);
#4901 = DIRECTION('',(-0.707106781187,0.,-0.707106781187));
#4902 = ORIENTED_EDGE('',*,*,#2081,.T.);
#4903 = ORIENTED_EDGE('',*,*,#4870,.F.);
#4904 = ORIENTED_EDGE('',*,*,#4905,.T.);
#4905 = EDGE_CURVE('',#4871,#4896,#4906,.T.);
#4906 = LINE('',#4907,#4908);
#4907 = CARTESIAN_POINT('',(54.126393067672,141.85334102537,0.8));
#4908 = VECTOR('',#4909,1.);
#4909 = DIRECTION('',(0.,-1.,0.));
#4910 = PLANE('',#4911);
#4911 = AXIS2_PLACEMENT_3D('',#4912,#4913,#4914);
#4912 = CARTESIAN_POINT('',(53.726393067672,141.85334102537,0.4));
#4913 = DIRECTION('',(0.707106781187,0.,-0.707106781187));
#4914 = DIRECTION('',(-0.707106781187,0.,-0.707106781187));
#4915 = ADVANCED_FACE('',(#4916),#4935,.T.);
#4916 = FACE_BOUND('',#4917,.T.);
#4917 = EDGE_LOOP('',(#4918,#4926,#4927,#4928));
#4918 = ORIENTED_EDGE('',*,*,#4919,.T.);
#4919 = EDGE_CURVE('',#4920,#2090,#4922,.T.);
#4920 = VERTEX_POINT('',#4921);
#4921 = CARTESIAN_POINT('',(53.117519424013,178.61015517321,0.8));
#4922 = LINE('',#4923,#4924);
#4923 = CARTESIAN_POINT('',(53.117519424013,178.61015517321,0.8));
#4924 = VECTOR('',#4925,1.);
#4925 = DIRECTION('',(-0.469312982923,0.528909561324,-0.707106781187));
#4926 = ORIENTED_EDGE('',*,*,#2089,.T.);
#4927 = ORIENTED_EDGE('',*,*,#4895,.F.);
#4928 = ORIENTED_EDGE('',*,*,#4929,.T.);
#4929 = EDGE_CURVE('',#4896,#4920,#4930,.T.);
#4930 = CIRCLE('',#4931,3.);
#4931 = AXIS2_PLACEMENT_3D('',#4932,#4933,#4934);
#4932 = CARTESIAN_POINT('',(51.126393067673,180.85412839789,0.8));
#4933 = DIRECTION('',(0.,0.,-1.));
#4934 = DIRECTION('',(0.663708785447,-0.747991074894,0.));
#4935 = CONICAL_SURFACE('',#4936,2.6,0.785398163397);
#4936 = AXIS2_PLACEMENT_3D('',#4937,#4938,#4939);
#4937 = CARTESIAN_POINT('',(51.126393067673,180.85412839789,0.4));
#4938 = DIRECTION('',(0.,0.,1.));
#4939 = DIRECTION('',(0.663708785447,-0.747991074894,0.));
#4940 = ADVANCED_FACE('',(#4941),#4959,.T.);
#4941 = FACE_BOUND('',#4942,.T.);
#4942 = EDGE_LOOP('',(#4943,#4951,#4952,#4953));
#4943 = ORIENTED_EDGE('',*,*,#4944,.T.);
#4944 = EDGE_CURVE('',#4945,#2099,#4947,.T.);
#4945 = VERTEX_POINT('',#4946);
#4946 = CARTESIAN_POINT('',(50.315766208856,176.12409847285,0.8));
#4947 = LINE('',#4948,#4949);
#4948 = CARTESIAN_POINT('',(50.315766208856,176.12409847285,0.8));
#4949 = VECTOR('',#4950,1.);
#4950 = DIRECTION('',(-0.469312982922,0.528909561325,-0.707106781187));
#4951 = ORIENTED_EDGE('',*,*,#2098,.T.);
#4952 = ORIENTED_EDGE('',*,*,#4919,.F.);
#4953 = ORIENTED_EDGE('',*,*,#4954,.T.);
#4954 = EDGE_CURVE('',#4920,#4945,#4955,.T.);
#4955 = LINE('',#4956,#4957);
#4956 = CARTESIAN_POINT('',(26.261147765914,154.77991118641,0.8));
#4957 = VECTOR('',#4958,1.);
#4958 = DIRECTION('',(-0.747991074894,-0.663708785446,0.));
#4959 = PLANE('',#4960);
#4960 = AXIS2_PLACEMENT_3D('',#4961,#4962,#4963);
#4961 = CARTESIAN_POINT('',(25.995664251735,155.07910761637,0.4));
#4962 = DIRECTION('',(0.469312982922,-0.528909561325,-0.707106781187));
#4963 = DIRECTION('',(-0.833185990511,1.387778780781E-16,-0.552992861813
    ));
#4964 = ADVANCED_FACE('',(#4965),#4984,.F.);
#4965 = FACE_BOUND('',#4966,.F.);
#4966 = EDGE_LOOP('',(#4967,#4976,#4977,#4978));
#4967 = ORIENTED_EDGE('',*,*,#4968,.F.);
#4968 = EDGE_CURVE('',#4945,#4969,#4971,.T.);
#4969 = VERTEX_POINT('',#4970);
#4970 = CARTESIAN_POINT('',(49.306892565197,173.88012524817,0.8));
#4971 = CIRCLE('',#4972,3.);
#4972 = AXIS2_PLACEMENT_3D('',#4973,#4974,#4975);
#4973 = CARTESIAN_POINT('',(52.306892565196,173.88012524817,0.8));
#4974 = DIRECTION('',(0.,0.,1.));
#4975 = DIRECTION('',(-1.,-4.648133729765E-13,0.));
#4976 = ORIENTED_EDGE('',*,*,#4944,.T.);
#4977 = ORIENTED_EDGE('',*,*,#2106,.F.);
#4978 = ORIENTED_EDGE('',*,*,#4979,.F.);
#4979 = EDGE_CURVE('',#4969,#2107,#4980,.T.);
#4980 = LINE('',#4981,#4982);
#4981 = CARTESIAN_POINT('',(49.306892565197,173.88012524817,0.8));
#4982 = VECTOR('',#4983,1.);
#4983 = DIRECTION('',(-0.707106781187,-3.297194163236E-13,
    -0.707106781187));
#4984 = CONICAL_SURFACE('',#4985,3.4,0.785398163397);
#4985 = AXIS2_PLACEMENT_3D('',#4986,#4987,#4988);
#4986 = CARTESIAN_POINT('',(52.306892565196,173.88012524817,0.4));
#4987 = DIRECTION('',(0.,0.,-1.));
#4988 = DIRECTION('',(-1.,-4.648133729765E-13,-0.));
#4989 = ADVANCED_FACE('',(#4990),#5008,.T.);
#4990 = FACE_BOUND('',#4991,.T.);
#4991 = EDGE_LOOP('',(#4992,#5000,#5001,#5002));
#4992 = ORIENTED_EDGE('',*,*,#4993,.T.);
#4993 = EDGE_CURVE('',#4994,#2116,#4996,.T.);
#4994 = VERTEX_POINT('',#4995);
#4995 = CARTESIAN_POINT('',(49.306892565197,164.48717970223,0.8));
#4996 = LINE('',#4997,#4998);
#4997 = CARTESIAN_POINT('',(49.306892565197,164.48717970223,0.8));
#4998 = VECTOR('',#4999,1.);
#4999 = DIRECTION('',(-0.707106781187,0.,-0.707106781187));
#5000 = ORIENTED_EDGE('',*,*,#2115,.T.);
#5001 = ORIENTED_EDGE('',*,*,#4979,.F.);
#5002 = ORIENTED_EDGE('',*,*,#5003,.T.);
#5003 = EDGE_CURVE('',#4969,#4994,#5004,.T.);
#5004 = LINE('',#5005,#5006);
#5005 = CARTESIAN_POINT('',(49.306892565197,135.80138824383,0.8));
#5006 = VECTOR('',#5007,1.);
#5007 = DIRECTION('',(0.,-1.,0.));
#5008 = PLANE('',#5009);
#5009 = AXIS2_PLACEMENT_3D('',#5010,#5011,#5012);
#5010 = CARTESIAN_POINT('',(48.906892565197,135.80138824383,0.4));
#5011 = DIRECTION('',(0.707106781187,0.,-0.707106781187));
#5012 = DIRECTION('',(-0.707106781187,0.,-0.707106781187));
#5013 = ADVANCED_FACE('',(#5014),#5033,.F.);
#5014 = FACE_BOUND('',#5015,.F.);
#5015 = EDGE_LOOP('',(#5016,#5025,#5026,#5027));
#5016 = ORIENTED_EDGE('',*,*,#5017,.F.);
#5017 = EDGE_CURVE('',#4994,#5018,#5020,.T.);
#5018 = VERTEX_POINT('',#5019);
#5019 = CARTESIAN_POINT('',(50.185572221637,162.36585935867,0.8));
#5020 = CIRCLE('',#5021,3.);
#5021 = AXIS2_PLACEMENT_3D('',#5022,#5023,#5024);
#5022 = CARTESIAN_POINT('',(52.306892565197,164.48717970223,0.8));
#5023 = DIRECTION('',(0.,0.,1.));
#5024 = DIRECTION('',(-0.707106781187,-0.707106781186,0.));
#5025 = ORIENTED_EDGE('',*,*,#4993,.T.);
#5026 = ORIENTED_EDGE('',*,*,#2123,.F.);
#5027 = ORIENTED_EDGE('',*,*,#5028,.F.);
#5028 = EDGE_CURVE('',#5018,#2124,#5029,.T.);
#5029 = LINE('',#5030,#5031);
#5030 = CARTESIAN_POINT('',(50.185572221637,162.36585935867,0.8));
#5031 = VECTOR('',#5032,1.);
#5032 = DIRECTION('',(-0.5,-0.5,-0.707106781187));
#5033 = CONICAL_SURFACE('',#5034,3.4,0.785398163397);
#5034 = AXIS2_PLACEMENT_3D('',#5035,#5036,#5037);
#5035 = CARTESIAN_POINT('',(52.306892565197,164.48717970223,0.4));
#5036 = DIRECTION('',(0.,0.,-1.));
#5037 = DIRECTION('',(-0.707106781187,-0.707106781186,-0.));
#5038 = ADVANCED_FACE('',(#5039),#5057,.T.);
#5039 = FACE_BOUND('',#5040,.T.);
#5040 = EDGE_LOOP('',(#5041,#5049,#5050,#5051));
#5041 = ORIENTED_EDGE('',*,*,#5042,.T.);
#5042 = EDGE_CURVE('',#5043,#2133,#5045,.T.);
#5043 = VERTEX_POINT('',#5044);
#5044 = CARTESIAN_POINT('',(56.896983645462,155.65444793485,0.8));
#5045 = LINE('',#5046,#5047);
#5046 = CARTESIAN_POINT('',(56.896983645462,155.65444793485,0.8));
#5047 = VECTOR('',#5048,1.);
#5048 = DIRECTION('',(-0.5,-0.5,-0.707106781187));
#5049 = ORIENTED_EDGE('',*,*,#2132,.T.);
#5050 = ORIENTED_EDGE('',*,*,#5028,.F.);
#5051 = ORIENTED_EDGE('',*,*,#5052,.T.);
#5052 = EDGE_CURVE('',#5018,#5043,#5053,.T.);
#5053 = LINE('',#5054,#5055);
#5054 = CARTESIAN_POINT('',(61.021939108759,151.52949247155,0.8));
#5055 = VECTOR('',#5056,1.);
#5056 = DIRECTION('',(0.707106781187,-0.707106781187,0.));
#5057 = PLANE('',#5058);
#5058 = AXIS2_PLACEMENT_3D('',#5059,#5060,#5061);
#5059 = CARTESIAN_POINT('',(60.739096396285,151.24664975907,0.4));
#5060 = DIRECTION('',(0.5,0.5,-0.707106781187));
#5061 = DIRECTION('',(-0.816496580928,3.053113317719E-16,-0.57735026919)
  );
#5062 = ADVANCED_FACE('',(#5063),#5082,.T.);
#5063 = FACE_BOUND('',#5064,.T.);
#5064 = EDGE_LOOP('',(#5065,#5073,#5074,#5075));
#5065 = ORIENTED_EDGE('',*,*,#5066,.T.);
#5066 = EDGE_CURVE('',#5067,#2141,#5069,.T.);
#5067 = VERTEX_POINT('',#5068);
#5068 = CARTESIAN_POINT('',(57.775663301902,153.53312759129,0.8));
#5069 = LINE('',#5070,#5071);
#5070 = CARTESIAN_POINT('',(57.775663301902,153.53312759129,0.8));
#5071 = VECTOR('',#5072,1.);
#5072 = DIRECTION('',(-0.707106781187,1.570092458684E-14,-0.707106781187
    ));
#5073 = ORIENTED_EDGE('',*,*,#2140,.T.);
#5074 = ORIENTED_EDGE('',*,*,#5042,.F.);
#5075 = ORIENTED_EDGE('',*,*,#5076,.T.);
#5076 = EDGE_CURVE('',#5043,#5067,#5077,.T.);
#5077 = CIRCLE('',#5078,3.);
#5078 = AXIS2_PLACEMENT_3D('',#5079,#5080,#5081);
#5079 = CARTESIAN_POINT('',(54.775663301902,153.53312759129,0.8));
#5080 = DIRECTION('',(0.,0.,-1.));
#5081 = DIRECTION('',(1.,-2.368475785867E-14,0.));
#5082 = CONICAL_SURFACE('',#5083,2.6,0.785398163397);
#5083 = AXIS2_PLACEMENT_3D('',#5084,#5085,#5086);
#5084 = CARTESIAN_POINT('',(54.775663301902,153.53312759129,0.4));
#5085 = DIRECTION('',(0.,0.,1.));
#5086 = DIRECTION('',(1.,-2.368475785867E-14,0.));
#5087 = ADVANCED_FACE('',(#5088),#5106,.T.);
#5088 = FACE_BOUND('',#5089,.T.);
#5089 = EDGE_LOOP('',(#5090,#5098,#5099,#5100));
#5090 = ORIENTED_EDGE('',*,*,#5091,.T.);
#5091 = EDGE_CURVE('',#5092,#2150,#5094,.T.);
#5092 = VERTEX_POINT('',#5093);
#5093 = CARTESIAN_POINT('',(57.775663301902,148.44981203882,0.8));
#5094 = LINE('',#5095,#5096);
#5095 = CARTESIAN_POINT('',(57.775663301902,148.44981203882,0.8));
#5096 = VECTOR('',#5097,1.);
#5097 = DIRECTION('',(-0.707106781187,0.,-0.707106781187));
#5098 = ORIENTED_EDGE('',*,*,#2149,.T.);
#5099 = ORIENTED_EDGE('',*,*,#5066,.F.);
#5100 = ORIENTED_EDGE('',*,*,#5101,.T.);
#5101 = EDGE_CURVE('',#5067,#5092,#5102,.T.);
#5102 = LINE('',#5103,#5104);
#5103 = CARTESIAN_POINT('',(57.775663301902,125.62788941539,0.8));
#5104 = VECTOR('',#5105,1.);
#5105 = DIRECTION('',(0.,-1.,0.));
#5106 = PLANE('',#5107);
#5107 = AXIS2_PLACEMENT_3D('',#5108,#5109,#5110);
#5108 = CARTESIAN_POINT('',(57.375663301902,125.62788941539,0.4));
#5109 = DIRECTION('',(0.707106781187,0.,-0.707106781187));
#5110 = DIRECTION('',(-0.707106781187,0.,-0.707106781187));
#5111 = ADVANCED_FACE('',(#5112),#5131,.T.);
#5112 = FACE_BOUND('',#5113,.T.);
#5113 = EDGE_LOOP('',(#5114,#5122,#5123,#5124));
#5114 = ORIENTED_EDGE('',*,*,#5115,.T.);
#5115 = EDGE_CURVE('',#5116,#2158,#5118,.T.);
#5116 = VERTEX_POINT('',#5117);
#5117 = CARTESIAN_POINT('',(56.766789658243,146.20583881414,0.8));
#5118 = LINE('',#5119,#5120);
#5119 = CARTESIAN_POINT('',(56.766789658243,146.20583881414,0.8));
#5120 = VECTOR('',#5121,1.);
#5121 = DIRECTION('',(-0.469312982923,0.528909561324,-0.707106781187));
#5122 = ORIENTED_EDGE('',*,*,#2157,.T.);
#5123 = ORIENTED_EDGE('',*,*,#5091,.F.);
#5124 = ORIENTED_EDGE('',*,*,#5125,.T.);
#5125 = EDGE_CURVE('',#5092,#5116,#5126,.T.);
#5126 = CIRCLE('',#5127,3.);
#5127 = AXIS2_PLACEMENT_3D('',#5128,#5129,#5130);
#5128 = CARTESIAN_POINT('',(54.775663301902,148.44981203882,0.8));
#5129 = DIRECTION('',(0.,0.,-1.));
#5130 = DIRECTION('',(0.663708785447,-0.747991074894,0.));
#5131 = CONICAL_SURFACE('',#5132,2.6,0.785398163397);
#5132 = AXIS2_PLACEMENT_3D('',#5133,#5134,#5135);
#5133 = CARTESIAN_POINT('',(54.775663301902,148.44981203882,0.4));
#5134 = DIRECTION('',(0.,0.,1.));
#5135 = DIRECTION('',(0.663708785447,-0.747991074894,0.));
#5136 = ADVANCED_FACE('',(#5137),#5155,.T.);
#5137 = FACE_BOUND('',#5138,.T.);
#5138 = EDGE_LOOP('',(#5139,#5147,#5148,#5149));
#5139 = ORIENTED_EDGE('',*,*,#5140,.T.);
#5140 = EDGE_CURVE('',#5141,#2167,#5143,.T.);
#5141 = VERTEX_POINT('',#5142);
#5142 = CARTESIAN_POINT('',(51.965036443089,141.94513851783,0.8));
#5143 = LINE('',#5144,#5145);
#5144 = CARTESIAN_POINT('',(51.965036443089,141.94513851783,0.8));
#5145 = VECTOR('',#5146,1.);
#5146 = DIRECTION('',(-0.469312982922,0.528909561325,-0.707106781187));
#5147 = ORIENTED_EDGE('',*,*,#2166,.T.);
#5148 = ORIENTED_EDGE('',*,*,#5115,.F.);
#5149 = ORIENTED_EDGE('',*,*,#5150,.T.);
#5150 = EDGE_CURVE('',#5116,#5141,#5151,.T.);
#5151 = LINE('',#5152,#5153);
#5152 = CARTESIAN_POINT('',(36.933084755383,128.60696011919,0.8));
#5153 = VECTOR('',#5154,1.);
#5154 = DIRECTION('',(-0.747991074895,-0.663708785446,0.));
#5155 = PLANE('',#5156);
#5156 = AXIS2_PLACEMENT_3D('',#5157,#5158,#5159);
#5157 = CARTESIAN_POINT('',(36.667601241205,128.90615654915,0.4));
#5158 = DIRECTION('',(0.469312982922,-0.528909561325,-0.707106781187));
#5159 = DIRECTION('',(-0.833185990511,1.942890293094E-16,-0.552992861813
    ));
#5160 = ADVANCED_FACE('',(#5161),#5180,.F.);
#5161 = FACE_BOUND('',#5162,.F.);
#5162 = EDGE_LOOP('',(#5163,#5172,#5173,#5174));
#5163 = ORIENTED_EDGE('',*,*,#5164,.F.);
#5164 = EDGE_CURVE('',#5141,#5165,#5167,.T.);
#5165 = VERTEX_POINT('',#5166);
#5166 = CARTESIAN_POINT('',(50.956162799426,139.70116529314,0.8));
#5167 = CIRCLE('',#5168,3.);
#5168 = AXIS2_PLACEMENT_3D('',#5169,#5170,#5171);
#5169 = CARTESIAN_POINT('',(53.956162799426,139.70116529314,0.8));
#5170 = DIRECTION('',(0.,0.,1.));
#5171 = DIRECTION('',(-1.,3.005003653319E-13,0.));
#5172 = ORIENTED_EDGE('',*,*,#5140,.T.);
#5173 = ORIENTED_EDGE('',*,*,#2174,.F.);
#5174 = ORIENTED_EDGE('',*,*,#5175,.F.);
#5175 = EDGE_CURVE('',#5165,#2175,#5176,.T.);
#5176 = LINE('',#5177,#5178);
#5177 = CARTESIAN_POINT('',(50.956162799426,139.70116529314,0.8));
#5178 = VECTOR('',#5179,1.);
#5179 = DIRECTION('',(-0.707106781187,2.119624819223E-13,-0.707106781187
    ));
#5180 = CONICAL_SURFACE('',#5181,3.4,0.785398163397);
#5181 = AXIS2_PLACEMENT_3D('',#5182,#5183,#5184);
#5182 = CARTESIAN_POINT('',(53.956162799426,139.70116529314,0.4));
#5183 = DIRECTION('',(0.,0.,-1.));
#5184 = DIRECTION('',(-1.,3.005003653319E-13,0.));
#5185 = ADVANCED_FACE('',(#5186),#5204,.T.);
#5186 = FACE_BOUND('',#5187,.T.);
#5187 = EDGE_LOOP('',(#5188,#5196,#5197,#5198));
#5188 = ORIENTED_EDGE('',*,*,#5189,.T.);
#5189 = EDGE_CURVE('',#5190,#2184,#5192,.T.);
#5190 = VERTEX_POINT('',#5191);
#5191 = CARTESIAN_POINT('',(50.956162799426,79.866761892088,0.8));
#5192 = LINE('',#5193,#5194);
#5193 = CARTESIAN_POINT('',(50.956162799426,79.866761892088,0.8));
#5194 = VECTOR('',#5195,1.);
#5195 = DIRECTION('',(-0.707106781187,-3.925231146709E-15,
    -0.707106781187));
#5196 = ORIENTED_EDGE('',*,*,#2183,.T.);
#5197 = ORIENTED_EDGE('',*,*,#5175,.F.);
#5198 = ORIENTED_EDGE('',*,*,#5199,.T.);
#5199 = EDGE_CURVE('',#5165,#5190,#5200,.T.);
#5200 = LINE('',#5201,#5202);
#5201 = CARTESIAN_POINT('',(50.956162799426,118.71190826632,0.8));
#5202 = VECTOR('',#5203,1.);
#5203 = DIRECTION('',(0.,-1.,0.));
#5204 = PLANE('',#5205);
#5205 = AXIS2_PLACEMENT_3D('',#5206,#5207,#5208);
#5206 = CARTESIAN_POINT('',(50.556162799426,118.71190826632,0.4));
#5207 = DIRECTION('',(0.707106781187,0.,-0.707106781187));
#5208 = DIRECTION('',(-0.707106781187,0.,-0.707106781187));
#5209 = ADVANCED_FACE('',(#5210),#5229,.F.);
#5210 = FACE_BOUND('',#5211,.F.);
#5211 = EDGE_LOOP('',(#5212,#5221,#5222,#5223));
#5212 = ORIENTED_EDGE('',*,*,#5213,.F.);
#5213 = EDGE_CURVE('',#5190,#5214,#5216,.T.);
#5214 = VERTEX_POINT('',#5215);
#5215 = CARTESIAN_POINT('',(51.965036443089,77.622788667405,0.8));
#5216 = CIRCLE('',#5217,3.);
#5217 = AXIS2_PLACEMENT_3D('',#5218,#5219,#5220);
#5218 = CARTESIAN_POINT('',(53.956162799426,79.866761892089,0.8));
#5219 = DIRECTION('',(0.,0.,1.));
#5220 = DIRECTION('',(-0.663708785446,-0.747991074895,0.));
#5221 = ORIENTED_EDGE('',*,*,#5189,.T.);
#5222 = ORIENTED_EDGE('',*,*,#2191,.F.);
#5223 = ORIENTED_EDGE('',*,*,#5224,.F.);
#5224 = EDGE_CURVE('',#5214,#2192,#5225,.T.);
#5225 = LINE('',#5226,#5227);
#5226 = CARTESIAN_POINT('',(51.965036443089,77.622788667405,0.8));
#5227 = VECTOR('',#5228,1.);
#5228 = DIRECTION('',(-0.469312982922,-0.528909561325,-0.707106781187));
#5229 = CONICAL_SURFACE('',#5230,3.4,0.785398163397);
#5230 = AXIS2_PLACEMENT_3D('',#5231,#5232,#5233);
#5231 = CARTESIAN_POINT('',(53.956162799426,79.866761892089,0.4));
#5232 = DIRECTION('',(0.,0.,-1.));
#5233 = DIRECTION('',(-0.663708785446,-0.747991074895,-0.));
#5234 = ADVANCED_FACE('',(#5235),#5253,.T.);
#5235 = FACE_BOUND('',#5236,.T.);
#5236 = EDGE_LOOP('',(#5237,#5245,#5246,#5247));
#5237 = ORIENTED_EDGE('',*,*,#5238,.T.);
#5238 = EDGE_CURVE('',#5239,#2201,#5241,.T.);
#5239 = VERTEX_POINT('',#5240);
#5240 = CARTESIAN_POINT('',(56.766789658243,73.362088371097,0.8));
#5241 = LINE('',#5242,#5243);
#5242 = CARTESIAN_POINT('',(56.766789658243,73.362088371097,0.8));
#5243 = VECTOR('',#5244,1.);
#5244 = DIRECTION('',(-0.469312982922,-0.528909561325,-0.707106781187));
#5245 = ORIENTED_EDGE('',*,*,#2200,.T.);
#5246 = ORIENTED_EDGE('',*,*,#5224,.F.);
#5247 = ORIENTED_EDGE('',*,*,#5248,.T.);
#5248 = EDGE_CURVE('',#5214,#5239,#5249,.T.);
#5249 = LINE('',#5250,#5251);
#5250 = CARTESIAN_POINT('',(40.520025532191,87.77819632672,0.8));
#5251 = VECTOR('',#5252,1.);
#5252 = DIRECTION('',(0.747991074895,-0.663708785446,0.));
#5253 = PLANE('',#5254);
#5254 = AXIS2_PLACEMENT_3D('',#5255,#5256,#5257);
#5255 = CARTESIAN_POINT('',(40.254542018012,87.478999896762,0.4));
#5256 = DIRECTION('',(0.469312982922,0.528909561325,-0.707106781187));
#5257 = DIRECTION('',(-0.833185990511,2.498001805407E-16,-0.552992861813
    ));
#5258 = ADVANCED_FACE('',(#5259),#5278,.T.);
#5259 = FACE_BOUND('',#5260,.T.);
#5260 = EDGE_LOOP('',(#5261,#5269,#5270,#5271));
#5261 = ORIENTED_EDGE('',*,*,#5262,.T.);
#5262 = EDGE_CURVE('',#5263,#2209,#5265,.T.);
#5263 = VERTEX_POINT('',#5264);
#5264 = CARTESIAN_POINT('',(57.775663301902,71.118115146415,0.8));
#5265 = LINE('',#5266,#5267);
#5266 = CARTESIAN_POINT('',(57.775663301902,71.118115146415,0.8));
#5267 = VECTOR('',#5268,1.);
#5268 = DIRECTION('',(-0.707106781187,3.532708032038E-13,-0.707106781187
    ));
#5269 = ORIENTED_EDGE('',*,*,#2208,.T.);
#5270 = ORIENTED_EDGE('',*,*,#5238,.F.);
#5271 = ORIENTED_EDGE('',*,*,#5272,.T.);
#5272 = EDGE_CURVE('',#5239,#5263,#5273,.T.);
#5273 = CIRCLE('',#5274,2.999999999999);
#5274 = AXIS2_PLACEMENT_3D('',#5275,#5276,#5277);
#5275 = CARTESIAN_POINT('',(54.775663301902,71.118115146416,0.8));
#5276 = DIRECTION('',(0.,0.,-1.));
#5277 = DIRECTION('',(1.,-4.988602123983E-13,0.));
#5278 = CONICAL_SURFACE('',#5279,2.599999999999,0.785398163397);
#5279 = AXIS2_PLACEMENT_3D('',#5280,#5281,#5282);
#5280 = CARTESIAN_POINT('',(54.775663301902,71.118115146416,0.4));
#5281 = DIRECTION('',(0.,0.,1.));
#5282 = DIRECTION('',(1.,-4.988602123983E-13,0.));
#5283 = ADVANCED_FACE('',(#5284),#5302,.T.);
#5284 = FACE_BOUND('',#5285,.T.);
#5285 = EDGE_LOOP('',(#5286,#5294,#5295,#5296));
#5286 = ORIENTED_EDGE('',*,*,#5287,.T.);
#5287 = EDGE_CURVE('',#5288,#2218,#5290,.T.);
#5288 = VERTEX_POINT('',#5289);
#5289 = CARTESIAN_POINT('',(57.775663301902,66.034799593947,0.8));
#5290 = LINE('',#5291,#5292);
#5291 = CARTESIAN_POINT('',(57.775663301902,66.034799593947,0.8));
#5292 = VECTOR('',#5293,1.);
#5293 = DIRECTION('',(-0.707106781187,0.,-0.707106781187));
#5294 = ORIENTED_EDGE('',*,*,#2217,.T.);
#5295 = ORIENTED_EDGE('',*,*,#5262,.F.);
#5296 = ORIENTED_EDGE('',*,*,#5297,.T.);
#5297 = EDGE_CURVE('',#5263,#5288,#5298,.T.);
#5298 = LINE('',#5299,#5300);
#5299 = CARTESIAN_POINT('',(57.775663301902,84.420383192958,0.8));
#5300 = VECTOR('',#5301,1.);
#5301 = DIRECTION('',(0.,-1.,0.));
#5302 = PLANE('',#5303);
#5303 = AXIS2_PLACEMENT_3D('',#5304,#5305,#5306);
#5304 = CARTESIAN_POINT('',(57.375663301902,84.420383192958,0.4));
#5305 = DIRECTION('',(0.707106781187,0.,-0.707106781187));
#5306 = DIRECTION('',(-0.707106781187,0.,-0.707106781187));
#5307 = ADVANCED_FACE('',(#5308),#5327,.T.);
#5308 = FACE_BOUND('',#5309,.T.);
#5309 = EDGE_LOOP('',(#5310,#5318,#5319,#5320));
#5310 = ORIENTED_EDGE('',*,*,#5311,.T.);
#5311 = EDGE_CURVE('',#5312,#2226,#5314,.T.);
#5312 = VERTEX_POINT('',#5313);
#5313 = CARTESIAN_POINT('',(56.896983645462,63.913479250388,0.8));
#5314 = LINE('',#5315,#5316);
#5315 = CARTESIAN_POINT('',(56.896983645462,63.913479250388,0.8));
#5316 = VECTOR('',#5317,1.);
#5317 = DIRECTION('',(-0.5,0.5,-0.707106781187));
#5318 = ORIENTED_EDGE('',*,*,#2225,.T.);
#5319 = ORIENTED_EDGE('',*,*,#5287,.F.);
#5320 = ORIENTED_EDGE('',*,*,#5321,.T.);
#5321 = EDGE_CURVE('',#5288,#5312,#5322,.T.);
#5322 = CIRCLE('',#5323,3.);
#5323 = AXIS2_PLACEMENT_3D('',#5324,#5325,#5326);
#5324 = CARTESIAN_POINT('',(54.775663301902,66.034799593947,0.8));
#5325 = DIRECTION('',(0.,0.,-1.));
#5326 = DIRECTION('',(0.707106781187,-0.707106781186,0.));
#5327 = CONICAL_SURFACE('',#5328,2.6,0.785398163397);
#5328 = AXIS2_PLACEMENT_3D('',#5329,#5330,#5331);
#5329 = CARTESIAN_POINT('',(54.775663301902,66.034799593947,0.4));
#5330 = DIRECTION('',(0.,0.,1.));
#5331 = DIRECTION('',(0.707106781187,-0.707106781186,0.));
#5332 = ADVANCED_FACE('',(#5333),#5351,.T.);
#5333 = FACE_BOUND('',#5334,.T.);
#5334 = EDGE_LOOP('',(#5335,#5343,#5344,#5345));
#5335 = ORIENTED_EDGE('',*,*,#5336,.T.);
#5336 = EDGE_CURVE('',#5337,#2235,#5339,.T.);
#5337 = VERTEX_POINT('',#5338);
#5338 = CARTESIAN_POINT('',(49.185572221637,56.202067826563,0.8));
#5339 = LINE('',#5340,#5341);
#5340 = CARTESIAN_POINT('',(49.185572221637,56.202067826563,0.8));
#5341 = VECTOR('',#5342,1.);
#5342 = DIRECTION('',(-0.5,0.5,-0.707106781187));
#5343 = ORIENTED_EDGE('',*,*,#2234,.T.);
#5344 = ORIENTED_EDGE('',*,*,#5311,.F.);
#5345 = ORIENTED_EDGE('',*,*,#5346,.T.);
#5346 = EDGE_CURVE('',#5312,#5337,#5347,.T.);
#5347 = LINE('',#5348,#5349);
#5348 = CARTESIAN_POINT('',(58.346988644113,65.363484249039,0.8));
#5349 = VECTOR('',#5350,1.);
#5350 = DIRECTION('',(-0.707106781187,-0.707106781187,0.));
#5351 = PLANE('',#5352);
#5352 = AXIS2_PLACEMENT_3D('',#5353,#5354,#5355);
#5353 = CARTESIAN_POINT('',(58.064145931638,65.646326961513,0.4));
#5354 = DIRECTION('',(0.5,-0.5,-0.707106781187));
#5355 = DIRECTION('',(-0.816496580928,1.110223024625E-16,-0.57735026919)
  );
#5356 = ADVANCED_FACE('',(#5357),#5376,.F.);
#5357 = FACE_BOUND('',#5358,.F.);
#5358 = EDGE_LOOP('',(#5359,#5368,#5369,#5370));
#5359 = ORIENTED_EDGE('',*,*,#5360,.F.);
#5360 = EDGE_CURVE('',#5337,#5361,#5363,.T.);
#5361 = VERTEX_POINT('',#5362);
#5362 = CARTESIAN_POINT('',(48.306892565197,54.080747483003,0.8));
#5363 = CIRCLE('',#5364,3.);
#5364 = AXIS2_PLACEMENT_3D('',#5365,#5366,#5367);
#5365 = CARTESIAN_POINT('',(51.306892565197,54.080747483003,0.8));
#5366 = DIRECTION('',(0.,0.,1.));
#5367 = DIRECTION('',(-1.,-9.177843670235E-14,0.));
#5368 = ORIENTED_EDGE('',*,*,#5336,.T.);
#5369 = ORIENTED_EDGE('',*,*,#2242,.F.);
#5370 = ORIENTED_EDGE('',*,*,#5371,.F.);
#5371 = EDGE_CURVE('',#5361,#2243,#5372,.T.);
#5372 = LINE('',#5373,#5374);
#5373 = CARTESIAN_POINT('',(48.306892565197,54.080747483003,0.8));
#5374 = VECTOR('',#5375,1.);
#5375 = DIRECTION('',(-0.707106781187,-6.280369834735E-14,
    -0.707106781187));
#5376 = CONICAL_SURFACE('',#5377,3.4,0.785398163397);
#5377 = AXIS2_PLACEMENT_3D('',#5378,#5379,#5380);
#5378 = CARTESIAN_POINT('',(51.306892565197,54.080747483003,0.4));
#5379 = DIRECTION('',(0.,0.,-1.));
#5380 = DIRECTION('',(-1.,-9.177843670235E-14,-0.));
#5381 = ADVANCED_FACE('',(#5382),#5400,.T.);
#5382 = FACE_BOUND('',#5383,.T.);
#5383 = EDGE_LOOP('',(#5384,#5392,#5393,#5394));
#5384 = ORIENTED_EDGE('',*,*,#5385,.T.);
#5385 = EDGE_CURVE('',#5386,#2252,#5388,.T.);
#5386 = VERTEX_POINT('',#5387);
#5387 = CARTESIAN_POINT('',(48.306892565197,3.,0.8));
#5388 = LINE('',#5389,#5390);
#5389 = CARTESIAN_POINT('',(48.306892565197,3.,0.8));
#5390 = VECTOR('',#5391,1.);
#5391 = DIRECTION('',(-0.707106781187,0.,-0.707106781187));
#5392 = ORIENTED_EDGE('',*,*,#2251,.T.);
#5393 = ORIENTED_EDGE('',*,*,#5371,.F.);
#5394 = ORIENTED_EDGE('',*,*,#5395,.T.);
#5395 = EDGE_CURVE('',#5361,#5386,#5396,.T.);
#5396 = LINE('',#5397,#5398);
#5397 = CARTESIAN_POINT('',(48.306892565197,75.901699361252,0.8));
#5398 = VECTOR('',#5399,1.);
#5399 = DIRECTION('',(-1.304080005871E-16,-1.,0.));
#5400 = PLANE('',#5401);
#5401 = AXIS2_PLACEMENT_3D('',#5402,#5403,#5404);
#5402 = CARTESIAN_POINT('',(47.906892565197,75.901699361252,0.4));
#5403 = DIRECTION('',(0.707106781187,-9.221238153609E-17,-0.707106781187
    ));
#5404 = DIRECTION('',(-0.707106781187,6.162975822039E-33,-0.707106781187
    ));
#5405 = ADVANCED_FACE('',(#5406),#5425,.T.);
#5406 = FACE_BOUND('',#5407,.T.);
#5407 = EDGE_LOOP('',(#5408,#5416,#5417,#5418));
#5408 = ORIENTED_EDGE('',*,*,#5409,.T.);
#5409 = EDGE_CURVE('',#5410,#2260,#5412,.T.);
#5410 = VERTEX_POINT('',#5411);
#5411 = CARTESIAN_POINT('',(45.306892565197,2.273736754432E-13,0.8));
#5412 = LINE('',#5413,#5414);
#5413 = CARTESIAN_POINT('',(45.306892565197,2.273736754432E-13,0.8));
#5414 = VECTOR('',#5415,1.);
#5415 = DIRECTION('',(-3.925231146709E-15,0.707106781187,-0.707106781187
    ));
#5416 = ORIENTED_EDGE('',*,*,#2259,.T.);
#5417 = ORIENTED_EDGE('',*,*,#5385,.F.);
#5418 = ORIENTED_EDGE('',*,*,#5419,.T.);
#5419 = EDGE_CURVE('',#5386,#5410,#5420,.T.);
#5420 = CIRCLE('',#5421,3.);
#5421 = AXIS2_PLACEMENT_3D('',#5422,#5423,#5424);
#5422 = CARTESIAN_POINT('',(45.306892565197,3.,0.8));
#5423 = DIRECTION('',(0.,0.,-1.));
#5424 = DIRECTION('',(4.440892098501E-15,-1.,0.));
#5425 = CONICAL_SURFACE('',#5426,2.6,0.785398163397);
#5426 = AXIS2_PLACEMENT_3D('',#5427,#5428,#5429);
#5427 = CARTESIAN_POINT('',(45.306892565197,3.,0.4));
#5428 = DIRECTION('',(0.,0.,1.));
#5429 = DIRECTION('',(4.440892098501E-15,-1.,0.));
#5430 = ADVANCED_FACE('',(#5431),#5449,.T.);
#5431 = FACE_BOUND('',#5432,.T.);
#5432 = EDGE_LOOP('',(#5433,#5441,#5442,#5443));
#5433 = ORIENTED_EDGE('',*,*,#5434,.T.);
#5434 = EDGE_CURVE('',#5435,#2269,#5437,.T.);
#5435 = VERTEX_POINT('',#5436);
#5436 = CARTESIAN_POINT('',(41.832066098206,2.273736754432E-13,0.8));
#5437 = LINE('',#5438,#5439);
#5438 = CARTESIAN_POINT('',(41.832066098206,2.273736754432E-13,0.8));
#5439 = VECTOR('',#5440,1.);
#5440 = DIRECTION('',(0.,0.707106781187,-0.707106781187));
#5441 = ORIENTED_EDGE('',*,*,#2268,.T.);
#5442 = ORIENTED_EDGE('',*,*,#5409,.F.);
#5443 = ORIENTED_EDGE('',*,*,#5444,.T.);
#5444 = EDGE_CURVE('',#5410,#5435,#5445,.T.);
#5445 = LINE('',#5446,#5447);
#5446 = CARTESIAN_POINT('',(37.097362108074,2.273736754432E-13,0.8));
#5447 = VECTOR('',#5448,1.);
#5448 = DIRECTION('',(-1.,0.,0.));
#5449 = PLANE('',#5450);
#5450 = AXIS2_PLACEMENT_3D('',#5451,#5452,#5453);
#5451 = CARTESIAN_POINT('',(37.097362108074,0.4,0.4));
#5452 = DIRECTION('',(0.,-0.707106781187,-0.707106781187));
#5453 = DIRECTION('',(-1.,-0.,0.));
#5454 = ADVANCED_FACE('',(#5455),#5474,.T.);
#5455 = FACE_BOUND('',#5456,.T.);
#5456 = EDGE_LOOP('',(#5457,#5465,#5466,#5467));
#5457 = ORIENTED_EDGE('',*,*,#5458,.T.);
#5458 = EDGE_CURVE('',#5459,#2277,#5461,.T.);
#5459 = VERTEX_POINT('',#5460);
#5460 = CARTESIAN_POINT('',(39.548783732633,1.054075633778,0.8));
#5461 = LINE('',#5462,#5463);
#5462 = CARTESIAN_POINT('',(39.548783732633,1.054075633778,0.8));
#5463 = VECTOR('',#5464,1.);
#5464 = DIRECTION('',(0.538174814687,0.458658771677,-0.707106781187));
#5465 = ORIENTED_EDGE('',*,*,#2276,.T.);
#5466 = ORIENTED_EDGE('',*,*,#5434,.F.);
#5467 = ORIENTED_EDGE('',*,*,#5468,.T.);
#5468 = EDGE_CURVE('',#5435,#5459,#5469,.T.);
#5469 = CIRCLE('',#5470,2.999999999999);
#5470 = AXIS2_PLACEMENT_3D('',#5471,#5472,#5473);
#5471 = CARTESIAN_POINT('',(41.832066098207,2.999999999999,0.8));
#5472 = DIRECTION('',(0.,0.,-1.));
#5473 = DIRECTION('',(-0.761094121858,-0.648641455407,-0.));
#5474 = CONICAL_SURFACE('',#5475,2.599999999999,0.785398163397);
#5475 = AXIS2_PLACEMENT_3D('',#5476,#5477,#5478);
#5476 = CARTESIAN_POINT('',(41.832066098207,2.999999999999,0.4));
#5477 = DIRECTION('',(0.,0.,1.));
#5478 = DIRECTION('',(-0.761094121858,-0.648641455407,0.));
#5479 = ADVANCED_FACE('',(#5480),#5498,.T.);
#5480 = FACE_BOUND('',#5481,.T.);
#5481 = EDGE_LOOP('',(#5482,#5490,#5491,#5492));
#5482 = ORIENTED_EDGE('',*,*,#5483,.T.);
#5483 = EDGE_CURVE('',#5484,#2286,#5486,.T.);
#5484 = VERTEX_POINT('',#5485);
#5485 = CARTESIAN_POINT('',(30.410019894667,11.777194515774,0.8));
#5486 = LINE('',#5487,#5488);
#5487 = CARTESIAN_POINT('',(30.410019894667,11.777194515774,0.8));
#5488 = VECTOR('',#5489,1.);
#5489 = DIRECTION('',(0.538174814687,0.458658771677,-0.707106781187));
#5490 = ORIENTED_EDGE('',*,*,#2285,.T.);
#5491 = ORIENTED_EDGE('',*,*,#5458,.F.);
#5492 = ORIENTED_EDGE('',*,*,#5493,.T.);
#5493 = EDGE_CURVE('',#5459,#5484,#5494,.T.);
#5494 = LINE('',#5495,#5496);
#5495 = CARTESIAN_POINT('',(13.444526149901,31.683935683668,0.8));
#5496 = VECTOR('',#5497,1.);
#5497 = DIRECTION('',(-0.648641455407,0.761094121858,0.));
#5498 = PLANE('',#5499);
#5499 = AXIS2_PLACEMENT_3D('',#5500,#5501,#5502);
#5500 = CARTESIAN_POINT('',(13.748963798644,31.943392265831,0.4));
#5501 = DIRECTION('',(-0.538174814687,-0.458658771677,-0.707106781187));
#5502 = DIRECTION('',(-0.795742577202,-2.775557561563E-17,0.605634998021
    ));
#5503 = ADVANCED_FACE('',(#5504),#5523,.F.);
#5504 = FACE_BOUND('',#5505,.F.);
#5505 = EDGE_LOOP('',(#5506,#5515,#5516,#5517));
#5506 = ORIENTED_EDGE('',*,*,#5507,.F.);
#5507 = EDGE_CURVE('',#5484,#5508,#5510,.T.);
#5508 = VERTEX_POINT('',#5509);
#5509 = CARTESIAN_POINT('',(27.365643407235,11.777194515774,0.8));
#5510 = CIRCLE('',#5511,2.);
#5511 = AXIS2_PLACEMENT_3D('',#5512,#5513,#5514);
#5512 = CARTESIAN_POINT('',(28.887831650951,10.479911604959,0.8));
#5513 = DIRECTION('',(0.,0.,1.));
#5514 = DIRECTION('',(-4.614364446098E-14,1.,0.));
#5515 = ORIENTED_EDGE('',*,*,#5483,.T.);
#5516 = ORIENTED_EDGE('',*,*,#2293,.F.);
#5517 = ORIENTED_EDGE('',*,*,#5518,.F.);
#5518 = EDGE_CURVE('',#5508,#2294,#5519,.T.);
#5519 = LINE('',#5520,#5521);
#5520 = CARTESIAN_POINT('',(27.365643407235,11.777194515774,0.8));
#5521 = VECTOR('',#5522,1.);
#5522 = DIRECTION('',(-0.538174814687,0.458658771677,-0.707106781187));
#5523 = CONICAL_SURFACE('',#5524,2.4,0.785398163397);
#5524 = AXIS2_PLACEMENT_3D('',#5525,#5526,#5527);
#5525 = CARTESIAN_POINT('',(28.887831650951,10.479911604959,0.4));
#5526 = DIRECTION('',(0.,0.,-1.));
#5527 = DIRECTION('',(-4.614364446098E-14,1.,0.));
#5528 = ADVANCED_FACE('',(#5529),#5547,.T.);
#5529 = FACE_BOUND('',#5530,.T.);
#5530 = EDGE_LOOP('',(#5531,#5539,#5540,#5541));
#5531 = ORIENTED_EDGE('',*,*,#5532,.T.);
#5532 = EDGE_CURVE('',#5533,#2303,#5535,.T.);
#5533 = VERTEX_POINT('',#5534);
#5534 = CARTESIAN_POINT('',(18.226879569269,1.054075633778,0.8));
#5535 = LINE('',#5536,#5537);
#5536 = CARTESIAN_POINT('',(18.226879569269,1.054075633778,0.8));
#5537 = VECTOR('',#5538,1.);
#5538 = DIRECTION('',(-0.538174814687,0.458658771677,-0.707106781187));
#5539 = ORIENTED_EDGE('',*,*,#2302,.T.);
#5540 = ORIENTED_EDGE('',*,*,#5518,.F.);
#5541 = ORIENTED_EDGE('',*,*,#5542,.T.);
#5542 = EDGE_CURVE('',#5508,#5533,#5543,.T.);
#5543 = LINE('',#5544,#5545);
#5544 = CARTESIAN_POINT('',(48.900519070984,37.045495124666,0.8));
#5545 = VECTOR('',#5546,1.);
#5546 = DIRECTION('',(-0.648641455407,-0.761094121858,0.));
#5547 = PLANE('',#5548);
#5548 = AXIS2_PLACEMENT_3D('',#5549,#5550,#5551);
#5549 = CARTESIAN_POINT('',(48.59608142224,37.304951706829,0.4));
#5550 = DIRECTION('',(0.538174814687,-0.458658771677,-0.707106781187));
#5551 = DIRECTION('',(-0.795742577202,8.326672684689E-17,-0.605634998021
    ));
#5552 = ADVANCED_FACE('',(#5553),#5572,.T.);
#5553 = FACE_BOUND('',#5554,.T.);
#5554 = EDGE_LOOP('',(#5555,#5563,#5564,#5565));
#5555 = ORIENTED_EDGE('',*,*,#5556,.T.);
#5556 = EDGE_CURVE('',#5557,#2311,#5559,.T.);
#5557 = VERTEX_POINT('',#5558);
#5558 = CARTESIAN_POINT('',(15.943597203695,2.273736754432E-13,0.8));
#5559 = LINE('',#5560,#5561);
#5560 = CARTESIAN_POINT('',(15.943597203695,2.273736754432E-13,0.8));
#5561 = VECTOR('',#5562,1.);
#5562 = DIRECTION('',(-1.079438565345E-13,0.707106781187,-0.707106781187
    ));
#5563 = ORIENTED_EDGE('',*,*,#2310,.T.);
#5564 = ORIENTED_EDGE('',*,*,#5532,.F.);
#5565 = ORIENTED_EDGE('',*,*,#5566,.T.);
#5566 = EDGE_CURVE('',#5533,#5557,#5567,.T.);
#5567 = CIRCLE('',#5568,2.999999999999);
#5568 = AXIS2_PLACEMENT_3D('',#5569,#5570,#5571);
#5569 = CARTESIAN_POINT('',(15.943597203695,2.999999999999,0.8));
#5570 = DIRECTION('',(0.,0.,-1.));
#5571 = DIRECTION('',(0.761094121858,-0.648641455407,0.));
#5572 = CONICAL_SURFACE('',#5573,2.599999999999,0.785398163397);
#5573 = AXIS2_PLACEMENT_3D('',#5574,#5575,#5576);
#5574 = CARTESIAN_POINT('',(15.943597203695,2.999999999999,0.4));
#5575 = DIRECTION('',(0.,0.,1.));
#5576 = DIRECTION('',(0.761094121858,-0.648641455407,0.));
#5577 = ADVANCED_FACE('',(#5578),#5596,.T.);
#5578 = FACE_BOUND('',#5579,.T.);
#5579 = EDGE_LOOP('',(#5580,#5588,#5589,#5590));
#5580 = ORIENTED_EDGE('',*,*,#5581,.T.);
#5581 = EDGE_CURVE('',#5582,#2320,#5584,.T.);
#5582 = VERTEX_POINT('',#5583);
#5583 = CARTESIAN_POINT('',(12.468770736705,2.273736754432E-13,0.8));
#5584 = LINE('',#5585,#5586);
#5585 = CARTESIAN_POINT('',(12.468770736705,2.273736754432E-13,0.8));
#5586 = VECTOR('',#5587,1.);
#5587 = DIRECTION('',(0.,0.707106781187,-0.707106781187));
#5588 = ORIENTED_EDGE('',*,*,#2319,.T.);
#5589 = ORIENTED_EDGE('',*,*,#5556,.F.);
#5590 = ORIENTED_EDGE('',*,*,#5591,.T.);
#5591 = EDGE_CURVE('',#5557,#5582,#5592,.T.);
#5592 = LINE('',#5593,#5594);
#5593 = CARTESIAN_POINT('',(22.415714427323,2.273736754432E-13,0.8));
#5594 = VECTOR('',#5595,1.);
#5595 = DIRECTION('',(-1.,0.,0.));
#5596 = PLANE('',#5597);
#5597 = AXIS2_PLACEMENT_3D('',#5598,#5599,#5600);
#5598 = CARTESIAN_POINT('',(22.415714427323,0.4,0.4));
#5599 = DIRECTION('',(0.,-0.707106781187,-0.707106781187));
#5600 = DIRECTION('',(-1.,-0.,0.));
#5601 = ADVANCED_FACE('',(#5602),#5621,.T.);
#5602 = FACE_BOUND('',#5603,.T.);
#5603 = EDGE_LOOP('',(#5604,#5612,#5613,#5614));
#5604 = ORIENTED_EDGE('',*,*,#5605,.T.);
#5605 = EDGE_CURVE('',#5606,#2328,#5608,.T.);
#5606 = VERTEX_POINT('',#5607);
#5607 = CARTESIAN_POINT('',(9.468770736705,3.,0.8));
#5608 = LINE('',#5609,#5610);
#5609 = CARTESIAN_POINT('',(9.468770736705,3.,0.8));
#5610 = VECTOR('',#5611,1.);
#5611 = DIRECTION('',(0.707106781187,0.,-0.707106781187));
#5612 = ORIENTED_EDGE('',*,*,#2327,.T.);
#5613 = ORIENTED_EDGE('',*,*,#5581,.F.);
#5614 = ORIENTED_EDGE('',*,*,#5615,.T.);
#5615 = EDGE_CURVE('',#5582,#5606,#5616,.T.);
#5616 = CIRCLE('',#5617,3.);
#5617 = AXIS2_PLACEMENT_3D('',#5618,#5619,#5620);
#5618 = CARTESIAN_POINT('',(12.468770736705,3.,0.8));
#5619 = DIRECTION('',(0.,0.,-1.));
#5620 = DIRECTION('',(-4.440892098501E-15,-1.,-0.));
#5621 = CONICAL_SURFACE('',#5622,2.6,0.785398163397);
#5622 = AXIS2_PLACEMENT_3D('',#5623,#5624,#5625);
#5623 = CARTESIAN_POINT('',(12.468770736705,3.,0.4));
#5624 = DIRECTION('',(0.,0.,1.));
#5625 = DIRECTION('',(-4.440892098501E-15,-1.,0.));
#5626 = ADVANCED_FACE('',(#5627),#5645,.T.);
#5627 = FACE_BOUND('',#5628,.T.);
#5628 = EDGE_LOOP('',(#5629,#5637,#5638,#5639));
#5629 = ORIENTED_EDGE('',*,*,#5630,.T.);
#5630 = EDGE_CURVE('',#5631,#2337,#5633,.T.);
#5631 = VERTEX_POINT('',#5632);
#5632 = CARTESIAN_POINT('',(9.468770736705,54.080747483003,0.8));
#5633 = LINE('',#5634,#5635);
#5634 = CARTESIAN_POINT('',(9.468770736705,54.080747483003,0.8));
#5635 = VECTOR('',#5636,1.);
#5636 = DIRECTION('',(0.707106781187,0.,-0.707106781187));
#5637 = ORIENTED_EDGE('',*,*,#2336,.T.);
#5638 = ORIENTED_EDGE('',*,*,#5605,.F.);
#5639 = ORIENTED_EDGE('',*,*,#5640,.T.);
#5640 = EDGE_CURVE('',#5606,#5631,#5641,.T.);
#5641 = LINE('',#5642,#5643);
#5642 = CARTESIAN_POINT('',(9.468770736705,50.361325619751,0.8));
#5643 = VECTOR('',#5644,1.);
#5644 = DIRECTION('',(0.,1.,0.));
#5645 = PLANE('',#5646);
#5646 = AXIS2_PLACEMENT_3D('',#5647,#5648,#5649);
#5647 = CARTESIAN_POINT('',(9.868770736705,50.361325619751,0.4));
#5648 = DIRECTION('',(-0.707106781187,0.,-0.707106781187));
#5649 = DIRECTION('',(-0.707106781187,0.,0.707106781187));
#5650 = ADVANCED_FACE('',(#5651),#5670,.F.);
#5651 = FACE_BOUND('',#5652,.F.);
#5652 = EDGE_LOOP('',(#5653,#5662,#5663,#5664));
#5653 = ORIENTED_EDGE('',*,*,#5654,.F.);
#5654 = EDGE_CURVE('',#5631,#5655,#5657,.T.);
#5655 = VERTEX_POINT('',#5656);
#5656 = CARTESIAN_POINT('',(8.590091080265,56.202067826563,0.8));
#5657 = CIRCLE('',#5658,3.);
#5658 = AXIS2_PLACEMENT_3D('',#5659,#5660,#5661);
#5659 = CARTESIAN_POINT('',(6.468770736705,54.080747483003,0.8));
#5660 = DIRECTION('',(0.,0.,1.));
#5661 = DIRECTION('',(1.,-9.473903143468E-14,0.));
#5662 = ORIENTED_EDGE('',*,*,#5630,.T.);
#5663 = ORIENTED_EDGE('',*,*,#2344,.F.);
#5664 = ORIENTED_EDGE('',*,*,#5665,.F.);
#5665 = EDGE_CURVE('',#5655,#2345,#5666,.T.);
#5666 = LINE('',#5667,#5668);
#5667 = CARTESIAN_POINT('',(8.590091080265,56.202067826563,0.8));
#5668 = VECTOR('',#5669,1.);
#5669 = DIRECTION('',(0.5,0.5,-0.707106781187));
#5670 = CONICAL_SURFACE('',#5671,3.4,0.785398163397);
#5671 = AXIS2_PLACEMENT_3D('',#5672,#5673,#5674);
#5672 = CARTESIAN_POINT('',(6.468770736705,54.080747483003,0.4));
#5673 = DIRECTION('',(0.,0.,-1.));
#5674 = DIRECTION('',(1.,-9.473903143468E-14,0.));
#5675 = ADVANCED_FACE('',(#5676),#5694,.T.);
#5676 = FACE_BOUND('',#5677,.T.);
#5677 = EDGE_LOOP('',(#5678,#5686,#5687,#5688));
#5678 = ORIENTED_EDGE('',*,*,#5679,.T.);
#5679 = EDGE_CURVE('',#5680,#2354,#5682,.T.);
#5680 = VERTEX_POINT('',#5681);
#5681 = CARTESIAN_POINT('',(0.87867965644,63.913479250388,0.8));
#5682 = LINE('',#5683,#5684);
#5683 = CARTESIAN_POINT('',(0.87867965644,63.913479250388,0.8));
#5684 = VECTOR('',#5685,1.);
#5685 = DIRECTION('',(0.5,0.5,-0.707106781187));
#5686 = ORIENTED_EDGE('',*,*,#2353,.T.);
#5687 = ORIENTED_EDGE('',*,*,#5665,.F.);
#5688 = ORIENTED_EDGE('',*,*,#5689,.T.);
#5689 = EDGE_CURVE('',#5655,#5680,#5690,.T.);
#5690 = LINE('',#5691,#5692);
#5691 = CARTESIAN_POINT('',(3.284380369701,61.507778537126,0.8));
#5692 = VECTOR('',#5693,1.);
#5693 = DIRECTION('',(-0.707106781187,0.707106781187,0.));
#5694 = PLANE('',#5695);
#5695 = AXIS2_PLACEMENT_3D('',#5696,#5697,#5698);
#5696 = CARTESIAN_POINT('',(3.567223082176,61.790621249601,0.4));
#5697 = DIRECTION('',(-0.5,-0.5,-0.707106781187));
#5698 = DIRECTION('',(-0.816496580928,-2.775557561563E-16,0.57735026919)
  );
#5699 = ADVANCED_FACE('',(#5700),#5719,.T.);
#5700 = FACE_BOUND('',#5701,.T.);
#5701 = EDGE_LOOP('',(#5702,#5710,#5711,#5712));
#5702 = ORIENTED_EDGE('',*,*,#5703,.T.);
#5703 = EDGE_CURVE('',#5704,#2362,#5706,.T.);
#5704 = VERTEX_POINT('',#5705);
#5705 = CARTESIAN_POINT('',(3.552713678801E-14,66.034799593947,0.8));
#5706 = LINE('',#5707,#5708);
#5707 = CARTESIAN_POINT('',(3.552713678801E-14,66.034799593947,0.8));
#5708 = VECTOR('',#5709,1.);
#5709 = DIRECTION('',(0.707106781187,-6.280369834735E-14,-0.707106781187
    ));
#5710 = ORIENTED_EDGE('',*,*,#2361,.T.);
#5711 = ORIENTED_EDGE('',*,*,#5679,.F.);
#5712 = ORIENTED_EDGE('',*,*,#5713,.T.);
#5713 = EDGE_CURVE('',#5680,#5704,#5714,.T.);
#5714 = CIRCLE('',#5715,3.);
#5715 = AXIS2_PLACEMENT_3D('',#5716,#5717,#5718);
#5716 = CARTESIAN_POINT('',(3.,66.034799593947,0.8));
#5717 = DIRECTION('',(0.,0.,-1.));
#5718 = DIRECTION('',(-0.707106781187,-0.707106781186,-0.));
#5719 = CONICAL_SURFACE('',#5720,2.6,0.785398163397);
#5720 = AXIS2_PLACEMENT_3D('',#5721,#5722,#5723);
#5721 = CARTESIAN_POINT('',(3.,66.034799593947,0.4));
#5722 = DIRECTION('',(0.,0.,1.));
#5723 = DIRECTION('',(-0.707106781187,-0.707106781186,0.));
#5724 = ADVANCED_FACE('',(#5725),#5743,.T.);
#5725 = FACE_BOUND('',#5726,.T.);
#5726 = EDGE_LOOP('',(#5727,#5735,#5736,#5737));
#5727 = ORIENTED_EDGE('',*,*,#5728,.T.);
#5728 = EDGE_CURVE('',#5729,#2371,#5731,.T.);
#5729 = VERTEX_POINT('',#5730);
#5730 = CARTESIAN_POINT('',(3.552713678801E-14,71.118115146415,0.8));
#5731 = LINE('',#5732,#5733);
#5732 = CARTESIAN_POINT('',(3.552713678801E-14,71.118115146415,0.8));
#5733 = VECTOR('',#5734,1.);
#5734 = DIRECTION('',(0.707106781187,0.,-0.707106781187));
#5735 = ORIENTED_EDGE('',*,*,#2370,.T.);
#5736 = ORIENTED_EDGE('',*,*,#5703,.F.);
#5737 = ORIENTED_EDGE('',*,*,#5738,.T.);
#5738 = EDGE_CURVE('',#5704,#5729,#5739,.T.);
#5739 = LINE('',#5740,#5741);
#5740 = CARTESIAN_POINT('',(3.552713678801E-14,81.878725416724,0.8));
#5741 = VECTOR('',#5742,1.);
#5742 = DIRECTION('',(0.,1.,0.));
#5743 = PLANE('',#5744);
#5744 = AXIS2_PLACEMENT_3D('',#5745,#5746,#5747);
#5745 = CARTESIAN_POINT('',(0.4,81.878725416724,0.4));
#5746 = DIRECTION('',(-0.707106781187,0.,-0.707106781187));
#5747 = DIRECTION('',(-0.707106781187,0.,0.707106781187));
#5748 = ADVANCED_FACE('',(#5749),#5768,.T.);
#5749 = FACE_BOUND('',#5750,.T.);
#5750 = EDGE_LOOP('',(#5751,#5759,#5760,#5761));
#5751 = ORIENTED_EDGE('',*,*,#5752,.T.);
#5752 = EDGE_CURVE('',#5753,#2379,#5755,.T.);
#5753 = VERTEX_POINT('',#5754);
#5754 = CARTESIAN_POINT('',(1.008873643659,73.362088371097,0.8));
#5755 = LINE('',#5756,#5757);
#5756 = CARTESIAN_POINT('',(1.008873643659,73.362088371097,0.8));
#5757 = VECTOR('',#5758,1.);
#5758 = DIRECTION('',(0.469312982923,-0.528909561324,-0.707106781187));
#5759 = ORIENTED_EDGE('',*,*,#2378,.T.);
#5760 = ORIENTED_EDGE('',*,*,#5728,.F.);
#5761 = ORIENTED_EDGE('',*,*,#5762,.T.);
#5762 = EDGE_CURVE('',#5729,#5753,#5763,.T.);
#5763 = CIRCLE('',#5764,2.999999999999);
#5764 = AXIS2_PLACEMENT_3D('',#5765,#5766,#5767);
#5765 = CARTESIAN_POINT('',(2.999999999999,71.118115146416,0.8));
#5766 = DIRECTION('',(0.,0.,-1.));
#5767 = DIRECTION('',(-1.,-4.988602123983E-13,-0.));
#5768 = CONICAL_SURFACE('',#5769,2.599999999999,0.785398163397);
#5769 = AXIS2_PLACEMENT_3D('',#5770,#5771,#5772);
#5770 = CARTESIAN_POINT('',(2.999999999999,71.118115146416,0.4));
#5771 = DIRECTION('',(0.,0.,1.));
#5772 = DIRECTION('',(-1.,-4.988602123983E-13,0.));
#5773 = ADVANCED_FACE('',(#5774),#5792,.T.);
#5774 = FACE_BOUND('',#5775,.T.);
#5775 = EDGE_LOOP('',(#5776,#5784,#5785,#5786));
#5776 = ORIENTED_EDGE('',*,*,#5777,.T.);
#5777 = EDGE_CURVE('',#5778,#2388,#5780,.T.);
#5778 = VERTEX_POINT('',#5779);
#5779 = CARTESIAN_POINT('',(5.810626858813,77.622788667405,0.8));
#5780 = LINE('',#5781,#5782);
#5781 = CARTESIAN_POINT('',(5.810626858813,77.622788667405,0.8));
#5782 = VECTOR('',#5783,1.);
#5783 = DIRECTION('',(0.469312982922,-0.528909561325,-0.707106781187));
#5784 = ORIENTED_EDGE('',*,*,#2387,.T.);
#5785 = ORIENTED_EDGE('',*,*,#5752,.F.);
#5786 = ORIENTED_EDGE('',*,*,#5787,.T.);
#5787 = EDGE_CURVE('',#5753,#5778,#5788,.T.);
#5788 = LINE('',#5789,#5790);
#5789 = CARTESIAN_POINT('',(14.854761162134,85.647846178566,0.8));
#5790 = VECTOR('',#5791,1.);
#5791 = DIRECTION('',(0.747991074895,0.663708785446,0.));
#5792 = PLANE('',#5793);
#5793 = AXIS2_PLACEMENT_3D('',#5794,#5795,#5796);
#5794 = CARTESIAN_POINT('',(15.120244676313,85.348649748608,0.4));
#5795 = DIRECTION('',(-0.469312982922,0.528909561325,-0.707106781187));
#5796 = DIRECTION('',(-0.833185990511,-2.498001805407E-16,0.552992861813
    ));
#5797 = ADVANCED_FACE('',(#5798),#5817,.F.);
#5798 = FACE_BOUND('',#5799,.F.);
#5799 = EDGE_LOOP('',(#5800,#5809,#5810,#5811));
#5800 = ORIENTED_EDGE('',*,*,#5801,.F.);
#5801 = EDGE_CURVE('',#5778,#5802,#5804,.T.);
#5802 = VERTEX_POINT('',#5803);
#5803 = CARTESIAN_POINT('',(6.819500502475,79.866761892088,0.8));
#5804 = CIRCLE('',#5805,3.);
#5805 = AXIS2_PLACEMENT_3D('',#5806,#5807,#5808);
#5806 = CARTESIAN_POINT('',(3.819500502475,79.866761892089,0.8));
#5807 = DIRECTION('',(0.,0.,1.));
#5808 = DIRECTION('',(0.663708785446,-0.747991074895,0.));
#5809 = ORIENTED_EDGE('',*,*,#5777,.T.);
#5810 = ORIENTED_EDGE('',*,*,#2395,.F.);
#5811 = ORIENTED_EDGE('',*,*,#5812,.F.);
#5812 = EDGE_CURVE('',#5802,#2396,#5813,.T.);
#5813 = LINE('',#5814,#5815);
#5814 = CARTESIAN_POINT('',(6.819500502475,79.866761892088,0.8));
#5815 = VECTOR('',#5816,1.);
#5816 = DIRECTION('',(0.707106781187,-1.570092458684E-13,-0.707106781187
    ));
#5817 = CONICAL_SURFACE('',#5818,3.4,0.785398163397);
#5818 = AXIS2_PLACEMENT_3D('',#5819,#5820,#5821);
#5819 = CARTESIAN_POINT('',(3.819500502475,79.866761892089,0.4));
#5820 = DIRECTION('',(0.,0.,-1.));
#5821 = DIRECTION('',(0.663708785446,-0.747991074895,0.));
#5822 = ADVANCED_FACE('',(#5823),#5841,.T.);
#5823 = FACE_BOUND('',#5824,.T.);
#5824 = EDGE_LOOP('',(#5825,#5833,#5834,#5835));
#5825 = ORIENTED_EDGE('',*,*,#5826,.T.);
#5826 = EDGE_CURVE('',#5827,#2405,#5829,.T.);
#5827 = VERTEX_POINT('',#5828);
#5828 = CARTESIAN_POINT('',(6.819500502475,139.70116529314,0.8));
#5829 = LINE('',#5830,#5831);
#5830 = CARTESIAN_POINT('',(6.819500502475,139.70116529314,0.8));
#5831 = VECTOR('',#5832,1.);
#5832 = DIRECTION('',(0.707106781187,-3.925231146709E-15,-0.707106781187
    ));
#5833 = ORIENTED_EDGE('',*,*,#2404,.T.);
#5834 = ORIENTED_EDGE('',*,*,#5812,.F.);
#5835 = ORIENTED_EDGE('',*,*,#5836,.T.);
#5836 = EDGE_CURVE('',#5802,#5827,#5837,.T.);
#5837 = LINE('',#5838,#5839);
#5838 = CARTESIAN_POINT('',(6.819500502475,88.794706565795,0.8));
#5839 = VECTOR('',#5840,1.);
#5840 = DIRECTION('',(0.,1.,0.));
#5841 = PLANE('',#5842);
#5842 = AXIS2_PLACEMENT_3D('',#5843,#5844,#5845);
#5843 = CARTESIAN_POINT('',(7.219500502475,88.794706565795,0.4));
#5844 = DIRECTION('',(-0.707106781187,0.,-0.707106781187));
#5845 = DIRECTION('',(-0.707106781187,0.,0.707106781187));
#5846 = ADVANCED_FACE('',(#5847),#5866,.F.);
#5847 = FACE_BOUND('',#5848,.F.);
#5848 = EDGE_LOOP('',(#5849,#5858,#5859,#5860));
#5849 = ORIENTED_EDGE('',*,*,#5850,.F.);
#5850 = EDGE_CURVE('',#5827,#5851,#5853,.T.);
#5851 = VERTEX_POINT('',#5852);
#5852 = CARTESIAN_POINT('',(5.810626858813,141.94513851783,0.8));
#5853 = CIRCLE('',#5854,3.);
#5854 = AXIS2_PLACEMENT_3D('',#5855,#5856,#5857);
#5855 = CARTESIAN_POINT('',(3.819500502475,139.70116529314,0.8));
#5856 = DIRECTION('',(0.,0.,1.));
#5857 = DIRECTION('',(1.,3.01980662698E-13,-0.));
#5858 = ORIENTED_EDGE('',*,*,#5826,.T.);
#5859 = ORIENTED_EDGE('',*,*,#2412,.F.);
#5860 = ORIENTED_EDGE('',*,*,#5861,.F.);
#5861 = EDGE_CURVE('',#5851,#2413,#5862,.T.);
#5862 = LINE('',#5863,#5864);
#5863 = CARTESIAN_POINT('',(5.810626858813,141.94513851783,0.8));
#5864 = VECTOR('',#5865,1.);
#5865 = DIRECTION('',(0.469312982922,0.528909561325,-0.707106781187));
#5866 = CONICAL_SURFACE('',#5867,3.4,0.785398163397);
#5867 = AXIS2_PLACEMENT_3D('',#5868,#5869,#5870);
#5868 = CARTESIAN_POINT('',(3.819500502475,139.70116529314,0.4));
#5869 = DIRECTION('',(0.,0.,-1.));
#5870 = DIRECTION('',(1.,3.01980662698E-13,0.));
#5871 = ADVANCED_FACE('',(#5872),#5890,.T.);
#5872 = FACE_BOUND('',#5873,.T.);
#5873 = EDGE_LOOP('',(#5874,#5882,#5883,#5884));
#5874 = ORIENTED_EDGE('',*,*,#5875,.T.);
#5875 = EDGE_CURVE('',#5876,#2422,#5878,.T.);
#5876 = VERTEX_POINT('',#5877);
#5877 = CARTESIAN_POINT('',(1.008873643659,146.20583881414,0.8));
#5878 = LINE('',#5879,#5880);
#5879 = CARTESIAN_POINT('',(1.008873643659,146.20583881414,0.8));
#5880 = VECTOR('',#5881,1.);
#5881 = DIRECTION('',(0.469312982922,0.528909561325,-0.707106781187));
#5882 = ORIENTED_EDGE('',*,*,#2421,.T.);
#5883 = ORIENTED_EDGE('',*,*,#5861,.F.);
#5884 = ORIENTED_EDGE('',*,*,#5885,.T.);
#5885 = EDGE_CURVE('',#5851,#5876,#5886,.T.);
#5886 = LINE('',#5887,#5888);
#5887 = CARTESIAN_POINT('',(23.243455154095,126.47660997104,0.8));
#5888 = VECTOR('',#5889,1.);
#5889 = DIRECTION('',(-0.747991074895,0.663708785446,0.));
#5890 = PLANE('',#5891);
#5891 = AXIS2_PLACEMENT_3D('',#5892,#5893,#5894);
#5892 = CARTESIAN_POINT('',(23.508938668273,126.77580640099,0.4));
#5893 = DIRECTION('',(-0.469312982922,-0.528909561325,-0.707106781187));
#5894 = DIRECTION('',(-0.833185990511,1.942890293094E-16,0.552992861813)
  );
#5895 = ADVANCED_FACE('',(#5896),#5915,.T.);
#5896 = FACE_BOUND('',#5897,.T.);
#5897 = EDGE_LOOP('',(#5898,#5906,#5907,#5908));
#5898 = ORIENTED_EDGE('',*,*,#5899,.T.);
#5899 = EDGE_CURVE('',#5900,#2430,#5902,.T.);
#5900 = VERTEX_POINT('',#5901);
#5901 = CARTESIAN_POINT('',(3.552713678801E-14,148.44981203882,0.8));
#5902 = LINE('',#5903,#5904);
#5903 = CARTESIAN_POINT('',(3.552713678801E-14,148.44981203882,0.8));
#5904 = VECTOR('',#5905,1.);
#5905 = DIRECTION('',(0.707106781187,-3.728969589374E-13,-0.707106781187
    ));
#5906 = ORIENTED_EDGE('',*,*,#2429,.T.);
#5907 = ORIENTED_EDGE('',*,*,#5875,.F.);
#5908 = ORIENTED_EDGE('',*,*,#5909,.T.);
#5909 = EDGE_CURVE('',#5876,#5900,#5910,.T.);
#5910 = CIRCLE('',#5911,3.);
#5911 = AXIS2_PLACEMENT_3D('',#5912,#5913,#5914);
#5912 = CARTESIAN_POINT('',(3.,148.44981203882,0.8));
#5913 = DIRECTION('',(0.,0.,-1.));
#5914 = DIRECTION('',(-0.663708785447,-0.747991074894,-0.));
#5915 = CONICAL_SURFACE('',#5916,2.6,0.785398163397);
#5916 = AXIS2_PLACEMENT_3D('',#5917,#5918,#5919);
#5917 = CARTESIAN_POINT('',(3.,148.44981203882,0.4));
#5918 = DIRECTION('',(0.,0.,1.));
#5919 = DIRECTION('',(-0.663708785447,-0.747991074894,0.));
#5920 = ADVANCED_FACE('',(#5921),#5939,.T.);
#5921 = FACE_BOUND('',#5922,.T.);
#5922 = EDGE_LOOP('',(#5923,#5931,#5932,#5933));
#5923 = ORIENTED_EDGE('',*,*,#5924,.T.);
#5924 = EDGE_CURVE('',#5925,#2439,#5927,.T.);
#5925 = VERTEX_POINT('',#5926);
#5926 = CARTESIAN_POINT('',(3.552713678801E-14,153.53312759129,0.8));
#5927 = LINE('',#5928,#5929);
#5928 = CARTESIAN_POINT('',(3.552713678801E-14,153.53312759129,0.8));
#5929 = VECTOR('',#5930,1.);
#5930 = DIRECTION('',(0.707106781187,0.,-0.707106781187));
#5931 = ORIENTED_EDGE('',*,*,#2438,.T.);
#5932 = ORIENTED_EDGE('',*,*,#5899,.F.);
#5933 = ORIENTED_EDGE('',*,*,#5934,.T.);
#5934 = EDGE_CURVE('',#5900,#5925,#5935,.T.);
#5935 = LINE('',#5936,#5937);
#5936 = CARTESIAN_POINT('',(3.552713678801E-14,123.08623163916,0.8));
#5937 = VECTOR('',#5938,1.);
#5938 = DIRECTION('',(0.,1.,0.));
#5939 = PLANE('',#5940);
#5940 = AXIS2_PLACEMENT_3D('',#5941,#5942,#5943);
#5941 = CARTESIAN_POINT('',(0.4,123.08623163916,0.4));
#5942 = DIRECTION('',(-0.707106781187,0.,-0.707106781187));
#5943 = DIRECTION('',(-0.707106781187,0.,0.707106781187));
#5944 = ADVANCED_FACE('',(#5945),#5964,.T.);
#5945 = FACE_BOUND('',#5946,.T.);
#5946 = EDGE_LOOP('',(#5947,#5955,#5956,#5957));
#5947 = ORIENTED_EDGE('',*,*,#5948,.T.);
#5948 = EDGE_CURVE('',#5949,#2447,#5951,.T.);
#5949 = VERTEX_POINT('',#5950);
#5950 = CARTESIAN_POINT('',(0.87867965644,155.65444793485,0.8));
#5951 = LINE('',#5952,#5953);
#5952 = CARTESIAN_POINT('',(0.87867965644,155.65444793485,0.8));
#5953 = VECTOR('',#5954,1.);
#5954 = DIRECTION('',(0.5,-0.5,-0.707106781187));
#5955 = ORIENTED_EDGE('',*,*,#2446,.T.);
#5956 = ORIENTED_EDGE('',*,*,#5924,.F.);
#5957 = ORIENTED_EDGE('',*,*,#5958,.T.);
#5958 = EDGE_CURVE('',#5925,#5949,#5959,.T.);
#5959 = CIRCLE('',#5960,3.);
#5960 = AXIS2_PLACEMENT_3D('',#5961,#5962,#5963);
#5961 = CARTESIAN_POINT('',(3.,153.53312759129,0.8));
#5962 = DIRECTION('',(0.,0.,-1.));
#5963 = DIRECTION('',(-1.,-2.368475785867E-14,-0.));
#5964 = CONICAL_SURFACE('',#5965,2.6,0.785398163397);
#5965 = AXIS2_PLACEMENT_3D('',#5966,#5967,#5968);
#5966 = CARTESIAN_POINT('',(3.,153.53312759129,0.4));
#5967 = DIRECTION('',(0.,0.,1.));
#5968 = DIRECTION('',(-1.,-2.368475785867E-14,0.));
#5969 = ADVANCED_FACE('',(#5970),#5988,.T.);
#5970 = FACE_BOUND('',#5971,.T.);
#5971 = EDGE_LOOP('',(#5972,#5980,#5981,#5982));
#5972 = ORIENTED_EDGE('',*,*,#5973,.T.);
#5973 = EDGE_CURVE('',#5974,#2456,#5976,.T.);
#5974 = VERTEX_POINT('',#5975);
#5975 = CARTESIAN_POINT('',(7.590091080265,162.36585935867,0.8));
#5976 = LINE('',#5977,#5978);
#5977 = CARTESIAN_POINT('',(7.590091080265,162.36585935867,0.8));
#5978 = VECTOR('',#5979,1.);
#5979 = DIRECTION('',(0.5,-0.5,-0.707106781187));
#5980 = ORIENTED_EDGE('',*,*,#2455,.T.);
#5981 = ORIENTED_EDGE('',*,*,#5948,.F.);
#5982 = ORIENTED_EDGE('',*,*,#5983,.T.);
#5983 = EDGE_CURVE('',#5949,#5974,#5984,.T.);
#5984 = LINE('',#5985,#5986);
#5985 = CARTESIAN_POINT('',(-6.60198151877,148.17378675964,0.8));
#5986 = VECTOR('',#5987,1.);
#5987 = DIRECTION('',(0.707106781187,0.707106781187,0.));
#5988 = PLANE('',#5989);
#5989 = AXIS2_PLACEMENT_3D('',#5990,#5991,#5992);
#5990 = CARTESIAN_POINT('',(-6.319138806295,147.89094404716,0.4));
#5991 = DIRECTION('',(-0.5,0.5,-0.707106781187));
#5992 = DIRECTION('',(-0.816496580928,-2.775557561563E-17,0.57735026919)
  );
#5993 = ADVANCED_FACE('',(#5994),#6013,.F.);
#5994 = FACE_BOUND('',#5995,.F.);
#5995 = EDGE_LOOP('',(#5996,#6005,#6006,#6007));
#5996 = ORIENTED_EDGE('',*,*,#5997,.F.);
#5997 = EDGE_CURVE('',#5974,#5998,#6000,.T.);
#5998 = VERTEX_POINT('',#5999);
#5999 = CARTESIAN_POINT('',(8.468770736705,164.48717970223,0.8));
#6000 = CIRCLE('',#6001,3.);
#6001 = AXIS2_PLACEMENT_3D('',#6002,#6003,#6004);
#6002 = CARTESIAN_POINT('',(5.468770736705,164.48717970223,0.8));
#6003 = DIRECTION('',(0.,0.,1.));
#6004 = DIRECTION('',(0.707106781187,-0.707106781186,0.));
#6005 = ORIENTED_EDGE('',*,*,#5973,.T.);
#6006 = ORIENTED_EDGE('',*,*,#2463,.F.);
#6007 = ORIENTED_EDGE('',*,*,#6008,.F.);
#6008 = EDGE_CURVE('',#5998,#2464,#6009,.T.);
#6009 = LINE('',#6010,#6011);
#6010 = CARTESIAN_POINT('',(8.468770736705,164.48717970223,0.8));
#6011 = VECTOR('',#6012,1.);
#6012 = DIRECTION('',(0.707106781187,7.850462293419E-15,-0.707106781187)
  );
#6013 = CONICAL_SURFACE('',#6014,3.4,0.785398163397);
#6014 = AXIS2_PLACEMENT_3D('',#6015,#6016,#6017);
#6015 = CARTESIAN_POINT('',(5.468770736705,164.48717970223,0.4));
#6016 = DIRECTION('',(0.,0.,-1.));
#6017 = DIRECTION('',(0.707106781187,-0.707106781186,0.));
#6018 = ADVANCED_FACE('',(#6019),#6037,.T.);
#6019 = FACE_BOUND('',#6020,.T.);
#6020 = EDGE_LOOP('',(#6021,#6029,#6030,#6031));
#6021 = ORIENTED_EDGE('',*,*,#6022,.T.);
#6022 = EDGE_CURVE('',#6023,#2473,#6025,.T.);
#6023 = VERTEX_POINT('',#6024);
#6024 = CARTESIAN_POINT('',(8.468770736705,173.88012524817,0.8));
#6025 = LINE('',#6026,#6027);
#6026 = CARTESIAN_POINT('',(8.468770736705,173.88012524817,0.8));
#6027 = VECTOR('',#6028,1.);
#6028 = DIRECTION('',(0.707106781187,-7.850462293419E-15,-0.707106781187
    ));
#6029 = ORIENTED_EDGE('',*,*,#2472,.T.);
#6030 = ORIENTED_EDGE('',*,*,#6008,.F.);
#6031 = ORIENTED_EDGE('',*,*,#6032,.T.);
#6032 = EDGE_CURVE('',#5998,#6023,#6033,.T.);
#6033 = LINE('',#6034,#6035);
#6034 = CARTESIAN_POINT('',(8.468770736705,131.10491547086,0.8));
#6035 = VECTOR('',#6036,1.);
#6036 = DIRECTION('',(-4.727901462625E-16,1.,0.));
#6037 = PLANE('',#6038);
#6038 = AXIS2_PLACEMENT_3D('',#6039,#6040,#6041);
#6039 = CARTESIAN_POINT('',(8.868770736705,131.10491547086,0.4));
#6040 = DIRECTION('',(-0.707106781187,-3.343131185004E-16,
    -0.707106781187));
#6041 = DIRECTION('',(-0.707106781187,0.,0.707106781187));
#6042 = ADVANCED_FACE('',(#6043),#6062,.F.);
#6043 = FACE_BOUND('',#6044,.F.);
#6044 = EDGE_LOOP('',(#6045,#6054,#6055,#6056));
#6045 = ORIENTED_EDGE('',*,*,#6046,.F.);
#6046 = EDGE_CURVE('',#6023,#6047,#6049,.T.);
#6047 = VERTEX_POINT('',#6048);
#6048 = CARTESIAN_POINT('',(7.459897093046,176.12409847285,0.8));
#6049 = CIRCLE('',#6050,3.);
#6050 = AXIS2_PLACEMENT_3D('',#6051,#6052,#6053);
#6051 = CARTESIAN_POINT('',(5.468770736705,173.88012524817,0.8));
#6052 = DIRECTION('',(0.,0.,1.));
#6053 = DIRECTION('',(1.,-4.648133729765E-13,0.));
#6054 = ORIENTED_EDGE('',*,*,#6022,.T.);
#6055 = ORIENTED_EDGE('',*,*,#2480,.F.);
#6056 = ORIENTED_EDGE('',*,*,#6057,.F.);
#6057 = EDGE_CURVE('',#6047,#2481,#6058,.T.);
#6058 = LINE('',#6059,#6060);
#6059 = CARTESIAN_POINT('',(7.459897093046,176.12409847285,0.8));
#6060 = VECTOR('',#6061,1.);
#6061 = DIRECTION('',(0.469312982923,0.528909561324,-0.707106781187));
#6062 = CONICAL_SURFACE('',#6063,3.4,0.785398163397);
#6063 = AXIS2_PLACEMENT_3D('',#6064,#6065,#6066);
#6064 = CARTESIAN_POINT('',(5.468770736705,173.88012524817,0.4));
#6065 = DIRECTION('',(0.,0.,-1.));
#6066 = DIRECTION('',(1.,-4.648133729765E-13,0.));
#6067 = ADVANCED_FACE('',(#6068),#6086,.T.);
#6068 = FACE_BOUND('',#6069,.T.);
#6069 = EDGE_LOOP('',(#6070,#6078,#6079,#6080));
#6070 = ORIENTED_EDGE('',*,*,#6071,.T.);
#6071 = EDGE_CURVE('',#6072,#2490,#6074,.T.);
#6072 = VERTEX_POINT('',#6073);
#6073 = CARTESIAN_POINT('',(4.658143877889,178.61015517321,0.8));
#6074 = LINE('',#6075,#6076);
#6075 = CARTESIAN_POINT('',(4.658143877889,178.61015517321,0.8));
#6076 = VECTOR('',#6077,1.);
#6077 = DIRECTION('',(0.469312982922,0.528909561325,-0.707106781187));
#6078 = ORIENTED_EDGE('',*,*,#2489,.T.);
#6079 = ORIENTED_EDGE('',*,*,#6057,.F.);
#6080 = ORIENTED_EDGE('',*,*,#6081,.T.);
#6081 = EDGE_CURVE('',#6047,#6072,#6082,.T.);
#6082 = LINE('',#6083,#6084);
#6083 = CARTESIAN_POINT('',(32.915392143567,153.53688283623,0.8));
#6084 = VECTOR('',#6085,1.);
#6085 = DIRECTION('',(-0.747991074894,0.663708785446,0.));
#6086 = PLANE('',#6087);
#6087 = AXIS2_PLACEMENT_3D('',#6088,#6089,#6090);
#6088 = CARTESIAN_POINT('',(33.180875657745,153.83607926619,0.4));
#6089 = DIRECTION('',(-0.469312982922,-0.528909561325,-0.707106781187));
#6090 = DIRECTION('',(-0.833185990511,1.387778780781E-16,0.552992861813)
  );
#6091 = ADVANCED_FACE('',(#6092),#6111,.T.);
#6092 = FACE_BOUND('',#6093,.T.);
#6093 = EDGE_LOOP('',(#6094,#6102,#6103,#6104));
#6094 = ORIENTED_EDGE('',*,*,#6095,.T.);
#6095 = EDGE_CURVE('',#6096,#2498,#6098,.T.);
#6096 = VERTEX_POINT('',#6097);
#6097 = CARTESIAN_POINT('',(3.649270234229,180.8541283979,0.8));
#6098 = LINE('',#6099,#6100);
#6099 = CARTESIAN_POINT('',(3.649270234229,180.8541283979,0.8));
#6100 = VECTOR('',#6101,1.);
#6101 = DIRECTION('',(0.707106781187,-3.689717277907E-13,-0.707106781187
    ));
#6102 = ORIENTED_EDGE('',*,*,#2497,.T.);
#6103 = ORIENTED_EDGE('',*,*,#6071,.F.);
#6104 = ORIENTED_EDGE('',*,*,#6105,.T.);
#6105 = EDGE_CURVE('',#6072,#6096,#6106,.T.);
#6106 = CIRCLE('',#6107,3.);
#6107 = AXIS2_PLACEMENT_3D('',#6108,#6109,#6110);
#6108 = CARTESIAN_POINT('',(6.649270234229,180.85412839789,0.8));
#6109 = DIRECTION('',(0.,0.,-1.));
#6110 = DIRECTION('',(-0.663708785447,-0.747991074894,-0.));
#6111 = CONICAL_SURFACE('',#6112,2.6,0.785398163397);
#6112 = AXIS2_PLACEMENT_3D('',#6113,#6114,#6115);
#6113 = CARTESIAN_POINT('',(6.649270234229,180.85412839789,0.4));
#6114 = DIRECTION('',(0.,0.,1.));
#6115 = DIRECTION('',(-0.663708785447,-0.747991074894,0.));
#6116 = ADVANCED_FACE('',(#6117),#6135,.T.);
#6117 = FACE_BOUND('',#6118,.T.);
#6118 = EDGE_LOOP('',(#6119,#6127,#6128,#6129));
#6119 = ORIENTED_EDGE('',*,*,#6120,.T.);
#6120 = EDGE_CURVE('',#6121,#2507,#6123,.T.);
#6121 = VERTEX_POINT('',#6122);
#6122 = CARTESIAN_POINT('',(3.649270234229,185.98403081124,0.8));
#6123 = LINE('',#6124,#6125);
#6124 = CARTESIAN_POINT('',(3.649270234229,185.98403081124,0.8));
#6125 = VECTOR('',#6126,1.);
#6126 = DIRECTION('',(0.707106781187,0.,-0.707106781187));
#6127 = ORIENTED_EDGE('',*,*,#2506,.T.);
#6128 = ORIENTED_EDGE('',*,*,#6095,.F.);
#6129 = ORIENTED_EDGE('',*,*,#6130,.T.);
#6130 = EDGE_CURVE('',#6096,#6121,#6131,.T.);
#6131 = LINE('',#6132,#6133);
#6132 = CARTESIAN_POINT('',(3.649270234229,139.2883898187,0.8));
#6133 = VECTOR('',#6134,1.);
#6134 = DIRECTION('',(0.,1.,0.));
#6135 = PLANE('',#6136);
#6136 = AXIS2_PLACEMENT_3D('',#6137,#6138,#6139);
#6137 = CARTESIAN_POINT('',(4.049270234229,139.2883898187,0.4));
#6138 = DIRECTION('',(-0.707106781187,0.,-0.707106781187));
#6139 = DIRECTION('',(-0.707106781187,0.,0.707106781187));
#6140 = ADVANCED_FACE('',(#6141),#6160,.T.);
#6141 = FACE_BOUND('',#6142,.T.);
#6142 = EDGE_LOOP('',(#6143,#6151,#6152,#6153));
#6143 = ORIENTED_EDGE('',*,*,#6144,.T.);
#6144 = EDGE_CURVE('',#6145,#2515,#6147,.T.);
#6145 = VERTEX_POINT('',#6146);
#6146 = CARTESIAN_POINT('',(4.885329039063,188.41065634065,0.8));
#6147 = LINE('',#6148,#6149);
#6148 = CARTESIAN_POINT('',(4.885329039063,188.41065634065,0.8));
#6149 = VECTOR('',#6150,1.);
#6150 = DIRECTION('',(0.415764926905,-0.571961122416,-0.707106781187));
#6151 = ORIENTED_EDGE('',*,*,#2514,.T.);
#6152 = ORIENTED_EDGE('',*,*,#6120,.F.);
#6153 = ORIENTED_EDGE('',*,*,#6154,.T.);
#6154 = EDGE_CURVE('',#6121,#6145,#6155,.T.);
#6155 = CIRCLE('',#6156,3.);
#6156 = AXIS2_PLACEMENT_3D('',#6157,#6158,#6159);
#6157 = CARTESIAN_POINT('',(6.649270234229,185.98403081124,0.8));
#6158 = DIRECTION('',(0.,0.,-1.));
#6159 = DIRECTION('',(-1.,7.993605777301E-14,0.));
#6160 = CONICAL_SURFACE('',#6161,2.6,0.785398163397);
#6161 = AXIS2_PLACEMENT_3D('',#6162,#6163,#6164);
#6162 = CARTESIAN_POINT('',(6.649270234229,185.98403081124,0.4));
#6163 = DIRECTION('',(0.,0.,1.));
#6164 = DIRECTION('',(-1.,7.993605777301E-14,0.));
#6165 = ADVANCED_FACE('',(#6166),#6185,.T.);
#6166 = FACE_BOUND('',#6167,.T.);
#6167 = EDGE_LOOP('',(#6168,#6177,#6178,#6179));
#6168 = ORIENTED_EDGE('',*,*,#6169,.T.);
#6169 = EDGE_CURVE('',#6170,#2524,#6172,.T.);
#6170 = VERTEX_POINT('',#6171);
#6171 = CARTESIAN_POINT('',(14.29985123466,195.25417765547,0.8));
#6172 = ELLIPSE('',#6173,1.414213562372,1.);
#6173 = AXIS2_PLACEMENT_3D('',#6174,#6175,#6176);
#6174 = CARTESIAN_POINT('',(14.887831633049,194.445302479,
    -0.199999999999));
#6175 = DIRECTION('',(-0.415764926905,0.571961122416,-0.707106781187));
#6176 = DIRECTION('',(-0.415764926905,0.571961122416,0.707106781187));
#6177 = ORIENTED_EDGE('',*,*,#2523,.T.);
#6178 = ORIENTED_EDGE('',*,*,#6144,.F.);
#6179 = ORIENTED_EDGE('',*,*,#6180,.T.);
#6180 = EDGE_CURVE('',#6145,#6170,#6181,.T.);
#6181 = LINE('',#6182,#6183);
#6182 = CARTESIAN_POINT('',(-8.828235885753,178.44211285907,0.8));
#6183 = VECTOR('',#6184,1.);
#6184 = DIRECTION('',(0.808875176471,0.587980398389,0.));
#6185 = PLANE('',#6186);
#6186 = AXIS2_PLACEMENT_3D('',#6187,#6188,#6189);
#6187 = CARTESIAN_POINT('',(-8.593043726397,178.11856278848,0.4));
#6188 = DIRECTION('',(-0.415764926905,0.571961122416,-0.707106781187));
#6189 = DIRECTION('',(-0.862030224712,1.665334536938E-16,0.506856874949)
  );
#6190 = ADVANCED_FACE('',(#6191),#6217,.T.);
#6191 = FACE_BOUND('',#6192,.T.);
#6192 = EDGE_LOOP('',(#6193,#6194,#6202,#6209,#6210,#6216));
#6193 = ORIENTED_EDGE('',*,*,#6169,.F.);
#6194 = ORIENTED_EDGE('',*,*,#6195,.F.);
#6195 = EDGE_CURVE('',#6196,#6170,#6198,.T.);
#6196 = VERTEX_POINT('',#6197);
#6197 = CARTESIAN_POINT('',(14.29985123466,195.25417765547,1.7));
#6198 = LINE('',#6199,#6200);
#6199 = CARTESIAN_POINT('',(14.29985123466,195.25417765547,2.5));
#6200 = VECTOR('',#6201,1.);
#6201 = DIRECTION('',(0.,0.,-1.));
#6202 = ORIENTED_EDGE('',*,*,#6203,.F.);
#6203 = EDGE_CURVE('',#107,#6196,#6204,.T.);
#6204 = ELLIPSE('',#6205,1.414213562372,1.);
#6205 = AXIS2_PLACEMENT_3D('',#6206,#6207,#6208);
#6206 = CARTESIAN_POINT('',(14.887831633049,194.445302479,2.7));
#6207 = DIRECTION('',(-0.415764926905,0.571961122416,0.707106781187));
#6208 = DIRECTION('',(-0.415764926905,0.571961122416,-0.707106781187));
#6209 = ORIENTED_EDGE('',*,*,#106,.T.);
#6210 = ORIENTED_EDGE('',*,*,#6211,.T.);
#6211 = EDGE_CURVE('',#99,#2532,#6212,.T.);
#6212 = LINE('',#6213,#6214);
#6213 = CARTESIAN_POINT('',(15.887831633048,194.445302479,2.5));
#6214 = VECTOR('',#6215,1.);
#6215 = DIRECTION('',(0.,0.,-1.));
#6216 = ORIENTED_EDGE('',*,*,#2531,.F.);
#6217 = CYLINDRICAL_SURFACE('',#6218,1.);
#6218 = AXIS2_PLACEMENT_3D('',#6219,#6220,#6221);
#6219 = CARTESIAN_POINT('',(14.887831633049,194.445302479,2.5));
#6220 = DIRECTION('',(0.,0.,-1.));
#6221 = DIRECTION('',(-0.587980398389,0.808875176471,0.));
#6222 = ADVANCED_FACE('',(#6223),#6257,.T.);
#6223 = FACE_BOUND('',#6224,.T.);
#6224 = EDGE_LOOP('',(#6225,#6236,#6244,#6250,#6251));
#6225 = ORIENTED_EDGE('',*,*,#6226,.T.);
#6226 = EDGE_CURVE('',#6227,#6229,#6231,.T.);
#6227 = VERTEX_POINT('',#6228);
#6228 = CARTESIAN_POINT('',(19.007831651066,192.30053188309,
    4.46510469143E-02));
#6229 = VERTEX_POINT('',#6230);
#6230 = CARTESIAN_POINT('',(19.763180604165,192.73041199677,0.8));
#6231 = ELLIPSE('',#6232,0.707106781179,0.499999999994);
#6232 = AXIS2_PLACEMENT_3D('',#6233,#6234,#6235);
#6233 = CARTESIAN_POINT('',(19.507831651061,192.30053188308,
    0.300000000006));
#6234 = DIRECTION('',(0.361117952613,0.607942286982,-0.707106781187));
#6235 = DIRECTION('',(-0.361117952613,-0.607942286982,-0.707106781187));
#6236 = ORIENTED_EDGE('',*,*,#6237,.T.);
#6237 = EDGE_CURVE('',#6229,#6238,#6240,.T.);
#6238 = VERTEX_POINT('',#6239);
#6239 = CARTESIAN_POINT('',(24.68882986531,189.80457443857,0.8));
#6240 = LINE('',#6241,#6242);
#6241 = CARTESIAN_POINT('',(43.99349209612,178.33759763839,0.8));
#6242 = VECTOR('',#6243,1.);
#6243 = DIRECTION('',(0.85976022739,-0.510697906201,0.));
#6244 = ORIENTED_EDGE('',*,*,#6245,.T.);
#6245 = EDGE_CURVE('',#6238,#2583,#6246,.T.);
#6246 = LINE('',#6247,#6248);
#6247 = CARTESIAN_POINT('',(24.68882986531,189.80457443857,0.8));
#6248 = VECTOR('',#6249,1.);
#6249 = DIRECTION('',(-0.361117952613,-0.607942286982,-0.707106781187));
#6250 = ORIENTED_EDGE('',*,*,#2582,.T.);
#6251 = ORIENTED_EDGE('',*,*,#6252,.T.);
#6252 = EDGE_CURVE('',#2575,#6227,#6253,.T.);
#6253 = LINE('',#6254,#6255);
#6254 = CARTESIAN_POINT('',(19.007831654557,188.5752220456,
    -3.158222184287));
#6255 = VECTOR('',#6256,1.);
#6256 = DIRECTION('',(-7.104996883372E-10,0.758275071841,0.651934747827)
  );
#6257 = PLANE('',#6258);
#6258 = AXIS2_PLACEMENT_3D('',#6259,#6260,#6261);
#6259 = CARTESIAN_POINT('',(43.78921293364,177.99369354743,0.4));
#6260 = DIRECTION('',(0.361117952613,0.607942286982,-0.707106781187));
#6261 = DIRECTION('',(-0.890583762568,3.053113317719E-16,-0.45481926284)
  );
#6262 = ADVANCED_FACE('',(#6263),#6282,.F.);
#6263 = FACE_BOUND('',#6264,.F.);
#6264 = EDGE_LOOP('',(#6265,#6274,#6275,#6276));
#6265 = ORIENTED_EDGE('',*,*,#6266,.F.);
#6266 = EDGE_CURVE('',#6238,#6267,#6269,.T.);
#6267 = VERTEX_POINT('',#6268);
#6268 = CARTESIAN_POINT('',(27.242319396315,189.10337557552,0.8));
#6269 = CIRCLE('',#6270,5.000000000007);
#6270 = AXIS2_PLACEMENT_3D('',#6271,#6272,#6273);
#6271 = CARTESIAN_POINT('',(27.242319396317,194.10337557552,0.8));
#6272 = DIRECTION('',(0.,0.,1.));
#6273 = DIRECTION('',(-0.510697906201,-0.85976022739,0.));
#6274 = ORIENTED_EDGE('',*,*,#6245,.T.);
#6275 = ORIENTED_EDGE('',*,*,#2590,.F.);
#6276 = ORIENTED_EDGE('',*,*,#6277,.F.);
#6277 = EDGE_CURVE('',#6267,#2591,#6278,.T.);
#6278 = LINE('',#6279,#6280);
#6279 = CARTESIAN_POINT('',(27.242319396315,189.10337557552,0.8));
#6280 = VECTOR('',#6281,1.);
#6281 = DIRECTION('',(-2.701049682829E-13,-0.707106781187,
    -0.707106781187));
#6282 = CONICAL_SURFACE('',#6283,5.400000000007,0.785398163397);
#6283 = AXIS2_PLACEMENT_3D('',#6284,#6285,#6286);
#6284 = CARTESIAN_POINT('',(27.242319396317,194.10337557552,0.4));
#6285 = DIRECTION('',(0.,0.,-1.));
#6286 = DIRECTION('',(-0.510697906201,-0.85976022739,-0.));
#6287 = ADVANCED_FACE('',(#6288),#6306,.T.);
#6288 = FACE_BOUND('',#6289,.T.);
#6289 = EDGE_LOOP('',(#6290,#6298,#6299,#6300));
#6290 = ORIENTED_EDGE('',*,*,#6291,.T.);
#6291 = EDGE_CURVE('',#6292,#2600,#6294,.T.);
#6292 = VERTEX_POINT('',#6293);
#6293 = CARTESIAN_POINT('',(30.533343905587,189.10337557552,0.8));
#6294 = LINE('',#6295,#6296);
#6295 = CARTESIAN_POINT('',(30.533343905587,189.10337557552,0.8));
#6296 = VECTOR('',#6297,1.);
#6297 = DIRECTION('',(7.654200736083E-13,-0.707106781187,-0.707106781187
    ));
#6298 = ORIENTED_EDGE('',*,*,#2599,.T.);
#6299 = ORIENTED_EDGE('',*,*,#6277,.F.);
#6300 = ORIENTED_EDGE('',*,*,#6301,.T.);
#6301 = EDGE_CURVE('',#6267,#6292,#6302,.T.);
#6302 = LINE('',#6303,#6304);
#6303 = CARTESIAN_POINT('',(28.065075523583,189.10337557551,0.8));
#6304 = VECTOR('',#6305,1.);
#6305 = DIRECTION('',(1.,1.082551141175E-12,0.));
#6306 = PLANE('',#6307);
#6307 = AXIS2_PLACEMENT_3D('',#6308,#6309,#6310);
#6308 = CARTESIAN_POINT('',(28.065075523584,188.70337557551,0.4));
#6309 = DIRECTION('',(-7.654792529058E-13,0.707106781187,-0.707106781187
    ));
#6310 = DIRECTION('',(-1.,1.817535525629E-27,1.082551141175E-12));
#6311 = ADVANCED_FACE('',(#6312),#6331,.F.);
#6312 = FACE_BOUND('',#6313,.F.);
#6313 = EDGE_LOOP('',(#6314,#6323,#6324,#6325));
#6314 = ORIENTED_EDGE('',*,*,#6315,.F.);
#6315 = EDGE_CURVE('',#6292,#6316,#6318,.T.);
#6316 = VERTEX_POINT('',#6317);
#6317 = CARTESIAN_POINT('',(33.086833436591,189.80457443857,0.8));
#6318 = CIRCLE('',#6319,5.000000000007);
#6319 = AXIS2_PLACEMENT_3D('',#6320,#6321,#6322);
#6320 = CARTESIAN_POINT('',(30.533343905585,194.10337557552,0.8));
#6321 = DIRECTION('',(0.,0.,1.));
#6322 = DIRECTION('',(0.510697906201,-0.85976022739,0.));
#6323 = ORIENTED_EDGE('',*,*,#6291,.T.);
#6324 = ORIENTED_EDGE('',*,*,#2607,.F.);
#6325 = ORIENTED_EDGE('',*,*,#6326,.F.);
#6326 = EDGE_CURVE('',#6316,#2608,#6327,.T.);
#6327 = LINE('',#6328,#6329);
#6328 = CARTESIAN_POINT('',(33.086833436591,189.80457443857,0.8));
#6329 = VECTOR('',#6330,1.);
#6330 = DIRECTION('',(0.361117952612,-0.607942286982,-0.707106781187));
#6331 = CONICAL_SURFACE('',#6332,5.400000000007,0.785398163397);
#6332 = AXIS2_PLACEMENT_3D('',#6333,#6334,#6335);
#6333 = CARTESIAN_POINT('',(30.533343905585,194.10337557552,0.4));
#6334 = DIRECTION('',(0.,0.,-1.));
#6335 = DIRECTION('',(0.510697906201,-0.85976022739,0.));
#6336 = ADVANCED_FACE('',(#6337),#6364,.T.);
#6337 = FACE_BOUND('',#6338,.T.);
#6338 = EDGE_LOOP('',(#6339,#6347,#6348,#6349,#6357));
#6339 = ORIENTED_EDGE('',*,*,#6340,.T.);
#6340 = EDGE_CURVE('',#6341,#2617,#6343,.T.);
#6341 = VERTEX_POINT('',#6342);
#6342 = CARTESIAN_POINT('',(38.767831650835,192.30053188309,
    4.46510469143E-02));
#6343 = LINE('',#6344,#6345);
#6344 = CARTESIAN_POINT('',(38.767831647238,188.46160429878,
    -3.255906204069));
#6345 = VECTOR('',#6346,1.);
#6346 = DIRECTION('',(-7.105083614484E-10,-0.758275071841,
    -0.651934747827));
#6347 = ORIENTED_EDGE('',*,*,#2616,.T.);
#6348 = ORIENTED_EDGE('',*,*,#6326,.F.);
#6349 = ORIENTED_EDGE('',*,*,#6350,.T.);
#6350 = EDGE_CURVE('',#6316,#6351,#6353,.T.);
#6351 = VERTEX_POINT('',#6352);
#6352 = CARTESIAN_POINT('',(38.012482697737,192.73041199677,0.8));
#6353 = LINE('',#6354,#6355);
#6354 = CARTESIAN_POINT('',(11.319346575209,176.87467885929,0.8));
#6355 = VECTOR('',#6356,1.);
#6356 = DIRECTION('',(0.85976022739,0.510697906201,0.));
#6357 = ORIENTED_EDGE('',*,*,#6358,.T.);
#6358 = EDGE_CURVE('',#6351,#6341,#6359,.T.);
#6359 = ELLIPSE('',#6360,0.707106781179,0.499999999994);
#6360 = AXIS2_PLACEMENT_3D('',#6361,#6362,#6363);
#6361 = CARTESIAN_POINT('',(38.267831650841,192.30053188308,
    0.300000000006));
#6362 = DIRECTION('',(-0.361117952613,0.607942286982,-0.707106781187));
#6363 = DIRECTION('',(0.361117952613,-0.607942286982,-0.707106781187));
#6364 = PLANE('',#6365);
#6365 = AXIS2_PLACEMENT_3D('',#6366,#6367,#6368);
#6366 = CARTESIAN_POINT('',(11.523625737689,176.53077476833,0.4));
#6367 = DIRECTION('',(-0.361117952613,0.607942286982,-0.707106781187));
#6368 = DIRECTION('',(-0.890583762568,3.330669073875E-16,0.45481926284)
  );
#6369 = ADVANCED_FACE('',(#6370),#6395,.T.);
#6370 = FACE_BOUND('',#6371,.T.);
#6371 = EDGE_LOOP('',(#6372,#6373,#6381,#6387,#6388,#6394));
#6372 = ORIENTED_EDGE('',*,*,#6340,.F.);
#6373 = ORIENTED_EDGE('',*,*,#6374,.F.);
#6374 = EDGE_CURVE('',#6375,#6341,#6377,.T.);
#6375 = VERTEX_POINT('',#6376);
#6376 = CARTESIAN_POINT('',(38.767831650835,192.30053188309,
    2.455348953086));
#6377 = LINE('',#6378,#6379);
#6378 = CARTESIAN_POINT('',(38.767831650835,192.30053188309,2.5));
#6379 = VECTOR('',#6380,1.);
#6380 = DIRECTION('',(0.,0.,-1.));
#6381 = ORIENTED_EDGE('',*,*,#6382,.F.);
#6382 = EDGE_CURVE('',#626,#6375,#6383,.T.);
#6383 = LINE('',#6384,#6385);
#6384 = CARTESIAN_POINT('',(38.767831646659,187.8436719641,6.28717984835
    ));
#6385 = VECTOR('',#6386,1.);
#6386 = DIRECTION('',(7.105083614484E-10,0.758275071841,-0.651934747827)
  );
#6387 = ORIENTED_EDGE('',*,*,#625,.F.);
#6388 = ORIENTED_EDGE('',*,*,#6389,.T.);
#6389 = EDGE_CURVE('',#617,#2625,#6390,.T.);
#6390 = LINE('',#6391,#6392);
#6391 = CARTESIAN_POINT('',(38.767831649835,191.23281826534,2.5));
#6392 = VECTOR('',#6393,1.);
#6393 = DIRECTION('',(0.,0.,-1.));
#6394 = ORIENTED_EDGE('',*,*,#2624,.F.);
#6395 = PLANE('',#6396);
#6396 = AXIS2_PLACEMENT_3D('',#6397,#6398,#6399);
#6397 = CARTESIAN_POINT('',(38.767831650835,192.30053188309,2.5));
#6398 = DIRECTION('',(1.,-9.37006091633E-10,0.));
#6399 = DIRECTION('',(-9.37006091633E-10,-1.,0.));
#6400 = ADVANCED_FACE('',(#6401),#6420,.T.);
#6401 = FACE_BOUND('',#6402,.T.);
#6402 = EDGE_LOOP('',(#6403,#6404,#6412,#6419));
#6403 = ORIENTED_EDGE('',*,*,#6358,.F.);
#6404 = ORIENTED_EDGE('',*,*,#6405,.F.);
#6405 = EDGE_CURVE('',#6406,#6351,#6408,.T.);
#6406 = VERTEX_POINT('',#6407);
#6407 = CARTESIAN_POINT('',(38.012482697737,192.73041199677,1.7));
#6408 = LINE('',#6409,#6410);
#6409 = CARTESIAN_POINT('',(38.012482697737,192.73041199677,2.5));
#6410 = VECTOR('',#6411,1.);
#6411 = DIRECTION('',(0.,0.,-1.));
#6412 = ORIENTED_EDGE('',*,*,#6413,.F.);
#6413 = EDGE_CURVE('',#6375,#6406,#6414,.T.);
#6414 = ELLIPSE('',#6415,0.707106781179,0.499999999994);
#6415 = AXIS2_PLACEMENT_3D('',#6416,#6417,#6418);
#6416 = CARTESIAN_POINT('',(38.267831650841,192.30053188308,
    2.199999999995));
#6417 = DIRECTION('',(-0.361117952613,0.607942286982,0.707106781187));
#6418 = DIRECTION('',(0.361117952613,-0.607942286982,0.707106781187));
#6419 = ORIENTED_EDGE('',*,*,#6374,.T.);
#6420 = CYLINDRICAL_SURFACE('',#6421,0.499999999994);
#6421 = AXIS2_PLACEMENT_3D('',#6422,#6423,#6424);
#6422 = CARTESIAN_POINT('',(38.267831650841,192.30053188308,2.5));
#6423 = DIRECTION('',(0.,0.,-1.));
#6424 = DIRECTION('',(1.,1.488587031434E-11,0.));
#6425 = ADVANCED_FACE('',(#6426),#6444,.T.);
#6426 = FACE_BOUND('',#6427,.T.);
#6427 = EDGE_LOOP('',(#6428,#6429,#6437,#6443));
#6428 = ORIENTED_EDGE('',*,*,#6350,.F.);
#6429 = ORIENTED_EDGE('',*,*,#6430,.F.);
#6430 = EDGE_CURVE('',#6431,#6316,#6433,.T.);
#6431 = VERTEX_POINT('',#6432);
#6432 = CARTESIAN_POINT('',(33.086833436591,189.80457443857,1.7));
#6433 = LINE('',#6434,#6435);
#6434 = CARTESIAN_POINT('',(33.086833436591,189.80457443857,2.5));
#6435 = VECTOR('',#6436,1.);
#6436 = DIRECTION('',(0.,0.,-1.));
#6437 = ORIENTED_EDGE('',*,*,#6438,.F.);
#6438 = EDGE_CURVE('',#6406,#6431,#6439,.T.);
#6439 = LINE('',#6440,#6441);
#6440 = CARTESIAN_POINT('',(11.319346575209,176.87467885929,1.7));
#6441 = VECTOR('',#6442,1.);
#6442 = DIRECTION('',(-0.85976022739,-0.510697906201,0.));
#6443 = ORIENTED_EDGE('',*,*,#6405,.T.);
#6444 = PLANE('',#6445);
#6445 = AXIS2_PLACEMENT_3D('',#6446,#6447,#6448);
#6446 = CARTESIAN_POINT('',(33.086833436591,189.80457443857,2.5));
#6447 = DIRECTION('',(-0.510697906201,0.85976022739,0.));
#6448 = DIRECTION('',(0.85976022739,0.510697906201,0.));
#6449 = ADVANCED_FACE('',(#6450),#6469,.F.);
#6450 = FACE_BOUND('',#6451,.F.);
#6451 = EDGE_LOOP('',(#6452,#6453,#6462,#6468));
#6452 = ORIENTED_EDGE('',*,*,#6430,.F.);
#6453 = ORIENTED_EDGE('',*,*,#6454,.T.);
#6454 = EDGE_CURVE('',#6431,#6455,#6457,.T.);
#6455 = VERTEX_POINT('',#6456);
#6456 = CARTESIAN_POINT('',(30.533343905587,189.10337557552,1.7));
#6457 = CIRCLE('',#6458,5.000000000007);
#6458 = AXIS2_PLACEMENT_3D('',#6459,#6460,#6461);
#6459 = CARTESIAN_POINT('',(30.533343905585,194.10337557552,1.7));
#6460 = DIRECTION('',(0.,0.,-1.));
#6461 = DIRECTION('',(0.510697906201,-0.85976022739,0.));
#6462 = ORIENTED_EDGE('',*,*,#6463,.T.);
#6463 = EDGE_CURVE('',#6455,#6292,#6464,.T.);
#6464 = LINE('',#6465,#6466);
#6465 = CARTESIAN_POINT('',(30.533343905587,189.10337557552,2.5));
#6466 = VECTOR('',#6467,1.);
#6467 = DIRECTION('',(0.,0.,-1.));
#6468 = ORIENTED_EDGE('',*,*,#6315,.T.);
#6469 = CYLINDRICAL_SURFACE('',#6470,5.000000000007);
#6470 = AXIS2_PLACEMENT_3D('',#6471,#6472,#6473);
#6471 = CARTESIAN_POINT('',(30.533343905585,194.10337557552,2.5));
#6472 = DIRECTION('',(0.,0.,-1.));
#6473 = DIRECTION('',(0.510697906201,-0.85976022739,0.));
#6474 = ADVANCED_FACE('',(#6475),#6493,.T.);
#6475 = FACE_BOUND('',#6476,.T.);
#6476 = EDGE_LOOP('',(#6477,#6478,#6486,#6492));
#6477 = ORIENTED_EDGE('',*,*,#6301,.F.);
#6478 = ORIENTED_EDGE('',*,*,#6479,.F.);
#6479 = EDGE_CURVE('',#6480,#6267,#6482,.T.);
#6480 = VERTEX_POINT('',#6481);
#6481 = CARTESIAN_POINT('',(27.242319396315,189.10337557552,1.7));
#6482 = LINE('',#6483,#6484);
#6483 = CARTESIAN_POINT('',(27.242319396315,189.10337557552,2.5));
#6484 = VECTOR('',#6485,1.);
#6485 = DIRECTION('',(0.,0.,-1.));
#6486 = ORIENTED_EDGE('',*,*,#6487,.F.);
#6487 = EDGE_CURVE('',#6455,#6480,#6488,.T.);
#6488 = LINE('',#6489,#6490);
#6489 = CARTESIAN_POINT('',(28.065075523583,189.10337557551,1.7));
#6490 = VECTOR('',#6491,1.);
#6491 = DIRECTION('',(-1.,-1.082551141175E-12,0.));
#6492 = ORIENTED_EDGE('',*,*,#6463,.T.);
#6493 = PLANE('',#6494);
#6494 = AXIS2_PLACEMENT_3D('',#6495,#6496,#6497);
#6495 = CARTESIAN_POINT('',(27.242319396315,189.10337557551,2.5));
#6496 = DIRECTION('',(-1.082551141175E-12,1.,0.));
#6497 = DIRECTION('',(1.,1.082551141175E-12,0.));
#6498 = ADVANCED_FACE('',(#6499),#6518,.F.);
#6499 = FACE_BOUND('',#6500,.F.);
#6500 = EDGE_LOOP('',(#6501,#6502,#6511,#6517));
#6501 = ORIENTED_EDGE('',*,*,#6479,.F.);
#6502 = ORIENTED_EDGE('',*,*,#6503,.T.);
#6503 = EDGE_CURVE('',#6480,#6504,#6506,.T.);
#6504 = VERTEX_POINT('',#6505);
#6505 = CARTESIAN_POINT('',(24.68882986531,189.80457443857,1.7));
#6506 = CIRCLE('',#6507,5.000000000007);
#6507 = AXIS2_PLACEMENT_3D('',#6508,#6509,#6510);
#6508 = CARTESIAN_POINT('',(27.242319396317,194.10337557552,1.7));
#6509 = DIRECTION('',(0.,0.,-1.));
#6510 = DIRECTION('',(-0.510697906201,-0.85976022739,-0.));
#6511 = ORIENTED_EDGE('',*,*,#6512,.T.);
#6512 = EDGE_CURVE('',#6504,#6238,#6513,.T.);
#6513 = LINE('',#6514,#6515);
#6514 = CARTESIAN_POINT('',(24.68882986531,189.80457443857,2.5));
#6515 = VECTOR('',#6516,1.);
#6516 = DIRECTION('',(0.,0.,-1.));
#6517 = ORIENTED_EDGE('',*,*,#6266,.T.);
#6518 = CYLINDRICAL_SURFACE('',#6519,5.000000000007);
#6519 = AXIS2_PLACEMENT_3D('',#6520,#6521,#6522);
#6520 = CARTESIAN_POINT('',(27.242319396317,194.10337557552,2.5));
#6521 = DIRECTION('',(0.,0.,-1.));
#6522 = DIRECTION('',(-0.510697906201,-0.85976022739,-0.));
#6523 = ADVANCED_FACE('',(#6524),#6542,.T.);
#6524 = FACE_BOUND('',#6525,.T.);
#6525 = EDGE_LOOP('',(#6526,#6527,#6535,#6541));
#6526 = ORIENTED_EDGE('',*,*,#6237,.F.);
#6527 = ORIENTED_EDGE('',*,*,#6528,.F.);
#6528 = EDGE_CURVE('',#6529,#6229,#6531,.T.);
#6529 = VERTEX_POINT('',#6530);
#6530 = CARTESIAN_POINT('',(19.763180604165,192.73041199677,1.7));
#6531 = LINE('',#6532,#6533);
#6532 = CARTESIAN_POINT('',(19.763180604165,192.73041199677,2.5));
#6533 = VECTOR('',#6534,1.);
#6534 = DIRECTION('',(0.,0.,-1.));
#6535 = ORIENTED_EDGE('',*,*,#6536,.F.);
#6536 = EDGE_CURVE('',#6504,#6529,#6537,.T.);
#6537 = LINE('',#6538,#6539);
#6538 = CARTESIAN_POINT('',(43.99349209612,178.33759763839,1.7));
#6539 = VECTOR('',#6540,1.);
#6540 = DIRECTION('',(-0.85976022739,0.510697906201,0.));
#6541 = ORIENTED_EDGE('',*,*,#6512,.T.);
#6542 = PLANE('',#6543);
#6543 = AXIS2_PLACEMENT_3D('',#6544,#6545,#6546);
#6544 = CARTESIAN_POINT('',(19.763180604165,192.73041199677,2.5));
#6545 = DIRECTION('',(0.510697906201,0.85976022739,0.));
#6546 = DIRECTION('',(0.85976022739,-0.510697906201,0.));
#6547 = ADVANCED_FACE('',(#6548),#6560,.T.);
#6548 = FACE_BOUND('',#6549,.T.);
#6549 = EDGE_LOOP('',(#6550,#6551,#6552,#6558,#6559));
#6550 = ORIENTED_EDGE('',*,*,#6413,.T.);
#6551 = ORIENTED_EDGE('',*,*,#6438,.T.);
#6552 = ORIENTED_EDGE('',*,*,#6553,.T.);
#6553 = EDGE_CURVE('',#6431,#634,#6554,.T.);
#6554 = LINE('',#6555,#6556);
#6555 = CARTESIAN_POINT('',(33.086833436591,189.80457443857,1.7));
#6556 = VECTOR('',#6557,1.);
#6557 = DIRECTION('',(0.361117952613,-0.607942286982,0.707106781187));
#6558 = ORIENTED_EDGE('',*,*,#633,.T.);
#6559 = ORIENTED_EDGE('',*,*,#6382,.T.);
#6560 = PLANE('',#6561);
#6561 = AXIS2_PLACEMENT_3D('',#6562,#6563,#6564);
#6562 = CARTESIAN_POINT('',(11.523625737689,176.53077476833,2.1));
#6563 = DIRECTION('',(-0.361117952613,0.607942286982,0.707106781187));
#6564 = DIRECTION('',(0.890583762568,-3.330669073875E-16,0.45481926284)
  );
#6565 = ADVANCED_FACE('',(#6566),#6577,.F.);
#6566 = FACE_BOUND('',#6567,.F.);
#6567 = EDGE_LOOP('',(#6568,#6569,#6570,#6571));
#6568 = ORIENTED_EDGE('',*,*,#6454,.F.);
#6569 = ORIENTED_EDGE('',*,*,#6553,.T.);
#6570 = ORIENTED_EDGE('',*,*,#641,.F.);
#6571 = ORIENTED_EDGE('',*,*,#6572,.F.);
#6572 = EDGE_CURVE('',#6455,#642,#6573,.T.);
#6573 = LINE('',#6574,#6575);
#6574 = CARTESIAN_POINT('',(30.533343905587,189.10337557552,1.7));
#6575 = VECTOR('',#6576,1.);
#6576 = DIRECTION('',(2.70840949123E-13,-0.707106781187,0.707106781187)
  );
#6577 = CONICAL_SURFACE('',#6578,5.400000000007,0.785398163397);
#6578 = AXIS2_PLACEMENT_3D('',#6579,#6580,#6581);
#6579 = CARTESIAN_POINT('',(30.533343905585,194.10337557552,2.1));
#6580 = DIRECTION('',(0.,0.,1.));
#6581 = DIRECTION('',(0.510697906201,-0.85976022739,0.));
#6582 = ADVANCED_FACE('',(#6583),#6594,.T.);
#6583 = FACE_BOUND('',#6584,.T.);
#6584 = EDGE_LOOP('',(#6585,#6591,#6592,#6593));
#6585 = ORIENTED_EDGE('',*,*,#6586,.T.);
#6586 = EDGE_CURVE('',#6480,#651,#6587,.T.);
#6587 = LINE('',#6588,#6589);
#6588 = CARTESIAN_POINT('',(27.242319396315,189.10337557552,1.7));
#6589 = VECTOR('',#6590,1.);
#6590 = DIRECTION('',(7.654200736066E-13,-0.707106781188,0.707106781185)
  );
#6591 = ORIENTED_EDGE('',*,*,#650,.T.);
#6592 = ORIENTED_EDGE('',*,*,#6572,.F.);
#6593 = ORIENTED_EDGE('',*,*,#6487,.T.);
#6594 = PLANE('',#6595);
#6595 = AXIS2_PLACEMENT_3D('',#6596,#6597,#6598);
#6596 = CARTESIAN_POINT('',(28.065075523584,188.70337557551,2.1));
#6597 = DIRECTION('',(-7.654792529058E-13,0.707106781187,0.707106781187)
  );
#6598 = DIRECTION('',(1.,-1.817535525629E-27,1.082551141175E-12));
#6599 = ADVANCED_FACE('',(#6600),#6611,.F.);
#6600 = FACE_BOUND('',#6601,.F.);
#6601 = EDGE_LOOP('',(#6602,#6603,#6609,#6610));
#6602 = ORIENTED_EDGE('',*,*,#658,.F.);
#6603 = ORIENTED_EDGE('',*,*,#6604,.F.);
#6604 = EDGE_CURVE('',#6504,#57,#6605,.T.);
#6605 = LINE('',#6606,#6607);
#6606 = CARTESIAN_POINT('',(24.68882986531,189.80457443857,1.7));
#6607 = VECTOR('',#6608,1.);
#6608 = DIRECTION('',(-0.361117952612,-0.607942286982,0.707106781187));
#6609 = ORIENTED_EDGE('',*,*,#6503,.F.);
#6610 = ORIENTED_EDGE('',*,*,#6586,.T.);
#6611 = CONICAL_SURFACE('',#6612,5.400000000007,0.785398163397);
#6612 = AXIS2_PLACEMENT_3D('',#6613,#6614,#6615);
#6613 = CARTESIAN_POINT('',(27.242319396317,194.10337557552,2.1));
#6614 = DIRECTION('',(0.,0.,1.));
#6615 = DIRECTION('',(-0.510697906201,-0.85976022739,0.));
#6616 = ADVANCED_FACE('',(#6617),#6637,.T.);
#6617 = FACE_BOUND('',#6618,.T.);
#6618 = EDGE_LOOP('',(#6619,#6627,#6628,#6629,#6630));
#6619 = ORIENTED_EDGE('',*,*,#6620,.T.);
#6620 = EDGE_CURVE('',#6621,#55,#6623,.T.);
#6621 = VERTEX_POINT('',#6622);
#6622 = CARTESIAN_POINT('',(19.007831651066,192.30053188309,
    2.455348953086));
#6623 = LINE('',#6624,#6625);
#6624 = CARTESIAN_POINT('',(19.007831655136,187.95728971092,
    6.189495828569));
#6625 = VECTOR('',#6626,1.);
#6626 = DIRECTION('',(7.104996883372E-10,-0.758275071841,0.651934747827)
  );
#6627 = ORIENTED_EDGE('',*,*,#54,.T.);
#6628 = ORIENTED_EDGE('',*,*,#6604,.F.);
#6629 = ORIENTED_EDGE('',*,*,#6536,.T.);
#6630 = ORIENTED_EDGE('',*,*,#6631,.T.);
#6631 = EDGE_CURVE('',#6529,#6621,#6632,.T.);
#6632 = ELLIPSE('',#6633,0.707106781179,0.499999999994);
#6633 = AXIS2_PLACEMENT_3D('',#6634,#6635,#6636);
#6634 = CARTESIAN_POINT('',(19.507831651061,192.30053188308,
    2.199999999995));
#6635 = DIRECTION('',(0.361117952613,0.607942286982,0.707106781187));
#6636 = DIRECTION('',(-0.361117952613,-0.607942286982,0.707106781187));
#6637 = PLANE('',#6638);
#6638 = AXIS2_PLACEMENT_3D('',#6639,#6640,#6641);
#6639 = CARTESIAN_POINT('',(43.78921293364,177.99369354743,2.1));
#6640 = DIRECTION('',(0.361117952613,0.607942286982,0.707106781187));
#6641 = DIRECTION('',(0.890583762568,2.775557561563E-16,-0.45481926284)
  );
#6642 = ADVANCED_FACE('',(#6643),#6669,.T.);
#6643 = FACE_BOUND('',#6644,.T.);
#6644 = EDGE_LOOP('',(#6645,#6654,#6655,#6663));
#6645 = ORIENTED_EDGE('',*,*,#6646,.T.);
#6646 = EDGE_CURVE('',#6647,#575,#6649,.T.);
#6647 = VERTEX_POINT('',#6648);
#6648 = CARTESIAN_POINT('',(43.475812067241,195.25417765547,1.7));
#6649 = ELLIPSE('',#6650,1.414213562372,1.);
#6650 = AXIS2_PLACEMENT_3D('',#6651,#6652,#6653);
#6651 = CARTESIAN_POINT('',(42.887831668853,194.445302479,2.7));
#6652 = DIRECTION('',(0.415764926905,0.571961122416,0.707106781187));
#6653 = DIRECTION('',(0.415764926905,0.571961122416,-0.707106781187));
#6654 = ORIENTED_EDGE('',*,*,#574,.T.);
#6655 = ORIENTED_EDGE('',*,*,#6656,.T.);
#6656 = EDGE_CURVE('',#566,#6657,#6659,.T.);
#6657 = VERTEX_POINT('',#6658);
#6658 = CARTESIAN_POINT('',(52.890334262838,188.41065634065,1.7));
#6659 = LINE('',#6660,#6661);
#6660 = CARTESIAN_POINT('',(52.419949944127,187.76355619947,2.5));
#6661 = VECTOR('',#6662,1.);
#6662 = DIRECTION('',(0.415764926905,0.571961122416,-0.707106781187));
#6663 = ORIENTED_EDGE('',*,*,#6664,.T.);
#6664 = EDGE_CURVE('',#6657,#6647,#6665,.T.);
#6665 = LINE('',#6666,#6667);
#6666 = CARTESIAN_POINT('',(61.896638089856,181.86387351648,1.7));
#6667 = VECTOR('',#6668,1.);
#6668 = DIRECTION('',(-0.808875176471,0.587980398389,0.));
#6669 = PLANE('',#6670);
#6670 = AXIS2_PLACEMENT_3D('',#6671,#6672,#6673);
#6671 = CARTESIAN_POINT('',(61.661445930501,181.54032344589,2.1));
#6672 = DIRECTION('',(0.415764926905,0.571961122416,0.707106781187));
#6673 = DIRECTION('',(0.862030224712,-1.942890293094E-16,-0.506856874949
    ));
#6674 = ADVANCED_FACE('',(#6675),#6694,.T.);
#6675 = FACE_BOUND('',#6676,.T.);
#6676 = EDGE_LOOP('',(#6677,#6678,#6679,#6687));
#6677 = ORIENTED_EDGE('',*,*,#6656,.F.);
#6678 = ORIENTED_EDGE('',*,*,#565,.T.);
#6679 = ORIENTED_EDGE('',*,*,#6680,.T.);
#6680 = EDGE_CURVE('',#558,#6681,#6683,.T.);
#6681 = VERTEX_POINT('',#6682);
#6682 = CARTESIAN_POINT('',(54.126393067672,185.98403081124,1.7));
#6683 = LINE('',#6684,#6685);
#6684 = CARTESIAN_POINT('',(53.326393067672,185.98403081124,2.5));
#6685 = VECTOR('',#6686,1.);
#6686 = DIRECTION('',(0.707106781187,5.495323605393E-14,-0.707106781187)
  );
#6687 = ORIENTED_EDGE('',*,*,#6688,.T.);
#6688 = EDGE_CURVE('',#6681,#6657,#6689,.T.);
#6689 = CIRCLE('',#6690,3.);
#6690 = AXIS2_PLACEMENT_3D('',#6691,#6692,#6693);
#6691 = CARTESIAN_POINT('',(51.126393067672,185.98403081124,1.7));
#6692 = DIRECTION('',(0.,0.,1.));
#6693 = DIRECTION('',(1.,7.993605777301E-14,-0.));
#6694 = CONICAL_SURFACE('',#6695,2.6,0.785398163397);
#6695 = AXIS2_PLACEMENT_3D('',#6696,#6697,#6698);
#6696 = CARTESIAN_POINT('',(51.126393067672,185.98403081124,2.1));
#6697 = DIRECTION('',(0.,0.,-1.));
#6698 = DIRECTION('',(1.,7.993605777301E-14,0.));
#6699 = ADVANCED_FACE('',(#6700),#6718,.T.);
#6700 = FACE_BOUND('',#6701,.T.);
#6701 = EDGE_LOOP('',(#6702,#6703,#6704,#6712));
#6702 = ORIENTED_EDGE('',*,*,#6680,.F.);
#6703 = ORIENTED_EDGE('',*,*,#557,.T.);
#6704 = ORIENTED_EDGE('',*,*,#6705,.T.);
#6705 = EDGE_CURVE('',#549,#6706,#6708,.T.);
#6706 = VERTEX_POINT('',#6707);
#6707 = CARTESIAN_POINT('',(54.126393067672,180.8541283979,1.7));
#6708 = LINE('',#6709,#6710);
#6709 = CARTESIAN_POINT('',(53.326393067672,180.8541283979,2.5));
#6710 = VECTOR('',#6711,1.);
#6711 = DIRECTION('',(0.707106781187,0.,-0.707106781187));
#6712 = ORIENTED_EDGE('',*,*,#6713,.T.);
#6713 = EDGE_CURVE('',#6706,#6681,#6714,.T.);
#6714 = LINE('',#6715,#6716);
#6715 = CARTESIAN_POINT('',(54.126393067672,141.85334102537,1.7));
#6716 = VECTOR('',#6717,1.);
#6717 = DIRECTION('',(0.,1.,0.));
#6718 = PLANE('',#6719);
#6719 = AXIS2_PLACEMENT_3D('',#6720,#6721,#6722);
#6720 = CARTESIAN_POINT('',(53.726393067672,141.85334102537,2.1));
#6721 = DIRECTION('',(0.707106781187,0.,0.707106781187));
#6722 = DIRECTION('',(0.707106781187,0.,-0.707106781187));
#6723 = ADVANCED_FACE('',(#6724),#6743,.T.);
#6724 = FACE_BOUND('',#6725,.T.);
#6725 = EDGE_LOOP('',(#6726,#6727,#6728,#6736));
#6726 = ORIENTED_EDGE('',*,*,#6705,.F.);
#6727 = ORIENTED_EDGE('',*,*,#548,.T.);
#6728 = ORIENTED_EDGE('',*,*,#6729,.T.);
#6729 = EDGE_CURVE('',#541,#6730,#6732,.T.);
#6730 = VERTEX_POINT('',#6731);
#6731 = CARTESIAN_POINT('',(53.117519424013,178.61015517321,1.7));
#6732 = LINE('',#6733,#6734);
#6733 = CARTESIAN_POINT('',(52.586552395656,179.20854803313,2.5));
#6734 = VECTOR('',#6735,1.);
#6735 = DIRECTION('',(0.469312982923,-0.528909561324,-0.707106781187));
#6736 = ORIENTED_EDGE('',*,*,#6737,.T.);
#6737 = EDGE_CURVE('',#6730,#6706,#6738,.T.);
#6738 = CIRCLE('',#6739,3.);
#6739 = AXIS2_PLACEMENT_3D('',#6740,#6741,#6742);
#6740 = CARTESIAN_POINT('',(51.126393067673,180.85412839789,1.7));
#6741 = DIRECTION('',(0.,0.,1.));
#6742 = DIRECTION('',(0.663708785447,-0.747991074894,0.));
#6743 = CONICAL_SURFACE('',#6744,2.6,0.785398163397);
#6744 = AXIS2_PLACEMENT_3D('',#6745,#6746,#6747);
#6745 = CARTESIAN_POINT('',(51.126393067673,180.85412839789,2.1));
#6746 = DIRECTION('',(0.,0.,-1.));
#6747 = DIRECTION('',(0.663708785447,-0.747991074894,0.));
#6748 = ADVANCED_FACE('',(#6749),#6767,.T.);
#6749 = FACE_BOUND('',#6750,.T.);
#6750 = EDGE_LOOP('',(#6751,#6752,#6753,#6761));
#6751 = ORIENTED_EDGE('',*,*,#6729,.F.);
#6752 = ORIENTED_EDGE('',*,*,#540,.T.);
#6753 = ORIENTED_EDGE('',*,*,#6754,.T.);
#6754 = EDGE_CURVE('',#532,#6755,#6757,.T.);
#6755 = VERTEX_POINT('',#6756);
#6756 = CARTESIAN_POINT('',(50.315766208856,176.12409847285,1.7));
#6757 = LINE('',#6758,#6759);
#6758 = CARTESIAN_POINT('',(49.784799180499,176.72249133277,2.5));
#6759 = VECTOR('',#6760,1.);
#6760 = DIRECTION('',(0.469312982922,-0.528909561325,-0.707106781187));
#6761 = ORIENTED_EDGE('',*,*,#6762,.T.);
#6762 = EDGE_CURVE('',#6755,#6730,#6763,.T.);
#6763 = LINE('',#6764,#6765);
#6764 = CARTESIAN_POINT('',(26.261147765914,154.77991118641,1.7));
#6765 = VECTOR('',#6766,1.);
#6766 = DIRECTION('',(0.747991074894,0.663708785446,0.));
#6767 = PLANE('',#6768);
#6768 = AXIS2_PLACEMENT_3D('',#6769,#6770,#6771);
#6769 = CARTESIAN_POINT('',(25.995664251735,155.07910761637,2.1));
#6770 = DIRECTION('',(0.469312982922,-0.528909561325,0.707106781187));
#6771 = DIRECTION('',(0.833185990511,-1.387778780781E-16,-0.552992861813
    ));
#6772 = ADVANCED_FACE('',(#6773),#6792,.F.);
#6773 = FACE_BOUND('',#6774,.F.);
#6774 = EDGE_LOOP('',(#6775,#6784,#6790,#6791));
#6775 = ORIENTED_EDGE('',*,*,#6776,.F.);
#6776 = EDGE_CURVE('',#6777,#6755,#6779,.T.);
#6777 = VERTEX_POINT('',#6778);
#6778 = CARTESIAN_POINT('',(49.306892565197,173.88012524817,1.7));
#6779 = CIRCLE('',#6780,3.);
#6780 = AXIS2_PLACEMENT_3D('',#6781,#6782,#6783);
#6781 = CARTESIAN_POINT('',(52.306892565196,173.88012524817,1.7));
#6782 = DIRECTION('',(0.,0.,-1.));
#6783 = DIRECTION('',(-1.,-4.648133729765E-13,-0.));
#6784 = ORIENTED_EDGE('',*,*,#6785,.F.);
#6785 = EDGE_CURVE('',#524,#6777,#6786,.T.);
#6786 = LINE('',#6787,#6788);
#6787 = CARTESIAN_POINT('',(48.506892565197,173.88012524817,2.5));
#6788 = VECTOR('',#6789,1.);
#6789 = DIRECTION('',(0.707106781187,3.297194163236E-13,-0.707106781187)
  );
#6790 = ORIENTED_EDGE('',*,*,#531,.F.);
#6791 = ORIENTED_EDGE('',*,*,#6754,.T.);
#6792 = CONICAL_SURFACE('',#6793,3.4,0.785398163397);
#6793 = AXIS2_PLACEMENT_3D('',#6794,#6795,#6796);
#6794 = CARTESIAN_POINT('',(52.306892565196,173.88012524817,2.1));
#6795 = DIRECTION('',(0.,0.,1.));
#6796 = DIRECTION('',(-1.,-4.648133729765E-13,0.));
#6797 = ADVANCED_FACE('',(#6798),#6816,.T.);
#6798 = FACE_BOUND('',#6799,.T.);
#6799 = EDGE_LOOP('',(#6800,#6801,#6802,#6810));
#6800 = ORIENTED_EDGE('',*,*,#6785,.F.);
#6801 = ORIENTED_EDGE('',*,*,#523,.T.);
#6802 = ORIENTED_EDGE('',*,*,#6803,.T.);
#6803 = EDGE_CURVE('',#515,#6804,#6806,.T.);
#6804 = VERTEX_POINT('',#6805);
#6805 = CARTESIAN_POINT('',(49.306892565197,164.48717970223,1.7));
#6806 = LINE('',#6807,#6808);
#6807 = CARTESIAN_POINT('',(48.506892565197,164.48717970223,2.5));
#6808 = VECTOR('',#6809,1.);
#6809 = DIRECTION('',(0.707106781187,0.,-0.707106781187));
#6810 = ORIENTED_EDGE('',*,*,#6811,.T.);
#6811 = EDGE_CURVE('',#6804,#6777,#6812,.T.);
#6812 = LINE('',#6813,#6814);
#6813 = CARTESIAN_POINT('',(49.306892565197,135.80138824383,1.7));
#6814 = VECTOR('',#6815,1.);
#6815 = DIRECTION('',(0.,1.,0.));
#6816 = PLANE('',#6817);
#6817 = AXIS2_PLACEMENT_3D('',#6818,#6819,#6820);
#6818 = CARTESIAN_POINT('',(48.906892565197,135.80138824383,2.1));
#6819 = DIRECTION('',(0.707106781187,0.,0.707106781187));
#6820 = DIRECTION('',(0.707106781187,0.,-0.707106781187));
#6821 = ADVANCED_FACE('',(#6822),#6841,.F.);
#6822 = FACE_BOUND('',#6823,.F.);
#6823 = EDGE_LOOP('',(#6824,#6833,#6839,#6840));
#6824 = ORIENTED_EDGE('',*,*,#6825,.F.);
#6825 = EDGE_CURVE('',#6826,#6804,#6828,.T.);
#6826 = VERTEX_POINT('',#6827);
#6827 = CARTESIAN_POINT('',(50.185572221637,162.36585935867,1.7));
#6828 = CIRCLE('',#6829,3.);
#6829 = AXIS2_PLACEMENT_3D('',#6830,#6831,#6832);
#6830 = CARTESIAN_POINT('',(52.306892565197,164.48717970223,1.7));
#6831 = DIRECTION('',(0.,0.,-1.));
#6832 = DIRECTION('',(-0.707106781187,-0.707106781186,-0.));
#6833 = ORIENTED_EDGE('',*,*,#6834,.F.);
#6834 = EDGE_CURVE('',#507,#6826,#6835,.T.);
#6835 = LINE('',#6836,#6837);
#6836 = CARTESIAN_POINT('',(49.619886796688,161.80017393372,2.5));
#6837 = VECTOR('',#6838,1.);
#6838 = DIRECTION('',(0.5,0.5,-0.707106781187));
#6839 = ORIENTED_EDGE('',*,*,#514,.F.);
#6840 = ORIENTED_EDGE('',*,*,#6803,.T.);
#6841 = CONICAL_SURFACE('',#6842,3.4,0.785398163397);
#6842 = AXIS2_PLACEMENT_3D('',#6843,#6844,#6845);
#6843 = CARTESIAN_POINT('',(52.306892565197,164.48717970223,2.1));
#6844 = DIRECTION('',(0.,0.,1.));
#6845 = DIRECTION('',(-0.707106781187,-0.707106781186,0.));
#6846 = ADVANCED_FACE('',(#6847),#6865,.T.);
#6847 = FACE_BOUND('',#6848,.T.);
#6848 = EDGE_LOOP('',(#6849,#6850,#6851,#6859));
#6849 = ORIENTED_EDGE('',*,*,#6834,.F.);
#6850 = ORIENTED_EDGE('',*,*,#506,.T.);
#6851 = ORIENTED_EDGE('',*,*,#6852,.T.);
#6852 = EDGE_CURVE('',#498,#6853,#6855,.T.);
#6853 = VERTEX_POINT('',#6854);
#6854 = CARTESIAN_POINT('',(56.896983645462,155.65444793485,1.7));
#6855 = LINE('',#6856,#6857);
#6856 = CARTESIAN_POINT('',(56.331298220512,155.0887625099,2.5));
#6857 = VECTOR('',#6858,1.);
#6858 = DIRECTION('',(0.5,0.5,-0.707106781187));
#6859 = ORIENTED_EDGE('',*,*,#6860,.T.);
#6860 = EDGE_CURVE('',#6853,#6826,#6861,.T.);
#6861 = LINE('',#6862,#6863);
#6862 = CARTESIAN_POINT('',(61.021939108759,151.52949247155,1.7));
#6863 = VECTOR('',#6864,1.);
#6864 = DIRECTION('',(-0.707106781187,0.707106781187,0.));
#6865 = PLANE('',#6866);
#6866 = AXIS2_PLACEMENT_3D('',#6867,#6868,#6869);
#6867 = CARTESIAN_POINT('',(60.739096396285,151.24664975907,2.1));
#6868 = DIRECTION('',(0.5,0.5,0.707106781187));
#6869 = DIRECTION('',(0.816496580928,-3.053113317719E-16,-0.57735026919)
  );
#6870 = ADVANCED_FACE('',(#6871),#6890,.T.);
#6871 = FACE_BOUND('',#6872,.T.);
#6872 = EDGE_LOOP('',(#6873,#6874,#6875,#6883));
#6873 = ORIENTED_EDGE('',*,*,#6852,.F.);
#6874 = ORIENTED_EDGE('',*,*,#497,.T.);
#6875 = ORIENTED_EDGE('',*,*,#6876,.T.);
#6876 = EDGE_CURVE('',#490,#6877,#6879,.T.);
#6877 = VERTEX_POINT('',#6878);
#6878 = CARTESIAN_POINT('',(57.775663301902,153.53312759129,1.7));
#6879 = LINE('',#6880,#6881);
#6880 = CARTESIAN_POINT('',(56.975663301902,153.53312759129,2.5));
#6881 = VECTOR('',#6882,1.);
#6882 = DIRECTION('',(0.707106781187,-1.570092458684E-14,-0.707106781187
    ));
#6883 = ORIENTED_EDGE('',*,*,#6884,.T.);
#6884 = EDGE_CURVE('',#6877,#6853,#6885,.T.);
#6885 = CIRCLE('',#6886,3.);
#6886 = AXIS2_PLACEMENT_3D('',#6887,#6888,#6889);
#6887 = CARTESIAN_POINT('',(54.775663301902,153.53312759129,1.7));
#6888 = DIRECTION('',(0.,0.,1.));
#6889 = DIRECTION('',(1.,-2.368475785867E-14,0.));
#6890 = CONICAL_SURFACE('',#6891,2.6,0.785398163397);
#6891 = AXIS2_PLACEMENT_3D('',#6892,#6893,#6894);
#6892 = CARTESIAN_POINT('',(54.775663301902,153.53312759129,2.1));
#6893 = DIRECTION('',(0.,0.,-1.));
#6894 = DIRECTION('',(1.,-2.368475785867E-14,0.));
#6895 = ADVANCED_FACE('',(#6896),#6914,.T.);
#6896 = FACE_BOUND('',#6897,.T.);
#6897 = EDGE_LOOP('',(#6898,#6899,#6900,#6908));
#6898 = ORIENTED_EDGE('',*,*,#6876,.F.);
#6899 = ORIENTED_EDGE('',*,*,#489,.T.);
#6900 = ORIENTED_EDGE('',*,*,#6901,.T.);
#6901 = EDGE_CURVE('',#481,#6902,#6904,.T.);
#6902 = VERTEX_POINT('',#6903);
#6903 = CARTESIAN_POINT('',(57.775663301902,148.44981203882,1.7));
#6904 = LINE('',#6905,#6906);
#6905 = CARTESIAN_POINT('',(56.975663301902,148.44981203882,2.5));
#6906 = VECTOR('',#6907,1.);
#6907 = DIRECTION('',(0.707106781187,0.,-0.707106781187));
#6908 = ORIENTED_EDGE('',*,*,#6909,.T.);
#6909 = EDGE_CURVE('',#6902,#6877,#6910,.T.);
#6910 = LINE('',#6911,#6912);
#6911 = CARTESIAN_POINT('',(57.775663301902,125.62788941539,1.7));
#6912 = VECTOR('',#6913,1.);
#6913 = DIRECTION('',(0.,1.,0.));
#6914 = PLANE('',#6915);
#6915 = AXIS2_PLACEMENT_3D('',#6916,#6917,#6918);
#6916 = CARTESIAN_POINT('',(57.375663301902,125.62788941539,2.1));
#6917 = DIRECTION('',(0.707106781187,0.,0.707106781187));
#6918 = DIRECTION('',(0.707106781187,0.,-0.707106781187));
#6919 = ADVANCED_FACE('',(#6920),#6939,.T.);
#6920 = FACE_BOUND('',#6921,.T.);
#6921 = EDGE_LOOP('',(#6922,#6923,#6924,#6932));
#6922 = ORIENTED_EDGE('',*,*,#6901,.F.);
#6923 = ORIENTED_EDGE('',*,*,#480,.T.);
#6924 = ORIENTED_EDGE('',*,*,#6925,.T.);
#6925 = EDGE_CURVE('',#473,#6926,#6928,.T.);
#6926 = VERTEX_POINT('',#6927);
#6927 = CARTESIAN_POINT('',(56.766789658243,146.20583881414,1.7));
#6928 = LINE('',#6929,#6930);
#6929 = CARTESIAN_POINT('',(56.235822629885,146.80423167405,2.5));
#6930 = VECTOR('',#6931,1.);
#6931 = DIRECTION('',(0.469312982923,-0.528909561324,-0.707106781187));
#6932 = ORIENTED_EDGE('',*,*,#6933,.T.);
#6933 = EDGE_CURVE('',#6926,#6902,#6934,.T.);
#6934 = CIRCLE('',#6935,3.);
#6935 = AXIS2_PLACEMENT_3D('',#6936,#6937,#6938);
#6936 = CARTESIAN_POINT('',(54.775663301902,148.44981203882,1.7));
#6937 = DIRECTION('',(0.,0.,1.));
#6938 = DIRECTION('',(0.663708785447,-0.747991074894,0.));
#6939 = CONICAL_SURFACE('',#6940,2.6,0.785398163397);
#6940 = AXIS2_PLACEMENT_3D('',#6941,#6942,#6943);
#6941 = CARTESIAN_POINT('',(54.775663301902,148.44981203882,2.1));
#6942 = DIRECTION('',(0.,0.,-1.));
#6943 = DIRECTION('',(0.663708785447,-0.747991074894,0.));
#6944 = ADVANCED_FACE('',(#6945),#6963,.T.);
#6945 = FACE_BOUND('',#6946,.T.);
#6946 = EDGE_LOOP('',(#6947,#6948,#6949,#6957));
#6947 = ORIENTED_EDGE('',*,*,#6925,.F.);
#6948 = ORIENTED_EDGE('',*,*,#472,.T.);
#6949 = ORIENTED_EDGE('',*,*,#6950,.T.);
#6950 = EDGE_CURVE('',#464,#6951,#6953,.T.);
#6951 = VERTEX_POINT('',#6952);
#6952 = CARTESIAN_POINT('',(51.965036443089,141.94513851783,1.7));
#6953 = LINE('',#6954,#6955);
#6954 = CARTESIAN_POINT('',(51.434069414732,142.54353137774,2.5));
#6955 = VECTOR('',#6956,1.);
#6956 = DIRECTION('',(0.469312982922,-0.528909561325,-0.707106781187));
#6957 = ORIENTED_EDGE('',*,*,#6958,.T.);
#6958 = EDGE_CURVE('',#6951,#6926,#6959,.T.);
#6959 = LINE('',#6960,#6961);
#6960 = CARTESIAN_POINT('',(36.933084755383,128.60696011919,1.7));
#6961 = VECTOR('',#6962,1.);
#6962 = DIRECTION('',(0.747991074895,0.663708785446,0.));
#6963 = PLANE('',#6964);
#6964 = AXIS2_PLACEMENT_3D('',#6965,#6966,#6967);
#6965 = CARTESIAN_POINT('',(36.667601241205,128.90615654915,2.1));
#6966 = DIRECTION('',(0.469312982922,-0.528909561325,0.707106781187));
#6967 = DIRECTION('',(0.833185990511,-1.942890293094E-16,-0.552992861813
    ));
#6968 = ADVANCED_FACE('',(#6969),#6988,.F.);
#6969 = FACE_BOUND('',#6970,.F.);
#6970 = EDGE_LOOP('',(#6971,#6980,#6986,#6987));
#6971 = ORIENTED_EDGE('',*,*,#6972,.F.);
#6972 = EDGE_CURVE('',#6973,#6951,#6975,.T.);
#6973 = VERTEX_POINT('',#6974);
#6974 = CARTESIAN_POINT('',(50.956162799426,139.70116529314,1.7));
#6975 = CIRCLE('',#6976,3.);
#6976 = AXIS2_PLACEMENT_3D('',#6977,#6978,#6979);
#6977 = CARTESIAN_POINT('',(53.956162799426,139.70116529314,1.7));
#6978 = DIRECTION('',(0.,0.,-1.));
#6979 = DIRECTION('',(-1.,3.005003653319E-13,0.));
#6980 = ORIENTED_EDGE('',*,*,#6981,.F.);
#6981 = EDGE_CURVE('',#456,#6973,#6982,.T.);
#6982 = LINE('',#6983,#6984);
#6983 = CARTESIAN_POINT('',(50.156162799426,139.70116529314,2.5));
#6984 = VECTOR('',#6985,1.);
#6985 = DIRECTION('',(0.707106781187,-2.119624819223E-13,-0.707106781187
    ));
#6986 = ORIENTED_EDGE('',*,*,#463,.F.);
#6987 = ORIENTED_EDGE('',*,*,#6950,.T.);
#6988 = CONICAL_SURFACE('',#6989,3.4,0.785398163397);
#6989 = AXIS2_PLACEMENT_3D('',#6990,#6991,#6992);
#6990 = CARTESIAN_POINT('',(53.956162799426,139.70116529314,2.1));
#6991 = DIRECTION('',(0.,0.,1.));
#6992 = DIRECTION('',(-1.,3.005003653319E-13,0.));
#6993 = ADVANCED_FACE('',(#6994),#7012,.T.);
#6994 = FACE_BOUND('',#6995,.T.);
#6995 = EDGE_LOOP('',(#6996,#6997,#6998,#7006));
#6996 = ORIENTED_EDGE('',*,*,#6981,.F.);
#6997 = ORIENTED_EDGE('',*,*,#455,.T.);
#6998 = ORIENTED_EDGE('',*,*,#6999,.T.);
#6999 = EDGE_CURVE('',#447,#7000,#7002,.T.);
#7000 = VERTEX_POINT('',#7001);
#7001 = CARTESIAN_POINT('',(50.956162799426,79.866761892088,1.7));
#7002 = LINE('',#7003,#7004);
#7003 = CARTESIAN_POINT('',(50.156162799426,79.866761892088,2.5));
#7004 = VECTOR('',#7005,1.);
#7005 = DIRECTION('',(0.707106781187,3.925231146709E-15,-0.707106781187)
  );
#7006 = ORIENTED_EDGE('',*,*,#7007,.T.);
#7007 = EDGE_CURVE('',#7000,#6973,#7008,.T.);
#7008 = LINE('',#7009,#7010);
#7009 = CARTESIAN_POINT('',(50.956162799426,118.71190826632,1.7));
#7010 = VECTOR('',#7011,1.);
#7011 = DIRECTION('',(0.,1.,0.));
#7012 = PLANE('',#7013);
#7013 = AXIS2_PLACEMENT_3D('',#7014,#7015,#7016);
#7014 = CARTESIAN_POINT('',(50.556162799426,118.71190826632,2.1));
#7015 = DIRECTION('',(0.707106781187,0.,0.707106781187));
#7016 = DIRECTION('',(0.707106781187,0.,-0.707106781187));
#7017 = ADVANCED_FACE('',(#7018),#7037,.F.);
#7018 = FACE_BOUND('',#7019,.F.);
#7019 = EDGE_LOOP('',(#7020,#7029,#7035,#7036));
#7020 = ORIENTED_EDGE('',*,*,#7021,.F.);
#7021 = EDGE_CURVE('',#7022,#7000,#7024,.T.);
#7022 = VERTEX_POINT('',#7023);
#7023 = CARTESIAN_POINT('',(51.965036443089,77.622788667405,1.7));
#7024 = CIRCLE('',#7025,3.);
#7025 = AXIS2_PLACEMENT_3D('',#7026,#7027,#7028);
#7026 = CARTESIAN_POINT('',(53.956162799426,79.866761892089,1.7));
#7027 = DIRECTION('',(0.,0.,-1.));
#7028 = DIRECTION('',(-0.663708785446,-0.747991074895,-0.));
#7029 = ORIENTED_EDGE('',*,*,#7030,.F.);
#7030 = EDGE_CURVE('',#439,#7022,#7031,.T.);
#7031 = LINE('',#7032,#7033);
#7032 = CARTESIAN_POINT('',(51.434069414732,77.024395807489,2.5));
#7033 = VECTOR('',#7034,1.);
#7034 = DIRECTION('',(0.469312982922,0.528909561325,-0.707106781187));
#7035 = ORIENTED_EDGE('',*,*,#446,.F.);
#7036 = ORIENTED_EDGE('',*,*,#6999,.T.);
#7037 = CONICAL_SURFACE('',#7038,3.4,0.785398163397);
#7038 = AXIS2_PLACEMENT_3D('',#7039,#7040,#7041);
#7039 = CARTESIAN_POINT('',(53.956162799426,79.866761892089,2.1));
#7040 = DIRECTION('',(0.,0.,1.));
#7041 = DIRECTION('',(-0.663708785446,-0.747991074895,0.));
#7042 = ADVANCED_FACE('',(#7043),#7061,.T.);
#7043 = FACE_BOUND('',#7044,.T.);
#7044 = EDGE_LOOP('',(#7045,#7046,#7047,#7055));
#7045 = ORIENTED_EDGE('',*,*,#7030,.F.);
#7046 = ORIENTED_EDGE('',*,*,#438,.T.);
#7047 = ORIENTED_EDGE('',*,*,#7048,.T.);
#7048 = EDGE_CURVE('',#430,#7049,#7051,.T.);
#7049 = VERTEX_POINT('',#7050);
#7050 = CARTESIAN_POINT('',(56.766789658243,73.362088371097,1.7));
#7051 = LINE('',#7052,#7053);
#7052 = CARTESIAN_POINT('',(56.235822629886,72.763695511181,2.5));
#7053 = VECTOR('',#7054,1.);
#7054 = DIRECTION('',(0.469312982922,0.528909561325,-0.707106781187));
#7055 = ORIENTED_EDGE('',*,*,#7056,.T.);
#7056 = EDGE_CURVE('',#7049,#7022,#7057,.T.);
#7057 = LINE('',#7058,#7059);
#7058 = CARTESIAN_POINT('',(40.520025532191,87.77819632672,1.7));
#7059 = VECTOR('',#7060,1.);
#7060 = DIRECTION('',(-0.747991074895,0.663708785446,0.));
#7061 = PLANE('',#7062);
#7062 = AXIS2_PLACEMENT_3D('',#7063,#7064,#7065);
#7063 = CARTESIAN_POINT('',(40.254542018012,87.478999896762,2.1));
#7064 = DIRECTION('',(0.469312982922,0.528909561325,0.707106781187));
#7065 = DIRECTION('',(0.833185990511,-2.498001805407E-16,-0.552992861813
    ));
#7066 = ADVANCED_FACE('',(#7067),#7086,.T.);
#7067 = FACE_BOUND('',#7068,.T.);
#7068 = EDGE_LOOP('',(#7069,#7070,#7071,#7079));
#7069 = ORIENTED_EDGE('',*,*,#7048,.F.);
#7070 = ORIENTED_EDGE('',*,*,#429,.T.);
#7071 = ORIENTED_EDGE('',*,*,#7072,.T.);
#7072 = EDGE_CURVE('',#422,#7073,#7075,.T.);
#7073 = VERTEX_POINT('',#7074);
#7074 = CARTESIAN_POINT('',(57.775663301902,71.118115146415,1.7));
#7075 = LINE('',#7076,#7077);
#7076 = CARTESIAN_POINT('',(56.975663301902,71.118115146415,2.5));
#7077 = VECTOR('',#7078,1.);
#7078 = DIRECTION('',(0.707106781187,-3.532708032038E-13,-0.707106781187
    ));
#7079 = ORIENTED_EDGE('',*,*,#7080,.T.);
#7080 = EDGE_CURVE('',#7073,#7049,#7081,.T.);
#7081 = CIRCLE('',#7082,2.999999999999);
#7082 = AXIS2_PLACEMENT_3D('',#7083,#7084,#7085);
#7083 = CARTESIAN_POINT('',(54.775663301902,71.118115146416,1.7));
#7084 = DIRECTION('',(0.,0.,1.));
#7085 = DIRECTION('',(1.,-4.988602123983E-13,0.));
#7086 = CONICAL_SURFACE('',#7087,2.599999999999,0.785398163397);
#7087 = AXIS2_PLACEMENT_3D('',#7088,#7089,#7090);
#7088 = CARTESIAN_POINT('',(54.775663301902,71.118115146416,2.1));
#7089 = DIRECTION('',(0.,0.,-1.));
#7090 = DIRECTION('',(1.,-4.988602123983E-13,0.));
#7091 = ADVANCED_FACE('',(#7092),#7110,.T.);
#7092 = FACE_BOUND('',#7093,.T.);
#7093 = EDGE_LOOP('',(#7094,#7095,#7096,#7104));
#7094 = ORIENTED_EDGE('',*,*,#7072,.F.);
#7095 = ORIENTED_EDGE('',*,*,#421,.T.);
#7096 = ORIENTED_EDGE('',*,*,#7097,.T.);
#7097 = EDGE_CURVE('',#413,#7098,#7100,.T.);
#7098 = VERTEX_POINT('',#7099);
#7099 = CARTESIAN_POINT('',(57.775663301902,66.034799593947,1.7));
#7100 = LINE('',#7101,#7102);
#7101 = CARTESIAN_POINT('',(56.975663301902,66.034799593947,2.5));
#7102 = VECTOR('',#7103,1.);
#7103 = DIRECTION('',(0.707106781187,0.,-0.707106781187));
#7104 = ORIENTED_EDGE('',*,*,#7105,.T.);
#7105 = EDGE_CURVE('',#7098,#7073,#7106,.T.);
#7106 = LINE('',#7107,#7108);
#7107 = CARTESIAN_POINT('',(57.775663301902,84.420383192958,1.7));
#7108 = VECTOR('',#7109,1.);
#7109 = DIRECTION('',(0.,1.,0.));
#7110 = PLANE('',#7111);
#7111 = AXIS2_PLACEMENT_3D('',#7112,#7113,#7114);
#7112 = CARTESIAN_POINT('',(57.375663301902,84.420383192958,2.1));
#7113 = DIRECTION('',(0.707106781187,0.,0.707106781187));
#7114 = DIRECTION('',(0.707106781187,0.,-0.707106781187));
#7115 = ADVANCED_FACE('',(#7116),#7135,.T.);
#7116 = FACE_BOUND('',#7117,.T.);
#7117 = EDGE_LOOP('',(#7118,#7119,#7120,#7128));
#7118 = ORIENTED_EDGE('',*,*,#7097,.F.);
#7119 = ORIENTED_EDGE('',*,*,#412,.T.);
#7120 = ORIENTED_EDGE('',*,*,#7121,.T.);
#7121 = EDGE_CURVE('',#405,#7122,#7124,.T.);
#7122 = VERTEX_POINT('',#7123);
#7123 = CARTESIAN_POINT('',(56.896983645462,63.913479250388,1.7));
#7124 = LINE('',#7125,#7126);
#7125 = CARTESIAN_POINT('',(56.331298220512,64.479164675337,2.5));
#7126 = VECTOR('',#7127,1.);
#7127 = DIRECTION('',(0.5,-0.5,-0.707106781187));
#7128 = ORIENTED_EDGE('',*,*,#7129,.T.);
#7129 = EDGE_CURVE('',#7122,#7098,#7130,.T.);
#7130 = CIRCLE('',#7131,3.);
#7131 = AXIS2_PLACEMENT_3D('',#7132,#7133,#7134);
#7132 = CARTESIAN_POINT('',(54.775663301902,66.034799593947,1.7));
#7133 = DIRECTION('',(0.,0.,1.));
#7134 = DIRECTION('',(0.707106781187,-0.707106781186,0.));
#7135 = CONICAL_SURFACE('',#7136,2.6,0.785398163397);
#7136 = AXIS2_PLACEMENT_3D('',#7137,#7138,#7139);
#7137 = CARTESIAN_POINT('',(54.775663301902,66.034799593947,2.1));
#7138 = DIRECTION('',(0.,0.,-1.));
#7139 = DIRECTION('',(0.707106781187,-0.707106781186,0.));
#7140 = ADVANCED_FACE('',(#7141),#7159,.T.);
#7141 = FACE_BOUND('',#7142,.T.);
#7142 = EDGE_LOOP('',(#7143,#7144,#7145,#7153));
#7143 = ORIENTED_EDGE('',*,*,#7121,.F.);
#7144 = ORIENTED_EDGE('',*,*,#404,.T.);
#7145 = ORIENTED_EDGE('',*,*,#7146,.T.);
#7146 = EDGE_CURVE('',#396,#7147,#7149,.T.);
#7147 = VERTEX_POINT('',#7148);
#7148 = CARTESIAN_POINT('',(49.185572221637,56.202067826563,1.7));
#7149 = LINE('',#7150,#7151);
#7150 = CARTESIAN_POINT('',(48.619886796688,56.767753251512,2.5));
#7151 = VECTOR('',#7152,1.);
#7152 = DIRECTION('',(0.5,-0.5,-0.707106781187));
#7153 = ORIENTED_EDGE('',*,*,#7154,.T.);
#7154 = EDGE_CURVE('',#7147,#7122,#7155,.T.);
#7155 = LINE('',#7156,#7157);
#7156 = CARTESIAN_POINT('',(58.346988644113,65.363484249039,1.7));
#7157 = VECTOR('',#7158,1.);
#7158 = DIRECTION('',(0.707106781187,0.707106781187,0.));
#7159 = PLANE('',#7160);
#7160 = AXIS2_PLACEMENT_3D('',#7161,#7162,#7163);
#7161 = CARTESIAN_POINT('',(58.064145931638,65.646326961513,2.1));
#7162 = DIRECTION('',(0.5,-0.5,0.707106781187));
#7163 = DIRECTION('',(0.816496580928,-1.110223024625E-16,-0.57735026919)
  );
#7164 = ADVANCED_FACE('',(#7165),#7184,.F.);
#7165 = FACE_BOUND('',#7166,.F.);
#7166 = EDGE_LOOP('',(#7167,#7176,#7182,#7183));
#7167 = ORIENTED_EDGE('',*,*,#7168,.F.);
#7168 = EDGE_CURVE('',#7169,#7147,#7171,.T.);
#7169 = VERTEX_POINT('',#7170);
#7170 = CARTESIAN_POINT('',(48.306892565197,54.080747483003,1.7));
#7171 = CIRCLE('',#7172,3.);
#7172 = AXIS2_PLACEMENT_3D('',#7173,#7174,#7175);
#7173 = CARTESIAN_POINT('',(51.306892565197,54.080747483003,1.7));
#7174 = DIRECTION('',(0.,0.,-1.));
#7175 = DIRECTION('',(-1.,-9.177843670235E-14,-0.));
#7176 = ORIENTED_EDGE('',*,*,#7177,.F.);
#7177 = EDGE_CURVE('',#388,#7169,#7178,.T.);
#7178 = LINE('',#7179,#7180);
#7179 = CARTESIAN_POINT('',(47.506892565197,54.080747483003,2.5));
#7180 = VECTOR('',#7181,1.);
#7181 = DIRECTION('',(0.707106781187,6.280369834735E-14,-0.707106781187)
  );
#7182 = ORIENTED_EDGE('',*,*,#395,.F.);
#7183 = ORIENTED_EDGE('',*,*,#7146,.T.);
#7184 = CONICAL_SURFACE('',#7185,3.4,0.785398163397);
#7185 = AXIS2_PLACEMENT_3D('',#7186,#7187,#7188);
#7186 = CARTESIAN_POINT('',(51.306892565197,54.080747483003,2.1));
#7187 = DIRECTION('',(0.,0.,1.));
#7188 = DIRECTION('',(-1.,-9.177843670235E-14,0.));
#7189 = ADVANCED_FACE('',(#7190),#7208,.T.);
#7190 = FACE_BOUND('',#7191,.T.);
#7191 = EDGE_LOOP('',(#7192,#7193,#7194,#7202));
#7192 = ORIENTED_EDGE('',*,*,#7177,.F.);
#7193 = ORIENTED_EDGE('',*,*,#387,.T.);
#7194 = ORIENTED_EDGE('',*,*,#7195,.T.);
#7195 = EDGE_CURVE('',#379,#7196,#7198,.T.);
#7196 = VERTEX_POINT('',#7197);
#7197 = CARTESIAN_POINT('',(48.306892565197,3.,1.7));
#7198 = LINE('',#7199,#7200);
#7199 = CARTESIAN_POINT('',(47.506892565197,3.,2.5));
#7200 = VECTOR('',#7201,1.);
#7201 = DIRECTION('',(0.707106781187,0.,-0.707106781187));
#7202 = ORIENTED_EDGE('',*,*,#7203,.T.);
#7203 = EDGE_CURVE('',#7196,#7169,#7204,.T.);
#7204 = LINE('',#7205,#7206);
#7205 = CARTESIAN_POINT('',(48.306892565197,75.901699361252,1.7));
#7206 = VECTOR('',#7207,1.);
#7207 = DIRECTION('',(1.304080005871E-16,1.,0.));
#7208 = PLANE('',#7209);
#7209 = AXIS2_PLACEMENT_3D('',#7210,#7211,#7212);
#7210 = CARTESIAN_POINT('',(47.906892565197,75.901699361252,2.1));
#7211 = DIRECTION('',(0.707106781187,-9.221238153609E-17,0.707106781187)
  );
#7212 = DIRECTION('',(0.707106781187,-6.162975822039E-33,-0.707106781187
    ));
#7213 = ADVANCED_FACE('',(#7214),#7233,.T.);
#7214 = FACE_BOUND('',#7215,.T.);
#7215 = EDGE_LOOP('',(#7216,#7217,#7218,#7226));
#7216 = ORIENTED_EDGE('',*,*,#7195,.F.);
#7217 = ORIENTED_EDGE('',*,*,#378,.T.);
#7218 = ORIENTED_EDGE('',*,*,#7219,.T.);
#7219 = EDGE_CURVE('',#371,#7220,#7222,.T.);
#7220 = VERTEX_POINT('',#7221);
#7221 = CARTESIAN_POINT('',(45.306892565197,2.273736754432E-13,1.7));
#7222 = LINE('',#7223,#7224);
#7223 = CARTESIAN_POINT('',(45.306892565197,0.8,2.5));
#7224 = VECTOR('',#7225,1.);
#7225 = DIRECTION('',(3.925231146709E-15,-0.707106781187,-0.707106781187
    ));
#7226 = ORIENTED_EDGE('',*,*,#7227,.T.);
#7227 = EDGE_CURVE('',#7220,#7196,#7228,.T.);
#7228 = CIRCLE('',#7229,3.);
#7229 = AXIS2_PLACEMENT_3D('',#7230,#7231,#7232);
#7230 = CARTESIAN_POINT('',(45.306892565197,3.,1.7));
#7231 = DIRECTION('',(0.,0.,1.));
#7232 = DIRECTION('',(4.440892098501E-15,-1.,0.));
#7233 = CONICAL_SURFACE('',#7234,2.6,0.785398163397);
#7234 = AXIS2_PLACEMENT_3D('',#7235,#7236,#7237);
#7235 = CARTESIAN_POINT('',(45.306892565197,3.,2.1));
#7236 = DIRECTION('',(0.,0.,-1.));
#7237 = DIRECTION('',(4.440892098501E-15,-1.,0.));
#7238 = ADVANCED_FACE('',(#7239),#7257,.T.);
#7239 = FACE_BOUND('',#7240,.T.);
#7240 = EDGE_LOOP('',(#7241,#7242,#7243,#7251));
#7241 = ORIENTED_EDGE('',*,*,#7219,.F.);
#7242 = ORIENTED_EDGE('',*,*,#370,.T.);
#7243 = ORIENTED_EDGE('',*,*,#7244,.T.);
#7244 = EDGE_CURVE('',#362,#7245,#7247,.T.);
#7245 = VERTEX_POINT('',#7246);
#7246 = CARTESIAN_POINT('',(41.832066098206,2.273736754432E-13,1.7));
#7247 = LINE('',#7248,#7249);
#7248 = CARTESIAN_POINT('',(41.832066098206,0.8,2.5));
#7249 = VECTOR('',#7250,1.);
#7250 = DIRECTION('',(0.,-0.707106781187,-0.707106781187));
#7251 = ORIENTED_EDGE('',*,*,#7252,.T.);
#7252 = EDGE_CURVE('',#7245,#7220,#7253,.T.);
#7253 = LINE('',#7254,#7255);
#7254 = CARTESIAN_POINT('',(37.097362108074,2.273736754432E-13,1.7));
#7255 = VECTOR('',#7256,1.);
#7256 = DIRECTION('',(1.,0.,0.));
#7257 = PLANE('',#7258);
#7258 = AXIS2_PLACEMENT_3D('',#7259,#7260,#7261);
#7259 = CARTESIAN_POINT('',(37.097362108074,0.4,2.1));
#7260 = DIRECTION('',(0.,-0.707106781187,0.707106781187));
#7261 = DIRECTION('',(1.,0.,0.));
#7262 = ADVANCED_FACE('',(#7263),#7282,.T.);
#7263 = FACE_BOUND('',#7264,.T.);
#7264 = EDGE_LOOP('',(#7265,#7266,#7267,#7275));
#7265 = ORIENTED_EDGE('',*,*,#7244,.F.);
#7266 = ORIENTED_EDGE('',*,*,#361,.T.);
#7267 = ORIENTED_EDGE('',*,*,#7268,.T.);
#7268 = EDGE_CURVE('',#354,#7269,#7271,.T.);
#7269 = VERTEX_POINT('',#7270);
#7270 = CARTESIAN_POINT('',(39.548783732633,1.054075633778,1.7));
#7271 = LINE('',#7272,#7273);
#7272 = CARTESIAN_POINT('',(40.157659030119,1.572988798104,2.5));
#7273 = VECTOR('',#7274,1.);
#7274 = DIRECTION('',(-0.538174814687,-0.458658771677,-0.707106781187));
#7275 = ORIENTED_EDGE('',*,*,#7276,.T.);
#7276 = EDGE_CURVE('',#7269,#7245,#7277,.T.);
#7277 = CIRCLE('',#7278,2.999999999999);
#7278 = AXIS2_PLACEMENT_3D('',#7279,#7280,#7281);
#7279 = CARTESIAN_POINT('',(41.832066098207,2.999999999999,1.7));
#7280 = DIRECTION('',(0.,0.,1.));
#7281 = DIRECTION('',(-0.761094121858,-0.648641455407,0.));
#7282 = CONICAL_SURFACE('',#7283,2.599999999999,0.785398163397);
#7283 = AXIS2_PLACEMENT_3D('',#7284,#7285,#7286);
#7284 = CARTESIAN_POINT('',(41.832066098207,2.999999999999,2.1));
#7285 = DIRECTION('',(0.,0.,-1.));
#7286 = DIRECTION('',(-0.761094121858,-0.648641455407,-0.));
#7287 = ADVANCED_FACE('',(#7288),#7306,.T.);
#7288 = FACE_BOUND('',#7289,.T.);
#7289 = EDGE_LOOP('',(#7290,#7291,#7292,#7300));
#7290 = ORIENTED_EDGE('',*,*,#7268,.F.);
#7291 = ORIENTED_EDGE('',*,*,#353,.T.);
#7292 = ORIENTED_EDGE('',*,*,#7293,.T.);
#7293 = EDGE_CURVE('',#345,#7294,#7296,.T.);
#7294 = VERTEX_POINT('',#7295);
#7295 = CARTESIAN_POINT('',(30.410019894667,11.777194515774,1.7));
#7296 = LINE('',#7297,#7298);
#7297 = CARTESIAN_POINT('',(31.018895192154,12.2961076801,2.5));
#7298 = VECTOR('',#7299,1.);
#7299 = DIRECTION('',(-0.538174814687,-0.458658771677,-0.707106781187));
#7300 = ORIENTED_EDGE('',*,*,#7301,.T.);
#7301 = EDGE_CURVE('',#7294,#7269,#7302,.T.);
#7302 = LINE('',#7303,#7304);
#7303 = CARTESIAN_POINT('',(13.444526149901,31.683935683668,1.7));
#7304 = VECTOR('',#7305,1.);
#7305 = DIRECTION('',(0.648641455407,-0.761094121858,0.));
#7306 = PLANE('',#7307);
#7307 = AXIS2_PLACEMENT_3D('',#7308,#7309,#7310);
#7308 = CARTESIAN_POINT('',(13.748963798644,31.943392265831,2.1));
#7309 = DIRECTION('',(-0.538174814687,-0.458658771677,0.707106781187));
#7310 = DIRECTION('',(0.795742577202,2.775557561563E-17,0.605634998021)
  );
#7311 = ADVANCED_FACE('',(#7312),#7331,.F.);
#7312 = FACE_BOUND('',#7313,.F.);
#7313 = EDGE_LOOP('',(#7314,#7323,#7329,#7330));
#7314 = ORIENTED_EDGE('',*,*,#7315,.F.);
#7315 = EDGE_CURVE('',#7316,#7294,#7318,.T.);
#7316 = VERTEX_POINT('',#7317);
#7317 = CARTESIAN_POINT('',(27.365643407235,11.777194515774,1.7));
#7318 = CIRCLE('',#7319,2.);
#7319 = AXIS2_PLACEMENT_3D('',#7320,#7321,#7322);
#7320 = CARTESIAN_POINT('',(28.887831650951,10.479911604959,1.7));
#7321 = DIRECTION('',(0.,0.,-1.));
#7322 = DIRECTION('',(-4.614364446098E-14,1.,0.));
#7323 = ORIENTED_EDGE('',*,*,#7324,.F.);
#7324 = EDGE_CURVE('',#337,#7316,#7325,.T.);
#7325 = LINE('',#7326,#7327);
#7326 = CARTESIAN_POINT('',(26.756768109748,12.2961076801,2.5));
#7327 = VECTOR('',#7328,1.);
#7328 = DIRECTION('',(0.538174814687,-0.458658771677,-0.707106781187));
#7329 = ORIENTED_EDGE('',*,*,#344,.F.);
#7330 = ORIENTED_EDGE('',*,*,#7293,.T.);
#7331 = CONICAL_SURFACE('',#7332,2.4,0.785398163397);
#7332 = AXIS2_PLACEMENT_3D('',#7333,#7334,#7335);
#7333 = CARTESIAN_POINT('',(28.887831650951,10.479911604959,2.1));
#7334 = DIRECTION('',(0.,0.,1.));
#7335 = DIRECTION('',(-4.614364446098E-14,1.,0.));
#7336 = ADVANCED_FACE('',(#7337),#7355,.T.);
#7337 = FACE_BOUND('',#7338,.T.);
#7338 = EDGE_LOOP('',(#7339,#7347,#7353,#7354));
#7339 = ORIENTED_EDGE('',*,*,#7340,.T.);
#7340 = EDGE_CURVE('',#328,#7341,#7343,.T.);
#7341 = VERTEX_POINT('',#7342);
#7342 = CARTESIAN_POINT('',(18.226879569269,1.054075633778,1.7));
#7343 = LINE('',#7344,#7345);
#7344 = CARTESIAN_POINT('',(17.618004271782,1.572988798104,2.5));
#7345 = VECTOR('',#7346,1.);
#7346 = DIRECTION('',(0.538174814687,-0.458658771677,-0.707106781187));
#7347 = ORIENTED_EDGE('',*,*,#7348,.T.);
#7348 = EDGE_CURVE('',#7341,#7316,#7349,.T.);
#7349 = LINE('',#7350,#7351);
#7350 = CARTESIAN_POINT('',(48.900519070984,37.045495124666,1.7));
#7351 = VECTOR('',#7352,1.);
#7352 = DIRECTION('',(0.648641455407,0.761094121858,0.));
#7353 = ORIENTED_EDGE('',*,*,#7324,.F.);
#7354 = ORIENTED_EDGE('',*,*,#336,.T.);
#7355 = PLANE('',#7356);
#7356 = AXIS2_PLACEMENT_3D('',#7357,#7358,#7359);
#7357 = CARTESIAN_POINT('',(48.59608142224,37.304951706829,2.1));
#7358 = DIRECTION('',(0.538174814687,-0.458658771677,0.707106781187));
#7359 = DIRECTION('',(0.795742577202,-8.326672684689E-17,-0.605634998021
    ));
#7360 = ADVANCED_FACE('',(#7361),#7380,.T.);
#7361 = FACE_BOUND('',#7362,.T.);
#7362 = EDGE_LOOP('',(#7363,#7371,#7378,#7379));
#7363 = ORIENTED_EDGE('',*,*,#7364,.T.);
#7364 = EDGE_CURVE('',#320,#7365,#7367,.T.);
#7365 = VERTEX_POINT('',#7366);
#7366 = CARTESIAN_POINT('',(15.943597203695,2.273736754432E-13,1.7));
#7367 = LINE('',#7368,#7369);
#7368 = CARTESIAN_POINT('',(15.943597203695,0.8,2.5));
#7369 = VECTOR('',#7370,1.);
#7370 = DIRECTION('',(1.079438565345E-13,-0.707106781187,-0.707106781187
    ));
#7371 = ORIENTED_EDGE('',*,*,#7372,.T.);
#7372 = EDGE_CURVE('',#7365,#7341,#7373,.T.);
#7373 = CIRCLE('',#7374,2.999999999999);
#7374 = AXIS2_PLACEMENT_3D('',#7375,#7376,#7377);
#7375 = CARTESIAN_POINT('',(15.943597203695,2.999999999999,1.7));
#7376 = DIRECTION('',(0.,0.,1.));
#7377 = DIRECTION('',(0.761094121858,-0.648641455407,0.));
#7378 = ORIENTED_EDGE('',*,*,#7340,.F.);
#7379 = ORIENTED_EDGE('',*,*,#327,.T.);
#7380 = CONICAL_SURFACE('',#7381,2.599999999999,0.785398163397);
#7381 = AXIS2_PLACEMENT_3D('',#7382,#7383,#7384);
#7382 = CARTESIAN_POINT('',(15.943597203695,2.999999999999,2.1));
#7383 = DIRECTION('',(0.,0.,-1.));
#7384 = DIRECTION('',(0.761094121858,-0.648641455407,0.));
#7385 = ADVANCED_FACE('',(#7386),#7404,.T.);
#7386 = FACE_BOUND('',#7387,.T.);
#7387 = EDGE_LOOP('',(#7388,#7396,#7402,#7403));
#7388 = ORIENTED_EDGE('',*,*,#7389,.T.);
#7389 = EDGE_CURVE('',#311,#7390,#7392,.T.);
#7390 = VERTEX_POINT('',#7391);
#7391 = CARTESIAN_POINT('',(12.468770736705,2.273736754432E-13,1.7));
#7392 = LINE('',#7393,#7394);
#7393 = CARTESIAN_POINT('',(12.468770736705,0.8,2.5));
#7394 = VECTOR('',#7395,1.);
#7395 = DIRECTION('',(0.,-0.707106781187,-0.707106781187));
#7396 = ORIENTED_EDGE('',*,*,#7397,.T.);
#7397 = EDGE_CURVE('',#7390,#7365,#7398,.T.);
#7398 = LINE('',#7399,#7400);
#7399 = CARTESIAN_POINT('',(22.415714427323,2.273736754432E-13,1.7));
#7400 = VECTOR('',#7401,1.);
#7401 = DIRECTION('',(1.,0.,0.));
#7402 = ORIENTED_EDGE('',*,*,#7364,.F.);
#7403 = ORIENTED_EDGE('',*,*,#319,.T.);
#7404 = PLANE('',#7405);
#7405 = AXIS2_PLACEMENT_3D('',#7406,#7407,#7408);
#7406 = CARTESIAN_POINT('',(22.415714427323,0.4,2.1));
#7407 = DIRECTION('',(0.,-0.707106781187,0.707106781187));
#7408 = DIRECTION('',(1.,0.,0.));
#7409 = ADVANCED_FACE('',(#7410),#7429,.T.);
#7410 = FACE_BOUND('',#7411,.T.);
#7411 = EDGE_LOOP('',(#7412,#7420,#7427,#7428));
#7412 = ORIENTED_EDGE('',*,*,#7413,.T.);
#7413 = EDGE_CURVE('',#303,#7414,#7416,.T.);
#7414 = VERTEX_POINT('',#7415);
#7415 = CARTESIAN_POINT('',(9.468770736705,3.,1.7));
#7416 = LINE('',#7417,#7418);
#7417 = CARTESIAN_POINT('',(10.268770736705,3.,2.5));
#7418 = VECTOR('',#7419,1.);
#7419 = DIRECTION('',(-0.707106781187,0.,-0.707106781187));
#7420 = ORIENTED_EDGE('',*,*,#7421,.T.);
#7421 = EDGE_CURVE('',#7414,#7390,#7422,.T.);
#7422 = CIRCLE('',#7423,3.);
#7423 = AXIS2_PLACEMENT_3D('',#7424,#7425,#7426);
#7424 = CARTESIAN_POINT('',(12.468770736705,3.,1.7));
#7425 = DIRECTION('',(0.,0.,1.));
#7426 = DIRECTION('',(-4.440892098501E-15,-1.,0.));
#7427 = ORIENTED_EDGE('',*,*,#7389,.F.);
#7428 = ORIENTED_EDGE('',*,*,#310,.T.);
#7429 = CONICAL_SURFACE('',#7430,2.6,0.785398163397);
#7430 = AXIS2_PLACEMENT_3D('',#7431,#7432,#7433);
#7431 = CARTESIAN_POINT('',(12.468770736705,3.,2.1));
#7432 = DIRECTION('',(0.,0.,-1.));
#7433 = DIRECTION('',(-4.440892098501E-15,-1.,-0.));
#7434 = ADVANCED_FACE('',(#7435),#7453,.T.);
#7435 = FACE_BOUND('',#7436,.T.);
#7436 = EDGE_LOOP('',(#7437,#7445,#7451,#7452));
#7437 = ORIENTED_EDGE('',*,*,#7438,.T.);
#7438 = EDGE_CURVE('',#294,#7439,#7441,.T.);
#7439 = VERTEX_POINT('',#7440);
#7440 = CARTESIAN_POINT('',(9.468770736705,54.080747483003,1.7));
#7441 = LINE('',#7442,#7443);
#7442 = CARTESIAN_POINT('',(10.268770736705,54.080747483003,2.5));
#7443 = VECTOR('',#7444,1.);
#7444 = DIRECTION('',(-0.707106781187,0.,-0.707106781187));
#7445 = ORIENTED_EDGE('',*,*,#7446,.T.);
#7446 = EDGE_CURVE('',#7439,#7414,#7447,.T.);
#7447 = LINE('',#7448,#7449);
#7448 = CARTESIAN_POINT('',(9.468770736705,50.361325619751,1.7));
#7449 = VECTOR('',#7450,1.);
#7450 = DIRECTION('',(0.,-1.,0.));
#7451 = ORIENTED_EDGE('',*,*,#7413,.F.);
#7452 = ORIENTED_EDGE('',*,*,#302,.T.);
#7453 = PLANE('',#7454);
#7454 = AXIS2_PLACEMENT_3D('',#7455,#7456,#7457);
#7455 = CARTESIAN_POINT('',(9.868770736705,50.361325619751,2.1));
#7456 = DIRECTION('',(-0.707106781187,0.,0.707106781187));
#7457 = DIRECTION('',(0.707106781187,0.,0.707106781187));
#7458 = ADVANCED_FACE('',(#7459),#7478,.F.);
#7459 = FACE_BOUND('',#7460,.F.);
#7460 = EDGE_LOOP('',(#7461,#7462,#7463,#7472));
#7461 = ORIENTED_EDGE('',*,*,#293,.F.);
#7462 = ORIENTED_EDGE('',*,*,#7438,.T.);
#7463 = ORIENTED_EDGE('',*,*,#7464,.F.);
#7464 = EDGE_CURVE('',#7465,#7439,#7467,.T.);
#7465 = VERTEX_POINT('',#7466);
#7466 = CARTESIAN_POINT('',(8.590091080265,56.202067826563,1.7));
#7467 = CIRCLE('',#7468,3.);
#7468 = AXIS2_PLACEMENT_3D('',#7469,#7470,#7471);
#7469 = CARTESIAN_POINT('',(6.468770736705,54.080747483003,1.7));
#7470 = DIRECTION('',(0.,0.,-1.));
#7471 = DIRECTION('',(1.,-9.473903143468E-14,0.));
#7472 = ORIENTED_EDGE('',*,*,#7473,.F.);
#7473 = EDGE_CURVE('',#286,#7465,#7474,.T.);
#7474 = LINE('',#7475,#7476);
#7475 = CARTESIAN_POINT('',(9.155776505214,56.767753251512,2.5));
#7476 = VECTOR('',#7477,1.);
#7477 = DIRECTION('',(-0.5,-0.5,-0.707106781187));
#7478 = CONICAL_SURFACE('',#7479,3.4,0.785398163397);
#7479 = AXIS2_PLACEMENT_3D('',#7480,#7481,#7482);
#7480 = CARTESIAN_POINT('',(6.468770736705,54.080747483003,2.1));
#7481 = DIRECTION('',(0.,0.,1.));
#7482 = DIRECTION('',(1.,-9.473903143468E-14,0.));
#7483 = ADVANCED_FACE('',(#7484),#7502,.T.);
#7484 = FACE_BOUND('',#7485,.T.);
#7485 = EDGE_LOOP('',(#7486,#7494,#7500,#7501));
#7486 = ORIENTED_EDGE('',*,*,#7487,.T.);
#7487 = EDGE_CURVE('',#277,#7488,#7490,.T.);
#7488 = VERTEX_POINT('',#7489);
#7489 = CARTESIAN_POINT('',(0.87867965644,63.913479250388,1.7));
#7490 = LINE('',#7491,#7492);
#7491 = CARTESIAN_POINT('',(1.444365081389,64.479164675337,2.5));
#7492 = VECTOR('',#7493,1.);
#7493 = DIRECTION('',(-0.5,-0.5,-0.707106781187));
#7494 = ORIENTED_EDGE('',*,*,#7495,.T.);
#7495 = EDGE_CURVE('',#7488,#7465,#7496,.T.);
#7496 = LINE('',#7497,#7498);
#7497 = CARTESIAN_POINT('',(3.284380369701,61.507778537126,1.7));
#7498 = VECTOR('',#7499,1.);
#7499 = DIRECTION('',(0.707106781187,-0.707106781187,0.));
#7500 = ORIENTED_EDGE('',*,*,#7473,.F.);
#7501 = ORIENTED_EDGE('',*,*,#285,.T.);
#7502 = PLANE('',#7503);
#7503 = AXIS2_PLACEMENT_3D('',#7504,#7505,#7506);
#7504 = CARTESIAN_POINT('',(3.567223082176,61.790621249601,2.1));
#7505 = DIRECTION('',(-0.5,-0.5,0.707106781187));
#7506 = DIRECTION('',(0.816496580928,2.775557561563E-16,0.57735026919));
#7507 = ADVANCED_FACE('',(#7508),#7527,.T.);
#7508 = FACE_BOUND('',#7509,.T.);
#7509 = EDGE_LOOP('',(#7510,#7518,#7525,#7526));
#7510 = ORIENTED_EDGE('',*,*,#7511,.T.);
#7511 = EDGE_CURVE('',#269,#7512,#7514,.T.);
#7512 = VERTEX_POINT('',#7513);
#7513 = CARTESIAN_POINT('',(3.552713678801E-14,66.034799593947,1.7));
#7514 = LINE('',#7515,#7516);
#7515 = CARTESIAN_POINT('',(0.8,66.034799593947,2.5));
#7516 = VECTOR('',#7517,1.);
#7517 = DIRECTION('',(-0.707106781187,6.280369834735E-14,-0.707106781187
    ));
#7518 = ORIENTED_EDGE('',*,*,#7519,.T.);
#7519 = EDGE_CURVE('',#7512,#7488,#7520,.T.);
#7520 = CIRCLE('',#7521,3.);
#7521 = AXIS2_PLACEMENT_3D('',#7522,#7523,#7524);
#7522 = CARTESIAN_POINT('',(3.,66.034799593947,1.7));
#7523 = DIRECTION('',(0.,0.,1.));
#7524 = DIRECTION('',(-0.707106781187,-0.707106781186,0.));
#7525 = ORIENTED_EDGE('',*,*,#7487,.F.);
#7526 = ORIENTED_EDGE('',*,*,#276,.T.);
#7527 = CONICAL_SURFACE('',#7528,2.6,0.785398163397);
#7528 = AXIS2_PLACEMENT_3D('',#7529,#7530,#7531);
#7529 = CARTESIAN_POINT('',(3.,66.034799593947,2.1));
#7530 = DIRECTION('',(0.,0.,-1.));
#7531 = DIRECTION('',(-0.707106781187,-0.707106781186,-0.));
#7532 = ADVANCED_FACE('',(#7533),#7551,.T.);
#7533 = FACE_BOUND('',#7534,.T.);
#7534 = EDGE_LOOP('',(#7535,#7543,#7549,#7550));
#7535 = ORIENTED_EDGE('',*,*,#7536,.T.);
#7536 = EDGE_CURVE('',#260,#7537,#7539,.T.);
#7537 = VERTEX_POINT('',#7538);
#7538 = CARTESIAN_POINT('',(3.552713678801E-14,71.118115146415,1.7));
#7539 = LINE('',#7540,#7541);
#7540 = CARTESIAN_POINT('',(0.8,71.118115146415,2.5));
#7541 = VECTOR('',#7542,1.);
#7542 = DIRECTION('',(-0.707106781187,0.,-0.707106781187));
#7543 = ORIENTED_EDGE('',*,*,#7544,.T.);
#7544 = EDGE_CURVE('',#7537,#7512,#7545,.T.);
#7545 = LINE('',#7546,#7547);
#7546 = CARTESIAN_POINT('',(3.552713678801E-14,81.878725416724,1.7));
#7547 = VECTOR('',#7548,1.);
#7548 = DIRECTION('',(0.,-1.,0.));
#7549 = ORIENTED_EDGE('',*,*,#7511,.F.);
#7550 = ORIENTED_EDGE('',*,*,#268,.T.);
#7551 = PLANE('',#7552);
#7552 = AXIS2_PLACEMENT_3D('',#7553,#7554,#7555);
#7553 = CARTESIAN_POINT('',(0.4,81.878725416724,2.1));
#7554 = DIRECTION('',(-0.707106781187,0.,0.707106781187));
#7555 = DIRECTION('',(0.707106781187,0.,0.707106781187));
#7556 = ADVANCED_FACE('',(#7557),#7576,.T.);
#7557 = FACE_BOUND('',#7558,.T.);
#7558 = EDGE_LOOP('',(#7559,#7567,#7574,#7575));
#7559 = ORIENTED_EDGE('',*,*,#7560,.T.);
#7560 = EDGE_CURVE('',#252,#7561,#7563,.T.);
#7561 = VERTEX_POINT('',#7562);
#7562 = CARTESIAN_POINT('',(1.008873643659,73.362088371097,1.7));
#7563 = LINE('',#7564,#7565);
#7564 = CARTESIAN_POINT('',(1.539840672017,72.763695511182,2.5));
#7565 = VECTOR('',#7566,1.);
#7566 = DIRECTION('',(-0.469312982923,0.528909561324,-0.707106781187));
#7567 = ORIENTED_EDGE('',*,*,#7568,.T.);
#7568 = EDGE_CURVE('',#7561,#7537,#7569,.T.);
#7569 = CIRCLE('',#7570,2.999999999999);
#7570 = AXIS2_PLACEMENT_3D('',#7571,#7572,#7573);
#7571 = CARTESIAN_POINT('',(2.999999999999,71.118115146416,1.7));
#7572 = DIRECTION('',(0.,0.,1.));
#7573 = DIRECTION('',(-1.,-4.988602123983E-13,0.));
#7574 = ORIENTED_EDGE('',*,*,#7536,.F.);
#7575 = ORIENTED_EDGE('',*,*,#259,.T.);
#7576 = CONICAL_SURFACE('',#7577,2.599999999999,0.785398163397);
#7577 = AXIS2_PLACEMENT_3D('',#7578,#7579,#7580);
#7578 = CARTESIAN_POINT('',(2.999999999999,71.118115146416,2.1));
#7579 = DIRECTION('',(0.,0.,-1.));
#7580 = DIRECTION('',(-1.,-4.988602123983E-13,-0.));
#7581 = ADVANCED_FACE('',(#7582),#7600,.T.);
#7582 = FACE_BOUND('',#7583,.T.);
#7583 = EDGE_LOOP('',(#7584,#7592,#7598,#7599));
#7584 = ORIENTED_EDGE('',*,*,#7585,.T.);
#7585 = EDGE_CURVE('',#243,#7586,#7588,.T.);
#7586 = VERTEX_POINT('',#7587);
#7587 = CARTESIAN_POINT('',(5.810626858813,77.622788667405,1.7));
#7588 = LINE('',#7589,#7590);
#7589 = CARTESIAN_POINT('',(6.341593887169,77.024395807489,2.5));
#7590 = VECTOR('',#7591,1.);
#7591 = DIRECTION('',(-0.469312982922,0.528909561325,-0.707106781187));
#7592 = ORIENTED_EDGE('',*,*,#7593,.T.);
#7593 = EDGE_CURVE('',#7586,#7561,#7594,.T.);
#7594 = LINE('',#7595,#7596);
#7595 = CARTESIAN_POINT('',(14.854761162134,85.647846178566,1.7));
#7596 = VECTOR('',#7597,1.);
#7597 = DIRECTION('',(-0.747991074895,-0.663708785446,0.));
#7598 = ORIENTED_EDGE('',*,*,#7560,.F.);
#7599 = ORIENTED_EDGE('',*,*,#251,.T.);
#7600 = PLANE('',#7601);
#7601 = AXIS2_PLACEMENT_3D('',#7602,#7603,#7604);
#7602 = CARTESIAN_POINT('',(15.120244676313,85.348649748608,2.1));
#7603 = DIRECTION('',(-0.469312982922,0.528909561325,0.707106781187));
#7604 = DIRECTION('',(0.833185990511,-3.608224830032E-16,0.552992861813)
  );
#7605 = ADVANCED_FACE('',(#7606),#7625,.F.);
#7606 = FACE_BOUND('',#7607,.F.);
#7607 = EDGE_LOOP('',(#7608,#7609,#7610,#7619));
#7608 = ORIENTED_EDGE('',*,*,#242,.F.);
#7609 = ORIENTED_EDGE('',*,*,#7585,.T.);
#7610 = ORIENTED_EDGE('',*,*,#7611,.F.);
#7611 = EDGE_CURVE('',#7612,#7586,#7614,.T.);
#7612 = VERTEX_POINT('',#7613);
#7613 = CARTESIAN_POINT('',(6.819500502475,79.866761892088,1.7));
#7614 = CIRCLE('',#7615,3.);
#7615 = AXIS2_PLACEMENT_3D('',#7616,#7617,#7618);
#7616 = CARTESIAN_POINT('',(3.819500502475,79.866761892089,1.7));
#7617 = DIRECTION('',(0.,0.,-1.));
#7618 = DIRECTION('',(0.663708785446,-0.747991074895,0.));
#7619 = ORIENTED_EDGE('',*,*,#7620,.F.);
#7620 = EDGE_CURVE('',#235,#7612,#7621,.T.);
#7621 = LINE('',#7622,#7623);
#7622 = CARTESIAN_POINT('',(7.619500502475,79.866761892088,2.5));
#7623 = VECTOR('',#7624,1.);
#7624 = DIRECTION('',(-0.707106781187,1.570092458684E-13,-0.707106781187
    ));
#7625 = CONICAL_SURFACE('',#7626,3.4,0.785398163397);
#7626 = AXIS2_PLACEMENT_3D('',#7627,#7628,#7629);
#7627 = CARTESIAN_POINT('',(3.819500502475,79.866761892089,2.1));
#7628 = DIRECTION('',(0.,0.,1.));
#7629 = DIRECTION('',(0.663708785446,-0.747991074895,0.));
#7630 = ADVANCED_FACE('',(#7631),#7649,.T.);
#7631 = FACE_BOUND('',#7632,.T.);
#7632 = EDGE_LOOP('',(#7633,#7641,#7647,#7648));
#7633 = ORIENTED_EDGE('',*,*,#7634,.T.);
#7634 = EDGE_CURVE('',#226,#7635,#7637,.T.);
#7635 = VERTEX_POINT('',#7636);
#7636 = CARTESIAN_POINT('',(6.819500502475,139.70116529314,1.7));
#7637 = LINE('',#7638,#7639);
#7638 = CARTESIAN_POINT('',(7.619500502475,139.70116529314,2.5));
#7639 = VECTOR('',#7640,1.);
#7640 = DIRECTION('',(-0.707106781187,3.925231146709E-15,-0.707106781187
    ));
#7641 = ORIENTED_EDGE('',*,*,#7642,.T.);
#7642 = EDGE_CURVE('',#7635,#7612,#7643,.T.);
#7643 = LINE('',#7644,#7645);
#7644 = CARTESIAN_POINT('',(6.819500502475,88.794706565795,1.7));
#7645 = VECTOR('',#7646,1.);
#7646 = DIRECTION('',(0.,-1.,0.));
#7647 = ORIENTED_EDGE('',*,*,#7620,.F.);
#7648 = ORIENTED_EDGE('',*,*,#234,.T.);
#7649 = PLANE('',#7650);
#7650 = AXIS2_PLACEMENT_3D('',#7651,#7652,#7653);
#7651 = CARTESIAN_POINT('',(7.219500502475,88.794706565795,2.1));
#7652 = DIRECTION('',(-0.707106781187,0.,0.707106781187));
#7653 = DIRECTION('',(0.707106781187,0.,0.707106781187));
#7654 = ADVANCED_FACE('',(#7655),#7674,.F.);
#7655 = FACE_BOUND('',#7656,.F.);
#7656 = EDGE_LOOP('',(#7657,#7658,#7659,#7668));
#7657 = ORIENTED_EDGE('',*,*,#225,.F.);
#7658 = ORIENTED_EDGE('',*,*,#7634,.T.);
#7659 = ORIENTED_EDGE('',*,*,#7660,.F.);
#7660 = EDGE_CURVE('',#7661,#7635,#7663,.T.);
#7661 = VERTEX_POINT('',#7662);
#7662 = CARTESIAN_POINT('',(5.810626858813,141.94513851783,1.7));
#7663 = CIRCLE('',#7664,3.);
#7664 = AXIS2_PLACEMENT_3D('',#7665,#7666,#7667);
#7665 = CARTESIAN_POINT('',(3.819500502475,139.70116529314,1.7));
#7666 = DIRECTION('',(0.,0.,-1.));
#7667 = DIRECTION('',(1.,3.01980662698E-13,0.));
#7668 = ORIENTED_EDGE('',*,*,#7669,.F.);
#7669 = EDGE_CURVE('',#218,#7661,#7670,.T.);
#7670 = LINE('',#7671,#7672);
#7671 = CARTESIAN_POINT('',(6.341593887169,142.54353137774,2.5));
#7672 = VECTOR('',#7673,1.);
#7673 = DIRECTION('',(-0.469312982922,-0.528909561325,-0.707106781187));
#7674 = CONICAL_SURFACE('',#7675,3.4,0.785398163397);
#7675 = AXIS2_PLACEMENT_3D('',#7676,#7677,#7678);
#7676 = CARTESIAN_POINT('',(3.819500502475,139.70116529314,2.1));
#7677 = DIRECTION('',(0.,0.,1.));
#7678 = DIRECTION('',(1.,3.01980662698E-13,-0.));
#7679 = ADVANCED_FACE('',(#7680),#7698,.T.);
#7680 = FACE_BOUND('',#7681,.T.);
#7681 = EDGE_LOOP('',(#7682,#7690,#7696,#7697));
#7682 = ORIENTED_EDGE('',*,*,#7683,.T.);
#7683 = EDGE_CURVE('',#209,#7684,#7686,.T.);
#7684 = VERTEX_POINT('',#7685);
#7685 = CARTESIAN_POINT('',(1.008873643659,146.20583881414,1.7));
#7686 = LINE('',#7687,#7688);
#7687 = CARTESIAN_POINT('',(1.539840672016,146.80423167405,2.5));
#7688 = VECTOR('',#7689,1.);
#7689 = DIRECTION('',(-0.469312982922,-0.528909561325,-0.707106781187));
#7690 = ORIENTED_EDGE('',*,*,#7691,.T.);
#7691 = EDGE_CURVE('',#7684,#7661,#7692,.T.);
#7692 = LINE('',#7693,#7694);
#7693 = CARTESIAN_POINT('',(23.243455154095,126.47660997104,1.7));
#7694 = VECTOR('',#7695,1.);
#7695 = DIRECTION('',(0.747991074895,-0.663708785446,0.));
#7696 = ORIENTED_EDGE('',*,*,#7669,.F.);
#7697 = ORIENTED_EDGE('',*,*,#217,.T.);
#7698 = PLANE('',#7699);
#7699 = AXIS2_PLACEMENT_3D('',#7700,#7701,#7702);
#7700 = CARTESIAN_POINT('',(23.508938668273,126.77580640099,2.1));
#7701 = DIRECTION('',(-0.469312982922,-0.528909561325,0.707106781187));
#7702 = DIRECTION('',(0.833185990511,-1.942890293094E-16,0.552992861813)
  );
#7703 = ADVANCED_FACE('',(#7704),#7723,.T.);
#7704 = FACE_BOUND('',#7705,.T.);
#7705 = EDGE_LOOP('',(#7706,#7714,#7721,#7722));
#7706 = ORIENTED_EDGE('',*,*,#7707,.T.);
#7707 = EDGE_CURVE('',#201,#7708,#7710,.T.);
#7708 = VERTEX_POINT('',#7709);
#7709 = CARTESIAN_POINT('',(3.552713678801E-14,148.44981203882,1.7));
#7710 = LINE('',#7711,#7712);
#7711 = CARTESIAN_POINT('',(0.8,148.44981203882,2.5));
#7712 = VECTOR('',#7713,1.);
#7713 = DIRECTION('',(-0.707106781187,3.728969589374E-13,-0.707106781187
    ));
#7714 = ORIENTED_EDGE('',*,*,#7715,.T.);
#7715 = EDGE_CURVE('',#7708,#7684,#7716,.T.);
#7716 = CIRCLE('',#7717,3.);
#7717 = AXIS2_PLACEMENT_3D('',#7718,#7719,#7720);
#7718 = CARTESIAN_POINT('',(3.,148.44981203882,1.7));
#7719 = DIRECTION('',(0.,0.,1.));
#7720 = DIRECTION('',(-0.663708785447,-0.747991074894,0.));
#7721 = ORIENTED_EDGE('',*,*,#7683,.F.);
#7722 = ORIENTED_EDGE('',*,*,#208,.T.);
#7723 = CONICAL_SURFACE('',#7724,2.6,0.785398163397);
#7724 = AXIS2_PLACEMENT_3D('',#7725,#7726,#7727);
#7725 = CARTESIAN_POINT('',(3.,148.44981203882,2.1));
#7726 = DIRECTION('',(0.,0.,-1.));
#7727 = DIRECTION('',(-0.663708785447,-0.747991074894,-0.));
#7728 = ADVANCED_FACE('',(#7729),#7747,.T.);
#7729 = FACE_BOUND('',#7730,.T.);
#7730 = EDGE_LOOP('',(#7731,#7739,#7745,#7746));
#7731 = ORIENTED_EDGE('',*,*,#7732,.T.);
#7732 = EDGE_CURVE('',#192,#7733,#7735,.T.);
#7733 = VERTEX_POINT('',#7734);
#7734 = CARTESIAN_POINT('',(3.552713678801E-14,153.53312759129,1.7));
#7735 = LINE('',#7736,#7737);
#7736 = CARTESIAN_POINT('',(0.8,153.53312759129,2.5));
#7737 = VECTOR('',#7738,1.);
#7738 = DIRECTION('',(-0.707106781187,0.,-0.707106781187));
#7739 = ORIENTED_EDGE('',*,*,#7740,.T.);
#7740 = EDGE_CURVE('',#7733,#7708,#7741,.T.);
#7741 = LINE('',#7742,#7743);
#7742 = CARTESIAN_POINT('',(3.552713678801E-14,123.08623163916,1.7));
#7743 = VECTOR('',#7744,1.);
#7744 = DIRECTION('',(0.,-1.,0.));
#7745 = ORIENTED_EDGE('',*,*,#7707,.F.);
#7746 = ORIENTED_EDGE('',*,*,#200,.T.);
#7747 = PLANE('',#7748);
#7748 = AXIS2_PLACEMENT_3D('',#7749,#7750,#7751);
#7749 = CARTESIAN_POINT('',(0.4,123.08623163916,2.1));
#7750 = DIRECTION('',(-0.707106781187,0.,0.707106781187));
#7751 = DIRECTION('',(0.707106781187,0.,0.707106781187));
#7752 = ADVANCED_FACE('',(#7753),#7772,.T.);
#7753 = FACE_BOUND('',#7754,.T.);
#7754 = EDGE_LOOP('',(#7755,#7763,#7770,#7771));
#7755 = ORIENTED_EDGE('',*,*,#7756,.T.);
#7756 = EDGE_CURVE('',#184,#7757,#7759,.T.);
#7757 = VERTEX_POINT('',#7758);
#7758 = CARTESIAN_POINT('',(0.87867965644,155.65444793485,1.7));
#7759 = LINE('',#7760,#7761);
#7760 = CARTESIAN_POINT('',(1.444365081389,155.0887625099,2.5));
#7761 = VECTOR('',#7762,1.);
#7762 = DIRECTION('',(-0.5,0.5,-0.707106781187));
#7763 = ORIENTED_EDGE('',*,*,#7764,.T.);
#7764 = EDGE_CURVE('',#7757,#7733,#7765,.T.);
#7765 = CIRCLE('',#7766,3.);
#7766 = AXIS2_PLACEMENT_3D('',#7767,#7768,#7769);
#7767 = CARTESIAN_POINT('',(3.,153.53312759129,1.7));
#7768 = DIRECTION('',(0.,0.,1.));
#7769 = DIRECTION('',(-1.,-2.368475785867E-14,0.));
#7770 = ORIENTED_EDGE('',*,*,#7732,.F.);
#7771 = ORIENTED_EDGE('',*,*,#191,.T.);
#7772 = CONICAL_SURFACE('',#7773,2.6,0.785398163397);
#7773 = AXIS2_PLACEMENT_3D('',#7774,#7775,#7776);
#7774 = CARTESIAN_POINT('',(3.,153.53312759129,2.1));
#7775 = DIRECTION('',(0.,0.,-1.));
#7776 = DIRECTION('',(-1.,-2.368475785867E-14,-0.));
#7777 = ADVANCED_FACE('',(#7778),#7796,.T.);
#7778 = FACE_BOUND('',#7779,.T.);
#7779 = EDGE_LOOP('',(#7780,#7788,#7794,#7795));
#7780 = ORIENTED_EDGE('',*,*,#7781,.T.);
#7781 = EDGE_CURVE('',#175,#7782,#7784,.T.);
#7782 = VERTEX_POINT('',#7783);
#7783 = CARTESIAN_POINT('',(7.590091080265,162.36585935867,1.7));
#7784 = LINE('',#7785,#7786);
#7785 = CARTESIAN_POINT('',(8.155776505214,161.80017393372,2.5));
#7786 = VECTOR('',#7787,1.);
#7787 = DIRECTION('',(-0.5,0.5,-0.707106781187));
#7788 = ORIENTED_EDGE('',*,*,#7789,.T.);
#7789 = EDGE_CURVE('',#7782,#7757,#7790,.T.);
#7790 = LINE('',#7791,#7792);
#7791 = CARTESIAN_POINT('',(-6.60198151877,148.17378675964,1.7));
#7792 = VECTOR('',#7793,1.);
#7793 = DIRECTION('',(-0.707106781187,-0.707106781187,0.));
#7794 = ORIENTED_EDGE('',*,*,#7756,.F.);
#7795 = ORIENTED_EDGE('',*,*,#183,.T.);
#7796 = PLANE('',#7797);
#7797 = AXIS2_PLACEMENT_3D('',#7798,#7799,#7800);
#7798 = CARTESIAN_POINT('',(-6.319138806295,147.89094404716,2.1));
#7799 = DIRECTION('',(-0.5,0.5,0.707106781187));
#7800 = DIRECTION('',(0.816496580928,2.775557561563E-17,0.57735026919));
#7801 = ADVANCED_FACE('',(#7802),#7821,.F.);
#7802 = FACE_BOUND('',#7803,.F.);
#7803 = EDGE_LOOP('',(#7804,#7805,#7806,#7815));
#7804 = ORIENTED_EDGE('',*,*,#174,.F.);
#7805 = ORIENTED_EDGE('',*,*,#7781,.T.);
#7806 = ORIENTED_EDGE('',*,*,#7807,.F.);
#7807 = EDGE_CURVE('',#7808,#7782,#7810,.T.);
#7808 = VERTEX_POINT('',#7809);
#7809 = CARTESIAN_POINT('',(8.468770736705,164.48717970223,1.7));
#7810 = CIRCLE('',#7811,3.);
#7811 = AXIS2_PLACEMENT_3D('',#7812,#7813,#7814);
#7812 = CARTESIAN_POINT('',(5.468770736705,164.48717970223,1.7));
#7813 = DIRECTION('',(0.,0.,-1.));
#7814 = DIRECTION('',(0.707106781187,-0.707106781186,0.));
#7815 = ORIENTED_EDGE('',*,*,#7816,.F.);
#7816 = EDGE_CURVE('',#167,#7808,#7817,.T.);
#7817 = LINE('',#7818,#7819);
#7818 = CARTESIAN_POINT('',(9.268770736705,164.48717970223,2.5));
#7819 = VECTOR('',#7820,1.);
#7820 = DIRECTION('',(-0.707106781187,-7.850462293419E-15,
    -0.707106781187));
#7821 = CONICAL_SURFACE('',#7822,3.4,0.785398163397);
#7822 = AXIS2_PLACEMENT_3D('',#7823,#7824,#7825);
#7823 = CARTESIAN_POINT('',(5.468770736705,164.48717970223,2.1));
#7824 = DIRECTION('',(0.,0.,1.));
#7825 = DIRECTION('',(0.707106781187,-0.707106781186,0.));
#7826 = ADVANCED_FACE('',(#7827),#7845,.T.);
#7827 = FACE_BOUND('',#7828,.T.);
#7828 = EDGE_LOOP('',(#7829,#7837,#7843,#7844));
#7829 = ORIENTED_EDGE('',*,*,#7830,.T.);
#7830 = EDGE_CURVE('',#158,#7831,#7833,.T.);
#7831 = VERTEX_POINT('',#7832);
#7832 = CARTESIAN_POINT('',(8.468770736705,173.88012524817,1.7));
#7833 = LINE('',#7834,#7835);
#7834 = CARTESIAN_POINT('',(9.268770736705,173.88012524817,2.5));
#7835 = VECTOR('',#7836,1.);
#7836 = DIRECTION('',(-0.707106781187,7.850462293419E-15,-0.707106781187
    ));
#7837 = ORIENTED_EDGE('',*,*,#7838,.T.);
#7838 = EDGE_CURVE('',#7831,#7808,#7839,.T.);
#7839 = LINE('',#7840,#7841);
#7840 = CARTESIAN_POINT('',(8.468770736705,131.10491547086,1.7));
#7841 = VECTOR('',#7842,1.);
#7842 = DIRECTION('',(4.727901462625E-16,-1.,0.));
#7843 = ORIENTED_EDGE('',*,*,#7816,.F.);
#7844 = ORIENTED_EDGE('',*,*,#166,.T.);
#7845 = PLANE('',#7846);
#7846 = AXIS2_PLACEMENT_3D('',#7847,#7848,#7849);
#7847 = CARTESIAN_POINT('',(8.868770736705,131.10491547086,2.1));
#7848 = DIRECTION('',(-0.707106781187,-3.343131185004E-16,0.707106781187
    ));
#7849 = DIRECTION('',(0.707106781187,0.,0.707106781187));
#7850 = ADVANCED_FACE('',(#7851),#7870,.F.);
#7851 = FACE_BOUND('',#7852,.F.);
#7852 = EDGE_LOOP('',(#7853,#7854,#7855,#7864));
#7853 = ORIENTED_EDGE('',*,*,#157,.F.);
#7854 = ORIENTED_EDGE('',*,*,#7830,.T.);
#7855 = ORIENTED_EDGE('',*,*,#7856,.F.);
#7856 = EDGE_CURVE('',#7857,#7831,#7859,.T.);
#7857 = VERTEX_POINT('',#7858);
#7858 = CARTESIAN_POINT('',(7.459897093046,176.12409847285,1.7));
#7859 = CIRCLE('',#7860,3.);
#7860 = AXIS2_PLACEMENT_3D('',#7861,#7862,#7863);
#7861 = CARTESIAN_POINT('',(5.468770736705,173.88012524817,1.7));
#7862 = DIRECTION('',(0.,0.,-1.));
#7863 = DIRECTION('',(1.,-4.648133729765E-13,0.));
#7864 = ORIENTED_EDGE('',*,*,#7865,.F.);
#7865 = EDGE_CURVE('',#150,#7857,#7866,.T.);
#7866 = LINE('',#7867,#7868);
#7867 = CARTESIAN_POINT('',(7.990864121403,176.72249133277,2.5));
#7868 = VECTOR('',#7869,1.);
#7869 = DIRECTION('',(-0.469312982923,-0.528909561324,-0.707106781187));
#7870 = CONICAL_SURFACE('',#7871,3.4,0.785398163397);
#7871 = AXIS2_PLACEMENT_3D('',#7872,#7873,#7874);
#7872 = CARTESIAN_POINT('',(5.468770736705,173.88012524817,2.1));
#7873 = DIRECTION('',(0.,0.,1.));
#7874 = DIRECTION('',(1.,-4.648133729765E-13,0.));
#7875 = ADVANCED_FACE('',(#7876),#7894,.T.);
#7876 = FACE_BOUND('',#7877,.T.);
#7877 = EDGE_LOOP('',(#7878,#7886,#7892,#7893));
#7878 = ORIENTED_EDGE('',*,*,#7879,.T.);
#7879 = EDGE_CURVE('',#141,#7880,#7882,.T.);
#7880 = VERTEX_POINT('',#7881);
#7881 = CARTESIAN_POINT('',(4.658143877889,178.61015517321,1.7));
#7882 = LINE('',#7883,#7884);
#7883 = CARTESIAN_POINT('',(5.189110906245,179.20854803313,2.5));
#7884 = VECTOR('',#7885,1.);
#7885 = DIRECTION('',(-0.469312982922,-0.528909561325,-0.707106781187));
#7886 = ORIENTED_EDGE('',*,*,#7887,.T.);
#7887 = EDGE_CURVE('',#7880,#7857,#7888,.T.);
#7888 = LINE('',#7889,#7890);
#7889 = CARTESIAN_POINT('',(32.915392143567,153.53688283623,1.7));
#7890 = VECTOR('',#7891,1.);
#7891 = DIRECTION('',(0.747991074894,-0.663708785446,0.));
#7892 = ORIENTED_EDGE('',*,*,#7865,.F.);
#7893 = ORIENTED_EDGE('',*,*,#149,.T.);
#7894 = PLANE('',#7895);
#7895 = AXIS2_PLACEMENT_3D('',#7896,#7897,#7898);
#7896 = CARTESIAN_POINT('',(33.180875657745,153.83607926619,2.1));
#7897 = DIRECTION('',(-0.469312982922,-0.528909561325,0.707106781187));
#7898 = DIRECTION('',(0.833185990511,-1.387778780781E-16,0.552992861813)
  );
#7899 = ADVANCED_FACE('',(#7900),#7919,.T.);
#7900 = FACE_BOUND('',#7901,.T.);
#7901 = EDGE_LOOP('',(#7902,#7910,#7917,#7918));
#7902 = ORIENTED_EDGE('',*,*,#7903,.T.);
#7903 = EDGE_CURVE('',#133,#7904,#7906,.T.);
#7904 = VERTEX_POINT('',#7905);
#7905 = CARTESIAN_POINT('',(3.649270234229,180.8541283979,1.7));
#7906 = LINE('',#7907,#7908);
#7907 = CARTESIAN_POINT('',(4.449270234229,180.8541283979,2.5));
#7908 = VECTOR('',#7909,1.);
#7909 = DIRECTION('',(-0.707106781187,3.689717277907E-13,-0.707106781187
    ));
#7910 = ORIENTED_EDGE('',*,*,#7911,.T.);
#7911 = EDGE_CURVE('',#7904,#7880,#7912,.T.);
#7912 = CIRCLE('',#7913,3.);
#7913 = AXIS2_PLACEMENT_3D('',#7914,#7915,#7916);
#7914 = CARTESIAN_POINT('',(6.649270234229,180.85412839789,1.7));
#7915 = DIRECTION('',(0.,0.,1.));
#7916 = DIRECTION('',(-0.663708785447,-0.747991074894,0.));
#7917 = ORIENTED_EDGE('',*,*,#7879,.F.);
#7918 = ORIENTED_EDGE('',*,*,#140,.T.);
#7919 = CONICAL_SURFACE('',#7920,2.6,0.785398163397);
#7920 = AXIS2_PLACEMENT_3D('',#7921,#7922,#7923);
#7921 = CARTESIAN_POINT('',(6.649270234229,180.85412839789,2.1));
#7922 = DIRECTION('',(0.,0.,-1.));
#7923 = DIRECTION('',(-0.663708785447,-0.747991074894,-0.));
#7924 = ADVANCED_FACE('',(#7925),#7943,.T.);
#7925 = FACE_BOUND('',#7926,.T.);
#7926 = EDGE_LOOP('',(#7927,#7935,#7941,#7942));
#7927 = ORIENTED_EDGE('',*,*,#7928,.T.);
#7928 = EDGE_CURVE('',#124,#7929,#7931,.T.);
#7929 = VERTEX_POINT('',#7930);
#7930 = CARTESIAN_POINT('',(3.649270234229,185.98403081124,1.7));
#7931 = LINE('',#7932,#7933);
#7932 = CARTESIAN_POINT('',(4.449270234229,185.98403081124,2.5));
#7933 = VECTOR('',#7934,1.);
#7934 = DIRECTION('',(-0.707106781187,0.,-0.707106781187));
#7935 = ORIENTED_EDGE('',*,*,#7936,.T.);
#7936 = EDGE_CURVE('',#7929,#7904,#7937,.T.);
#7937 = LINE('',#7938,#7939);
#7938 = CARTESIAN_POINT('',(3.649270234229,139.2883898187,1.7));
#7939 = VECTOR('',#7940,1.);
#7940 = DIRECTION('',(0.,-1.,0.));
#7941 = ORIENTED_EDGE('',*,*,#7903,.F.);
#7942 = ORIENTED_EDGE('',*,*,#132,.T.);
#7943 = PLANE('',#7944);
#7944 = AXIS2_PLACEMENT_3D('',#7945,#7946,#7947);
#7945 = CARTESIAN_POINT('',(4.049270234229,139.2883898187,2.1));
#7946 = DIRECTION('',(-0.707106781187,0.,0.707106781187));
#7947 = DIRECTION('',(0.707106781187,0.,0.707106781187));
#7948 = ADVANCED_FACE('',(#7949),#7968,.T.);
#7949 = FACE_BOUND('',#7950,.T.);
#7950 = EDGE_LOOP('',(#7951,#7959,#7966,#7967));
#7951 = ORIENTED_EDGE('',*,*,#7952,.T.);
#7952 = EDGE_CURVE('',#116,#7953,#7955,.T.);
#7953 = VERTEX_POINT('',#7954);
#7954 = CARTESIAN_POINT('',(4.885329039063,188.41065634065,1.7));
#7955 = LINE('',#7956,#7957);
#7956 = CARTESIAN_POINT('',(5.355713357774,187.76355619947,2.5));
#7957 = VECTOR('',#7958,1.);
#7958 = DIRECTION('',(-0.415764926905,0.571961122416,-0.707106781187));
#7959 = ORIENTED_EDGE('',*,*,#7960,.T.);
#7960 = EDGE_CURVE('',#7953,#7929,#7961,.T.);
#7961 = CIRCLE('',#7962,3.);
#7962 = AXIS2_PLACEMENT_3D('',#7963,#7964,#7965);
#7963 = CARTESIAN_POINT('',(6.649270234229,185.98403081124,1.7));
#7964 = DIRECTION('',(0.,0.,1.));
#7965 = DIRECTION('',(-1.,7.993605777301E-14,0.));
#7966 = ORIENTED_EDGE('',*,*,#7928,.F.);
#7967 = ORIENTED_EDGE('',*,*,#123,.T.);
#7968 = CONICAL_SURFACE('',#7969,2.6,0.785398163397);
#7969 = AXIS2_PLACEMENT_3D('',#7970,#7971,#7972);
#7970 = CARTESIAN_POINT('',(6.649270234229,185.98403081124,2.1));
#7971 = DIRECTION('',(0.,0.,-1.));
#7972 = DIRECTION('',(-1.,7.993605777301E-14,0.));
#7973 = ADVANCED_FACE('',(#7974),#7985,.T.);
#7974 = FACE_BOUND('',#7975,.T.);
#7975 = EDGE_LOOP('',(#7976,#7977,#7983,#7984));
#7976 = ORIENTED_EDGE('',*,*,#6203,.T.);
#7977 = ORIENTED_EDGE('',*,*,#7978,.T.);
#7978 = EDGE_CURVE('',#6196,#7953,#7979,.T.);
#7979 = LINE('',#7980,#7981);
#7980 = CARTESIAN_POINT('',(-8.828235885753,178.44211285907,1.7));
#7981 = VECTOR('',#7982,1.);
#7982 = DIRECTION('',(-0.808875176471,-0.587980398389,0.));
#7983 = ORIENTED_EDGE('',*,*,#7952,.F.);
#7984 = ORIENTED_EDGE('',*,*,#115,.T.);
#7985 = PLANE('',#7986);
#7986 = AXIS2_PLACEMENT_3D('',#7987,#7988,#7989);
#7987 = CARTESIAN_POINT('',(-8.593043726397,178.11856278848,2.1));
#7988 = DIRECTION('',(-0.415764926905,0.571961122416,0.707106781187));
#7989 = DIRECTION('',(0.862030224712,-1.665334536938E-16,0.506856874949)
  );
#7990 = ADVANCED_FACE('',(#7991),#8009,.T.);
#7991 = FACE_BOUND('',#7992,.T.);
#7992 = EDGE_LOOP('',(#7993,#7994,#7995,#8001,#8002,#8003));
#7993 = ORIENTED_EDGE('',*,*,#4838,.F.);
#7994 = ORIENTED_EDGE('',*,*,#2666,.F.);
#7995 = ORIENTED_EDGE('',*,*,#7996,.F.);
#7996 = EDGE_CURVE('',#583,#2659,#7997,.T.);
#7997 = LINE('',#7998,#7999);
#7998 = CARTESIAN_POINT('',(41.887831668853,194.445302479,2.5));
#7999 = VECTOR('',#8000,1.);
#8000 = DIRECTION('',(0.,0.,-1.));
#8001 = ORIENTED_EDGE('',*,*,#582,.F.);
#8002 = ORIENTED_EDGE('',*,*,#6646,.F.);
#8003 = ORIENTED_EDGE('',*,*,#8004,.T.);
#8004 = EDGE_CURVE('',#6647,#4839,#8005,.T.);
#8005 = LINE('',#8006,#8007);
#8006 = CARTESIAN_POINT('',(43.475812067241,195.25417765547,2.5));
#8007 = VECTOR('',#8008,1.);
#8008 = DIRECTION('',(0.,0.,-1.));
#8009 = CYLINDRICAL_SURFACE('',#8010,1.);
#8010 = AXIS2_PLACEMENT_3D('',#8011,#8012,#8013);
#8011 = CARTESIAN_POINT('',(42.887831668853,194.445302479,2.5));
#8012 = DIRECTION('',(0.,0.,-1.));
#8013 = DIRECTION('',(0.587980398389,0.808875176471,0.));
#8014 = ADVANCED_FACE('',(#8015),#8026,.T.);
#8015 = FACE_BOUND('',#8016,.T.);
#8016 = EDGE_LOOP('',(#8017,#8018,#8019,#8020));
#8017 = ORIENTED_EDGE('',*,*,#4847,.F.);
#8018 = ORIENTED_EDGE('',*,*,#8004,.F.);
#8019 = ORIENTED_EDGE('',*,*,#6664,.F.);
#8020 = ORIENTED_EDGE('',*,*,#8021,.T.);
#8021 = EDGE_CURVE('',#6657,#4848,#8022,.T.);
#8022 = LINE('',#8023,#8024);
#8023 = CARTESIAN_POINT('',(52.890334262838,188.41065634065,2.5));
#8024 = VECTOR('',#8025,1.);
#8025 = DIRECTION('',(0.,0.,-1.));
#8026 = PLANE('',#8027);
#8027 = AXIS2_PLACEMENT_3D('',#8028,#8029,#8030);
#8028 = CARTESIAN_POINT('',(43.475812067241,195.25417765547,2.5));
#8029 = DIRECTION('',(0.587980398389,0.808875176471,0.));
#8030 = DIRECTION('',(0.808875176471,-0.587980398389,0.));
#8031 = ADVANCED_FACE('',(#8032),#8051,.F.);
#8032 = FACE_BOUND('',#8033,.F.);
#8033 = EDGE_LOOP('',(#8034,#8042,#8049,#8050));
#8034 = ORIENTED_EDGE('',*,*,#8035,.T.);
#8035 = EDGE_CURVE('',#1534,#8036,#8038,.T.);
#8036 = VERTEX_POINT('',#8037);
#8037 = CARTESIAN_POINT('',(27.387831650951,168.78808777525,1.));
#8038 = LINE('',#8039,#8040);
#8039 = CARTESIAN_POINT('',(26.637831650951,168.78808777525,1.75));
#8040 = VECTOR('',#8041,1.);
#8041 = DIRECTION('',(0.707106781187,8.659560562355E-17,-0.707106781187)
  );
#8042 = ORIENTED_EDGE('',*,*,#8043,.F.);
#8043 = EDGE_CURVE('',#8036,#8036,#8044,.T.);
#8044 = CIRCLE('',#8045,1.5);
#8045 = AXIS2_PLACEMENT_3D('',#8046,#8047,#8048);
#8046 = CARTESIAN_POINT('',(28.887831650951,168.78808777525,1.));
#8047 = DIRECTION('',(0.,0.,-1.));
#8048 = DIRECTION('',(1.,0.,0.));
#8049 = ORIENTED_EDGE('',*,*,#8035,.F.);
#8050 = ORIENTED_EDGE('',*,*,#1533,.F.);
#8051 = CONICAL_SURFACE('',#8052,2.25,0.785398163397);
#8052 = AXIS2_PLACEMENT_3D('',#8053,#8054,#8055);
#8053 = CARTESIAN_POINT('',(28.887831650951,168.78808777525,1.75));
#8054 = DIRECTION('',(0.,0.,1.));
#8055 = DIRECTION('',(1.,0.,-0.));
#8056 = ADVANCED_FACE('',(#8057),#8068,.F.);
#8057 = FACE_BOUND('',#8058,.F.);
#8058 = EDGE_LOOP('',(#8059,#8065,#8066,#8067));
#8059 = ORIENTED_EDGE('',*,*,#8060,.T.);
#8060 = EDGE_CURVE('',#2827,#8036,#8061,.T.);
#8061 = LINE('',#8062,#8063);
#8062 = CARTESIAN_POINT('',(27.387831650951,168.78808777525,2.5));
#8063 = VECTOR('',#8064,1.);
#8064 = DIRECTION('',(0.,0.,1.));
#8065 = ORIENTED_EDGE('',*,*,#8043,.T.);
#8066 = ORIENTED_EDGE('',*,*,#8060,.F.);
#8067 = ORIENTED_EDGE('',*,*,#2826,.T.);
#8068 = CYLINDRICAL_SURFACE('',#8069,1.5);
#8069 = AXIS2_PLACEMENT_3D('',#8070,#8071,#8072);
#8070 = CARTESIAN_POINT('',(28.887831650951,168.78808777525,2.5));
#8071 = DIRECTION('',(0.,0.,-1.));
#8072 = DIRECTION('',(1.,0.,0.));
#8073 = ADVANCED_FACE('',(#8074),#8093,.F.);
#8074 = FACE_BOUND('',#8075,.F.);
#8075 = EDGE_LOOP('',(#8076,#8084,#8091,#8092));
#8076 = ORIENTED_EDGE('',*,*,#8077,.T.);
#8077 = EDGE_CURVE('',#811,#8078,#8080,.T.);
#8078 = VERTEX_POINT('',#8079);
#8079 = CARTESIAN_POINT('',(27.387831650951,78.714405742055,1.));
#8080 = LINE('',#8081,#8082);
#8081 = CARTESIAN_POINT('',(26.637831650951,78.714405742055,1.75));
#8082 = VECTOR('',#8083,1.);
#8083 = DIRECTION('',(0.707106781187,8.659560562355E-17,-0.707106781187)
  );
#8084 = ORIENTED_EDGE('',*,*,#8085,.F.);
#8085 = EDGE_CURVE('',#8078,#8078,#8086,.T.);
#8086 = CIRCLE('',#8087,1.5);
#8087 = AXIS2_PLACEMENT_3D('',#8088,#8089,#8090);
#8088 = CARTESIAN_POINT('',(28.887831650951,78.714405742055,1.));
#8089 = DIRECTION('',(0.,0.,-1.));
#8090 = DIRECTION('',(1.,0.,0.));
#8091 = ORIENTED_EDGE('',*,*,#8077,.F.);
#8092 = ORIENTED_EDGE('',*,*,#810,.F.);
#8093 = CONICAL_SURFACE('',#8094,2.25,0.785398163397);
#8094 = AXIS2_PLACEMENT_3D('',#8095,#8096,#8097);
#8095 = CARTESIAN_POINT('',(28.887831650951,78.714405742055,1.75));
#8096 = DIRECTION('',(0.,0.,1.));
#8097 = DIRECTION('',(1.,0.,-0.));
#8098 = ADVANCED_FACE('',(#8099),#8110,.F.);
#8099 = FACE_BOUND('',#8100,.F.);
#8100 = EDGE_LOOP('',(#8101,#8107,#8108,#8109));
#8101 = ORIENTED_EDGE('',*,*,#8102,.T.);
#8102 = EDGE_CURVE('',#2963,#8078,#8103,.T.);
#8103 = LINE('',#8104,#8105);
#8104 = CARTESIAN_POINT('',(27.387831650951,78.714405742055,2.5));
#8105 = VECTOR('',#8106,1.);
#8106 = DIRECTION('',(0.,0.,1.));
#8107 = ORIENTED_EDGE('',*,*,#8085,.T.);
#8108 = ORIENTED_EDGE('',*,*,#8102,.F.);
#8109 = ORIENTED_EDGE('',*,*,#2962,.T.);
#8110 = CYLINDRICAL_SURFACE('',#8111,1.5);
#8111 = AXIS2_PLACEMENT_3D('',#8112,#8113,#8114);
#8112 = CARTESIAN_POINT('',(28.887831650951,78.714405742055,2.5));
#8113 = DIRECTION('',(0.,0.,-1.));
#8114 = DIRECTION('',(1.,0.,0.));
#8115 = ADVANCED_FACE('',(#8116),#8127,.F.);
#8116 = FACE_BOUND('',#8117,.F.);
#8117 = EDGE_LOOP('',(#8118,#8124,#8125,#8126));
#8118 = ORIENTED_EDGE('',*,*,#8119,.T.);
#8119 = EDGE_CURVE('',#3047,#1685,#8120,.T.);
#8120 = LINE('',#8121,#8122);
#8121 = CARTESIAN_POINT('',(3.661365146327,150.96026530455,2.5));
#8122 = VECTOR('',#8123,1.);
#8123 = DIRECTION('',(0.,0.,1.));
#8124 = ORIENTED_EDGE('',*,*,#1684,.F.);
#8125 = ORIENTED_EDGE('',*,*,#8119,.F.);
#8126 = ORIENTED_EDGE('',*,*,#3046,.T.);
#8127 = CYLINDRICAL_SURFACE('',#8128,1.5);
#8128 = AXIS2_PLACEMENT_3D('',#8129,#8130,#8131);
#8129 = CARTESIAN_POINT('',(5.161365146327,150.96026530455,2.5));
#8130 = DIRECTION('',(0.,0.,-1.));
#8131 = DIRECTION('',(1.,0.,0.));
#8132 = ADVANCED_FACE('',(#8133),#8152,.F.);
#8133 = FACE_BOUND('',#8134,.F.);
#8134 = EDGE_LOOP('',(#8135,#8143,#8150,#8151));
#8135 = ORIENTED_EDGE('',*,*,#8136,.T.);
#8136 = EDGE_CURVE('',#1523,#8137,#8139,.T.);
#8137 = VERTEX_POINT('',#8138);
#8138 = CARTESIAN_POINT('',(3.661365146327,68.607661880682,1.));
#8139 = LINE('',#8140,#8141);
#8140 = CARTESIAN_POINT('',(2.911365146327,68.607661880682,1.75));
#8141 = VECTOR('',#8142,1.);
#8142 = DIRECTION('',(0.707106781187,8.659560562355E-17,-0.707106781187)
  );
#8143 = ORIENTED_EDGE('',*,*,#8144,.F.);
#8144 = EDGE_CURVE('',#8137,#8137,#8145,.T.);
#8145 = CIRCLE('',#8146,1.5);
#8146 = AXIS2_PLACEMENT_3D('',#8147,#8148,#8149);
#8147 = CARTESIAN_POINT('',(5.161365146327,68.607661880682,1.));
#8148 = DIRECTION('',(0.,0.,-1.));
#8149 = DIRECTION('',(1.,0.,0.));
#8150 = ORIENTED_EDGE('',*,*,#8136,.F.);
#8151 = ORIENTED_EDGE('',*,*,#1522,.F.);
#8152 = CONICAL_SURFACE('',#8153,2.25,0.785398163397);
#8153 = AXIS2_PLACEMENT_3D('',#8154,#8155,#8156);
#8154 = CARTESIAN_POINT('',(5.161365146327,68.607661880682,1.75));
#8155 = DIRECTION('',(0.,0.,1.));
#8156 = DIRECTION('',(1.,0.,-0.));
#8157 = ADVANCED_FACE('',(#8158),#8169,.F.);
#8158 = FACE_BOUND('',#8159,.F.);
#8159 = EDGE_LOOP('',(#8160,#8166,#8167,#8168));
#8160 = ORIENTED_EDGE('',*,*,#8161,.T.);
#8161 = EDGE_CURVE('',#2941,#8137,#8162,.T.);
#8162 = LINE('',#8163,#8164);
#8163 = CARTESIAN_POINT('',(3.661365146327,68.607661880682,2.5));
#8164 = VECTOR('',#8165,1.);
#8165 = DIRECTION('',(0.,0.,1.));
#8166 = ORIENTED_EDGE('',*,*,#8144,.T.);
#8167 = ORIENTED_EDGE('',*,*,#8161,.F.);
#8168 = ORIENTED_EDGE('',*,*,#2940,.T.);
#8169 = CYLINDRICAL_SURFACE('',#8170,1.5);
#8170 = AXIS2_PLACEMENT_3D('',#8171,#8172,#8173);
#8171 = CARTESIAN_POINT('',(5.161365146327,68.607661880682,2.5));
#8172 = DIRECTION('',(0.,0.,-1.));
#8173 = DIRECTION('',(1.,0.,0.));
#8174 = ADVANCED_FACE('',(#8175),#8194,.F.);
#8175 = FACE_BOUND('',#8176,.F.);
#8176 = EDGE_LOOP('',(#8177,#8185,#8192,#8193));
#8177 = ORIENTED_EDGE('',*,*,#8178,.T.);
#8178 = EDGE_CURVE('',#822,#8179,#8181,.T.);
#8179 = VERTEX_POINT('',#8180);
#8180 = CARTESIAN_POINT('',(51.114298155575,68.607661880682,1.));
#8181 = LINE('',#8182,#8183);
#8182 = CARTESIAN_POINT('',(50.364298155575,68.607661880682,1.75));
#8183 = VECTOR('',#8184,1.);
#8184 = DIRECTION('',(0.707106781187,8.659560562355E-17,-0.707106781187)
  );
#8185 = ORIENTED_EDGE('',*,*,#8186,.F.);
#8186 = EDGE_CURVE('',#8179,#8179,#8187,.T.);
#8187 = CIRCLE('',#8188,1.5);
#8188 = AXIS2_PLACEMENT_3D('',#8189,#8190,#8191);
#8189 = CARTESIAN_POINT('',(52.614298155575,68.607661880682,1.));
#8190 = DIRECTION('',(0.,0.,-1.));
#8191 = DIRECTION('',(1.,0.,0.));
#8192 = ORIENTED_EDGE('',*,*,#8178,.F.);
#8193 = ORIENTED_EDGE('',*,*,#821,.F.);
#8194 = CONICAL_SURFACE('',#8195,2.25,0.785398163397);
#8195 = AXIS2_PLACEMENT_3D('',#8196,#8197,#8198);
#8196 = CARTESIAN_POINT('',(52.614298155575,68.607661880682,1.75));
#8197 = DIRECTION('',(0.,0.,1.));
#8198 = DIRECTION('',(1.,0.,-0.));
#8199 = ADVANCED_FACE('',(#8200),#8211,.F.);
#8200 = FACE_BOUND('',#8201,.F.);
#8201 = EDGE_LOOP('',(#8202,#8208,#8209,#8210));
#8202 = ORIENTED_EDGE('',*,*,#8203,.T.);
#8203 = EDGE_CURVE('',#2919,#8179,#8204,.T.);
#8204 = LINE('',#8205,#8206);
#8205 = CARTESIAN_POINT('',(51.114298155575,68.607661880682,2.5));
#8206 = VECTOR('',#8207,1.);
#8207 = DIRECTION('',(0.,0.,1.));
#8208 = ORIENTED_EDGE('',*,*,#8186,.T.);
#8209 = ORIENTED_EDGE('',*,*,#8203,.F.);
#8210 = ORIENTED_EDGE('',*,*,#2918,.T.);
#8211 = CYLINDRICAL_SURFACE('',#8212,1.5);
#8212 = AXIS2_PLACEMENT_3D('',#8213,#8214,#8215);
#8213 = CARTESIAN_POINT('',(52.614298155575,68.607661880682,2.5));
#8214 = DIRECTION('',(0.,0.,-1.));
#8215 = DIRECTION('',(1.,0.,0.));
#8216 = ADVANCED_FACE('',(#8217),#8236,.F.);
#8217 = FACE_BOUND('',#8218,.F.);
#8218 = EDGE_LOOP('',(#8219,#8227,#8234,#8235));
#8219 = ORIENTED_EDGE('',*,*,#8220,.T.);
#8220 = EDGE_CURVE('',#1512,#8221,#8223,.T.);
#8221 = VERTEX_POINT('',#8222);
#8222 = CARTESIAN_POINT('',(41.798548274324,5.791563325877,1.));
#8223 = LINE('',#8224,#8225);
#8224 = CARTESIAN_POINT('',(41.048548274324,5.791563325877,1.75));
#8225 = VECTOR('',#8226,1.);
#8226 = DIRECTION('',(0.707106781187,8.659560562355E-17,-0.707106781187)
  );
#8227 = ORIENTED_EDGE('',*,*,#8228,.F.);
#8228 = EDGE_CURVE('',#8221,#8221,#8229,.T.);
#8229 = CIRCLE('',#8230,1.5);
#8230 = AXIS2_PLACEMENT_3D('',#8231,#8232,#8233);
#8231 = CARTESIAN_POINT('',(43.298548274324,5.791563325877,1.));
#8232 = DIRECTION('',(0.,0.,-1.));
#8233 = DIRECTION('',(1.,0.,0.));
#8234 = ORIENTED_EDGE('',*,*,#8220,.F.);
#8235 = ORIENTED_EDGE('',*,*,#1511,.F.);
#8236 = CONICAL_SURFACE('',#8237,2.25,0.785398163397);
#8237 = AXIS2_PLACEMENT_3D('',#8238,#8239,#8240);
#8238 = CARTESIAN_POINT('',(43.298548274324,5.791563325877,1.75));
#8239 = DIRECTION('',(0.,0.,1.));
#8240 = DIRECTION('',(1.,0.,-0.));
#8241 = ADVANCED_FACE('',(#8242),#8253,.F.);
#8242 = FACE_BOUND('',#8243,.F.);
#8243 = EDGE_LOOP('',(#8244,#8250,#8251,#8252));
#8244 = ORIENTED_EDGE('',*,*,#8245,.T.);
#8245 = EDGE_CURVE('',#2930,#8221,#8246,.T.);
#8246 = LINE('',#8247,#8248);
#8247 = CARTESIAN_POINT('',(41.798548274324,5.791563325877,2.5));
#8248 = VECTOR('',#8249,1.);
#8249 = DIRECTION('',(0.,0.,1.));
#8250 = ORIENTED_EDGE('',*,*,#8228,.T.);
#8251 = ORIENTED_EDGE('',*,*,#8245,.F.);
#8252 = ORIENTED_EDGE('',*,*,#2929,.T.);
#8253 = CYLINDRICAL_SURFACE('',#8254,1.5);
#8254 = AXIS2_PLACEMENT_3D('',#8255,#8256,#8257);
#8255 = CARTESIAN_POINT('',(43.298548274324,5.791563325877,2.5));
#8256 = DIRECTION('',(0.,0.,-1.));
#8257 = DIRECTION('',(1.,0.,0.));
#8258 = ADVANCED_FACE('',(#8259),#8278,.F.);
#8259 = FACE_BOUND('',#8260,.F.);
#8260 = EDGE_LOOP('',(#8261,#8269,#8276,#8277));
#8261 = ORIENTED_EDGE('',*,*,#8262,.T.);
#8262 = EDGE_CURVE('',#833,#8263,#8265,.T.);
#8263 = VERTEX_POINT('',#8264);
#8264 = CARTESIAN_POINT('',(12.977115027577,5.791563325877,1.));
#8265 = LINE('',#8266,#8267);
#8266 = CARTESIAN_POINT('',(12.227115027577,5.791563325877,1.75));
#8267 = VECTOR('',#8268,1.);
#8268 = DIRECTION('',(0.707106781187,8.659560562355E-17,-0.707106781187)
  );
#8269 = ORIENTED_EDGE('',*,*,#8270,.F.);
#8270 = EDGE_CURVE('',#8263,#8263,#8271,.T.);
#8271 = CIRCLE('',#8272,1.5);
#8272 = AXIS2_PLACEMENT_3D('',#8273,#8274,#8275);
#8273 = CARTESIAN_POINT('',(14.477115027577,5.791563325877,1.));
#8274 = DIRECTION('',(0.,0.,-1.));
#8275 = DIRECTION('',(1.,0.,0.));
#8276 = ORIENTED_EDGE('',*,*,#8262,.F.);
#8277 = ORIENTED_EDGE('',*,*,#832,.F.);
#8278 = CONICAL_SURFACE('',#8279,2.25,0.785398163397);
#8279 = AXIS2_PLACEMENT_3D('',#8280,#8281,#8282);
#8280 = CARTESIAN_POINT('',(14.477115027577,5.791563325877,1.75));
#8281 = DIRECTION('',(0.,0.,1.));
#8282 = DIRECTION('',(1.,0.,-0.));
#8283 = ADVANCED_FACE('',(#8284),#8295,.F.);
#8284 = FACE_BOUND('',#8285,.F.);
#8285 = EDGE_LOOP('',(#8286,#8292,#8293,#8294));
#8286 = ORIENTED_EDGE('',*,*,#8287,.T.);
#8287 = EDGE_CURVE('',#2816,#8263,#8288,.T.);
#8288 = LINE('',#8289,#8290);
#8289 = CARTESIAN_POINT('',(12.977115027577,5.791563325877,2.5));
#8290 = VECTOR('',#8291,1.);
#8291 = DIRECTION('',(0.,0.,1.));
#8292 = ORIENTED_EDGE('',*,*,#8270,.T.);
#8293 = ORIENTED_EDGE('',*,*,#8287,.F.);
#8294 = ORIENTED_EDGE('',*,*,#2815,.T.);
#8295 = CYLINDRICAL_SURFACE('',#8296,1.5);
#8296 = AXIS2_PLACEMENT_3D('',#8297,#8298,#8299);
#8297 = CARTESIAN_POINT('',(14.477115027577,5.791563325877,2.5));
#8298 = DIRECTION('',(0.,0.,-1.));
#8299 = DIRECTION('',(1.,0.,0.));
#8300 = ADVANCED_FACE('',(#8301),#8337,.T.);
#8301 = FACE_BOUND('',#8302,.T.);
#8302 = EDGE_LOOP('',(#8303,#8314,#8322,#8331));
#8303 = ORIENTED_EDGE('',*,*,#8304,.F.);
#8304 = EDGE_CURVE('',#8305,#8307,#8309,.T.);
#8305 = VERTEX_POINT('',#8306);
#8306 = CARTESIAN_POINT('',(31.137394534714,140.51210152871,2.5));
#8307 = VERTEX_POINT('',#8308);
#8308 = CARTESIAN_POINT('',(30.56058977278,141.08890629065,2.5));
#8309 = CIRCLE('',#8310,0.576804761934);
#8310 = AXIS2_PLACEMENT_3D('',#8311,#8312,#8313);
#8311 = CARTESIAN_POINT('',(30.56058977278,140.51210152871,2.5));
#8312 = DIRECTION('',(0.,0.,1.));
#8313 = DIRECTION('',(1.,0.,-0.));
#8314 = ORIENTED_EDGE('',*,*,#8315,.T.);
#8315 = EDGE_CURVE('',#8305,#8316,#8318,.T.);
#8316 = VERTEX_POINT('',#8317);
#8317 = CARTESIAN_POINT('',(31.137394534714,140.51210152871,2.));
#8318 = LINE('',#8319,#8320);
#8319 = CARTESIAN_POINT('',(31.137394534714,140.51210152871,2.5));
#8320 = VECTOR('',#8321,1.);
#8321 = DIRECTION('',(0.,0.,-1.));
#8322 = ORIENTED_EDGE('',*,*,#8323,.T.);
#8323 = EDGE_CURVE('',#8316,#8324,#8326,.T.);
#8324 = VERTEX_POINT('',#8325);
#8325 = CARTESIAN_POINT('',(30.56058977278,141.08890629065,2.));
#8326 = CIRCLE('',#8327,0.576804761934);
#8327 = AXIS2_PLACEMENT_3D('',#8328,#8329,#8330);
#8328 = CARTESIAN_POINT('',(30.56058977278,140.51210152871,2.));
#8329 = DIRECTION('',(0.,0.,1.));
#8330 = DIRECTION('',(1.,0.,-0.));
#8331 = ORIENTED_EDGE('',*,*,#8332,.F.);
#8332 = EDGE_CURVE('',#8307,#8324,#8333,.T.);
#8333 = LINE('',#8334,#8335);
#8334 = CARTESIAN_POINT('',(30.56058977278,141.08890629065,2.5));
#8335 = VECTOR('',#8336,1.);
#8336 = DIRECTION('',(0.,0.,-1.));
#8337 = CYLINDRICAL_SURFACE('',#8338,0.576804761934);
#8338 = AXIS2_PLACEMENT_3D('',#8339,#8340,#8341);
#8339 = CARTESIAN_POINT('',(30.56058977278,140.51210152871,2.5));
#8340 = DIRECTION('',(0.,0.,-1.));
#8341 = DIRECTION('',(1.,0.,0.));
#8342 = ADVANCED_FACE('',(#8343),#8368,.F.);
#8343 = FACE_BOUND('',#8344,.T.);
#8344 = EDGE_LOOP('',(#8345,#8353,#8361,#8367));
#8345 = ORIENTED_EDGE('',*,*,#8346,.F.);
#8346 = EDGE_CURVE('',#8347,#8305,#8349,.T.);
#8347 = VERTEX_POINT('',#8348);
#8348 = CARTESIAN_POINT('',(31.137394534714,135.31457974816,2.5));
#8349 = LINE('',#8350,#8351);
#8350 = CARTESIAN_POINT('',(31.137394534714,116.51861549383,2.5));
#8351 = VECTOR('',#8352,1.);
#8352 = DIRECTION('',(0.,1.,0.));
#8353 = ORIENTED_EDGE('',*,*,#8354,.T.);
#8354 = EDGE_CURVE('',#8347,#8355,#8357,.T.);
#8355 = VERTEX_POINT('',#8356);
#8356 = CARTESIAN_POINT('',(31.137394534714,135.31457974816,2.));
#8357 = LINE('',#8358,#8359);
#8358 = CARTESIAN_POINT('',(31.137394534714,135.31457974816,2.5));
#8359 = VECTOR('',#8360,1.);
#8360 = DIRECTION('',(0.,0.,-1.));
#8361 = ORIENTED_EDGE('',*,*,#8362,.T.);
#8362 = EDGE_CURVE('',#8355,#8316,#8363,.T.);
#8363 = LINE('',#8364,#8365);
#8364 = CARTESIAN_POINT('',(31.137394534714,140.51210152871,2.));
#8365 = VECTOR('',#8366,1.);
#8366 = DIRECTION('',(0.,1.,0.));
#8367 = ORIENTED_EDGE('',*,*,#8315,.F.);
#8368 = PLANE('',#8369);
#8369 = AXIS2_PLACEMENT_3D('',#8370,#8371,#8372);
#8370 = CARTESIAN_POINT('',(31.137394534714,135.31457974816,2.5));
#8371 = DIRECTION('',(-1.,0.,0.));
#8372 = DIRECTION('',(0.,1.,0.));
#8373 = ADVANCED_FACE('',(#8374),#8401,.T.);
#8374 = FACE_BOUND('',#8375,.T.);
#8375 = EDGE_LOOP('',(#8376,#8385,#8393,#8400));
#8376 = ORIENTED_EDGE('',*,*,#8377,.F.);
#8377 = EDGE_CURVE('',#8378,#8347,#8380,.T.);
#8378 = VERTEX_POINT('',#8379);
#8379 = CARTESIAN_POINT('',(30.56058977278,134.73777498623,2.5));
#8380 = CIRCLE('',#8381,0.576804761934);
#8381 = AXIS2_PLACEMENT_3D('',#8382,#8383,#8384);
#8382 = CARTESIAN_POINT('',(30.56058977278,135.31457974816,2.5));
#8383 = DIRECTION('',(0.,0.,1.));
#8384 = DIRECTION('',(0.,-1.,0.));
#8385 = ORIENTED_EDGE('',*,*,#8386,.T.);
#8386 = EDGE_CURVE('',#8378,#8387,#8389,.T.);
#8387 = VERTEX_POINT('',#8388);
#8388 = CARTESIAN_POINT('',(30.56058977278,134.73777498623,2.));
#8389 = LINE('',#8390,#8391);
#8390 = CARTESIAN_POINT('',(30.56058977278,134.73777498623,2.5));
#8391 = VECTOR('',#8392,1.);
#8392 = DIRECTION('',(0.,0.,-1.));
#8393 = ORIENTED_EDGE('',*,*,#8394,.T.);
#8394 = EDGE_CURVE('',#8387,#8355,#8395,.T.);
#8395 = CIRCLE('',#8396,0.576804761934);
#8396 = AXIS2_PLACEMENT_3D('',#8397,#8398,#8399);
#8397 = CARTESIAN_POINT('',(30.56058977278,135.31457974816,2.));
#8398 = DIRECTION('',(0.,0.,1.));
#8399 = DIRECTION('',(0.,-1.,0.));
#8400 = ORIENTED_EDGE('',*,*,#8354,.F.);
#8401 = CYLINDRICAL_SURFACE('',#8402,0.576804761934);
#8402 = AXIS2_PLACEMENT_3D('',#8403,#8404,#8405);
#8403 = CARTESIAN_POINT('',(30.56058977278,135.31457974816,2.5));
#8404 = DIRECTION('',(0.,0.,-1.));
#8405 = DIRECTION('',(0.,-1.,0.));
#8406 = ADVANCED_FACE('',(#8407),#8432,.F.);
#8407 = FACE_BOUND('',#8408,.T.);
#8408 = EDGE_LOOP('',(#8409,#8417,#8425,#8431));
#8409 = ORIENTED_EDGE('',*,*,#8410,.F.);
#8410 = EDGE_CURVE('',#8411,#8378,#8413,.T.);
#8411 = VERTEX_POINT('',#8412);
#8412 = CARTESIAN_POINT('',(29.89201538785,134.73777498622,2.5));
#8413 = LINE('',#8414,#8415);
#8414 = CARTESIAN_POINT('',(29.389923519348,134.73777498622,2.5));
#8415 = VECTOR('',#8416,1.);
#8416 = DIRECTION('',(1.,2.803063515158E-12,0.));
#8417 = ORIENTED_EDGE('',*,*,#8418,.T.);
#8418 = EDGE_CURVE('',#8411,#8419,#8421,.T.);
#8419 = VERTEX_POINT('',#8420);
#8420 = CARTESIAN_POINT('',(29.89201538785,134.73777498622,2.));
#8421 = LINE('',#8422,#8423);
#8422 = CARTESIAN_POINT('',(29.89201538785,134.73777498622,2.5));
#8423 = VECTOR('',#8424,1.);
#8424 = DIRECTION('',(0.,0.,-1.));
#8425 = ORIENTED_EDGE('',*,*,#8426,.T.);
#8426 = EDGE_CURVE('',#8419,#8387,#8427,.T.);
#8427 = LINE('',#8428,#8429);
#8428 = CARTESIAN_POINT('',(29.89201538785,134.73777498622,2.));
#8429 = VECTOR('',#8430,1.);
#8430 = DIRECTION('',(1.,2.803063515158E-12,0.));
#8431 = ORIENTED_EDGE('',*,*,#8386,.F.);
#8432 = PLANE('',#8433);
#8433 = AXIS2_PLACEMENT_3D('',#8434,#8435,#8436);
#8434 = CARTESIAN_POINT('',(29.89201538785,134.73777498622,2.5));
#8435 = DIRECTION('',(-2.803063515158E-12,1.,0.));
#8436 = DIRECTION('',(1.,2.803063515158E-12,0.));
#8437 = ADVANCED_FACE('',(#8438),#8463,.F.);
#8438 = FACE_BOUND('',#8439,.T.);
#8439 = EDGE_LOOP('',(#8440,#8448,#8456,#8462));
#8440 = ORIENTED_EDGE('',*,*,#8441,.F.);
#8441 = EDGE_CURVE('',#8442,#8411,#8444,.T.);
#8442 = VERTEX_POINT('',#8443);
#8443 = CARTESIAN_POINT('',(29.892015387817,141.08890629065,2.5));
#8444 = LINE('',#8445,#8446);
#8445 = CARTESIAN_POINT('',(29.892015387929,119.40577876507,2.5));
#8446 = VECTOR('',#8447,1.);
#8447 = DIRECTION('',(5.155324423529E-12,-1.,0.));
#8448 = ORIENTED_EDGE('',*,*,#8449,.T.);
#8449 = EDGE_CURVE('',#8442,#8450,#8452,.T.);
#8450 = VERTEX_POINT('',#8451);
#8451 = CARTESIAN_POINT('',(29.892015387817,141.08890629065,2.));
#8452 = LINE('',#8453,#8454);
#8453 = CARTESIAN_POINT('',(29.892015387817,141.08890629065,2.5));
#8454 = VECTOR('',#8455,1.);
#8455 = DIRECTION('',(0.,0.,-1.));
#8456 = ORIENTED_EDGE('',*,*,#8457,.T.);
#8457 = EDGE_CURVE('',#8450,#8419,#8458,.T.);
#8458 = LINE('',#8459,#8460);
#8459 = CARTESIAN_POINT('',(29.892015387817,141.08890629065,2.));
#8460 = VECTOR('',#8461,1.);
#8461 = DIRECTION('',(5.155324423529E-12,-1.,0.));
#8462 = ORIENTED_EDGE('',*,*,#8418,.F.);
#8463 = PLANE('',#8464);
#8464 = AXIS2_PLACEMENT_3D('',#8465,#8466,#8467);
#8465 = CARTESIAN_POINT('',(29.892015387817,141.08890629065,2.5));
#8466 = DIRECTION('',(1.,5.155324423529E-12,0.));
#8467 = DIRECTION('',(5.155324423529E-12,-1.,0.));
#8468 = ADVANCED_FACE('',(#8469),#8485,.F.);
#8469 = FACE_BOUND('',#8470,.T.);
#8470 = EDGE_LOOP('',(#8471,#8477,#8478,#8484));
#8471 = ORIENTED_EDGE('',*,*,#8472,.F.);
#8472 = EDGE_CURVE('',#8307,#8442,#8473,.T.);
#8473 = LINE('',#8474,#8475);
#8474 = CARTESIAN_POINT('',(29.724210711927,141.08890629065,2.5));
#8475 = VECTOR('',#8476,1.);
#8476 = DIRECTION('',(-1.,2.822990506834E-12,0.));
#8477 = ORIENTED_EDGE('',*,*,#8332,.T.);
#8478 = ORIENTED_EDGE('',*,*,#8479,.T.);
#8479 = EDGE_CURVE('',#8324,#8450,#8480,.T.);
#8480 = LINE('',#8481,#8482);
#8481 = CARTESIAN_POINT('',(30.56058977278,141.08890629065,2.));
#8482 = VECTOR('',#8483,1.);
#8483 = DIRECTION('',(-1.,2.822990506834E-12,0.));
#8484 = ORIENTED_EDGE('',*,*,#8449,.F.);
#8485 = PLANE('',#8486);
#8486 = AXIS2_PLACEMENT_3D('',#8487,#8488,#8489);
#8487 = CARTESIAN_POINT('',(30.56058977278,141.08890629065,2.5));
#8488 = DIRECTION('',(-2.822990506834E-12,-1.,0.));
#8489 = DIRECTION('',(-1.,2.822990506834E-12,0.));
#8490 = ADVANCED_FACE('',(#8491),#8516,.F.);
#8491 = FACE_BOUND('',#8492,.T.);
#8492 = EDGE_LOOP('',(#8493,#8494,#8502,#8510));
#8493 = ORIENTED_EDGE('',*,*,#843,.F.);
#8494 = ORIENTED_EDGE('',*,*,#8495,.T.);
#8495 = EDGE_CURVE('',#844,#8496,#8498,.T.);
#8496 = VERTEX_POINT('',#8497);
#8497 = CARTESIAN_POINT('',(27.103407043636,143.39612533838,2.));
#8498 = LINE('',#8499,#8500);
#8499 = CARTESIAN_POINT('',(27.103407043636,143.39612533838,2.5));
#8500 = VECTOR('',#8501,1.);
#8501 = DIRECTION('',(0.,0.,-1.));
#8502 = ORIENTED_EDGE('',*,*,#8503,.T.);
#8503 = EDGE_CURVE('',#8496,#8504,#8506,.T.);
#8504 = VERTEX_POINT('',#8505);
#8505 = CARTESIAN_POINT('',(30.56058977278,143.39612533838,2.));
#8506 = LINE('',#8507,#8508);
#8507 = CARTESIAN_POINT('',(30.56058977278,143.39612533838,2.));
#8508 = VECTOR('',#8509,1.);
#8509 = DIRECTION('',(1.,0.,0.));
#8510 = ORIENTED_EDGE('',*,*,#8511,.F.);
#8511 = EDGE_CURVE('',#846,#8504,#8512,.T.);
#8512 = LINE('',#8513,#8514);
#8513 = CARTESIAN_POINT('',(30.56058977278,143.39612533838,2.5));
#8514 = VECTOR('',#8515,1.);
#8515 = DIRECTION('',(0.,0.,-1.));
#8516 = PLANE('',#8517);
#8517 = AXIS2_PLACEMENT_3D('',#8518,#8519,#8520);
#8518 = CARTESIAN_POINT('',(27.103407043636,143.39612533838,2.5));
#8519 = DIRECTION('',(0.,1.,0.));
#8520 = DIRECTION('',(1.,0.,0.));
#8521 = ADVANCED_FACE('',(#8522),#8541,.F.);
#8522 = FACE_BOUND('',#8523,.F.);
#8523 = EDGE_LOOP('',(#8524,#8525,#8534,#8540));
#8524 = ORIENTED_EDGE('',*,*,#8495,.T.);
#8525 = ORIENTED_EDGE('',*,*,#8526,.F.);
#8526 = EDGE_CURVE('',#8527,#8496,#8529,.T.);
#8527 = VERTEX_POINT('',#8528);
#8528 = CARTESIAN_POINT('',(24.219383233964,140.51210152871,2.));
#8529 = CIRCLE('',#8530,2.884023809672);
#8530 = AXIS2_PLACEMENT_3D('',#8531,#8532,#8533);
#8531 = CARTESIAN_POINT('',(27.103407043636,140.51210152871,2.));
#8532 = DIRECTION('',(0.,0.,-1.));
#8533 = DIRECTION('',(9.623906544235E-17,1.,0.));
#8534 = ORIENTED_EDGE('',*,*,#8535,.F.);
#8535 = EDGE_CURVE('',#947,#8527,#8536,.T.);
#8536 = LINE('',#8537,#8538);
#8537 = CARTESIAN_POINT('',(24.219383233964,140.51210152871,2.5));
#8538 = VECTOR('',#8539,1.);
#8539 = DIRECTION('',(0.,0.,-1.));
#8540 = ORIENTED_EDGE('',*,*,#954,.T.);
#8541 = CYLINDRICAL_SURFACE('',#8542,2.884023809672);
#8542 = AXIS2_PLACEMENT_3D('',#8543,#8544,#8545);
#8543 = CARTESIAN_POINT('',(27.103407043636,140.51210152871,2.5));
#8544 = DIRECTION('',(0.,0.,-1.));
#8545 = DIRECTION('',(9.623906544235E-17,1.,0.));
#8546 = ADVANCED_FACE('',(#8547),#8565,.F.);
#8547 = FACE_BOUND('',#8548,.T.);
#8548 = EDGE_LOOP('',(#8549,#8550,#8558,#8564));
#8549 = ORIENTED_EDGE('',*,*,#946,.F.);
#8550 = ORIENTED_EDGE('',*,*,#8551,.T.);
#8551 = EDGE_CURVE('',#939,#8552,#8554,.T.);
#8552 = VERTEX_POINT('',#8553);
#8553 = CARTESIAN_POINT('',(24.219383233965,135.8435791157,2.));
#8554 = LINE('',#8555,#8556);
#8555 = CARTESIAN_POINT('',(24.219383233965,135.8435791157,2.5));
#8556 = VECTOR('',#8557,1.);
#8557 = DIRECTION('',(0.,0.,-1.));
#8558 = ORIENTED_EDGE('',*,*,#8559,.T.);
#8559 = EDGE_CURVE('',#8552,#8527,#8560,.T.);
#8560 = LINE('',#8561,#8562);
#8561 = CARTESIAN_POINT('',(24.219383233964,140.51210152871,2.));
#8562 = VECTOR('',#8563,1.);
#8563 = DIRECTION('',(-2.335297796032E-13,1.,0.));
#8564 = ORIENTED_EDGE('',*,*,#8535,.F.);
#8565 = PLANE('',#8566);
#8566 = AXIS2_PLACEMENT_3D('',#8567,#8568,#8569);
#8567 = CARTESIAN_POINT('',(24.219383233965,135.8435791157,2.5));
#8568 = DIRECTION('',(-1.,-2.335297796032E-13,0.));
#8569 = DIRECTION('',(-2.335297796032E-13,1.,0.));
#8570 = ADVANCED_FACE('',(#8571),#8589,.F.);
#8571 = FACE_BOUND('',#8572,.T.);
#8572 = EDGE_LOOP('',(#8573,#8574,#8582,#8588));
#8573 = ORIENTED_EDGE('',*,*,#938,.F.);
#8574 = ORIENTED_EDGE('',*,*,#8575,.T.);
#8575 = EDGE_CURVE('',#930,#8576,#8578,.T.);
#8576 = VERTEX_POINT('',#8577);
#8577 = CARTESIAN_POINT('',(24.25609691914,135.8435791157,2.));
#8578 = LINE('',#8579,#8580);
#8579 = CARTESIAN_POINT('',(24.25609691914,135.8435791157,2.5));
#8580 = VECTOR('',#8581,1.);
#8581 = DIRECTION('',(0.,0.,-1.));
#8582 = ORIENTED_EDGE('',*,*,#8583,.T.);
#8583 = EDGE_CURVE('',#8576,#8552,#8584,.T.);
#8584 = LINE('',#8585,#8586);
#8585 = CARTESIAN_POINT('',(24.25609691914,135.8435791157,2.));
#8586 = VECTOR('',#8587,1.);
#8587 = DIRECTION('',(-1.,0.,0.));
#8588 = ORIENTED_EDGE('',*,*,#8551,.F.);
#8589 = PLANE('',#8590);
#8590 = AXIS2_PLACEMENT_3D('',#8591,#8592,#8593);
#8591 = CARTESIAN_POINT('',(24.25609691914,135.8435791157,2.5));
#8592 = DIRECTION('',(0.,-1.,0.));
#8593 = DIRECTION('',(-1.,0.,0.));
#8594 = ADVANCED_FACE('',(#8595),#8614,.F.);
#8595 = FACE_BOUND('',#8596,.F.);
#8596 = EDGE_LOOP('',(#8597,#8598,#8607,#8613));
#8597 = ORIENTED_EDGE('',*,*,#8575,.T.);
#8598 = ORIENTED_EDGE('',*,*,#8599,.F.);
#8599 = EDGE_CURVE('',#8600,#8576,#8602,.T.);
#8600 = VERTEX_POINT('',#8601);
#8601 = CARTESIAN_POINT('',(26.526602281701,135.8435791157,2.));
#8602 = CIRCLE('',#8603,1.135252681281);
#8603 = AXIS2_PLACEMENT_3D('',#8604,#8605,#8606);
#8604 = CARTESIAN_POINT('',(25.391349600421,135.8435791157,2.));
#8605 = DIRECTION('',(0.,0.,-1.));
#8606 = DIRECTION('',(-1.,0.,0.));
#8607 = ORIENTED_EDGE('',*,*,#8608,.F.);
#8608 = EDGE_CURVE('',#922,#8600,#8609,.T.);
#8609 = LINE('',#8610,#8611);
#8610 = CARTESIAN_POINT('',(26.526602281701,135.8435791157,2.5));
#8611 = VECTOR('',#8612,1.);
#8612 = DIRECTION('',(0.,0.,-1.));
#8613 = ORIENTED_EDGE('',*,*,#929,.T.);
#8614 = CYLINDRICAL_SURFACE('',#8615,1.135252681281);
#8615 = AXIS2_PLACEMENT_3D('',#8616,#8617,#8618);
#8616 = CARTESIAN_POINT('',(25.391349600421,135.8435791157,2.5));
#8617 = DIRECTION('',(0.,0.,-1.));
#8618 = DIRECTION('',(-1.,0.,0.));
#8619 = ADVANCED_FACE('',(#8620),#8638,.F.);
#8620 = FACE_BOUND('',#8621,.T.);
#8621 = EDGE_LOOP('',(#8622,#8623,#8631,#8637));
#8622 = ORIENTED_EDGE('',*,*,#921,.F.);
#8623 = ORIENTED_EDGE('',*,*,#8624,.T.);
#8624 = EDGE_CURVE('',#913,#8625,#8627,.T.);
#8625 = VERTEX_POINT('',#8626);
#8626 = CARTESIAN_POINT('',(26.526602281702,140.51210152871,2.));
#8627 = LINE('',#8628,#8629);
#8628 = CARTESIAN_POINT('',(26.526602281702,140.51210152871,2.5));
#8629 = VECTOR('',#8630,1.);
#8630 = DIRECTION('',(0.,0.,-1.));
#8631 = ORIENTED_EDGE('',*,*,#8632,.T.);
#8632 = EDGE_CURVE('',#8625,#8600,#8633,.T.);
#8633 = LINE('',#8634,#8635);
#8634 = CARTESIAN_POINT('',(26.526602281702,140.51210152871,2.));
#8635 = VECTOR('',#8636,1.);
#8636 = DIRECTION('',(-1.091549580834E-13,-1.,0.));
#8637 = ORIENTED_EDGE('',*,*,#8608,.F.);
#8638 = PLANE('',#8639);
#8639 = AXIS2_PLACEMENT_3D('',#8640,#8641,#8642);
#8640 = CARTESIAN_POINT('',(26.526602281702,140.51210152871,2.5));
#8641 = DIRECTION('',(1.,-1.091549580834E-13,0.));
#8642 = DIRECTION('',(-1.091549580834E-13,-1.,0.));
#8643 = ADVANCED_FACE('',(#8644),#8663,.T.);
#8644 = FACE_BOUND('',#8645,.T.);
#8645 = EDGE_LOOP('',(#8646,#8647,#8655,#8662));
#8646 = ORIENTED_EDGE('',*,*,#912,.F.);
#8647 = ORIENTED_EDGE('',*,*,#8648,.T.);
#8648 = EDGE_CURVE('',#905,#8649,#8651,.T.);
#8649 = VERTEX_POINT('',#8650);
#8650 = CARTESIAN_POINT('',(27.103407043636,141.08890629065,2.));
#8651 = LINE('',#8652,#8653);
#8652 = CARTESIAN_POINT('',(27.103407043636,141.08890629065,2.5));
#8653 = VECTOR('',#8654,1.);
#8654 = DIRECTION('',(0.,0.,-1.));
#8655 = ORIENTED_EDGE('',*,*,#8656,.T.);
#8656 = EDGE_CURVE('',#8649,#8625,#8657,.T.);
#8657 = CIRCLE('',#8658,0.576804761934);
#8658 = AXIS2_PLACEMENT_3D('',#8659,#8660,#8661);
#8659 = CARTESIAN_POINT('',(27.103407043636,140.51210152871,2.));
#8660 = DIRECTION('',(0.,-0.,1.));
#8661 = DIRECTION('',(0.,1.,0.));
#8662 = ORIENTED_EDGE('',*,*,#8624,.F.);
#8663 = CYLINDRICAL_SURFACE('',#8664,0.576804761934);
#8664 = AXIS2_PLACEMENT_3D('',#8665,#8666,#8667);
#8665 = CARTESIAN_POINT('',(27.103407043636,140.51210152871,2.5));
#8666 = DIRECTION('',(0.,0.,-1.));
#8667 = DIRECTION('',(0.,1.,0.));
#8668 = ADVANCED_FACE('',(#8669),#8687,.F.);
#8669 = FACE_BOUND('',#8670,.T.);
#8670 = EDGE_LOOP('',(#8671,#8672,#8680,#8686));
#8671 = ORIENTED_EDGE('',*,*,#904,.F.);
#8672 = ORIENTED_EDGE('',*,*,#8673,.T.);
#8673 = EDGE_CURVE('',#897,#8674,#8676,.T.);
#8674 = VERTEX_POINT('',#8675);
#8675 = CARTESIAN_POINT('',(27.584796340085,141.08890629065,2.));
#8676 = LINE('',#8677,#8678);
#8677 = CARTESIAN_POINT('',(27.584796340085,141.08890629065,2.5));
#8678 = VECTOR('',#8679,1.);
#8679 = DIRECTION('',(0.,0.,-1.));
#8680 = ORIENTED_EDGE('',*,*,#8681,.T.);
#8681 = EDGE_CURVE('',#8674,#8649,#8682,.T.);
#8682 = LINE('',#8683,#8684);
#8683 = CARTESIAN_POINT('',(27.103407043636,141.08890629065,2.));
#8684 = VECTOR('',#8685,1.);
#8685 = DIRECTION('',(-1.,-3.920691955112E-12,0.));
#8686 = ORIENTED_EDGE('',*,*,#8648,.F.);
#8687 = PLANE('',#8688);
#8688 = AXIS2_PLACEMENT_3D('',#8689,#8690,#8691);
#8689 = CARTESIAN_POINT('',(27.584796340085,141.08890629065,2.5));
#8690 = DIRECTION('',(3.920691955112E-12,-1.,0.));
#8691 = DIRECTION('',(-1.,-3.920691955112E-12,0.));
#8692 = ADVANCED_FACE('',(#8693),#8711,.F.);
#8693 = FACE_BOUND('',#8694,.T.);
#8694 = EDGE_LOOP('',(#8695,#8696,#8704,#8710));
#8695 = ORIENTED_EDGE('',*,*,#896,.F.);
#8696 = ORIENTED_EDGE('',*,*,#8697,.T.);
#8697 = EDGE_CURVE('',#888,#8698,#8700,.T.);
#8698 = VERTEX_POINT('',#8699);
#8699 = CARTESIAN_POINT('',(27.584796340121,133.58416546235,2.));
#8700 = LINE('',#8701,#8702);
#8701 = CARTESIAN_POINT('',(27.584796340121,133.58416546235,2.5));
#8702 = VECTOR('',#8703,1.);
#8703 = DIRECTION('',(0.,0.,-1.));
#8704 = ORIENTED_EDGE('',*,*,#8705,.T.);
#8705 = EDGE_CURVE('',#8698,#8674,#8706,.T.);
#8706 = LINE('',#8707,#8708);
#8707 = CARTESIAN_POINT('',(27.584796340085,141.08890629065,2.));
#8708 = VECTOR('',#8709,1.);
#8709 = DIRECTION('',(-4.847574207193E-12,1.,0.));
#8710 = ORIENTED_EDGE('',*,*,#8673,.F.);
#8711 = PLANE('',#8712);
#8712 = AXIS2_PLACEMENT_3D('',#8713,#8714,#8715);
#8713 = CARTESIAN_POINT('',(27.584796340121,133.58416546235,2.5));
#8714 = DIRECTION('',(-1.,-4.847574207193E-12,0.));
#8715 = DIRECTION('',(-4.847574207193E-12,1.,0.));
#8716 = ADVANCED_FACE('',(#8717),#8736,.F.);
#8717 = FACE_BOUND('',#8718,.F.);
#8718 = EDGE_LOOP('',(#8719,#8720,#8729,#8735));
#8719 = ORIENTED_EDGE('',*,*,#8697,.T.);
#8720 = ORIENTED_EDGE('',*,*,#8721,.F.);
#8721 = EDGE_CURVE('',#8722,#8698,#8724,.T.);
#8722 = VERTEX_POINT('',#8723);
#8723 = CARTESIAN_POINT('',(28.738405863987,132.43055593849,2.));
#8724 = CIRCLE('',#8725,1.153609523868);
#8725 = AXIS2_PLACEMENT_3D('',#8726,#8727,#8728);
#8726 = CARTESIAN_POINT('',(28.738405863989,133.58416546236,2.));
#8727 = DIRECTION('',(0.,0.,-1.));
#8728 = DIRECTION('',(-1.,-4.338457070145E-12,-0.));
#8729 = ORIENTED_EDGE('',*,*,#8730,.F.);
#8730 = EDGE_CURVE('',#880,#8722,#8731,.T.);
#8731 = LINE('',#8732,#8733);
#8732 = CARTESIAN_POINT('',(28.738405863987,132.43055593849,2.5));
#8733 = VECTOR('',#8734,1.);
#8734 = DIRECTION('',(0.,0.,-1.));
#8735 = ORIENTED_EDGE('',*,*,#887,.T.);
#8736 = CYLINDRICAL_SURFACE('',#8737,1.153609523868);
#8737 = AXIS2_PLACEMENT_3D('',#8738,#8739,#8740);
#8738 = CARTESIAN_POINT('',(28.738405863989,133.58416546236,2.5));
#8739 = DIRECTION('',(0.,0.,-1.));
#8740 = DIRECTION('',(-1.,-4.338457070145E-12,-0.));
#8741 = ADVANCED_FACE('',(#8742),#8760,.F.);
#8742 = FACE_BOUND('',#8743,.T.);
#8743 = EDGE_LOOP('',(#8744,#8745,#8753,#8759));
#8744 = ORIENTED_EDGE('',*,*,#879,.F.);
#8745 = ORIENTED_EDGE('',*,*,#8746,.T.);
#8746 = EDGE_CURVE('',#871,#8747,#8749,.T.);
#8747 = VERTEX_POINT('',#8748);
#8748 = CARTESIAN_POINT('',(30.56058977278,132.43055593849,2.));
#8749 = LINE('',#8750,#8751);
#8750 = CARTESIAN_POINT('',(30.56058977278,132.43055593849,2.5));
#8751 = VECTOR('',#8752,1.);
#8752 = DIRECTION('',(0.,0.,-1.));
#8753 = ORIENTED_EDGE('',*,*,#8754,.T.);
#8754 = EDGE_CURVE('',#8747,#8722,#8755,.T.);
#8755 = LINE('',#8756,#8757);
#8756 = CARTESIAN_POINT('',(28.738405863987,132.43055593849,2.));
#8757 = VECTOR('',#8758,1.);
#8758 = DIRECTION('',(-1.,9.748504697186E-14,0.));
#8759 = ORIENTED_EDGE('',*,*,#8730,.F.);
#8760 = PLANE('',#8761);
#8761 = AXIS2_PLACEMENT_3D('',#8762,#8763,#8764);
#8762 = CARTESIAN_POINT('',(30.56058977278,132.43055593849,2.5));
#8763 = DIRECTION('',(-9.748504697186E-14,-1.,0.));
#8764 = DIRECTION('',(-1.,9.748504697186E-14,0.));
#8765 = ADVANCED_FACE('',(#8766),#8785,.F.);
#8766 = FACE_BOUND('',#8767,.F.);
#8767 = EDGE_LOOP('',(#8768,#8769,#8778,#8784));
#8768 = ORIENTED_EDGE('',*,*,#8746,.T.);
#8769 = ORIENTED_EDGE('',*,*,#8770,.F.);
#8770 = EDGE_CURVE('',#8771,#8747,#8773,.T.);
#8771 = VERTEX_POINT('',#8772);
#8772 = CARTESIAN_POINT('',(33.444613582452,135.31457974816,2.));
#8773 = CIRCLE('',#8774,2.884023809672);
#8774 = AXIS2_PLACEMENT_3D('',#8775,#8776,#8777);
#8775 = CARTESIAN_POINT('',(30.56058977278,135.31457974816,2.));
#8776 = DIRECTION('',(0.,0.,-1.));
#8777 = DIRECTION('',(-1.924781308847E-16,-1.,-0.));
#8778 = ORIENTED_EDGE('',*,*,#8779,.F.);
#8779 = EDGE_CURVE('',#863,#8771,#8780,.T.);
#8780 = LINE('',#8781,#8782);
#8781 = CARTESIAN_POINT('',(33.444613582452,135.31457974816,2.5));
#8782 = VECTOR('',#8783,1.);
#8783 = DIRECTION('',(0.,0.,-1.));
#8784 = ORIENTED_EDGE('',*,*,#870,.T.);
#8785 = CYLINDRICAL_SURFACE('',#8786,2.884023809672);
#8786 = AXIS2_PLACEMENT_3D('',#8787,#8788,#8789);
#8787 = CARTESIAN_POINT('',(30.56058977278,135.31457974816,2.5));
#8788 = DIRECTION('',(0.,0.,-1.));
#8789 = DIRECTION('',(-1.924781308847E-16,-1.,-0.));
#8790 = ADVANCED_FACE('',(#8791),#8809,.F.);
#8791 = FACE_BOUND('',#8792,.T.);
#8792 = EDGE_LOOP('',(#8793,#8794,#8802,#8808));
#8793 = ORIENTED_EDGE('',*,*,#862,.F.);
#8794 = ORIENTED_EDGE('',*,*,#8795,.T.);
#8795 = EDGE_CURVE('',#854,#8796,#8798,.T.);
#8796 = VERTEX_POINT('',#8797);
#8797 = CARTESIAN_POINT('',(33.444613582452,140.51210152871,2.));
#8798 = LINE('',#8799,#8800);
#8799 = CARTESIAN_POINT('',(33.444613582452,140.51210152871,2.5));
#8800 = VECTOR('',#8801,1.);
#8801 = DIRECTION('',(0.,0.,-1.));
#8802 = ORIENTED_EDGE('',*,*,#8803,.T.);
#8803 = EDGE_CURVE('',#8796,#8771,#8804,.T.);
#8804 = LINE('',#8805,#8806);
#8805 = CARTESIAN_POINT('',(33.444613582452,140.51210152871,2.));
#8806 = VECTOR('',#8807,1.);
#8807 = DIRECTION('',(0.,-1.,0.));
#8808 = ORIENTED_EDGE('',*,*,#8779,.F.);
#8809 = PLANE('',#8810);
#8810 = AXIS2_PLACEMENT_3D('',#8811,#8812,#8813);
#8811 = CARTESIAN_POINT('',(33.444613582452,140.51210152871,2.5));
#8812 = DIRECTION('',(1.,0.,0.));
#8813 = DIRECTION('',(0.,-1.,0.));
#8814 = ADVANCED_FACE('',(#8815),#8827,.F.);
#8815 = FACE_BOUND('',#8816,.F.);
#8816 = EDGE_LOOP('',(#8817,#8818,#8825,#8826));
#8817 = ORIENTED_EDGE('',*,*,#8795,.T.);
#8818 = ORIENTED_EDGE('',*,*,#8819,.F.);
#8819 = EDGE_CURVE('',#8504,#8796,#8820,.T.);
#8820 = CIRCLE('',#8821,2.884023809672);
#8821 = AXIS2_PLACEMENT_3D('',#8822,#8823,#8824);
#8822 = CARTESIAN_POINT('',(30.56058977278,140.51210152871,2.));
#8823 = DIRECTION('',(0.,0.,-1.));
#8824 = DIRECTION('',(1.,0.,0.));
#8825 = ORIENTED_EDGE('',*,*,#8511,.F.);
#8826 = ORIENTED_EDGE('',*,*,#853,.T.);
#8827 = CYLINDRICAL_SURFACE('',#8828,2.884023809672);
#8828 = AXIS2_PLACEMENT_3D('',#8829,#8830,#8831);
#8829 = CARTESIAN_POINT('',(30.56058977278,140.51210152871,2.5));
#8830 = DIRECTION('',(0.,0.,-1.));
#8831 = DIRECTION('',(1.,0.,0.));
#8832 = ADVANCED_FACE('',(#8833,#8849),#8857,.T.);
#8833 = FACE_BOUND('',#8834,.T.);
#8834 = EDGE_LOOP('',(#8835,#8836,#8837,#8838,#8839,#8840,#8841,#8842,
    #8843,#8844,#8845,#8846,#8847,#8848));
#8835 = ORIENTED_EDGE('',*,*,#8819,.F.);
#8836 = ORIENTED_EDGE('',*,*,#8503,.F.);
#8837 = ORIENTED_EDGE('',*,*,#8526,.F.);
#8838 = ORIENTED_EDGE('',*,*,#8559,.F.);
#8839 = ORIENTED_EDGE('',*,*,#8583,.F.);
#8840 = ORIENTED_EDGE('',*,*,#8599,.F.);
#8841 = ORIENTED_EDGE('',*,*,#8632,.F.);
#8842 = ORIENTED_EDGE('',*,*,#8656,.F.);
#8843 = ORIENTED_EDGE('',*,*,#8681,.F.);
#8844 = ORIENTED_EDGE('',*,*,#8705,.F.);
#8845 = ORIENTED_EDGE('',*,*,#8721,.F.);
#8846 = ORIENTED_EDGE('',*,*,#8754,.F.);
#8847 = ORIENTED_EDGE('',*,*,#8770,.F.);
#8848 = ORIENTED_EDGE('',*,*,#8803,.F.);
#8849 = FACE_BOUND('',#8850,.T.);
#8850 = EDGE_LOOP('',(#8851,#8852,#8853,#8854,#8855,#8856));
#8851 = ORIENTED_EDGE('',*,*,#8479,.F.);
#8852 = ORIENTED_EDGE('',*,*,#8323,.F.);
#8853 = ORIENTED_EDGE('',*,*,#8362,.F.);
#8854 = ORIENTED_EDGE('',*,*,#8394,.F.);
#8855 = ORIENTED_EDGE('',*,*,#8426,.F.);
#8856 = ORIENTED_EDGE('',*,*,#8457,.F.);
#8857 = PLANE('',#8858);
#8858 = AXIS2_PLACEMENT_3D('',#8859,#8860,#8861);
#8859 = CARTESIAN_POINT('',(28.831998408208,137.91334063844,2.));
#8860 = DIRECTION('',(0.,0.,1.));
#8861 = DIRECTION('',(1.,0.,-0.));
#8862 = ADVANCED_FACE('',(#8863),#8888,.F.);
#8863 = FACE_BOUND('',#8864,.T.);
#8864 = EDGE_LOOP('',(#8865,#8866,#8874,#8882));
#8865 = ORIENTED_EDGE('',*,*,#963,.F.);
#8866 = ORIENTED_EDGE('',*,*,#8867,.T.);
#8867 = EDGE_CURVE('',#964,#8868,#8870,.T.);
#8868 = VERTEX_POINT('',#8869);
#8869 = CARTESIAN_POINT('',(27.733226458156,99.114892612179,2.));
#8870 = LINE('',#8871,#8872);
#8871 = CARTESIAN_POINT('',(27.733226458156,99.114892612179,2.5));
#8872 = VECTOR('',#8873,1.);
#8873 = DIRECTION('',(0.,0.,-1.));
#8874 = ORIENTED_EDGE('',*,*,#8875,.T.);
#8875 = EDGE_CURVE('',#8868,#8876,#8878,.T.);
#8876 = VERTEX_POINT('',#8877);
#8877 = CARTESIAN_POINT('',(29.896244315411,99.114892612179,2.));
#8878 = LINE('',#8879,#8880);
#8879 = CARTESIAN_POINT('',(27.733226458156,99.114892612179,2.));
#8880 = VECTOR('',#8881,1.);
#8881 = DIRECTION('',(1.,0.,0.));
#8882 = ORIENTED_EDGE('',*,*,#8883,.F.);
#8883 = EDGE_CURVE('',#966,#8876,#8884,.T.);
#8884 = LINE('',#8885,#8886);
#8885 = CARTESIAN_POINT('',(29.896244315411,99.114892612179,2.5));
#8886 = VECTOR('',#8887,1.);
#8887 = DIRECTION('',(0.,0.,-1.));
#8888 = PLANE('',#8889);
#8889 = AXIS2_PLACEMENT_3D('',#8890,#8891,#8892);
#8890 = CARTESIAN_POINT('',(27.733226458156,99.114892612179,2.5));
#8891 = DIRECTION('',(0.,1.,0.));
#8892 = DIRECTION('',(1.,0.,0.));
#8893 = ADVANCED_FACE('',(#8894),#8913,.F.);
#8894 = FACE_BOUND('',#8895,.F.);
#8895 = EDGE_LOOP('',(#8896,#8897,#8906,#8912));
#8896 = ORIENTED_EDGE('',*,*,#8867,.T.);
#8897 = ORIENTED_EDGE('',*,*,#8898,.F.);
#8898 = EDGE_CURVE('',#8899,#8868,#8901,.T.);
#8899 = VERTEX_POINT('',#8900);
#8900 = CARTESIAN_POINT('',(26.291214553321,97.672880707343,2.));
#8901 = CIRCLE('',#8902,1.442011904836);
#8902 = AXIS2_PLACEMENT_3D('',#8903,#8904,#8905);
#8903 = CARTESIAN_POINT('',(27.733226458157,97.672880707343,2.));
#8904 = DIRECTION('',(0.,0.,-1.));
#8905 = DIRECTION('',(-1.,-1.601418048961E-13,-0.));
#8906 = ORIENTED_EDGE('',*,*,#8907,.F.);
#8907 = EDGE_CURVE('',#1017,#8899,#8908,.T.);
#8908 = LINE('',#8909,#8910);
#8909 = CARTESIAN_POINT('',(26.291214553321,97.672880707343,2.5));
#8910 = VECTOR('',#8911,1.);
#8911 = DIRECTION('',(0.,0.,-1.));
#8912 = ORIENTED_EDGE('',*,*,#1024,.T.);
#8913 = CYLINDRICAL_SURFACE('',#8914,1.442011904836);
#8914 = AXIS2_PLACEMENT_3D('',#8915,#8916,#8917);
#8915 = CARTESIAN_POINT('',(27.733226458157,97.672880707343,2.5));
#8916 = DIRECTION('',(0.,0.,-1.));
#8917 = DIRECTION('',(-1.,-1.601418048961E-13,-0.));
#8918 = ADVANCED_FACE('',(#8919),#8937,.F.);
#8919 = FACE_BOUND('',#8920,.T.);
#8920 = EDGE_LOOP('',(#8921,#8922,#8930,#8936));
#8921 = ORIENTED_EDGE('',*,*,#1016,.F.);
#8922 = ORIENTED_EDGE('',*,*,#8923,.T.);
#8923 = EDGE_CURVE('',#1008,#8924,#8926,.T.);
#8924 = VERTEX_POINT('',#8925);
#8925 = CARTESIAN_POINT('',(26.291214553321,90.087249251389,2.));
#8926 = LINE('',#8927,#8928);
#8927 = CARTESIAN_POINT('',(26.291214553321,90.087249251389,2.5));
#8928 = VECTOR('',#8929,1.);
#8929 = DIRECTION('',(0.,0.,-1.));
#8930 = ORIENTED_EDGE('',*,*,#8931,.T.);
#8931 = EDGE_CURVE('',#8924,#8899,#8932,.T.);
#8932 = LINE('',#8933,#8934);
#8933 = CARTESIAN_POINT('',(26.291214553321,90.087249251389,2.));
#8934 = VECTOR('',#8935,1.);
#8935 = DIRECTION('',(2.19538023513E-16,1.,0.));
#8936 = ORIENTED_EDGE('',*,*,#8907,.F.);
#8937 = PLANE('',#8938);
#8938 = AXIS2_PLACEMENT_3D('',#8939,#8940,#8941);
#8939 = CARTESIAN_POINT('',(26.291214553321,90.087249251389,2.5));
#8940 = DIRECTION('',(-1.,2.19538023513E-16,0.));
#8941 = DIRECTION('',(2.19538023513E-16,1.,0.));
#8942 = ADVANCED_FACE('',(#8943),#8962,.F.);
#8943 = FACE_BOUND('',#8944,.F.);
#8944 = EDGE_LOOP('',(#8945,#8946,#8955,#8961));
#8945 = ORIENTED_EDGE('',*,*,#8923,.T.);
#8946 = ORIENTED_EDGE('',*,*,#8947,.F.);
#8947 = EDGE_CURVE('',#8948,#8924,#8950,.T.);
#8948 = VERTEX_POINT('',#8949);
#8949 = CARTESIAN_POINT('',(27.733226458156,88.645237346553,2.));
#8950 = CIRCLE('',#8951,1.442011904836);
#8951 = AXIS2_PLACEMENT_3D('',#8952,#8953,#8954);
#8952 = CARTESIAN_POINT('',(27.733226458157,90.087249251389,2.));
#8953 = DIRECTION('',(0.,0.,-1.));
#8954 = DIRECTION('',(-3.198024144649E-13,-1.,-0.));
#8955 = ORIENTED_EDGE('',*,*,#8956,.F.);
#8956 = EDGE_CURVE('',#1000,#8948,#8957,.T.);
#8957 = LINE('',#8958,#8959);
#8958 = CARTESIAN_POINT('',(27.733226458156,88.645237346553,2.5));
#8959 = VECTOR('',#8960,1.);
#8960 = DIRECTION('',(0.,0.,-1.));
#8961 = ORIENTED_EDGE('',*,*,#1007,.T.);
#8962 = CYLINDRICAL_SURFACE('',#8963,1.442011904836);
#8963 = AXIS2_PLACEMENT_3D('',#8964,#8965,#8966);
#8964 = CARTESIAN_POINT('',(27.733226458157,90.087249251389,2.5));
#8965 = DIRECTION('',(0.,0.,-1.));
#8966 = DIRECTION('',(-3.198024144649E-13,-1.,-0.));
#8967 = ADVANCED_FACE('',(#8968),#8986,.F.);
#8968 = FACE_BOUND('',#8969,.T.);
#8969 = EDGE_LOOP('',(#8970,#8971,#8979,#8985));
#8970 = ORIENTED_EDGE('',*,*,#999,.F.);
#8971 = ORIENTED_EDGE('',*,*,#8972,.T.);
#8972 = EDGE_CURVE('',#991,#8973,#8975,.T.);
#8973 = VERTEX_POINT('',#8974);
#8974 = CARTESIAN_POINT('',(29.896244315411,88.645237346553,2.));
#8975 = LINE('',#8976,#8977);
#8976 = CARTESIAN_POINT('',(29.896244315411,88.645237346553,2.5));
#8977 = VECTOR('',#8978,1.);
#8978 = DIRECTION('',(0.,0.,-1.));
#8979 = ORIENTED_EDGE('',*,*,#8980,.T.);
#8980 = EDGE_CURVE('',#8973,#8948,#8981,.T.);
#8981 = LINE('',#8982,#8983);
#8982 = CARTESIAN_POINT('',(29.896244315411,88.645237346553,2.));
#8983 = VECTOR('',#8984,1.);
#8984 = DIRECTION('',(-1.,0.,0.));
#8985 = ORIENTED_EDGE('',*,*,#8956,.F.);
#8986 = PLANE('',#8987);
#8987 = AXIS2_PLACEMENT_3D('',#8988,#8989,#8990);
#8988 = CARTESIAN_POINT('',(29.896244315411,88.645237346553,2.5));
#8989 = DIRECTION('',(0.,-1.,0.));
#8990 = DIRECTION('',(-1.,0.,0.));
#8991 = ADVANCED_FACE('',(#8992),#9011,.F.);
#8992 = FACE_BOUND('',#8993,.F.);
#8993 = EDGE_LOOP('',(#8994,#8995,#9004,#9010));
#8994 = ORIENTED_EDGE('',*,*,#8972,.T.);
#8995 = ORIENTED_EDGE('',*,*,#8996,.F.);
#8996 = EDGE_CURVE('',#8997,#8973,#8999,.T.);
#8997 = VERTEX_POINT('',#8998);
#8998 = CARTESIAN_POINT('',(31.338256220246,90.087249251389,2.));
#8999 = CIRCLE('',#9000,1.442011904836);
#9000 = AXIS2_PLACEMENT_3D('',#9001,#9002,#9003);
#9001 = CARTESIAN_POINT('',(29.89624431541,90.087249251389,2.));
#9002 = DIRECTION('',(0.,0.,-1.));
#9003 = DIRECTION('',(1.,3.125844845567E-13,0.));
#9004 = ORIENTED_EDGE('',*,*,#9005,.F.);
#9005 = EDGE_CURVE('',#983,#8997,#9006,.T.);
#9006 = LINE('',#9007,#9008);
#9007 = CARTESIAN_POINT('',(31.338256220246,90.087249251389,2.5));
#9008 = VECTOR('',#9009,1.);
#9009 = DIRECTION('',(0.,0.,-1.));
#9010 = ORIENTED_EDGE('',*,*,#990,.T.);
#9011 = CYLINDRICAL_SURFACE('',#9012,1.442011904836);
#9012 = AXIS2_PLACEMENT_3D('',#9013,#9014,#9015);
#9013 = CARTESIAN_POINT('',(29.89624431541,90.087249251389,2.5));
#9014 = DIRECTION('',(0.,0.,-1.));
#9015 = DIRECTION('',(1.,3.125844845567E-13,0.));
#9016 = ADVANCED_FACE('',(#9017),#9035,.F.);
#9017 = FACE_BOUND('',#9018,.T.);
#9018 = EDGE_LOOP('',(#9019,#9020,#9028,#9034));
#9019 = ORIENTED_EDGE('',*,*,#982,.F.);
#9020 = ORIENTED_EDGE('',*,*,#9021,.T.);
#9021 = EDGE_CURVE('',#974,#9022,#9024,.T.);
#9022 = VERTEX_POINT('',#9023);
#9023 = CARTESIAN_POINT('',(31.338256220246,97.672880707343,2.));
#9024 = LINE('',#9025,#9026);
#9025 = CARTESIAN_POINT('',(31.338256220246,97.672880707343,2.5));
#9026 = VECTOR('',#9027,1.);
#9027 = DIRECTION('',(0.,0.,-1.));
#9028 = ORIENTED_EDGE('',*,*,#9029,.T.);
#9029 = EDGE_CURVE('',#9022,#8997,#9030,.T.);
#9030 = LINE('',#9031,#9032);
#9031 = CARTESIAN_POINT('',(31.338256220246,97.672880707343,2.));
#9032 = VECTOR('',#9033,1.);
#9033 = DIRECTION('',(-3.658967058549E-17,-1.,0.));
#9034 = ORIENTED_EDGE('',*,*,#9005,.F.);
#9035 = PLANE('',#9036);
#9036 = AXIS2_PLACEMENT_3D('',#9037,#9038,#9039);
#9037 = CARTESIAN_POINT('',(31.338256220246,97.672880707343,2.5));
#9038 = DIRECTION('',(1.,-3.658967058549E-17,0.));
#9039 = DIRECTION('',(-3.658967058549E-17,-1.,0.));
#9040 = ADVANCED_FACE('',(#9041),#9053,.F.);
#9041 = FACE_BOUND('',#9042,.F.);
#9042 = EDGE_LOOP('',(#9043,#9044,#9051,#9052));
#9043 = ORIENTED_EDGE('',*,*,#9021,.T.);
#9044 = ORIENTED_EDGE('',*,*,#9045,.F.);
#9045 = EDGE_CURVE('',#8876,#9022,#9046,.T.);
#9046 = CIRCLE('',#9047,1.442011904836);
#9047 = AXIS2_PLACEMENT_3D('',#9048,#9049,#9050);
#9048 = CARTESIAN_POINT('',(29.89624431541,97.672880707343,2.));
#9049 = DIRECTION('',(0.,0.,-1.));
#9050 = DIRECTION('',(1.58601979849E-13,1.,0.));
#9051 = ORIENTED_EDGE('',*,*,#8883,.F.);
#9052 = ORIENTED_EDGE('',*,*,#973,.T.);
#9053 = CYLINDRICAL_SURFACE('',#9054,1.442011904836);
#9054 = AXIS2_PLACEMENT_3D('',#9055,#9056,#9057);
#9055 = CARTESIAN_POINT('',(29.89624431541,97.672880707343,2.5));
#9056 = DIRECTION('',(0.,0.,-1.));
#9057 = DIRECTION('',(1.58601979849E-13,1.,0.));
#9058 = ADVANCED_FACE('',(#9059),#9069,.T.);
#9059 = FACE_BOUND('',#9060,.T.);
#9060 = EDGE_LOOP('',(#9061,#9062,#9063,#9064,#9065,#9066,#9067,#9068));
#9061 = ORIENTED_EDGE('',*,*,#9045,.F.);
#9062 = ORIENTED_EDGE('',*,*,#8875,.F.);
#9063 = ORIENTED_EDGE('',*,*,#8898,.F.);
#9064 = ORIENTED_EDGE('',*,*,#8931,.F.);
#9065 = ORIENTED_EDGE('',*,*,#8947,.F.);
#9066 = ORIENTED_EDGE('',*,*,#8980,.F.);
#9067 = ORIENTED_EDGE('',*,*,#8996,.F.);
#9068 = ORIENTED_EDGE('',*,*,#9029,.F.);
#9069 = PLANE('',#9070);
#9070 = AXIS2_PLACEMENT_3D('',#9071,#9072,#9073);
#9071 = CARTESIAN_POINT('',(28.814735386783,93.880064979366,2.));
#9072 = DIRECTION('',(0.,0.,1.));
#9073 = DIRECTION('',(1.,0.,-0.));
#9074 = ADVANCED_FACE('',(#9075),#9101,.F.);
#9075 = FACE_BOUND('',#9076,.F.);
#9076 = EDGE_LOOP('',(#9077,#9085,#9094,#9100));
#9077 = ORIENTED_EDGE('',*,*,#9078,.T.);
#9078 = EDGE_CURVE('',#1036,#9079,#9081,.T.);
#9079 = VERTEX_POINT('',#9080);
#9080 = CARTESIAN_POINT('',(34.534968868738,145.66398944924,2.));
#9081 = LINE('',#9082,#9083);
#9082 = CARTESIAN_POINT('',(34.534968868738,145.66398944924,2.5));
#9083 = VECTOR('',#9084,1.);
#9084 = DIRECTION('',(0.,0.,-1.));
#9085 = ORIENTED_EDGE('',*,*,#9086,.F.);
#9086 = EDGE_CURVE('',#9087,#9079,#9089,.T.);
#9087 = VERTEX_POINT('',#9088);
#9088 = CARTESIAN_POINT('',(34.534968868738,147.97120849697,2.));
#9089 = CIRCLE('',#9090,1.153609523868);
#9090 = AXIS2_PLACEMENT_3D('',#9091,#9092,#9093);
#9091 = CARTESIAN_POINT('',(34.534968868738,146.81759897311,2.));
#9092 = DIRECTION('',(0.,0.,-1.));
#9093 = DIRECTION('',(0.,-1.,0.));
#9094 = ORIENTED_EDGE('',*,*,#9095,.F.);
#9095 = EDGE_CURVE('',#1034,#9087,#9096,.T.);
#9096 = LINE('',#9097,#9098);
#9097 = CARTESIAN_POINT('',(34.534968868738,147.97120849697,2.5));
#9098 = VECTOR('',#9099,1.);
#9099 = DIRECTION('',(0.,0.,-1.));
#9100 = ORIENTED_EDGE('',*,*,#1033,.T.);
#9101 = CYLINDRICAL_SURFACE('',#9102,1.153609523868);
#9102 = AXIS2_PLACEMENT_3D('',#9103,#9104,#9105);
#9103 = CARTESIAN_POINT('',(34.534968868738,146.81759897311,2.5));
#9104 = DIRECTION('',(0.,0.,-1.));
#9105 = DIRECTION('',(0.,-1.,0.));
#9106 = ADVANCED_FACE('',(#9107),#9125,.F.);
#9107 = FACE_BOUND('',#9108,.T.);
#9108 = EDGE_LOOP('',(#9109,#9110,#9118,#9124));
#9109 = ORIENTED_EDGE('',*,*,#1115,.F.);
#9110 = ORIENTED_EDGE('',*,*,#9111,.T.);
#9111 = EDGE_CURVE('',#1107,#9112,#9114,.T.);
#9112 = VERTEX_POINT('',#9113);
#9113 = CARTESIAN_POINT('',(27.022644553046,147.97120849697,2.));
#9114 = LINE('',#9115,#9116);
#9115 = CARTESIAN_POINT('',(27.022644553046,147.97120849697,2.5));
#9116 = VECTOR('',#9117,1.);
#9117 = DIRECTION('',(0.,0.,-1.));
#9118 = ORIENTED_EDGE('',*,*,#9119,.T.);
#9119 = EDGE_CURVE('',#9112,#9087,#9120,.T.);
#9120 = LINE('',#9121,#9122);
#9121 = CARTESIAN_POINT('',(34.534968868738,147.97120849697,2.));
#9122 = VECTOR('',#9123,1.);
#9123 = DIRECTION('',(1.,0.,0.));
#9124 = ORIENTED_EDGE('',*,*,#9095,.F.);
#9125 = PLANE('',#9126);
#9126 = AXIS2_PLACEMENT_3D('',#9127,#9128,#9129);
#9127 = CARTESIAN_POINT('',(27.022644553046,147.97120849697,2.5));
#9128 = DIRECTION('',(0.,1.,0.));
#9129 = DIRECTION('',(1.,0.,0.));
#9130 = ADVANCED_FACE('',(#9131),#9150,.T.);
#9131 = FACE_BOUND('',#9132,.T.);
#9132 = EDGE_LOOP('',(#9133,#9134,#9142,#9149));
#9133 = ORIENTED_EDGE('',*,*,#1106,.F.);
#9134 = ORIENTED_EDGE('',*,*,#9135,.T.);
#9135 = EDGE_CURVE('',#1098,#9136,#9138,.T.);
#9136 = VERTEX_POINT('',#9137);
#9137 = CARTESIAN_POINT('',(26.833273830725,148.06995580425,2.));
#9138 = LINE('',#9139,#9140);
#9139 = CARTESIAN_POINT('',(26.833273830725,148.06995580425,2.5));
#9140 = VECTOR('',#9141,1.);
#9141 = DIRECTION('',(0.,0.,-1.));
#9142 = ORIENTED_EDGE('',*,*,#9143,.T.);
#9143 = EDGE_CURVE('',#9136,#9112,#9144,.T.);
#9144 = CIRCLE('',#9145,0.230954658034);
#9145 = AXIS2_PLACEMENT_3D('',#9146,#9147,#9148);
#9146 = CARTESIAN_POINT('',(27.022644553049,148.20216315501,2.));
#9147 = DIRECTION('',(0.,0.,1.));
#9148 = DIRECTION('',(-1.330245811473E-11,-1.,0.));
#9149 = ORIENTED_EDGE('',*,*,#9111,.F.);
#9150 = CYLINDRICAL_SURFACE('',#9151,0.230954658034);
#9151 = AXIS2_PLACEMENT_3D('',#9152,#9153,#9154);
#9152 = CARTESIAN_POINT('',(27.022644553049,148.20216315501,2.5));
#9153 = DIRECTION('',(0.,0.,-1.));
#9154 = DIRECTION('',(-1.330245811473E-11,-1.,-0.));
#9155 = ADVANCED_FACE('',(#9156),#9175,.T.);
#9156 = FACE_BOUND('',#9157,.T.);
#9157 = EDGE_LOOP('',(#9158,#9159,#9167,#9174));
#9158 = ORIENTED_EDGE('',*,*,#1097,.F.);
#9159 = ORIENTED_EDGE('',*,*,#9160,.T.);
#9160 = EDGE_CURVE('',#1089,#9161,#9163,.T.);
#9161 = VERTEX_POINT('',#9162);
#9162 = CARTESIAN_POINT('',(26.707236292204,148.38220503167,2.));
#9163 = LINE('',#9164,#9165);
#9164 = CARTESIAN_POINT('',(26.707236292204,148.38220503167,2.5));
#9165 = VECTOR('',#9166,1.);
#9166 = DIRECTION('',(0.,0.,-1.));
#9167 = ORIENTED_EDGE('',*,*,#9168,.T.);
#9168 = EDGE_CURVE('',#9161,#9136,#9169,.T.);
#9169 = CIRCLE('',#9170,0.751897006293);
#9170 = AXIS2_PLACEMENT_3D('',#9171,#9172,#9173);
#9171 = CARTESIAN_POINT('',(27.449789991969,148.50037064019,2.));
#9172 = DIRECTION('',(0.,0.,1.));
#9173 = DIRECTION('',(-0.819947620596,-0.572438555199,0.));
#9174 = ORIENTED_EDGE('',*,*,#9135,.F.);
#9175 = CYLINDRICAL_SURFACE('',#9176,0.751897006293);
#9176 = AXIS2_PLACEMENT_3D('',#9177,#9178,#9179);
#9177 = CARTESIAN_POINT('',(27.449789991969,148.50037064019,2.5));
#9178 = DIRECTION('',(0.,0.,-1.));
#9179 = DIRECTION('',(-0.819947620596,-0.572438555199,-0.));
#9180 = ADVANCED_FACE('',(#9181),#9200,.T.);
#9181 = FACE_BOUND('',#9182,.T.);
#9182 = EDGE_LOOP('',(#9183,#9184,#9192,#9199));
#9183 = ORIENTED_EDGE('',*,*,#1088,.F.);
#9184 = ORIENTED_EDGE('',*,*,#9185,.T.);
#9185 = EDGE_CURVE('',#1080,#9186,#9188,.T.);
#9186 = VERTEX_POINT('',#9187);
#9187 = CARTESIAN_POINT('',(26.520282020796,150.61516842468,2.));
#9188 = LINE('',#9189,#9190);
#9189 = CARTESIAN_POINT('',(26.520282020796,150.61516842468,2.5));
#9190 = VECTOR('',#9191,1.);
#9191 = DIRECTION('',(0.,0.,-1.));
#9192 = ORIENTED_EDGE('',*,*,#9193,.T.);
#9193 = EDGE_CURVE('',#9186,#9161,#9194,.T.);
#9194 = CIRCLE('',#9195,15.096997386006);
#9195 = AXIS2_PLACEMENT_3D('',#9196,#9197,#9198);
#9196 = CARTESIAN_POINT('',(41.616633683735,150.75479844279,2.));
#9197 = DIRECTION('',(0.,0.,1.));
#9198 = DIRECTION('',(-0.987573688351,-0.157156641845,0.));
#9199 = ORIENTED_EDGE('',*,*,#9160,.F.);
#9200 = CYLINDRICAL_SURFACE('',#9201,15.096997386006);
#9201 = AXIS2_PLACEMENT_3D('',#9202,#9203,#9204);
#9202 = CARTESIAN_POINT('',(41.616633683735,150.75479844279,2.5));
#9203 = DIRECTION('',(0.,0.,-1.));
#9204 = DIRECTION('',(-0.987573688351,-0.157156641845,-0.));
#9205 = ADVANCED_FACE('',(#9206),#9225,.F.);
#9206 = FACE_BOUND('',#9207,.F.);
#9207 = EDGE_LOOP('',(#9208,#9209,#9218,#9224));
#9208 = ORIENTED_EDGE('',*,*,#9185,.T.);
#9209 = ORIENTED_EDGE('',*,*,#9210,.F.);
#9210 = EDGE_CURVE('',#9211,#9186,#9213,.T.);
#9211 = VERTEX_POINT('',#9212);
#9212 = CARTESIAN_POINT('',(24.213161656557,150.59382927828,2.));
#9213 = CIRCLE('',#9214,1.15360952387);
#9214 = AXIS2_PLACEMENT_3D('',#9215,#9216,#9217);
#9215 = CARTESIAN_POINT('',(25.366721838676,150.60449885148,2.));
#9216 = DIRECTION('',(0.,0.,-1.));
#9217 = DIRECTION('',(0.999957228378,9.248860192397E-03,0.));
#9218 = ORIENTED_EDGE('',*,*,#9219,.F.);
#9219 = EDGE_CURVE('',#1071,#9211,#9220,.T.);
#9220 = LINE('',#9221,#9222);
#9221 = CARTESIAN_POINT('',(24.213161656557,150.59382927828,2.5));
#9222 = VECTOR('',#9223,1.);
#9223 = DIRECTION('',(0.,0.,-1.));
#9224 = ORIENTED_EDGE('',*,*,#1079,.T.);
#9225 = CYLINDRICAL_SURFACE('',#9226,1.15360952387);
#9226 = AXIS2_PLACEMENT_3D('',#9227,#9228,#9229);
#9227 = CARTESIAN_POINT('',(25.366721838676,150.60449885148,2.5));
#9228 = DIRECTION('',(0.,0.,-1.));
#9229 = DIRECTION('',(0.999957228378,9.248860192397E-03,0.));
#9230 = ADVANCED_FACE('',(#9231),#9250,.F.);
#9231 = FACE_BOUND('',#9232,.F.);
#9232 = EDGE_LOOP('',(#9233,#9234,#9243,#9249));
#9233 = ORIENTED_EDGE('',*,*,#9219,.T.);
#9234 = ORIENTED_EDGE('',*,*,#9235,.F.);
#9235 = EDGE_CURVE('',#9236,#9211,#9238,.T.);
#9236 = VERTEX_POINT('',#9237);
#9237 = CARTESIAN_POINT('',(24.4286874674,148.01961023412,2.));
#9238 = CIRCLE('',#9239,17.404216433781);
#9239 = AXIS2_PLACEMENT_3D('',#9240,#9241,#9242);
#9240 = CARTESIAN_POINT('',(41.616633683772,150.75479844281,2.));
#9241 = DIRECTION('',(0.,0.,-1.));
#9242 = DIRECTION('',(-0.987573688351,-0.157156641846,-0.));
#9243 = ORIENTED_EDGE('',*,*,#9244,.F.);
#9244 = EDGE_CURVE('',#1062,#9236,#9245,.T.);
#9245 = LINE('',#9246,#9247);
#9246 = CARTESIAN_POINT('',(24.4286874674,148.01961023412,2.5));
#9247 = VECTOR('',#9248,1.);
#9248 = DIRECTION('',(0.,0.,-1.));
#9249 = ORIENTED_EDGE('',*,*,#1070,.T.);
#9250 = CYLINDRICAL_SURFACE('',#9251,17.404216433781);
#9251 = AXIS2_PLACEMENT_3D('',#9252,#9253,#9254);
#9252 = CARTESIAN_POINT('',(41.616633683772,150.75479844281,2.5));
#9253 = DIRECTION('',(0.,0.,-1.));
#9254 = DIRECTION('',(-0.987573688351,-0.157156641846,-0.));
#9255 = ADVANCED_FACE('',(#9256),#9275,.F.);
#9256 = FACE_BOUND('',#9257,.F.);
#9257 = EDGE_LOOP('',(#9258,#9259,#9268,#9274));
#9258 = ORIENTED_EDGE('',*,*,#9244,.T.);
#9259 = ORIENTED_EDGE('',*,*,#9260,.F.);
#9260 = EDGE_CURVE('',#9261,#9236,#9263,.T.);
#9261 = VERTEX_POINT('',#9262);
#9262 = CARTESIAN_POINT('',(24.941475062325,146.74921466605,2.));
#9263 = CIRCLE('',#9264,3.059116054027);
#9264 = AXIS2_PLACEMENT_3D('',#9265,#9266,#9267);
#9265 = CARTESIAN_POINT('',(27.44978999197,148.50037064018,2.));
#9266 = DIRECTION('',(0.,0.,-1.));
#9267 = DIRECTION('',(-0.819947620602,-0.572438555191,-0.));
#9268 = ORIENTED_EDGE('',*,*,#9269,.F.);
#9269 = EDGE_CURVE('',#1053,#9261,#9270,.T.);
#9270 = LINE('',#9271,#9272);
#9271 = CARTESIAN_POINT('',(24.941475062325,146.74921466605,2.5));
#9272 = VECTOR('',#9273,1.);
#9273 = DIRECTION('',(0.,0.,-1.));
#9274 = ORIENTED_EDGE('',*,*,#1061,.T.);
#9275 = CYLINDRICAL_SURFACE('',#9276,3.059116054027);
#9276 = AXIS2_PLACEMENT_3D('',#9277,#9278,#9279);
#9277 = CARTESIAN_POINT('',(27.44978999197,148.50037064018,2.5));
#9278 = DIRECTION('',(0.,0.,-1.));
#9279 = DIRECTION('',(-0.819947620602,-0.572438555191,-0.));
#9280 = ADVANCED_FACE('',(#9281),#9300,.F.);
#9281 = FACE_BOUND('',#9282,.F.);
#9282 = EDGE_LOOP('',(#9283,#9284,#9293,#9299));
#9283 = ORIENTED_EDGE('',*,*,#9269,.T.);
#9284 = ORIENTED_EDGE('',*,*,#9285,.F.);
#9285 = EDGE_CURVE('',#9286,#9261,#9288,.T.);
#9286 = VERTEX_POINT('',#9287);
#9287 = CARTESIAN_POINT('',(27.022644553046,145.66398944924,2.));
#9288 = CIRCLE('',#9289,2.538173705772);
#9289 = AXIS2_PLACEMENT_3D('',#9290,#9291,#9292);
#9290 = CARTESIAN_POINT('',(27.022644553048,148.20216315501,2.));
#9291 = DIRECTION('',(0.,0.,-1.));
#9292 = DIRECTION('',(-7.703886844601E-13,-1.,-0.));
#9293 = ORIENTED_EDGE('',*,*,#9294,.F.);
#9294 = EDGE_CURVE('',#1045,#9286,#9295,.T.);
#9295 = LINE('',#9296,#9297);
#9296 = CARTESIAN_POINT('',(27.022644553046,145.66398944924,2.5));
#9297 = VECTOR('',#9298,1.);
#9298 = DIRECTION('',(0.,0.,-1.));
#9299 = ORIENTED_EDGE('',*,*,#1052,.T.);
#9300 = CYLINDRICAL_SURFACE('',#9301,2.538173705772);
#9301 = AXIS2_PLACEMENT_3D('',#9302,#9303,#9304);
#9302 = CARTESIAN_POINT('',(27.022644553048,148.20216315501,2.5));
#9303 = DIRECTION('',(0.,0.,-1.));
#9304 = DIRECTION('',(-7.703886844601E-13,-1.,-0.));
#9305 = ADVANCED_FACE('',(#9306),#9317,.F.);
#9306 = FACE_BOUND('',#9307,.T.);
#9307 = EDGE_LOOP('',(#9308,#9309,#9310,#9316));
#9308 = ORIENTED_EDGE('',*,*,#1044,.F.);
#9309 = ORIENTED_EDGE('',*,*,#9078,.T.);
#9310 = ORIENTED_EDGE('',*,*,#9311,.T.);
#9311 = EDGE_CURVE('',#9079,#9286,#9312,.T.);
#9312 = LINE('',#9313,#9314);
#9313 = CARTESIAN_POINT('',(34.534968868738,145.66398944924,2.));
#9314 = VECTOR('',#9315,1.);
#9315 = DIRECTION('',(-1.,0.,0.));
#9316 = ORIENTED_EDGE('',*,*,#9294,.F.);
#9317 = PLANE('',#9318);
#9318 = AXIS2_PLACEMENT_3D('',#9319,#9320,#9321);
#9319 = CARTESIAN_POINT('',(34.534968868738,145.66398944924,2.5));
#9320 = DIRECTION('',(0.,-1.,0.));
#9321 = DIRECTION('',(-1.,0.,0.));
#9322 = ADVANCED_FACE('',(#9323),#9335,.T.);
#9323 = FACE_BOUND('',#9324,.T.);
#9324 = EDGE_LOOP('',(#9325,#9326,#9327,#9328,#9329,#9330,#9331,#9332,
    #9333,#9334));
#9325 = ORIENTED_EDGE('',*,*,#9311,.F.);
#9326 = ORIENTED_EDGE('',*,*,#9086,.F.);
#9327 = ORIENTED_EDGE('',*,*,#9119,.F.);
#9328 = ORIENTED_EDGE('',*,*,#9143,.F.);
#9329 = ORIENTED_EDGE('',*,*,#9168,.F.);
#9330 = ORIENTED_EDGE('',*,*,#9193,.F.);
#9331 = ORIENTED_EDGE('',*,*,#9210,.F.);
#9332 = ORIENTED_EDGE('',*,*,#9235,.F.);
#9333 = ORIENTED_EDGE('',*,*,#9260,.F.);
#9334 = ORIENTED_EDGE('',*,*,#9285,.F.);
#9335 = PLANE('',#9336);
#9336 = AXIS2_PLACEMENT_3D('',#9337,#9338,#9339);
#9337 = CARTESIAN_POINT('',(29.950845353706,148.71104891229,2.));
#9338 = DIRECTION('',(0.,0.,1.));
#9339 = DIRECTION('',(1.,0.,-0.));
#9340 = ADVANCED_FACE('',(#9341),#9366,.F.);
#9341 = FACE_BOUND('',#9342,.T.);
#9342 = EDGE_LOOP('',(#9343,#9344,#9352,#9360));
#9343 = ORIENTED_EDGE('',*,*,#1123,.F.);
#9344 = ORIENTED_EDGE('',*,*,#9345,.T.);
#9345 = EDGE_CURVE('',#1124,#9346,#9348,.T.);
#9346 = VERTEX_POINT('',#9347);
#9347 = CARTESIAN_POINT('',(24.512914190091,130.18494585151,2.));
#9348 = LINE('',#9349,#9350);
#9349 = CARTESIAN_POINT('',(24.512914190091,130.18494585151,2.5));
#9350 = VECTOR('',#9351,1.);
#9351 = DIRECTION('',(0.,0.,-1.));
#9352 = ORIENTED_EDGE('',*,*,#9353,.T.);
#9353 = EDGE_CURVE('',#9346,#9354,#9356,.T.);
#9354 = VERTEX_POINT('',#9355);
#9355 = CARTESIAN_POINT('',(33.262749111811,130.18494585152,2.));
#9356 = LINE('',#9357,#9358);
#9357 = CARTESIAN_POINT('',(24.512914190091,130.18494585151,2.));
#9358 = VECTOR('',#9359,1.);
#9359 = DIRECTION('',(1.,0.,0.));
#9360 = ORIENTED_EDGE('',*,*,#9361,.F.);
#9361 = EDGE_CURVE('',#1126,#9354,#9362,.T.);
#9362 = LINE('',#9363,#9364);
#9363 = CARTESIAN_POINT('',(33.262749111811,130.18494585152,2.5));
#9364 = VECTOR('',#9365,1.);
#9365 = DIRECTION('',(0.,0.,-1.));
#9366 = PLANE('',#9367);
#9367 = AXIS2_PLACEMENT_3D('',#9368,#9369,#9370);
#9368 = CARTESIAN_POINT('',(24.512914190091,130.18494585151,2.5));
#9369 = DIRECTION('',(0.,1.,0.));
#9370 = DIRECTION('',(1.,0.,0.));
#9371 = ADVANCED_FACE('',(#9372),#9391,.F.);
#9372 = FACE_BOUND('',#9373,.F.);
#9373 = EDGE_LOOP('',(#9374,#9375,#9384,#9390));
#9374 = ORIENTED_EDGE('',*,*,#9345,.T.);
#9375 = ORIENTED_EDGE('',*,*,#9376,.F.);
#9376 = EDGE_CURVE('',#9377,#9346,#9379,.T.);
#9377 = VERTEX_POINT('',#9378);
#9378 = CARTESIAN_POINT('',(24.512914190091,127.87772680378,2.));
#9379 = CIRCLE('',#9380,1.153609523868);
#9380 = AXIS2_PLACEMENT_3D('',#9381,#9382,#9383);
#9381 = CARTESIAN_POINT('',(24.512914190091,129.03133632765,2.));
#9382 = DIRECTION('',(0.,0.,-1.));
#9383 = DIRECTION('',(0.,1.,0.));
#9384 = ORIENTED_EDGE('',*,*,#9385,.F.);
#9385 = EDGE_CURVE('',#1193,#9377,#9386,.T.);
#9386 = LINE('',#9387,#9388);
#9387 = CARTESIAN_POINT('',(24.512914190091,127.87772680378,2.5));
#9388 = VECTOR('',#9389,1.);
#9389 = DIRECTION('',(0.,0.,-1.));
#9390 = ORIENTED_EDGE('',*,*,#1200,.T.);
#9391 = CYLINDRICAL_SURFACE('',#9392,1.153609523868);
#9392 = AXIS2_PLACEMENT_3D('',#9393,#9394,#9395);
#9393 = CARTESIAN_POINT('',(24.512914190091,129.03133632765,2.5));
#9394 = DIRECTION('',(0.,0.,-1.));
#9395 = DIRECTION('',(0.,1.,0.));
#9396 = ADVANCED_FACE('',(#9397),#9415,.F.);
#9397 = FACE_BOUND('',#9398,.T.);
#9398 = EDGE_LOOP('',(#9399,#9400,#9408,#9414));
#9399 = ORIENTED_EDGE('',*,*,#1192,.F.);
#9400 = ORIENTED_EDGE('',*,*,#9401,.T.);
#9401 = EDGE_CURVE('',#1185,#9402,#9404,.T.);
#9402 = VERTEX_POINT('',#9403);
#9403 = CARTESIAN_POINT('',(30.752641509473,127.87772680378,2.));
#9404 = LINE('',#9405,#9406);
#9405 = CARTESIAN_POINT('',(30.752641509473,127.87772680378,2.5));
#9406 = VECTOR('',#9407,1.);
#9407 = DIRECTION('',(0.,0.,-1.));
#9408 = ORIENTED_EDGE('',*,*,#9409,.T.);
#9409 = EDGE_CURVE('',#9402,#9377,#9410,.T.);
#9410 = LINE('',#9411,#9412);
#9411 = CARTESIAN_POINT('',(24.512914190091,127.87772680378,2.));
#9412 = VECTOR('',#9413,1.);
#9413 = DIRECTION('',(-1.,0.,0.));
#9414 = ORIENTED_EDGE('',*,*,#9385,.F.);
#9415 = PLANE('',#9416);
#9416 = AXIS2_PLACEMENT_3D('',#9417,#9418,#9419);
#9417 = CARTESIAN_POINT('',(30.752641509473,127.87772680378,2.5));
#9418 = DIRECTION('',(0.,-1.,0.));
#9419 = DIRECTION('',(-1.,0.,0.));
#9420 = ADVANCED_FACE('',(#9421),#9439,.F.);
#9421 = FACE_BOUND('',#9422,.T.);
#9422 = EDGE_LOOP('',(#9423,#9424,#9432,#9438));
#9423 = ORIENTED_EDGE('',*,*,#1184,.F.);
#9424 = ORIENTED_EDGE('',*,*,#9425,.T.);
#9425 = EDGE_CURVE('',#1176,#9426,#9428,.T.);
#9426 = VERTEX_POINT('',#9427);
#9427 = CARTESIAN_POINT('',(23.637461570801,119.58636364334,2.));
#9428 = LINE('',#9429,#9430);
#9429 = CARTESIAN_POINT('',(23.637461570801,119.58636364334,2.5));
#9430 = VECTOR('',#9431,1.);
#9431 = DIRECTION('',(0.,0.,-1.));
#9432 = ORIENTED_EDGE('',*,*,#9433,.T.);
#9433 = EDGE_CURVE('',#9426,#9402,#9434,.T.);
#9434 = LINE('',#9435,#9436);
#9435 = CARTESIAN_POINT('',(30.752641509473,127.87772680378,2.));
#9436 = VECTOR('',#9437,1.);
#9437 = DIRECTION('',(0.651229047521,0.758881234229,0.));
#9438 = ORIENTED_EDGE('',*,*,#9401,.F.);
#9439 = PLANE('',#9440);
#9440 = AXIS2_PLACEMENT_3D('',#9441,#9442,#9443);
#9441 = CARTESIAN_POINT('',(23.637461570801,119.58636364334,2.5));
#9442 = DIRECTION('',(-0.758881234229,0.651229047521,0.));
#9443 = DIRECTION('',(0.651229047521,0.758881234229,0.));
#9444 = ADVANCED_FACE('',(#9445),#9464,.F.);
#9445 = FACE_BOUND('',#9446,.F.);
#9446 = EDGE_LOOP('',(#9447,#9448,#9457,#9463));
#9447 = ORIENTED_EDGE('',*,*,#9425,.T.);
#9448 = ORIENTED_EDGE('',*,*,#9449,.F.);
#9449 = EDGE_CURVE('',#9450,#9426,#9452,.T.);
#9450 = VERTEX_POINT('',#9451);
#9451 = CARTESIAN_POINT('',(24.512914190091,117.68149008803,2.));
#9452 = CIRCLE('',#9453,1.153609523868);
#9453 = AXIS2_PLACEMENT_3D('',#9454,#9455,#9456);
#9454 = CARTESIAN_POINT('',(24.512914190087,118.8350996119,2.));
#9455 = DIRECTION('',(0.,0.,-1.));
#9456 = DIRECTION('',(-0.758881234225,0.651229047526,0.));
#9457 = ORIENTED_EDGE('',*,*,#9458,.F.);
#9458 = EDGE_CURVE('',#1168,#9450,#9459,.T.);
#9459 = LINE('',#9460,#9461);
#9460 = CARTESIAN_POINT('',(24.512914190091,117.68149008803,2.5));
#9461 = VECTOR('',#9462,1.);
#9462 = DIRECTION('',(0.,0.,-1.));
#9463 = ORIENTED_EDGE('',*,*,#1175,.T.);
#9464 = CYLINDRICAL_SURFACE('',#9465,1.153609523868);
#9465 = AXIS2_PLACEMENT_3D('',#9466,#9467,#9468);
#9466 = CARTESIAN_POINT('',(24.512914190087,118.8350996119,2.5));
#9467 = DIRECTION('',(0.,0.,-1.));
#9468 = DIRECTION('',(-0.758881234225,0.651229047526,0.));
#9469 = ADVANCED_FACE('',(#9470),#9488,.F.);
#9470 = FACE_BOUND('',#9471,.T.);
#9471 = EDGE_LOOP('',(#9472,#9473,#9481,#9487));
#9472 = ORIENTED_EDGE('',*,*,#1167,.F.);
#9473 = ORIENTED_EDGE('',*,*,#9474,.T.);
#9474 = EDGE_CURVE('',#1159,#9475,#9477,.T.);
#9475 = VERTEX_POINT('',#9476);
#9476 = CARTESIAN_POINT('',(33.262749111811,117.68149008804,2.));
#9477 = LINE('',#9478,#9479);
#9478 = CARTESIAN_POINT('',(33.262749111811,117.68149008804,2.5));
#9479 = VECTOR('',#9480,1.);
#9480 = DIRECTION('',(0.,0.,-1.));
#9481 = ORIENTED_EDGE('',*,*,#9482,.T.);
#9482 = EDGE_CURVE('',#9475,#9450,#9483,.T.);
#9483 = LINE('',#9484,#9485);
#9484 = CARTESIAN_POINT('',(24.512914190091,117.68149008803,2.));
#9485 = VECTOR('',#9486,1.);
#9486 = DIRECTION('',(-1.,-1.195383822503E-12,0.));
#9487 = ORIENTED_EDGE('',*,*,#9458,.F.);
#9488 = PLANE('',#9489);
#9489 = AXIS2_PLACEMENT_3D('',#9490,#9491,#9492);
#9490 = CARTESIAN_POINT('',(33.262749111811,117.68149008804,2.5));
#9491 = DIRECTION('',(1.195383822503E-12,-1.,0.));
#9492 = DIRECTION('',(-1.,-1.195383822503E-12,0.));
#9493 = ADVANCED_FACE('',(#9494),#9513,.F.);
#9494 = FACE_BOUND('',#9495,.F.);
#9495 = EDGE_LOOP('',(#9496,#9497,#9506,#9512));
#9496 = ORIENTED_EDGE('',*,*,#9474,.T.);
#9497 = ORIENTED_EDGE('',*,*,#9498,.F.);
#9498 = EDGE_CURVE('',#9499,#9475,#9501,.T.);
#9499 = VERTEX_POINT('',#9500);
#9500 = CARTESIAN_POINT('',(33.262749111811,119.98870913577,2.));
#9501 = CIRCLE('',#9502,1.153609523868);
#9502 = AXIS2_PLACEMENT_3D('',#9503,#9504,#9505);
#9503 = CARTESIAN_POINT('',(33.262749111811,118.83509961191,2.));
#9504 = DIRECTION('',(0.,0.,-1.));
#9505 = DIRECTION('',(0.,-1.,0.));
#9506 = ORIENTED_EDGE('',*,*,#9507,.F.);
#9507 = EDGE_CURVE('',#1151,#9499,#9508,.T.);
#9508 = LINE('',#9509,#9510);
#9509 = CARTESIAN_POINT('',(33.262749111811,119.98870913577,2.5));
#9510 = VECTOR('',#9511,1.);
#9511 = DIRECTION('',(0.,0.,-1.));
#9512 = ORIENTED_EDGE('',*,*,#1158,.T.);
#9513 = CYLINDRICAL_SURFACE('',#9514,1.153609523868);
#9514 = AXIS2_PLACEMENT_3D('',#9515,#9516,#9517);
#9515 = CARTESIAN_POINT('',(33.262749111811,118.83509961191,2.5));
#9516 = DIRECTION('',(0.,0.,-1.));
#9517 = DIRECTION('',(0.,-1.,0.));
#9518 = ADVANCED_FACE('',(#9519),#9537,.F.);
#9519 = FACE_BOUND('',#9520,.T.);
#9520 = EDGE_LOOP('',(#9521,#9522,#9530,#9536));
#9521 = ORIENTED_EDGE('',*,*,#1150,.F.);
#9522 = ORIENTED_EDGE('',*,*,#9523,.T.);
#9523 = EDGE_CURVE('',#1143,#9524,#9526,.T.);
#9524 = VERTEX_POINT('',#9525);
#9525 = CARTESIAN_POINT('',(27.023021792425,119.98870913577,2.));
#9526 = LINE('',#9527,#9528);
#9527 = CARTESIAN_POINT('',(27.023021792425,119.98870913577,2.5));
#9528 = VECTOR('',#9529,1.);
#9529 = DIRECTION('',(0.,0.,-1.));
#9530 = ORIENTED_EDGE('',*,*,#9531,.T.);
#9531 = EDGE_CURVE('',#9524,#9499,#9532,.T.);
#9532 = LINE('',#9533,#9534);
#9533 = CARTESIAN_POINT('',(27.023021792425,119.98870913577,2.));
#9534 = VECTOR('',#9535,1.);
#9535 = DIRECTION('',(1.,8.013883054435E-13,0.));
#9536 = ORIENTED_EDGE('',*,*,#9507,.F.);
#9537 = PLANE('',#9538);
#9538 = AXIS2_PLACEMENT_3D('',#9539,#9540,#9541);
#9539 = CARTESIAN_POINT('',(27.023021792425,119.98870913577,2.5));
#9540 = DIRECTION('',(-8.013883054435E-13,1.,0.));
#9541 = DIRECTION('',(1.,8.013883054435E-13,0.));
#9542 = ADVANCED_FACE('',(#9543),#9561,.F.);
#9543 = FACE_BOUND('',#9544,.T.);
#9544 = EDGE_LOOP('',(#9545,#9546,#9554,#9560));
#9545 = ORIENTED_EDGE('',*,*,#1142,.F.);
#9546 = ORIENTED_EDGE('',*,*,#9547,.T.);
#9547 = EDGE_CURVE('',#1134,#9548,#9550,.T.);
#9548 = VERTEX_POINT('',#9549);
#9549 = CARTESIAN_POINT('',(34.138201731104,128.28007229621,2.));
#9550 = LINE('',#9551,#9552);
#9551 = CARTESIAN_POINT('',(34.138201731104,128.28007229621,2.5));
#9552 = VECTOR('',#9553,1.);
#9553 = DIRECTION('',(0.,0.,-1.));
#9554 = ORIENTED_EDGE('',*,*,#9555,.T.);
#9555 = EDGE_CURVE('',#9548,#9524,#9556,.T.);
#9556 = LINE('',#9557,#9558);
#9557 = CARTESIAN_POINT('',(34.138201731104,128.28007229621,2.));
#9558 = VECTOR('',#9559,1.);
#9559 = DIRECTION('',(-0.651229047521,-0.758881234229,0.));
#9560 = ORIENTED_EDGE('',*,*,#9523,.F.);
#9561 = PLANE('',#9562);
#9562 = AXIS2_PLACEMENT_3D('',#9563,#9564,#9565);
#9563 = CARTESIAN_POINT('',(34.138201731104,128.28007229621,2.5));
#9564 = DIRECTION('',(0.758881234229,-0.651229047521,0.));
#9565 = DIRECTION('',(-0.651229047521,-0.758881234229,0.));
#9566 = ADVANCED_FACE('',(#9567),#9579,.F.);
#9567 = FACE_BOUND('',#9568,.F.);
#9568 = EDGE_LOOP('',(#9569,#9570,#9577,#9578));
#9569 = ORIENTED_EDGE('',*,*,#9547,.T.);
#9570 = ORIENTED_EDGE('',*,*,#9571,.F.);
#9571 = EDGE_CURVE('',#9354,#9548,#9572,.T.);
#9572 = CIRCLE('',#9573,1.15360952387);
#9573 = AXIS2_PLACEMENT_3D('',#9574,#9575,#9576);
#9574 = CARTESIAN_POINT('',(33.262749111811,129.03133632765,2.));
#9575 = DIRECTION('',(0.,0.,-1.));
#9576 = DIRECTION('',(0.758881234229,-0.65122904752,0.));
#9577 = ORIENTED_EDGE('',*,*,#9361,.F.);
#9578 = ORIENTED_EDGE('',*,*,#1133,.T.);
#9579 = CYLINDRICAL_SURFACE('',#9580,1.15360952387);
#9580 = AXIS2_PLACEMENT_3D('',#9581,#9582,#9583);
#9581 = CARTESIAN_POINT('',(33.262749111811,129.03133632765,2.5));
#9582 = DIRECTION('',(0.,0.,-1.));
#9583 = DIRECTION('',(0.758881234229,-0.65122904752,0.));
#9584 = ADVANCED_FACE('',(#9585),#9597,.T.);
#9585 = FACE_BOUND('',#9586,.T.);
#9586 = EDGE_LOOP('',(#9587,#9588,#9589,#9590,#9591,#9592,#9593,#9594,
    #9595,#9596));
#9587 = ORIENTED_EDGE('',*,*,#9571,.F.);
#9588 = ORIENTED_EDGE('',*,*,#9353,.F.);
#9589 = ORIENTED_EDGE('',*,*,#9376,.F.);
#9590 = ORIENTED_EDGE('',*,*,#9409,.F.);
#9591 = ORIENTED_EDGE('',*,*,#9433,.F.);
#9592 = ORIENTED_EDGE('',*,*,#9449,.F.);
#9593 = ORIENTED_EDGE('',*,*,#9482,.F.);
#9594 = ORIENTED_EDGE('',*,*,#9498,.F.);
#9595 = ORIENTED_EDGE('',*,*,#9531,.F.);
#9596 = ORIENTED_EDGE('',*,*,#9555,.F.);
#9597 = PLANE('',#9598);
#9598 = AXIS2_PLACEMENT_3D('',#9599,#9600,#9601);
#9599 = CARTESIAN_POINT('',(28.88783165095,123.93321796977,2.));
#9600 = DIRECTION('',(0.,0.,1.));
#9601 = DIRECTION('',(1.,0.,-0.));
#9602 = ADVANCED_FACE('',(#9603),#9637,.F.);
#9603 = FACE_BOUND('',#9604,.T.);
#9604 = EDGE_LOOP('',(#9605,#9615,#9623,#9631));
#9605 = ORIENTED_EDGE('',*,*,#9606,.F.);
#9606 = EDGE_CURVE('',#9607,#9609,#9611,.T.);
#9607 = VERTEX_POINT('',#9608);
#9608 = CARTESIAN_POINT('',(31.137394534713,107.27417496264,2.5));
#9609 = VERTEX_POINT('',#9610);
#9610 = CARTESIAN_POINT('',(31.137394534711,112.29375222259,2.5));
#9611 = LINE('',#9612,#9613);
#9612 = CARTESIAN_POINT('',(31.137394534711,102.49841310107,2.5));
#9613 = VECTOR('',#9614,1.);
#9614 = DIRECTION('',(0.,1.,0.));
#9615 = ORIENTED_EDGE('',*,*,#9616,.T.);
#9616 = EDGE_CURVE('',#9607,#9617,#9619,.T.);
#9617 = VERTEX_POINT('',#9618);
#9618 = CARTESIAN_POINT('',(31.137394534713,107.27417496264,2.));
#9619 = LINE('',#9620,#9621);
#9620 = CARTESIAN_POINT('',(31.137394534713,107.27417496264,2.5));
#9621 = VECTOR('',#9622,1.);
#9622 = DIRECTION('',(0.,0.,-1.));
#9623 = ORIENTED_EDGE('',*,*,#9624,.T.);
#9624 = EDGE_CURVE('',#9617,#9625,#9627,.T.);
#9625 = VERTEX_POINT('',#9626);
#9626 = CARTESIAN_POINT('',(31.137394534711,112.29375222259,2.));
#9627 = LINE('',#9628,#9629);
#9628 = CARTESIAN_POINT('',(31.137394534711,112.29375222259,2.));
#9629 = VECTOR('',#9630,1.);
#9630 = DIRECTION('',(0.,1.,0.));
#9631 = ORIENTED_EDGE('',*,*,#9632,.F.);
#9632 = EDGE_CURVE('',#9609,#9625,#9633,.T.);
#9633 = LINE('',#9634,#9635);
#9634 = CARTESIAN_POINT('',(31.137394534711,112.29375222259,2.5));
#9635 = VECTOR('',#9636,1.);
#9636 = DIRECTION('',(0.,0.,-1.));
#9637 = PLANE('',#9638);
#9638 = AXIS2_PLACEMENT_3D('',#9639,#9640,#9641);
#9639 = CARTESIAN_POINT('',(31.137394534711,107.27417496264,2.5));
#9640 = DIRECTION('',(-1.,0.,0.));
#9641 = DIRECTION('',(0.,1.,0.));
#9642 = ADVANCED_FACE('',(#9643),#9670,.T.);
#9643 = FACE_BOUND('',#9644,.T.);
#9644 = EDGE_LOOP('',(#9645,#9654,#9662,#9669));
#9645 = ORIENTED_EDGE('',*,*,#9646,.F.);
#9646 = EDGE_CURVE('',#9647,#9607,#9649,.T.);
#9647 = VERTEX_POINT('',#9648);
#9648 = CARTESIAN_POINT('',(30.560589772776,106.69737020071,2.5));
#9649 = CIRCLE('',#9650,0.576804761936);
#9650 = AXIS2_PLACEMENT_3D('',#9651,#9652,#9653);
#9651 = CARTESIAN_POINT('',(30.560589772776,107.27417496264,2.5));
#9652 = DIRECTION('',(0.,0.,1.));
#9653 = DIRECTION('',(0.,-1.,0.));
#9654 = ORIENTED_EDGE('',*,*,#9655,.T.);
#9655 = EDGE_CURVE('',#9647,#9656,#9658,.T.);
#9656 = VERTEX_POINT('',#9657);
#9657 = CARTESIAN_POINT('',(30.560589772776,106.69737020071,2.));
#9658 = LINE('',#9659,#9660);
#9659 = CARTESIAN_POINT('',(30.560589772776,106.69737020071,2.5));
#9660 = VECTOR('',#9661,1.);
#9661 = DIRECTION('',(0.,0.,-1.));
#9662 = ORIENTED_EDGE('',*,*,#9663,.T.);
#9663 = EDGE_CURVE('',#9656,#9617,#9664,.T.);
#9664 = CIRCLE('',#9665,0.576804761936);
#9665 = AXIS2_PLACEMENT_3D('',#9666,#9667,#9668);
#9666 = CARTESIAN_POINT('',(30.560589772776,107.27417496264,2.));
#9667 = DIRECTION('',(0.,0.,1.));
#9668 = DIRECTION('',(0.,-1.,0.));
#9669 = ORIENTED_EDGE('',*,*,#9616,.F.);
#9670 = CYLINDRICAL_SURFACE('',#9671,0.576804761936);
#9671 = AXIS2_PLACEMENT_3D('',#9672,#9673,#9674);
#9672 = CARTESIAN_POINT('',(30.560589772776,107.27417496264,2.5));
#9673 = DIRECTION('',(0.,0.,-1.));
#9674 = DIRECTION('',(0.,-1.,0.));
#9675 = ADVANCED_FACE('',(#9676),#9701,.F.);
#9676 = FACE_BOUND('',#9677,.T.);
#9677 = EDGE_LOOP('',(#9678,#9686,#9694,#9700));
#9678 = ORIENTED_EDGE('',*,*,#9679,.F.);
#9679 = EDGE_CURVE('',#9680,#9647,#9682,.T.);
#9680 = VERTEX_POINT('',#9681);
#9681 = CARTESIAN_POINT('',(27.068881000792,106.69737020071,2.5));
#9682 = LINE('',#9683,#9684);
#9683 = CARTESIAN_POINT('',(27.978356325872,106.69737020071,2.5));
#9684 = VECTOR('',#9685,1.);
#9685 = DIRECTION('',(1.,0.,0.));
#9686 = ORIENTED_EDGE('',*,*,#9687,.T.);
#9687 = EDGE_CURVE('',#9680,#9688,#9690,.T.);
#9688 = VERTEX_POINT('',#9689);
#9689 = CARTESIAN_POINT('',(27.068881000792,106.69737020071,2.));
#9690 = LINE('',#9691,#9692);
#9691 = CARTESIAN_POINT('',(27.068881000792,106.69737020071,2.5));
#9692 = VECTOR('',#9693,1.);
#9693 = DIRECTION('',(0.,0.,-1.));
#9694 = ORIENTED_EDGE('',*,*,#9695,.T.);
#9695 = EDGE_CURVE('',#9688,#9656,#9696,.T.);
#9696 = LINE('',#9697,#9698);
#9697 = CARTESIAN_POINT('',(30.560589772776,106.69737020071,2.));
#9698 = VECTOR('',#9699,1.);
#9699 = DIRECTION('',(1.,0.,0.));
#9700 = ORIENTED_EDGE('',*,*,#9655,.F.);
#9701 = PLANE('',#9702);
#9702 = AXIS2_PLACEMENT_3D('',#9703,#9704,#9705);
#9703 = CARTESIAN_POINT('',(27.068881000792,106.69737020071,2.5));
#9704 = DIRECTION('',(0.,1.,0.));
#9705 = DIRECTION('',(1.,0.,0.));
#9706 = ADVANCED_FACE('',(#9707),#9734,.T.);
#9707 = FACE_BOUND('',#9708,.T.);
#9708 = EDGE_LOOP('',(#9709,#9718,#9726,#9733));
#9709 = ORIENTED_EDGE('',*,*,#9710,.F.);
#9710 = EDGE_CURVE('',#9711,#9680,#9713,.T.);
#9711 = VERTEX_POINT('',#9712);
#9712 = CARTESIAN_POINT('',(26.492076238858,107.27417496264,2.5));
#9713 = CIRCLE('',#9714,0.576804761934);
#9714 = AXIS2_PLACEMENT_3D('',#9715,#9716,#9717);
#9715 = CARTESIAN_POINT('',(27.068881000792,107.27417496264,2.5));
#9716 = DIRECTION('',(0.,0.,1.));
#9717 = DIRECTION('',(-1.,0.,0.));
#9718 = ORIENTED_EDGE('',*,*,#9719,.T.);
#9719 = EDGE_CURVE('',#9711,#9720,#9722,.T.);
#9720 = VERTEX_POINT('',#9721);
#9721 = CARTESIAN_POINT('',(26.492076238858,107.27417496264,2.));
#9722 = LINE('',#9723,#9724);
#9723 = CARTESIAN_POINT('',(26.492076238858,107.27417496264,2.5));
#9724 = VECTOR('',#9725,1.);
#9725 = DIRECTION('',(0.,0.,-1.));
#9726 = ORIENTED_EDGE('',*,*,#9727,.T.);
#9727 = EDGE_CURVE('',#9720,#9688,#9728,.T.);
#9728 = CIRCLE('',#9729,0.576804761934);
#9729 = AXIS2_PLACEMENT_3D('',#9730,#9731,#9732);
#9730 = CARTESIAN_POINT('',(27.068881000792,107.27417496264,2.));
#9731 = DIRECTION('',(0.,0.,1.));
#9732 = DIRECTION('',(-1.,0.,0.));
#9733 = ORIENTED_EDGE('',*,*,#9687,.F.);
#9734 = CYLINDRICAL_SURFACE('',#9735,0.576804761934);
#9735 = AXIS2_PLACEMENT_3D('',#9736,#9737,#9738);
#9736 = CARTESIAN_POINT('',(27.068881000792,107.27417496264,2.5));
#9737 = DIRECTION('',(0.,0.,-1.));
#9738 = DIRECTION('',(-1.,0.,0.));
#9739 = ADVANCED_FACE('',(#9740),#9765,.F.);
#9740 = FACE_BOUND('',#9741,.T.);
#9741 = EDGE_LOOP('',(#9742,#9750,#9758,#9764));
#9742 = ORIENTED_EDGE('',*,*,#9743,.F.);
#9743 = EDGE_CURVE('',#9744,#9711,#9746,.T.);
#9744 = VERTEX_POINT('',#9745);
#9745 = CARTESIAN_POINT('',(26.492076238858,112.29375222259,2.5));
#9746 = LINE('',#9747,#9748);
#9747 = CARTESIAN_POINT('',(26.492076238858,105.00820173104,2.5));
#9748 = VECTOR('',#9749,1.);
#9749 = DIRECTION('',(0.,-1.,0.));
#9750 = ORIENTED_EDGE('',*,*,#9751,.T.);
#9751 = EDGE_CURVE('',#9744,#9752,#9754,.T.);
#9752 = VERTEX_POINT('',#9753);
#9753 = CARTESIAN_POINT('',(26.492076238858,112.29375222259,2.));
#9754 = LINE('',#9755,#9756);
#9755 = CARTESIAN_POINT('',(26.492076238858,112.29375222259,2.5));
#9756 = VECTOR('',#9757,1.);
#9757 = DIRECTION('',(0.,0.,-1.));
#9758 = ORIENTED_EDGE('',*,*,#9759,.T.);
#9759 = EDGE_CURVE('',#9752,#9720,#9760,.T.);
#9760 = LINE('',#9761,#9762);
#9761 = CARTESIAN_POINT('',(26.492076238858,112.29375222259,2.));
#9762 = VECTOR('',#9763,1.);
#9763 = DIRECTION('',(0.,-1.,0.));
#9764 = ORIENTED_EDGE('',*,*,#9719,.F.);
#9765 = PLANE('',#9766);
#9766 = AXIS2_PLACEMENT_3D('',#9767,#9768,#9769);
#9767 = CARTESIAN_POINT('',(26.492076238858,112.29375222259,2.5));
#9768 = DIRECTION('',(1.,0.,0.));
#9769 = DIRECTION('',(0.,-1.,0.));
#9770 = ADVANCED_FACE('',(#9771),#9798,.T.);
#9771 = FACE_BOUND('',#9772,.T.);
#9772 = EDGE_LOOP('',(#9773,#9782,#9790,#9797));
#9773 = ORIENTED_EDGE('',*,*,#9774,.F.);
#9774 = EDGE_CURVE('',#9775,#9744,#9777,.T.);
#9775 = VERTEX_POINT('',#9776);
#9776 = CARTESIAN_POINT('',(27.068881000792,112.87055698452,2.5));
#9777 = CIRCLE('',#9778,0.576804761937);
#9778 = AXIS2_PLACEMENT_3D('',#9779,#9780,#9781);
#9779 = CARTESIAN_POINT('',(27.068881000792,112.29375222259,2.5));
#9780 = DIRECTION('',(0.,0.,1.));
#9781 = DIRECTION('',(4.811953272098E-16,1.,-0.));
#9782 = ORIENTED_EDGE('',*,*,#9783,.T.);
#9783 = EDGE_CURVE('',#9775,#9784,#9786,.T.);
#9784 = VERTEX_POINT('',#9785);
#9785 = CARTESIAN_POINT('',(27.068881000792,112.87055698452,2.));
#9786 = LINE('',#9787,#9788);
#9787 = CARTESIAN_POINT('',(27.068881000792,112.87055698452,2.5));
#9788 = VECTOR('',#9789,1.);
#9789 = DIRECTION('',(0.,0.,-1.));
#9790 = ORIENTED_EDGE('',*,*,#9791,.T.);
#9791 = EDGE_CURVE('',#9784,#9752,#9792,.T.);
#9792 = CIRCLE('',#9793,0.576804761937);
#9793 = AXIS2_PLACEMENT_3D('',#9794,#9795,#9796);
#9794 = CARTESIAN_POINT('',(27.068881000792,112.29375222259,2.));
#9795 = DIRECTION('',(0.,0.,1.));
#9796 = DIRECTION('',(4.811953272098E-16,1.,-0.));
#9797 = ORIENTED_EDGE('',*,*,#9751,.F.);
#9798 = CYLINDRICAL_SURFACE('',#9799,0.576804761937);
#9799 = AXIS2_PLACEMENT_3D('',#9800,#9801,#9802);
#9800 = CARTESIAN_POINT('',(27.068881000792,112.29375222259,2.5));
#9801 = DIRECTION('',(0.,0.,-1.));
#9802 = DIRECTION('',(4.811953272098E-16,1.,0.));
#9803 = ADVANCED_FACE('',(#9804),#9829,.F.);
#9804 = FACE_BOUND('',#9805,.T.);
#9805 = EDGE_LOOP('',(#9806,#9814,#9822,#9828));
#9806 = ORIENTED_EDGE('',*,*,#9807,.F.);
#9807 = EDGE_CURVE('',#9808,#9775,#9810,.T.);
#9808 = VERTEX_POINT('',#9809);
#9809 = CARTESIAN_POINT('',(30.560589772776,112.87055698452,2.5));
#9810 = LINE('',#9811,#9812);
#9811 = CARTESIAN_POINT('',(29.724210711869,112.87055698452,2.5));
#9812 = VECTOR('',#9813,1.);
#9813 = DIRECTION('',(-1.,6.669206815974E-13,0.));
#9814 = ORIENTED_EDGE('',*,*,#9815,.T.);
#9815 = EDGE_CURVE('',#9808,#9816,#9818,.T.);
#9816 = VERTEX_POINT('',#9817);
#9817 = CARTESIAN_POINT('',(30.560589772776,112.87055698452,2.));
#9818 = LINE('',#9819,#9820);
#9819 = CARTESIAN_POINT('',(30.560589772776,112.87055698452,2.5));
#9820 = VECTOR('',#9821,1.);
#9821 = DIRECTION('',(0.,0.,-1.));
#9822 = ORIENTED_EDGE('',*,*,#9823,.T.);
#9823 = EDGE_CURVE('',#9816,#9784,#9824,.T.);
#9824 = LINE('',#9825,#9826);
#9825 = CARTESIAN_POINT('',(30.560589772776,112.87055698452,2.));
#9826 = VECTOR('',#9827,1.);
#9827 = DIRECTION('',(-1.,6.669206815974E-13,0.));
#9828 = ORIENTED_EDGE('',*,*,#9783,.F.);
#9829 = PLANE('',#9830);
#9830 = AXIS2_PLACEMENT_3D('',#9831,#9832,#9833);
#9831 = CARTESIAN_POINT('',(30.560589772776,112.87055698452,2.5));
#9832 = DIRECTION('',(-6.669206815974E-13,-1.,0.));
#9833 = DIRECTION('',(-1.,6.669206815974E-13,0.));
#9834 = ADVANCED_FACE('',(#9835),#9853,.T.);
#9835 = FACE_BOUND('',#9836,.T.);
#9836 = EDGE_LOOP('',(#9837,#9844,#9845,#9852));
#9837 = ORIENTED_EDGE('',*,*,#9838,.F.);
#9838 = EDGE_CURVE('',#9609,#9808,#9839,.T.);
#9839 = CIRCLE('',#9840,0.576804761935);
#9840 = AXIS2_PLACEMENT_3D('',#9841,#9842,#9843);
#9841 = CARTESIAN_POINT('',(30.560589772776,112.29375222259,2.5));
#9842 = DIRECTION('',(0.,0.,1.));
#9843 = DIRECTION('',(1.,0.,-0.));
#9844 = ORIENTED_EDGE('',*,*,#9632,.T.);
#9845 = ORIENTED_EDGE('',*,*,#9846,.T.);
#9846 = EDGE_CURVE('',#9625,#9816,#9847,.T.);
#9847 = CIRCLE('',#9848,0.576804761935);
#9848 = AXIS2_PLACEMENT_3D('',#9849,#9850,#9851);
#9849 = CARTESIAN_POINT('',(30.560589772776,112.29375222259,2.));
#9850 = DIRECTION('',(0.,0.,1.));
#9851 = DIRECTION('',(1.,0.,-0.));
#9852 = ORIENTED_EDGE('',*,*,#9815,.F.);
#9853 = CYLINDRICAL_SURFACE('',#9854,0.576804761935);
#9854 = AXIS2_PLACEMENT_3D('',#9855,#9856,#9857);
#9855 = CARTESIAN_POINT('',(30.560589772776,112.29375222259,2.5));
#9856 = DIRECTION('',(0.,0.,-1.));
#9857 = DIRECTION('',(1.,0.,0.));
#9858 = ADVANCED_FACE('',(#9859),#9884,.F.);
#9859 = FACE_BOUND('',#9860,.T.);
#9860 = EDGE_LOOP('',(#9861,#9862,#9870,#9878));
#9861 = ORIENTED_EDGE('',*,*,#1209,.F.);
#9862 = ORIENTED_EDGE('',*,*,#9863,.T.);
#9863 = EDGE_CURVE('',#1210,#9864,#9866,.T.);
#9864 = VERTEX_POINT('',#9865);
#9865 = CARTESIAN_POINT('',(27.068881000792,115.17777603226,2.));
#9866 = LINE('',#9867,#9868);
#9867 = CARTESIAN_POINT('',(27.068881000792,115.17777603226,2.5));
#9868 = VECTOR('',#9869,1.);
#9869 = DIRECTION('',(0.,0.,-1.));
#9870 = ORIENTED_EDGE('',*,*,#9871,.T.);
#9871 = EDGE_CURVE('',#9864,#9872,#9874,.T.);
#9872 = VERTEX_POINT('',#9873);
#9873 = CARTESIAN_POINT('',(30.560589772776,115.17777603226,2.));
#9874 = LINE('',#9875,#9876);
#9875 = CARTESIAN_POINT('',(30.560589772776,115.17777603226,2.));
#9876 = VECTOR('',#9877,1.);
#9877 = DIRECTION('',(1.,-7.821811092871E-14,0.));
#9878 = ORIENTED_EDGE('',*,*,#9879,.F.);
#9879 = EDGE_CURVE('',#1212,#9872,#9880,.T.);
#9880 = LINE('',#9881,#9882);
#9881 = CARTESIAN_POINT('',(30.560589772776,115.17777603226,2.5));
#9882 = VECTOR('',#9883,1.);
#9883 = DIRECTION('',(0.,0.,-1.));
#9884 = PLANE('',#9885);
#9885 = AXIS2_PLACEMENT_3D('',#9886,#9887,#9888);
#9886 = CARTESIAN_POINT('',(27.068881000792,115.17777603226,2.5));
#9887 = DIRECTION('',(7.821811092871E-14,1.,0.));
#9888 = DIRECTION('',(1.,-7.821811092871E-14,0.));
#9889 = ADVANCED_FACE('',(#9890),#9909,.F.);
#9890 = FACE_BOUND('',#9891,.F.);
#9891 = EDGE_LOOP('',(#9892,#9893,#9902,#9908));
#9892 = ORIENTED_EDGE('',*,*,#9863,.T.);
#9893 = ORIENTED_EDGE('',*,*,#9894,.F.);
#9894 = EDGE_CURVE('',#9895,#9864,#9897,.T.);
#9895 = VERTEX_POINT('',#9896);
#9896 = CARTESIAN_POINT('',(24.18485719112,112.29375222259,2.));
#9897 = CIRCLE('',#9898,2.884023809672);
#9898 = AXIS2_PLACEMENT_3D('',#9899,#9900,#9901);
#9899 = CARTESIAN_POINT('',(27.068881000792,112.29375222259,2.));
#9900 = DIRECTION('',(0.,0.,-1.));
#9901 = DIRECTION('',(9.623906544233E-17,1.,0.));
#9902 = ORIENTED_EDGE('',*,*,#9903,.F.);
#9903 = EDGE_CURVE('',#1263,#9895,#9904,.T.);
#9904 = LINE('',#9905,#9906);
#9905 = CARTESIAN_POINT('',(24.18485719112,112.29375222259,2.5));
#9906 = VECTOR('',#9907,1.);
#9907 = DIRECTION('',(0.,0.,-1.));
#9908 = ORIENTED_EDGE('',*,*,#1270,.T.);
#9909 = CYLINDRICAL_SURFACE('',#9910,2.884023809672);
#9910 = AXIS2_PLACEMENT_3D('',#9911,#9912,#9913);
#9911 = CARTESIAN_POINT('',(27.068881000792,112.29375222259,2.5));
#9912 = DIRECTION('',(0.,0.,-1.));
#9913 = DIRECTION('',(9.623906544233E-17,1.,0.));
#9914 = ADVANCED_FACE('',(#9915),#9933,.F.);
#9915 = FACE_BOUND('',#9916,.T.);
#9916 = EDGE_LOOP('',(#9917,#9918,#9926,#9932));
#9917 = ORIENTED_EDGE('',*,*,#1262,.F.);
#9918 = ORIENTED_EDGE('',*,*,#9919,.T.);
#9919 = EDGE_CURVE('',#1254,#9920,#9922,.T.);
#9920 = VERTEX_POINT('',#9921);
#9921 = CARTESIAN_POINT('',(24.18485719112,107.27417496264,2.));
#9922 = LINE('',#9923,#9924);
#9923 = CARTESIAN_POINT('',(24.18485719112,107.27417496264,2.5));
#9924 = VECTOR('',#9925,1.);
#9925 = DIRECTION('',(0.,0.,-1.));
#9926 = ORIENTED_EDGE('',*,*,#9927,.T.);
#9927 = EDGE_CURVE('',#9920,#9895,#9928,.T.);
#9928 = LINE('',#9929,#9930);
#9929 = CARTESIAN_POINT('',(24.18485719112,112.29375222259,2.));
#9930 = VECTOR('',#9931,1.);
#9931 = DIRECTION('',(0.,1.,0.));
#9932 = ORIENTED_EDGE('',*,*,#9903,.F.);
#9933 = PLANE('',#9934);
#9934 = AXIS2_PLACEMENT_3D('',#9935,#9936,#9937);
#9935 = CARTESIAN_POINT('',(24.18485719112,107.27417496264,2.5));
#9936 = DIRECTION('',(-1.,0.,0.));
#9937 = DIRECTION('',(0.,1.,0.));
#9938 = ADVANCED_FACE('',(#9939),#9958,.F.);
#9939 = FACE_BOUND('',#9940,.F.);
#9940 = EDGE_LOOP('',(#9941,#9942,#9951,#9957));
#9941 = ORIENTED_EDGE('',*,*,#9919,.T.);
#9942 = ORIENTED_EDGE('',*,*,#9943,.F.);
#9943 = EDGE_CURVE('',#9944,#9920,#9946,.T.);
#9944 = VERTEX_POINT('',#9945);
#9945 = CARTESIAN_POINT('',(27.068881000792,104.39015115297,2.));
#9946 = CIRCLE('',#9947,2.884023809672);
#9947 = AXIS2_PLACEMENT_3D('',#9948,#9949,#9950);
#9948 = CARTESIAN_POINT('',(27.068881000792,107.27417496264,2.));
#9949 = DIRECTION('',(0.,0.,-1.));
#9950 = DIRECTION('',(-1.,1.924781308847E-16,0.));
#9951 = ORIENTED_EDGE('',*,*,#9952,.F.);
#9952 = EDGE_CURVE('',#1246,#9944,#9953,.T.);
#9953 = LINE('',#9954,#9955);
#9954 = CARTESIAN_POINT('',(27.068881000792,104.39015115297,2.5));
#9955 = VECTOR('',#9956,1.);
#9956 = DIRECTION('',(0.,0.,-1.));
#9957 = ORIENTED_EDGE('',*,*,#1253,.T.);
#9958 = CYLINDRICAL_SURFACE('',#9959,2.884023809672);
#9959 = AXIS2_PLACEMENT_3D('',#9960,#9961,#9962);
#9960 = CARTESIAN_POINT('',(27.068881000792,107.27417496264,2.5));
#9961 = DIRECTION('',(0.,0.,-1.));
#9962 = DIRECTION('',(-1.,1.924781308847E-16,0.));
#9963 = ADVANCED_FACE('',(#9964),#9982,.F.);
#9964 = FACE_BOUND('',#9965,.T.);
#9965 = EDGE_LOOP('',(#9966,#9967,#9975,#9981));
#9966 = ORIENTED_EDGE('',*,*,#1245,.F.);
#9967 = ORIENTED_EDGE('',*,*,#9968,.T.);
#9968 = EDGE_CURVE('',#1237,#9969,#9971,.T.);
#9969 = VERTEX_POINT('',#9970);
#9970 = CARTESIAN_POINT('',(30.560589772776,104.39015115297,2.));
#9971 = LINE('',#9972,#9973);
#9972 = CARTESIAN_POINT('',(30.560589772776,104.39015115297,2.5));
#9973 = VECTOR('',#9974,1.);
#9974 = DIRECTION('',(0.,0.,-1.));
#9975 = ORIENTED_EDGE('',*,*,#9976,.T.);
#9976 = EDGE_CURVE('',#9969,#9944,#9977,.T.);
#9977 = LINE('',#9978,#9979);
#9978 = CARTESIAN_POINT('',(30.560589772776,104.39015115297,2.));
#9979 = VECTOR('',#9980,1.);
#9980 = DIRECTION('',(-1.,0.,0.));
#9981 = ORIENTED_EDGE('',*,*,#9952,.F.);
#9982 = PLANE('',#9983);
#9983 = AXIS2_PLACEMENT_3D('',#9984,#9985,#9986);
#9984 = CARTESIAN_POINT('',(30.560589772776,104.39015115297,2.5));
#9985 = DIRECTION('',(0.,-1.,0.));
#9986 = DIRECTION('',(-1.,0.,0.));
#9987 = ADVANCED_FACE('',(#9988),#10007,.F.);
#9988 = FACE_BOUND('',#9989,.F.);
#9989 = EDGE_LOOP('',(#9990,#9991,#10000,#10006));
#9990 = ORIENTED_EDGE('',*,*,#9968,.T.);
#9991 = ORIENTED_EDGE('',*,*,#9992,.F.);
#9992 = EDGE_CURVE('',#9993,#9969,#9995,.T.);
#9993 = VERTEX_POINT('',#9994);
#9994 = CARTESIAN_POINT('',(33.444613582448,107.27417496264,2.));
#9995 = CIRCLE('',#9996,2.884023809672);
#9996 = AXIS2_PLACEMENT_3D('',#9997,#9998,#9999);
#9997 = CARTESIAN_POINT('',(30.560589772776,107.27417496264,2.));
#9998 = DIRECTION('',(0.,0.,-1.));
#9999 = DIRECTION('',(0.,-1.,0.));
#10000 = ORIENTED_EDGE('',*,*,#10001,.F.);
#10001 = EDGE_CURVE('',#1229,#9993,#10002,.T.);
#10002 = LINE('',#10003,#10004);
#10003 = CARTESIAN_POINT('',(33.444613582448,107.27417496264,2.5));
#10004 = VECTOR('',#10005,1.);
#10005 = DIRECTION('',(0.,0.,-1.));
#10006 = ORIENTED_EDGE('',*,*,#1236,.T.);
#10007 = CYLINDRICAL_SURFACE('',#10008,2.884023809672);
#10008 = AXIS2_PLACEMENT_3D('',#10009,#10010,#10011);
#10009 = CARTESIAN_POINT('',(30.560589772776,107.27417496264,2.5));
#10010 = DIRECTION('',(0.,0.,-1.));
#10011 = DIRECTION('',(0.,-1.,0.));
#10012 = ADVANCED_FACE('',(#10013),#10031,.F.);
#10013 = FACE_BOUND('',#10014,.T.);
#10014 = EDGE_LOOP('',(#10015,#10016,#10024,#10030));
#10015 = ORIENTED_EDGE('',*,*,#1228,.F.);
#10016 = ORIENTED_EDGE('',*,*,#10017,.T.);
#10017 = EDGE_CURVE('',#1220,#10018,#10020,.T.);
#10018 = VERTEX_POINT('',#10019);
#10019 = CARTESIAN_POINT('',(33.444613582447,112.29375222259,2.));
#10020 = LINE('',#10021,#10022);
#10021 = CARTESIAN_POINT('',(33.444613582447,112.29375222259,2.5));
#10022 = VECTOR('',#10023,1.);
#10023 = DIRECTION('',(0.,0.,-1.));
#10024 = ORIENTED_EDGE('',*,*,#10025,.T.);
#10025 = EDGE_CURVE('',#10018,#9993,#10026,.T.);
#10026 = LINE('',#10027,#10028);
#10027 = CARTESIAN_POINT('',(33.444613582447,112.29375222259,2.));
#10028 = VECTOR('',#10029,1.);
#10029 = DIRECTION('',(0.,-1.,0.));
#10030 = ORIENTED_EDGE('',*,*,#10001,.F.);
#10031 = PLANE('',#10032);
#10032 = AXIS2_PLACEMENT_3D('',#10033,#10034,#10035);
#10033 = CARTESIAN_POINT('',(33.444613582447,112.29375222259,2.5));
#10034 = DIRECTION('',(1.,0.,0.));
#10035 = DIRECTION('',(0.,-1.,0.));
#10036 = ADVANCED_FACE('',(#10037),#10049,.F.);
#10037 = FACE_BOUND('',#10038,.F.);
#10038 = EDGE_LOOP('',(#10039,#10040,#10047,#10048));
#10039 = ORIENTED_EDGE('',*,*,#10017,.T.);
#10040 = ORIENTED_EDGE('',*,*,#10041,.F.);
#10041 = EDGE_CURVE('',#9872,#10018,#10042,.T.);
#10042 = CIRCLE('',#10043,2.884023809671);
#10043 = AXIS2_PLACEMENT_3D('',#10044,#10045,#10046);
#10044 = CARTESIAN_POINT('',(30.560589772776,112.29375222259,2.));
#10045 = DIRECTION('',(0.,0.,-1.));
#10046 = DIRECTION('',(1.,0.,0.));
#10047 = ORIENTED_EDGE('',*,*,#9879,.F.);
#10048 = ORIENTED_EDGE('',*,*,#1219,.T.);
#10049 = CYLINDRICAL_SURFACE('',#10050,2.884023809671);
#10050 = AXIS2_PLACEMENT_3D('',#10051,#10052,#10053);
#10051 = CARTESIAN_POINT('',(30.560589772776,112.29375222259,2.5));
#10052 = DIRECTION('',(0.,0.,-1.));
#10053 = DIRECTION('',(1.,0.,0.));
#10054 = ADVANCED_FACE('',(#10055,#10065),#10075,.T.);
#10055 = FACE_BOUND('',#10056,.T.);
#10056 = EDGE_LOOP('',(#10057,#10058,#10059,#10060,#10061,#10062,#10063,
    #10064));
#10057 = ORIENTED_EDGE('',*,*,#10041,.F.);
#10058 = ORIENTED_EDGE('',*,*,#9871,.F.);
#10059 = ORIENTED_EDGE('',*,*,#9894,.F.);
#10060 = ORIENTED_EDGE('',*,*,#9927,.F.);
#10061 = ORIENTED_EDGE('',*,*,#9943,.F.);
#10062 = ORIENTED_EDGE('',*,*,#9976,.F.);
#10063 = ORIENTED_EDGE('',*,*,#9992,.F.);
#10064 = ORIENTED_EDGE('',*,*,#10025,.F.);
#10065 = FACE_BOUND('',#10066,.T.);
#10066 = EDGE_LOOP('',(#10067,#10068,#10069,#10070,#10071,#10072,#10073,
    #10074));
#10067 = ORIENTED_EDGE('',*,*,#9846,.F.);
#10068 = ORIENTED_EDGE('',*,*,#9624,.F.);
#10069 = ORIENTED_EDGE('',*,*,#9663,.F.);
#10070 = ORIENTED_EDGE('',*,*,#9695,.F.);
#10071 = ORIENTED_EDGE('',*,*,#9727,.F.);
#10072 = ORIENTED_EDGE('',*,*,#9759,.F.);
#10073 = ORIENTED_EDGE('',*,*,#9791,.F.);
#10074 = ORIENTED_EDGE('',*,*,#9823,.F.);
#10075 = PLANE('',#10076);
#10076 = AXIS2_PLACEMENT_3D('',#10077,#10078,#10079);
#10077 = CARTESIAN_POINT('',(28.814735386784,109.78396359261,2.));
#10078 = DIRECTION('',(0.,0.,1.));
#10079 = DIRECTION('',(1.,0.,-0.));
#10080 = ADVANCED_FACE('',(#10081),#10107,.F.);
#10081 = FACE_BOUND('',#10082,.F.);
#10082 = EDGE_LOOP('',(#10083,#10091,#10100,#10106));
#10083 = ORIENTED_EDGE('',*,*,#10084,.T.);
#10084 = EDGE_CURVE('',#1282,#10085,#10087,.T.);
#10085 = VERTEX_POINT('',#10086);
#10086 = CARTESIAN_POINT('',(29.896244315412,154.50650389642,2.));
#10087 = LINE('',#10088,#10089);
#10088 = CARTESIAN_POINT('',(29.896244315412,154.50650389642,2.5));
#10089 = VECTOR('',#10090,1.);
#10090 = DIRECTION('',(0.,0.,-1.));
#10091 = ORIENTED_EDGE('',*,*,#10092,.F.);
#10092 = EDGE_CURVE('',#10093,#10085,#10095,.T.);
#10093 = VERTEX_POINT('',#10094);
#10094 = CARTESIAN_POINT('',(31.338256220246,155.94851580125,2.));
#10095 = CIRCLE('',#10096,1.442011904835);
#10096 = AXIS2_PLACEMENT_3D('',#10097,#10098,#10099);
#10097 = CARTESIAN_POINT('',(29.896244315411,155.94851580125,2.));
#10098 = DIRECTION('',(0.,0.,-1.));
#10099 = DIRECTION('',(1.,9.485322290004E-13,0.));
#10100 = ORIENTED_EDGE('',*,*,#10101,.F.);
#10101 = EDGE_CURVE('',#1280,#10093,#10102,.T.);
#10102 = LINE('',#10103,#10104);
#10103 = CARTESIAN_POINT('',(31.338256220246,155.94851580125,2.5));
#10104 = VECTOR('',#10105,1.);
#10105 = DIRECTION('',(0.,0.,-1.));
#10106 = ORIENTED_EDGE('',*,*,#1279,.T.);
#10107 = CYLINDRICAL_SURFACE('',#10108,1.442011904835);
#10108 = AXIS2_PLACEMENT_3D('',#10109,#10110,#10111);
#10109 = CARTESIAN_POINT('',(29.896244315411,155.94851580125,2.5));
#10110 = DIRECTION('',(0.,0.,-1.));
#10111 = DIRECTION('',(1.,9.485322290004E-13,0.));
#10112 = ADVANCED_FACE('',(#10113),#10131,.F.);
#10113 = FACE_BOUND('',#10114,.T.);
#10114 = EDGE_LOOP('',(#10115,#10116,#10124,#10130));
#10115 = ORIENTED_EDGE('',*,*,#1341,.F.);
#10116 = ORIENTED_EDGE('',*,*,#10117,.T.);
#10117 = EDGE_CURVE('',#1333,#10118,#10120,.T.);
#10118 = VERTEX_POINT('',#10119);
#10119 = CARTESIAN_POINT('',(31.338256220246,157.39029150311,2.));
#10120 = LINE('',#10121,#10122);
#10121 = CARTESIAN_POINT('',(31.338256220246,157.39029150311,2.5));
#10122 = VECTOR('',#10123,1.);
#10123 = DIRECTION('',(0.,0.,-1.));
#10124 = ORIENTED_EDGE('',*,*,#10125,.T.);
#10125 = EDGE_CURVE('',#10118,#10093,#10126,.T.);
#10126 = LINE('',#10127,#10128);
#10127 = CARTESIAN_POINT('',(31.338256220246,157.39029150311,2.));
#10128 = VECTOR('',#10129,1.);
#10129 = DIRECTION('',(0.,-1.,0.));
#10130 = ORIENTED_EDGE('',*,*,#10101,.F.);
#10131 = PLANE('',#10132);
#10132 = AXIS2_PLACEMENT_3D('',#10133,#10134,#10135);
#10133 = CARTESIAN_POINT('',(31.338256220246,157.39029150311,2.5));
#10134 = DIRECTION('',(1.,0.,0.));
#10135 = DIRECTION('',(0.,-1.,0.));
#10136 = ADVANCED_FACE('',(#10137),#10156,.F.);
#10137 = FACE_BOUND('',#10138,.F.);
#10138 = EDGE_LOOP('',(#10139,#10140,#10149,#10155));
#10139 = ORIENTED_EDGE('',*,*,#10117,.T.);
#10140 = ORIENTED_EDGE('',*,*,#10141,.F.);
#10141 = EDGE_CURVE('',#10142,#10118,#10144,.T.);
#10142 = VERTEX_POINT('',#10143);
#10143 = CARTESIAN_POINT('',(29.896244315412,158.83230340795,2.));
#10144 = CIRCLE('',#10145,1.442011904835);
#10145 = AXIS2_PLACEMENT_3D('',#10146,#10147,#10148);
#10146 = CARTESIAN_POINT('',(29.896244315411,157.39029150311,2.));
#10147 = DIRECTION('',(0.,0.,-1.));
#10148 = DIRECTION('',(7.904114444786E-13,1.,0.));
#10149 = ORIENTED_EDGE('',*,*,#10150,.F.);
#10150 = EDGE_CURVE('',#1325,#10142,#10151,.T.);
#10151 = LINE('',#10152,#10153);
#10152 = CARTESIAN_POINT('',(29.896244315412,158.83230340795,2.5));
#10153 = VECTOR('',#10154,1.);
#10154 = DIRECTION('',(0.,0.,-1.));
#10155 = ORIENTED_EDGE('',*,*,#1332,.T.);
#10156 = CYLINDRICAL_SURFACE('',#10157,1.442011904835);
#10157 = AXIS2_PLACEMENT_3D('',#10158,#10159,#10160);
#10158 = CARTESIAN_POINT('',(29.896244315411,157.39029150311,2.5));
#10159 = DIRECTION('',(0.,0.,-1.));
#10160 = DIRECTION('',(7.904114444786E-13,1.,0.));
#10161 = ADVANCED_FACE('',(#10162),#10180,.F.);
#10162 = FACE_BOUND('',#10163,.T.);
#10163 = EDGE_LOOP('',(#10164,#10165,#10173,#10179));
#10164 = ORIENTED_EDGE('',*,*,#1324,.F.);
#10165 = ORIENTED_EDGE('',*,*,#10166,.T.);
#10166 = EDGE_CURVE('',#1316,#10167,#10169,.T.);
#10167 = VERTEX_POINT('',#10168);
#10168 = CARTESIAN_POINT('',(27.733226458156,158.83230340795,2.));
#10169 = LINE('',#10170,#10171);
#10170 = CARTESIAN_POINT('',(27.733226458156,158.83230340795,2.5));
#10171 = VECTOR('',#10172,1.);
#10172 = DIRECTION('',(0.,0.,-1.));
#10173 = ORIENTED_EDGE('',*,*,#10174,.T.);
#10174 = EDGE_CURVE('',#10167,#10142,#10175,.T.);
#10175 = LINE('',#10176,#10177);
#10176 = CARTESIAN_POINT('',(27.733226458156,158.83230340795,2.));
#10177 = VECTOR('',#10178,1.);
#10178 = DIRECTION('',(1.,0.,0.));
#10179 = ORIENTED_EDGE('',*,*,#10150,.F.);
#10180 = PLANE('',#10181);
#10181 = AXIS2_PLACEMENT_3D('',#10182,#10183,#10184);
#10182 = CARTESIAN_POINT('',(27.733226458156,158.83230340795,2.5));
#10183 = DIRECTION('',(0.,1.,0.));
#10184 = DIRECTION('',(1.,0.,0.));
#10185 = ADVANCED_FACE('',(#10186),#10205,.F.);
#10186 = FACE_BOUND('',#10187,.F.);
#10187 = EDGE_LOOP('',(#10188,#10189,#10198,#10204));
#10188 = ORIENTED_EDGE('',*,*,#10166,.T.);
#10189 = ORIENTED_EDGE('',*,*,#10190,.F.);
#10190 = EDGE_CURVE('',#10191,#10167,#10193,.T.);
#10191 = VERTEX_POINT('',#10192);
#10192 = CARTESIAN_POINT('',(26.291214553323,157.39029150311,2.));
#10193 = CIRCLE('',#10194,1.442011904835);
#10194 = AXIS2_PLACEMENT_3D('',#10195,#10196,#10197);
#10195 = CARTESIAN_POINT('',(27.733226458158,157.39029150311,2.));
#10196 = DIRECTION('',(0.,0.,-1.));
#10197 = DIRECTION('',(-1.,-7.945497242926E-13,-0.));
#10198 = ORIENTED_EDGE('',*,*,#10199,.F.);
#10199 = EDGE_CURVE('',#1308,#10191,#10200,.T.);
#10200 = LINE('',#10201,#10202);
#10201 = CARTESIAN_POINT('',(26.291214553323,157.39029150311,2.5));
#10202 = VECTOR('',#10203,1.);
#10203 = DIRECTION('',(0.,0.,-1.));
#10204 = ORIENTED_EDGE('',*,*,#1315,.T.);
#10205 = CYLINDRICAL_SURFACE('',#10206,1.442011904835);
#10206 = AXIS2_PLACEMENT_3D('',#10207,#10208,#10209);
#10207 = CARTESIAN_POINT('',(27.733226458158,157.39029150311,2.5));
#10208 = DIRECTION('',(0.,0.,-1.));
#10209 = DIRECTION('',(-1.,-7.945497242926E-13,-0.));
#10210 = ADVANCED_FACE('',(#10211),#10229,.F.);
#10211 = FACE_BOUND('',#10212,.T.);
#10212 = EDGE_LOOP('',(#10213,#10214,#10222,#10228));
#10213 = ORIENTED_EDGE('',*,*,#1307,.F.);
#10214 = ORIENTED_EDGE('',*,*,#10215,.T.);
#10215 = EDGE_CURVE('',#1299,#10216,#10218,.T.);
#10216 = VERTEX_POINT('',#10217);
#10217 = CARTESIAN_POINT('',(26.291214553323,155.94851580125,2.));
#10218 = LINE('',#10219,#10220);
#10219 = CARTESIAN_POINT('',(26.291214553323,155.94851580125,2.5));
#10220 = VECTOR('',#10221,1.);
#10221 = DIRECTION('',(0.,0.,-1.));
#10222 = ORIENTED_EDGE('',*,*,#10223,.T.);
#10223 = EDGE_CURVE('',#10216,#10191,#10224,.T.);
#10224 = LINE('',#10225,#10226);
#10225 = CARTESIAN_POINT('',(26.291214553323,155.94851580125,2.));
#10226 = VECTOR('',#10227,1.);
#10227 = DIRECTION('',(0.,1.,0.));
#10228 = ORIENTED_EDGE('',*,*,#10199,.F.);
#10229 = PLANE('',#10230);
#10230 = AXIS2_PLACEMENT_3D('',#10231,#10232,#10233);
#10231 = CARTESIAN_POINT('',(26.291214553323,155.94851580125,2.5));
#10232 = DIRECTION('',(-1.,0.,0.));
#10233 = DIRECTION('',(0.,1.,0.));
#10234 = ADVANCED_FACE('',(#10235),#10254,.F.);
#10235 = FACE_BOUND('',#10236,.F.);
#10236 = EDGE_LOOP('',(#10237,#10238,#10247,#10253));
#10237 = ORIENTED_EDGE('',*,*,#10215,.T.);
#10238 = ORIENTED_EDGE('',*,*,#10239,.F.);
#10239 = EDGE_CURVE('',#10240,#10216,#10242,.T.);
#10240 = VERTEX_POINT('',#10241);
#10241 = CARTESIAN_POINT('',(27.733226458156,154.50650389642,2.));
#10242 = CIRCLE('',#10243,1.442011904835);
#10243 = AXIS2_PLACEMENT_3D('',#10244,#10245,#10246);
#10244 = CARTESIAN_POINT('',(27.733226458158,155.94851580125,2.));
#10245 = DIRECTION('',(0.,0.,-1.));
#10246 = DIRECTION('',(-9.481472727386E-13,-1.,-0.));
#10247 = ORIENTED_EDGE('',*,*,#10248,.F.);
#10248 = EDGE_CURVE('',#1291,#10240,#10249,.T.);
#10249 = LINE('',#10250,#10251);
#10250 = CARTESIAN_POINT('',(27.733226458156,154.50650389642,2.5));
#10251 = VECTOR('',#10252,1.);
#10252 = DIRECTION('',(0.,0.,-1.));
#10253 = ORIENTED_EDGE('',*,*,#1298,.T.);
#10254 = CYLINDRICAL_SURFACE('',#10255,1.442011904835);
#10255 = AXIS2_PLACEMENT_3D('',#10256,#10257,#10258);
#10256 = CARTESIAN_POINT('',(27.733226458158,155.94851580125,2.5));
#10257 = DIRECTION('',(0.,0.,-1.));
#10258 = DIRECTION('',(-9.481472727386E-13,-1.,-0.));
#10259 = ADVANCED_FACE('',(#10260),#10271,.F.);
#10260 = FACE_BOUND('',#10261,.T.);
#10261 = EDGE_LOOP('',(#10262,#10263,#10264,#10270));
#10262 = ORIENTED_EDGE('',*,*,#1290,.F.);
#10263 = ORIENTED_EDGE('',*,*,#10084,.T.);
#10264 = ORIENTED_EDGE('',*,*,#10265,.T.);
#10265 = EDGE_CURVE('',#10085,#10240,#10266,.T.);
#10266 = LINE('',#10267,#10268);
#10267 = CARTESIAN_POINT('',(29.896244315412,154.50650389642,2.));
#10268 = VECTOR('',#10269,1.);
#10269 = DIRECTION('',(-1.,0.,0.));
#10270 = ORIENTED_EDGE('',*,*,#10248,.F.);
#10271 = PLANE('',#10272);
#10272 = AXIS2_PLACEMENT_3D('',#10273,#10274,#10275);
#10273 = CARTESIAN_POINT('',(29.896244315412,154.50650389642,2.5));
#10274 = DIRECTION('',(0.,-1.,0.));
#10275 = DIRECTION('',(-1.,0.,0.));
#10276 = ADVANCED_FACE('',(#10277),#10287,.T.);
#10277 = FACE_BOUND('',#10278,.T.);
#10278 = EDGE_LOOP('',(#10279,#10280,#10281,#10282,#10283,#10284,#10285,
    #10286));
#10279 = ORIENTED_EDGE('',*,*,#10265,.F.);
#10280 = ORIENTED_EDGE('',*,*,#10092,.F.);
#10281 = ORIENTED_EDGE('',*,*,#10125,.F.);
#10282 = ORIENTED_EDGE('',*,*,#10141,.F.);
#10283 = ORIENTED_EDGE('',*,*,#10174,.F.);
#10284 = ORIENTED_EDGE('',*,*,#10190,.F.);
#10285 = ORIENTED_EDGE('',*,*,#10223,.F.);
#10286 = ORIENTED_EDGE('',*,*,#10239,.F.);
#10287 = PLANE('',#10288);
#10288 = AXIS2_PLACEMENT_3D('',#10289,#10290,#10291);
#10289 = CARTESIAN_POINT('',(28.814735386784,156.66940365218,2.));
#10290 = DIRECTION('',(0.,0.,1.));
#10291 = DIRECTION('',(1.,0.,-0.));
#10292 = ADVANCED_FACE('',(#10293),#10303,.T.);
#10293 = FACE_BOUND('',#10294,.T.);
#10294 = EDGE_LOOP('',(#10295,#10296,#10297,#10298,#10299,#10300,#10301,
    #10302));
#10295 = ORIENTED_EDGE('',*,*,#9606,.T.);
#10296 = ORIENTED_EDGE('',*,*,#9838,.T.);
#10297 = ORIENTED_EDGE('',*,*,#9807,.T.);
#10298 = ORIENTED_EDGE('',*,*,#9774,.T.);
#10299 = ORIENTED_EDGE('',*,*,#9743,.T.);
#10300 = ORIENTED_EDGE('',*,*,#9710,.T.);
#10301 = ORIENTED_EDGE('',*,*,#9679,.T.);
#10302 = ORIENTED_EDGE('',*,*,#9646,.T.);
#10303 = PLANE('',#10304);
#10304 = AXIS2_PLACEMENT_3D('',#10305,#10306,#10307);
#10305 = CARTESIAN_POINT('',(28.887831650951,97.722651239502,2.5));
#10306 = DIRECTION('',(0.,0.,1.));
#10307 = DIRECTION('',(1.,0.,-0.));
#10308 = ADVANCED_FACE('',(#10309),#10320,.T.);
#10309 = FACE_BOUND('',#10310,.T.);
#10310 = EDGE_LOOP('',(#10311,#10312,#10318,#10319));
#10311 = ORIENTED_EDGE('',*,*,#3608,.F.);
#10312 = ORIENTED_EDGE('',*,*,#10313,.F.);
#10313 = EDGE_CURVE('',#4524,#3574,#10314,.T.);
#10314 = LINE('',#10315,#10316);
#10315 = CARTESIAN_POINT('',(15.908370744226,122.28396359261,2.5));
#10316 = VECTOR('',#10317,1.);
#10317 = DIRECTION('',(0.,0.,-1.));
#10318 = ORIENTED_EDGE('',*,*,#4533,.F.);
#10319 = ORIENTED_EDGE('',*,*,#4608,.T.);
#10320 = PLANE('',#10321);
#10321 = AXIS2_PLACEMENT_3D('',#10322,#10323,#10324);
#10322 = CARTESIAN_POINT('',(15.908370744226,122.28396359261,2.5));
#10323 = DIRECTION('',(0.,-1.,0.));
#10324 = DIRECTION('',(-1.,0.,0.));
#10325 = ADVANCED_FACE('',(#10326),#10337,.F.);
#10326 = FACE_BOUND('',#10327,.F.);
#10327 = EDGE_LOOP('',(#10328,#10329,#10330,#10336));
#10328 = ORIENTED_EDGE('',*,*,#10313,.F.);
#10329 = ORIENTED_EDGE('',*,*,#4547,.T.);
#10330 = ORIENTED_EDGE('',*,*,#10331,.T.);
#10331 = EDGE_CURVE('',#4548,#3550,#10332,.T.);
#10332 = LINE('',#10333,#10334);
#10333 = CARTESIAN_POINT('',(16.908370744226,121.28396359261,2.5));
#10334 = VECTOR('',#10335,1.);
#10335 = DIRECTION('',(0.,0.,-1.));
#10336 = ORIENTED_EDGE('',*,*,#3573,.T.);
#10337 = CYLINDRICAL_SURFACE('',#10338,1.);
#10338 = AXIS2_PLACEMENT_3D('',#10339,#10340,#10341);
#10339 = CARTESIAN_POINT('',(15.908370744226,121.28396359261,2.5));
#10340 = DIRECTION('',(0.,0.,-1.));
#10341 = DIRECTION('',(-2.22044604925E-15,1.,0.));
#10342 = ADVANCED_FACE('',(#10343),#10349,.T.);
#10343 = FACE_BOUND('',#10344,.T.);
#10344 = EDGE_LOOP('',(#10345,#10346,#10347,#10348));
#10345 = ORIENTED_EDGE('',*,*,#3559,.F.);
#10346 = ORIENTED_EDGE('',*,*,#3640,.F.);
#10347 = ORIENTED_EDGE('',*,*,#4580,.F.);
#10348 = ORIENTED_EDGE('',*,*,#10331,.T.);
#10349 = PLANE('',#10350);
#10350 = AXIS2_PLACEMENT_3D('',#10351,#10352,#10353);
#10351 = CARTESIAN_POINT('',(16.908370744226,98.283963592619,2.5));
#10352 = DIRECTION('',(-1.,0.,0.));
#10353 = DIRECTION('',(0.,1.,0.));
#10354 = ADVANCED_FACE('',(#10355),#10371,.F.);
#10355 = FACE_BOUND('',#10356,.F.);
#10356 = EDGE_LOOP('',(#10357,#10363,#10364,#10370));
#10357 = ORIENTED_EDGE('',*,*,#10358,.T.);
#10358 = EDGE_CURVE('',#1452,#2891,#10359,.T.);
#10359 = LINE('',#10360,#10361);
#10360 = CARTESIAN_POINT('',(38.767831631003,184.31245203249,2.5));
#10361 = VECTOR('',#10362,1.);
#10362 = DIRECTION('',(0.,0.,-1.));
#10363 = ORIENTED_EDGE('',*,*,#2898,.T.);
#10364 = ORIENTED_EDGE('',*,*,#10365,.F.);
#10365 = EDGE_CURVE('',#1444,#2838,#10366,.T.);
#10366 = LINE('',#10367,#10368);
#10367 = CARTESIAN_POINT('',(38.767831668734,182.71245203249,2.5));
#10368 = VECTOR('',#10369,1.);
#10369 = DIRECTION('',(0.,0.,-1.));
#10370 = ORIENTED_EDGE('',*,*,#1451,.T.);
#10371 = CYLINDRICAL_SURFACE('',#10372,0.8);
#10372 = AXIS2_PLACEMENT_3D('',#10373,#10374,#10375);
#10373 = CARTESIAN_POINT('',(38.767831631987,183.51245203249,2.5));
#10374 = DIRECTION('',(0.,0.,-1.));
#10375 = DIRECTION('',(4.593402880283E-08,-1.,0.));
#10376 = ADVANCED_FACE('',(#10377),#10388,.T.);
#10377 = FACE_BOUND('',#10378,.T.);
#10378 = EDGE_LOOP('',(#10379,#10380,#10381,#10382));
#10379 = ORIENTED_EDGE('',*,*,#1460,.F.);
#10380 = ORIENTED_EDGE('',*,*,#10358,.T.);
#10381 = ORIENTED_EDGE('',*,*,#2890,.F.);
#10382 = ORIENTED_EDGE('',*,*,#10383,.F.);
#10383 = EDGE_CURVE('',#1461,#2882,#10384,.T.);
#10384 = LINE('',#10385,#10386);
#10385 = CARTESIAN_POINT('',(41.887831668737,184.31245203249,2.5));
#10386 = VECTOR('',#10387,1.);
#10387 = DIRECTION('',(0.,0.,-1.));
#10388 = PLANE('',#10389);
#10389 = AXIS2_PLACEMENT_3D('',#10390,#10391,#10392);
#10390 = CARTESIAN_POINT('',(41.887831668737,184.31245203249,2.5));
#10391 = DIRECTION('',(-1.480297348731E-13,-1.,0.));
#10392 = DIRECTION('',(-1.,1.480297348731E-13,0.));
#10393 = ADVANCED_FACE('',(#10394),#10405,.F.);
#10394 = FACE_BOUND('',#10395,.F.);
#10395 = EDGE_LOOP('',(#10396,#10402,#10403,#10404));
#10396 = ORIENTED_EDGE('',*,*,#10397,.T.);
#10397 = EDGE_CURVE('',#1469,#2874,#10398,.T.);
#10398 = LINE('',#10399,#10400);
#10399 = CARTESIAN_POINT('',(41.887831668737,182.71245203249,2.5));
#10400 = VECTOR('',#10401,1.);
#10401 = DIRECTION('',(0.,0.,-1.));
#10402 = ORIENTED_EDGE('',*,*,#2881,.T.);
#10403 = ORIENTED_EDGE('',*,*,#10383,.F.);
#10404 = ORIENTED_EDGE('',*,*,#1468,.T.);
#10405 = CYLINDRICAL_SURFACE('',#10406,0.8);
#10406 = AXIS2_PLACEMENT_3D('',#10407,#10408,#10409);
#10407 = CARTESIAN_POINT('',(41.887831668737,183.51245203249,2.5));
#10408 = DIRECTION('',(0.,0.,-1.));
#10409 = DIRECTION('',(0.,1.,0.));
#10410 = ADVANCED_FACE('',(#10411),#10422,.T.);
#10411 = FACE_BOUND('',#10412,.T.);
#10412 = EDGE_LOOP('',(#10413,#10414,#10415,#10416));
#10413 = ORIENTED_EDGE('',*,*,#1477,.F.);
#10414 = ORIENTED_EDGE('',*,*,#10397,.T.);
#10415 = ORIENTED_EDGE('',*,*,#2873,.F.);
#10416 = ORIENTED_EDGE('',*,*,#10417,.F.);
#10417 = EDGE_CURVE('',#1478,#2865,#10418,.T.);
#10418 = LINE('',#10419,#10420);
#10419 = CARTESIAN_POINT('',(41.887831668737,179.81246892309,2.5));
#10420 = VECTOR('',#10421,1.);
#10421 = DIRECTION('',(0.,0.,-1.));
#10422 = PLANE('',#10423);
#10423 = AXIS2_PLACEMENT_3D('',#10424,#10425,#10426);
#10424 = CARTESIAN_POINT('',(41.887831668737,179.81246892309,2.5));
#10425 = DIRECTION('',(-1.,0.,0.));
#10426 = DIRECTION('',(0.,1.,0.));
#10427 = ADVANCED_FACE('',(#10428),#10439,.F.);
#10428 = FACE_BOUND('',#10429,.F.);
#10429 = EDGE_LOOP('',(#10430,#10436,#10437,#10438));
#10430 = ORIENTED_EDGE('',*,*,#10431,.T.);
#10431 = EDGE_CURVE('',#1486,#2857,#10432,.T.);
#10432 = LINE('',#10433,#10434);
#10433 = CARTESIAN_POINT('',(41.887831668737,178.21246892309,2.5));
#10434 = VECTOR('',#10435,1.);
#10435 = DIRECTION('',(0.,0.,-1.));
#10436 = ORIENTED_EDGE('',*,*,#2864,.T.);
#10437 = ORIENTED_EDGE('',*,*,#10417,.F.);
#10438 = ORIENTED_EDGE('',*,*,#1485,.T.);
#10439 = CYLINDRICAL_SURFACE('',#10440,0.8);
#10440 = AXIS2_PLACEMENT_3D('',#10441,#10442,#10443);
#10441 = CARTESIAN_POINT('',(41.887831668737,179.01246892309,2.5));
#10442 = DIRECTION('',(0.,0.,-1.));
#10443 = DIRECTION('',(5.551115123128E-15,1.,0.));
#10444 = ADVANCED_FACE('',(#10445),#10456,.T.);
#10445 = FACE_BOUND('',#10446,.T.);
#10446 = EDGE_LOOP('',(#10447,#10448,#10449,#10450));
#10447 = ORIENTED_EDGE('',*,*,#1494,.F.);
#10448 = ORIENTED_EDGE('',*,*,#10431,.T.);
#10449 = ORIENTED_EDGE('',*,*,#2856,.F.);
#10450 = ORIENTED_EDGE('',*,*,#10451,.F.);
#10451 = EDGE_CURVE('',#1495,#2848,#10452,.T.);
#10452 = LINE('',#10453,#10454);
#10453 = CARTESIAN_POINT('',(38.767831631987,178.21246892309,2.5));
#10454 = VECTOR('',#10455,1.);
#10455 = DIRECTION('',(0.,0.,-1.));
#10456 = PLANE('',#10457);
#10457 = AXIS2_PLACEMENT_3D('',#10458,#10459,#10460);
#10458 = CARTESIAN_POINT('',(38.767831631987,178.21246892309,2.5));
#10459 = DIRECTION('',(7.11681417659E-14,1.,0.));
#10460 = DIRECTION('',(1.,-7.11681417659E-14,0.));
#10461 = ADVANCED_FACE('',(#10462),#10473,.F.);
#10462 = FACE_BOUND('',#10463,.F.);
#10463 = EDGE_LOOP('',(#10464,#10470,#10471,#10472));
#10464 = ORIENTED_EDGE('',*,*,#10465,.T.);
#10465 = EDGE_CURVE('',#1442,#2840,#10466,.T.);
#10466 = LINE('',#10467,#10468);
#10467 = CARTESIAN_POINT('',(38.767831668738,179.81246892309,2.5));
#10468 = VECTOR('',#10469,1.);
#10469 = DIRECTION('',(0.,0.,-1.));
#10470 = ORIENTED_EDGE('',*,*,#2847,.T.);
#10471 = ORIENTED_EDGE('',*,*,#10451,.F.);
#10472 = ORIENTED_EDGE('',*,*,#1502,.T.);
#10473 = CYLINDRICAL_SURFACE('',#10474,0.8);
#10474 = AXIS2_PLACEMENT_3D('',#10475,#10476,#10477);
#10475 = CARTESIAN_POINT('',(38.767831631987,179.01246892309,2.5));
#10476 = DIRECTION('',(0.,0.,-1.));
#10477 = DIRECTION('',(-1.387778780782E-15,-1.,-0.));
#10478 = ADVANCED_FACE('',(#10479),#10485,.T.);
#10479 = FACE_BOUND('',#10480,.T.);
#10480 = EDGE_LOOP('',(#10481,#10482,#10483,#10484));
#10481 = ORIENTED_EDGE('',*,*,#1441,.F.);
#10482 = ORIENTED_EDGE('',*,*,#10465,.T.);
#10483 = ORIENTED_EDGE('',*,*,#2837,.F.);
#10484 = ORIENTED_EDGE('',*,*,#10365,.F.);
#10485 = PLANE('',#10486);
#10486 = AXIS2_PLACEMENT_3D('',#10487,#10488,#10489);
#10487 = CARTESIAN_POINT('',(38.767831668734,182.71245203249,2.5));
#10488 = DIRECTION('',(1.,1.253410811548E-12,0.));
#10489 = DIRECTION('',(1.253410811548E-12,-1.,0.));
#10490 = ADVANCED_FACE('',(#10491),#10502,.F.);
#10491 = FACE_BOUND('',#10492,.F.);
#10492 = EDGE_LOOP('',(#10493,#10499,#10500,#10501));
#10493 = ORIENTED_EDGE('',*,*,#10494,.T.);
#10494 = EDGE_CURVE('',#2908,#1431,#10495,.T.);
#10495 = LINE('',#10496,#10497);
#10496 = CARTESIAN_POINT('',(7.307457922019,183.36458166363,2.5));
#10497 = VECTOR('',#10498,1.);
#10498 = DIRECTION('',(0.,0.,1.));
#10499 = ORIENTED_EDGE('',*,*,#1430,.T.);
#10500 = ORIENTED_EDGE('',*,*,#10494,.F.);
#10501 = ORIENTED_EDGE('',*,*,#2907,.T.);
#10502 = CYLINDRICAL_SURFACE('',#10503,1.5);
#10503 = AXIS2_PLACEMENT_3D('',#10504,#10505,#10506);
#10504 = CARTESIAN_POINT('',(8.807457922019,183.36458166363,2.5));
#10505 = DIRECTION('',(0.,0.,-1.));
#10506 = DIRECTION('',(1.,0.,0.));
#10507 = ADVANCED_FACE('',(#10508),#10519,.F.);
#10508 = FACE_BOUND('',#10509,.F.);
#10509 = EDGE_LOOP('',(#10510,#10516,#10517,#10518));
#10510 = ORIENTED_EDGE('',*,*,#10511,.T.);
#10511 = EDGE_CURVE('',#2952,#1420,#10512,.T.);
#10512 = LINE('',#10513,#10514);
#10513 = CARTESIAN_POINT('',(47.468205379882,183.36458166363,2.5));
#10514 = VECTOR('',#10515,1.);
#10515 = DIRECTION('',(0.,0.,1.));
#10516 = ORIENTED_EDGE('',*,*,#1419,.T.);
#10517 = ORIENTED_EDGE('',*,*,#10511,.F.);
#10518 = ORIENTED_EDGE('',*,*,#2951,.T.);
#10519 = CYLINDRICAL_SURFACE('',#10520,1.5);
#10520 = AXIS2_PLACEMENT_3D('',#10521,#10522,#10523);
#10521 = CARTESIAN_POINT('',(48.968205379882,183.36458166363,2.5));
#10522 = DIRECTION('',(0.,0.,-1.));
#10523 = DIRECTION('',(1.,0.,0.));
#10524 = ADVANCED_FACE('',(#10525),#10531,.T.);
#10525 = FACE_BOUND('',#10526,.T.);
#10526 = EDGE_LOOP('',(#10527,#10528,#10529,#10530));
#10527 = ORIENTED_EDGE('',*,*,#1855,.F.);
#10528 = ORIENTED_EDGE('',*,*,#1957,.F.);
#10529 = ORIENTED_EDGE('',*,*,#4150,.F.);
#10530 = ORIENTED_EDGE('',*,*,#4217,.T.);
#10531 = PLANE('',#10532);
#10532 = AXIS2_PLACEMENT_3D('',#10533,#10534,#10535);
#10533 = CARTESIAN_POINT('',(41.01153475343,35.110849873963,2.5));
#10534 = DIRECTION('',(-1.,-2.896233977283E-16,0.));
#10535 = DIRECTION('',(-2.896233977283E-16,1.,0.));
#10536 = ADVANCED_FACE('',(#10537),#10553,.F.);
#10537 = FACE_BOUND('',#10538,.F.);
#10538 = EDGE_LOOP('',(#10539,#10545,#10546,#10552));
#10539 = ORIENTED_EDGE('',*,*,#10540,.T.);
#10540 = EDGE_CURVE('',#1360,#3027,#10541,.T.);
#10541 = LINE('',#10542,#10543);
#10542 = CARTESIAN_POINT('',(15.887831633163,184.31245203249,2.5));
#10543 = VECTOR('',#10544,1.);
#10544 = DIRECTION('',(0.,0.,-1.));
#10545 = ORIENTED_EDGE('',*,*,#3034,.T.);
#10546 = ORIENTED_EDGE('',*,*,#10547,.F.);
#10547 = EDGE_CURVE('',#1352,#2974,#10548,.T.);
#10548 = LINE('',#10549,#10550);
#10549 = CARTESIAN_POINT('',(15.887831633163,182.71245203249,2.5));
#10550 = VECTOR('',#10551,1.);
#10551 = DIRECTION('',(0.,0.,-1.));
#10552 = ORIENTED_EDGE('',*,*,#1359,.T.);
#10553 = CYLINDRICAL_SURFACE('',#10554,0.8);
#10554 = AXIS2_PLACEMENT_3D('',#10555,#10556,#10557);
#10555 = CARTESIAN_POINT('',(15.887831633163,183.51245203249,2.5));
#10556 = DIRECTION('',(0.,0.,-1.));
#10557 = DIRECTION('',(-8.326672684693E-15,1.,0.));
#10558 = ADVANCED_FACE('',(#10559),#10570,.T.);
#10559 = FACE_BOUND('',#10560,.T.);
#10560 = EDGE_LOOP('',(#10561,#10562,#10563,#10564));
#10561 = ORIENTED_EDGE('',*,*,#1368,.F.);
#10562 = ORIENTED_EDGE('',*,*,#10540,.T.);
#10563 = ORIENTED_EDGE('',*,*,#3026,.F.);
#10564 = ORIENTED_EDGE('',*,*,#10565,.F.);
#10565 = EDGE_CURVE('',#1369,#3018,#10566,.T.);
#10566 = LINE('',#10567,#10568);
#10567 = CARTESIAN_POINT('',(19.007831670897,184.31245203249,2.5));
#10568 = VECTOR('',#10569,1.);
#10569 = DIRECTION('',(0.,0.,-1.));
#10570 = PLANE('',#10571);
#10571 = AXIS2_PLACEMENT_3D('',#10572,#10573,#10574);
#10572 = CARTESIAN_POINT('',(19.007831669913,184.31245203249,2.5));
#10573 = DIRECTION('',(0.,-1.,0.));
#10574 = DIRECTION('',(-1.,0.,0.));
#10575 = ADVANCED_FACE('',(#10576),#10587,.F.);
#10576 = FACE_BOUND('',#10577,.F.);
#10577 = EDGE_LOOP('',(#10578,#10584,#10585,#10586));
#10578 = ORIENTED_EDGE('',*,*,#10579,.T.);
#10579 = EDGE_CURVE('',#1377,#3010,#10580,.T.);
#10580 = LINE('',#10581,#10582);
#10581 = CARTESIAN_POINT('',(19.007831633166,182.71245203249,2.5));
#10582 = VECTOR('',#10583,1.);
#10583 = DIRECTION('',(0.,0.,-1.));
#10584 = ORIENTED_EDGE('',*,*,#3017,.T.);
#10585 = ORIENTED_EDGE('',*,*,#10565,.F.);
#10586 = ORIENTED_EDGE('',*,*,#1376,.T.);
#10587 = CYLINDRICAL_SURFACE('',#10588,0.8);
#10588 = AXIS2_PLACEMENT_3D('',#10589,#10590,#10591);
#10589 = CARTESIAN_POINT('',(19.007831669913,183.51245203249,2.5));
#10590 = DIRECTION('',(0.,0.,-1.));
#10591 = DIRECTION('',(1.,-2.35822979306E-08,0.));
#10592 = ADVANCED_FACE('',(#10593),#10604,.T.);
#10593 = FACE_BOUND('',#10594,.T.);
#10594 = EDGE_LOOP('',(#10595,#10596,#10597,#10598));
#10595 = ORIENTED_EDGE('',*,*,#1385,.F.);
#10596 = ORIENTED_EDGE('',*,*,#10579,.T.);
#10597 = ORIENTED_EDGE('',*,*,#3009,.F.);
#10598 = ORIENTED_EDGE('',*,*,#10599,.F.);
#10599 = EDGE_CURVE('',#1386,#3001,#10600,.T.);
#10600 = LINE('',#10601,#10602);
#10601 = CARTESIAN_POINT('',(19.00783163415,179.81246892309,2.5));
#10602 = VECTOR('',#10603,1.);
#10603 = DIRECTION('',(0.,0.,-1.));
#10604 = PLANE('',#10605);
#10605 = AXIS2_PLACEMENT_3D('',#10606,#10607,#10608);
#10606 = CARTESIAN_POINT('',(19.007831633162,179.81246892309,2.5));
#10607 = DIRECTION('',(-1.,1.254559324815E-12,0.));
#10608 = DIRECTION('',(1.254559324815E-12,1.,0.));
#10609 = ADVANCED_FACE('',(#10610),#10621,.F.);
#10610 = FACE_BOUND('',#10611,.F.);
#10611 = EDGE_LOOP('',(#10612,#10618,#10619,#10620));
#10612 = ORIENTED_EDGE('',*,*,#10613,.T.);
#10613 = EDGE_CURVE('',#1394,#2993,#10614,.T.);
#10614 = LINE('',#10615,#10616);
#10615 = CARTESIAN_POINT('',(19.007831669913,178.21246892309,2.5));
#10616 = VECTOR('',#10617,1.);
#10617 = DIRECTION('',(0.,0.,-1.));
#10618 = ORIENTED_EDGE('',*,*,#3000,.T.);
#10619 = ORIENTED_EDGE('',*,*,#10599,.F.);
#10620 = ORIENTED_EDGE('',*,*,#1393,.T.);
#10621 = CYLINDRICAL_SURFACE('',#10622,0.8);
#10622 = AXIS2_PLACEMENT_3D('',#10623,#10624,#10625);
#10623 = CARTESIAN_POINT('',(19.007831669913,179.01246892309,2.5));
#10624 = DIRECTION('',(0.,0.,-1.));
#10625 = DIRECTION('',(1.,2.235173503557E-08,0.));
#10626 = ADVANCED_FACE('',(#10627),#10638,.T.);
#10627 = FACE_BOUND('',#10628,.T.);
#10628 = EDGE_LOOP('',(#10629,#10630,#10631,#10632));
#10629 = ORIENTED_EDGE('',*,*,#1402,.F.);
#10630 = ORIENTED_EDGE('',*,*,#10613,.T.);
#10631 = ORIENTED_EDGE('',*,*,#2992,.F.);
#10632 = ORIENTED_EDGE('',*,*,#10633,.F.);
#10633 = EDGE_CURVE('',#1403,#2984,#10634,.T.);
#10634 = LINE('',#10635,#10636);
#10635 = CARTESIAN_POINT('',(15.887831633163,178.21246892309,2.5));
#10636 = VECTOR('',#10637,1.);
#10637 = DIRECTION('',(0.,0.,-1.));
#10638 = PLANE('',#10639);
#10639 = AXIS2_PLACEMENT_3D('',#10640,#10641,#10642);
#10640 = CARTESIAN_POINT('',(15.887831633163,178.21246892309,2.5));
#10641 = DIRECTION('',(0.,1.,0.));
#10642 = DIRECTION('',(1.,0.,0.));
#10643 = ADVANCED_FACE('',(#10644),#10655,.F.);
#10644 = FACE_BOUND('',#10645,.F.);
#10645 = EDGE_LOOP('',(#10646,#10652,#10653,#10654));
#10646 = ORIENTED_EDGE('',*,*,#10647,.T.);
#10647 = EDGE_CURVE('',#1350,#2976,#10648,.T.);
#10648 = LINE('',#10649,#10650);
#10649 = CARTESIAN_POINT('',(15.887831633163,179.81246892309,2.5));
#10650 = VECTOR('',#10651,1.);
#10651 = DIRECTION('',(0.,0.,-1.));
#10652 = ORIENTED_EDGE('',*,*,#2983,.T.);
#10653 = ORIENTED_EDGE('',*,*,#10633,.F.);
#10654 = ORIENTED_EDGE('',*,*,#1410,.T.);
#10655 = CYLINDRICAL_SURFACE('',#10656,0.8);
#10656 = AXIS2_PLACEMENT_3D('',#10657,#10658,#10659);
#10657 = CARTESIAN_POINT('',(15.887831633163,179.01246892309,2.5));
#10658 = DIRECTION('',(0.,0.,-1.));
#10659 = DIRECTION('',(-8.326672684693E-15,1.,0.));
#10660 = ADVANCED_FACE('',(#10661),#10667,.T.);
#10661 = FACE_BOUND('',#10662,.T.);
#10662 = EDGE_LOOP('',(#10663,#10664,#10665,#10666));
#10663 = ORIENTED_EDGE('',*,*,#1349,.F.);
#10664 = ORIENTED_EDGE('',*,*,#10647,.T.);
#10665 = ORIENTED_EDGE('',*,*,#2973,.F.);
#10666 = ORIENTED_EDGE('',*,*,#10547,.F.);
#10667 = PLANE('',#10668);
#10668 = AXIS2_PLACEMENT_3D('',#10669,#10670,#10671);
#10669 = CARTESIAN_POINT('',(15.887831633163,182.71245203249,2.5));
#10670 = DIRECTION('',(1.,-4.594053066151E-15,0.));
#10671 = DIRECTION('',(-4.594053066151E-15,-1.,0.));
#10672 = ADVANCED_FACE('',(#10673),#10684,.F.);
#10673 = FACE_BOUND('',#10674,.F.);
#10674 = EDGE_LOOP('',(#10675,#10676,#10677,#10683));
#10675 = ORIENTED_EDGE('',*,*,#3421,.F.);
#10676 = ORIENTED_EDGE('',*,*,#4358,.T.);
#10677 = ORIENTED_EDGE('',*,*,#10678,.T.);
#10678 = EDGE_CURVE('',#4359,#3298,#10679,.T.);
#10679 = LINE('',#10680,#10681);
#10680 = CARTESIAN_POINT('',(19.264128548471,34.110849873963,2.5));
#10681 = VECTOR('',#10682,1.);
#10682 = DIRECTION('',(0.,0.,-1.));
#10683 = ORIENTED_EDGE('',*,*,#3321,.T.);
#10684 = CYLINDRICAL_SURFACE('',#10685,1.);
#10685 = AXIS2_PLACEMENT_3D('',#10686,#10687,#10688);
#10686 = CARTESIAN_POINT('',(19.264128548471,35.110849873963,2.5));
#10687 = DIRECTION('',(0.,0.,-1.));
#10688 = DIRECTION('',(1.,0.,0.));
#10689 = ADVANCED_FACE('',(#10690),#10701,.T.);
#10690 = FACE_BOUND('',#10691,.T.);
#10691 = EDGE_LOOP('',(#10692,#10693,#10699,#10700));
#10692 = ORIENTED_EDGE('',*,*,#3307,.F.);
#10693 = ORIENTED_EDGE('',*,*,#10694,.F.);
#10694 = EDGE_CURVE('',#4384,#3273,#10695,.T.);
#10695 = LINE('',#10696,#10697);
#10696 = CARTESIAN_POINT('',(17.764128548472,34.110849873963,2.5));
#10697 = VECTOR('',#10698,1.);
#10698 = DIRECTION('',(0.,0.,-1.));
#10699 = ORIENTED_EDGE('',*,*,#4393,.F.);
#10700 = ORIENTED_EDGE('',*,*,#10678,.T.);
#10701 = PLANE('',#10702);
#10702 = AXIS2_PLACEMENT_3D('',#10703,#10704,#10705);
#10703 = CARTESIAN_POINT('',(17.764128548472,34.110849873963,2.5));
#10704 = DIRECTION('',(0.,1.,0.));
#10705 = DIRECTION('',(1.,0.,0.));
#10706 = ADVANCED_FACE('',(#10707),#10713,.F.);
#10707 = FACE_BOUND('',#10708,.F.);
#10708 = EDGE_LOOP('',(#10709,#10710,#10711,#10712));
#10709 = ORIENTED_EDGE('',*,*,#10694,.F.);
#10710 = ORIENTED_EDGE('',*,*,#4407,.T.);
#10711 = ORIENTED_EDGE('',*,*,#4428,.T.);
#10712 = ORIENTED_EDGE('',*,*,#3272,.T.);
#10713 = CYLINDRICAL_SURFACE('',#10714,1.);
#10714 = AXIS2_PLACEMENT_3D('',#10715,#10716,#10717);
#10715 = CARTESIAN_POINT('',(17.764128548472,35.110849873963,2.5));
#10716 = DIRECTION('',(0.,0.,-1.));
#10717 = DIRECTION('',(-6.661338147751E-15,-1.,-0.));
#10718 = ADVANCED_FACE('',(#10719),#10725,.T.);
#10719 = FACE_BOUND('',#10720,.T.);
#10720 = EDGE_LOOP('',(#10721,#10722,#10723,#10724));
#10721 = ORIENTED_EDGE('',*,*,#3860,.F.);
#10722 = ORIENTED_EDGE('',*,*,#3941,.F.);
#10723 = ORIENTED_EDGE('',*,*,#4727,.F.);
#10724 = ORIENTED_EDGE('',*,*,#4794,.T.);
#10725 = PLANE('',#10726);
#10726 = AXIS2_PLACEMENT_3D('',#10727,#10728,#10729);
#10727 = CARTESIAN_POINT('',(44.367292557676,98.283963592619,2.5));
#10728 = DIRECTION('',(-1.,9.65411325761E-17,0.));
#10729 = DIRECTION('',(9.65411325761E-17,1.,0.));
#10730 = ADVANCED_FACE('',(#10731),#10747,.T.);
#10731 = FACE_BOUND('',#10732,.T.);
#10732 = EDGE_LOOP('',(#10733,#10734,#10740,#10741));
#10733 = ORIENTED_EDGE('',*,*,#5493,.F.);
#10734 = ORIENTED_EDGE('',*,*,#10735,.F.);
#10735 = EDGE_CURVE('',#7269,#5459,#10736,.T.);
#10736 = LINE('',#10737,#10738);
#10737 = CARTESIAN_POINT('',(39.548783732633,1.054075633778,2.5));
#10738 = VECTOR('',#10739,1.);
#10739 = DIRECTION('',(0.,0.,-1.));
#10740 = ORIENTED_EDGE('',*,*,#7301,.F.);
#10741 = ORIENTED_EDGE('',*,*,#10742,.T.);
#10742 = EDGE_CURVE('',#7294,#5484,#10743,.T.);
#10743 = LINE('',#10744,#10745);
#10744 = CARTESIAN_POINT('',(30.410019894667,11.777194515774,2.5));
#10745 = VECTOR('',#10746,1.);
#10746 = DIRECTION('',(0.,0.,-1.));
#10747 = PLANE('',#10748);
#10748 = AXIS2_PLACEMENT_3D('',#10749,#10750,#10751);
#10749 = CARTESIAN_POINT('',(39.548783732633,1.054075633778,2.5));
#10750 = DIRECTION('',(-0.761094121858,-0.648641455407,0.));
#10751 = DIRECTION('',(-0.648641455407,0.761094121858,0.));
#10752 = ADVANCED_FACE('',(#10753),#10764,.T.);
#10753 = FACE_BOUND('',#10754,.T.);
#10754 = EDGE_LOOP('',(#10755,#10756,#10762,#10763));
#10755 = ORIENTED_EDGE('',*,*,#5468,.F.);
#10756 = ORIENTED_EDGE('',*,*,#10757,.F.);
#10757 = EDGE_CURVE('',#7245,#5435,#10758,.T.);
#10758 = LINE('',#10759,#10760);
#10759 = CARTESIAN_POINT('',(41.832066098206,2.273736754432E-13,2.5));
#10760 = VECTOR('',#10761,1.);
#10761 = DIRECTION('',(0.,0.,-1.));
#10762 = ORIENTED_EDGE('',*,*,#7276,.F.);
#10763 = ORIENTED_EDGE('',*,*,#10735,.T.);
#10764 = CYLINDRICAL_SURFACE('',#10765,2.999999999999);
#10765 = AXIS2_PLACEMENT_3D('',#10766,#10767,#10768);
#10766 = CARTESIAN_POINT('',(41.832066098207,2.999999999999,2.5));
#10767 = DIRECTION('',(0.,0.,-1.));
#10768 = DIRECTION('',(-0.761094121858,-0.648641455407,-0.));
#10769 = ADVANCED_FACE('',(#10770),#10781,.T.);
#10770 = FACE_BOUND('',#10771,.T.);
#10771 = EDGE_LOOP('',(#10772,#10773,#10779,#10780));
#10772 = ORIENTED_EDGE('',*,*,#5444,.F.);
#10773 = ORIENTED_EDGE('',*,*,#10774,.F.);
#10774 = EDGE_CURVE('',#7220,#5410,#10775,.T.);
#10775 = LINE('',#10776,#10777);
#10776 = CARTESIAN_POINT('',(45.306892565197,2.273736754432E-13,2.5));
#10777 = VECTOR('',#10778,1.);
#10778 = DIRECTION('',(0.,0.,-1.));
#10779 = ORIENTED_EDGE('',*,*,#7252,.F.);
#10780 = ORIENTED_EDGE('',*,*,#10757,.T.);
#10781 = PLANE('',#10782);
#10782 = AXIS2_PLACEMENT_3D('',#10783,#10784,#10785);
#10783 = CARTESIAN_POINT('',(45.306892565197,2.273736754432E-13,2.5));
#10784 = DIRECTION('',(0.,-1.,0.));
#10785 = DIRECTION('',(-1.,0.,0.));
#10786 = ADVANCED_FACE('',(#10787),#10798,.T.);
#10787 = FACE_BOUND('',#10788,.T.);
#10788 = EDGE_LOOP('',(#10789,#10790,#10796,#10797));
#10789 = ORIENTED_EDGE('',*,*,#5419,.F.);
#10790 = ORIENTED_EDGE('',*,*,#10791,.F.);
#10791 = EDGE_CURVE('',#7196,#5386,#10792,.T.);
#10792 = LINE('',#10793,#10794);
#10793 = CARTESIAN_POINT('',(48.306892565197,3.,2.5));
#10794 = VECTOR('',#10795,1.);
#10795 = DIRECTION('',(0.,0.,-1.));
#10796 = ORIENTED_EDGE('',*,*,#7227,.F.);
#10797 = ORIENTED_EDGE('',*,*,#10774,.T.);
#10798 = CYLINDRICAL_SURFACE('',#10799,3.);
#10799 = AXIS2_PLACEMENT_3D('',#10800,#10801,#10802);
#10800 = CARTESIAN_POINT('',(45.306892565197,3.,2.5));
#10801 = DIRECTION('',(0.,0.,-1.));
#10802 = DIRECTION('',(4.440892098501E-15,-1.,0.));
#10803 = ADVANCED_FACE('',(#10804),#10815,.T.);
#10804 = FACE_BOUND('',#10805,.T.);
#10805 = EDGE_LOOP('',(#10806,#10807,#10813,#10814));
#10806 = ORIENTED_EDGE('',*,*,#5395,.F.);
#10807 = ORIENTED_EDGE('',*,*,#10808,.F.);
#10808 = EDGE_CURVE('',#7169,#5361,#10809,.T.);
#10809 = LINE('',#10810,#10811);
#10810 = CARTESIAN_POINT('',(48.306892565197,54.080747483003,2.5));
#10811 = VECTOR('',#10812,1.);
#10812 = DIRECTION('',(0.,0.,-1.));
#10813 = ORIENTED_EDGE('',*,*,#7203,.F.);
#10814 = ORIENTED_EDGE('',*,*,#10791,.T.);
#10815 = PLANE('',#10816);
#10816 = AXIS2_PLACEMENT_3D('',#10817,#10818,#10819);
#10817 = CARTESIAN_POINT('',(48.306892565197,54.080747483003,2.5));
#10818 = DIRECTION('',(1.,-1.304080005871E-16,0.));
#10819 = DIRECTION('',(-1.304080005871E-16,-1.,0.));
#10820 = ADVANCED_FACE('',(#10821),#10832,.F.);
#10821 = FACE_BOUND('',#10822,.F.);
#10822 = EDGE_LOOP('',(#10823,#10824,#10825,#10831));
#10823 = ORIENTED_EDGE('',*,*,#10808,.F.);
#10824 = ORIENTED_EDGE('',*,*,#7168,.T.);
#10825 = ORIENTED_EDGE('',*,*,#10826,.T.);
#10826 = EDGE_CURVE('',#7147,#5337,#10827,.T.);
#10827 = LINE('',#10828,#10829);
#10828 = CARTESIAN_POINT('',(49.185572221637,56.202067826563,2.5));
#10829 = VECTOR('',#10830,1.);
#10830 = DIRECTION('',(0.,0.,-1.));
#10831 = ORIENTED_EDGE('',*,*,#5360,.T.);
#10832 = CYLINDRICAL_SURFACE('',#10833,3.);
#10833 = AXIS2_PLACEMENT_3D('',#10834,#10835,#10836);
#10834 = CARTESIAN_POINT('',(51.306892565197,54.080747483003,2.5));
#10835 = DIRECTION('',(0.,0.,-1.));
#10836 = DIRECTION('',(-1.,-9.177843670235E-14,-0.));
#10837 = ADVANCED_FACE('',(#10838),#10849,.T.);
#10838 = FACE_BOUND('',#10839,.T.);
#10839 = EDGE_LOOP('',(#10840,#10841,#10847,#10848));
#10840 = ORIENTED_EDGE('',*,*,#5346,.F.);
#10841 = ORIENTED_EDGE('',*,*,#10842,.F.);
#10842 = EDGE_CURVE('',#7122,#5312,#10843,.T.);
#10843 = LINE('',#10844,#10845);
#10844 = CARTESIAN_POINT('',(56.896983645462,63.913479250388,2.5));
#10845 = VECTOR('',#10846,1.);
#10846 = DIRECTION('',(0.,0.,-1.));
#10847 = ORIENTED_EDGE('',*,*,#7154,.F.);
#10848 = ORIENTED_EDGE('',*,*,#10826,.T.);
#10849 = PLANE('',#10850);
#10850 = AXIS2_PLACEMENT_3D('',#10851,#10852,#10853);
#10851 = CARTESIAN_POINT('',(56.896983645462,63.913479250388,2.5));
#10852 = DIRECTION('',(0.707106781187,-0.707106781187,0.));
#10853 = DIRECTION('',(-0.707106781187,-0.707106781187,0.));
#10854 = ADVANCED_FACE('',(#10855),#10866,.T.);
#10855 = FACE_BOUND('',#10856,.T.);
#10856 = EDGE_LOOP('',(#10857,#10858,#10864,#10865));
#10857 = ORIENTED_EDGE('',*,*,#5321,.F.);
#10858 = ORIENTED_EDGE('',*,*,#10859,.F.);
#10859 = EDGE_CURVE('',#7098,#5288,#10860,.T.);
#10860 = LINE('',#10861,#10862);
#10861 = CARTESIAN_POINT('',(57.775663301902,66.034799593947,2.5));
#10862 = VECTOR('',#10863,1.);
#10863 = DIRECTION('',(0.,0.,-1.));
#10864 = ORIENTED_EDGE('',*,*,#7129,.F.);
#10865 = ORIENTED_EDGE('',*,*,#10842,.T.);
#10866 = CYLINDRICAL_SURFACE('',#10867,3.);
#10867 = AXIS2_PLACEMENT_3D('',#10868,#10869,#10870);
#10868 = CARTESIAN_POINT('',(54.775663301902,66.034799593947,2.5));
#10869 = DIRECTION('',(0.,0.,-1.));
#10870 = DIRECTION('',(0.707106781187,-0.707106781186,0.));
#10871 = ADVANCED_FACE('',(#10872),#10883,.T.);
#10872 = FACE_BOUND('',#10873,.T.);
#10873 = EDGE_LOOP('',(#10874,#10875,#10881,#10882));
#10874 = ORIENTED_EDGE('',*,*,#5297,.F.);
#10875 = ORIENTED_EDGE('',*,*,#10876,.F.);
#10876 = EDGE_CURVE('',#7073,#5263,#10877,.T.);
#10877 = LINE('',#10878,#10879);
#10878 = CARTESIAN_POINT('',(57.775663301902,71.118115146415,2.5));
#10879 = VECTOR('',#10880,1.);
#10880 = DIRECTION('',(0.,0.,-1.));
#10881 = ORIENTED_EDGE('',*,*,#7105,.F.);
#10882 = ORIENTED_EDGE('',*,*,#10859,.T.);
#10883 = PLANE('',#10884);
#10884 = AXIS2_PLACEMENT_3D('',#10885,#10886,#10887);
#10885 = CARTESIAN_POINT('',(57.775663301902,71.118115146415,2.5));
#10886 = DIRECTION('',(1.,0.,0.));
#10887 = DIRECTION('',(0.,-1.,0.));
#10888 = ADVANCED_FACE('',(#10889),#10900,.T.);
#10889 = FACE_BOUND('',#10890,.T.);
#10890 = EDGE_LOOP('',(#10891,#10892,#10898,#10899));
#10891 = ORIENTED_EDGE('',*,*,#5272,.F.);
#10892 = ORIENTED_EDGE('',*,*,#10893,.F.);
#10893 = EDGE_CURVE('',#7049,#5239,#10894,.T.);
#10894 = LINE('',#10895,#10896);
#10895 = CARTESIAN_POINT('',(56.766789658243,73.362088371097,2.5));
#10896 = VECTOR('',#10897,1.);
#10897 = DIRECTION('',(0.,0.,-1.));
#10898 = ORIENTED_EDGE('',*,*,#7080,.F.);
#10899 = ORIENTED_EDGE('',*,*,#10876,.T.);
#10900 = CYLINDRICAL_SURFACE('',#10901,2.999999999999);
#10901 = AXIS2_PLACEMENT_3D('',#10902,#10903,#10904);
#10902 = CARTESIAN_POINT('',(54.775663301902,71.118115146416,2.5));
#10903 = DIRECTION('',(0.,0.,-1.));
#10904 = DIRECTION('',(1.,-4.988602123983E-13,0.));
#10905 = ADVANCED_FACE('',(#10906),#10917,.T.);
#10906 = FACE_BOUND('',#10907,.T.);
#10907 = EDGE_LOOP('',(#10908,#10909,#10915,#10916));
#10908 = ORIENTED_EDGE('',*,*,#5248,.F.);
#10909 = ORIENTED_EDGE('',*,*,#10910,.F.);
#10910 = EDGE_CURVE('',#7022,#5214,#10911,.T.);
#10911 = LINE('',#10912,#10913);
#10912 = CARTESIAN_POINT('',(51.965036443089,77.622788667405,2.5));
#10913 = VECTOR('',#10914,1.);
#10914 = DIRECTION('',(0.,0.,-1.));
#10915 = ORIENTED_EDGE('',*,*,#7056,.F.);
#10916 = ORIENTED_EDGE('',*,*,#10893,.T.);
#10917 = PLANE('',#10918);
#10918 = AXIS2_PLACEMENT_3D('',#10919,#10920,#10921);
#10919 = CARTESIAN_POINT('',(51.965036443089,77.622788667405,2.5));
#10920 = DIRECTION('',(0.663708785446,0.747991074895,0.));
#10921 = DIRECTION('',(0.747991074895,-0.663708785446,0.));
#10922 = ADVANCED_FACE('',(#10923),#10934,.F.);
#10923 = FACE_BOUND('',#10924,.F.);
#10924 = EDGE_LOOP('',(#10925,#10926,#10927,#10933));
#10925 = ORIENTED_EDGE('',*,*,#10910,.F.);
#10926 = ORIENTED_EDGE('',*,*,#7021,.T.);
#10927 = ORIENTED_EDGE('',*,*,#10928,.T.);
#10928 = EDGE_CURVE('',#7000,#5190,#10929,.T.);
#10929 = LINE('',#10930,#10931);
#10930 = CARTESIAN_POINT('',(50.956162799426,79.866761892088,2.5));
#10931 = VECTOR('',#10932,1.);
#10932 = DIRECTION('',(0.,0.,-1.));
#10933 = ORIENTED_EDGE('',*,*,#5213,.T.);
#10934 = CYLINDRICAL_SURFACE('',#10935,3.);
#10935 = AXIS2_PLACEMENT_3D('',#10936,#10937,#10938);
#10936 = CARTESIAN_POINT('',(53.956162799426,79.866761892089,2.5));
#10937 = DIRECTION('',(0.,0.,-1.));
#10938 = DIRECTION('',(-0.663708785446,-0.747991074895,-0.));
#10939 = ADVANCED_FACE('',(#10940),#10951,.T.);
#10940 = FACE_BOUND('',#10941,.T.);
#10941 = EDGE_LOOP('',(#10942,#10943,#10949,#10950));
#10942 = ORIENTED_EDGE('',*,*,#5199,.F.);
#10943 = ORIENTED_EDGE('',*,*,#10944,.F.);
#10944 = EDGE_CURVE('',#6973,#5165,#10945,.T.);
#10945 = LINE('',#10946,#10947);
#10946 = CARTESIAN_POINT('',(50.956162799426,139.70116529314,2.5));
#10947 = VECTOR('',#10948,1.);
#10948 = DIRECTION('',(0.,0.,-1.));
#10949 = ORIENTED_EDGE('',*,*,#7007,.F.);
#10950 = ORIENTED_EDGE('',*,*,#10928,.T.);
#10951 = PLANE('',#10952);
#10952 = AXIS2_PLACEMENT_3D('',#10953,#10954,#10955);
#10953 = CARTESIAN_POINT('',(50.956162799426,139.70116529314,2.5));
#10954 = DIRECTION('',(1.,0.,0.));
#10955 = DIRECTION('',(0.,-1.,0.));
#10956 = ADVANCED_FACE('',(#10957),#10968,.F.);
#10957 = FACE_BOUND('',#10958,.F.);
#10958 = EDGE_LOOP('',(#10959,#10960,#10961,#10967));
#10959 = ORIENTED_EDGE('',*,*,#10944,.F.);
#10960 = ORIENTED_EDGE('',*,*,#6972,.T.);
#10961 = ORIENTED_EDGE('',*,*,#10962,.T.);
#10962 = EDGE_CURVE('',#6951,#5141,#10963,.T.);
#10963 = LINE('',#10964,#10965);
#10964 = CARTESIAN_POINT('',(51.965036443089,141.94513851783,2.5));
#10965 = VECTOR('',#10966,1.);
#10966 = DIRECTION('',(0.,0.,-1.));
#10967 = ORIENTED_EDGE('',*,*,#5164,.T.);
#10968 = CYLINDRICAL_SURFACE('',#10969,3.);
#10969 = AXIS2_PLACEMENT_3D('',#10970,#10971,#10972);
#10970 = CARTESIAN_POINT('',(53.956162799426,139.70116529314,2.5));
#10971 = DIRECTION('',(0.,0.,-1.));
#10972 = DIRECTION('',(-1.,3.005003653319E-13,0.));
#10973 = ADVANCED_FACE('',(#10974),#10985,.T.);
#10974 = FACE_BOUND('',#10975,.T.);
#10975 = EDGE_LOOP('',(#10976,#10977,#10983,#10984));
#10976 = ORIENTED_EDGE('',*,*,#5150,.F.);
#10977 = ORIENTED_EDGE('',*,*,#10978,.F.);
#10978 = EDGE_CURVE('',#6926,#5116,#10979,.T.);
#10979 = LINE('',#10980,#10981);
#10980 = CARTESIAN_POINT('',(56.766789658243,146.20583881414,2.5));
#10981 = VECTOR('',#10982,1.);
#10982 = DIRECTION('',(0.,0.,-1.));
#10983 = ORIENTED_EDGE('',*,*,#6958,.F.);
#10984 = ORIENTED_EDGE('',*,*,#10962,.T.);
#10985 = PLANE('',#10986);
#10986 = AXIS2_PLACEMENT_3D('',#10987,#10988,#10989);
#10987 = CARTESIAN_POINT('',(56.766789658243,146.20583881414,2.5));
#10988 = DIRECTION('',(0.663708785446,-0.747991074895,0.));
#10989 = DIRECTION('',(-0.747991074895,-0.663708785446,0.));
#10990 = ADVANCED_FACE('',(#10991),#11002,.T.);
#10991 = FACE_BOUND('',#10992,.T.);
#10992 = EDGE_LOOP('',(#10993,#10994,#11000,#11001));
#10993 = ORIENTED_EDGE('',*,*,#5125,.F.);
#10994 = ORIENTED_EDGE('',*,*,#10995,.F.);
#10995 = EDGE_CURVE('',#6902,#5092,#10996,.T.);
#10996 = LINE('',#10997,#10998);
#10997 = CARTESIAN_POINT('',(57.775663301902,148.44981203882,2.5));
#10998 = VECTOR('',#10999,1.);
#10999 = DIRECTION('',(0.,0.,-1.));
#11000 = ORIENTED_EDGE('',*,*,#6933,.F.);
#11001 = ORIENTED_EDGE('',*,*,#10978,.T.);
#11002 = CYLINDRICAL_SURFACE('',#11003,3.);
#11003 = AXIS2_PLACEMENT_3D('',#11004,#11005,#11006);
#11004 = CARTESIAN_POINT('',(54.775663301902,148.44981203882,2.5));
#11005 = DIRECTION('',(0.,0.,-1.));
#11006 = DIRECTION('',(0.663708785447,-0.747991074894,0.));
#11007 = ADVANCED_FACE('',(#11008),#11019,.T.);
#11008 = FACE_BOUND('',#11009,.T.);
#11009 = EDGE_LOOP('',(#11010,#11011,#11017,#11018));
#11010 = ORIENTED_EDGE('',*,*,#5101,.F.);
#11011 = ORIENTED_EDGE('',*,*,#11012,.F.);
#11012 = EDGE_CURVE('',#6877,#5067,#11013,.T.);
#11013 = LINE('',#11014,#11015);
#11014 = CARTESIAN_POINT('',(57.775663301902,153.53312759129,2.5));
#11015 = VECTOR('',#11016,1.);
#11016 = DIRECTION('',(0.,0.,-1.));
#11017 = ORIENTED_EDGE('',*,*,#6909,.F.);
#11018 = ORIENTED_EDGE('',*,*,#10995,.T.);
#11019 = PLANE('',#11020);
#11020 = AXIS2_PLACEMENT_3D('',#11021,#11022,#11023);
#11021 = CARTESIAN_POINT('',(57.775663301902,153.53312759129,2.5));
#11022 = DIRECTION('',(1.,0.,0.));
#11023 = DIRECTION('',(0.,-1.,0.));
#11024 = ADVANCED_FACE('',(#11025),#11036,.T.);
#11025 = FACE_BOUND('',#11026,.T.);
#11026 = EDGE_LOOP('',(#11027,#11028,#11034,#11035));
#11027 = ORIENTED_EDGE('',*,*,#5076,.F.);
#11028 = ORIENTED_EDGE('',*,*,#11029,.F.);
#11029 = EDGE_CURVE('',#6853,#5043,#11030,.T.);
#11030 = LINE('',#11031,#11032);
#11031 = CARTESIAN_POINT('',(56.896983645462,155.65444793485,2.5));
#11032 = VECTOR('',#11033,1.);
#11033 = DIRECTION('',(0.,0.,-1.));
#11034 = ORIENTED_EDGE('',*,*,#6884,.F.);
#11035 = ORIENTED_EDGE('',*,*,#11012,.T.);
#11036 = CYLINDRICAL_SURFACE('',#11037,3.);
#11037 = AXIS2_PLACEMENT_3D('',#11038,#11039,#11040);
#11038 = CARTESIAN_POINT('',(54.775663301902,153.53312759129,2.5));
#11039 = DIRECTION('',(0.,0.,-1.));
#11040 = DIRECTION('',(1.,-2.368475785867E-14,0.));
#11041 = ADVANCED_FACE('',(#11042),#11053,.T.);
#11042 = FACE_BOUND('',#11043,.T.);
#11043 = EDGE_LOOP('',(#11044,#11045,#11051,#11052));
#11044 = ORIENTED_EDGE('',*,*,#5052,.F.);
#11045 = ORIENTED_EDGE('',*,*,#11046,.F.);
#11046 = EDGE_CURVE('',#6826,#5018,#11047,.T.);
#11047 = LINE('',#11048,#11049);
#11048 = CARTESIAN_POINT('',(50.185572221637,162.36585935867,2.5));
#11049 = VECTOR('',#11050,1.);
#11050 = DIRECTION('',(0.,0.,-1.));
#11051 = ORIENTED_EDGE('',*,*,#6860,.F.);
#11052 = ORIENTED_EDGE('',*,*,#11029,.T.);
#11053 = PLANE('',#11054);
#11054 = AXIS2_PLACEMENT_3D('',#11055,#11056,#11057);
#11055 = CARTESIAN_POINT('',(50.185572221637,162.36585935867,2.5));
#11056 = DIRECTION('',(0.707106781187,0.707106781187,0.));
#11057 = DIRECTION('',(0.707106781187,-0.707106781187,0.));
#11058 = ADVANCED_FACE('',(#11059),#11070,.F.);
#11059 = FACE_BOUND('',#11060,.F.);
#11060 = EDGE_LOOP('',(#11061,#11062,#11063,#11069));
#11061 = ORIENTED_EDGE('',*,*,#11046,.F.);
#11062 = ORIENTED_EDGE('',*,*,#6825,.T.);
#11063 = ORIENTED_EDGE('',*,*,#11064,.T.);
#11064 = EDGE_CURVE('',#6804,#4994,#11065,.T.);
#11065 = LINE('',#11066,#11067);
#11066 = CARTESIAN_POINT('',(49.306892565197,164.48717970223,2.5));
#11067 = VECTOR('',#11068,1.);
#11068 = DIRECTION('',(0.,0.,-1.));
#11069 = ORIENTED_EDGE('',*,*,#5017,.T.);
#11070 = CYLINDRICAL_SURFACE('',#11071,3.);
#11071 = AXIS2_PLACEMENT_3D('',#11072,#11073,#11074);
#11072 = CARTESIAN_POINT('',(52.306892565197,164.48717970223,2.5));
#11073 = DIRECTION('',(0.,0.,-1.));
#11074 = DIRECTION('',(-0.707106781187,-0.707106781186,-0.));
#11075 = ADVANCED_FACE('',(#11076),#11087,.T.);
#11076 = FACE_BOUND('',#11077,.T.);
#11077 = EDGE_LOOP('',(#11078,#11079,#11085,#11086));
#11078 = ORIENTED_EDGE('',*,*,#5003,.F.);
#11079 = ORIENTED_EDGE('',*,*,#11080,.F.);
#11080 = EDGE_CURVE('',#6777,#4969,#11081,.T.);
#11081 = LINE('',#11082,#11083);
#11082 = CARTESIAN_POINT('',(49.306892565197,173.88012524817,2.5));
#11083 = VECTOR('',#11084,1.);
#11084 = DIRECTION('',(0.,0.,-1.));
#11085 = ORIENTED_EDGE('',*,*,#6811,.F.);
#11086 = ORIENTED_EDGE('',*,*,#11064,.T.);
#11087 = PLANE('',#11088);
#11088 = AXIS2_PLACEMENT_3D('',#11089,#11090,#11091);
#11089 = CARTESIAN_POINT('',(49.306892565197,173.88012524817,2.5));
#11090 = DIRECTION('',(1.,0.,0.));
#11091 = DIRECTION('',(0.,-1.,0.));
#11092 = ADVANCED_FACE('',(#11093),#11104,.F.);
#11093 = FACE_BOUND('',#11094,.F.);
#11094 = EDGE_LOOP('',(#11095,#11096,#11097,#11103));
#11095 = ORIENTED_EDGE('',*,*,#11080,.F.);
#11096 = ORIENTED_EDGE('',*,*,#6776,.T.);
#11097 = ORIENTED_EDGE('',*,*,#11098,.T.);
#11098 = EDGE_CURVE('',#6755,#4945,#11099,.T.);
#11099 = LINE('',#11100,#11101);
#11100 = CARTESIAN_POINT('',(50.315766208856,176.12409847285,2.5));
#11101 = VECTOR('',#11102,1.);
#11102 = DIRECTION('',(0.,0.,-1.));
#11103 = ORIENTED_EDGE('',*,*,#4968,.T.);
#11104 = CYLINDRICAL_SURFACE('',#11105,3.);
#11105 = AXIS2_PLACEMENT_3D('',#11106,#11107,#11108);
#11106 = CARTESIAN_POINT('',(52.306892565196,173.88012524817,2.5));
#11107 = DIRECTION('',(0.,0.,-1.));
#11108 = DIRECTION('',(-1.,-4.648133729765E-13,-0.));
#11109 = ADVANCED_FACE('',(#11110),#11121,.T.);
#11110 = FACE_BOUND('',#11111,.T.);
#11111 = EDGE_LOOP('',(#11112,#11113,#11119,#11120));
#11112 = ORIENTED_EDGE('',*,*,#4954,.F.);
#11113 = ORIENTED_EDGE('',*,*,#11114,.F.);
#11114 = EDGE_CURVE('',#6730,#4920,#11115,.T.);
#11115 = LINE('',#11116,#11117);
#11116 = CARTESIAN_POINT('',(53.117519424013,178.61015517321,2.5));
#11117 = VECTOR('',#11118,1.);
#11118 = DIRECTION('',(0.,0.,-1.));
#11119 = ORIENTED_EDGE('',*,*,#6762,.F.);
#11120 = ORIENTED_EDGE('',*,*,#11098,.T.);
#11121 = PLANE('',#11122);
#11122 = AXIS2_PLACEMENT_3D('',#11123,#11124,#11125);
#11123 = CARTESIAN_POINT('',(53.117519424013,178.61015517321,2.5));
#11124 = DIRECTION('',(0.663708785446,-0.747991074894,0.));
#11125 = DIRECTION('',(-0.747991074894,-0.663708785446,0.));
#11126 = ADVANCED_FACE('',(#11127),#11138,.T.);
#11127 = FACE_BOUND('',#11128,.T.);
#11128 = EDGE_LOOP('',(#11129,#11130,#11136,#11137));
#11129 = ORIENTED_EDGE('',*,*,#4929,.F.);
#11130 = ORIENTED_EDGE('',*,*,#11131,.F.);
#11131 = EDGE_CURVE('',#6706,#4896,#11132,.T.);
#11132 = LINE('',#11133,#11134);
#11133 = CARTESIAN_POINT('',(54.126393067672,180.8541283979,2.5));
#11134 = VECTOR('',#11135,1.);
#11135 = DIRECTION('',(0.,0.,-1.));
#11136 = ORIENTED_EDGE('',*,*,#6737,.F.);
#11137 = ORIENTED_EDGE('',*,*,#11114,.T.);
#11138 = CYLINDRICAL_SURFACE('',#11139,3.);
#11139 = AXIS2_PLACEMENT_3D('',#11140,#11141,#11142);
#11140 = CARTESIAN_POINT('',(51.126393067673,180.85412839789,2.5));
#11141 = DIRECTION('',(0.,0.,-1.));
#11142 = DIRECTION('',(0.663708785447,-0.747991074894,0.));
#11143 = ADVANCED_FACE('',(#11144),#11155,.T.);
#11144 = FACE_BOUND('',#11145,.T.);
#11145 = EDGE_LOOP('',(#11146,#11147,#11153,#11154));
#11146 = ORIENTED_EDGE('',*,*,#4905,.F.);
#11147 = ORIENTED_EDGE('',*,*,#11148,.F.);
#11148 = EDGE_CURVE('',#6681,#4871,#11149,.T.);
#11149 = LINE('',#11150,#11151);
#11150 = CARTESIAN_POINT('',(54.126393067672,185.98403081124,2.5));
#11151 = VECTOR('',#11152,1.);
#11152 = DIRECTION('',(0.,0.,-1.));
#11153 = ORIENTED_EDGE('',*,*,#6713,.F.);
#11154 = ORIENTED_EDGE('',*,*,#11131,.T.);
#11155 = PLANE('',#11156);
#11156 = AXIS2_PLACEMENT_3D('',#11157,#11158,#11159);
#11157 = CARTESIAN_POINT('',(54.126393067672,185.98403081124,2.5));
#11158 = DIRECTION('',(1.,0.,0.));
#11159 = DIRECTION('',(0.,-1.,0.));
#11160 = ADVANCED_FACE('',(#11161),#11167,.T.);
#11161 = FACE_BOUND('',#11162,.T.);
#11162 = EDGE_LOOP('',(#11163,#11164,#11165,#11166));
#11163 = ORIENTED_EDGE('',*,*,#4880,.F.);
#11164 = ORIENTED_EDGE('',*,*,#8021,.F.);
#11165 = ORIENTED_EDGE('',*,*,#6688,.F.);
#11166 = ORIENTED_EDGE('',*,*,#11148,.T.);
#11167 = CYLINDRICAL_SURFACE('',#11168,3.);
#11168 = AXIS2_PLACEMENT_3D('',#11169,#11170,#11171);
#11169 = CARTESIAN_POINT('',(51.126393067672,185.98403081124,2.5));
#11170 = DIRECTION('',(0.,0.,-1.));
#11171 = DIRECTION('',(1.,7.993605777301E-14,0.));
#11172 = ADVANCED_FACE('',(#11173),#11184,.T.);
#11173 = FACE_BOUND('',#11174,.T.);
#11174 = EDGE_LOOP('',(#11175,#11176,#11177,#11178));
#11175 = ORIENTED_EDGE('',*,*,#591,.F.);
#11176 = ORIENTED_EDGE('',*,*,#7996,.T.);
#11177 = ORIENTED_EDGE('',*,*,#2658,.F.);
#11178 = ORIENTED_EDGE('',*,*,#11179,.F.);
#11179 = EDGE_CURVE('',#592,#2650,#11180,.T.);
#11180 = LINE('',#11181,#11182);
#11181 = CARTESIAN_POINT('',(41.887831668853,191.23281826534,2.5));
#11182 = VECTOR('',#11183,1.);
#11183 = DIRECTION('',(0.,0.,-1.));
#11184 = PLANE('',#11185);
#11185 = AXIS2_PLACEMENT_3D('',#11186,#11187,#11188);
#11186 = CARTESIAN_POINT('',(41.887831668853,191.23281826534,2.5));
#11187 = DIRECTION('',(-1.,0.,0.));
#11188 = DIRECTION('',(0.,1.,0.));
#11189 = ADVANCED_FACE('',(#11190),#11201,.F.);
#11190 = FACE_BOUND('',#11191,.F.);
#11191 = EDGE_LOOP('',(#11192,#11198,#11199,#11200));
#11192 = ORIENTED_EDGE('',*,*,#11193,.T.);
#11193 = EDGE_CURVE('',#600,#2642,#11194,.T.);
#11194 = LINE('',#11195,#11196);
#11195 = CARTESIAN_POINT('',(41.887831668853,189.63281826534,2.5));
#11196 = VECTOR('',#11197,1.);
#11197 = DIRECTION('',(0.,0.,-1.));
#11198 = ORIENTED_EDGE('',*,*,#2649,.T.);
#11199 = ORIENTED_EDGE('',*,*,#11179,.F.);
#11200 = ORIENTED_EDGE('',*,*,#599,.T.);
#11201 = CYLINDRICAL_SURFACE('',#11202,0.8);
#11202 = AXIS2_PLACEMENT_3D('',#11203,#11204,#11205);
#11203 = CARTESIAN_POINT('',(41.887831668853,190.43281826534,2.5));
#11204 = DIRECTION('',(0.,0.,-1.));
#11205 = DIRECTION('',(1.387778780782E-14,1.,0.));
#11206 = ADVANCED_FACE('',(#11207),#11218,.T.);
#11207 = FACE_BOUND('',#11208,.T.);
#11208 = EDGE_LOOP('',(#11209,#11210,#11211,#11212));
#11209 = ORIENTED_EDGE('',*,*,#608,.F.);
#11210 = ORIENTED_EDGE('',*,*,#11193,.T.);
#11211 = ORIENTED_EDGE('',*,*,#2641,.F.);
#11212 = ORIENTED_EDGE('',*,*,#11213,.F.);
#11213 = EDGE_CURVE('',#609,#2633,#11214,.T.);
#11214 = LINE('',#11215,#11216);
#11215 = CARTESIAN_POINT('',(38.767831632103,189.63281826534,2.5));
#11216 = VECTOR('',#11217,1.);
#11217 = DIRECTION('',(0.,0.,-1.));
#11218 = PLANE('',#11219);
#11219 = AXIS2_PLACEMENT_3D('',#11220,#11221,#11222);
#11220 = CARTESIAN_POINT('',(38.767831632103,189.63281826534,2.5));
#11221 = DIRECTION('',(0.,1.,0.));
#11222 = DIRECTION('',(1.,0.,0.));
#11223 = ADVANCED_FACE('',(#11224),#11230,.F.);
#11224 = FACE_BOUND('',#11225,.F.);
#11225 = EDGE_LOOP('',(#11226,#11227,#11228,#11229));
#11226 = ORIENTED_EDGE('',*,*,#6389,.T.);
#11227 = ORIENTED_EDGE('',*,*,#2632,.T.);
#11228 = ORIENTED_EDGE('',*,*,#11213,.F.);
#11229 = ORIENTED_EDGE('',*,*,#616,.T.);
#11230 = CYLINDRICAL_SURFACE('',#11231,0.8);
#11231 = AXIS2_PLACEMENT_3D('',#11232,#11233,#11234);
#11232 = CARTESIAN_POINT('',(38.767831640969,190.43281826534,2.5));
#11233 = DIRECTION('',(0.,0.,-1.));
#11234 = DIRECTION('',(-1.108218655732E-08,-1.,-0.));
#11235 = ADVANCED_FACE('',(#11236),#11247,.T.);
#11236 = FACE_BOUND('',#11237,.T.);
#11237 = EDGE_LOOP('',(#11238,#11239,#11245,#11246));
#11238 = ORIENTED_EDGE('',*,*,#6226,.F.);
#11239 = ORIENTED_EDGE('',*,*,#11240,.F.);
#11240 = EDGE_CURVE('',#6621,#6227,#11241,.T.);
#11241 = LINE('',#11242,#11243);
#11242 = CARTESIAN_POINT('',(19.007831651066,192.30053188309,2.5));
#11243 = VECTOR('',#11244,1.);
#11244 = DIRECTION('',(0.,0.,-1.));
#11245 = ORIENTED_EDGE('',*,*,#6631,.F.);
#11246 = ORIENTED_EDGE('',*,*,#6528,.T.);
#11247 = CYLINDRICAL_SURFACE('',#11248,0.499999999994);
#11248 = AXIS2_PLACEMENT_3D('',#11249,#11250,#11251);
#11249 = CARTESIAN_POINT('',(19.507831651061,192.30053188308,2.5));
#11250 = DIRECTION('',(0.,0.,-1.));
#11251 = DIRECTION('',(-1.,1.488587031434E-11,0.));
#11252 = ADVANCED_FACE('',(#11253),#11266,.T.);
#11253 = FACE_BOUND('',#11254,.T.);
#11254 = EDGE_LOOP('',(#11255,#11256,#11257,#11263,#11264,#11265));
#11255 = ORIENTED_EDGE('',*,*,#6252,.F.);
#11256 = ORIENTED_EDGE('',*,*,#2574,.F.);
#11257 = ORIENTED_EDGE('',*,*,#11258,.F.);
#11258 = EDGE_CURVE('',#65,#2566,#11259,.T.);
#11259 = LINE('',#11260,#11261);
#11260 = CARTESIAN_POINT('',(19.007831640146,191.23281826534,2.5));
#11261 = VECTOR('',#11262,1.);
#11262 = DIRECTION('',(0.,0.,-1.));
#11263 = ORIENTED_EDGE('',*,*,#64,.T.);
#11264 = ORIENTED_EDGE('',*,*,#6620,.F.);
#11265 = ORIENTED_EDGE('',*,*,#11240,.T.);
#11266 = PLANE('',#11267);
#11267 = AXIS2_PLACEMENT_3D('',#11268,#11269,#11270);
#11268 = CARTESIAN_POINT('',(19.007831652067,191.23281826534,2.5));
#11269 = DIRECTION('',(-1.,-9.369946536846E-10,0.));
#11270 = DIRECTION('',(-9.369946536846E-10,1.,0.));
#11271 = ADVANCED_FACE('',(#11272),#11283,.F.);
#11272 = FACE_BOUND('',#11273,.F.);
#11273 = EDGE_LOOP('',(#11274,#11280,#11281,#11282));
#11274 = ORIENTED_EDGE('',*,*,#11275,.T.);
#11275 = EDGE_CURVE('',#73,#2558,#11276,.T.);
#11276 = LINE('',#11277,#11278);
#11277 = CARTESIAN_POINT('',(19.007831669798,189.63281826534,2.5));
#11278 = VECTOR('',#11279,1.);
#11279 = DIRECTION('',(0.,0.,-1.));
#11280 = ORIENTED_EDGE('',*,*,#2565,.T.);
#11281 = ORIENTED_EDGE('',*,*,#11258,.F.);
#11282 = ORIENTED_EDGE('',*,*,#72,.F.);
#11283 = CYLINDRICAL_SURFACE('',#11284,0.8);
#11284 = AXIS2_PLACEMENT_3D('',#11285,#11286,#11287);
#11285 = CARTESIAN_POINT('',(19.007831660932,190.43281826534,2.5));
#11286 = DIRECTION('',(0.,0.,-1.));
#11287 = DIRECTION('',(1.,1.853276733795E-08,0.));
#11288 = ADVANCED_FACE('',(#11289),#11300,.T.);
#11289 = FACE_BOUND('',#11290,.T.);
#11290 = EDGE_LOOP('',(#11291,#11292,#11293,#11294));
#11291 = ORIENTED_EDGE('',*,*,#81,.T.);
#11292 = ORIENTED_EDGE('',*,*,#11275,.T.);
#11293 = ORIENTED_EDGE('',*,*,#2557,.F.);
#11294 = ORIENTED_EDGE('',*,*,#11295,.F.);
#11295 = EDGE_CURVE('',#82,#2549,#11296,.T.);
#11296 = LINE('',#11297,#11298);
#11297 = CARTESIAN_POINT('',(15.887831633048,189.63281826534,2.5));
#11298 = VECTOR('',#11299,1.);
#11299 = DIRECTION('',(0.,0.,-1.));
#11300 = PLANE('',#11301);
#11301 = AXIS2_PLACEMENT_3D('',#11302,#11303,#11304);
#11302 = CARTESIAN_POINT('',(15.887831633048,189.63281826534,2.5));
#11303 = DIRECTION('',(0.,1.,0.));
#11304 = DIRECTION('',(1.,0.,0.));
#11305 = ADVANCED_FACE('',(#11306),#11317,.F.);
#11306 = FACE_BOUND('',#11307,.F.);
#11307 = EDGE_LOOP('',(#11308,#11314,#11315,#11316));
#11308 = ORIENTED_EDGE('',*,*,#11309,.T.);
#11309 = EDGE_CURVE('',#90,#2541,#11310,.T.);
#11310 = LINE('',#11311,#11312);
#11311 = CARTESIAN_POINT('',(15.887831633048,191.23281826534,2.5));
#11312 = VECTOR('',#11313,1.);
#11313 = DIRECTION('',(0.,0.,-1.));
#11314 = ORIENTED_EDGE('',*,*,#2548,.T.);
#11315 = ORIENTED_EDGE('',*,*,#11295,.F.);
#11316 = ORIENTED_EDGE('',*,*,#89,.F.);
#11317 = CYLINDRICAL_SURFACE('',#11318,0.8);
#11318 = AXIS2_PLACEMENT_3D('',#11319,#11320,#11321);
#11319 = CARTESIAN_POINT('',(15.887831633048,190.43281826534,2.5));
#11320 = DIRECTION('',(0.,0.,-1.));
#11321 = DIRECTION('',(-1.387778780782E-14,1.,0.));
#11322 = ADVANCED_FACE('',(#11323),#11329,.T.);
#11323 = FACE_BOUND('',#11324,.T.);
#11324 = EDGE_LOOP('',(#11325,#11326,#11327,#11328));
#11325 = ORIENTED_EDGE('',*,*,#98,.T.);
#11326 = ORIENTED_EDGE('',*,*,#11309,.T.);
#11327 = ORIENTED_EDGE('',*,*,#2540,.F.);
#11328 = ORIENTED_EDGE('',*,*,#6211,.F.);
#11329 = PLANE('',#11330);
#11330 = AXIS2_PLACEMENT_3D('',#11331,#11332,#11333);
#11331 = CARTESIAN_POINT('',(15.887831633048,194.445302479,2.5));
#11332 = DIRECTION('',(1.,0.,0.));
#11333 = DIRECTION('',(0.,-1.,0.));
#11334 = ADVANCED_FACE('',(#11335),#11346,.T.);
#11335 = FACE_BOUND('',#11336,.T.);
#11336 = EDGE_LOOP('',(#11337,#11338,#11344,#11345));
#11337 = ORIENTED_EDGE('',*,*,#6180,.F.);
#11338 = ORIENTED_EDGE('',*,*,#11339,.F.);
#11339 = EDGE_CURVE('',#7953,#6145,#11340,.T.);
#11340 = LINE('',#11341,#11342);
#11341 = CARTESIAN_POINT('',(4.885329039063,188.41065634065,2.5));
#11342 = VECTOR('',#11343,1.);
#11343 = DIRECTION('',(0.,0.,-1.));
#11344 = ORIENTED_EDGE('',*,*,#7978,.F.);
#11345 = ORIENTED_EDGE('',*,*,#6195,.T.);
#11346 = PLANE('',#11347);
#11347 = AXIS2_PLACEMENT_3D('',#11348,#11349,#11350);
#11348 = CARTESIAN_POINT('',(4.885329039063,188.41065634065,2.5));
#11349 = DIRECTION('',(-0.587980398389,0.808875176471,0.));
#11350 = DIRECTION('',(0.808875176471,0.587980398389,0.));
#11351 = ADVANCED_FACE('',(#11352),#11363,.T.);
#11352 = FACE_BOUND('',#11353,.T.);
#11353 = EDGE_LOOP('',(#11354,#11355,#11361,#11362));
#11354 = ORIENTED_EDGE('',*,*,#6154,.F.);
#11355 = ORIENTED_EDGE('',*,*,#11356,.F.);
#11356 = EDGE_CURVE('',#7929,#6121,#11357,.T.);
#11357 = LINE('',#11358,#11359);
#11358 = CARTESIAN_POINT('',(3.649270234229,185.98403081124,2.5));
#11359 = VECTOR('',#11360,1.);
#11360 = DIRECTION('',(0.,0.,-1.));
#11361 = ORIENTED_EDGE('',*,*,#7960,.F.);
#11362 = ORIENTED_EDGE('',*,*,#11339,.T.);
#11363 = CYLINDRICAL_SURFACE('',#11364,3.);
#11364 = AXIS2_PLACEMENT_3D('',#11365,#11366,#11367);
#11365 = CARTESIAN_POINT('',(6.649270234229,185.98403081124,2.5));
#11366 = DIRECTION('',(0.,0.,-1.));
#11367 = DIRECTION('',(-1.,7.993605777301E-14,0.));
#11368 = ADVANCED_FACE('',(#11369),#11380,.T.);
#11369 = FACE_BOUND('',#11370,.T.);
#11370 = EDGE_LOOP('',(#11371,#11372,#11378,#11379));
#11371 = ORIENTED_EDGE('',*,*,#6130,.F.);
#11372 = ORIENTED_EDGE('',*,*,#11373,.F.);
#11373 = EDGE_CURVE('',#7904,#6096,#11374,.T.);
#11374 = LINE('',#11375,#11376);
#11375 = CARTESIAN_POINT('',(3.649270234229,180.8541283979,2.5));
#11376 = VECTOR('',#11377,1.);
#11377 = DIRECTION('',(0.,0.,-1.));
#11378 = ORIENTED_EDGE('',*,*,#7936,.F.);
#11379 = ORIENTED_EDGE('',*,*,#11356,.T.);
#11380 = PLANE('',#11381);
#11381 = AXIS2_PLACEMENT_3D('',#11382,#11383,#11384);
#11382 = CARTESIAN_POINT('',(3.649270234229,180.8541283979,2.5));
#11383 = DIRECTION('',(-1.,0.,0.));
#11384 = DIRECTION('',(0.,1.,0.));
#11385 = ADVANCED_FACE('',(#11386),#11397,.T.);
#11386 = FACE_BOUND('',#11387,.T.);
#11387 = EDGE_LOOP('',(#11388,#11389,#11395,#11396));
#11388 = ORIENTED_EDGE('',*,*,#6105,.F.);
#11389 = ORIENTED_EDGE('',*,*,#11390,.F.);
#11390 = EDGE_CURVE('',#7880,#6072,#11391,.T.);
#11391 = LINE('',#11392,#11393);
#11392 = CARTESIAN_POINT('',(4.658143877889,178.61015517321,2.5));
#11393 = VECTOR('',#11394,1.);
#11394 = DIRECTION('',(0.,0.,-1.));
#11395 = ORIENTED_EDGE('',*,*,#7911,.F.);
#11396 = ORIENTED_EDGE('',*,*,#11373,.T.);
#11397 = CYLINDRICAL_SURFACE('',#11398,3.);
#11398 = AXIS2_PLACEMENT_3D('',#11399,#11400,#11401);
#11399 = CARTESIAN_POINT('',(6.649270234229,180.85412839789,2.5));
#11400 = DIRECTION('',(0.,0.,-1.));
#11401 = DIRECTION('',(-0.663708785447,-0.747991074894,-0.));
#11402 = ADVANCED_FACE('',(#11403),#11414,.T.);
#11403 = FACE_BOUND('',#11404,.T.);
#11404 = EDGE_LOOP('',(#11405,#11406,#11412,#11413));
#11405 = ORIENTED_EDGE('',*,*,#6081,.F.);
#11406 = ORIENTED_EDGE('',*,*,#11407,.F.);
#11407 = EDGE_CURVE('',#7857,#6047,#11408,.T.);
#11408 = LINE('',#11409,#11410);
#11409 = CARTESIAN_POINT('',(7.459897093046,176.12409847285,2.5));
#11410 = VECTOR('',#11411,1.);
#11411 = DIRECTION('',(0.,0.,-1.));
#11412 = ORIENTED_EDGE('',*,*,#7887,.F.);
#11413 = ORIENTED_EDGE('',*,*,#11390,.T.);
#11414 = PLANE('',#11415);
#11415 = AXIS2_PLACEMENT_3D('',#11416,#11417,#11418);
#11416 = CARTESIAN_POINT('',(7.459897093046,176.12409847285,2.5));
#11417 = DIRECTION('',(-0.663708785446,-0.747991074894,0.));
#11418 = DIRECTION('',(-0.747991074894,0.663708785446,0.));
#11419 = ADVANCED_FACE('',(#11420),#11431,.F.);
#11420 = FACE_BOUND('',#11421,.F.);
#11421 = EDGE_LOOP('',(#11422,#11423,#11424,#11430));
#11422 = ORIENTED_EDGE('',*,*,#11407,.F.);
#11423 = ORIENTED_EDGE('',*,*,#7856,.T.);
#11424 = ORIENTED_EDGE('',*,*,#11425,.T.);
#11425 = EDGE_CURVE('',#7831,#6023,#11426,.T.);
#11426 = LINE('',#11427,#11428);
#11427 = CARTESIAN_POINT('',(8.468770736705,173.88012524817,2.5));
#11428 = VECTOR('',#11429,1.);
#11429 = DIRECTION('',(0.,0.,-1.));
#11430 = ORIENTED_EDGE('',*,*,#6046,.T.);
#11431 = CYLINDRICAL_SURFACE('',#11432,3.);
#11432 = AXIS2_PLACEMENT_3D('',#11433,#11434,#11435);
#11433 = CARTESIAN_POINT('',(5.468770736705,173.88012524817,2.5));
#11434 = DIRECTION('',(0.,0.,-1.));
#11435 = DIRECTION('',(1.,-4.648133729765E-13,0.));
#11436 = ADVANCED_FACE('',(#11437),#11448,.T.);
#11437 = FACE_BOUND('',#11438,.T.);
#11438 = EDGE_LOOP('',(#11439,#11440,#11446,#11447));
#11439 = ORIENTED_EDGE('',*,*,#6032,.F.);
#11440 = ORIENTED_EDGE('',*,*,#11441,.F.);
#11441 = EDGE_CURVE('',#7808,#5998,#11442,.T.);
#11442 = LINE('',#11443,#11444);
#11443 = CARTESIAN_POINT('',(8.468770736705,164.48717970223,2.5));
#11444 = VECTOR('',#11445,1.);
#11445 = DIRECTION('',(0.,0.,-1.));
#11446 = ORIENTED_EDGE('',*,*,#7838,.F.);
#11447 = ORIENTED_EDGE('',*,*,#11425,.T.);
#11448 = PLANE('',#11449);
#11449 = AXIS2_PLACEMENT_3D('',#11450,#11451,#11452);
#11450 = CARTESIAN_POINT('',(8.468770736705,164.48717970223,2.5));
#11451 = DIRECTION('',(-1.,-4.727901462625E-16,0.));
#11452 = DIRECTION('',(-4.727901462625E-16,1.,0.));
#11453 = ADVANCED_FACE('',(#11454),#11465,.F.);
#11454 = FACE_BOUND('',#11455,.F.);
#11455 = EDGE_LOOP('',(#11456,#11457,#11458,#11464));
#11456 = ORIENTED_EDGE('',*,*,#11441,.F.);
#11457 = ORIENTED_EDGE('',*,*,#7807,.T.);
#11458 = ORIENTED_EDGE('',*,*,#11459,.T.);
#11459 = EDGE_CURVE('',#7782,#5974,#11460,.T.);
#11460 = LINE('',#11461,#11462);
#11461 = CARTESIAN_POINT('',(7.590091080265,162.36585935867,2.5));
#11462 = VECTOR('',#11463,1.);
#11463 = DIRECTION('',(0.,0.,-1.));
#11464 = ORIENTED_EDGE('',*,*,#5997,.T.);
#11465 = CYLINDRICAL_SURFACE('',#11466,3.);
#11466 = AXIS2_PLACEMENT_3D('',#11467,#11468,#11469);
#11467 = CARTESIAN_POINT('',(5.468770736705,164.48717970223,2.5));
#11468 = DIRECTION('',(0.,0.,-1.));
#11469 = DIRECTION('',(0.707106781187,-0.707106781186,0.));
#11470 = ADVANCED_FACE('',(#11471),#11482,.T.);
#11471 = FACE_BOUND('',#11472,.T.);
#11472 = EDGE_LOOP('',(#11473,#11474,#11480,#11481));
#11473 = ORIENTED_EDGE('',*,*,#5983,.F.);
#11474 = ORIENTED_EDGE('',*,*,#11475,.F.);
#11475 = EDGE_CURVE('',#7757,#5949,#11476,.T.);
#11476 = LINE('',#11477,#11478);
#11477 = CARTESIAN_POINT('',(0.87867965644,155.65444793485,2.5));
#11478 = VECTOR('',#11479,1.);
#11479 = DIRECTION('',(0.,0.,-1.));
#11480 = ORIENTED_EDGE('',*,*,#7789,.F.);
#11481 = ORIENTED_EDGE('',*,*,#11459,.T.);
#11482 = PLANE('',#11483);
#11483 = AXIS2_PLACEMENT_3D('',#11484,#11485,#11486);
#11484 = CARTESIAN_POINT('',(0.87867965644,155.65444793485,2.5));
#11485 = DIRECTION('',(-0.707106781187,0.707106781187,0.));
#11486 = DIRECTION('',(0.707106781187,0.707106781187,0.));
#11487 = ADVANCED_FACE('',(#11488),#11499,.T.);
#11488 = FACE_BOUND('',#11489,.T.);
#11489 = EDGE_LOOP('',(#11490,#11491,#11497,#11498));
#11490 = ORIENTED_EDGE('',*,*,#5958,.F.);
#11491 = ORIENTED_EDGE('',*,*,#11492,.F.);
#11492 = EDGE_CURVE('',#7733,#5925,#11493,.T.);
#11493 = LINE('',#11494,#11495);
#11494 = CARTESIAN_POINT('',(3.552713678801E-14,153.53312759129,2.5));
#11495 = VECTOR('',#11496,1.);
#11496 = DIRECTION('',(0.,0.,-1.));
#11497 = ORIENTED_EDGE('',*,*,#7764,.F.);
#11498 = ORIENTED_EDGE('',*,*,#11475,.T.);
#11499 = CYLINDRICAL_SURFACE('',#11500,3.);
#11500 = AXIS2_PLACEMENT_3D('',#11501,#11502,#11503);
#11501 = CARTESIAN_POINT('',(3.,153.53312759129,2.5));
#11502 = DIRECTION('',(0.,0.,-1.));
#11503 = DIRECTION('',(-1.,-2.368475785867E-14,-0.));
#11504 = ADVANCED_FACE('',(#11505),#11516,.T.);
#11505 = FACE_BOUND('',#11506,.T.);
#11506 = EDGE_LOOP('',(#11507,#11508,#11514,#11515));
#11507 = ORIENTED_EDGE('',*,*,#5934,.F.);
#11508 = ORIENTED_EDGE('',*,*,#11509,.F.);
#11509 = EDGE_CURVE('',#7708,#5900,#11510,.T.);
#11510 = LINE('',#11511,#11512);
#11511 = CARTESIAN_POINT('',(3.552713678801E-14,148.44981203882,2.5));
#11512 = VECTOR('',#11513,1.);
#11513 = DIRECTION('',(0.,0.,-1.));
#11514 = ORIENTED_EDGE('',*,*,#7740,.F.);
#11515 = ORIENTED_EDGE('',*,*,#11492,.T.);
#11516 = PLANE('',#11517);
#11517 = AXIS2_PLACEMENT_3D('',#11518,#11519,#11520);
#11518 = CARTESIAN_POINT('',(3.552713678801E-14,148.44981203882,2.5));
#11519 = DIRECTION('',(-1.,0.,0.));
#11520 = DIRECTION('',(0.,1.,0.));
#11521 = ADVANCED_FACE('',(#11522),#11533,.T.);
#11522 = FACE_BOUND('',#11523,.T.);
#11523 = EDGE_LOOP('',(#11524,#11525,#11531,#11532));
#11524 = ORIENTED_EDGE('',*,*,#5909,.F.);
#11525 = ORIENTED_EDGE('',*,*,#11526,.F.);
#11526 = EDGE_CURVE('',#7684,#5876,#11527,.T.);
#11527 = LINE('',#11528,#11529);
#11528 = CARTESIAN_POINT('',(1.008873643659,146.20583881414,2.5));
#11529 = VECTOR('',#11530,1.);
#11530 = DIRECTION('',(0.,0.,-1.));
#11531 = ORIENTED_EDGE('',*,*,#7715,.F.);
#11532 = ORIENTED_EDGE('',*,*,#11509,.T.);
#11533 = CYLINDRICAL_SURFACE('',#11534,3.);
#11534 = AXIS2_PLACEMENT_3D('',#11535,#11536,#11537);
#11535 = CARTESIAN_POINT('',(3.,148.44981203882,2.5));
#11536 = DIRECTION('',(0.,0.,-1.));
#11537 = DIRECTION('',(-0.663708785447,-0.747991074894,-0.));
#11538 = ADVANCED_FACE('',(#11539),#11550,.T.);
#11539 = FACE_BOUND('',#11540,.T.);
#11540 = EDGE_LOOP('',(#11541,#11542,#11548,#11549));
#11541 = ORIENTED_EDGE('',*,*,#5885,.F.);
#11542 = ORIENTED_EDGE('',*,*,#11543,.F.);
#11543 = EDGE_CURVE('',#7661,#5851,#11544,.T.);
#11544 = LINE('',#11545,#11546);
#11545 = CARTESIAN_POINT('',(5.810626858813,141.94513851783,2.5));
#11546 = VECTOR('',#11547,1.);
#11547 = DIRECTION('',(0.,0.,-1.));
#11548 = ORIENTED_EDGE('',*,*,#7691,.F.);
#11549 = ORIENTED_EDGE('',*,*,#11526,.T.);
#11550 = PLANE('',#11551);
#11551 = AXIS2_PLACEMENT_3D('',#11552,#11553,#11554);
#11552 = CARTESIAN_POINT('',(5.810626858813,141.94513851783,2.5));
#11553 = DIRECTION('',(-0.663708785446,-0.747991074895,0.));
#11554 = DIRECTION('',(-0.747991074895,0.663708785446,0.));
#11555 = ADVANCED_FACE('',(#11556),#11567,.F.);
#11556 = FACE_BOUND('',#11557,.F.);
#11557 = EDGE_LOOP('',(#11558,#11559,#11560,#11566));
#11558 = ORIENTED_EDGE('',*,*,#11543,.F.);
#11559 = ORIENTED_EDGE('',*,*,#7660,.T.);
#11560 = ORIENTED_EDGE('',*,*,#11561,.T.);
#11561 = EDGE_CURVE('',#7635,#5827,#11562,.T.);
#11562 = LINE('',#11563,#11564);
#11563 = CARTESIAN_POINT('',(6.819500502475,139.70116529314,2.5));
#11564 = VECTOR('',#11565,1.);
#11565 = DIRECTION('',(0.,0.,-1.));
#11566 = ORIENTED_EDGE('',*,*,#5850,.T.);
#11567 = CYLINDRICAL_SURFACE('',#11568,3.);
#11568 = AXIS2_PLACEMENT_3D('',#11569,#11570,#11571);
#11569 = CARTESIAN_POINT('',(3.819500502475,139.70116529314,2.5));
#11570 = DIRECTION('',(0.,0.,-1.));
#11571 = DIRECTION('',(1.,3.01980662698E-13,0.));
#11572 = ADVANCED_FACE('',(#11573),#11584,.T.);
#11573 = FACE_BOUND('',#11574,.T.);
#11574 = EDGE_LOOP('',(#11575,#11576,#11582,#11583));
#11575 = ORIENTED_EDGE('',*,*,#5836,.F.);
#11576 = ORIENTED_EDGE('',*,*,#11577,.F.);
#11577 = EDGE_CURVE('',#7612,#5802,#11578,.T.);
#11578 = LINE('',#11579,#11580);
#11579 = CARTESIAN_POINT('',(6.819500502475,79.866761892088,2.5));
#11580 = VECTOR('',#11581,1.);
#11581 = DIRECTION('',(0.,0.,-1.));
#11582 = ORIENTED_EDGE('',*,*,#7642,.F.);
#11583 = ORIENTED_EDGE('',*,*,#11561,.T.);
#11584 = PLANE('',#11585);
#11585 = AXIS2_PLACEMENT_3D('',#11586,#11587,#11588);
#11586 = CARTESIAN_POINT('',(6.819500502475,79.866761892088,2.5));
#11587 = DIRECTION('',(-1.,0.,0.));
#11588 = DIRECTION('',(0.,1.,0.));
#11589 = ADVANCED_FACE('',(#11590),#11601,.F.);
#11590 = FACE_BOUND('',#11591,.F.);
#11591 = EDGE_LOOP('',(#11592,#11593,#11594,#11600));
#11592 = ORIENTED_EDGE('',*,*,#11577,.F.);
#11593 = ORIENTED_EDGE('',*,*,#7611,.T.);
#11594 = ORIENTED_EDGE('',*,*,#11595,.T.);
#11595 = EDGE_CURVE('',#7586,#5778,#11596,.T.);
#11596 = LINE('',#11597,#11598);
#11597 = CARTESIAN_POINT('',(5.810626858813,77.622788667405,2.5));
#11598 = VECTOR('',#11599,1.);
#11599 = DIRECTION('',(0.,0.,-1.));
#11600 = ORIENTED_EDGE('',*,*,#5801,.T.);
#11601 = CYLINDRICAL_SURFACE('',#11602,3.);
#11602 = AXIS2_PLACEMENT_3D('',#11603,#11604,#11605);
#11603 = CARTESIAN_POINT('',(3.819500502475,79.866761892089,2.5));
#11604 = DIRECTION('',(0.,0.,-1.));
#11605 = DIRECTION('',(0.663708785446,-0.747991074895,0.));
#11606 = ADVANCED_FACE('',(#11607),#11618,.T.);
#11607 = FACE_BOUND('',#11608,.T.);
#11608 = EDGE_LOOP('',(#11609,#11610,#11616,#11617));
#11609 = ORIENTED_EDGE('',*,*,#5787,.F.);
#11610 = ORIENTED_EDGE('',*,*,#11611,.F.);
#11611 = EDGE_CURVE('',#7561,#5753,#11612,.T.);
#11612 = LINE('',#11613,#11614);
#11613 = CARTESIAN_POINT('',(1.008873643659,73.362088371097,2.5));
#11614 = VECTOR('',#11615,1.);
#11615 = DIRECTION('',(0.,0.,-1.));
#11616 = ORIENTED_EDGE('',*,*,#7593,.F.);
#11617 = ORIENTED_EDGE('',*,*,#11595,.T.);
#11618 = PLANE('',#11619);
#11619 = AXIS2_PLACEMENT_3D('',#11620,#11621,#11622);
#11620 = CARTESIAN_POINT('',(1.008873643659,73.362088371097,2.5));
#11621 = DIRECTION('',(-0.663708785446,0.747991074895,0.));
#11622 = DIRECTION('',(0.747991074895,0.663708785446,0.));
#11623 = ADVANCED_FACE('',(#11624),#11635,.T.);
#11624 = FACE_BOUND('',#11625,.T.);
#11625 = EDGE_LOOP('',(#11626,#11627,#11633,#11634));
#11626 = ORIENTED_EDGE('',*,*,#5762,.F.);
#11627 = ORIENTED_EDGE('',*,*,#11628,.F.);
#11628 = EDGE_CURVE('',#7537,#5729,#11629,.T.);
#11629 = LINE('',#11630,#11631);
#11630 = CARTESIAN_POINT('',(3.552713678801E-14,71.118115146415,2.5));
#11631 = VECTOR('',#11632,1.);
#11632 = DIRECTION('',(0.,0.,-1.));
#11633 = ORIENTED_EDGE('',*,*,#7568,.F.);
#11634 = ORIENTED_EDGE('',*,*,#11611,.T.);
#11635 = CYLINDRICAL_SURFACE('',#11636,2.999999999999);
#11636 = AXIS2_PLACEMENT_3D('',#11637,#11638,#11639);
#11637 = CARTESIAN_POINT('',(2.999999999999,71.118115146416,2.5));
#11638 = DIRECTION('',(0.,0.,-1.));
#11639 = DIRECTION('',(-1.,-4.988602123983E-13,-0.));
#11640 = ADVANCED_FACE('',(#11641),#11652,.T.);
#11641 = FACE_BOUND('',#11642,.T.);
#11642 = EDGE_LOOP('',(#11643,#11644,#11650,#11651));
#11643 = ORIENTED_EDGE('',*,*,#5738,.F.);
#11644 = ORIENTED_EDGE('',*,*,#11645,.F.);
#11645 = EDGE_CURVE('',#7512,#5704,#11646,.T.);
#11646 = LINE('',#11647,#11648);
#11647 = CARTESIAN_POINT('',(3.552713678801E-14,66.034799593947,2.5));
#11648 = VECTOR('',#11649,1.);
#11649 = DIRECTION('',(0.,0.,-1.));
#11650 = ORIENTED_EDGE('',*,*,#7544,.F.);
#11651 = ORIENTED_EDGE('',*,*,#11628,.T.);
#11652 = PLANE('',#11653);
#11653 = AXIS2_PLACEMENT_3D('',#11654,#11655,#11656);
#11654 = CARTESIAN_POINT('',(3.552713678801E-14,66.034799593947,2.5));
#11655 = DIRECTION('',(-1.,0.,0.));
#11656 = DIRECTION('',(0.,1.,0.));
#11657 = ADVANCED_FACE('',(#11658),#11669,.T.);
#11658 = FACE_BOUND('',#11659,.T.);
#11659 = EDGE_LOOP('',(#11660,#11661,#11667,#11668));
#11660 = ORIENTED_EDGE('',*,*,#5713,.F.);
#11661 = ORIENTED_EDGE('',*,*,#11662,.F.);
#11662 = EDGE_CURVE('',#7488,#5680,#11663,.T.);
#11663 = LINE('',#11664,#11665);
#11664 = CARTESIAN_POINT('',(0.87867965644,63.913479250388,2.5));
#11665 = VECTOR('',#11666,1.);
#11666 = DIRECTION('',(0.,0.,-1.));
#11667 = ORIENTED_EDGE('',*,*,#7519,.F.);
#11668 = ORIENTED_EDGE('',*,*,#11645,.T.);
#11669 = CYLINDRICAL_SURFACE('',#11670,3.);
#11670 = AXIS2_PLACEMENT_3D('',#11671,#11672,#11673);
#11671 = CARTESIAN_POINT('',(3.,66.034799593947,2.5));
#11672 = DIRECTION('',(0.,0.,-1.));
#11673 = DIRECTION('',(-0.707106781187,-0.707106781186,-0.));
#11674 = ADVANCED_FACE('',(#11675),#11686,.T.);
#11675 = FACE_BOUND('',#11676,.T.);
#11676 = EDGE_LOOP('',(#11677,#11678,#11684,#11685));
#11677 = ORIENTED_EDGE('',*,*,#5689,.F.);
#11678 = ORIENTED_EDGE('',*,*,#11679,.F.);
#11679 = EDGE_CURVE('',#7465,#5655,#11680,.T.);
#11680 = LINE('',#11681,#11682);
#11681 = CARTESIAN_POINT('',(8.590091080265,56.202067826563,2.5));
#11682 = VECTOR('',#11683,1.);
#11683 = DIRECTION('',(0.,0.,-1.));
#11684 = ORIENTED_EDGE('',*,*,#7495,.F.);
#11685 = ORIENTED_EDGE('',*,*,#11662,.T.);
#11686 = PLANE('',#11687);
#11687 = AXIS2_PLACEMENT_3D('',#11688,#11689,#11690);
#11688 = CARTESIAN_POINT('',(8.590091080265,56.202067826563,2.5));
#11689 = DIRECTION('',(-0.707106781187,-0.707106781187,0.));
#11690 = DIRECTION('',(-0.707106781187,0.707106781187,0.));
#11691 = ADVANCED_FACE('',(#11692),#11703,.F.);
#11692 = FACE_BOUND('',#11693,.F.);
#11693 = EDGE_LOOP('',(#11694,#11695,#11696,#11702));
#11694 = ORIENTED_EDGE('',*,*,#11679,.F.);
#11695 = ORIENTED_EDGE('',*,*,#7464,.T.);
#11696 = ORIENTED_EDGE('',*,*,#11697,.T.);
#11697 = EDGE_CURVE('',#7439,#5631,#11698,.T.);
#11698 = LINE('',#11699,#11700);
#11699 = CARTESIAN_POINT('',(9.468770736705,54.080747483003,2.5));
#11700 = VECTOR('',#11701,1.);
#11701 = DIRECTION('',(0.,0.,-1.));
#11702 = ORIENTED_EDGE('',*,*,#5654,.T.);
#11703 = CYLINDRICAL_SURFACE('',#11704,3.);
#11704 = AXIS2_PLACEMENT_3D('',#11705,#11706,#11707);
#11705 = CARTESIAN_POINT('',(6.468770736705,54.080747483003,2.5));
#11706 = DIRECTION('',(0.,0.,-1.));
#11707 = DIRECTION('',(1.,-9.473903143468E-14,0.));
#11708 = ADVANCED_FACE('',(#11709),#11720,.T.);
#11709 = FACE_BOUND('',#11710,.T.);
#11710 = EDGE_LOOP('',(#11711,#11712,#11718,#11719));
#11711 = ORIENTED_EDGE('',*,*,#5640,.F.);
#11712 = ORIENTED_EDGE('',*,*,#11713,.F.);
#11713 = EDGE_CURVE('',#7414,#5606,#11714,.T.);
#11714 = LINE('',#11715,#11716);
#11715 = CARTESIAN_POINT('',(9.468770736705,3.,2.5));
#11716 = VECTOR('',#11717,1.);
#11717 = DIRECTION('',(0.,0.,-1.));
#11718 = ORIENTED_EDGE('',*,*,#7446,.F.);
#11719 = ORIENTED_EDGE('',*,*,#11697,.T.);
#11720 = PLANE('',#11721);
#11721 = AXIS2_PLACEMENT_3D('',#11722,#11723,#11724);
#11722 = CARTESIAN_POINT('',(9.468770736705,3.,2.5));
#11723 = DIRECTION('',(-1.,0.,0.));
#11724 = DIRECTION('',(0.,1.,0.));
#11725 = ADVANCED_FACE('',(#11726),#11737,.T.);
#11726 = FACE_BOUND('',#11727,.T.);
#11727 = EDGE_LOOP('',(#11728,#11729,#11735,#11736));
#11728 = ORIENTED_EDGE('',*,*,#5615,.F.);
#11729 = ORIENTED_EDGE('',*,*,#11730,.F.);
#11730 = EDGE_CURVE('',#7390,#5582,#11731,.T.);
#11731 = LINE('',#11732,#11733);
#11732 = CARTESIAN_POINT('',(12.468770736705,2.273736754432E-13,2.5));
#11733 = VECTOR('',#11734,1.);
#11734 = DIRECTION('',(0.,0.,-1.));
#11735 = ORIENTED_EDGE('',*,*,#7421,.F.);
#11736 = ORIENTED_EDGE('',*,*,#11713,.T.);
#11737 = CYLINDRICAL_SURFACE('',#11738,3.);
#11738 = AXIS2_PLACEMENT_3D('',#11739,#11740,#11741);
#11739 = CARTESIAN_POINT('',(12.468770736705,3.,2.5));
#11740 = DIRECTION('',(0.,0.,-1.));
#11741 = DIRECTION('',(-4.440892098501E-15,-1.,-0.));
#11742 = ADVANCED_FACE('',(#11743),#11754,.T.);
#11743 = FACE_BOUND('',#11744,.T.);
#11744 = EDGE_LOOP('',(#11745,#11746,#11752,#11753));
#11745 = ORIENTED_EDGE('',*,*,#5591,.F.);
#11746 = ORIENTED_EDGE('',*,*,#11747,.F.);
#11747 = EDGE_CURVE('',#7365,#5557,#11748,.T.);
#11748 = LINE('',#11749,#11750);
#11749 = CARTESIAN_POINT('',(15.943597203695,2.273736754432E-13,2.5));
#11750 = VECTOR('',#11751,1.);
#11751 = DIRECTION('',(0.,0.,-1.));
#11752 = ORIENTED_EDGE('',*,*,#7397,.F.);
#11753 = ORIENTED_EDGE('',*,*,#11730,.T.);
#11754 = PLANE('',#11755);
#11755 = AXIS2_PLACEMENT_3D('',#11756,#11757,#11758);
#11756 = CARTESIAN_POINT('',(15.943597203695,2.273736754432E-13,2.5));
#11757 = DIRECTION('',(0.,-1.,0.));
#11758 = DIRECTION('',(-1.,0.,0.));
#11759 = ADVANCED_FACE('',(#11760),#11771,.T.);
#11760 = FACE_BOUND('',#11761,.T.);
#11761 = EDGE_LOOP('',(#11762,#11763,#11769,#11770));
#11762 = ORIENTED_EDGE('',*,*,#5566,.F.);
#11763 = ORIENTED_EDGE('',*,*,#11764,.F.);
#11764 = EDGE_CURVE('',#7341,#5533,#11765,.T.);
#11765 = LINE('',#11766,#11767);
#11766 = CARTESIAN_POINT('',(18.226879569269,1.054075633778,2.5));
#11767 = VECTOR('',#11768,1.);
#11768 = DIRECTION('',(0.,0.,-1.));
#11769 = ORIENTED_EDGE('',*,*,#7372,.F.);
#11770 = ORIENTED_EDGE('',*,*,#11747,.T.);
#11771 = CYLINDRICAL_SURFACE('',#11772,2.999999999999);
#11772 = AXIS2_PLACEMENT_3D('',#11773,#11774,#11775);
#11773 = CARTESIAN_POINT('',(15.943597203695,2.999999999999,2.5));
#11774 = DIRECTION('',(0.,0.,-1.));
#11775 = DIRECTION('',(0.761094121858,-0.648641455407,0.));
#11776 = ADVANCED_FACE('',(#11777),#11788,.T.);
#11777 = FACE_BOUND('',#11778,.T.);
#11778 = EDGE_LOOP('',(#11779,#11780,#11786,#11787));
#11779 = ORIENTED_EDGE('',*,*,#5542,.F.);
#11780 = ORIENTED_EDGE('',*,*,#11781,.F.);
#11781 = EDGE_CURVE('',#7316,#5508,#11782,.T.);
#11782 = LINE('',#11783,#11784);
#11783 = CARTESIAN_POINT('',(27.365643407235,11.777194515774,2.5));
#11784 = VECTOR('',#11785,1.);
#11785 = DIRECTION('',(0.,0.,-1.));
#11786 = ORIENTED_EDGE('',*,*,#7348,.F.);
#11787 = ORIENTED_EDGE('',*,*,#11764,.T.);
#11788 = PLANE('',#11789);
#11789 = AXIS2_PLACEMENT_3D('',#11790,#11791,#11792);
#11790 = CARTESIAN_POINT('',(27.365643407235,11.777194515774,2.5));
#11791 = DIRECTION('',(0.761094121858,-0.648641455407,0.));
#11792 = DIRECTION('',(-0.648641455407,-0.761094121858,0.));
#11793 = ADVANCED_FACE('',(#11794),#11800,.F.);
#11794 = FACE_BOUND('',#11795,.F.);
#11795 = EDGE_LOOP('',(#11796,#11797,#11798,#11799));
#11796 = ORIENTED_EDGE('',*,*,#11781,.F.);
#11797 = ORIENTED_EDGE('',*,*,#7315,.T.);
#11798 = ORIENTED_EDGE('',*,*,#10742,.T.);
#11799 = ORIENTED_EDGE('',*,*,#5507,.T.);
#11800 = CYLINDRICAL_SURFACE('',#11801,2.);
#11801 = AXIS2_PLACEMENT_3D('',#11802,#11803,#11804);
#11802 = CARTESIAN_POINT('',(28.887831650951,10.479911604959,2.5));
#11803 = DIRECTION('',(0.,0.,-1.));
#11804 = DIRECTION('',(-4.614364446098E-14,1.,0.));
#11805 = ADVANCED_FACE('',(#11806),#11814,.T.);
#11806 = FACE_BOUND('',#11807,.T.);
#11807 = EDGE_LOOP('',(#11808,#11809,#11810,#11811,#11812,#11813));
#11808 = ORIENTED_EDGE('',*,*,#8304,.T.);
#11809 = ORIENTED_EDGE('',*,*,#8472,.T.);
#11810 = ORIENTED_EDGE('',*,*,#8441,.T.);
#11811 = ORIENTED_EDGE('',*,*,#8410,.T.);
#11812 = ORIENTED_EDGE('',*,*,#8377,.T.);
#11813 = ORIENTED_EDGE('',*,*,#8346,.T.);
#11814 = PLANE('',#11815);
#11815 = AXIS2_PLACEMENT_3D('',#11816,#11817,#11818);
#11816 = CARTESIAN_POINT('',(28.887831650951,97.722651239502,2.5));
#11817 = DIRECTION('',(0.,0.,1.));
#11818 = DIRECTION('',(1.,0.,-0.));
#11819 = ( GEOMETRIC_REPRESENTATION_CONTEXT(3) 
GLOBAL_UNCERTAINTY_ASSIGNED_CONTEXT((#11823)) 
GLOBAL_UNIT_ASSIGNED_CONTEXT((#11820,#11821,#11822)) 
REPRESENTATION_CONTEXT('Context #1',
  '3D Context with UNIT and UNCERTAINTY') );
#11820 = ( LENGTH_UNIT() NAMED_UNIT(*) SI_UNIT(.MILLI.,.METRE.) );
#11821 = ( NAMED_UNIT(*) PLANE_ANGLE_UNIT() SI_UNIT($,.RADIAN.) );
#11822 = ( NAMED_UNIT(*) SI_UNIT($,.STERADIAN.) SOLID_ANGLE_UNIT() );
#11823 = UNCERTAINTY_MEASURE_WITH_UNIT(LENGTH_MEASURE(1.E-07),#11820,
  'distance_accuracy_value','confusion accuracy');
#11824 = PRODUCT_RELATED_PRODUCT_CATEGORY('part',$,(#7));
ENDSEC;
END-ISO-10303-21;
