solid OpenSCAD_Model
  facet normal 0 0 -1
    outer loop
      vertex 31 37 0
      vertex 29.7634 34.573 0
      vertex 28 34 0
    endloop
  endfacet
  facet normal 0 0 -1
    outer loop
      vertex 14.5 51 0
      vertex 22.13 41.18 0
      vertex 22.1845 40.7659 0
    endloop
  endfacet
  facet normal 0 0 -1
    outer loop
      vertex 14.5 51 0
      vertex 10.5358 59.7066 0
      vertex 14.5 59 0
    endloop
  endfacet
  facet normal 0 0 -1
    outer loop
      vertex -10 89.6 0
      vertex -3.38074 85.0941 0
      vertex -3.03108 84.25 0
    endloop
  endfacet
  facet normal 0 0 -1
    outer loop
      vertex 11.2934 90.4642 0
      vertex 26.2301 98.9912 0
      vertex 27.8741 98.3426 0
    endloop
  endfacet
  facet normal -0 -0 -1
    outer loop
      vertex 32.8741 94.3426 0
      vertex 34.9592 86.4932 0
      vertex 27.8741 98.3426 0
    endloop
  endfacet
  facet normal -0 0 -1
    outer loop
      vertex 20.08 75.18 0
      vertex 19.6659 75.1255 0
      vertex 10.9899 90.01 0
    endloop
  endfacet
  facet normal 0 0 -1
    outer loop
      vertex 32.8741 94.3426 0
      vertex 33.9592 92.4932 0
      vertex 34.9592 86.4932 0
    endloop
  endfacet
  facet normal 0 0 -1
    outer loop
      vertex 11.4 91 0
      vertex 11.2934 91.5358 0
      vertex 26.2301 98.9912 0
    endloop
  endfacet
  facet normal 0 0 -1
    outer loop
      vertex 26.2301 98.9912 0
      vertex 11.2934 91.5358 0
      vertex 10.9899 91.9899 0
    endloop
  endfacet
  facet normal -0 0 -1
    outer loop
      vertex -3.38074 86.9059 0
      vertex -3.5 86 0
      vertex -9.01004 90.01 0
    endloop
  endfacet
  facet normal 0 0 -1
    outer loop
      vertex -0.230087 100.991 0
      vertex -9.01004 91.9899 0
      vertex -9.46423 92.2934 0
    endloop
  endfacet
  facet normal 0 0 -1
    outer loop
      vertex -18.6944 74.38 0
      vertex -3.03108 84.25 0
      vertex -2.47487 83.5251 0
    endloop
  endfacet
  facet normal 0 0 -1
    outer loop
      vertex -27.8741 98.3426 0
      vertex -34.9592 86.4932 0
      vertex -32.8741 94.3426 0
    endloop
  endfacet
  facet normal 0 0 -1
    outer loop
      vertex -32.8741 94.3426 0
      vertex -34.9592 86.4932 0
      vertex -33.9592 92.4932 0
    endloop
  endfacet
  facet normal -0 0 -1
    outer loop
      vertex -21.68 73.58 0
      vertex -32.8484 72.9886 0
      vertex -21.6255 73.9941 0
    endloop
  endfacet
  facet normal -0 0 -1
    outer loop
      vertex -20.5455 66.5859 0
      vertex -30.9673 64.5237 0
      vertex -20.6 67 0
    endloop
  endfacet
  facet normal -0 0 -1
    outer loop
      vertex -11.4 61 0
      vertex -14.5 59 0
      vertex -11.2934 61.5358 0
    endloop
  endfacet
  facet normal 0 0 -1
    outer loop
      vertex -20.88 74.9656 0
      vertex -35 86 0
      vertex -20.4941 75.1255 0
    endloop
  endfacet
  facet normal 0 -0 -1
    outer loop
      vertex -34.9592 86.4932 0
      vertex -20.4941 75.1255 0
      vertex -35 86 0
    endloop
  endfacet
  facet normal 0 0 -1
    outer loop
      vertex -26.2301 98.9912 0
      vertex -10.5358 92.2934 0
      vertex -10.9899 91.9899 0
    endloop
  endfacet
  facet normal 0 -0 -1
    outer loop
      vertex 3.03108 84.25 0
      vertex 18.6944 74.38 0
      vertex 2.47487 83.5251 0
    endloop
  endfacet
  facet normal 0 0 -1
    outer loop
      vertex 3.5 86 0
      vertex 3.38074 86.9059 0
      vertex 9.01004 90.01 0
    endloop
  endfacet
  facet normal 0 0 -1
    outer loop
      vertex -18.5345 73.9941 0
      vertex -2.47487 83.5251 0
      vertex -3.18198 71.182 0
    endloop
  endfacet
  facet normal 0 0 -1
    outer loop
      vertex 14.5 59 0
      vertex 17.8686 65.8686 0
      vertex 18.2 65.6143 0
    endloop
  endfacet
  facet normal 0 0 -1
    outer loop
      vertex -8.70656 60.4642 0
      vertex -2.25 64.1029 0
      vertex -1.16467 63.6533 0
    endloop
  endfacet
  facet normal -0 0 -1
    outer loop
      vertex 22.5986 40.0486 0
      vertex -28 34 0
      vertex -22.5986 40.0486 0
    endloop
  endfacet
  facet normal 0 0 -1
    outer loop
      vertex -28 34 0
      vertex -30.427 35.2366 0
      vertex -31 37 0
    endloop
  endfacet
  facet normal -0 0 -1
    outer loop
      vertex -23.73 39.58 0
      vertex -28 34 0
      vertex -24.1441 39.6345 0
    endloop
  endfacet
  facet normal 0 -0 -1
    outer loop
      vertex -10 59.6 0
      vertex -9.46423 59.7066 0
      vertex -14.5 51 0
    endloop
  endfacet
  facet normal 0 0 -1
    outer loop
      vertex 3.89711 70.25 0
      vertex 18.48 73.58 0
      vertex 4.34666 69.1647 0
    endloop
  endfacet
  facet normal 0 0 -1
    outer loop
      vertex -32.8484 72.9886 0
      vertex -34.6833 76.6584 0
      vertex -21.4656 74.38 0
    endloop
  endfacet
  facet normal -0 0 -1
    outer loop
      vertex -21.6255 73.1659 0
      vertex -32.8484 72.9886 0
      vertex -21.68 73.58 0
    endloop
  endfacet
  facet normal -0 0 -1
    outer loop
      vertex -11.2934 90.4642 0
      vertex -34.9592 86.4932 0
      vertex -27.8741 98.3426 0
    endloop
  endfacet
  facet normal 0 -0 -1
    outer loop
      vertex -26.2301 98.9912 0
      vertex -11.2934 90.4642 0
      vertex -27.8741 98.3426 0
    endloop
  endfacet
  facet normal 0 0 -1
    outer loop
      vertex -26.2301 98.9912 0
      vertex -11.4 91 0
      vertex -11.2934 90.4642 0
    endloop
  endfacet
  facet normal 0 0 -1
    outer loop
      vertex -26.2301 98.9912 0
      vertex -11.2934 91.5358 0
      vertex -11.4 91 0
    endloop
  endfacet
  facet normal 0 0 -1
    outer loop
      vertex -26.2301 98.9912 0
      vertex -10.9899 91.9899 0
      vertex -11.2934 91.5358 0
    endloop
  endfacet
  facet normal 0 0 -1
    outer loop
      vertex -0.230087 100.991 0
      vertex -10.5358 92.2934 0
      vertex -26.2301 98.9912 0
    endloop
  endfacet
  facet normal 0 0 -1
    outer loop
      vertex -0.230087 100.991 0
      vertex -10 92.4 0
      vertex -10.5358 92.2934 0
    endloop
  endfacet
  facet normal 0 0 -1
    outer loop
      vertex -0.230087 100.991 0
      vertex -9.46423 92.2934 0
      vertex -10 92.4 0
    endloop
  endfacet
  facet normal 0 0 -1
    outer loop
      vertex -8.70656 91.5358 0
      vertex -9.01004 91.9899 0
      vertex -0.230087 100.991 0
    endloop
  endfacet
  facet normal -0 0 -1
    outer loop
      vertex -3.03108 87.75 0
      vertex -3.38074 86.9059 0
      vertex -8.70656 90.4642 0
    endloop
  endfacet
  facet normal -0 0 -1
    outer loop
      vertex 18.5859 68.5455 0
      vertex 18.2 68.3856 0
      vertex 18.9486 72.4486 0
    endloop
  endfacet
  facet normal 0 0 -1
    outer loop
      vertex 10 89.6 0
      vertex 3.03108 84.25 0
      vertex 3.38074 85.0941 0
    endloop
  endfacet
  facet normal 0 0 -1
    outer loop
      vertex -2.25 71.8971 0
      vertex -1.75 82.9689 0
      vertex -1.16467 72.3467 0
    endloop
  endfacet
  facet normal 0 0 -1
    outer loop
      vertex 1.75 89.0311 0
      vertex 8.70656 91.5358 0
      vertex 8.59999 91 0
    endloop
  endfacet
  facet normal -0 0 -1
    outer loop
      vertex 8.70656 91.5358 0
      vertex 0.905853 89.3807 0
      vertex 0.230087 100.991 0
    endloop
  endfacet
  facet normal 0 0 -1
    outer loop
      vertex 0.230087 100.991 0
      vertex 10.5358 92.2934 0
      vertex 10 92.4 0
    endloop
  endfacet
  facet normal 0 -0 -1
    outer loop
      vertex -9.46423 89.7066 0
      vertex -3.38074 85.0941 0
      vertex -10 89.6 0
    endloop
  endfacet
  facet normal 0 0 -1
    outer loop
      vertex -3.38074 85.0941 0
      vertex -9.46423 89.7066 0
      vertex -3.5 86 0
    endloop
  endfacet
  facet normal -0 0 -1
    outer loop
      vertex -1.75 89.0311 0
      vertex -2.47487 88.4749 0
      vertex -8.59999 91 0
    endloop
  endfacet
  facet normal -0 0 -1
    outer loop
      vertex 9.01004 91.9899 0
      vertex 8.70656 91.5358 0
      vertex 0.230087 100.991 0
    endloop
  endfacet
  facet normal -0 0 -1
    outer loop
      vertex 10 92.4 0
      vertex 9.46423 92.2934 0
      vertex 0.230087 100.991 0
    endloop
  endfacet
  facet normal -0 0 -1
    outer loop
      vertex 9.46423 92.2934 0
      vertex 9.01004 91.9899 0
      vertex 0.230087 100.991 0
    endloop
  endfacet
  facet normal 0 0 -1
    outer loop
      vertex 0.230087 100.991 0
      vertex 26.2301 98.9912 0
      vertex 10.5358 92.2934 0
    endloop
  endfacet
  facet normal 0 0 -1
    outer loop
      vertex 10.5358 92.2934 0
      vertex 26.2301 98.9912 0
      vertex 10.9899 91.9899 0
    endloop
  endfacet
  facet normal 0 0 -1
    outer loop
      vertex 11.2934 90.4642 0
      vertex 11.4 91 0
      vertex 26.2301 98.9912 0
    endloop
  endfacet
  facet normal 0 0 -1
    outer loop
      vertex 34.9592 86.4932 0
      vertex 11.2934 90.4642 0
      vertex 27.8741 98.3426 0
    endloop
  endfacet
  facet normal 0 0 -1
    outer loop
      vertex 3.03108 84.25 0
      vertex 18.9486 74.7114 0
      vertex 18.6944 74.38 0
    endloop
  endfacet
  facet normal -0 0 -1
    outer loop
      vertex 18.6944 74.38 0
      vertex 18.5345 73.9941 0
      vertex 2.47487 83.5251 0
    endloop
  endfacet
  facet normal 0 0 -1
    outer loop
      vertex 3.38074 85.0941 0
      vertex 9.46423 89.7066 0
      vertex 10 89.6 0
    endloop
  endfacet
  facet normal 0 -0 -1
    outer loop
      vertex 8.59999 91 0
      vertex 8.70656 90.4642 0
      vertex 3.03108 87.75 0
    endloop
  endfacet
  facet normal 0 0 -1
    outer loop
      vertex -34.9592 86.4932 0
      vertex -11.2934 90.4642 0
      vertex -20.4941 75.1255 0
    endloop
  endfacet
  facet normal 0 0 -1
    outer loop
      vertex 3.18198 71.182 0
      vertex 2.47487 83.5251 0
      vertex 18.5345 73.9941 0
    endloop
  endfacet
  facet normal 0 0 -1
    outer loop
      vertex -30.0136 54.9865 0
      vertex -17.5 59 0
      vertex -17.5 51 0
    endloop
  endfacet
  facet normal -0 0 -1
    outer loop
      vertex -10 89.6 0
      vertex -18.9486 74.7114 0
      vertex -10.5358 89.7066 0
    endloop
  endfacet
  facet normal 0 0 -1
    outer loop
      vertex 0 89.5 0
      vertex 0.230087 100.991 0
      vertex 0.905853 89.3807 0
    endloop
  endfacet
  facet normal 0 -0 -1
    outer loop
      vertex -9.01004 90.01 0
      vertex -3.5 86 0
      vertex -9.46423 89.7066 0
    endloop
  endfacet
  facet normal 0 -0 -1
    outer loop
      vertex -8.70656 90.4642 0
      vertex -3.38074 86.9059 0
      vertex -9.01004 90.01 0
    endloop
  endfacet
  facet normal 0 -0 -1
    outer loop
      vertex -8.59999 91 0
      vertex -3.03108 87.75 0
      vertex -8.70656 90.4642 0
    endloop
  endfacet
  facet normal 0 0 -1
    outer loop
      vertex -8.59999 91 0
      vertex -2.47487 88.4749 0
      vertex -3.03108 87.75 0
    endloop
  endfacet
  facet normal 0 0 -1
    outer loop
      vertex -8.70656 91.5358 0
      vertex -1.75 89.0311 0
      vertex -8.59999 91 0
    endloop
  endfacet
  facet normal 0 0 -1
    outer loop
      vertex -8.70656 91.5358 0
      vertex -0.905853 89.3807 0
      vertex -1.75 89.0311 0
    endloop
  endfacet
  facet normal 0 0 -1
    outer loop
      vertex -8.70656 91.5358 0
      vertex -0.230087 100.991 0
      vertex -0.905853 89.3807 0
    endloop
  endfacet
  facet normal 0 0 -1
    outer loop
      vertex 0 89.5 0
      vertex -0.230087 100.991 0
      vertex 0.230087 100.991 0
    endloop
  endfacet
  facet normal 0 0 -1
    outer loop
      vertex -0.905853 89.3807 0
      vertex -0.230087 100.991 0
      vertex 0 89.5 0
    endloop
  endfacet
  facet normal 0 0 -1
    outer loop
      vertex 8.70656 91.5358 0
      vertex 1.75 89.0311 0
      vertex 0.905853 89.3807 0
    endloop
  endfacet
  facet normal 0 0 -1
    outer loop
      vertex 1.75 89.0311 0
      vertex 8.59999 91 0
      vertex 2.47487 88.4749 0
    endloop
  endfacet
  facet normal 0 0 -1
    outer loop
      vertex 2.47487 88.4749 0
      vertex 8.59999 91 0
      vertex 3.03108 87.75 0
    endloop
  endfacet
  facet normal 0 0 -1
    outer loop
      vertex 3.03108 87.75 0
      vertex 8.70656 90.4642 0
      vertex 3.38074 86.9059 0
    endloop
  endfacet
  facet normal 0 0 -1
    outer loop
      vertex 3.38074 86.9059 0
      vertex 8.70656 90.4642 0
      vertex 9.01004 90.01 0
    endloop
  endfacet
  facet normal 0 0 -1
    outer loop
      vertex 3.5 86 0
      vertex 9.01004 90.01 0
      vertex 9.46423 89.7066 0
    endloop
  endfacet
  facet normal 0 0 -1
    outer loop
      vertex 3.38074 85.0941 0
      vertex 3.5 86 0
      vertex 9.46423 89.7066 0
    endloop
  endfacet
  facet normal 0 0 -1
    outer loop
      vertex 1.75 82.9689 0
      vertex 1.16467 72.3467 0
      vertex 0.905853 82.6192 0
    endloop
  endfacet
  facet normal 0 0 -1
    outer loop
      vertex 3.18198 71.182 0
      vertex 2.25 71.8971 0
      vertex 2.47487 83.5251 0
    endloop
  endfacet
  facet normal 0 0 -1
    outer loop
      vertex -2.25 71.8971 0
      vertex -2.47487 83.5251 0
      vertex -1.75 82.9689 0
    endloop
  endfacet
  facet normal 0 0 -1
    outer loop
      vertex 20.1314 68.1314 0
      vertex 19.8 68.3856 0
      vertex 20.4941 72.0345 0
    endloop
  endfacet
  facet normal 0 0 -1
    outer loop
      vertex 21.6255 73.9941 0
      vertex 21.4656 74.38 0
      vertex 32.8484 72.9886 0
    endloop
  endfacet
  facet normal 0 0 -1
    outer loop
      vertex 21.2114 74.7114 0
      vertex 20.88 74.9656 0
      vertex 35 86 0
    endloop
  endfacet
  facet normal 0 0 -1
    outer loop
      vertex 2.25 64.1029 0
      vertex 8.59999 61 0
      vertex 8.70656 60.4642 0
    endloop
  endfacet
  facet normal 0 0 -1
    outer loop
      vertex 21.4656 74.38 0
      vertex 21.2114 74.7114 0
      vertex 35 78 0
    endloop
  endfacet
  facet normal 0 -0 -1
    outer loop
      vertex 3.18198 64.818 0
      vertex 8.59999 61 0
      vertex 2.25 64.1029 0
    endloop
  endfacet
  facet normal 0 0 -1
    outer loop
      vertex 0 72.5 0
      vertex 0.905853 82.6192 0
      vertex 1.16467 72.3467 0
    endloop
  endfacet
  facet normal 0 0 -1
    outer loop
      vertex 3.03108 84.25 0
      vertex 10 89.6 0
      vertex 18.9486 74.7114 0
    endloop
  endfacet
  facet normal 0 -0 -1
    outer loop
      vertex 11.2934 90.4642 0
      vertex 20.08 75.18 0
      vertex 10.9899 90.01 0
    endloop
  endfacet
  facet normal 0 0 -1
    outer loop
      vertex 10 89.6 0
      vertex 10.5358 89.7066 0
      vertex 18.9486 74.7114 0
    endloop
  endfacet
  facet normal 0 0 -1
    outer loop
      vertex 18.9486 74.7114 0
      vertex 10.5358 89.7066 0
      vertex 19.28 74.9656 0
    endloop
  endfacet
  facet normal 0 0 -1
    outer loop
      vertex 19.28 74.9656 0
      vertex 10.5358 89.7066 0
      vertex 10.9899 90.01 0
    endloop
  endfacet
  facet normal -0 0 -1
    outer loop
      vertex 19.6659 75.1255 0
      vertex 19.28 74.9656 0
      vertex 10.9899 90.01 0
    endloop
  endfacet
  facet normal 0 0 -1
    outer loop
      vertex 11.2934 90.4642 0
      vertex 34.9592 86.4932 0
      vertex 20.4941 75.1255 0
    endloop
  endfacet
  facet normal 0 0 -1
    outer loop
      vertex 11.2934 90.4642 0
      vertex 20.4941 75.1255 0
      vertex 20.08 75.18 0
    endloop
  endfacet
  facet normal 0 0 -1
    outer loop
      vertex 20.4941 75.1255 0
      vertex 35 86 0
      vertex 20.88 74.9656 0
    endloop
  endfacet
  facet normal 0 -0 -1
    outer loop
      vertex 34.9592 86.4932 0
      vertex 35 86 0
      vertex 20.4941 75.1255 0
    endloop
  endfacet
  facet normal -0 0 -1
    outer loop
      vertex 35 78 0
      vertex 21.2114 74.7114 0
      vertex 35 86 0
    endloop
  endfacet
  facet normal -0 0 -1
    outer loop
      vertex 34.6833 76.6584 0
      vertex 21.4656 74.38 0
      vertex 35 78 0
    endloop
  endfacet
  facet normal 0 0 -1
    outer loop
      vertex 34.6833 76.6584 0
      vertex 32.8484 72.9886 0
      vertex 21.4656 74.38 0
    endloop
  endfacet
  facet normal 0 0 -1
    outer loop
      vertex 32.8484 72.9886 0
      vertex 21.68 73.58 0
      vertex 21.6255 73.9941 0
    endloop
  endfacet
  facet normal 0 0 -1
    outer loop
      vertex 32.8484 72.9886 0
      vertex 21.6255 73.1659 0
      vertex 21.68 73.58 0
    endloop
  endfacet
  facet normal -0 0 -1
    outer loop
      vertex 32.8484 72.9886 0
      vertex 21.4656 72.78 0
      vertex 21.6255 73.1659 0
    endloop
  endfacet
  facet normal 0 0 -1
    outer loop
      vertex 32.8484 72.9886 0
      vertex 30.9673 64.5237 0
      vertex 21.4656 72.78 0
    endloop
  endfacet
  facet normal 0 0 -1
    outer loop
      vertex 20.3856 67.8 0
      vertex 20.88 72.1944 0
      vertex 21.2114 72.4486 0
    endloop
  endfacet
  facet normal 0 -0 -1
    outer loop
      vertex 20.08 71.98 0
      vertex 20.4941 72.0345 0
      vertex 19.8 68.3856 0
    endloop
  endfacet
  facet normal 0 0 -1
    outer loop
      vertex 19.6659 72.0345 0
      vertex 19.4141 68.5455 0
      vertex 19 68.6 0
    endloop
  endfacet
  facet normal -0 0 -1
    outer loop
      vertex 19.28 72.1944 0
      vertex 18.5859 68.5455 0
      vertex 18.9486 72.4486 0
    endloop
  endfacet
  facet normal 0 0 -1
    outer loop
      vertex -19.28 74.9656 0
      vertex -19.6659 75.1255 0
      vertex -10.9899 90.01 0
    endloop
  endfacet
  facet normal 0 0 -1
    outer loop
      vertex -21.2114 72.4486 0
      vertex -20.3856 67.8 0
      vertex -20.5455 67.4141 0
    endloop
  endfacet
  facet normal 0 0 -1
    outer loop
      vertex -20.5455 67.4141 0
      vertex -21.4656 72.78 0
      vertex -21.2114 72.4486 0
    endloop
  endfacet
  facet normal 0 -0 -1
    outer loop
      vertex -10.9899 90.01 0
      vertex -10.5358 89.7066 0
      vertex -19.28 74.9656 0
    endloop
  endfacet
  facet normal 0 0 -1
    outer loop
      vertex -30.9673 64.5237 0
      vertex -32.8484 72.9886 0
      vertex -21.4656 72.78 0
    endloop
  endfacet
  facet normal 0 0 -1
    outer loop
      vertex -21.4656 72.78 0
      vertex -32.8484 72.9886 0
      vertex -21.6255 73.1659 0
    endloop
  endfacet
  facet normal -0 0 -1
    outer loop
      vertex -21.6255 73.9941 0
      vertex -32.8484 72.9886 0
      vertex -21.4656 74.38 0
    endloop
  endfacet
  facet normal 0 0 -1
    outer loop
      vertex -21.4656 74.38 0
      vertex -34.6833 76.6584 0
      vertex -35 78 0
    endloop
  endfacet
  facet normal -0 0 -1
    outer loop
      vertex -21.2114 74.7114 0
      vertex -21.4656 74.38 0
      vertex -35 78 0
    endloop
  endfacet
  facet normal 0 0 -1
    outer loop
      vertex -35 86 0
      vertex -21.2114 74.7114 0
      vertex -35 78 0
    endloop
  endfacet
  facet normal 0 0 -1
    outer loop
      vertex -35 86 0
      vertex -20.88 74.9656 0
      vertex -21.2114 74.7114 0
    endloop
  endfacet
  facet normal -0 0 -1
    outer loop
      vertex -20.08 75.18 0
      vertex -20.4941 75.1255 0
      vertex -11.2934 90.4642 0
    endloop
  endfacet
  facet normal 0 0 -1
    outer loop
      vertex -10.9899 90.01 0
      vertex -19.6659 75.1255 0
      vertex -20.08 75.18 0
    endloop
  endfacet
  facet normal -0 0 -1
    outer loop
      vertex -10.9899 90.01 0
      vertex -20.08 75.18 0
      vertex -11.2934 90.4642 0
    endloop
  endfacet
  facet normal 0 0 -1
    outer loop
      vertex -19.28 74.9656 0
      vertex -10.5358 89.7066 0
      vertex -18.9486 74.7114 0
    endloop
  endfacet
  facet normal 0 0 -1
    outer loop
      vertex -18.9486 74.7114 0
      vertex -10 89.6 0
      vertex -3.03108 84.25 0
    endloop
  endfacet
  facet normal 0 0 -1
    outer loop
      vertex -18.6944 74.38 0
      vertex -18.9486 74.7114 0
      vertex -3.03108 84.25 0
    endloop
  endfacet
  facet normal 0 0 -1
    outer loop
      vertex -18.5345 73.9941 0
      vertex -18.6944 74.38 0
      vertex -2.47487 83.5251 0
    endloop
  endfacet
  facet normal 0 0 -1
    outer loop
      vertex -18.9486 72.4486 0
      vertex -18.2 68.3856 0
      vertex -18.5859 68.5455 0
    endloop
  endfacet
  facet normal 0 0 -1
    outer loop
      vertex -19.8 68.3856 0
      vertex -20.08 71.98 0
      vertex -19.4141 68.5455 0
    endloop
  endfacet
  facet normal 0 0 -1
    outer loop
      vertex -17.6143 67.8 0
      vertex -17.8686 68.1314 0
      vertex -18.5345 73.1659 0
    endloop
  endfacet
  facet normal -0 0 -1
    outer loop
      vertex -2.25 71.8971 0
      vertex -3.18198 71.182 0
      vertex -2.47487 83.5251 0
    endloop
  endfacet
  facet normal 0 -0 -1
    outer loop
      vertex -17.4 67 0
      vertex -10.5358 62.2934 0
      vertex -17.4545 66.5859 0
    endloop
  endfacet
  facet normal -0 0 -1
    outer loop
      vertex -19.8 68.3856 0
      vertex -20.1314 68.1314 0
      vertex -20.4941 72.0345 0
    endloop
  endfacet
  facet normal 0 0 -1
    outer loop
      vertex -14.5 59 0
      vertex -18.2 65.6143 0
      vertex -17.8686 65.8686 0
    endloop
  endfacet
  facet normal 0 0 -1
    outer loop
      vertex 31 37 0
      vertex 25.2755 40.7659 0
      vertex 25.33 41.18 0
    endloop
  endfacet
  facet normal -0 -0 -1
    outer loop
      vertex -20.88 72.1944 0
      vertex -20.3856 67.8 0
      vertex -21.2114 72.4486 0
    endloop
  endfacet
  facet normal 0 0 -1
    outer loop
      vertex -8.59999 61 0
      vertex -3.18198 64.818 0
      vertex -2.25 64.1029 0
    endloop
  endfacet
  facet normal 0 0 -1
    outer loop
      vertex 18.5345 73.1659 0
      vertex 17.8686 68.1314 0
      vertex 17.6143 67.8 0
    endloop
  endfacet
  facet normal 0 -0 -1
    outer loop
      vertex -18.5859 65.4545 0
      vertex -17.5 59 0
      vertex -19 65.4 0
    endloop
  endfacet
  facet normal 0 0 -1
    outer loop
      vertex -14.5 59 0
      vertex -17.8686 65.8686 0
      vertex -11.2934 61.5358 0
    endloop
  endfacet
  facet normal 0 0 -1
    outer loop
      vertex -19.6659 72.0345 0
      vertex -19.28 72.1944 0
      vertex -19 68.6 0
    endloop
  endfacet
  facet normal 0 0 -1
    outer loop
      vertex -18.2 68.3856 0
      vertex -18.9486 72.4486 0
      vertex -18.6944 72.78 0
    endloop
  endfacet
  facet normal 0 0 -1
    outer loop
      vertex -4.34666 69.1647 0
      vertex -18.48 73.58 0
      vertex -3.89711 70.25 0
    endloop
  endfacet
  facet normal 0 0 -1
    outer loop
      vertex -18.5345 73.1659 0
      vertex -18.48 73.58 0
      vertex -4.34666 69.1647 0
    endloop
  endfacet
  facet normal 0 0 -1
    outer loop
      vertex -3.89711 70.25 0
      vertex -18.5345 73.9941 0
      vertex -3.18198 71.182 0
    endloop
  endfacet
  facet normal 0 0 -1
    outer loop
      vertex -18.48 73.58 0
      vertex -18.5345 73.9941 0
      vertex -3.89711 70.25 0
    endloop
  endfacet
  facet normal 0 0 -1
    outer loop
      vertex -1.16467 72.3467 0
      vertex -1.75 82.9689 0
      vertex -0.905853 82.6192 0
    endloop
  endfacet
  facet normal -0 0 -1
    outer loop
      vertex 0 72.5 0
      vertex -1.16467 72.3467 0
      vertex -0.905853 82.6192 0
    endloop
  endfacet
  facet normal -0 -0 -1
    outer loop
      vertex 0 82.5 0
      vertex 0 72.5 0
      vertex -0.905853 82.6192 0
    endloop
  endfacet
  facet normal 0 0 -1
    outer loop
      vertex 1.75 82.9689 0
      vertex 2.47487 83.5251 0
      vertex 2.25 71.8971 0
    endloop
  endfacet
  facet normal 0 0 -1
    outer loop
      vertex 0 82.5 0
      vertex 0.905853 82.6192 0
      vertex 0 72.5 0
    endloop
  endfacet
  facet normal 0 -0 -1
    outer loop
      vertex 1.75 82.9689 0
      vertex 2.25 71.8971 0
      vertex 1.16467 72.3467 0
    endloop
  endfacet
  facet normal 0 0 -1
    outer loop
      vertex 3.89711 70.25 0
      vertex 3.18198 71.182 0
      vertex 18.5345 73.9941 0
    endloop
  endfacet
  facet normal -0 0 -1
    outer loop
      vertex 18.48 73.58 0
      vertex 3.89711 70.25 0
      vertex 18.5345 73.9941 0
    endloop
  endfacet
  facet normal -0 0 -1
    outer loop
      vertex 18.5345 73.1659 0
      vertex 4.34666 69.1647 0
      vertex 18.48 73.58 0
    endloop
  endfacet
  facet normal 0 -0 -1
    outer loop
      vertex 18.5345 73.1659 0
      vertex 18.6944 72.78 0
      vertex 17.8686 68.1314 0
    endloop
  endfacet
  facet normal 0 0 -1
    outer loop
      vertex 18.2 68.3856 0
      vertex 18.6944 72.78 0
      vertex 18.9486 72.4486 0
    endloop
  endfacet
  facet normal 0 -0 -1
    outer loop
      vertex 11.4 61 0
      vertex 14.5 59 0
      vertex 11.2934 60.4642 0
    endloop
  endfacet
  facet normal -0 0 -1
    outer loop
      vertex 22.5986 42.3114 0
      vertex 22.3443 41.98 0
      vertex 17.5 51 0
    endloop
  endfacet
  facet normal 0 0 -1
    outer loop
      vertex 9.46423 59.7066 0
      vertex 10 59.6 0
      vertex 14.5 51 0
    endloop
  endfacet
  facet normal 0 0 -1
    outer loop
      vertex 9.01004 60.01 0
      vertex -9.01004 60.01 0
      vertex 0 63.5 0
    endloop
  endfacet
  facet normal 0 -0 -1
    outer loop
      vertex -10.9899 60.01 0
      vertex -10.5358 59.7066 0
      vertex -14.5 59 0
    endloop
  endfacet
  facet normal 0 0 -1
    outer loop
      vertex -17.5 59 0
      vertex -20.1314 65.8686 0
      vertex -19.8 65.6143 0
    endloop
  endfacet
  facet normal -0 0 -1
    outer loop
      vertex -17.5 59 0
      vertex -30.0136 54.9865 0
      vertex -20.1314 65.8686 0
    endloop
  endfacet
  facet normal 0 0 -1
    outer loop
      vertex -20.1314 65.8686 0
      vertex -30.0136 54.9865 0
      vertex -30.9673 64.5237 0
    endloop
  endfacet
  facet normal 0 -0 -1
    outer loop
      vertex -20.3856 66.2 0
      vertex -20.1314 65.8686 0
      vertex -30.9673 64.5237 0
    endloop
  endfacet
  facet normal 0 -0 -1
    outer loop
      vertex -20.5455 66.5859 0
      vertex -20.3856 66.2 0
      vertex -30.9673 64.5237 0
    endloop
  endfacet
  facet normal -0 0 -1
    outer loop
      vertex -20.5455 67.4141 0
      vertex -30.9673 64.5237 0
      vertex -21.4656 72.78 0
    endloop
  endfacet
  facet normal -0 0 -1
    outer loop
      vertex -20.6 67 0
      vertex -30.9673 64.5237 0
      vertex -20.5455 67.4141 0
    endloop
  endfacet
  facet normal 0 0 -1
    outer loop
      vertex -20.88 72.1944 0
      vertex -20.4941 72.0345 0
      vertex -20.1314 68.1314 0
    endloop
  endfacet
  facet normal 0 0 -1
    outer loop
      vertex -20.88 72.1944 0
      vertex -20.1314 68.1314 0
      vertex -20.3856 67.8 0
    endloop
  endfacet
  facet normal 0 0 -1
    outer loop
      vertex -20.4941 72.0345 0
      vertex -20.08 71.98 0
      vertex -19.8 68.3856 0
    endloop
  endfacet
  facet normal 0 0 -1
    outer loop
      vertex -20.08 71.98 0
      vertex -19.6659 72.0345 0
      vertex -19.4141 68.5455 0
    endloop
  endfacet
  facet normal 0 0 -1
    outer loop
      vertex -19.4141 68.5455 0
      vertex -19.6659 72.0345 0
      vertex -19 68.6 0
    endloop
  endfacet
  facet normal 0 0 -1
    outer loop
      vertex -19 68.6 0
      vertex -19.28 72.1944 0
      vertex -18.5859 68.5455 0
    endloop
  endfacet
  facet normal 0 0 -1
    outer loop
      vertex -18.6944 72.78 0
      vertex -17.8686 68.1314 0
      vertex -18.2 68.3856 0
    endloop
  endfacet
  facet normal 0 0 -1
    outer loop
      vertex -19.28 72.1944 0
      vertex -18.9486 72.4486 0
      vertex -18.5859 68.5455 0
    endloop
  endfacet
  facet normal 0 0 -1
    outer loop
      vertex -18.6944 72.78 0
      vertex -18.5345 73.1659 0
      vertex -17.8686 68.1314 0
    endloop
  endfacet
  facet normal 0 0 -1
    outer loop
      vertex -18.5345 73.1659 0
      vertex -4.34666 69.1647 0
      vertex -17.6143 67.8 0
    endloop
  endfacet
  facet normal 0 0 -1
    outer loop
      vertex -17.6143 67.8 0
      vertex -4.34666 69.1647 0
      vertex -17.4545 67.4141 0
    endloop
  endfacet
  facet normal 0 0 -1
    outer loop
      vertex -17.4545 67.4141 0
      vertex -4.34666 69.1647 0
      vertex -4.5 68 0
    endloop
  endfacet
  facet normal 0 0 -1
    outer loop
      vertex -17.4545 67.4141 0
      vertex -10.5358 62.2934 0
      vertex -17.4 67 0
    endloop
  endfacet
  facet normal 0 0 -1
    outer loop
      vertex -18.2 65.6143 0
      vertex -14.5 59 0
      vertex -17.5 59 0
    endloop
  endfacet
  facet normal -0 0 -1
    outer loop
      vertex -10 62.4 0
      vertex -10.5358 62.2934 0
      vertex -17.4545 67.4141 0
    endloop
  endfacet
  facet normal 0 0 -1
    outer loop
      vertex -17.5 59 0
      vertex -18.5859 65.4545 0
      vertex -18.2 65.6143 0
    endloop
  endfacet
  facet normal 0 0 -1
    outer loop
      vertex -4.5 68 0
      vertex -10 62.4 0
      vertex -17.4545 67.4141 0
    endloop
  endfacet
  facet normal 0 0 -1
    outer loop
      vertex -4.34666 66.8353 0
      vertex -9.46423 62.2934 0
      vertex -10 62.4 0
    endloop
  endfacet
  facet normal 0 0 -1
    outer loop
      vertex -31 37 0
      vertex -24.8614 40.0486 0
      vertex -28 34 0
    endloop
  endfacet
  facet normal -0 0 -1
    outer loop
      vertex 17.6143 66.2 0
      vertex 10.9899 61.9899 0
      vertex 17.4545 66.5859 0
    endloop
  endfacet
  facet normal 0 -0 -1
    outer loop
      vertex 20.5455 66.5859 0
      vertex 30.9673 64.5237 0
      vertex 20.3856 66.2 0
    endloop
  endfacet
  facet normal -0 0 -1
    outer loop
      vertex 17.4545 66.5859 0
      vertex 10.5358 62.2934 0
      vertex 17.4 67 0
    endloop
  endfacet
  facet normal 0 0 -1
    outer loop
      vertex 18.5859 68.5455 0
      vertex 19.28 72.1944 0
      vertex 19 68.6 0
    endloop
  endfacet
  facet normal 0 0 -1
    outer loop
      vertex 10.5358 62.2934 0
      vertex 17.4545 67.4141 0
      vertex 17.4 67 0
    endloop
  endfacet
  facet normal 0 0 -1
    outer loop
      vertex 10.5358 62.2934 0
      vertex 10 62.4 0
      vertex 17.4545 67.4141 0
    endloop
  endfacet
  facet normal 0 0 -1
    outer loop
      vertex 17.6143 67.8 0
      vertex 4.34666 69.1647 0
      vertex 18.5345 73.1659 0
    endloop
  endfacet
  facet normal -0 0 -1
    outer loop
      vertex 17.4545 67.4141 0
      vertex 10 62.4 0
      vertex 4.5 68 0
    endloop
  endfacet
  facet normal 0 0 -1
    outer loop
      vertex 8.70656 61.5358 0
      vertex 3.18198 64.818 0
      vertex 3.89711 65.75 0
    endloop
  endfacet
  facet normal 0 0 -1
    outer loop
      vertex 4.34666 66.8353 0
      vertex 10 62.4 0
      vertex 9.46423 62.2934 0
    endloop
  endfacet
  facet normal -0 0 -1
    outer loop
      vertex 17.6143 67.8 0
      vertex 17.4545 67.4141 0
      vertex 4.34666 69.1647 0
    endloop
  endfacet
  facet normal 0 0 -1
    outer loop
      vertex 17.4545 67.4141 0
      vertex 4.5 68 0
      vertex 4.34666 69.1647 0
    endloop
  endfacet
  facet normal 0 0 -1
    outer loop
      vertex 17.8686 68.1314 0
      vertex 18.6944 72.78 0
      vertex 18.2 68.3856 0
    endloop
  endfacet
  facet normal 0 0 -1
    outer loop
      vertex 19 68.6 0
      vertex 19.28 72.1944 0
      vertex 19.6659 72.0345 0
    endloop
  endfacet
  facet normal 0 0 -1
    outer loop
      vertex 19.4141 68.5455 0
      vertex 19.6659 72.0345 0
      vertex 20.08 71.98 0
    endloop
  endfacet
  facet normal 0 0 -1
    outer loop
      vertex 19.8 68.3856 0
      vertex 19.4141 68.5455 0
      vertex 20.08 71.98 0
    endloop
  endfacet
  facet normal 0 0 -1
    outer loop
      vertex 20.3856 67.8 0
      vertex 20.1314 68.1314 0
      vertex 20.88 72.1944 0
    endloop
  endfacet
  facet normal 0 0 -1
    outer loop
      vertex 20.88 72.1944 0
      vertex 20.1314 68.1314 0
      vertex 20.4941 72.0345 0
    endloop
  endfacet
  facet normal 0 0 -1
    outer loop
      vertex 20.5455 67.4141 0
      vertex 20.3856 67.8 0
      vertex 21.2114 72.4486 0
    endloop
  endfacet
  facet normal 0 0 -1
    outer loop
      vertex 21.4656 72.78 0
      vertex 20.5455 67.4141 0
      vertex 21.2114 72.4486 0
    endloop
  endfacet
  facet normal 0 -0 -1
    outer loop
      vertex 21.4656 72.78 0
      vertex 30.9673 64.5237 0
      vertex 20.5455 67.4141 0
    endloop
  endfacet
  facet normal 0 0 -1
    outer loop
      vertex 20.5455 67.4141 0
      vertex 30.9673 64.5237 0
      vertex 20.6 67 0
    endloop
  endfacet
  facet normal 0 -0 -1
    outer loop
      vertex 20.6 67 0
      vertex 30.9673 64.5237 0
      vertex 20.5455 66.5859 0
    endloop
  endfacet
  facet normal 0 0 -1
    outer loop
      vertex 30.9673 64.5237 0
      vertex 20.1314 65.8686 0
      vertex 20.3856 66.2 0
    endloop
  endfacet
  facet normal -0 0 -1
    outer loop
      vertex 30.9673 64.5237 0
      vertex 30.0136 54.9865 0
      vertex 20.1314 65.8686 0
    endloop
  endfacet
  facet normal 0 0 -1
    outer loop
      vertex 20.1314 65.8686 0
      vertex 17.5 59 0
      vertex 19.8 65.6143 0
    endloop
  endfacet
  facet normal 0 0 -1
    outer loop
      vertex 19.8 65.6143 0
      vertex 17.5 59 0
      vertex 19.4141 65.4545 0
    endloop
  endfacet
  facet normal 0 0 -1
    outer loop
      vertex 17.5 59 0
      vertex 18.5859 65.4545 0
      vertex 19 65.4 0
    endloop
  endfacet
  facet normal 0 0 -1
    outer loop
      vertex -9.01004 61.9899 0
      vertex -3.89711 65.75 0
      vertex -8.70656 61.5358 0
    endloop
  endfacet
  facet normal -0 -0 -1
    outer loop
      vertex -19.4141 65.4545 0
      vertex -17.5 59 0
      vertex -19.8 65.6143 0
    endloop
  endfacet
  facet normal 0 0 -1
    outer loop
      vertex -10.5358 59.7066 0
      vertex -14.5 51 0
      vertex -14.5 59 0
    endloop
  endfacet
  facet normal 0 0 -1
    outer loop
      vertex -9.01004 61.9899 0
      vertex -9.46423 62.2934 0
      vertex -4.34666 66.8353 0
    endloop
  endfacet
  facet normal -0 0 -1
    outer loop
      vertex -11.2934 60.4642 0
      vertex -14.5 59 0
      vertex -11.4 61 0
    endloop
  endfacet
  facet normal 0 0 -1
    outer loop
      vertex -17.8686 65.8686 0
      vertex -17.6143 66.2 0
      vertex -11.2934 61.5358 0
    endloop
  endfacet
  facet normal 0 0 -1
    outer loop
      vertex -11.2934 61.5358 0
      vertex -17.6143 66.2 0
      vertex -10.9899 61.9899 0
    endloop
  endfacet
  facet normal 0 0 -1
    outer loop
      vertex -10.9899 61.9899 0
      vertex -17.6143 66.2 0
      vertex -17.4545 66.5859 0
    endloop
  endfacet
  facet normal -0 0 -1
    outer loop
      vertex -10.5358 62.2934 0
      vertex -10.9899 61.9899 0
      vertex -17.4545 66.5859 0
    endloop
  endfacet
  facet normal 0 -0 -1
    outer loop
      vertex -4.5 68 0
      vertex -4.34666 66.8353 0
      vertex -10 62.4 0
    endloop
  endfacet
  facet normal -0 0 -1
    outer loop
      vertex -3.89711 65.75 0
      vertex -9.01004 61.9899 0
      vertex -4.34666 66.8353 0
    endloop
  endfacet
  facet normal -0 0 -1
    outer loop
      vertex -3.18198 64.818 0
      vertex -8.70656 61.5358 0
      vertex -3.89711 65.75 0
    endloop
  endfacet
  facet normal 0 0 -1
    outer loop
      vertex -3.18198 64.818 0
      vertex -8.59999 61 0
      vertex -8.70656 61.5358 0
    endloop
  endfacet
  facet normal 0 0 -1
    outer loop
      vertex -2.25 64.1029 0
      vertex -8.70656 60.4642 0
      vertex -8.59999 61 0
    endloop
  endfacet
  facet normal 0 0 -1
    outer loop
      vertex -1.16467 63.6533 0
      vertex -9.01004 60.01 0
      vertex -8.70656 60.4642 0
    endloop
  endfacet
  facet normal 0 -0 -1
    outer loop
      vertex -1.16467 63.6533 0
      vertex 0 63.5 0
      vertex -9.01004 60.01 0
    endloop
  endfacet
  facet normal 0 0 -1
    outer loop
      vertex 14.5 51 0
      vertex 9.01004 60.01 0
      vertex 9.46423 59.7066 0
    endloop
  endfacet
  facet normal 0 0 -1
    outer loop
      vertex -14.5 51 0
      vertex -10.5358 59.7066 0
      vertex -10 59.6 0
    endloop
  endfacet
  facet normal 0 -0 -1
    outer loop
      vertex 17.6143 66.2 0
      vertex 17.8686 65.8686 0
      vertex 11.2934 61.5358 0
    endloop
  endfacet
  facet normal 0 0 -1
    outer loop
      vertex 0 63.5 0
      vertex 1.16467 63.6533 0
      vertex 9.01004 60.01 0
    endloop
  endfacet
  facet normal 0 0 -1
    outer loop
      vertex -14.5 51 0
      vertex -9.46423 59.7066 0
      vertex -9.01004 60.01 0
    endloop
  endfacet
  facet normal 0 0 -1
    outer loop
      vertex -14.5 51 0
      vertex -9.01004 60.01 0
      vertex 9.01004 60.01 0
    endloop
  endfacet
  facet normal 0 0 -1
    outer loop
      vertex 8.70656 60.4642 0
      vertex 1.16467 63.6533 0
      vertex 2.25 64.1029 0
    endloop
  endfacet
  facet normal 0 0 -1
    outer loop
      vertex 9.01004 60.01 0
      vertex 1.16467 63.6533 0
      vertex 8.70656 60.4642 0
    endloop
  endfacet
  facet normal 0 0 -1
    outer loop
      vertex 8.59999 61 0
      vertex 3.18198 64.818 0
      vertex 8.70656 61.5358 0
    endloop
  endfacet
  facet normal 0 0 -1
    outer loop
      vertex 8.70656 61.5358 0
      vertex 3.89711 65.75 0
      vertex 9.01004 61.9899 0
    endloop
  endfacet
  facet normal 0 0 -1
    outer loop
      vertex 9.01004 61.9899 0
      vertex 3.89711 65.75 0
      vertex 4.34666 66.8353 0
    endloop
  endfacet
  facet normal -0 0 -1
    outer loop
      vertex 9.46423 62.2934 0
      vertex 9.01004 61.9899 0
      vertex 4.34666 66.8353 0
    endloop
  endfacet
  facet normal 0 0 -1
    outer loop
      vertex 4.34666 66.8353 0
      vertex 4.5 68 0
      vertex 10 62.4 0
    endloop
  endfacet
  facet normal 0 0 -1
    outer loop
      vertex 10.5358 62.2934 0
      vertex 17.4545 66.5859 0
      vertex 10.9899 61.9899 0
    endloop
  endfacet
  facet normal 0 0 -1
    outer loop
      vertex 10.9899 61.9899 0
      vertex 17.6143 66.2 0
      vertex 11.2934 61.5358 0
    endloop
  endfacet
  facet normal 0 0 -1
    outer loop
      vertex 11.2934 61.5358 0
      vertex 17.8686 65.8686 0
      vertex 14.5 59 0
    endloop
  endfacet
  facet normal 0 0 -1
    outer loop
      vertex 11.4 61 0
      vertex 11.2934 61.5358 0
      vertex 14.5 59 0
    endloop
  endfacet
  facet normal 0 0 -1
    outer loop
      vertex 18.2 65.6143 0
      vertex 17.5 59 0
      vertex 14.5 59 0
    endloop
  endfacet
  facet normal 0 0 -1
    outer loop
      vertex 10.9899 60.01 0
      vertex 11.2934 60.4642 0
      vertex 14.5 59 0
    endloop
  endfacet
  facet normal 0 0 -1
    outer loop
      vertex 10.5358 59.7066 0
      vertex 10.9899 60.01 0
      vertex 14.5 59 0
    endloop
  endfacet
  facet normal 0 -0 -1
    outer loop
      vertex 19 65.4 0
      vertex 19.4141 65.4545 0
      vertex 17.5 59 0
    endloop
  endfacet
  facet normal 0 0 -1
    outer loop
      vertex 23.3159 39.6345 0
      vertex 23.73 39.58 0
      vertex 28 34 0
    endloop
  endfacet
  facet normal 0 0 -1
    outer loop
      vertex -14.5 51 0
      vertex 9.01004 60.01 0
      vertex 14.5 51 0
    endloop
  endfacet
  facet normal 0 0 -1
    outer loop
      vertex -25.1156 41.98 0
      vertex -31 44 0
      vertex -30.9877 44.2716 0
    endloop
  endfacet
  facet normal 0 0 -1
    outer loop
      vertex -31 37 0
      vertex -25.1156 40.38 0
      vertex -24.8614 40.0486 0
    endloop
  endfacet
  facet normal -0 -0 -1
    outer loop
      vertex -19 65.4 0
      vertex -17.5 59 0
      vertex -19.4141 65.4545 0
    endloop
  endfacet
  facet normal -0 0 -1
    outer loop
      vertex -10.9899 60.01 0
      vertex -14.5 59 0
      vertex -11.2934 60.4642 0
    endloop
  endfacet
  facet normal 0 -0 -1
    outer loop
      vertex 10.5358 59.7066 0
      vertex 14.5 51 0
      vertex 10 59.6 0
    endloop
  endfacet
  facet normal 0 0 -1
    outer loop
      vertex 24.1441 42.7255 0
      vertex 23.73 42.78 0
      vertex 30.0136 54.9865 0
    endloop
  endfacet
  facet normal 0 0 -1
    outer loop
      vertex 28 34 0
      vertex 22.93 39.7944 0
      vertex 23.3159 39.6345 0
    endloop
  endfacet
  facet normal 0 0 -1
    outer loop
      vertex 17.5 51 0
      vertex 17.5 59 0
      vertex 30.0136 54.9865 0
    endloop
  endfacet
  facet normal 0 -0 -1
    outer loop
      vertex 18.2 65.6143 0
      vertex 18.5859 65.4545 0
      vertex 17.5 59 0
    endloop
  endfacet
  facet normal 0 0 -1
    outer loop
      vertex 17.5 59 0
      vertex 20.1314 65.8686 0
      vertex 30.0136 54.9865 0
    endloop
  endfacet
  facet normal 0 0 -1
    outer loop
      vertex -22.1845 40.7659 0
      vertex -14.5 51 0
      vertex 14.5 51 0
    endloop
  endfacet
  facet normal 0 0 -1
    outer loop
      vertex -28 34 0
      vertex 22.5986 40.0486 0
      vertex 28 34 0
    endloop
  endfacet
  facet normal 0 0 -1
    outer loop
      vertex 28 34 0
      vertex 22.5986 40.0486 0
      vertex 22.93 39.7944 0
    endloop
  endfacet
  facet normal -0 0 -1
    outer loop
      vertex 22.1845 40.7659 0
      vertex -22.3443 40.38 0
      vertex -22.1845 40.7659 0
    endloop
  endfacet
  facet normal 0 0 -1
    outer loop
      vertex -22.3443 41.98 0
      vertex -14.5 51 0
      vertex -22.1845 41.5941 0
    endloop
  endfacet
  facet normal 0 0 -1
    outer loop
      vertex -22.1845 41.5941 0
      vertex -14.5 51 0
      vertex -22.13 41.18 0
    endloop
  endfacet
  facet normal 0 0 -1
    outer loop
      vertex 14.5 51 0
      vertex 22.1845 41.5941 0
      vertex 22.13 41.18 0
    endloop
  endfacet
  facet normal 0 0 -1
    outer loop
      vertex 14.5 51 0
      vertex 22.3443 41.98 0
      vertex 22.1845 41.5941 0
    endloop
  endfacet
  facet normal 0 0 -1
    outer loop
      vertex 14.5 51 0
      vertex 17.5 51 0
      vertex 22.3443 41.98 0
    endloop
  endfacet
  facet normal 0 0 -1
    outer loop
      vertex 17.5 51 0
      vertex 22.93 42.5656 0
      vertex 22.5986 42.3114 0
    endloop
  endfacet
  facet normal 0 0 -1
    outer loop
      vertex 17.5 51 0
      vertex 23.3159 42.7255 0
      vertex 22.93 42.5656 0
    endloop
  endfacet
  facet normal 0 0 -1
    outer loop
      vertex 17.5 51 0
      vertex 23.73 42.78 0
      vertex 23.3159 42.7255 0
    endloop
  endfacet
  facet normal 0 0 -1
    outer loop
      vertex 17.5 51 0
      vertex 30.0136 54.9865 0
      vertex 23.73 42.78 0
    endloop
  endfacet
  facet normal 0 -0 -1
    outer loop
      vertex 30.0136 54.9865 0
      vertex 30.9877 44.2716 0
      vertex 24.1441 42.7255 0
    endloop
  endfacet
  facet normal 0 0 -1
    outer loop
      vertex 24.1441 42.7255 0
      vertex 30.9877 44.2716 0
      vertex 24.53 42.5656 0
    endloop
  endfacet
  facet normal 0 0 -1
    outer loop
      vertex 24.53 42.5656 0
      vertex 30.9877 44.2716 0
      vertex 24.8614 42.3114 0
    endloop
  endfacet
  facet normal 0 0 -1
    outer loop
      vertex 25.1156 41.98 0
      vertex 30.9877 44.2716 0
      vertex 31 44 0
    endloop
  endfacet
  facet normal 0 0 -1
    outer loop
      vertex 24.8614 42.3114 0
      vertex 30.9877 44.2716 0
      vertex 25.1156 41.98 0
    endloop
  endfacet
  facet normal 0 0 -1
    outer loop
      vertex 25.1156 41.98 0
      vertex 31 44 0
      vertex 25.2755 41.5941 0
    endloop
  endfacet
  facet normal 0 0 -1
    outer loop
      vertex 25.2755 41.5941 0
      vertex 31 44 0
      vertex 25.33 41.18 0
    endloop
  endfacet
  facet normal 0 0 -1
    outer loop
      vertex 25.33 41.18 0
      vertex 31 44 0
      vertex 31 37 0
    endloop
  endfacet
  facet normal 0 -0 -1
    outer loop
      vertex 25.2755 40.7659 0
      vertex 31 37 0
      vertex 25.1156 40.38 0
    endloop
  endfacet
  facet normal 0 -0 -1
    outer loop
      vertex 25.1156 40.38 0
      vertex 31 37 0
      vertex 24.8614 40.0486 0
    endloop
  endfacet
  facet normal 0 0 -1
    outer loop
      vertex 24.8614 40.0486 0
      vertex 31 37 0
      vertex 28 34 0
    endloop
  endfacet
  facet normal 0 0 -1
    outer loop
      vertex 24.53 39.7944 0
      vertex 24.8614 40.0486 0
      vertex 28 34 0
    endloop
  endfacet
  facet normal 0 0 -1
    outer loop
      vertex 23.73 39.58 0
      vertex 24.1441 39.6345 0
      vertex 28 34 0
    endloop
  endfacet
  facet normal 0 0 -1
    outer loop
      vertex 24.1441 39.6345 0
      vertex 24.53 39.7944 0
      vertex 28 34 0
    endloop
  endfacet
  facet normal 0 0 -1
    outer loop
      vertex -23.73 42.78 0
      vertex -30.0136 54.9865 0
      vertex -17.5 51 0
    endloop
  endfacet
  facet normal 0 -0 -1
    outer loop
      vertex -25.2755 40.7659 0
      vertex -25.1156 40.38 0
      vertex -31 37 0
    endloop
  endfacet
  facet normal 0 -0 -1
    outer loop
      vertex -24.53 39.7944 0
      vertex -24.1441 39.6345 0
      vertex -28 34 0
    endloop
  endfacet
  facet normal 0 -0 -1
    outer loop
      vertex -30.0136 54.9865 0
      vertex -24.1441 42.7255 0
      vertex -30.9877 44.2716 0
    endloop
  endfacet
  facet normal 0 -0 -1
    outer loop
      vertex -24.8614 40.0486 0
      vertex -24.53 39.7944 0
      vertex -28 34 0
    endloop
  endfacet
  facet normal 0 -0 -1
    outer loop
      vertex -25.33 41.18 0
      vertex -25.2755 40.7659 0
      vertex -31 37 0
    endloop
  endfacet
  facet normal 0 0 -1
    outer loop
      vertex -31 44 0
      vertex -25.33 41.18 0
      vertex -31 37 0
    endloop
  endfacet
  facet normal 0 0 -1
    outer loop
      vertex -31 44 0
      vertex -25.2755 41.5941 0
      vertex -25.33 41.18 0
    endloop
  endfacet
  facet normal 0 0 -1
    outer loop
      vertex -31 44 0
      vertex -25.1156 41.98 0
      vertex -25.2755 41.5941 0
    endloop
  endfacet
  facet normal 0 0 -1
    outer loop
      vertex -30.9877 44.2716 0
      vertex -24.8614 42.3114 0
      vertex -25.1156 41.98 0
    endloop
  endfacet
  facet normal 0 0 -1
    outer loop
      vertex -30.9877 44.2716 0
      vertex -24.53 42.5656 0
      vertex -24.8614 42.3114 0
    endloop
  endfacet
  facet normal 0 0 -1
    outer loop
      vertex -30.9877 44.2716 0
      vertex -24.1441 42.7255 0
      vertex -24.53 42.5656 0
    endloop
  endfacet
  facet normal 0 0 -1
    outer loop
      vertex -30.0136 54.9865 0
      vertex -23.73 42.78 0
      vertex -24.1441 42.7255 0
    endloop
  endfacet
  facet normal 0 0 -1
    outer loop
      vertex -17.5 51 0
      vertex -23.3159 42.7255 0
      vertex -23.73 42.78 0
    endloop
  endfacet
  facet normal 0 0 -1
    outer loop
      vertex -17.5 51 0
      vertex -22.93 42.5656 0
      vertex -23.3159 42.7255 0
    endloop
  endfacet
  facet normal 0 0 -1
    outer loop
      vertex -17.5 51 0
      vertex -22.5986 42.3114 0
      vertex -22.93 42.5656 0
    endloop
  endfacet
  facet normal 0 0 -1
    outer loop
      vertex -17.5 51 0
      vertex -22.3443 41.98 0
      vertex -22.5986 42.3114 0
    endloop
  endfacet
  facet normal 0 -0 -1
    outer loop
      vertex -17.5 51 0
      vertex -14.5 51 0
      vertex -22.3443 41.98 0
    endloop
  endfacet
  facet normal 0 0 -1
    outer loop
      vertex -22.1845 40.7659 0
      vertex -22.13 41.18 0
      vertex -14.5 51 0
    endloop
  endfacet
  facet normal 0 0 -1
    outer loop
      vertex 22.1845 40.7659 0
      vertex -22.1845 40.7659 0
      vertex 14.5 51 0
    endloop
  endfacet
  facet normal 0 0 -1
    outer loop
      vertex 22.3443 40.38 0
      vertex -22.3443 40.38 0
      vertex 22.1845 40.7659 0
    endloop
  endfacet
  facet normal 0 0 -1
    outer loop
      vertex -22.5986 40.0486 0
      vertex -28 34 0
      vertex -22.93 39.7944 0
    endloop
  endfacet
  facet normal 0 0 -1
    outer loop
      vertex -22.5986 40.0486 0
      vertex -22.3443 40.38 0
      vertex 22.3443 40.38 0
    endloop
  endfacet
  facet normal 0 0 -1
    outer loop
      vertex 22.5986 40.0486 0
      vertex -22.5986 40.0486 0
      vertex 22.3443 40.38 0
    endloop
  endfacet
  facet normal 0 0 -1
    outer loop
      vertex -22.93 39.7944 0
      vertex -28 34 0
      vertex -23.3159 39.6345 0
    endloop
  endfacet
  facet normal 0 0 -1
    outer loop
      vertex -23.3159 39.6345 0
      vertex -28 34 0
      vertex -23.73 39.58 0
    endloop
  endfacet
  facet normal 0 0 1
    outer loop
      vertex 28 34 2.5
      vertex 29.7634 34.573 2.5
      vertex 31 37 2.5
    endloop
  endfacet
  facet normal 0 0 1
    outer loop
      vertex 22.1845 40.7659 2.5
      vertex 22.13 41.18 2.5
      vertex 14.5 51 2.5
    endloop
  endfacet
  facet normal 0 0 1
    outer loop
      vertex 14.5 59 2.5
      vertex 10.5358 59.7066 2.5
      vertex 14.5 51 2.5
    endloop
  endfacet
  facet normal 0 0 1
    outer loop
      vertex -3.03108 84.25 2.5
      vertex -3.38074 85.0941 2.5
      vertex -10 89.6 2.5
    endloop
  endfacet
  facet normal 0 0 1
    outer loop
      vertex 27.8741 98.3426 2.5
      vertex 26.2301 98.9912 2.5
      vertex 11.2934 90.4642 2.5
    endloop
  endfacet
  facet normal 0 0 1
    outer loop
      vertex 27.8741 98.3426 2.5
      vertex 34.9592 86.4932 2.5
      vertex 32.8741 94.3426 2.5
    endloop
  endfacet
  facet normal 0 0 1
    outer loop
      vertex 10.9899 90.01 2.5
      vertex 19.6659 75.1255 2.5
      vertex 20.08 75.18 2.5
    endloop
  endfacet
  facet normal 0 0 1
    outer loop
      vertex 34.9592 86.4932 2.5
      vertex 33.9592 92.4932 2.5
      vertex 32.8741 94.3426 2.5
    endloop
  endfacet
  facet normal 0 0 1
    outer loop
      vertex 26.2301 98.9912 2.5
      vertex 11.2934 91.5358 2.5
      vertex 11.4 91 2.5
    endloop
  endfacet
  facet normal -0 0 1
    outer loop
      vertex 10.9899 91.9899 2.5
      vertex 11.2934 91.5358 2.5
      vertex 26.2301 98.9912 2.5
    endloop
  endfacet
  facet normal 0 0 1
    outer loop
      vertex -9.01004 90.01 2.5
      vertex -3.5 86 2.5
      vertex -3.38074 86.9059 2.5
    endloop
  endfacet
  facet normal -0 0 1
    outer loop
      vertex -9.46423 92.2934 2.5
      vertex -9.01004 91.9899 2.5
      vertex -0.230087 100.991 2.5
    endloop
  endfacet
  facet normal 0 0 1
    outer loop
      vertex -2.47487 83.5251 2.5
      vertex -3.03108 84.25 2.5
      vertex -18.6944 74.38 2.5
    endloop
  endfacet
  facet normal -0 0 1
    outer loop
      vertex -32.8741 94.3426 2.5
      vertex -34.9592 86.4932 2.5
      vertex -27.8741 98.3426 2.5
    endloop
  endfacet
  facet normal -0 0 1
    outer loop
      vertex -33.9592 92.4932 2.5
      vertex -34.9592 86.4932 2.5
      vertex -32.8741 94.3426 2.5
    endloop
  endfacet
  facet normal 0 0 1
    outer loop
      vertex -21.6255 73.9941 2.5
      vertex -32.8484 72.9886 2.5
      vertex -21.68 73.58 2.5
    endloop
  endfacet
  facet normal 0 0 1
    outer loop
      vertex -20.6 67 2.5
      vertex -30.9673 64.5237 2.5
      vertex -20.5455 66.5859 2.5
    endloop
  endfacet
  facet normal 0 0 1
    outer loop
      vertex -11.2934 61.5358 2.5
      vertex -14.5 59 2.5
      vertex -11.4 61 2.5
    endloop
  endfacet
  facet normal 0 0 1
    outer loop
      vertex -20.4941 75.1255 2.5
      vertex -35 86 2.5
      vertex -20.88 74.9656 2.5
    endloop
  endfacet
  facet normal -0 0 1
    outer loop
      vertex -35 86 2.5
      vertex -20.4941 75.1255 2.5
      vertex -34.9592 86.4932 2.5
    endloop
  endfacet
  facet normal 0 -0 1
    outer loop
      vertex -10.9899 91.9899 2.5
      vertex -10.5358 92.2934 2.5
      vertex -26.2301 98.9912 2.5
    endloop
  endfacet
  facet normal -0 0 1
    outer loop
      vertex 2.47487 83.5251 2.5
      vertex 18.6944 74.38 2.5
      vertex 3.03108 84.25 2.5
    endloop
  endfacet
  facet normal 0 0 1
    outer loop
      vertex 9.01004 90.01 2.5
      vertex 3.38074 86.9059 2.5
      vertex 3.5 86 2.5
    endloop
  endfacet
  facet normal 0 -0 1
    outer loop
      vertex -3.18198 71.182 2.5
      vertex -2.47487 83.5251 2.5
      vertex -18.5345 73.9941 2.5
    endloop
  endfacet
  facet normal 0 0 1
    outer loop
      vertex 18.2 65.6143 2.5
      vertex 17.8686 65.8686 2.5
      vertex 14.5 59 2.5
    endloop
  endfacet
  facet normal 0 0 1
    outer loop
      vertex -1.16467 63.6533 2.5
      vertex -2.25 64.1029 2.5
      vertex -8.70656 60.4642 2.5
    endloop
  endfacet
  facet normal -0 0 1
    outer loop
      vertex -22.5986 40.0486 2.5
      vertex -28 34 2.5
      vertex 22.5986 40.0486 2.5
    endloop
  endfacet
  facet normal 0 0 1
    outer loop
      vertex -31 37 2.5
      vertex -30.427 35.2366 2.5
      vertex -28 34 2.5
    endloop
  endfacet
  facet normal 0 0 1
    outer loop
      vertex -24.1441 39.6345 2.5
      vertex -28 34 2.5
      vertex -23.73 39.58 2.5
    endloop
  endfacet
  facet normal 0 0 1
    outer loop
      vertex -14.5 51 2.5
      vertex -9.46423 59.7066 2.5
      vertex -10 59.6 2.5
    endloop
  endfacet
  facet normal 0 -0 1
    outer loop
      vertex 4.34666 69.1647 2.5
      vertex 18.48 73.58 2.5
      vertex 3.89711 70.25 2.5
    endloop
  endfacet
  facet normal 0 0 1
    outer loop
      vertex -21.4656 74.38 2.5
      vertex -34.6833 76.6584 2.5
      vertex -32.8484 72.9886 2.5
    endloop
  endfacet
  facet normal 0 0 1
    outer loop
      vertex -21.68 73.58 2.5
      vertex -32.8484 72.9886 2.5
      vertex -21.6255 73.1659 2.5
    endloop
  endfacet
  facet normal 0 0 1
    outer loop
      vertex -27.8741 98.3426 2.5
      vertex -34.9592 86.4932 2.5
      vertex -11.2934 90.4642 2.5
    endloop
  endfacet
  facet normal -0 0 1
    outer loop
      vertex -27.8741 98.3426 2.5
      vertex -11.2934 90.4642 2.5
      vertex -26.2301 98.9912 2.5
    endloop
  endfacet
  facet normal 0 0 1
    outer loop
      vertex -11.2934 90.4642 2.5
      vertex -11.4 91 2.5
      vertex -26.2301 98.9912 2.5
    endloop
  endfacet
  facet normal 0 -0 1
    outer loop
      vertex -11.4 91 2.5
      vertex -11.2934 91.5358 2.5
      vertex -26.2301 98.9912 2.5
    endloop
  endfacet
  facet normal 0 -0 1
    outer loop
      vertex -11.2934 91.5358 2.5
      vertex -10.9899 91.9899 2.5
      vertex -26.2301 98.9912 2.5
    endloop
  endfacet
  facet normal -0 0 1
    outer loop
      vertex -26.2301 98.9912 2.5
      vertex -10.5358 92.2934 2.5
      vertex -0.230087 100.991 2.5
    endloop
  endfacet
  facet normal 0 0 1
    outer loop
      vertex -10.5358 92.2934 2.5
      vertex -10 92.4 2.5
      vertex -0.230087 100.991 2.5
    endloop
  endfacet
  facet normal -0 0 1
    outer loop
      vertex -10 92.4 2.5
      vertex -9.46423 92.2934 2.5
      vertex -0.230087 100.991 2.5
    endloop
  endfacet
  facet normal 0 0 1
    outer loop
      vertex -0.230087 100.991 2.5
      vertex -9.01004 91.9899 2.5
      vertex -8.70656 91.5358 2.5
    endloop
  endfacet
  facet normal 0 0 1
    outer loop
      vertex -8.70656 90.4642 2.5
      vertex -3.38074 86.9059 2.5
      vertex -3.03108 87.75 2.5
    endloop
  endfacet
  facet normal 0 0 1
    outer loop
      vertex 18.9486 72.4486 2.5
      vertex 18.2 68.3856 2.5
      vertex 18.5859 68.5455 2.5
    endloop
  endfacet
  facet normal -0 0 1
    outer loop
      vertex 3.38074 85.0941 2.5
      vertex 3.03108 84.25 2.5
      vertex 10 89.6 2.5
    endloop
  endfacet
  facet normal 0 0 1
    outer loop
      vertex -1.16467 72.3467 2.5
      vertex -1.75 82.9689 2.5
      vertex -2.25 71.8971 2.5
    endloop
  endfacet
  facet normal 0 -0 1
    outer loop
      vertex 8.59999 91 2.5
      vertex 8.70656 91.5358 2.5
      vertex 1.75 89.0311 2.5
    endloop
  endfacet
  facet normal 0 0 1
    outer loop
      vertex 0.230087 100.991 2.5
      vertex 0.905853 89.3807 2.5
      vertex 8.70656 91.5358 2.5
    endloop
  endfacet
  facet normal -0 -0 1
    outer loop
      vertex 10 92.4 2.5
      vertex 10.5358 92.2934 2.5
      vertex 0.230087 100.991 2.5
    endloop
  endfacet
  facet normal -0 0 1
    outer loop
      vertex -10 89.6 2.5
      vertex -3.38074 85.0941 2.5
      vertex -9.46423 89.7066 2.5
    endloop
  endfacet
  facet normal 0 0 1
    outer loop
      vertex -3.5 86 2.5
      vertex -9.46423 89.7066 2.5
      vertex -3.38074 85.0941 2.5
    endloop
  endfacet
  facet normal 0 0 1
    outer loop
      vertex -8.59999 91 2.5
      vertex -2.47487 88.4749 2.5
      vertex -1.75 89.0311 2.5
    endloop
  endfacet
  facet normal 0 0 1
    outer loop
      vertex 0.230087 100.991 2.5
      vertex 8.70656 91.5358 2.5
      vertex 9.01004 91.9899 2.5
    endloop
  endfacet
  facet normal 0 0 1
    outer loop
      vertex 0.230087 100.991 2.5
      vertex 9.46423 92.2934 2.5
      vertex 10 92.4 2.5
    endloop
  endfacet
  facet normal 0 0 1
    outer loop
      vertex 0.230087 100.991 2.5
      vertex 9.01004 91.9899 2.5
      vertex 9.46423 92.2934 2.5
    endloop
  endfacet
  facet normal 0 -0 1
    outer loop
      vertex 10.5358 92.2934 2.5
      vertex 26.2301 98.9912 2.5
      vertex 0.230087 100.991 2.5
    endloop
  endfacet
  facet normal 0 -0 1
    outer loop
      vertex 10.9899 91.9899 2.5
      vertex 26.2301 98.9912 2.5
      vertex 10.5358 92.2934 2.5
    endloop
  endfacet
  facet normal 0 0 1
    outer loop
      vertex 26.2301 98.9912 2.5
      vertex 11.4 91 2.5
      vertex 11.2934 90.4642 2.5
    endloop
  endfacet
  facet normal 0 0 1
    outer loop
      vertex 27.8741 98.3426 2.5
      vertex 11.2934 90.4642 2.5
      vertex 34.9592 86.4932 2.5
    endloop
  endfacet
  facet normal 0 -0 1
    outer loop
      vertex 18.6944 74.38 2.5
      vertex 18.9486 74.7114 2.5
      vertex 3.03108 84.25 2.5
    endloop
  endfacet
  facet normal 0 0 1
    outer loop
      vertex 2.47487 83.5251 2.5
      vertex 18.5345 73.9941 2.5
      vertex 18.6944 74.38 2.5
    endloop
  endfacet
  facet normal 0 0 1
    outer loop
      vertex 10 89.6 2.5
      vertex 9.46423 89.7066 2.5
      vertex 3.38074 85.0941 2.5
    endloop
  endfacet
  facet normal 0 0 1
    outer loop
      vertex 3.03108 87.75 2.5
      vertex 8.70656 90.4642 2.5
      vertex 8.59999 91 2.5
    endloop
  endfacet
  facet normal 0 -0 1
    outer loop
      vertex -20.4941 75.1255 2.5
      vertex -11.2934 90.4642 2.5
      vertex -34.9592 86.4932 2.5
    endloop
  endfacet
  facet normal 0 0 1
    outer loop
      vertex 18.5345 73.9941 2.5
      vertex 2.47487 83.5251 2.5
      vertex 3.18198 71.182 2.5
    endloop
  endfacet
  facet normal 0 -0 1
    outer loop
      vertex -17.5 51 2.5
      vertex -17.5 59 2.5
      vertex -30.0136 54.9865 2.5
    endloop
  endfacet
  facet normal 0 0 1
    outer loop
      vertex -10.5358 89.7066 2.5
      vertex -18.9486 74.7114 2.5
      vertex -10 89.6 2.5
    endloop
  endfacet
  facet normal 0 0 1
    outer loop
      vertex 0.905853 89.3807 2.5
      vertex 0.230087 100.991 2.5
      vertex 0 89.5 2.5
    endloop
  endfacet
  facet normal -0 0 1
    outer loop
      vertex -9.46423 89.7066 2.5
      vertex -3.5 86 2.5
      vertex -9.01004 90.01 2.5
    endloop
  endfacet
  facet normal -0 0 1
    outer loop
      vertex -9.01004 90.01 2.5
      vertex -3.38074 86.9059 2.5
      vertex -8.70656 90.4642 2.5
    endloop
  endfacet
  facet normal -0 0 1
    outer loop
      vertex -8.70656 90.4642 2.5
      vertex -3.03108 87.75 2.5
      vertex -8.59999 91 2.5
    endloop
  endfacet
  facet normal 0 -0 1
    outer loop
      vertex -3.03108 87.75 2.5
      vertex -2.47487 88.4749 2.5
      vertex -8.59999 91 2.5
    endloop
  endfacet
  facet normal -0 -0 1
    outer loop
      vertex -8.59999 91 2.5
      vertex -1.75 89.0311 2.5
      vertex -8.70656 91.5358 2.5
    endloop
  endfacet
  facet normal 0 -0 1
    outer loop
      vertex -1.75 89.0311 2.5
      vertex -0.905853 89.3807 2.5
      vertex -8.70656 91.5358 2.5
    endloop
  endfacet
  facet normal 0 -0 1
    outer loop
      vertex -0.905853 89.3807 2.5
      vertex -0.230087 100.991 2.5
      vertex -8.70656 91.5358 2.5
    endloop
  endfacet
  facet normal 0 0 1
    outer loop
      vertex 0.230087 100.991 2.5
      vertex -0.230087 100.991 2.5
      vertex 0 89.5 2.5
    endloop
  endfacet
  facet normal 0 0 1
    outer loop
      vertex 0 89.5 2.5
      vertex -0.230087 100.991 2.5
      vertex -0.905853 89.3807 2.5
    endloop
  endfacet
  facet normal -0 0 1
    outer loop
      vertex 0.905853 89.3807 2.5
      vertex 1.75 89.0311 2.5
      vertex 8.70656 91.5358 2.5
    endloop
  endfacet
  facet normal 0 -0 1
    outer loop
      vertex 2.47487 88.4749 2.5
      vertex 8.59999 91 2.5
      vertex 1.75 89.0311 2.5
    endloop
  endfacet
  facet normal 0 -0 1
    outer loop
      vertex 3.03108 87.75 2.5
      vertex 8.59999 91 2.5
      vertex 2.47487 88.4749 2.5
    endloop
  endfacet
  facet normal 0 -0 1
    outer loop
      vertex 3.38074 86.9059 2.5
      vertex 8.70656 90.4642 2.5
      vertex 3.03108 87.75 2.5
    endloop
  endfacet
  facet normal 0 0 1
    outer loop
      vertex 9.01004 90.01 2.5
      vertex 8.70656 90.4642 2.5
      vertex 3.38074 86.9059 2.5
    endloop
  endfacet
  facet normal 0 0 1
    outer loop
      vertex 9.46423 89.7066 2.5
      vertex 9.01004 90.01 2.5
      vertex 3.5 86 2.5
    endloop
  endfacet
  facet normal 0 0 1
    outer loop
      vertex 9.46423 89.7066 2.5
      vertex 3.5 86 2.5
      vertex 3.38074 85.0941 2.5
    endloop
  endfacet
  facet normal -0 0 1
    outer loop
      vertex 0.905853 82.6192 2.5
      vertex 1.16467 72.3467 2.5
      vertex 1.75 82.9689 2.5
    endloop
  endfacet
  facet normal 0 0 1
    outer loop
      vertex 2.47487 83.5251 2.5
      vertex 2.25 71.8971 2.5
      vertex 3.18198 71.182 2.5
    endloop
  endfacet
  facet normal 0 0 1
    outer loop
      vertex -1.75 82.9689 2.5
      vertex -2.47487 83.5251 2.5
      vertex -2.25 71.8971 2.5
    endloop
  endfacet
  facet normal 0 0 1
    outer loop
      vertex 20.4941 72.0345 2.5
      vertex 19.8 68.3856 2.5
      vertex 20.1314 68.1314 2.5
    endloop
  endfacet
  facet normal 0 0 1
    outer loop
      vertex 32.8484 72.9886 2.5
      vertex 21.4656 74.38 2.5
      vertex 21.6255 73.9941 2.5
    endloop
  endfacet
  facet normal 0 0 1
    outer loop
      vertex 35 86 2.5
      vertex 20.88 74.9656 2.5
      vertex 21.2114 74.7114 2.5
    endloop
  endfacet
  facet normal 0 0 1
    outer loop
      vertex 8.70656 60.4642 2.5
      vertex 8.59999 61 2.5
      vertex 2.25 64.1029 2.5
    endloop
  endfacet
  facet normal 0 0 1
    outer loop
      vertex 35 78 2.5
      vertex 21.2114 74.7114 2.5
      vertex 21.4656 74.38 2.5
    endloop
  endfacet
  facet normal -0 0 1
    outer loop
      vertex 2.25 64.1029 2.5
      vertex 8.59999 61 2.5
      vertex 3.18198 64.818 2.5
    endloop
  endfacet
  facet normal 0 0 1
    outer loop
      vertex 1.16467 72.3467 2.5
      vertex 0.905853 82.6192 2.5
      vertex 0 72.5 2.5
    endloop
  endfacet
  facet normal 0 0 1
    outer loop
      vertex 18.9486 74.7114 2.5
      vertex 10 89.6 2.5
      vertex 3.03108 84.25 2.5
    endloop
  endfacet
  facet normal -0 0 1
    outer loop
      vertex 10.9899 90.01 2.5
      vertex 20.08 75.18 2.5
      vertex 11.2934 90.4642 2.5
    endloop
  endfacet
  facet normal 0 0 1
    outer loop
      vertex 18.9486 74.7114 2.5
      vertex 10.5358 89.7066 2.5
      vertex 10 89.6 2.5
    endloop
  endfacet
  facet normal 0 0 1
    outer loop
      vertex 19.28 74.9656 2.5
      vertex 10.5358 89.7066 2.5
      vertex 18.9486 74.7114 2.5
    endloop
  endfacet
  facet normal 0 0 1
    outer loop
      vertex 10.9899 90.01 2.5
      vertex 10.5358 89.7066 2.5
      vertex 19.28 74.9656 2.5
    endloop
  endfacet
  facet normal 0 0 1
    outer loop
      vertex 10.9899 90.01 2.5
      vertex 19.28 74.9656 2.5
      vertex 19.6659 75.1255 2.5
    endloop
  endfacet
  facet normal 0 -0 1
    outer loop
      vertex 20.4941 75.1255 2.5
      vertex 34.9592 86.4932 2.5
      vertex 11.2934 90.4642 2.5
    endloop
  endfacet
  facet normal -0 -0 1
    outer loop
      vertex 20.08 75.18 2.5
      vertex 20.4941 75.1255 2.5
      vertex 11.2934 90.4642 2.5
    endloop
  endfacet
  facet normal 0 -0 1
    outer loop
      vertex 20.88 74.9656 2.5
      vertex 35 86 2.5
      vertex 20.4941 75.1255 2.5
    endloop
  endfacet
  facet normal 0 0 1
    outer loop
      vertex 20.4941 75.1255 2.5
      vertex 35 86 2.5
      vertex 34.9592 86.4932 2.5
    endloop
  endfacet
  facet normal 0 0 1
    outer loop
      vertex 35 86 2.5
      vertex 21.2114 74.7114 2.5
      vertex 35 78 2.5
    endloop
  endfacet
  facet normal 0 0 1
    outer loop
      vertex 35 78 2.5
      vertex 21.4656 74.38 2.5
      vertex 34.6833 76.6584 2.5
    endloop
  endfacet
  facet normal -0 0 1
    outer loop
      vertex 21.4656 74.38 2.5
      vertex 32.8484 72.9886 2.5
      vertex 34.6833 76.6584 2.5
    endloop
  endfacet
  facet normal 0 0 1
    outer loop
      vertex 21.6255 73.9941 2.5
      vertex 21.68 73.58 2.5
      vertex 32.8484 72.9886 2.5
    endloop
  endfacet
  facet normal 0 0 1
    outer loop
      vertex 21.68 73.58 2.5
      vertex 21.6255 73.1659 2.5
      vertex 32.8484 72.9886 2.5
    endloop
  endfacet
  facet normal 0 0 1
    outer loop
      vertex 21.6255 73.1659 2.5
      vertex 21.4656 72.78 2.5
      vertex 32.8484 72.9886 2.5
    endloop
  endfacet
  facet normal -0 0 1
    outer loop
      vertex 21.4656 72.78 2.5
      vertex 30.9673 64.5237 2.5
      vertex 32.8484 72.9886 2.5
    endloop
  endfacet
  facet normal 0 0 1
    outer loop
      vertex 21.2114 72.4486 2.5
      vertex 20.88 72.1944 2.5
      vertex 20.3856 67.8 2.5
    endloop
  endfacet
  facet normal 0 0 1
    outer loop
      vertex 19.8 68.3856 2.5
      vertex 20.4941 72.0345 2.5
      vertex 20.08 71.98 2.5
    endloop
  endfacet
  facet normal -0 0 1
    outer loop
      vertex 19 68.6 2.5
      vertex 19.4141 68.5455 2.5
      vertex 19.6659 72.0345 2.5
    endloop
  endfacet
  facet normal 0 0 1
    outer loop
      vertex 18.9486 72.4486 2.5
      vertex 18.5859 68.5455 2.5
      vertex 19.28 72.1944 2.5
    endloop
  endfacet
  facet normal 0 0 1
    outer loop
      vertex -10.9899 90.01 2.5
      vertex -19.6659 75.1255 2.5
      vertex -19.28 74.9656 2.5
    endloop
  endfacet
  facet normal 0 -0 1
    outer loop
      vertex -20.5455 67.4141 2.5
      vertex -20.3856 67.8 2.5
      vertex -21.2114 72.4486 2.5
    endloop
  endfacet
  facet normal 0 0 1
    outer loop
      vertex -21.2114 72.4486 2.5
      vertex -21.4656 72.78 2.5
      vertex -20.5455 67.4141 2.5
    endloop
  endfacet
  facet normal 0 0 1
    outer loop
      vertex -19.28 74.9656 2.5
      vertex -10.5358 89.7066 2.5
      vertex -10.9899 90.01 2.5
    endloop
  endfacet
  facet normal 0 0 1
    outer loop
      vertex -21.4656 72.78 2.5
      vertex -32.8484 72.9886 2.5
      vertex -30.9673 64.5237 2.5
    endloop
  endfacet
  facet normal 0 0 1
    outer loop
      vertex -21.6255 73.1659 2.5
      vertex -32.8484 72.9886 2.5
      vertex -21.4656 72.78 2.5
    endloop
  endfacet
  facet normal 0 0 1
    outer loop
      vertex -21.4656 74.38 2.5
      vertex -32.8484 72.9886 2.5
      vertex -21.6255 73.9941 2.5
    endloop
  endfacet
  facet normal 0 0 1
    outer loop
      vertex -35 78 2.5
      vertex -34.6833 76.6584 2.5
      vertex -21.4656 74.38 2.5
    endloop
  endfacet
  facet normal 0 0 1
    outer loop
      vertex -35 78 2.5
      vertex -21.4656 74.38 2.5
      vertex -21.2114 74.7114 2.5
    endloop
  endfacet
  facet normal -0 0 1
    outer loop
      vertex -35 78 2.5
      vertex -21.2114 74.7114 2.5
      vertex -35 86 2.5
    endloop
  endfacet
  facet normal 0 -0 1
    outer loop
      vertex -21.2114 74.7114 2.5
      vertex -20.88 74.9656 2.5
      vertex -35 86 2.5
    endloop
  endfacet
  facet normal 0 0 1
    outer loop
      vertex -11.2934 90.4642 2.5
      vertex -20.4941 75.1255 2.5
      vertex -20.08 75.18 2.5
    endloop
  endfacet
  facet normal -0 0 1
    outer loop
      vertex -20.08 75.18 2.5
      vertex -19.6659 75.1255 2.5
      vertex -10.9899 90.01 2.5
    endloop
  endfacet
  facet normal 0 0 1
    outer loop
      vertex -11.2934 90.4642 2.5
      vertex -20.08 75.18 2.5
      vertex -10.9899 90.01 2.5
    endloop
  endfacet
  facet normal 0 -0 1
    outer loop
      vertex -18.9486 74.7114 2.5
      vertex -10.5358 89.7066 2.5
      vertex -19.28 74.9656 2.5
    endloop
  endfacet
  facet normal 0 0 1
    outer loop
      vertex -3.03108 84.25 2.5
      vertex -10 89.6 2.5
      vertex -18.9486 74.7114 2.5
    endloop
  endfacet
  facet normal 0 0 1
    outer loop
      vertex -3.03108 84.25 2.5
      vertex -18.9486 74.7114 2.5
      vertex -18.6944 74.38 2.5
    endloop
  endfacet
  facet normal 0 0 1
    outer loop
      vertex -2.47487 83.5251 2.5
      vertex -18.6944 74.38 2.5
      vertex -18.5345 73.9941 2.5
    endloop
  endfacet
  facet normal -0 -0 1
    outer loop
      vertex -18.5859 68.5455 2.5
      vertex -18.2 68.3856 2.5
      vertex -18.9486 72.4486 2.5
    endloop
  endfacet
  facet normal 0 0 1
    outer loop
      vertex -19.4141 68.5455 2.5
      vertex -20.08 71.98 2.5
      vertex -19.8 68.3856 2.5
    endloop
  endfacet
  facet normal 0 0 1
    outer loop
      vertex -18.5345 73.1659 2.5
      vertex -17.8686 68.1314 2.5
      vertex -17.6143 67.8 2.5
    endloop
  endfacet
  facet normal 0 0 1
    outer loop
      vertex -2.47487 83.5251 2.5
      vertex -3.18198 71.182 2.5
      vertex -2.25 71.8971 2.5
    endloop
  endfacet
  facet normal -0 0 1
    outer loop
      vertex -17.4545 66.5859 2.5
      vertex -10.5358 62.2934 2.5
      vertex -17.4 67 2.5
    endloop
  endfacet
  facet normal 0 0 1
    outer loop
      vertex -20.4941 72.0345 2.5
      vertex -20.1314 68.1314 2.5
      vertex -19.8 68.3856 2.5
    endloop
  endfacet
  facet normal 0 0 1
    outer loop
      vertex -17.8686 65.8686 2.5
      vertex -18.2 65.6143 2.5
      vertex -14.5 59 2.5
    endloop
  endfacet
  facet normal 0 0 1
    outer loop
      vertex 25.33 41.18 2.5
      vertex 25.2755 40.7659 2.5
      vertex 31 37 2.5
    endloop
  endfacet
  facet normal 0 0 1
    outer loop
      vertex -21.2114 72.4486 2.5
      vertex -20.3856 67.8 2.5
      vertex -20.88 72.1944 2.5
    endloop
  endfacet
  facet normal 0 0 1
    outer loop
      vertex -2.25 64.1029 2.5
      vertex -3.18198 64.818 2.5
      vertex -8.59999 61 2.5
    endloop
  endfacet
  facet normal 0 0 1
    outer loop
      vertex 17.6143 67.8 2.5
      vertex 17.8686 68.1314 2.5
      vertex 18.5345 73.1659 2.5
    endloop
  endfacet
  facet normal -0 0 1
    outer loop
      vertex -19 65.4 2.5
      vertex -17.5 59 2.5
      vertex -18.5859 65.4545 2.5
    endloop
  endfacet
  facet normal 0 0 1
    outer loop
      vertex -11.2934 61.5358 2.5
      vertex -17.8686 65.8686 2.5
      vertex -14.5 59 2.5
    endloop
  endfacet
  facet normal 0 0 1
    outer loop
      vertex -19 68.6 2.5
      vertex -19.28 72.1944 2.5
      vertex -19.6659 72.0345 2.5
    endloop
  endfacet
  facet normal 0 0 1
    outer loop
      vertex -18.6944 72.78 2.5
      vertex -18.9486 72.4486 2.5
      vertex -18.2 68.3856 2.5
    endloop
  endfacet
  facet normal 0 0 1
    outer loop
      vertex -3.89711 70.25 2.5
      vertex -18.48 73.58 2.5
      vertex -4.34666 69.1647 2.5
    endloop
  endfacet
  facet normal 0 0 1
    outer loop
      vertex -4.34666 69.1647 2.5
      vertex -18.48 73.58 2.5
      vertex -18.5345 73.1659 2.5
    endloop
  endfacet
  facet normal 0 0 1
    outer loop
      vertex -3.18198 71.182 2.5
      vertex -18.5345 73.9941 2.5
      vertex -3.89711 70.25 2.5
    endloop
  endfacet
  facet normal 0 0 1
    outer loop
      vertex -3.89711 70.25 2.5
      vertex -18.5345 73.9941 2.5
      vertex -18.48 73.58 2.5
    endloop
  endfacet
  facet normal 0 0 1
    outer loop
      vertex -0.905853 82.6192 2.5
      vertex -1.75 82.9689 2.5
      vertex -1.16467 72.3467 2.5
    endloop
  endfacet
  facet normal 0 0 1
    outer loop
      vertex -0.905853 82.6192 2.5
      vertex -1.16467 72.3467 2.5
      vertex 0 72.5 2.5
    endloop
  endfacet
  facet normal 0 0 1
    outer loop
      vertex -0.905853 82.6192 2.5
      vertex 0 72.5 2.5
      vertex 0 82.5 2.5
    endloop
  endfacet
  facet normal 0 -0 1
    outer loop
      vertex 2.25 71.8971 2.5
      vertex 2.47487 83.5251 2.5
      vertex 1.75 82.9689 2.5
    endloop
  endfacet
  facet normal 0 0 1
    outer loop
      vertex 0 72.5 2.5
      vertex 0.905853 82.6192 2.5
      vertex 0 82.5 2.5
    endloop
  endfacet
  facet normal -0 0 1
    outer loop
      vertex 1.16467 72.3467 2.5
      vertex 2.25 71.8971 2.5
      vertex 1.75 82.9689 2.5
    endloop
  endfacet
  facet normal 0 0 1
    outer loop
      vertex 18.5345 73.9941 2.5
      vertex 3.18198 71.182 2.5
      vertex 3.89711 70.25 2.5
    endloop
  endfacet
  facet normal 0 0 1
    outer loop
      vertex 18.5345 73.9941 2.5
      vertex 3.89711 70.25 2.5
      vertex 18.48 73.58 2.5
    endloop
  endfacet
  facet normal 0 0 1
    outer loop
      vertex 18.48 73.58 2.5
      vertex 4.34666 69.1647 2.5
      vertex 18.5345 73.1659 2.5
    endloop
  endfacet
  facet normal 0 0 1
    outer loop
      vertex 17.8686 68.1314 2.5
      vertex 18.6944 72.78 2.5
      vertex 18.5345 73.1659 2.5
    endloop
  endfacet
  facet normal 0 0 1
    outer loop
      vertex 18.9486 72.4486 2.5
      vertex 18.6944 72.78 2.5
      vertex 18.2 68.3856 2.5
    endloop
  endfacet
  facet normal -0 0 1
    outer loop
      vertex 11.2934 60.4642 2.5
      vertex 14.5 59 2.5
      vertex 11.4 61 2.5
    endloop
  endfacet
  facet normal 0 0 1
    outer loop
      vertex 17.5 51 2.5
      vertex 22.3443 41.98 2.5
      vertex 22.5986 42.3114 2.5
    endloop
  endfacet
  facet normal 0 0 1
    outer loop
      vertex 14.5 51 2.5
      vertex 10 59.6 2.5
      vertex 9.46423 59.7066 2.5
    endloop
  endfacet
  facet normal 0 0 1
    outer loop
      vertex 0 63.5 2.5
      vertex -9.01004 60.01 2.5
      vertex 9.01004 60.01 2.5
    endloop
  endfacet
  facet normal 0 0 1
    outer loop
      vertex -14.5 59 2.5
      vertex -10.5358 59.7066 2.5
      vertex -10.9899 60.01 2.5
    endloop
  endfacet
  facet normal 0 0 1
    outer loop
      vertex -19.8 65.6143 2.5
      vertex -20.1314 65.8686 2.5
      vertex -17.5 59 2.5
    endloop
  endfacet
  facet normal 0 0 1
    outer loop
      vertex -20.1314 65.8686 2.5
      vertex -30.0136 54.9865 2.5
      vertex -17.5 59 2.5
    endloop
  endfacet
  facet normal -0 0 1
    outer loop
      vertex -30.9673 64.5237 2.5
      vertex -30.0136 54.9865 2.5
      vertex -20.1314 65.8686 2.5
    endloop
  endfacet
  facet normal 0 0 1
    outer loop
      vertex -30.9673 64.5237 2.5
      vertex -20.1314 65.8686 2.5
      vertex -20.3856 66.2 2.5
    endloop
  endfacet
  facet normal 0 0 1
    outer loop
      vertex -30.9673 64.5237 2.5
      vertex -20.3856 66.2 2.5
      vertex -20.5455 66.5859 2.5
    endloop
  endfacet
  facet normal 0 0 1
    outer loop
      vertex -21.4656 72.78 2.5
      vertex -30.9673 64.5237 2.5
      vertex -20.5455 67.4141 2.5
    endloop
  endfacet
  facet normal 0 0 1
    outer loop
      vertex -20.5455 67.4141 2.5
      vertex -30.9673 64.5237 2.5
      vertex -20.6 67 2.5
    endloop
  endfacet
  facet normal 0 0 1
    outer loop
      vertex -20.1314 68.1314 2.5
      vertex -20.4941 72.0345 2.5
      vertex -20.88 72.1944 2.5
    endloop
  endfacet
  facet normal 0 -0 1
    outer loop
      vertex -20.3856 67.8 2.5
      vertex -20.1314 68.1314 2.5
      vertex -20.88 72.1944 2.5
    endloop
  endfacet
  facet normal 0 0 1
    outer loop
      vertex -19.8 68.3856 2.5
      vertex -20.08 71.98 2.5
      vertex -20.4941 72.0345 2.5
    endloop
  endfacet
  facet normal 0 0 1
    outer loop
      vertex -19.4141 68.5455 2.5
      vertex -19.6659 72.0345 2.5
      vertex -20.08 71.98 2.5
    endloop
  endfacet
  facet normal 0 0 1
    outer loop
      vertex -19 68.6 2.5
      vertex -19.6659 72.0345 2.5
      vertex -19.4141 68.5455 2.5
    endloop
  endfacet
  facet normal 0 0 1
    outer loop
      vertex -18.5859 68.5455 2.5
      vertex -19.28 72.1944 2.5
      vertex -19 68.6 2.5
    endloop
  endfacet
  facet normal -0 -0 1
    outer loop
      vertex -18.2 68.3856 2.5
      vertex -17.8686 68.1314 2.5
      vertex -18.6944 72.78 2.5
    endloop
  endfacet
  facet normal 0 0 1
    outer loop
      vertex -18.5859 68.5455 2.5
      vertex -18.9486 72.4486 2.5
      vertex -19.28 72.1944 2.5
    endloop
  endfacet
  facet normal 0 0 1
    outer loop
      vertex -17.8686 68.1314 2.5
      vertex -18.5345 73.1659 2.5
      vertex -18.6944 72.78 2.5
    endloop
  endfacet
  facet normal 0 -0 1
    outer loop
      vertex -17.6143 67.8 2.5
      vertex -4.34666 69.1647 2.5
      vertex -18.5345 73.1659 2.5
    endloop
  endfacet
  facet normal 0 -0 1
    outer loop
      vertex -17.4545 67.4141 2.5
      vertex -4.34666 69.1647 2.5
      vertex -17.6143 67.8 2.5
    endloop
  endfacet
  facet normal 0 -0 1
    outer loop
      vertex -4.5 68 2.5
      vertex -4.34666 69.1647 2.5
      vertex -17.4545 67.4141 2.5
    endloop
  endfacet
  facet normal -0 -0 1
    outer loop
      vertex -17.4 67 2.5
      vertex -10.5358 62.2934 2.5
      vertex -17.4545 67.4141 2.5
    endloop
  endfacet
  facet normal 0 -0 1
    outer loop
      vertex -17.5 59 2.5
      vertex -14.5 59 2.5
      vertex -18.2 65.6143 2.5
    endloop
  endfacet
  facet normal 0 0 1
    outer loop
      vertex -17.4545 67.4141 2.5
      vertex -10.5358 62.2934 2.5
      vertex -10 62.4 2.5
    endloop
  endfacet
  facet normal 0 0 1
    outer loop
      vertex -18.2 65.6143 2.5
      vertex -18.5859 65.4545 2.5
      vertex -17.5 59 2.5
    endloop
  endfacet
  facet normal -0 0 1
    outer loop
      vertex -17.4545 67.4141 2.5
      vertex -10 62.4 2.5
      vertex -4.5 68 2.5
    endloop
  endfacet
  facet normal -0 0 1
    outer loop
      vertex -10 62.4 2.5
      vertex -9.46423 62.2934 2.5
      vertex -4.34666 66.8353 2.5
    endloop
  endfacet
  facet normal 0 -0 1
    outer loop
      vertex -28 34 2.5
      vertex -24.8614 40.0486 2.5
      vertex -31 37 2.5
    endloop
  endfacet
  facet normal 0 0 1
    outer loop
      vertex 17.4545 66.5859 2.5
      vertex 10.9899 61.9899 2.5
      vertex 17.6143 66.2 2.5
    endloop
  endfacet
  facet normal -0 0 1
    outer loop
      vertex 20.3856 66.2 2.5
      vertex 30.9673 64.5237 2.5
      vertex 20.5455 66.5859 2.5
    endloop
  endfacet
  facet normal 0 0 1
    outer loop
      vertex 17.4 67 2.5
      vertex 10.5358 62.2934 2.5
      vertex 17.4545 66.5859 2.5
    endloop
  endfacet
  facet normal 0 -0 1
    outer loop
      vertex 19 68.6 2.5
      vertex 19.28 72.1944 2.5
      vertex 18.5859 68.5455 2.5
    endloop
  endfacet
  facet normal 0 -0 1
    outer loop
      vertex 17.4 67 2.5
      vertex 17.4545 67.4141 2.5
      vertex 10.5358 62.2934 2.5
    endloop
  endfacet
  facet normal 0 0 1
    outer loop
      vertex 17.4545 67.4141 2.5
      vertex 10 62.4 2.5
      vertex 10.5358 62.2934 2.5
    endloop
  endfacet
  facet normal 0 0 1
    outer loop
      vertex 18.5345 73.1659 2.5
      vertex 4.34666 69.1647 2.5
      vertex 17.6143 67.8 2.5
    endloop
  endfacet
  facet normal 0 0 1
    outer loop
      vertex 4.5 68 2.5
      vertex 10 62.4 2.5
      vertex 17.4545 67.4141 2.5
    endloop
  endfacet
  facet normal 0 0 1
    outer loop
      vertex 3.89711 65.75 2.5
      vertex 3.18198 64.818 2.5
      vertex 8.70656 61.5358 2.5
    endloop
  endfacet
  facet normal 0 -0 1
    outer loop
      vertex 9.46423 62.2934 2.5
      vertex 10 62.4 2.5
      vertex 4.34666 66.8353 2.5
    endloop
  endfacet
  facet normal 0 0 1
    outer loop
      vertex 4.34666 69.1647 2.5
      vertex 17.4545 67.4141 2.5
      vertex 17.6143 67.8 2.5
    endloop
  endfacet
  facet normal 0 0 1
    outer loop
      vertex 4.34666 69.1647 2.5
      vertex 4.5 68 2.5
      vertex 17.4545 67.4141 2.5
    endloop
  endfacet
  facet normal 0 -0 1
    outer loop
      vertex 18.2 68.3856 2.5
      vertex 18.6944 72.78 2.5
      vertex 17.8686 68.1314 2.5
    endloop
  endfacet
  facet normal 0 0 1
    outer loop
      vertex 19.6659 72.0345 2.5
      vertex 19.28 72.1944 2.5
      vertex 19 68.6 2.5
    endloop
  endfacet
  facet normal 0 0 1
    outer loop
      vertex 20.08 71.98 2.5
      vertex 19.6659 72.0345 2.5
      vertex 19.4141 68.5455 2.5
    endloop
  endfacet
  facet normal 0 0 1
    outer loop
      vertex 20.08 71.98 2.5
      vertex 19.4141 68.5455 2.5
      vertex 19.8 68.3856 2.5
    endloop
  endfacet
  facet normal 0 0 1
    outer loop
      vertex 20.88 72.1944 2.5
      vertex 20.1314 68.1314 2.5
      vertex 20.3856 67.8 2.5
    endloop
  endfacet
  facet normal -0 0 1
    outer loop
      vertex 20.4941 72.0345 2.5
      vertex 20.1314 68.1314 2.5
      vertex 20.88 72.1944 2.5
    endloop
  endfacet
  facet normal 0 0 1
    outer loop
      vertex 21.2114 72.4486 2.5
      vertex 20.3856 67.8 2.5
      vertex 20.5455 67.4141 2.5
    endloop
  endfacet
  facet normal -0 0 1
    outer loop
      vertex 21.2114 72.4486 2.5
      vertex 20.5455 67.4141 2.5
      vertex 21.4656 72.78 2.5
    endloop
  endfacet
  facet normal -0 0 1
    outer loop
      vertex 20.5455 67.4141 2.5
      vertex 30.9673 64.5237 2.5
      vertex 21.4656 72.78 2.5
    endloop
  endfacet
  facet normal -0 -0 1
    outer loop
      vertex 20.6 67 2.5
      vertex 30.9673 64.5237 2.5
      vertex 20.5455 67.4141 2.5
    endloop
  endfacet
  facet normal -0 0 1
    outer loop
      vertex 20.5455 66.5859 2.5
      vertex 30.9673 64.5237 2.5
      vertex 20.6 67 2.5
    endloop
  endfacet
  facet normal 0 0 1
    outer loop
      vertex 20.3856 66.2 2.5
      vertex 20.1314 65.8686 2.5
      vertex 30.9673 64.5237 2.5
    endloop
  endfacet
  facet normal 0 0 1
    outer loop
      vertex 20.1314 65.8686 2.5
      vertex 30.0136 54.9865 2.5
      vertex 30.9673 64.5237 2.5
    endloop
  endfacet
  facet normal -0 0 1
    outer loop
      vertex 19.8 65.6143 2.5
      vertex 17.5 59 2.5
      vertex 20.1314 65.8686 2.5
    endloop
  endfacet
  facet normal -0 0 1
    outer loop
      vertex 19.4141 65.4545 2.5
      vertex 17.5 59 2.5
      vertex 19.8 65.6143 2.5
    endloop
  endfacet
  facet normal 0 0 1
    outer loop
      vertex 19 65.4 2.5
      vertex 18.5859 65.4545 2.5
      vertex 17.5 59 2.5
    endloop
  endfacet
  facet normal 0 -0 1
    outer loop
      vertex -8.70656 61.5358 2.5
      vertex -3.89711 65.75 2.5
      vertex -9.01004 61.9899 2.5
    endloop
  endfacet
  facet normal 0 0 1
    outer loop
      vertex -19.8 65.6143 2.5
      vertex -17.5 59 2.5
      vertex -19.4141 65.4545 2.5
    endloop
  endfacet
  facet normal -0 0 1
    outer loop
      vertex -14.5 59 2.5
      vertex -14.5 51 2.5
      vertex -10.5358 59.7066 2.5
    endloop
  endfacet
  facet normal 0 0 1
    outer loop
      vertex -4.34666 66.8353 2.5
      vertex -9.46423 62.2934 2.5
      vertex -9.01004 61.9899 2.5
    endloop
  endfacet
  facet normal 0 0 1
    outer loop
      vertex -11.4 61 2.5
      vertex -14.5 59 2.5
      vertex -11.2934 60.4642 2.5
    endloop
  endfacet
  facet normal 0 0 1
    outer loop
      vertex -11.2934 61.5358 2.5
      vertex -17.6143 66.2 2.5
      vertex -17.8686 65.8686 2.5
    endloop
  endfacet
  facet normal 0 0 1
    outer loop
      vertex -10.9899 61.9899 2.5
      vertex -17.6143 66.2 2.5
      vertex -11.2934 61.5358 2.5
    endloop
  endfacet
  facet normal 0 0 1
    outer loop
      vertex -17.4545 66.5859 2.5
      vertex -17.6143 66.2 2.5
      vertex -10.9899 61.9899 2.5
    endloop
  endfacet
  facet normal 0 0 1
    outer loop
      vertex -17.4545 66.5859 2.5
      vertex -10.9899 61.9899 2.5
      vertex -10.5358 62.2934 2.5
    endloop
  endfacet
  facet normal 0 0 1
    outer loop
      vertex -10 62.4 2.5
      vertex -4.34666 66.8353 2.5
      vertex -4.5 68 2.5
    endloop
  endfacet
  facet normal 0 0 1
    outer loop
      vertex -4.34666 66.8353 2.5
      vertex -9.01004 61.9899 2.5
      vertex -3.89711 65.75 2.5
    endloop
  endfacet
  facet normal 0 0 1
    outer loop
      vertex -3.89711 65.75 2.5
      vertex -8.70656 61.5358 2.5
      vertex -3.18198 64.818 2.5
    endloop
  endfacet
  facet normal -0 0 1
    outer loop
      vertex -8.70656 61.5358 2.5
      vertex -8.59999 61 2.5
      vertex -3.18198 64.818 2.5
    endloop
  endfacet
  facet normal -0 0 1
    outer loop
      vertex -8.59999 61 2.5
      vertex -8.70656 60.4642 2.5
      vertex -2.25 64.1029 2.5
    endloop
  endfacet
  facet normal -0 0 1
    outer loop
      vertex -8.70656 60.4642 2.5
      vertex -9.01004 60.01 2.5
      vertex -1.16467 63.6533 2.5
    endloop
  endfacet
  facet normal 0 0 1
    outer loop
      vertex -9.01004 60.01 2.5
      vertex 0 63.5 2.5
      vertex -1.16467 63.6533 2.5
    endloop
  endfacet
  facet normal 0 0 1
    outer loop
      vertex 9.46423 59.7066 2.5
      vertex 9.01004 60.01 2.5
      vertex 14.5 51 2.5
    endloop
  endfacet
  facet normal 0 0 1
    outer loop
      vertex -10 59.6 2.5
      vertex -10.5358 59.7066 2.5
      vertex -14.5 51 2.5
    endloop
  endfacet
  facet normal 0 0 1
    outer loop
      vertex 11.2934 61.5358 2.5
      vertex 17.8686 65.8686 2.5
      vertex 17.6143 66.2 2.5
    endloop
  endfacet
  facet normal 0 0 1
    outer loop
      vertex 9.01004 60.01 2.5
      vertex 1.16467 63.6533 2.5
      vertex 0 63.5 2.5
    endloop
  endfacet
  facet normal 0 0 1
    outer loop
      vertex -9.01004 60.01 2.5
      vertex -9.46423 59.7066 2.5
      vertex -14.5 51 2.5
    endloop
  endfacet
  facet normal 0 0 1
    outer loop
      vertex 9.01004 60.01 2.5
      vertex -9.01004 60.01 2.5
      vertex -14.5 51 2.5
    endloop
  endfacet
  facet normal 0 0 1
    outer loop
      vertex 2.25 64.1029 2.5
      vertex 1.16467 63.6533 2.5
      vertex 8.70656 60.4642 2.5
    endloop
  endfacet
  facet normal 0 0 1
    outer loop
      vertex 8.70656 60.4642 2.5
      vertex 1.16467 63.6533 2.5
      vertex 9.01004 60.01 2.5
    endloop
  endfacet
  facet normal 0 0 1
    outer loop
      vertex 8.70656 61.5358 2.5
      vertex 3.18198 64.818 2.5
      vertex 8.59999 61 2.5
    endloop
  endfacet
  facet normal 0 0 1
    outer loop
      vertex 9.01004 61.9899 2.5
      vertex 3.89711 65.75 2.5
      vertex 8.70656 61.5358 2.5
    endloop
  endfacet
  facet normal 0 0 1
    outer loop
      vertex 4.34666 66.8353 2.5
      vertex 3.89711 65.75 2.5
      vertex 9.01004 61.9899 2.5
    endloop
  endfacet
  facet normal 0 0 1
    outer loop
      vertex 4.34666 66.8353 2.5
      vertex 9.01004 61.9899 2.5
      vertex 9.46423 62.2934 2.5
    endloop
  endfacet
  facet normal 0 0 1
    outer loop
      vertex 10 62.4 2.5
      vertex 4.5 68 2.5
      vertex 4.34666 66.8353 2.5
    endloop
  endfacet
  facet normal 0 -0 1
    outer loop
      vertex 10.9899 61.9899 2.5
      vertex 17.4545 66.5859 2.5
      vertex 10.5358 62.2934 2.5
    endloop
  endfacet
  facet normal 0 -0 1
    outer loop
      vertex 11.2934 61.5358 2.5
      vertex 17.6143 66.2 2.5
      vertex 10.9899 61.9899 2.5
    endloop
  endfacet
  facet normal 0 -0 1
    outer loop
      vertex 14.5 59 2.5
      vertex 17.8686 65.8686 2.5
      vertex 11.2934 61.5358 2.5
    endloop
  endfacet
  facet normal 0 0 1
    outer loop
      vertex 14.5 59 2.5
      vertex 11.2934 61.5358 2.5
      vertex 11.4 61 2.5
    endloop
  endfacet
  facet normal 0 0 1
    outer loop
      vertex 14.5 59 2.5
      vertex 17.5 59 2.5
      vertex 18.2 65.6143 2.5
    endloop
  endfacet
  facet normal 0 0 1
    outer loop
      vertex 14.5 59 2.5
      vertex 11.2934 60.4642 2.5
      vertex 10.9899 60.01 2.5
    endloop
  endfacet
  facet normal 0 0 1
    outer loop
      vertex 14.5 59 2.5
      vertex 10.9899 60.01 2.5
      vertex 10.5358 59.7066 2.5
    endloop
  endfacet
  facet normal 0 0 1
    outer loop
      vertex 17.5 59 2.5
      vertex 19.4141 65.4545 2.5
      vertex 19 65.4 2.5
    endloop
  endfacet
  facet normal 0 0 1
    outer loop
      vertex 28 34 2.5
      vertex 23.73 39.58 2.5
      vertex 23.3159 39.6345 2.5
    endloop
  endfacet
  facet normal 0 0 1
    outer loop
      vertex 14.5 51 2.5
      vertex 9.01004 60.01 2.5
      vertex -14.5 51 2.5
    endloop
  endfacet
  facet normal 0 0 1
    outer loop
      vertex -30.9877 44.2716 2.5
      vertex -31 44 2.5
      vertex -25.1156 41.98 2.5
    endloop
  endfacet
  facet normal 0 0 1
    outer loop
      vertex -24.8614 40.0486 2.5
      vertex -25.1156 40.38 2.5
      vertex -31 37 2.5
    endloop
  endfacet
  facet normal 0 0 1
    outer loop
      vertex -19.4141 65.4545 2.5
      vertex -17.5 59 2.5
      vertex -19 65.4 2.5
    endloop
  endfacet
  facet normal 0 0 1
    outer loop
      vertex -11.2934 60.4642 2.5
      vertex -14.5 59 2.5
      vertex -10.9899 60.01 2.5
    endloop
  endfacet
  facet normal -0 0 1
    outer loop
      vertex 10 59.6 2.5
      vertex 14.5 51 2.5
      vertex 10.5358 59.7066 2.5
    endloop
  endfacet
  facet normal 0 0 1
    outer loop
      vertex 30.0136 54.9865 2.5
      vertex 23.73 42.78 2.5
      vertex 24.1441 42.7255 2.5
    endloop
  endfacet
  facet normal 0 0 1
    outer loop
      vertex 23.3159 39.6345 2.5
      vertex 22.93 39.7944 2.5
      vertex 28 34 2.5
    endloop
  endfacet
  facet normal 0 0 1
    outer loop
      vertex 30.0136 54.9865 2.5
      vertex 17.5 59 2.5
      vertex 17.5 51 2.5
    endloop
  endfacet
  facet normal 0 0 1
    outer loop
      vertex 17.5 59 2.5
      vertex 18.5859 65.4545 2.5
      vertex 18.2 65.6143 2.5
    endloop
  endfacet
  facet normal 0 0 1
    outer loop
      vertex 30.0136 54.9865 2.5
      vertex 20.1314 65.8686 2.5
      vertex 17.5 59 2.5
    endloop
  endfacet
  facet normal 0 0 1
    outer loop
      vertex 14.5 51 2.5
      vertex -14.5 51 2.5
      vertex -22.1845 40.7659 2.5
    endloop
  endfacet
  facet normal 0 0 1
    outer loop
      vertex 28 34 2.5
      vertex 22.5986 40.0486 2.5
      vertex -28 34 2.5
    endloop
  endfacet
  facet normal 0 0 1
    outer loop
      vertex 22.93 39.7944 2.5
      vertex 22.5986 40.0486 2.5
      vertex 28 34 2.5
    endloop
  endfacet
  facet normal -0 0 1
    outer loop
      vertex -22.1845 40.7659 2.5
      vertex -22.3443 40.38 2.5
      vertex 22.1845 40.7659 2.5
    endloop
  endfacet
  facet normal 0 -0 1
    outer loop
      vertex -22.1845 41.5941 2.5
      vertex -14.5 51 2.5
      vertex -22.3443 41.98 2.5
    endloop
  endfacet
  facet normal 0 -0 1
    outer loop
      vertex -22.13 41.18 2.5
      vertex -14.5 51 2.5
      vertex -22.1845 41.5941 2.5
    endloop
  endfacet
  facet normal 0 -0 1
    outer loop
      vertex 22.13 41.18 2.5
      vertex 22.1845 41.5941 2.5
      vertex 14.5 51 2.5
    endloop
  endfacet
  facet normal 0 -0 1
    outer loop
      vertex 22.1845 41.5941 2.5
      vertex 22.3443 41.98 2.5
      vertex 14.5 51 2.5
    endloop
  endfacet
  facet normal 0 0 1
    outer loop
      vertex 22.3443 41.98 2.5
      vertex 17.5 51 2.5
      vertex 14.5 51 2.5
    endloop
  endfacet
  facet normal 0 -0 1
    outer loop
      vertex 22.5986 42.3114 2.5
      vertex 22.93 42.5656 2.5
      vertex 17.5 51 2.5
    endloop
  endfacet
  facet normal 0 -0 1
    outer loop
      vertex 22.93 42.5656 2.5
      vertex 23.3159 42.7255 2.5
      vertex 17.5 51 2.5
    endloop
  endfacet
  facet normal 0 -0 1
    outer loop
      vertex 23.3159 42.7255 2.5
      vertex 23.73 42.78 2.5
      vertex 17.5 51 2.5
    endloop
  endfacet
  facet normal 0 -0 1
    outer loop
      vertex 23.73 42.78 2.5
      vertex 30.0136 54.9865 2.5
      vertex 17.5 51 2.5
    endloop
  endfacet
  facet normal 0 0 1
    outer loop
      vertex 24.1441 42.7255 2.5
      vertex 30.9877 44.2716 2.5
      vertex 30.0136 54.9865 2.5
    endloop
  endfacet
  facet normal 0 -0 1
    outer loop
      vertex 24.53 42.5656 2.5
      vertex 30.9877 44.2716 2.5
      vertex 24.1441 42.7255 2.5
    endloop
  endfacet
  facet normal 0 -0 1
    outer loop
      vertex 24.8614 42.3114 2.5
      vertex 30.9877 44.2716 2.5
      vertex 24.53 42.5656 2.5
    endloop
  endfacet
  facet normal 0 0 1
    outer loop
      vertex 31 44 2.5
      vertex 30.9877 44.2716 2.5
      vertex 25.1156 41.98 2.5
    endloop
  endfacet
  facet normal 0 -0 1
    outer loop
      vertex 25.1156 41.98 2.5
      vertex 30.9877 44.2716 2.5
      vertex 24.8614 42.3114 2.5
    endloop
  endfacet
  facet normal 0 -0 1
    outer loop
      vertex 25.2755 41.5941 2.5
      vertex 31 44 2.5
      vertex 25.1156 41.98 2.5
    endloop
  endfacet
  facet normal 0 -0 1
    outer loop
      vertex 25.33 41.18 2.5
      vertex 31 44 2.5
      vertex 25.2755 41.5941 2.5
    endloop
  endfacet
  facet normal 0 -0 1
    outer loop
      vertex 31 37 2.5
      vertex 31 44 2.5
      vertex 25.33 41.18 2.5
    endloop
  endfacet
  facet normal -0 0 1
    outer loop
      vertex 25.1156 40.38 2.5
      vertex 31 37 2.5
      vertex 25.2755 40.7659 2.5
    endloop
  endfacet
  facet normal -0 0 1
    outer loop
      vertex 24.8614 40.0486 2.5
      vertex 31 37 2.5
      vertex 25.1156 40.38 2.5
    endloop
  endfacet
  facet normal 0 -0 1
    outer loop
      vertex 28 34 2.5
      vertex 31 37 2.5
      vertex 24.8614 40.0486 2.5
    endloop
  endfacet
  facet normal 0 0 1
    outer loop
      vertex 28 34 2.5
      vertex 24.8614 40.0486 2.5
      vertex 24.53 39.7944 2.5
    endloop
  endfacet
  facet normal 0 0 1
    outer loop
      vertex 28 34 2.5
      vertex 24.1441 39.6345 2.5
      vertex 23.73 39.58 2.5
    endloop
  endfacet
  facet normal 0 0 1
    outer loop
      vertex 28 34 2.5
      vertex 24.53 39.7944 2.5
      vertex 24.1441 39.6345 2.5
    endloop
  endfacet
  facet normal 0 0 1
    outer loop
      vertex -17.5 51 2.5
      vertex -30.0136 54.9865 2.5
      vertex -23.73 42.78 2.5
    endloop
  endfacet
  facet normal 0 0 1
    outer loop
      vertex -31 37 2.5
      vertex -25.1156 40.38 2.5
      vertex -25.2755 40.7659 2.5
    endloop
  endfacet
  facet normal 0 0 1
    outer loop
      vertex -28 34 2.5
      vertex -24.1441 39.6345 2.5
      vertex -24.53 39.7944 2.5
    endloop
  endfacet
  facet normal -0 0 1
    outer loop
      vertex -30.9877 44.2716 2.5
      vertex -24.1441 42.7255 2.5
      vertex -30.0136 54.9865 2.5
    endloop
  endfacet
  facet normal 0 0 1
    outer loop
      vertex -28 34 2.5
      vertex -24.53 39.7944 2.5
      vertex -24.8614 40.0486 2.5
    endloop
  endfacet
  facet normal 0 0 1
    outer loop
      vertex -31 37 2.5
      vertex -25.2755 40.7659 2.5
      vertex -25.33 41.18 2.5
    endloop
  endfacet
  facet normal 0 0 1
    outer loop
      vertex -31 37 2.5
      vertex -25.33 41.18 2.5
      vertex -31 44 2.5
    endloop
  endfacet
  facet normal 0 -0 1
    outer loop
      vertex -25.33 41.18 2.5
      vertex -25.2755 41.5941 2.5
      vertex -31 44 2.5
    endloop
  endfacet
  facet normal 0 -0 1
    outer loop
      vertex -25.2755 41.5941 2.5
      vertex -25.1156 41.98 2.5
      vertex -31 44 2.5
    endloop
  endfacet
  facet normal 0 -0 1
    outer loop
      vertex -25.1156 41.98 2.5
      vertex -24.8614 42.3114 2.5
      vertex -30.9877 44.2716 2.5
    endloop
  endfacet
  facet normal 0 -0 1
    outer loop
      vertex -24.8614 42.3114 2.5
      vertex -24.53 42.5656 2.5
      vertex -30.9877 44.2716 2.5
    endloop
  endfacet
  facet normal 0 -0 1
    outer loop
      vertex -24.53 42.5656 2.5
      vertex -24.1441 42.7255 2.5
      vertex -30.9877 44.2716 2.5
    endloop
  endfacet
  facet normal 0 -0 1
    outer loop
      vertex -24.1441 42.7255 2.5
      vertex -23.73 42.78 2.5
      vertex -30.0136 54.9865 2.5
    endloop
  endfacet
  facet normal -0 0 1
    outer loop
      vertex -23.73 42.78 2.5
      vertex -23.3159 42.7255 2.5
      vertex -17.5 51 2.5
    endloop
  endfacet
  facet normal -0 0 1
    outer loop
      vertex -23.3159 42.7255 2.5
      vertex -22.93 42.5656 2.5
      vertex -17.5 51 2.5
    endloop
  endfacet
  facet normal -0 0 1
    outer loop
      vertex -22.93 42.5656 2.5
      vertex -22.5986 42.3114 2.5
      vertex -17.5 51 2.5
    endloop
  endfacet
  facet normal -0 0 1
    outer loop
      vertex -22.5986 42.3114 2.5
      vertex -22.3443 41.98 2.5
      vertex -17.5 51 2.5
    endloop
  endfacet
  facet normal 0 0 1
    outer loop
      vertex -22.3443 41.98 2.5
      vertex -14.5 51 2.5
      vertex -17.5 51 2.5
    endloop
  endfacet
  facet normal 0 0 1
    outer loop
      vertex -14.5 51 2.5
      vertex -22.13 41.18 2.5
      vertex -22.1845 40.7659 2.5
    endloop
  endfacet
  facet normal 0 0 1
    outer loop
      vertex 14.5 51 2.5
      vertex -22.1845 40.7659 2.5
      vertex 22.1845 40.7659 2.5
    endloop
  endfacet
  facet normal 0 0 1
    outer loop
      vertex 22.1845 40.7659 2.5
      vertex -22.3443 40.38 2.5
      vertex 22.3443 40.38 2.5
    endloop
  endfacet
  facet normal -0 0 1
    outer loop
      vertex -22.93 39.7944 2.5
      vertex -28 34 2.5
      vertex -22.5986 40.0486 2.5
    endloop
  endfacet
  facet normal 0 0 1
    outer loop
      vertex 22.3443 40.38 2.5
      vertex -22.3443 40.38 2.5
      vertex -22.5986 40.0486 2.5
    endloop
  endfacet
  facet normal 0 0 1
    outer loop
      vertex 22.3443 40.38 2.5
      vertex -22.5986 40.0486 2.5
      vertex 22.5986 40.0486 2.5
    endloop
  endfacet
  facet normal -0 0 1
    outer loop
      vertex -23.3159 39.6345 2.5
      vertex -28 34 2.5
      vertex -22.93 39.7944 2.5
    endloop
  endfacet
  facet normal -0 0 1
    outer loop
      vertex -23.73 39.58 2.5
      vertex -28 34 2.5
      vertex -23.3159 39.6345 2.5
    endloop
  endfacet
  facet normal 0.891009 -0.453985 0
    outer loop
      vertex 31 37 0
      vertex 29.7634 34.573 2.5
      vertex 29.7634 34.573 0
    endloop
  endfacet
  facet normal 0.891009 -0.453985 0
    outer loop
      vertex 31 37 0
      vertex 31 37 2.5
      vertex 29.7634 34.573 2.5
    endloop
  endfacet
  facet normal 1 0 0
    outer loop
      vertex 31 44 0
      vertex 31 37 2.5
      vertex 31 37 0
    endloop
  endfacet
  facet normal 1 0 -0
    outer loop
      vertex 31 44 0
      vertex 31 44 2.5
      vertex 31 37 2.5
    endloop
  endfacet
  facet normal 0.998976 0.0452408 0
    outer loop
      vertex 30.9877 44.2716 0
      vertex 31 44 2.5
      vertex 31 44 0
    endloop
  endfacet
  facet normal 0.998976 0.0452408 -0
    outer loop
      vertex 30.9877 44.2716 0
      vertex 30.9877 44.2716 2.5
      vertex 31 44 2.5
    endloop
  endfacet
  facet normal 0.995893 0.0905374 0
    outer loop
      vertex 30.0136 54.9865 0
      vertex 30.9877 44.2716 2.5
      vertex 30.9877 44.2716 0
    endloop
  endfacet
  facet normal 0.995893 0.0905374 -0
    outer loop
      vertex 30.0136 54.9865 0
      vertex 30.0136 54.9865 2.5
      vertex 30.9877 44.2716 2.5
    endloop
  endfacet
  facet normal 0.995037 -0.0995017 0
    outer loop
      vertex 30.9673 64.5237 0
      vertex 30.0136 54.9865 2.5
      vertex 30.0136 54.9865 0
    endloop
  endfacet
  facet normal 0.995037 -0.0995017 0
    outer loop
      vertex 30.9673 64.5237 0
      vertex 30.9673 64.5237 2.5
      vertex 30.0136 54.9865 2.5
    endloop
  endfacet
  facet normal 0.976187 -0.216932 0
    outer loop
      vertex 32.8484 72.9886 0
      vertex 30.9673 64.5237 2.5
      vertex 30.9673 64.5237 0
    endloop
  endfacet
  facet normal 0.976187 -0.216932 0
    outer loop
      vertex 32.8484 72.9886 0
      vertex 32.8484 72.9886 2.5
      vertex 30.9673 64.5237 2.5
    endloop
  endfacet
  facet normal 0.894427 -0.447214 0
    outer loop
      vertex 34.6833 76.6584 0
      vertex 32.8484 72.9886 2.5
      vertex 32.8484 72.9886 0
    endloop
  endfacet
  facet normal 0.894427 -0.447214 0
    outer loop
      vertex 34.6833 76.6584 0
      vertex 34.6833 76.6584 2.5
      vertex 32.8484 72.9886 2.5
    endloop
  endfacet
  facet normal 0.97325 -0.229747 0
    outer loop
      vertex 35 78 0
      vertex 34.6833 76.6584 2.5
      vertex 34.6833 76.6584 0
    endloop
  endfacet
  facet normal 0.97325 -0.229747 0
    outer loop
      vertex 35 78 0
      vertex 35 78 2.5
      vertex 34.6833 76.6584 2.5
    endloop
  endfacet
  facet normal 1 0 0
    outer loop
      vertex 35 86 0
      vertex 35 78 2.5
      vertex 35 78 0
    endloop
  endfacet
  facet normal 1 0 -0
    outer loop
      vertex 35 86 0
      vertex 35 86 2.5
      vertex 35 78 2.5
    endloop
  endfacet
  facet normal 0.996596 0.0824434 0
    outer loop
      vertex 34.9592 86.4932 0
      vertex 35 86 2.5
      vertex 35 86 0
    endloop
  endfacet
  facet normal 0.996596 0.0824434 -0
    outer loop
      vertex 34.9592 86.4932 0
      vertex 34.9592 86.4932 2.5
      vertex 35 86 2.5
    endloop
  endfacet
  facet normal 0.986394 0.164399 0
    outer loop
      vertex 33.9592 92.4932 0
      vertex 34.9592 86.4932 2.5
      vertex 34.9592 86.4932 0
    endloop
  endfacet
  facet normal 0.986394 0.164399 -0
    outer loop
      vertex 33.9592 92.4932 0
      vertex 33.9592 92.4932 2.5
      vertex 34.9592 86.4932 2.5
    endloop
  endfacet
  facet normal 0.862501 0.506056 0
    outer loop
      vertex 32.8741 94.3426 0
      vertex 33.9592 92.4932 2.5
      vertex 33.9592 92.4932 0
    endloop
  endfacet
  facet normal 0.862501 0.506056 -0
    outer loop
      vertex 32.8741 94.3426 0
      vertex 32.8741 94.3426 2.5
      vertex 33.9592 92.4932 2.5
    endloop
  endfacet
  facet normal 0.624695 0.780869 0
    outer loop
      vertex 27.8741 98.3426 0
      vertex 32.8741 94.3426 2.5
      vertex 32.8741 94.3426 0
    endloop
  endfacet
  facet normal 0.624695 0.780869 -0
    outer loop
      vertex 27.8741 98.3426 0
      vertex 27.8741 98.3426 2.5
      vertex 32.8741 94.3426 2.5
    endloop
  endfacet
  facet normal 0.366996 0.930222 0
    outer loop
      vertex 26.2301 98.9912 0
      vertex 27.8741 98.3426 2.5
      vertex 27.8741 98.3426 0
    endloop
  endfacet
  facet normal 0.366996 0.930222 -0
    outer loop
      vertex 26.2301 98.9912 0
      vertex 26.2301 98.9912 2.5
      vertex 27.8741 98.3426 2.5
    endloop
  endfacet
  facet normal 0.0766888 0.997055 0
    outer loop
      vertex 0.230087 100.991 0
      vertex 26.2301 98.9912 2.5
      vertex 26.2301 98.9912 0
    endloop
  endfacet
  facet normal 0.0766888 0.997055 -0
    outer loop
      vertex 0.230087 100.991 0
      vertex 0.230087 100.991 2.5
      vertex 26.2301 98.9912 2.5
    endloop
  endfacet
  facet normal 0 1 0
    outer loop
      vertex -0.230087 100.991 0
      vertex 0.230087 100.991 2.5
      vertex 0.230087 100.991 0
    endloop
  endfacet
  facet normal 0 1 0
    outer loop
      vertex -0.230087 100.991 0
      vertex -0.230087 100.991 2.5
      vertex 0.230087 100.991 2.5
    endloop
  endfacet
  facet normal -0.0766888 0.997055 0
    outer loop
      vertex -26.2301 98.9912 0
      vertex -0.230087 100.991 2.5
      vertex -0.230087 100.991 0
    endloop
  endfacet
  facet normal -0.0766888 0.997055 0
    outer loop
      vertex -26.2301 98.9912 0
      vertex -26.2301 98.9912 2.5
      vertex -0.230087 100.991 2.5
    endloop
  endfacet
  facet normal -0.366996 0.930222 0
    outer loop
      vertex -27.8741 98.3426 0
      vertex -26.2301 98.9912 2.5
      vertex -26.2301 98.9912 0
    endloop
  endfacet
  facet normal -0.366996 0.930222 0
    outer loop
      vertex -27.8741 98.3426 0
      vertex -27.8741 98.3426 2.5
      vertex -26.2301 98.9912 2.5
    endloop
  endfacet
  facet normal -0.624695 0.780869 0
    outer loop
      vertex -32.8741 94.3426 0
      vertex -27.8741 98.3426 2.5
      vertex -27.8741 98.3426 0
    endloop
  endfacet
  facet normal -0.624695 0.780869 0
    outer loop
      vertex -32.8741 94.3426 0
      vertex -32.8741 94.3426 2.5
      vertex -27.8741 98.3426 2.5
    endloop
  endfacet
  facet normal -0.862501 0.506056 0
    outer loop
      vertex -33.9592 92.4932 0
      vertex -32.8741 94.3426 2.5
      vertex -32.8741 94.3426 0
    endloop
  endfacet
  facet normal -0.862501 0.506056 0
    outer loop
      vertex -33.9592 92.4932 0
      vertex -33.9592 92.4932 2.5
      vertex -32.8741 94.3426 2.5
    endloop
  endfacet
  facet normal -0.986394 0.164399 0
    outer loop
      vertex -34.9592 86.4932 0
      vertex -33.9592 92.4932 2.5
      vertex -33.9592 92.4932 0
    endloop
  endfacet
  facet normal -0.986394 0.164399 0
    outer loop
      vertex -34.9592 86.4932 0
      vertex -34.9592 86.4932 2.5
      vertex -33.9592 92.4932 2.5
    endloop
  endfacet
  facet normal -0.996596 0.0824434 0
    outer loop
      vertex -35 86 0
      vertex -34.9592 86.4932 2.5
      vertex -34.9592 86.4932 0
    endloop
  endfacet
  facet normal -0.996596 0.0824434 0
    outer loop
      vertex -35 86 0
      vertex -35 86 2.5
      vertex -34.9592 86.4932 2.5
    endloop
  endfacet
  facet normal -1 0 0
    outer loop
      vertex -35 78 0
      vertex -35 86 2.5
      vertex -35 86 0
    endloop
  endfacet
  facet normal -1 0 0
    outer loop
      vertex -35 78 0
      vertex -35 78 2.5
      vertex -35 86 2.5
    endloop
  endfacet
  facet normal -0.97325 -0.229747 0
    outer loop
      vertex -34.6833 76.6584 0
      vertex -35 78 2.5
      vertex -35 78 0
    endloop
  endfacet
  facet normal -0.97325 -0.229747 0
    outer loop
      vertex -34.6833 76.6584 0
      vertex -34.6833 76.6584 2.5
      vertex -35 78 2.5
    endloop
  endfacet
  facet normal -0.894427 -0.447214 0
    outer loop
      vertex -32.8484 72.9886 0
      vertex -34.6833 76.6584 2.5
      vertex -34.6833 76.6584 0
    endloop
  endfacet
  facet normal -0.894427 -0.447214 0
    outer loop
      vertex -32.8484 72.9886 0
      vertex -32.8484 72.9886 2.5
      vertex -34.6833 76.6584 2.5
    endloop
  endfacet
  facet normal -0.976187 -0.216932 0
    outer loop
      vertex -30.9673 64.5237 0
      vertex -32.8484 72.9886 2.5
      vertex -32.8484 72.9886 0
    endloop
  endfacet
  facet normal -0.976187 -0.216932 0
    outer loop
      vertex -30.9673 64.5237 0
      vertex -30.9673 64.5237 2.5
      vertex -32.8484 72.9886 2.5
    endloop
  endfacet
  facet normal -0.995037 -0.0995017 0
    outer loop
      vertex -30.0136 54.9865 0
      vertex -30.9673 64.5237 2.5
      vertex -30.9673 64.5237 0
    endloop
  endfacet
  facet normal -0.995037 -0.0995017 0
    outer loop
      vertex -30.0136 54.9865 0
      vertex -30.0136 54.9865 2.5
      vertex -30.9673 64.5237 2.5
    endloop
  endfacet
  facet normal -0.995893 0.0905374 0
    outer loop
      vertex -30.9877 44.2716 0
      vertex -30.0136 54.9865 2.5
      vertex -30.0136 54.9865 0
    endloop
  endfacet
  facet normal -0.995893 0.0905374 0
    outer loop
      vertex -30.9877 44.2716 0
      vertex -30.9877 44.2716 2.5
      vertex -30.0136 54.9865 2.5
    endloop
  endfacet
  facet normal -0.998976 0.0452408 0
    outer loop
      vertex -31 44 0
      vertex -30.9877 44.2716 2.5
      vertex -30.9877 44.2716 0
    endloop
  endfacet
  facet normal -0.998976 0.0452408 0
    outer loop
      vertex -31 44 0
      vertex -31 44 2.5
      vertex -30.9877 44.2716 2.5
    endloop
  endfacet
  facet normal -1 0 0
    outer loop
      vertex -31 37 0
      vertex -31 44 2.5
      vertex -31 44 0
    endloop
  endfacet
  facet normal -1 0 0
    outer loop
      vertex -31 37 0
      vertex -31 37 2.5
      vertex -31 44 2.5
    endloop
  endfacet
  facet normal -0.951051 -0.309035 0
    outer loop
      vertex -30.427 35.2366 0
      vertex -31 37 2.5
      vertex -31 37 0
    endloop
  endfacet
  facet normal -0.951051 -0.309035 0
    outer loop
      vertex -30.427 35.2366 0
      vertex -30.427 35.2366 2.5
      vertex -31 37 2.5
    endloop
  endfacet
  facet normal -0.453985 -0.891009 0
    outer loop
      vertex -28 34 0
      vertex -30.427 35.2366 2.5
      vertex -30.427 35.2366 0
    endloop
  endfacet
  facet normal -0.453985 -0.891009 0
    outer loop
      vertex -28 34 0
      vertex -28 34 2.5
      vertex -30.427 35.2366 2.5
    endloop
  endfacet
  facet normal 0 -1 0
    outer loop
      vertex 28 34 0
      vertex -28 34 2.5
      vertex -28 34 0
    endloop
  endfacet
  facet normal 0 -1 0
    outer loop
      vertex 28 34 0
      vertex 28 34 2.5
      vertex -28 34 2.5
    endloop
  endfacet
  facet normal 0.309035 -0.951051 0
    outer loop
      vertex 29.7634 34.573 0
      vertex 28 34 2.5
      vertex 28 34 0
    endloop
  endfacet
  facet normal 0.309035 -0.951051 0
    outer loop
      vertex 29.7634 34.573 0
      vertex 29.7634 34.573 2.5
      vertex 28 34 2.5
    endloop
  endfacet
  facet normal 0.555545 0.831486 -0
    outer loop
      vertex -10.9899 90.01 0
      vertex -10.9899 90.01 2.5
      vertex -10.5358 89.7066 0
    endloop
  endfacet
  facet normal 0.555545 0.831486 0
    outer loop
      vertex -10.5358 89.7066 2.5
      vertex -10.5358 89.7066 0
      vertex -10.9899 90.01 2.5
    endloop
  endfacet
  facet normal 0.831458 0.555587 -0
    outer loop
      vertex -11.2934 90.4642 0
      vertex -11.2934 90.4642 2.5
      vertex -10.9899 90.01 0
    endloop
  endfacet
  facet normal 0.831458 0.555587 0
    outer loop
      vertex -10.9899 90.01 2.5
      vertex -10.9899 90.01 0
      vertex -11.2934 90.4642 2.5
    endloop
  endfacet
  facet normal 0.980777 0.19513 -0
    outer loop
      vertex -11.4 91 0
      vertex -11.4 91 2.5
      vertex -11.2934 90.4642 0
    endloop
  endfacet
  facet normal 0.980777 0.19513 0
    outer loop
      vertex -11.2934 90.4642 2.5
      vertex -11.2934 90.4642 0
      vertex -11.4 91 2.5
    endloop
  endfacet
  facet normal 0.980777 -0.19513 0
    outer loop
      vertex -11.2934 91.5358 0
      vertex -11.2934 91.5358 2.5
      vertex -11.4 91 0
    endloop
  endfacet
  facet normal 0.980777 -0.19513 0
    outer loop
      vertex -11.4 91 2.5
      vertex -11.4 91 0
      vertex -11.2934 91.5358 2.5
    endloop
  endfacet
  facet normal 0.831402 -0.555672 0
    outer loop
      vertex -10.9899 91.9899 0
      vertex -10.9899 91.9899 2.5
      vertex -11.2934 91.5358 0
    endloop
  endfacet
  facet normal 0.831402 -0.555672 0
    outer loop
      vertex -11.2934 91.5358 2.5
      vertex -11.2934 91.5358 0
      vertex -10.9899 91.9899 2.5
    endloop
  endfacet
  facet normal 0.555672 -0.831402 0
    outer loop
      vertex -10.5358 92.2934 0
      vertex -10.5358 92.2934 2.5
      vertex -10.9899 91.9899 0
    endloop
  endfacet
  facet normal 0.555672 -0.831402 0
    outer loop
      vertex -10.9899 91.9899 2.5
      vertex -10.9899 91.9899 0
      vertex -10.5358 92.2934 2.5
    endloop
  endfacet
  facet normal 0.19513 -0.980777 0
    outer loop
      vertex -10 92.4 0
      vertex -10 92.4 2.5
      vertex -10.5358 92.2934 0
    endloop
  endfacet
  facet normal 0.19513 -0.980777 0
    outer loop
      vertex -10.5358 92.2934 2.5
      vertex -10.5358 92.2934 0
      vertex -10 92.4 2.5
    endloop
  endfacet
  facet normal -0.195141 -0.980775 0
    outer loop
      vertex -9.46423 92.2934 0
      vertex -9.46423 92.2934 2.5
      vertex -10 92.4 0
    endloop
  endfacet
  facet normal -0.195141 -0.980775 -0
    outer loop
      vertex -10 92.4 2.5
      vertex -10 92.4 0
      vertex -9.46423 92.2934 2.5
    endloop
  endfacet
  facet normal -0.555595 -0.831453 0
    outer loop
      vertex -9.01004 91.9899 0
      vertex -9.01004 91.9899 2.5
      vertex -9.46423 92.2934 0
    endloop
  endfacet
  facet normal -0.555595 -0.831453 -0
    outer loop
      vertex -9.46423 92.2934 2.5
      vertex -9.46423 92.2934 0
      vertex -9.01004 91.9899 2.5
    endloop
  endfacet
  facet normal -0.831419 -0.555646 0
    outer loop
      vertex -8.70656 91.5358 0
      vertex -8.70656 91.5358 2.5
      vertex -9.01004 91.9899 0
    endloop
  endfacet
  facet normal -0.831419 -0.555646 -0
    outer loop
      vertex -9.01004 91.9899 2.5
      vertex -9.01004 91.9899 0
      vertex -8.70656 91.5358 2.5
    endloop
  endfacet
  facet normal -0.980788 -0.195078 0
    outer loop
      vertex -8.59999 91 0
      vertex -8.59999 91 2.5
      vertex -8.70656 91.5358 0
    endloop
  endfacet
  facet normal -0.980788 -0.195078 -0
    outer loop
      vertex -8.70656 91.5358 2.5
      vertex -8.70656 91.5358 0
      vertex -8.59999 91 2.5
    endloop
  endfacet
  facet normal -0.980788 0.195078 0
    outer loop
      vertex -8.70656 90.4642 0
      vertex -8.70656 90.4642 2.5
      vertex -8.59999 91 0
    endloop
  endfacet
  facet normal -0.980788 0.195078 0
    outer loop
      vertex -8.59999 91 2.5
      vertex -8.59999 91 0
      vertex -8.70656 90.4642 2.5
    endloop
  endfacet
  facet normal -0.831475 0.555562 0
    outer loop
      vertex -9.01004 90.01 0
      vertex -9.01004 90.01 2.5
      vertex -8.70656 90.4642 0
    endloop
  endfacet
  facet normal -0.831475 0.555562 0
    outer loop
      vertex -8.70656 90.4642 2.5
      vertex -8.70656 90.4642 0
      vertex -9.01004 90.01 2.5
    endloop
  endfacet
  facet normal -0.555469 0.831537 0
    outer loop
      vertex -9.46423 89.7066 0
      vertex -9.46423 89.7066 2.5
      vertex -9.01004 90.01 0
    endloop
  endfacet
  facet normal -0.555469 0.831537 0
    outer loop
      vertex -9.01004 90.01 2.5
      vertex -9.01004 90.01 0
      vertex -9.46423 89.7066 2.5
    endloop
  endfacet
  facet normal -0.195141 0.980775 0
    outer loop
      vertex -10 89.6 0
      vertex -10 89.6 2.5
      vertex -9.46423 89.7066 0
    endloop
  endfacet
  facet normal -0.195141 0.980775 0
    outer loop
      vertex -9.46423 89.7066 2.5
      vertex -9.46423 89.7066 0
      vertex -10 89.6 2.5
    endloop
  endfacet
  facet normal 0.19513 0.980777 -0
    outer loop
      vertex -10.5358 89.7066 0
      vertex -10.5358 89.7066 2.5
      vertex -10 89.6 0
    endloop
  endfacet
  facet normal 0.19513 0.980777 0
    outer loop
      vertex -10 89.6 2.5
      vertex -10 89.6 0
      vertex -10.5358 89.7066 2.5
    endloop
  endfacet
  facet normal 0.555469 0.831537 -0
    outer loop
      vertex 9.01004 90.01 0
      vertex 9.01004 90.01 2.5
      vertex 9.46423 89.7066 0
    endloop
  endfacet
  facet normal 0.555469 0.831537 0
    outer loop
      vertex 9.46423 89.7066 2.5
      vertex 9.46423 89.7066 0
      vertex 9.01004 90.01 2.5
    endloop
  endfacet
  facet normal 0.831475 0.555562 -0
    outer loop
      vertex 8.70656 90.4642 0
      vertex 8.70656 90.4642 2.5
      vertex 9.01004 90.01 0
    endloop
  endfacet
  facet normal 0.831475 0.555562 0
    outer loop
      vertex 9.01004 90.01 2.5
      vertex 9.01004 90.01 0
      vertex 8.70656 90.4642 2.5
    endloop
  endfacet
  facet normal 0.980788 0.195078 -0
    outer loop
      vertex 8.59999 91 0
      vertex 8.59999 91 2.5
      vertex 8.70656 90.4642 0
    endloop
  endfacet
  facet normal 0.980788 0.195078 0
    outer loop
      vertex 8.70656 90.4642 2.5
      vertex 8.70656 90.4642 0
      vertex 8.59999 91 2.5
    endloop
  endfacet
  facet normal 0.980788 -0.195078 0
    outer loop
      vertex 8.70656 91.5358 0
      vertex 8.70656 91.5358 2.5
      vertex 8.59999 91 0
    endloop
  endfacet
  facet normal 0.980788 -0.195078 0
    outer loop
      vertex 8.59999 91 2.5
      vertex 8.59999 91 0
      vertex 8.70656 91.5358 2.5
    endloop
  endfacet
  facet normal 0.831419 -0.555646 0
    outer loop
      vertex 9.01004 91.9899 0
      vertex 9.01004 91.9899 2.5
      vertex 8.70656 91.5358 0
    endloop
  endfacet
  facet normal 0.831419 -0.555646 0
    outer loop
      vertex 8.70656 91.5358 2.5
      vertex 8.70656 91.5358 0
      vertex 9.01004 91.9899 2.5
    endloop
  endfacet
  facet normal 0.555595 -0.831453 0
    outer loop
      vertex 9.46423 92.2934 0
      vertex 9.46423 92.2934 2.5
      vertex 9.01004 91.9899 0
    endloop
  endfacet
  facet normal 0.555595 -0.831453 0
    outer loop
      vertex 9.01004 91.9899 2.5
      vertex 9.01004 91.9899 0
      vertex 9.46423 92.2934 2.5
    endloop
  endfacet
  facet normal 0.195141 -0.980775 0
    outer loop
      vertex 10 92.4 0
      vertex 10 92.4 2.5
      vertex 9.46423 92.2934 0
    endloop
  endfacet
  facet normal 0.195141 -0.980775 0
    outer loop
      vertex 9.46423 92.2934 2.5
      vertex 9.46423 92.2934 0
      vertex 10 92.4 2.5
    endloop
  endfacet
  facet normal -0.19513 -0.980777 0
    outer loop
      vertex 10.5358 92.2934 0
      vertex 10.5358 92.2934 2.5
      vertex 10 92.4 0
    endloop
  endfacet
  facet normal -0.19513 -0.980777 -0
    outer loop
      vertex 10 92.4 2.5
      vertex 10 92.4 0
      vertex 10.5358 92.2934 2.5
    endloop
  endfacet
  facet normal -0.555672 -0.831402 0
    outer loop
      vertex 10.9899 91.9899 0
      vertex 10.9899 91.9899 2.5
      vertex 10.5358 92.2934 0
    endloop
  endfacet
  facet normal -0.555672 -0.831402 -0
    outer loop
      vertex 10.5358 92.2934 2.5
      vertex 10.5358 92.2934 0
      vertex 10.9899 91.9899 2.5
    endloop
  endfacet
  facet normal -0.831402 -0.555672 0
    outer loop
      vertex 11.2934 91.5358 0
      vertex 11.2934 91.5358 2.5
      vertex 10.9899 91.9899 0
    endloop
  endfacet
  facet normal -0.831402 -0.555672 -0
    outer loop
      vertex 10.9899 91.9899 2.5
      vertex 10.9899 91.9899 0
      vertex 11.2934 91.5358 2.5
    endloop
  endfacet
  facet normal -0.980777 -0.19513 0
    outer loop
      vertex 11.4 91 0
      vertex 11.4 91 2.5
      vertex 11.2934 91.5358 0
    endloop
  endfacet
  facet normal -0.980777 -0.19513 -0
    outer loop
      vertex 11.2934 91.5358 2.5
      vertex 11.2934 91.5358 0
      vertex 11.4 91 2.5
    endloop
  endfacet
  facet normal -0.980777 0.19513 0
    outer loop
      vertex 11.2934 90.4642 0
      vertex 11.2934 90.4642 2.5
      vertex 11.4 91 0
    endloop
  endfacet
  facet normal -0.980777 0.19513 0
    outer loop
      vertex 11.4 91 2.5
      vertex 11.4 91 0
      vertex 11.2934 90.4642 2.5
    endloop
  endfacet
  facet normal -0.831458 0.555587 0
    outer loop
      vertex 10.9899 90.01 0
      vertex 10.9899 90.01 2.5
      vertex 11.2934 90.4642 0
    endloop
  endfacet
  facet normal -0.831458 0.555587 0
    outer loop
      vertex 11.2934 90.4642 2.5
      vertex 11.2934 90.4642 0
      vertex 10.9899 90.01 2.5
    endloop
  endfacet
  facet normal -0.555545 0.831486 0
    outer loop
      vertex 10.5358 89.7066 0
      vertex 10.5358 89.7066 2.5
      vertex 10.9899 90.01 0
    endloop
  endfacet
  facet normal -0.555545 0.831486 0
    outer loop
      vertex 10.9899 90.01 2.5
      vertex 10.9899 90.01 0
      vertex 10.5358 89.7066 2.5
    endloop
  endfacet
  facet normal -0.19513 0.980777 0
    outer loop
      vertex 10 89.6 0
      vertex 10 89.6 2.5
      vertex 10.5358 89.7066 0
    endloop
  endfacet
  facet normal -0.19513 0.980777 0
    outer loop
      vertex 10.5358 89.7066 2.5
      vertex 10.5358 89.7066 0
      vertex 10 89.6 2.5
    endloop
  endfacet
  facet normal 0.195141 0.980775 -0
    outer loop
      vertex 9.46423 89.7066 0
      vertex 9.46423 89.7066 2.5
      vertex 10 89.6 0
    endloop
  endfacet
  facet normal 0.195141 0.980775 0
    outer loop
      vertex 10 89.6 2.5
      vertex 10 89.6 0
      vertex 9.46423 89.7066 2.5
    endloop
  endfacet
  facet normal 0.382723 0.923863 -0
    outer loop
      vertex -1.75 82.9689 0
      vertex -1.75 82.9689 2.5
      vertex -0.905853 82.6192 0
    endloop
  endfacet
  facet normal 0.382723 0.923863 0
    outer loop
      vertex -0.905853 82.6192 2.5
      vertex -0.905853 82.6192 0
      vertex -1.75 82.9689 2.5
    endloop
  endfacet
  facet normal 0.608753 0.79336 -0
    outer loop
      vertex -2.47487 83.5251 0
      vertex -2.47487 83.5251 2.5
      vertex -1.75 82.9689 0
    endloop
  endfacet
  facet normal 0.608753 0.79336 0
    outer loop
      vertex -1.75 82.9689 2.5
      vertex -1.75 82.9689 0
      vertex -2.47487 83.5251 2.5
    endloop
  endfacet
  facet normal 0.793367 0.608744 -0
    outer loop
      vertex -3.03108 84.25 0
      vertex -3.03108 84.25 2.5
      vertex -2.47487 83.5251 0
    endloop
  endfacet
  facet normal 0.793367 0.608744 0
    outer loop
      vertex -2.47487 83.5251 2.5
      vertex -2.47487 83.5251 0
      vertex -3.03108 84.25 2.5
    endloop
  endfacet
  facet normal 0.923871 0.382704 -0
    outer loop
      vertex -3.38074 85.0941 0
      vertex -3.38074 85.0941 2.5
      vertex -3.03108 84.25 0
    endloop
  endfacet
  facet normal 0.923871 0.382704 0
    outer loop
      vertex -3.03108 84.25 2.5
      vertex -3.03108 84.25 0
      vertex -3.38074 85.0941 2.5
    endloop
  endfacet
  facet normal 0.991445 0.130522 -0
    outer loop
      vertex -3.5 86 0
      vertex -3.5 86 2.5
      vertex -3.38074 85.0941 0
    endloop
  endfacet
  facet normal 0.991445 0.130522 0
    outer loop
      vertex -3.38074 85.0941 2.5
      vertex -3.38074 85.0941 0
      vertex -3.5 86 2.5
    endloop
  endfacet
  facet normal 0.991445 -0.130522 0
    outer loop
      vertex -3.38074 86.9059 0
      vertex -3.38074 86.9059 2.5
      vertex -3.5 86 0
    endloop
  endfacet
  facet normal 0.991445 -0.130522 0
    outer loop
      vertex -3.5 86 2.5
      vertex -3.5 86 0
      vertex -3.38074 86.9059 2.5
    endloop
  endfacet
  facet normal 0.923871 -0.382704 0
    outer loop
      vertex -3.03108 87.75 0
      vertex -3.03108 87.75 2.5
      vertex -3.38074 86.9059 0
    endloop
  endfacet
  facet normal 0.923871 -0.382704 0
    outer loop
      vertex -3.38074 86.9059 2.5
      vertex -3.38074 86.9059 0
      vertex -3.03108 87.75 2.5
    endloop
  endfacet
  facet normal 0.793367 -0.608744 0
    outer loop
      vertex -2.47487 88.4749 0
      vertex -2.47487 88.4749 2.5
      vertex -3.03108 87.75 0
    endloop
  endfacet
  facet normal 0.793367 -0.608744 0
    outer loop
      vertex -3.03108 87.75 2.5
      vertex -3.03108 87.75 0
      vertex -2.47487 88.4749 2.5
    endloop
  endfacet
  facet normal 0.608753 -0.79336 0
    outer loop
      vertex -1.75 89.0311 0
      vertex -1.75 89.0311 2.5
      vertex -2.47487 88.4749 0
    endloop
  endfacet
  facet normal 0.608753 -0.79336 0
    outer loop
      vertex -2.47487 88.4749 2.5
      vertex -2.47487 88.4749 0
      vertex -1.75 89.0311 2.5
    endloop
  endfacet
  facet normal 0.38263 -0.923902 0
    outer loop
      vertex -0.905853 89.3807 0
      vertex -0.905853 89.3807 2.5
      vertex -1.75 89.0311 0
    endloop
  endfacet
  facet normal 0.38263 -0.923902 0
    outer loop
      vertex -1.75 89.0311 2.5
      vertex -1.75 89.0311 0
      vertex -0.905853 89.3807 2.5
    endloop
  endfacet
  facet normal 0.130572 -0.991439 0
    outer loop
      vertex 0 89.5 0
      vertex 0 89.5 2.5
      vertex -0.905853 89.3807 0
    endloop
  endfacet
  facet normal 0.130572 -0.991439 0
    outer loop
      vertex -0.905853 89.3807 2.5
      vertex -0.905853 89.3807 0
      vertex 0 89.5 2.5
    endloop
  endfacet
  facet normal -0.130572 -0.991439 0
    outer loop
      vertex 0.905853 89.3807 0
      vertex 0.905853 89.3807 2.5
      vertex 0 89.5 0
    endloop
  endfacet
  facet normal -0.130572 -0.991439 -0
    outer loop
      vertex 0 89.5 2.5
      vertex 0 89.5 0
      vertex 0.905853 89.3807 2.5
    endloop
  endfacet
  facet normal -0.38263 -0.923902 0
    outer loop
      vertex 1.75 89.0311 0
      vertex 1.75 89.0311 2.5
      vertex 0.905853 89.3807 0
    endloop
  endfacet
  facet normal -0.38263 -0.923902 -0
    outer loop
      vertex 0.905853 89.3807 2.5
      vertex 0.905853 89.3807 0
      vertex 1.75 89.0311 2.5
    endloop
  endfacet
  facet normal -0.608753 -0.79336 0
    outer loop
      vertex 2.47487 88.4749 0
      vertex 2.47487 88.4749 2.5
      vertex 1.75 89.0311 0
    endloop
  endfacet
  facet normal -0.608753 -0.79336 -0
    outer loop
      vertex 1.75 89.0311 2.5
      vertex 1.75 89.0311 0
      vertex 2.47487 88.4749 2.5
    endloop
  endfacet
  facet normal -0.793367 -0.608744 0
    outer loop
      vertex 3.03108 87.75 0
      vertex 3.03108 87.75 2.5
      vertex 2.47487 88.4749 0
    endloop
  endfacet
  facet normal -0.793367 -0.608744 -0
    outer loop
      vertex 2.47487 88.4749 2.5
      vertex 2.47487 88.4749 0
      vertex 3.03108 87.75 2.5
    endloop
  endfacet
  facet normal -0.923871 -0.382704 0
    outer loop
      vertex 3.38074 86.9059 0
      vertex 3.38074 86.9059 2.5
      vertex 3.03108 87.75 0
    endloop
  endfacet
  facet normal -0.923871 -0.382704 -0
    outer loop
      vertex 3.03108 87.75 2.5
      vertex 3.03108 87.75 0
      vertex 3.38074 86.9059 2.5
    endloop
  endfacet
  facet normal -0.991445 -0.130522 0
    outer loop
      vertex 3.5 86 0
      vertex 3.5 86 2.5
      vertex 3.38074 86.9059 0
    endloop
  endfacet
  facet normal -0.991445 -0.130522 -0
    outer loop
      vertex 3.38074 86.9059 2.5
      vertex 3.38074 86.9059 0
      vertex 3.5 86 2.5
    endloop
  endfacet
  facet normal -0.991445 0.130522 0
    outer loop
      vertex 3.38074 85.0941 0
      vertex 3.38074 85.0941 2.5
      vertex 3.5 86 0
    endloop
  endfacet
  facet normal -0.991445 0.130522 0
    outer loop
      vertex 3.5 86 2.5
      vertex 3.5 86 0
      vertex 3.38074 85.0941 2.5
    endloop
  endfacet
  facet normal -0.923871 0.382704 0
    outer loop
      vertex 3.03108 84.25 0
      vertex 3.03108 84.25 2.5
      vertex 3.38074 85.0941 0
    endloop
  endfacet
  facet normal -0.923871 0.382704 0
    outer loop
      vertex 3.38074 85.0941 2.5
      vertex 3.38074 85.0941 0
      vertex 3.03108 84.25 2.5
    endloop
  endfacet
  facet normal -0.793367 0.608744 0
    outer loop
      vertex 2.47487 83.5251 0
      vertex 2.47487 83.5251 2.5
      vertex 3.03108 84.25 0
    endloop
  endfacet
  facet normal -0.793367 0.608744 0
    outer loop
      vertex 3.03108 84.25 2.5
      vertex 3.03108 84.25 0
      vertex 2.47487 83.5251 2.5
    endloop
  endfacet
  facet normal -0.608753 0.79336 0
    outer loop
      vertex 1.75 82.9689 0
      vertex 1.75 82.9689 2.5
      vertex 2.47487 83.5251 0
    endloop
  endfacet
  facet normal -0.608753 0.79336 0
    outer loop
      vertex 2.47487 83.5251 2.5
      vertex 2.47487 83.5251 0
      vertex 1.75 82.9689 2.5
    endloop
  endfacet
  facet normal -0.382723 0.923863 0
    outer loop
      vertex 0.905853 82.6192 0
      vertex 0.905853 82.6192 2.5
      vertex 1.75 82.9689 0
    endloop
  endfacet
  facet normal -0.382723 0.923863 0
    outer loop
      vertex 1.75 82.9689 2.5
      vertex 1.75 82.9689 0
      vertex 0.905853 82.6192 2.5
    endloop
  endfacet
  facet normal -0.130464 0.991453 0
    outer loop
      vertex 0 82.5 0
      vertex 0 82.5 2.5
      vertex 0.905853 82.6192 0
    endloop
  endfacet
  facet normal -0.130464 0.991453 0
    outer loop
      vertex 0.905853 82.6192 2.5
      vertex 0.905853 82.6192 0
      vertex 0 82.5 2.5
    endloop
  endfacet
  facet normal 0.130464 0.991453 -0
    outer loop
      vertex -0.905853 82.6192 0
      vertex -0.905853 82.6192 2.5
      vertex 0 82.5 0
    endloop
  endfacet
  facet normal 0.130464 0.991453 0
    outer loop
      vertex 0 82.5 2.5
      vertex 0 82.5 0
      vertex -0.905853 82.6192 2.5
    endloop
  endfacet
  facet normal 0.382796 0.923833 -0
    outer loop
      vertex 19.28 72.1944 0
      vertex 19.28 72.1944 2.5
      vertex 19.6659 72.0345 0
    endloop
  endfacet
  facet normal 0.382796 0.923833 0
    outer loop
      vertex 19.6659 72.0345 2.5
      vertex 19.6659 72.0345 0
      vertex 19.28 72.1944 2.5
    endloop
  endfacet
  facet normal 0.608623 0.79346 -0
    outer loop
      vertex 18.9486 72.4486 0
      vertex 18.9486 72.4486 2.5
      vertex 19.28 72.1944 0
    endloop
  endfacet
  facet normal 0.608623 0.79346 0
    outer loop
      vertex 19.28 72.1944 2.5
      vertex 19.28 72.1944 0
      vertex 18.9486 72.4486 2.5
    endloop
  endfacet
  facet normal 0.79346 0.608623 -0
    outer loop
      vertex 18.6944 72.78 0
      vertex 18.6944 72.78 2.5
      vertex 18.9486 72.4486 0
    endloop
  endfacet
  facet normal 0.79346 0.608623 0
    outer loop
      vertex 18.9486 72.4486 2.5
      vertex 18.9486 72.4486 0
      vertex 18.6944 72.78 2.5
    endloop
  endfacet
  facet normal 0.923833 0.382796 -0
    outer loop
      vertex 18.5345 73.1659 0
      vertex 18.5345 73.1659 2.5
      vertex 18.6944 72.78 0
    endloop
  endfacet
  facet normal 0.923833 0.382796 0
    outer loop
      vertex 18.6944 72.78 2.5
      vertex 18.6944 72.78 0
      vertex 18.5345 73.1659 2.5
    endloop
  endfacet
  facet normal 0.99145 0.130485 -0
    outer loop
      vertex 18.48 73.58 0
      vertex 18.48 73.58 2.5
      vertex 18.5345 73.1659 0
    endloop
  endfacet
  facet normal 0.99145 0.130485 0
    outer loop
      vertex 18.5345 73.1659 2.5
      vertex 18.5345 73.1659 0
      vertex 18.48 73.58 2.5
    endloop
  endfacet
  facet normal 0.99145 -0.130485 0
    outer loop
      vertex 18.5345 73.9941 0
      vertex 18.5345 73.9941 2.5
      vertex 18.48 73.58 0
    endloop
  endfacet
  facet normal 0.99145 -0.130485 0
    outer loop
      vertex 18.48 73.58 2.5
      vertex 18.48 73.58 0
      vertex 18.5345 73.9941 2.5
    endloop
  endfacet
  facet normal 0.923833 -0.382796 0
    outer loop
      vertex 18.6944 74.38 0
      vertex 18.6944 74.38 2.5
      vertex 18.5345 73.9941 0
    endloop
  endfacet
  facet normal 0.923833 -0.382796 0
    outer loop
      vertex 18.5345 73.9941 2.5
      vertex 18.5345 73.9941 0
      vertex 18.6944 74.38 2.5
    endloop
  endfacet
  facet normal 0.79346 -0.608623 0
    outer loop
      vertex 18.9486 74.7114 0
      vertex 18.9486 74.7114 2.5
      vertex 18.6944 74.38 0
    endloop
  endfacet
  facet normal 0.79346 -0.608623 0
    outer loop
      vertex 18.6944 74.38 2.5
      vertex 18.6944 74.38 0
      vertex 18.9486 74.7114 2.5
    endloop
  endfacet
  facet normal 0.608623 -0.79346 0
    outer loop
      vertex 19.28 74.9656 0
      vertex 19.28 74.9656 2.5
      vertex 18.9486 74.7114 0
    endloop
  endfacet
  facet normal 0.608623 -0.79346 0
    outer loop
      vertex 18.9486 74.7114 2.5
      vertex 18.9486 74.7114 0
      vertex 19.28 74.9656 2.5
    endloop
  endfacet
  facet normal 0.382796 -0.923833 0
    outer loop
      vertex 19.6659 75.1255 0
      vertex 19.6659 75.1255 2.5
      vertex 19.28 74.9656 0
    endloop
  endfacet
  facet normal 0.382796 -0.923833 0
    outer loop
      vertex 19.28 74.9656 2.5
      vertex 19.28 74.9656 0
      vertex 19.6659 75.1255 2.5
    endloop
  endfacet
  facet normal 0.130485 -0.99145 0
    outer loop
      vertex 20.08 75.18 0
      vertex 20.08 75.18 2.5
      vertex 19.6659 75.1255 0
    endloop
  endfacet
  facet normal 0.130485 -0.99145 0
    outer loop
      vertex 19.6659 75.1255 2.5
      vertex 19.6659 75.1255 0
      vertex 20.08 75.18 2.5
    endloop
  endfacet
  facet normal -0.130485 -0.99145 0
    outer loop
      vertex 20.4941 75.1255 0
      vertex 20.4941 75.1255 2.5
      vertex 20.08 75.18 0
    endloop
  endfacet
  facet normal -0.130485 -0.99145 -0
    outer loop
      vertex 20.08 75.18 2.5
      vertex 20.08 75.18 0
      vertex 20.4941 75.1255 2.5
    endloop
  endfacet
  facet normal -0.382796 -0.923833 0
    outer loop
      vertex 20.88 74.9656 0
      vertex 20.88 74.9656 2.5
      vertex 20.4941 75.1255 0
    endloop
  endfacet
  facet normal -0.382796 -0.923833 -0
    outer loop
      vertex 20.4941 75.1255 2.5
      vertex 20.4941 75.1255 0
      vertex 20.88 74.9656 2.5
    endloop
  endfacet
  facet normal -0.608623 -0.79346 0
    outer loop
      vertex 21.2114 74.7114 0
      vertex 21.2114 74.7114 2.5
      vertex 20.88 74.9656 0
    endloop
  endfacet
  facet normal -0.608623 -0.79346 -0
    outer loop
      vertex 20.88 74.9656 2.5
      vertex 20.88 74.9656 0
      vertex 21.2114 74.7114 2.5
    endloop
  endfacet
  facet normal -0.79346 -0.608623 0
    outer loop
      vertex 21.4656 74.38 0
      vertex 21.4656 74.38 2.5
      vertex 21.2114 74.7114 0
    endloop
  endfacet
  facet normal -0.79346 -0.608623 -0
    outer loop
      vertex 21.2114 74.7114 2.5
      vertex 21.2114 74.7114 0
      vertex 21.4656 74.38 2.5
    endloop
  endfacet
  facet normal -0.923833 -0.382796 0
    outer loop
      vertex 21.6255 73.9941 0
      vertex 21.6255 73.9941 2.5
      vertex 21.4656 74.38 0
    endloop
  endfacet
  facet normal -0.923833 -0.382796 -0
    outer loop
      vertex 21.4656 74.38 2.5
      vertex 21.4656 74.38 0
      vertex 21.6255 73.9941 2.5
    endloop
  endfacet
  facet normal -0.99145 -0.130485 0
    outer loop
      vertex 21.68 73.58 0
      vertex 21.68 73.58 2.5
      vertex 21.6255 73.9941 0
    endloop
  endfacet
  facet normal -0.99145 -0.130485 -0
    outer loop
      vertex 21.6255 73.9941 2.5
      vertex 21.6255 73.9941 0
      vertex 21.68 73.58 2.5
    endloop
  endfacet
  facet normal -0.99145 0.130485 0
    outer loop
      vertex 21.6255 73.1659 0
      vertex 21.6255 73.1659 2.5
      vertex 21.68 73.58 0
    endloop
  endfacet
  facet normal -0.99145 0.130485 0
    outer loop
      vertex 21.68 73.58 2.5
      vertex 21.68 73.58 0
      vertex 21.6255 73.1659 2.5
    endloop
  endfacet
  facet normal -0.923833 0.382796 0
    outer loop
      vertex 21.4656 72.78 0
      vertex 21.4656 72.78 2.5
      vertex 21.6255 73.1659 0
    endloop
  endfacet
  facet normal -0.923833 0.382796 0
    outer loop
      vertex 21.6255 73.1659 2.5
      vertex 21.6255 73.1659 0
      vertex 21.4656 72.78 2.5
    endloop
  endfacet
  facet normal -0.79346 0.608623 0
    outer loop
      vertex 21.2114 72.4486 0
      vertex 21.2114 72.4486 2.5
      vertex 21.4656 72.78 0
    endloop
  endfacet
  facet normal -0.79346 0.608623 0
    outer loop
      vertex 21.4656 72.78 2.5
      vertex 21.4656 72.78 0
      vertex 21.2114 72.4486 2.5
    endloop
  endfacet
  facet normal -0.608623 0.79346 0
    outer loop
      vertex 20.88 72.1944 0
      vertex 20.88 72.1944 2.5
      vertex 21.2114 72.4486 0
    endloop
  endfacet
  facet normal -0.608623 0.79346 0
    outer loop
      vertex 21.2114 72.4486 2.5
      vertex 21.2114 72.4486 0
      vertex 20.88 72.1944 2.5
    endloop
  endfacet
  facet normal -0.382796 0.923833 0
    outer loop
      vertex 20.4941 72.0345 0
      vertex 20.4941 72.0345 2.5
      vertex 20.88 72.1944 0
    endloop
  endfacet
  facet normal -0.382796 0.923833 0
    outer loop
      vertex 20.88 72.1944 2.5
      vertex 20.88 72.1944 0
      vertex 20.4941 72.0345 2.5
    endloop
  endfacet
  facet normal -0.130485 0.99145 0
    outer loop
      vertex 20.08 71.98 0
      vertex 20.08 71.98 2.5
      vertex 20.4941 72.0345 0
    endloop
  endfacet
  facet normal -0.130485 0.99145 0
    outer loop
      vertex 20.4941 72.0345 2.5
      vertex 20.4941 72.0345 0
      vertex 20.08 71.98 2.5
    endloop
  endfacet
  facet normal 0.130485 0.99145 -0
    outer loop
      vertex 19.6659 72.0345 0
      vertex 19.6659 72.0345 2.5
      vertex 20.08 71.98 0
    endloop
  endfacet
  facet normal 0.130485 0.99145 0
    outer loop
      vertex 20.08 71.98 2.5
      vertex 20.08 71.98 0
      vertex 19.6659 72.0345 2.5
    endloop
  endfacet
  facet normal 0.382796 0.923833 -0
    outer loop
      vertex -20.88 72.1944 0
      vertex -20.88 72.1944 2.5
      vertex -20.4941 72.0345 0
    endloop
  endfacet
  facet normal 0.382796 0.923833 0
    outer loop
      vertex -20.4941 72.0345 2.5
      vertex -20.4941 72.0345 0
      vertex -20.88 72.1944 2.5
    endloop
  endfacet
  facet normal 0.608623 0.79346 -0
    outer loop
      vertex -21.2114 72.4486 0
      vertex -21.2114 72.4486 2.5
      vertex -20.88 72.1944 0
    endloop
  endfacet
  facet normal 0.608623 0.79346 0
    outer loop
      vertex -20.88 72.1944 2.5
      vertex -20.88 72.1944 0
      vertex -21.2114 72.4486 2.5
    endloop
  endfacet
  facet normal 0.79346 0.608623 -0
    outer loop
      vertex -21.4656 72.78 0
      vertex -21.4656 72.78 2.5
      vertex -21.2114 72.4486 0
    endloop
  endfacet
  facet normal 0.79346 0.608623 0
    outer loop
      vertex -21.2114 72.4486 2.5
      vertex -21.2114 72.4486 0
      vertex -21.4656 72.78 2.5
    endloop
  endfacet
  facet normal 0.923833 0.382796 -0
    outer loop
      vertex -21.6255 73.1659 0
      vertex -21.6255 73.1659 2.5
      vertex -21.4656 72.78 0
    endloop
  endfacet
  facet normal 0.923833 0.382796 0
    outer loop
      vertex -21.4656 72.78 2.5
      vertex -21.4656 72.78 0
      vertex -21.6255 73.1659 2.5
    endloop
  endfacet
  facet normal 0.99145 0.130485 -0
    outer loop
      vertex -21.68 73.58 0
      vertex -21.68 73.58 2.5
      vertex -21.6255 73.1659 0
    endloop
  endfacet
  facet normal 0.99145 0.130485 0
    outer loop
      vertex -21.6255 73.1659 2.5
      vertex -21.6255 73.1659 0
      vertex -21.68 73.58 2.5
    endloop
  endfacet
  facet normal 0.99145 -0.130485 0
    outer loop
      vertex -21.6255 73.9941 0
      vertex -21.6255 73.9941 2.5
      vertex -21.68 73.58 0
    endloop
  endfacet
  facet normal 0.99145 -0.130485 0
    outer loop
      vertex -21.68 73.58 2.5
      vertex -21.68 73.58 0
      vertex -21.6255 73.9941 2.5
    endloop
  endfacet
  facet normal 0.923833 -0.382796 0
    outer loop
      vertex -21.4656 74.38 0
      vertex -21.4656 74.38 2.5
      vertex -21.6255 73.9941 0
    endloop
  endfacet
  facet normal 0.923833 -0.382796 0
    outer loop
      vertex -21.6255 73.9941 2.5
      vertex -21.6255 73.9941 0
      vertex -21.4656 74.38 2.5
    endloop
  endfacet
  facet normal 0.79346 -0.608623 0
    outer loop
      vertex -21.2114 74.7114 0
      vertex -21.2114 74.7114 2.5
      vertex -21.4656 74.38 0
    endloop
  endfacet
  facet normal 0.79346 -0.608623 0
    outer loop
      vertex -21.4656 74.38 2.5
      vertex -21.4656 74.38 0
      vertex -21.2114 74.7114 2.5
    endloop
  endfacet
  facet normal 0.608623 -0.79346 0
    outer loop
      vertex -20.88 74.9656 0
      vertex -20.88 74.9656 2.5
      vertex -21.2114 74.7114 0
    endloop
  endfacet
  facet normal 0.608623 -0.79346 0
    outer loop
      vertex -21.2114 74.7114 2.5
      vertex -21.2114 74.7114 0
      vertex -20.88 74.9656 2.5
    endloop
  endfacet
  facet normal 0.382796 -0.923833 0
    outer loop
      vertex -20.4941 75.1255 0
      vertex -20.4941 75.1255 2.5
      vertex -20.88 74.9656 0
    endloop
  endfacet
  facet normal 0.382796 -0.923833 0
    outer loop
      vertex -20.88 74.9656 2.5
      vertex -20.88 74.9656 0
      vertex -20.4941 75.1255 2.5
    endloop
  endfacet
  facet normal 0.130485 -0.99145 0
    outer loop
      vertex -20.08 75.18 0
      vertex -20.08 75.18 2.5
      vertex -20.4941 75.1255 0
    endloop
  endfacet
  facet normal 0.130485 -0.99145 0
    outer loop
      vertex -20.4941 75.1255 2.5
      vertex -20.4941 75.1255 0
      vertex -20.08 75.18 2.5
    endloop
  endfacet
  facet normal -0.130485 -0.99145 0
    outer loop
      vertex -19.6659 75.1255 0
      vertex -19.6659 75.1255 2.5
      vertex -20.08 75.18 0
    endloop
  endfacet
  facet normal -0.130485 -0.99145 -0
    outer loop
      vertex -20.08 75.18 2.5
      vertex -20.08 75.18 0
      vertex -19.6659 75.1255 2.5
    endloop
  endfacet
  facet normal -0.382796 -0.923833 0
    outer loop
      vertex -19.28 74.9656 0
      vertex -19.28 74.9656 2.5
      vertex -19.6659 75.1255 0
    endloop
  endfacet
  facet normal -0.382796 -0.923833 -0
    outer loop
      vertex -19.6659 75.1255 2.5
      vertex -19.6659 75.1255 0
      vertex -19.28 74.9656 2.5
    endloop
  endfacet
  facet normal -0.608623 -0.79346 0
    outer loop
      vertex -18.9486 74.7114 0
      vertex -18.9486 74.7114 2.5
      vertex -19.28 74.9656 0
    endloop
  endfacet
  facet normal -0.608623 -0.79346 -0
    outer loop
      vertex -19.28 74.9656 2.5
      vertex -19.28 74.9656 0
      vertex -18.9486 74.7114 2.5
    endloop
  endfacet
  facet normal -0.79346 -0.608623 0
    outer loop
      vertex -18.6944 74.38 0
      vertex -18.6944 74.38 2.5
      vertex -18.9486 74.7114 0
    endloop
  endfacet
  facet normal -0.79346 -0.608623 -0
    outer loop
      vertex -18.9486 74.7114 2.5
      vertex -18.9486 74.7114 0
      vertex -18.6944 74.38 2.5
    endloop
  endfacet
  facet normal -0.923833 -0.382796 0
    outer loop
      vertex -18.5345 73.9941 0
      vertex -18.5345 73.9941 2.5
      vertex -18.6944 74.38 0
    endloop
  endfacet
  facet normal -0.923833 -0.382796 -0
    outer loop
      vertex -18.6944 74.38 2.5
      vertex -18.6944 74.38 0
      vertex -18.5345 73.9941 2.5
    endloop
  endfacet
  facet normal -0.99145 -0.130485 0
    outer loop
      vertex -18.48 73.58 0
      vertex -18.48 73.58 2.5
      vertex -18.5345 73.9941 0
    endloop
  endfacet
  facet normal -0.99145 -0.130485 -0
    outer loop
      vertex -18.5345 73.9941 2.5
      vertex -18.5345 73.9941 0
      vertex -18.48 73.58 2.5
    endloop
  endfacet
  facet normal -0.99145 0.130485 0
    outer loop
      vertex -18.5345 73.1659 0
      vertex -18.5345 73.1659 2.5
      vertex -18.48 73.58 0
    endloop
  endfacet
  facet normal -0.99145 0.130485 0
    outer loop
      vertex -18.48 73.58 2.5
      vertex -18.48 73.58 0
      vertex -18.5345 73.1659 2.5
    endloop
  endfacet
  facet normal -0.923833 0.382796 0
    outer loop
      vertex -18.6944 72.78 0
      vertex -18.6944 72.78 2.5
      vertex -18.5345 73.1659 0
    endloop
  endfacet
  facet normal -0.923833 0.382796 0
    outer loop
      vertex -18.5345 73.1659 2.5
      vertex -18.5345 73.1659 0
      vertex -18.6944 72.78 2.5
    endloop
  endfacet
  facet normal -0.79346 0.608623 0
    outer loop
      vertex -18.9486 72.4486 0
      vertex -18.9486 72.4486 2.5
      vertex -18.6944 72.78 0
    endloop
  endfacet
  facet normal -0.79346 0.608623 0
    outer loop
      vertex -18.6944 72.78 2.5
      vertex -18.6944 72.78 0
      vertex -18.9486 72.4486 2.5
    endloop
  endfacet
  facet normal -0.608623 0.79346 0
    outer loop
      vertex -19.28 72.1944 0
      vertex -19.28 72.1944 2.5
      vertex -18.9486 72.4486 0
    endloop
  endfacet
  facet normal -0.608623 0.79346 0
    outer loop
      vertex -18.9486 72.4486 2.5
      vertex -18.9486 72.4486 0
      vertex -19.28 72.1944 2.5
    endloop
  endfacet
  facet normal -0.382796 0.923833 0
    outer loop
      vertex -19.6659 72.0345 0
      vertex -19.6659 72.0345 2.5
      vertex -19.28 72.1944 0
    endloop
  endfacet
  facet normal -0.382796 0.923833 0
    outer loop
      vertex -19.28 72.1944 2.5
      vertex -19.28 72.1944 0
      vertex -19.6659 72.0345 2.5
    endloop
  endfacet
  facet normal -0.130485 0.99145 0
    outer loop
      vertex -20.08 71.98 0
      vertex -20.08 71.98 2.5
      vertex -19.6659 72.0345 0
    endloop
  endfacet
  facet normal -0.130485 0.99145 0
    outer loop
      vertex -19.6659 72.0345 2.5
      vertex -19.6659 72.0345 0
      vertex -20.08 71.98 2.5
    endloop
  endfacet
  facet normal 0.130485 0.99145 -0
    outer loop
      vertex -20.4941 72.0345 0
      vertex -20.4941 72.0345 2.5
      vertex -20.08 71.98 0
    endloop
  endfacet
  facet normal 0.130485 0.99145 0
    outer loop
      vertex -20.08 71.98 2.5
      vertex -20.08 71.98 0
      vertex -20.4941 72.0345 2.5
    endloop
  endfacet
  facet normal 0.382714 0.923867 -0
    outer loop
      vertex -2.25 64.1029 0
      vertex -2.25 64.1029 2.5
      vertex -1.16467 63.6533 0
    endloop
  endfacet
  facet normal 0.382714 0.923867 0
    outer loop
      vertex -1.16467 63.6533 2.5
      vertex -1.16467 63.6533 0
      vertex -2.25 64.1029 2.5
    endloop
  endfacet
  facet normal 0.608744 0.793367 -0
    outer loop
      vertex -3.18198 64.818 0
      vertex -3.18198 64.818 2.5
      vertex -2.25 64.1029 0
    endloop
  endfacet
  facet normal 0.608744 0.793367 0
    outer loop
      vertex -2.25 64.1029 2.5
      vertex -2.25 64.1029 0
      vertex -3.18198 64.818 2.5
    endloop
  endfacet
  facet normal 0.793361 0.608751 -0
    outer loop
      vertex -3.89711 65.75 0
      vertex -3.89711 65.75 2.5
      vertex -3.18198 64.818 0
    endloop
  endfacet
  facet normal 0.793361 0.608751 0
    outer loop
      vertex -3.18198 64.818 2.5
      vertex -3.18198 64.818 0
      vertex -3.89711 65.75 2.5
    endloop
  endfacet
  facet normal 0.923878 0.382686 -0
    outer loop
      vertex -4.34666 66.8353 0
      vertex -4.34666 66.8353 2.5
      vertex -3.89711 65.75 0
    endloop
  endfacet
  facet normal 0.923878 0.382686 0
    outer loop
      vertex -3.89711 65.75 2.5
      vertex -3.89711 65.75 0
      vertex -4.34666 66.8353 2.5
    endloop
  endfacet
  facet normal 0.991444 0.13053 -0
    outer loop
      vertex -4.5 68 0
      vertex -4.5 68 2.5
      vertex -4.34666 66.8353 0
    endloop
  endfacet
  facet normal 0.991444 0.13053 0
    outer loop
      vertex -4.34666 66.8353 2.5
      vertex -4.34666 66.8353 0
      vertex -4.5 68 2.5
    endloop
  endfacet
  facet normal 0.991444 -0.13053 0
    outer loop
      vertex -4.34666 69.1647 0
      vertex -4.34666 69.1647 2.5
      vertex -4.5 68 0
    endloop
  endfacet
  facet normal 0.991444 -0.13053 0
    outer loop
      vertex -4.5 68 2.5
      vertex -4.5 68 0
      vertex -4.34666 69.1647 2.5
    endloop
  endfacet
  facet normal 0.923878 -0.382686 0
    outer loop
      vertex -3.89711 70.25 0
      vertex -3.89711 70.25 2.5
      vertex -4.34666 69.1647 0
    endloop
  endfacet
  facet normal 0.923878 -0.382686 0
    outer loop
      vertex -4.34666 69.1647 2.5
      vertex -4.34666 69.1647 0
      vertex -3.89711 70.25 2.5
    endloop
  endfacet
  facet normal 0.793361 -0.608751 0
    outer loop
      vertex -3.18198 71.182 0
      vertex -3.18198 71.182 2.5
      vertex -3.89711 70.25 0
    endloop
  endfacet
  facet normal 0.793361 -0.608751 0
    outer loop
      vertex -3.89711 70.25 2.5
      vertex -3.89711 70.25 0
      vertex -3.18198 71.182 2.5
    endloop
  endfacet
  facet normal 0.608744 -0.793367 0
    outer loop
      vertex -2.25 71.8971 0
      vertex -2.25 71.8971 2.5
      vertex -3.18198 71.182 0
    endloop
  endfacet
  facet normal 0.608744 -0.793367 0
    outer loop
      vertex -3.18198 71.182 2.5
      vertex -3.18198 71.182 0
      vertex -2.25 71.8971 2.5
    endloop
  endfacet
  facet normal 0.382714 -0.923867 0
    outer loop
      vertex -1.16467 72.3467 0
      vertex -1.16467 72.3467 2.5
      vertex -2.25 71.8971 0
    endloop
  endfacet
  facet normal 0.382714 -0.923867 0
    outer loop
      vertex -2.25 71.8971 2.5
      vertex -2.25 71.8971 0
      vertex -1.16467 72.3467 2.5
    endloop
  endfacet
  facet normal 0.1305 -0.991448 0
    outer loop
      vertex 0 72.5 0
      vertex 0 72.5 2.5
      vertex -1.16467 72.3467 0
    endloop
  endfacet
  facet normal 0.1305 -0.991448 0
    outer loop
      vertex -1.16467 72.3467 2.5
      vertex -1.16467 72.3467 0
      vertex 0 72.5 2.5
    endloop
  endfacet
  facet normal -0.1305 -0.991448 0
    outer loop
      vertex 1.16467 72.3467 0
      vertex 1.16467 72.3467 2.5
      vertex 0 72.5 0
    endloop
  endfacet
  facet normal -0.1305 -0.991448 -0
    outer loop
      vertex 0 72.5 2.5
      vertex 0 72.5 0
      vertex 1.16467 72.3467 2.5
    endloop
  endfacet
  facet normal -0.382714 -0.923867 0
    outer loop
      vertex 2.25 71.8971 0
      vertex 2.25 71.8971 2.5
      vertex 1.16467 72.3467 0
    endloop
  endfacet
  facet normal -0.382714 -0.923867 -0
    outer loop
      vertex 1.16467 72.3467 2.5
      vertex 1.16467 72.3467 0
      vertex 2.25 71.8971 2.5
    endloop
  endfacet
  facet normal -0.608744 -0.793367 0
    outer loop
      vertex 3.18198 71.182 0
      vertex 3.18198 71.182 2.5
      vertex 2.25 71.8971 0
    endloop
  endfacet
  facet normal -0.608744 -0.793367 -0
    outer loop
      vertex 2.25 71.8971 2.5
      vertex 2.25 71.8971 0
      vertex 3.18198 71.182 2.5
    endloop
  endfacet
  facet normal -0.793361 -0.608751 0
    outer loop
      vertex 3.89711 70.25 0
      vertex 3.89711 70.25 2.5
      vertex 3.18198 71.182 0
    endloop
  endfacet
  facet normal -0.793361 -0.608751 -0
    outer loop
      vertex 3.18198 71.182 2.5
      vertex 3.18198 71.182 0
      vertex 3.89711 70.25 2.5
    endloop
  endfacet
  facet normal -0.923878 -0.382686 0
    outer loop
      vertex 4.34666 69.1647 0
      vertex 4.34666 69.1647 2.5
      vertex 3.89711 70.25 0
    endloop
  endfacet
  facet normal -0.923878 -0.382686 -0
    outer loop
      vertex 3.89711 70.25 2.5
      vertex 3.89711 70.25 0
      vertex 4.34666 69.1647 2.5
    endloop
  endfacet
  facet normal -0.991444 -0.13053 0
    outer loop
      vertex 4.5 68 0
      vertex 4.5 68 2.5
      vertex 4.34666 69.1647 0
    endloop
  endfacet
  facet normal -0.991444 -0.13053 -0
    outer loop
      vertex 4.34666 69.1647 2.5
      vertex 4.34666 69.1647 0
      vertex 4.5 68 2.5
    endloop
  endfacet
  facet normal -0.991444 0.13053 0
    outer loop
      vertex 4.34666 66.8353 0
      vertex 4.34666 66.8353 2.5
      vertex 4.5 68 0
    endloop
  endfacet
  facet normal -0.991444 0.13053 0
    outer loop
      vertex 4.5 68 2.5
      vertex 4.5 68 0
      vertex 4.34666 66.8353 2.5
    endloop
  endfacet
  facet normal -0.923878 0.382686 0
    outer loop
      vertex 3.89711 65.75 0
      vertex 3.89711 65.75 2.5
      vertex 4.34666 66.8353 0
    endloop
  endfacet
  facet normal -0.923878 0.382686 0
    outer loop
      vertex 4.34666 66.8353 2.5
      vertex 4.34666 66.8353 0
      vertex 3.89711 65.75 2.5
    endloop
  endfacet
  facet normal -0.793361 0.608751 0
    outer loop
      vertex 3.18198 64.818 0
      vertex 3.18198 64.818 2.5
      vertex 3.89711 65.75 0
    endloop
  endfacet
  facet normal -0.793361 0.608751 0
    outer loop
      vertex 3.89711 65.75 2.5
      vertex 3.89711 65.75 0
      vertex 3.18198 64.818 2.5
    endloop
  endfacet
  facet normal -0.608744 0.793367 0
    outer loop
      vertex 2.25 64.1029 0
      vertex 2.25 64.1029 2.5
      vertex 3.18198 64.818 0
    endloop
  endfacet
  facet normal -0.608744 0.793367 0
    outer loop
      vertex 3.18198 64.818 2.5
      vertex 3.18198 64.818 0
      vertex 2.25 64.1029 2.5
    endloop
  endfacet
  facet normal -0.382714 0.923867 0
    outer loop
      vertex 1.16467 63.6533 0
      vertex 1.16467 63.6533 2.5
      vertex 2.25 64.1029 0
    endloop
  endfacet
  facet normal -0.382714 0.923867 0
    outer loop
      vertex 2.25 64.1029 2.5
      vertex 2.25 64.1029 0
      vertex 1.16467 63.6533 2.5
    endloop
  endfacet
  facet normal -0.1305 0.991448 0
    outer loop
      vertex 0 63.5 0
      vertex 0 63.5 2.5
      vertex 1.16467 63.6533 0
    endloop
  endfacet
  facet normal -0.1305 0.991448 0
    outer loop
      vertex 1.16467 63.6533 2.5
      vertex 1.16467 63.6533 0
      vertex 0 63.5 2.5
    endloop
  endfacet
  facet normal 0.1305 0.991448 -0
    outer loop
      vertex -1.16467 63.6533 0
      vertex -1.16467 63.6533 2.5
      vertex 0 63.5 0
    endloop
  endfacet
  facet normal 0.1305 0.991448 0
    outer loop
      vertex 0 63.5 2.5
      vertex 0 63.5 0
      vertex -1.16467 63.6533 2.5
    endloop
  endfacet
  facet normal 0.382591 0.923918 -0
    outer loop
      vertex -19.8 65.6143 0
      vertex -19.8 65.6143 2.5
      vertex -19.4141 65.4545 0
    endloop
  endfacet
  facet normal 0.382591 0.923918 0
    outer loop
      vertex -19.4141 65.4545 2.5
      vertex -19.4141 65.4545 0
      vertex -19.8 65.6143 2.5
    endloop
  endfacet
  facet normal 0.608773 0.793344 -0
    outer loop
      vertex -20.1314 65.8686 0
      vertex -20.1314 65.8686 2.5
      vertex -19.8 65.6143 0
    endloop
  endfacet
  facet normal 0.608773 0.793344 0
    outer loop
      vertex -19.8 65.6143 2.5
      vertex -19.8 65.6143 0
      vertex -20.1314 65.8686 2.5
    endloop
  endfacet
  facet normal 0.79346 0.608623 -0
    outer loop
      vertex -20.3856 66.2 0
      vertex -20.3856 66.2 2.5
      vertex -20.1314 65.8686 0
    endloop
  endfacet
  facet normal 0.79346 0.608623 0
    outer loop
      vertex -20.1314 65.8686 2.5
      vertex -20.1314 65.8686 0
      vertex -20.3856 66.2 2.5
    endloop
  endfacet
  facet normal 0.923833 0.382796 -0
    outer loop
      vertex -20.5455 66.5859 0
      vertex -20.5455 66.5859 2.5
      vertex -20.3856 66.2 0
    endloop
  endfacet
  facet normal 0.923833 0.382796 0
    outer loop
      vertex -20.3856 66.2 2.5
      vertex -20.3856 66.2 0
      vertex -20.5455 66.5859 2.5
    endloop
  endfacet
  facet normal 0.99145 0.130485 -0
    outer loop
      vertex -20.6 67 0
      vertex -20.6 67 2.5
      vertex -20.5455 66.5859 0
    endloop
  endfacet
  facet normal 0.99145 0.130485 0
    outer loop
      vertex -20.5455 66.5859 2.5
      vertex -20.5455 66.5859 0
      vertex -20.6 67 2.5
    endloop
  endfacet
  facet normal 0.99145 -0.130485 0
    outer loop
      vertex -20.5455 67.4141 0
      vertex -20.5455 67.4141 2.5
      vertex -20.6 67 0
    endloop
  endfacet
  facet normal 0.99145 -0.130485 0
    outer loop
      vertex -20.6 67 2.5
      vertex -20.6 67 0
      vertex -20.5455 67.4141 2.5
    endloop
  endfacet
  facet normal 0.923833 -0.382796 0
    outer loop
      vertex -20.3856 67.8 0
      vertex -20.3856 67.8 2.5
      vertex -20.5455 67.4141 0
    endloop
  endfacet
  facet normal 0.923833 -0.382796 0
    outer loop
      vertex -20.5455 67.4141 2.5
      vertex -20.5455 67.4141 0
      vertex -20.3856 67.8 2.5
    endloop
  endfacet
  facet normal 0.79346 -0.608623 0
    outer loop
      vertex -20.1314 68.1314 0
      vertex -20.1314 68.1314 2.5
      vertex -20.3856 67.8 0
    endloop
  endfacet
  facet normal 0.79346 -0.608623 0
    outer loop
      vertex -20.3856 67.8 2.5
      vertex -20.3856 67.8 0
      vertex -20.1314 68.1314 2.5
    endloop
  endfacet
  facet normal 0.608623 -0.79346 0
    outer loop
      vertex -19.8 68.3856 0
      vertex -19.8 68.3856 2.5
      vertex -20.1314 68.1314 0
    endloop
  endfacet
  facet normal 0.608623 -0.79346 0
    outer loop
      vertex -20.1314 68.1314 2.5
      vertex -20.1314 68.1314 0
      vertex -19.8 68.3856 2.5
    endloop
  endfacet
  facet normal 0.382796 -0.923833 0
    outer loop
      vertex -19.4141 68.5455 0
      vertex -19.4141 68.5455 2.5
      vertex -19.8 68.3856 0
    endloop
  endfacet
  facet normal 0.382796 -0.923833 0
    outer loop
      vertex -19.8 68.3856 2.5
      vertex -19.8 68.3856 0
      vertex -19.4141 68.5455 2.5
    endloop
  endfacet
  facet normal 0.130485 -0.99145 0
    outer loop
      vertex -19 68.6 0
      vertex -19 68.6 2.5
      vertex -19.4141 68.5455 0
    endloop
  endfacet
  facet normal 0.130485 -0.99145 0
    outer loop
      vertex -19.4141 68.5455 2.5
      vertex -19.4141 68.5455 0
      vertex -19 68.6 2.5
    endloop
  endfacet
  facet normal -0.130485 -0.99145 0
    outer loop
      vertex -18.5859 68.5455 0
      vertex -18.5859 68.5455 2.5
      vertex -19 68.6 0
    endloop
  endfacet
  facet normal -0.130485 -0.99145 -0
    outer loop
      vertex -19 68.6 2.5
      vertex -19 68.6 0
      vertex -18.5859 68.5455 2.5
    endloop
  endfacet
  facet normal -0.382796 -0.923833 0
    outer loop
      vertex -18.2 68.3856 0
      vertex -18.2 68.3856 2.5
      vertex -18.5859 68.5455 0
    endloop
  endfacet
  facet normal -0.382796 -0.923833 -0
    outer loop
      vertex -18.5859 68.5455 2.5
      vertex -18.5859 68.5455 0
      vertex -18.2 68.3856 2.5
    endloop
  endfacet
  facet normal -0.608623 -0.79346 0
    outer loop
      vertex -17.8686 68.1314 0
      vertex -17.8686 68.1314 2.5
      vertex -18.2 68.3856 0
    endloop
  endfacet
  facet normal -0.608623 -0.79346 -0
    outer loop
      vertex -18.2 68.3856 2.5
      vertex -18.2 68.3856 0
      vertex -17.8686 68.1314 2.5
    endloop
  endfacet
  facet normal -0.793344 -0.608773 0
    outer loop
      vertex -17.6143 67.8 0
      vertex -17.6143 67.8 2.5
      vertex -17.8686 68.1314 0
    endloop
  endfacet
  facet normal -0.793344 -0.608773 -0
    outer loop
      vertex -17.8686 68.1314 2.5
      vertex -17.8686 68.1314 0
      vertex -17.6143 67.8 2.5
    endloop
  endfacet
  facet normal -0.923918 -0.382591 0
    outer loop
      vertex -17.4545 67.4141 0
      vertex -17.4545 67.4141 2.5
      vertex -17.6143 67.8 0
    endloop
  endfacet
  facet normal -0.923918 -0.382591 -0
    outer loop
      vertex -17.6143 67.8 2.5
      vertex -17.6143 67.8 0
      vertex -17.4545 67.4141 2.5
    endloop
  endfacet
  facet normal -0.99145 -0.130485 0
    outer loop
      vertex -17.4 67 0
      vertex -17.4 67 2.5
      vertex -17.4545 67.4141 0
    endloop
  endfacet
  facet normal -0.99145 -0.130485 -0
    outer loop
      vertex -17.4545 67.4141 2.5
      vertex -17.4545 67.4141 0
      vertex -17.4 67 2.5
    endloop
  endfacet
  facet normal -0.99145 0.130485 0
    outer loop
      vertex -17.4545 66.5859 0
      vertex -17.4545 66.5859 2.5
      vertex -17.4 67 0
    endloop
  endfacet
  facet normal -0.99145 0.130485 0
    outer loop
      vertex -17.4 67 2.5
      vertex -17.4 67 0
      vertex -17.4545 66.5859 2.5
    endloop
  endfacet
  facet normal -0.923918 0.382591 0
    outer loop
      vertex -17.6143 66.2 0
      vertex -17.6143 66.2 2.5
      vertex -17.4545 66.5859 0
    endloop
  endfacet
  facet normal -0.923918 0.382591 0
    outer loop
      vertex -17.4545 66.5859 2.5
      vertex -17.4545 66.5859 0
      vertex -17.6143 66.2 2.5
    endloop
  endfacet
  facet normal -0.793344 0.608773 0
    outer loop
      vertex -17.8686 65.8686 0
      vertex -17.8686 65.8686 2.5
      vertex -17.6143 66.2 0
    endloop
  endfacet
  facet normal -0.793344 0.608773 0
    outer loop
      vertex -17.6143 66.2 2.5
      vertex -17.6143 66.2 0
      vertex -17.8686 65.8686 2.5
    endloop
  endfacet
  facet normal -0.608773 0.793344 0
    outer loop
      vertex -18.2 65.6143 0
      vertex -18.2 65.6143 2.5
      vertex -17.8686 65.8686 0
    endloop
  endfacet
  facet normal -0.608773 0.793344 0
    outer loop
      vertex -17.8686 65.8686 2.5
      vertex -17.8686 65.8686 0
      vertex -18.2 65.6143 2.5
    endloop
  endfacet
  facet normal -0.382591 0.923918 0
    outer loop
      vertex -18.5859 65.4545 0
      vertex -18.5859 65.4545 2.5
      vertex -18.2 65.6143 0
    endloop
  endfacet
  facet normal -0.382591 0.923918 0
    outer loop
      vertex -18.2 65.6143 2.5
      vertex -18.2 65.6143 0
      vertex -18.5859 65.4545 2.5
    endloop
  endfacet
  facet normal -0.130485 0.99145 0
    outer loop
      vertex -19 65.4 0
      vertex -19 65.4 2.5
      vertex -18.5859 65.4545 0
    endloop
  endfacet
  facet normal -0.130485 0.99145 0
    outer loop
      vertex -18.5859 65.4545 2.5
      vertex -18.5859 65.4545 0
      vertex -19 65.4 2.5
    endloop
  endfacet
  facet normal 0.130485 0.99145 -0
    outer loop
      vertex -19.4141 65.4545 0
      vertex -19.4141 65.4545 2.5
      vertex -19 65.4 0
    endloop
  endfacet
  facet normal 0.130485 0.99145 0
    outer loop
      vertex -19 65.4 2.5
      vertex -19 65.4 0
      vertex -19.4141 65.4545 2.5
    endloop
  endfacet
  facet normal 0.382591 0.923918 -0
    outer loop
      vertex 18.2 65.6143 0
      vertex 18.2 65.6143 2.5
      vertex 18.5859 65.4545 0
    endloop
  endfacet
  facet normal 0.382591 0.923918 0
    outer loop
      vertex 18.5859 65.4545 2.5
      vertex 18.5859 65.4545 0
      vertex 18.2 65.6143 2.5
    endloop
  endfacet
  facet normal 0.608773 0.793344 -0
    outer loop
      vertex 17.8686 65.8686 0
      vertex 17.8686 65.8686 2.5
      vertex 18.2 65.6143 0
    endloop
  endfacet
  facet normal 0.608773 0.793344 0
    outer loop
      vertex 18.2 65.6143 2.5
      vertex 18.2 65.6143 0
      vertex 17.8686 65.8686 2.5
    endloop
  endfacet
  facet normal 0.793344 0.608773 -0
    outer loop
      vertex 17.6143 66.2 0
      vertex 17.6143 66.2 2.5
      vertex 17.8686 65.8686 0
    endloop
  endfacet
  facet normal 0.793344 0.608773 0
    outer loop
      vertex 17.8686 65.8686 2.5
      vertex 17.8686 65.8686 0
      vertex 17.6143 66.2 2.5
    endloop
  endfacet
  facet normal 0.923918 0.382591 -0
    outer loop
      vertex 17.4545 66.5859 0
      vertex 17.4545 66.5859 2.5
      vertex 17.6143 66.2 0
    endloop
  endfacet
  facet normal 0.923918 0.382591 0
    outer loop
      vertex 17.6143 66.2 2.5
      vertex 17.6143 66.2 0
      vertex 17.4545 66.5859 2.5
    endloop
  endfacet
  facet normal 0.99145 0.130485 -0
    outer loop
      vertex 17.4 67 0
      vertex 17.4 67 2.5
      vertex 17.4545 66.5859 0
    endloop
  endfacet
  facet normal 0.99145 0.130485 0
    outer loop
      vertex 17.4545 66.5859 2.5
      vertex 17.4545 66.5859 0
      vertex 17.4 67 2.5
    endloop
  endfacet
  facet normal 0.99145 -0.130485 0
    outer loop
      vertex 17.4545 67.4141 0
      vertex 17.4545 67.4141 2.5
      vertex 17.4 67 0
    endloop
  endfacet
  facet normal 0.99145 -0.130485 0
    outer loop
      vertex 17.4 67 2.5
      vertex 17.4 67 0
      vertex 17.4545 67.4141 2.5
    endloop
  endfacet
  facet normal 0.923918 -0.382591 0
    outer loop
      vertex 17.6143 67.8 0
      vertex 17.6143 67.8 2.5
      vertex 17.4545 67.4141 0
    endloop
  endfacet
  facet normal 0.923918 -0.382591 0
    outer loop
      vertex 17.4545 67.4141 2.5
      vertex 17.4545 67.4141 0
      vertex 17.6143 67.8 2.5
    endloop
  endfacet
  facet normal 0.793344 -0.608773 0
    outer loop
      vertex 17.8686 68.1314 0
      vertex 17.8686 68.1314 2.5
      vertex 17.6143 67.8 0
    endloop
  endfacet
  facet normal 0.793344 -0.608773 0
    outer loop
      vertex 17.6143 67.8 2.5
      vertex 17.6143 67.8 0
      vertex 17.8686 68.1314 2.5
    endloop
  endfacet
  facet normal 0.608623 -0.79346 0
    outer loop
      vertex 18.2 68.3856 0
      vertex 18.2 68.3856 2.5
      vertex 17.8686 68.1314 0
    endloop
  endfacet
  facet normal 0.608623 -0.79346 0
    outer loop
      vertex 17.8686 68.1314 2.5
      vertex 17.8686 68.1314 0
      vertex 18.2 68.3856 2.5
    endloop
  endfacet
  facet normal 0.382796 -0.923833 0
    outer loop
      vertex 18.5859 68.5455 0
      vertex 18.5859 68.5455 2.5
      vertex 18.2 68.3856 0
    endloop
  endfacet
  facet normal 0.382796 -0.923833 0
    outer loop
      vertex 18.2 68.3856 2.5
      vertex 18.2 68.3856 0
      vertex 18.5859 68.5455 2.5
    endloop
  endfacet
  facet normal 0.130485 -0.99145 0
    outer loop
      vertex 19 68.6 0
      vertex 19 68.6 2.5
      vertex 18.5859 68.5455 0
    endloop
  endfacet
  facet normal 0.130485 -0.99145 0
    outer loop
      vertex 18.5859 68.5455 2.5
      vertex 18.5859 68.5455 0
      vertex 19 68.6 2.5
    endloop
  endfacet
  facet normal -0.130485 -0.99145 0
    outer loop
      vertex 19.4141 68.5455 0
      vertex 19.4141 68.5455 2.5
      vertex 19 68.6 0
    endloop
  endfacet
  facet normal -0.130485 -0.99145 -0
    outer loop
      vertex 19 68.6 2.5
      vertex 19 68.6 0
      vertex 19.4141 68.5455 2.5
    endloop
  endfacet
  facet normal -0.382796 -0.923833 0
    outer loop
      vertex 19.8 68.3856 0
      vertex 19.8 68.3856 2.5
      vertex 19.4141 68.5455 0
    endloop
  endfacet
  facet normal -0.382796 -0.923833 -0
    outer loop
      vertex 19.4141 68.5455 2.5
      vertex 19.4141 68.5455 0
      vertex 19.8 68.3856 2.5
    endloop
  endfacet
  facet normal -0.608623 -0.79346 0
    outer loop
      vertex 20.1314 68.1314 0
      vertex 20.1314 68.1314 2.5
      vertex 19.8 68.3856 0
    endloop
  endfacet
  facet normal -0.608623 -0.79346 -0
    outer loop
      vertex 19.8 68.3856 2.5
      vertex 19.8 68.3856 0
      vertex 20.1314 68.1314 2.5
    endloop
  endfacet
  facet normal -0.79346 -0.608623 0
    outer loop
      vertex 20.3856 67.8 0
      vertex 20.3856 67.8 2.5
      vertex 20.1314 68.1314 0
    endloop
  endfacet
  facet normal -0.79346 -0.608623 -0
    outer loop
      vertex 20.1314 68.1314 2.5
      vertex 20.1314 68.1314 0
      vertex 20.3856 67.8 2.5
    endloop
  endfacet
  facet normal -0.923833 -0.382796 0
    outer loop
      vertex 20.5455 67.4141 0
      vertex 20.5455 67.4141 2.5
      vertex 20.3856 67.8 0
    endloop
  endfacet
  facet normal -0.923833 -0.382796 -0
    outer loop
      vertex 20.3856 67.8 2.5
      vertex 20.3856 67.8 0
      vertex 20.5455 67.4141 2.5
    endloop
  endfacet
  facet normal -0.99145 -0.130485 0
    outer loop
      vertex 20.6 67 0
      vertex 20.6 67 2.5
      vertex 20.5455 67.4141 0
    endloop
  endfacet
  facet normal -0.99145 -0.130485 -0
    outer loop
      vertex 20.5455 67.4141 2.5
      vertex 20.5455 67.4141 0
      vertex 20.6 67 2.5
    endloop
  endfacet
  facet normal -0.99145 0.130485 0
    outer loop
      vertex 20.5455 66.5859 0
      vertex 20.5455 66.5859 2.5
      vertex 20.6 67 0
    endloop
  endfacet
  facet normal -0.99145 0.130485 0
    outer loop
      vertex 20.6 67 2.5
      vertex 20.6 67 0
      vertex 20.5455 66.5859 2.5
    endloop
  endfacet
  facet normal -0.923833 0.382796 0
    outer loop
      vertex 20.3856 66.2 0
      vertex 20.3856 66.2 2.5
      vertex 20.5455 66.5859 0
    endloop
  endfacet
  facet normal -0.923833 0.382796 0
    outer loop
      vertex 20.5455 66.5859 2.5
      vertex 20.5455 66.5859 0
      vertex 20.3856 66.2 2.5
    endloop
  endfacet
  facet normal -0.79346 0.608623 0
    outer loop
      vertex 20.1314 65.8686 0
      vertex 20.1314 65.8686 2.5
      vertex 20.3856 66.2 0
    endloop
  endfacet
  facet normal -0.79346 0.608623 0
    outer loop
      vertex 20.3856 66.2 2.5
      vertex 20.3856 66.2 0
      vertex 20.1314 65.8686 2.5
    endloop
  endfacet
  facet normal -0.608773 0.793344 0
    outer loop
      vertex 19.8 65.6143 0
      vertex 19.8 65.6143 2.5
      vertex 20.1314 65.8686 0
    endloop
  endfacet
  facet normal -0.608773 0.793344 0
    outer loop
      vertex 20.1314 65.8686 2.5
      vertex 20.1314 65.8686 0
      vertex 19.8 65.6143 2.5
    endloop
  endfacet
  facet normal -0.382591 0.923918 0
    outer loop
      vertex 19.4141 65.4545 0
      vertex 19.4141 65.4545 2.5
      vertex 19.8 65.6143 0
    endloop
  endfacet
  facet normal -0.382591 0.923918 0
    outer loop
      vertex 19.8 65.6143 2.5
      vertex 19.8 65.6143 0
      vertex 19.4141 65.4545 2.5
    endloop
  endfacet
  facet normal -0.130485 0.99145 0
    outer loop
      vertex 19 65.4 0
      vertex 19 65.4 2.5
      vertex 19.4141 65.4545 0
    endloop
  endfacet
  facet normal -0.130485 0.99145 0
    outer loop
      vertex 19.4141 65.4545 2.5
      vertex 19.4141 65.4545 0
      vertex 19 65.4 2.5
    endloop
  endfacet
  facet normal 0.130485 0.99145 -0
    outer loop
      vertex 18.5859 65.4545 0
      vertex 18.5859 65.4545 2.5
      vertex 19 65.4 0
    endloop
  endfacet
  facet normal 0.130485 0.99145 0
    outer loop
      vertex 19 65.4 2.5
      vertex 19 65.4 0
      vertex 18.5859 65.4545 2.5
    endloop
  endfacet
  facet normal 0.555545 0.831486 -0
    outer loop
      vertex -10.9899 60.01 0
      vertex -10.9899 60.01 2.5
      vertex -10.5358 59.7066 0
    endloop
  endfacet
  facet normal 0.555545 0.831486 0
    outer loop
      vertex -10.5358 59.7066 2.5
      vertex -10.5358 59.7066 0
      vertex -10.9899 60.01 2.5
    endloop
  endfacet
  facet normal 0.831458 0.555587 -0
    outer loop
      vertex -11.2934 60.4642 0
      vertex -11.2934 60.4642 2.5
      vertex -10.9899 60.01 0
    endloop
  endfacet
  facet normal 0.831458 0.555587 0
    outer loop
      vertex -10.9899 60.01 2.5
      vertex -10.9899 60.01 0
      vertex -11.2934 60.4642 2.5
    endloop
  endfacet
  facet normal 0.980777 0.19513 -0
    outer loop
      vertex -11.4 61 0
      vertex -11.4 61 2.5
      vertex -11.2934 60.4642 0
    endloop
  endfacet
  facet normal 0.980777 0.19513 0
    outer loop
      vertex -11.2934 60.4642 2.5
      vertex -11.2934 60.4642 0
      vertex -11.4 61 2.5
    endloop
  endfacet
  facet normal 0.980777 -0.19513 0
    outer loop
      vertex -11.2934 61.5358 0
      vertex -11.2934 61.5358 2.5
      vertex -11.4 61 0
    endloop
  endfacet
  facet normal 0.980777 -0.19513 0
    outer loop
      vertex -11.4 61 2.5
      vertex -11.4 61 0
      vertex -11.2934 61.5358 2.5
    endloop
  endfacet
  facet normal 0.831402 -0.555672 0
    outer loop
      vertex -10.9899 61.9899 0
      vertex -10.9899 61.9899 2.5
      vertex -11.2934 61.5358 0
    endloop
  endfacet
  facet normal 0.831402 -0.555672 0
    outer loop
      vertex -11.2934 61.5358 2.5
      vertex -11.2934 61.5358 0
      vertex -10.9899 61.9899 2.5
    endloop
  endfacet
  facet normal 0.555672 -0.831402 0
    outer loop
      vertex -10.5358 62.2934 0
      vertex -10.5358 62.2934 2.5
      vertex -10.9899 61.9899 0
    endloop
  endfacet
  facet normal 0.555672 -0.831402 0
    outer loop
      vertex -10.9899 61.9899 2.5
      vertex -10.9899 61.9899 0
      vertex -10.5358 62.2934 2.5
    endloop
  endfacet
  facet normal 0.19513 -0.980777 0
    outer loop
      vertex -10 62.4 0
      vertex -10 62.4 2.5
      vertex -10.5358 62.2934 0
    endloop
  endfacet
  facet normal 0.19513 -0.980777 0
    outer loop
      vertex -10.5358 62.2934 2.5
      vertex -10.5358 62.2934 0
      vertex -10 62.4 2.5
    endloop
  endfacet
  facet normal -0.195141 -0.980775 0
    outer loop
      vertex -9.46423 62.2934 0
      vertex -9.46423 62.2934 2.5
      vertex -10 62.4 0
    endloop
  endfacet
  facet normal -0.195141 -0.980775 -0
    outer loop
      vertex -10 62.4 2.5
      vertex -10 62.4 0
      vertex -9.46423 62.2934 2.5
    endloop
  endfacet
  facet normal -0.555595 -0.831453 0
    outer loop
      vertex -9.01004 61.9899 0
      vertex -9.01004 61.9899 2.5
      vertex -9.46423 62.2934 0
    endloop
  endfacet
  facet normal -0.555595 -0.831453 -0
    outer loop
      vertex -9.46423 62.2934 2.5
      vertex -9.46423 62.2934 0
      vertex -9.01004 61.9899 2.5
    endloop
  endfacet
  facet normal -0.831419 -0.555646 0
    outer loop
      vertex -8.70656 61.5358 0
      vertex -8.70656 61.5358 2.5
      vertex -9.01004 61.9899 0
    endloop
  endfacet
  facet normal -0.831419 -0.555646 -0
    outer loop
      vertex -9.01004 61.9899 2.5
      vertex -9.01004 61.9899 0
      vertex -8.70656 61.5358 2.5
    endloop
  endfacet
  facet normal -0.980788 -0.195078 0
    outer loop
      vertex -8.59999 61 0
      vertex -8.59999 61 2.5
      vertex -8.70656 61.5358 0
    endloop
  endfacet
  facet normal -0.980788 -0.195078 -0
    outer loop
      vertex -8.70656 61.5358 2.5
      vertex -8.70656 61.5358 0
      vertex -8.59999 61 2.5
    endloop
  endfacet
  facet normal -0.980788 0.195078 0
    outer loop
      vertex -8.70656 60.4642 0
      vertex -8.70656 60.4642 2.5
      vertex -8.59999 61 0
    endloop
  endfacet
  facet normal -0.980788 0.195078 0
    outer loop
      vertex -8.59999 61 2.5
      vertex -8.59999 61 0
      vertex -8.70656 60.4642 2.5
    endloop
  endfacet
  facet normal -0.831475 0.555562 0
    outer loop
      vertex -9.01004 60.01 0
      vertex -9.01004 60.01 2.5
      vertex -8.70656 60.4642 0
    endloop
  endfacet
  facet normal -0.831475 0.555562 0
    outer loop
      vertex -8.70656 60.4642 2.5
      vertex -8.70656 60.4642 0
      vertex -9.01004 60.01 2.5
    endloop
  endfacet
  facet normal -0.555469 0.831537 0
    outer loop
      vertex -9.46423 59.7066 0
      vertex -9.46423 59.7066 2.5
      vertex -9.01004 60.01 0
    endloop
  endfacet
  facet normal -0.555469 0.831537 0
    outer loop
      vertex -9.01004 60.01 2.5
      vertex -9.01004 60.01 0
      vertex -9.46423 59.7066 2.5
    endloop
  endfacet
  facet normal -0.195141 0.980775 0
    outer loop
      vertex -10 59.6 0
      vertex -10 59.6 2.5
      vertex -9.46423 59.7066 0
    endloop
  endfacet
  facet normal -0.195141 0.980775 0
    outer loop
      vertex -9.46423 59.7066 2.5
      vertex -9.46423 59.7066 0
      vertex -10 59.6 2.5
    endloop
  endfacet
  facet normal 0.19513 0.980777 -0
    outer loop
      vertex -10.5358 59.7066 0
      vertex -10.5358 59.7066 2.5
      vertex -10 59.6 0
    endloop
  endfacet
  facet normal 0.19513 0.980777 0
    outer loop
      vertex -10 59.6 2.5
      vertex -10 59.6 0
      vertex -10.5358 59.7066 2.5
    endloop
  endfacet
  facet normal 0.555469 0.831537 -0
    outer loop
      vertex 9.01004 60.01 0
      vertex 9.01004 60.01 2.5
      vertex 9.46423 59.7066 0
    endloop
  endfacet
  facet normal 0.555469 0.831537 0
    outer loop
      vertex 9.46423 59.7066 2.5
      vertex 9.46423 59.7066 0
      vertex 9.01004 60.01 2.5
    endloop
  endfacet
  facet normal 0.831475 0.555562 -0
    outer loop
      vertex 8.70656 60.4642 0
      vertex 8.70656 60.4642 2.5
      vertex 9.01004 60.01 0
    endloop
  endfacet
  facet normal 0.831475 0.555562 0
    outer loop
      vertex 9.01004 60.01 2.5
      vertex 9.01004 60.01 0
      vertex 8.70656 60.4642 2.5
    endloop
  endfacet
  facet normal 0.980788 0.195078 -0
    outer loop
      vertex 8.59999 61 0
      vertex 8.59999 61 2.5
      vertex 8.70656 60.4642 0
    endloop
  endfacet
  facet normal 0.980788 0.195078 0
    outer loop
      vertex 8.70656 60.4642 2.5
      vertex 8.70656 60.4642 0
      vertex 8.59999 61 2.5
    endloop
  endfacet
  facet normal 0.980788 -0.195078 0
    outer loop
      vertex 8.70656 61.5358 0
      vertex 8.70656 61.5358 2.5
      vertex 8.59999 61 0
    endloop
  endfacet
  facet normal 0.980788 -0.195078 0
    outer loop
      vertex 8.59999 61 2.5
      vertex 8.59999 61 0
      vertex 8.70656 61.5358 2.5
    endloop
  endfacet
  facet normal 0.831419 -0.555646 0
    outer loop
      vertex 9.01004 61.9899 0
      vertex 9.01004 61.9899 2.5
      vertex 8.70656 61.5358 0
    endloop
  endfacet
  facet normal 0.831419 -0.555646 0
    outer loop
      vertex 8.70656 61.5358 2.5
      vertex 8.70656 61.5358 0
      vertex 9.01004 61.9899 2.5
    endloop
  endfacet
  facet normal 0.555595 -0.831453 0
    outer loop
      vertex 9.46423 62.2934 0
      vertex 9.46423 62.2934 2.5
      vertex 9.01004 61.9899 0
    endloop
  endfacet
  facet normal 0.555595 -0.831453 0
    outer loop
      vertex 9.01004 61.9899 2.5
      vertex 9.01004 61.9899 0
      vertex 9.46423 62.2934 2.5
    endloop
  endfacet
  facet normal 0.195141 -0.980775 0
    outer loop
      vertex 10 62.4 0
      vertex 10 62.4 2.5
      vertex 9.46423 62.2934 0
    endloop
  endfacet
  facet normal 0.195141 -0.980775 0
    outer loop
      vertex 9.46423 62.2934 2.5
      vertex 9.46423 62.2934 0
      vertex 10 62.4 2.5
    endloop
  endfacet
  facet normal -0.19513 -0.980777 0
    outer loop
      vertex 10.5358 62.2934 0
      vertex 10.5358 62.2934 2.5
      vertex 10 62.4 0
    endloop
  endfacet
  facet normal -0.19513 -0.980777 -0
    outer loop
      vertex 10 62.4 2.5
      vertex 10 62.4 0
      vertex 10.5358 62.2934 2.5
    endloop
  endfacet
  facet normal -0.555672 -0.831402 0
    outer loop
      vertex 10.9899 61.9899 0
      vertex 10.9899 61.9899 2.5
      vertex 10.5358 62.2934 0
    endloop
  endfacet
  facet normal -0.555672 -0.831402 -0
    outer loop
      vertex 10.5358 62.2934 2.5
      vertex 10.5358 62.2934 0
      vertex 10.9899 61.9899 2.5
    endloop
  endfacet
  facet normal -0.831402 -0.555672 0
    outer loop
      vertex 11.2934 61.5358 0
      vertex 11.2934 61.5358 2.5
      vertex 10.9899 61.9899 0
    endloop
  endfacet
  facet normal -0.831402 -0.555672 -0
    outer loop
      vertex 10.9899 61.9899 2.5
      vertex 10.9899 61.9899 0
      vertex 11.2934 61.5358 2.5
    endloop
  endfacet
  facet normal -0.980777 -0.19513 0
    outer loop
      vertex 11.4 61 0
      vertex 11.4 61 2.5
      vertex 11.2934 61.5358 0
    endloop
  endfacet
  facet normal -0.980777 -0.19513 -0
    outer loop
      vertex 11.2934 61.5358 2.5
      vertex 11.2934 61.5358 0
      vertex 11.4 61 2.5
    endloop
  endfacet
  facet normal -0.980777 0.19513 0
    outer loop
      vertex 11.2934 60.4642 0
      vertex 11.2934 60.4642 2.5
      vertex 11.4 61 0
    endloop
  endfacet
  facet normal -0.980777 0.19513 0
    outer loop
      vertex 11.4 61 2.5
      vertex 11.4 61 0
      vertex 11.2934 60.4642 2.5
    endloop
  endfacet
  facet normal -0.831458 0.555587 0
    outer loop
      vertex 10.9899 60.01 0
      vertex 10.9899 60.01 2.5
      vertex 11.2934 60.4642 0
    endloop
  endfacet
  facet normal -0.831458 0.555587 0
    outer loop
      vertex 11.2934 60.4642 2.5
      vertex 11.2934 60.4642 0
      vertex 10.9899 60.01 2.5
    endloop
  endfacet
  facet normal -0.555545 0.831486 0
    outer loop
      vertex 10.5358 59.7066 0
      vertex 10.5358 59.7066 2.5
      vertex 10.9899 60.01 0
    endloop
  endfacet
  facet normal -0.555545 0.831486 0
    outer loop
      vertex 10.9899 60.01 2.5
      vertex 10.9899 60.01 0
      vertex 10.5358 59.7066 2.5
    endloop
  endfacet
  facet normal -0.19513 0.980777 0
    outer loop
      vertex 10 59.6 0
      vertex 10 59.6 2.5
      vertex 10.5358 59.7066 0
    endloop
  endfacet
  facet normal -0.19513 0.980777 0
    outer loop
      vertex 10.5358 59.7066 2.5
      vertex 10.5358 59.7066 0
      vertex 10 59.6 2.5
    endloop
  endfacet
  facet normal 0.195141 0.980775 -0
    outer loop
      vertex 9.46423 59.7066 0
      vertex 9.46423 59.7066 2.5
      vertex 10 59.6 0
    endloop
  endfacet
  facet normal 0.195141 0.980775 0
    outer loop
      vertex 10 59.6 2.5
      vertex 10 59.6 0
      vertex 9.46423 59.7066 2.5
    endloop
  endfacet
  facet normal 1 0 -0
    outer loop
      vertex -17.5 59 0
      vertex -17.5 59 2.5
      vertex -17.5 51 0
    endloop
  endfacet
  facet normal 1 -0 0
    outer loop
      vertex -17.5 51 2.5
      vertex -17.5 51 0
      vertex -17.5 59 2.5
    endloop
  endfacet
  facet normal 0 -1 0
    outer loop
      vertex -14.5 59 0
      vertex -14.5 59 2.5
      vertex -17.5 59 0
    endloop
  endfacet
  facet normal 0 -1 0
    outer loop
      vertex -17.5 59 2.5
      vertex -17.5 59 0
      vertex -14.5 59 2.5
    endloop
  endfacet
  facet normal -1 0 0
    outer loop
      vertex -14.5 51 0
      vertex -14.5 51 2.5
      vertex -14.5 59 0
    endloop
  endfacet
  facet normal -1 -0 -0
    outer loop
      vertex -14.5 59 2.5
      vertex -14.5 59 0
      vertex -14.5 51 2.5
    endloop
  endfacet
  facet normal 0 1 0
    outer loop
      vertex -17.5 51 0
      vertex -17.5 51 2.5
      vertex -14.5 51 0
    endloop
  endfacet
  facet normal 0 1 0
    outer loop
      vertex -14.5 51 2.5
      vertex -14.5 51 0
      vertex -17.5 51 2.5
    endloop
  endfacet
  facet normal 1 0 -0
    outer loop
      vertex 14.5 59 0
      vertex 14.5 59 2.5
      vertex 14.5 51 0
    endloop
  endfacet
  facet normal 1 -0 0
    outer loop
      vertex 14.5 51 2.5
      vertex 14.5 51 0
      vertex 14.5 59 2.5
    endloop
  endfacet
  facet normal 0 -1 0
    outer loop
      vertex 17.5 59 0
      vertex 17.5 59 2.5
      vertex 14.5 59 0
    endloop
  endfacet
  facet normal 0 -1 0
    outer loop
      vertex 14.5 59 2.5
      vertex 14.5 59 0
      vertex 17.5 59 2.5
    endloop
  endfacet
  facet normal -1 0 0
    outer loop
      vertex 17.5 51 0
      vertex 17.5 51 2.5
      vertex 17.5 59 0
    endloop
  endfacet
  facet normal -1 -0 -0
    outer loop
      vertex 17.5 59 2.5
      vertex 17.5 59 0
      vertex 17.5 51 2.5
    endloop
  endfacet
  facet normal 0 1 0
    outer loop
      vertex 14.5 51 0
      vertex 14.5 51 2.5
      vertex 17.5 51 0
    endloop
  endfacet
  facet normal 0 1 0
    outer loop
      vertex 17.5 51 2.5
      vertex 17.5 51 0
      vertex 14.5 51 2.5
    endloop
  endfacet
  facet normal 0.382796 0.923833 -0
    outer loop
      vertex 22.93 39.7944 0
      vertex 22.93 39.7944 2.5
      vertex 23.3159 39.6345 0
    endloop
  endfacet
  facet normal 0.382796 0.923833 0
    outer loop
      vertex 23.3159 39.6345 2.5
      vertex 23.3159 39.6345 0
      vertex 22.93 39.7944 2.5
    endloop
  endfacet
  facet normal 0.608623 0.79346 -0
    outer loop
      vertex 22.5986 40.0486 0
      vertex 22.5986 40.0486 2.5
      vertex 22.93 39.7944 0
    endloop
  endfacet
  facet normal 0.608623 0.79346 0
    outer loop
      vertex 22.93 39.7944 2.5
      vertex 22.93 39.7944 0
      vertex 22.5986 40.0486 2.5
    endloop
  endfacet
  facet normal 0.793344 0.608773 -0
    outer loop
      vertex 22.3443 40.38 0
      vertex 22.3443 40.38 2.5
      vertex 22.5986 40.0486 0
    endloop
  endfacet
  facet normal 0.793344 0.608773 0
    outer loop
      vertex 22.5986 40.0486 2.5
      vertex 22.5986 40.0486 0
      vertex 22.3443 40.38 2.5
    endloop
  endfacet
  facet normal 0.923918 0.382591 -0
    outer loop
      vertex 22.1845 40.7659 0
      vertex 22.1845 40.7659 2.5
      vertex 22.3443 40.38 0
    endloop
  endfacet
  facet normal 0.923918 0.382591 0
    outer loop
      vertex 22.3443 40.38 2.5
      vertex 22.3443 40.38 0
      vertex 22.1845 40.7659 2.5
    endloop
  endfacet
  facet normal 0.99145 0.130485 -0
    outer loop
      vertex 22.13 41.18 0
      vertex 22.13 41.18 2.5
      vertex 22.1845 40.7659 0
    endloop
  endfacet
  facet normal 0.99145 0.130485 0
    outer loop
      vertex 22.1845 40.7659 2.5
      vertex 22.1845 40.7659 0
      vertex 22.13 41.18 2.5
    endloop
  endfacet
  facet normal 0.99145 -0.130485 0
    outer loop
      vertex 22.1845 41.5941 0
      vertex 22.1845 41.5941 2.5
      vertex 22.13 41.18 0
    endloop
  endfacet
  facet normal 0.99145 -0.130485 0
    outer loop
      vertex 22.13 41.18 2.5
      vertex 22.13 41.18 0
      vertex 22.1845 41.5941 2.5
    endloop
  endfacet
  facet normal 0.923918 -0.382591 0
    outer loop
      vertex 22.3443 41.98 0
      vertex 22.3443 41.98 2.5
      vertex 22.1845 41.5941 0
    endloop
  endfacet
  facet normal 0.923918 -0.382591 0
    outer loop
      vertex 22.1845 41.5941 2.5
      vertex 22.1845 41.5941 0
      vertex 22.3443 41.98 2.5
    endloop
  endfacet
  facet normal 0.793344 -0.608773 0
    outer loop
      vertex 22.5986 42.3114 0
      vertex 22.5986 42.3114 2.5
      vertex 22.3443 41.98 0
    endloop
  endfacet
  facet normal 0.793344 -0.608773 0
    outer loop
      vertex 22.3443 41.98 2.5
      vertex 22.3443 41.98 0
      vertex 22.5986 42.3114 2.5
    endloop
  endfacet
  facet normal 0.608623 -0.79346 0
    outer loop
      vertex 22.93 42.5656 0
      vertex 22.93 42.5656 2.5
      vertex 22.5986 42.3114 0
    endloop
  endfacet
  facet normal 0.608623 -0.79346 0
    outer loop
      vertex 22.5986 42.3114 2.5
      vertex 22.5986 42.3114 0
      vertex 22.93 42.5656 2.5
    endloop
  endfacet
  facet normal 0.382796 -0.923833 0
    outer loop
      vertex 23.3159 42.7255 0
      vertex 23.3159 42.7255 2.5
      vertex 22.93 42.5656 0
    endloop
  endfacet
  facet normal 0.382796 -0.923833 0
    outer loop
      vertex 22.93 42.5656 2.5
      vertex 22.93 42.5656 0
      vertex 23.3159 42.7255 2.5
    endloop
  endfacet
  facet normal 0.130485 -0.99145 0
    outer loop
      vertex 23.73 42.78 0
      vertex 23.73 42.78 2.5
      vertex 23.3159 42.7255 0
    endloop
  endfacet
  facet normal 0.130485 -0.99145 0
    outer loop
      vertex 23.3159 42.7255 2.5
      vertex 23.3159 42.7255 0
      vertex 23.73 42.78 2.5
    endloop
  endfacet
  facet normal -0.130485 -0.99145 0
    outer loop
      vertex 24.1441 42.7255 0
      vertex 24.1441 42.7255 2.5
      vertex 23.73 42.78 0
    endloop
  endfacet
  facet normal -0.130485 -0.99145 -0
    outer loop
      vertex 23.73 42.78 2.5
      vertex 23.73 42.78 0
      vertex 24.1441 42.7255 2.5
    endloop
  endfacet
  facet normal -0.382796 -0.923833 0
    outer loop
      vertex 24.53 42.5656 0
      vertex 24.53 42.5656 2.5
      vertex 24.1441 42.7255 0
    endloop
  endfacet
  facet normal -0.382796 -0.923833 -0
    outer loop
      vertex 24.1441 42.7255 2.5
      vertex 24.1441 42.7255 0
      vertex 24.53 42.5656 2.5
    endloop
  endfacet
  facet normal -0.608623 -0.79346 0
    outer loop
      vertex 24.8614 42.3114 0
      vertex 24.8614 42.3114 2.5
      vertex 24.53 42.5656 0
    endloop
  endfacet
  facet normal -0.608623 -0.79346 -0
    outer loop
      vertex 24.53 42.5656 2.5
      vertex 24.53 42.5656 0
      vertex 24.8614 42.3114 2.5
    endloop
  endfacet
  facet normal -0.79346 -0.608623 0
    outer loop
      vertex 25.1156 41.98 0
      vertex 25.1156 41.98 2.5
      vertex 24.8614 42.3114 0
    endloop
  endfacet
  facet normal -0.79346 -0.608623 -0
    outer loop
      vertex 24.8614 42.3114 2.5
      vertex 24.8614 42.3114 0
      vertex 25.1156 41.98 2.5
    endloop
  endfacet
  facet normal -0.923833 -0.382796 0
    outer loop
      vertex 25.2755 41.5941 0
      vertex 25.2755 41.5941 2.5
      vertex 25.1156 41.98 0
    endloop
  endfacet
  facet normal -0.923833 -0.382796 -0
    outer loop
      vertex 25.1156 41.98 2.5
      vertex 25.1156 41.98 0
      vertex 25.2755 41.5941 2.5
    endloop
  endfacet
  facet normal -0.99145 -0.130485 0
    outer loop
      vertex 25.33 41.18 0
      vertex 25.33 41.18 2.5
      vertex 25.2755 41.5941 0
    endloop
  endfacet
  facet normal -0.99145 -0.130485 -0
    outer loop
      vertex 25.2755 41.5941 2.5
      vertex 25.2755 41.5941 0
      vertex 25.33 41.18 2.5
    endloop
  endfacet
  facet normal -0.99145 0.130485 0
    outer loop
      vertex 25.2755 40.7659 0
      vertex 25.2755 40.7659 2.5
      vertex 25.33 41.18 0
    endloop
  endfacet
  facet normal -0.99145 0.130485 0
    outer loop
      vertex 25.33 41.18 2.5
      vertex 25.33 41.18 0
      vertex 25.2755 40.7659 2.5
    endloop
  endfacet
  facet normal -0.923833 0.382796 0
    outer loop
      vertex 25.1156 40.38 0
      vertex 25.1156 40.38 2.5
      vertex 25.2755 40.7659 0
    endloop
  endfacet
  facet normal -0.923833 0.382796 0
    outer loop
      vertex 25.2755 40.7659 2.5
      vertex 25.2755 40.7659 0
      vertex 25.1156 40.38 2.5
    endloop
  endfacet
  facet normal -0.79346 0.608623 0
    outer loop
      vertex 24.8614 40.0486 0
      vertex 24.8614 40.0486 2.5
      vertex 25.1156 40.38 0
    endloop
  endfacet
  facet normal -0.79346 0.608623 0
    outer loop
      vertex 25.1156 40.38 2.5
      vertex 25.1156 40.38 0
      vertex 24.8614 40.0486 2.5
    endloop
  endfacet
  facet normal -0.608623 0.79346 0
    outer loop
      vertex 24.53 39.7944 0
      vertex 24.53 39.7944 2.5
      vertex 24.8614 40.0486 0
    endloop
  endfacet
  facet normal -0.608623 0.79346 0
    outer loop
      vertex 24.8614 40.0486 2.5
      vertex 24.8614 40.0486 0
      vertex 24.53 39.7944 2.5
    endloop
  endfacet
  facet normal -0.382796 0.923833 0
    outer loop
      vertex 24.1441 39.6345 0
      vertex 24.1441 39.6345 2.5
      vertex 24.53 39.7944 0
    endloop
  endfacet
  facet normal -0.382796 0.923833 0
    outer loop
      vertex 24.53 39.7944 2.5
      vertex 24.53 39.7944 0
      vertex 24.1441 39.6345 2.5
    endloop
  endfacet
  facet normal -0.130485 0.99145 0
    outer loop
      vertex 23.73 39.58 0
      vertex 23.73 39.58 2.5
      vertex 24.1441 39.6345 0
    endloop
  endfacet
  facet normal -0.130485 0.99145 0
    outer loop
      vertex 24.1441 39.6345 2.5
      vertex 24.1441 39.6345 0
      vertex 23.73 39.58 2.5
    endloop
  endfacet
  facet normal 0.130485 0.99145 -0
    outer loop
      vertex 23.3159 39.6345 0
      vertex 23.3159 39.6345 2.5
      vertex 23.73 39.58 0
    endloop
  endfacet
  facet normal 0.130485 0.99145 0
    outer loop
      vertex 23.73 39.58 2.5
      vertex 23.73 39.58 0
      vertex 23.3159 39.6345 2.5
    endloop
  endfacet
  facet normal 0.382796 0.923833 -0
    outer loop
      vertex -24.53 39.7944 0
      vertex -24.53 39.7944 2.5
      vertex -24.1441 39.6345 0
    endloop
  endfacet
  facet normal 0.382796 0.923833 0
    outer loop
      vertex -24.1441 39.6345 2.5
      vertex -24.1441 39.6345 0
      vertex -24.53 39.7944 2.5
    endloop
  endfacet
  facet normal 0.608623 0.79346 -0
    outer loop
      vertex -24.8614 40.0486 0
      vertex -24.8614 40.0486 2.5
      vertex -24.53 39.7944 0
    endloop
  endfacet
  facet normal 0.608623 0.79346 0
    outer loop
      vertex -24.53 39.7944 2.5
      vertex -24.53 39.7944 0
      vertex -24.8614 40.0486 2.5
    endloop
  endfacet
  facet normal 0.79346 0.608623 -0
    outer loop
      vertex -25.1156 40.38 0
      vertex -25.1156 40.38 2.5
      vertex -24.8614 40.0486 0
    endloop
  endfacet
  facet normal 0.79346 0.608623 0
    outer loop
      vertex -24.8614 40.0486 2.5
      vertex -24.8614 40.0486 0
      vertex -25.1156 40.38 2.5
    endloop
  endfacet
  facet normal 0.923833 0.382796 -0
    outer loop
      vertex -25.2755 40.7659 0
      vertex -25.2755 40.7659 2.5
      vertex -25.1156 40.38 0
    endloop
  endfacet
  facet normal 0.923833 0.382796 0
    outer loop
      vertex -25.1156 40.38 2.5
      vertex -25.1156 40.38 0
      vertex -25.2755 40.7659 2.5
    endloop
  endfacet
  facet normal 0.99145 0.130485 -0
    outer loop
      vertex -25.33 41.18 0
      vertex -25.33 41.18 2.5
      vertex -25.2755 40.7659 0
    endloop
  endfacet
  facet normal 0.99145 0.130485 0
    outer loop
      vertex -25.2755 40.7659 2.5
      vertex -25.2755 40.7659 0
      vertex -25.33 41.18 2.5
    endloop
  endfacet
  facet normal 0.99145 -0.130485 0
    outer loop
      vertex -25.2755 41.5941 0
      vertex -25.2755 41.5941 2.5
      vertex -25.33 41.18 0
    endloop
  endfacet
  facet normal 0.99145 -0.130485 0
    outer loop
      vertex -25.33 41.18 2.5
      vertex -25.33 41.18 0
      vertex -25.2755 41.5941 2.5
    endloop
  endfacet
  facet normal 0.923833 -0.382796 0
    outer loop
      vertex -25.1156 41.98 0
      vertex -25.1156 41.98 2.5
      vertex -25.2755 41.5941 0
    endloop
  endfacet
  facet normal 0.923833 -0.382796 0
    outer loop
      vertex -25.2755 41.5941 2.5
      vertex -25.2755 41.5941 0
      vertex -25.1156 41.98 2.5
    endloop
  endfacet
  facet normal 0.79346 -0.608623 0
    outer loop
      vertex -24.8614 42.3114 0
      vertex -24.8614 42.3114 2.5
      vertex -25.1156 41.98 0
    endloop
  endfacet
  facet normal 0.79346 -0.608623 0
    outer loop
      vertex -25.1156 41.98 2.5
      vertex -25.1156 41.98 0
      vertex -24.8614 42.3114 2.5
    endloop
  endfacet
  facet normal 0.608623 -0.79346 0
    outer loop
      vertex -24.53 42.5656 0
      vertex -24.53 42.5656 2.5
      vertex -24.8614 42.3114 0
    endloop
  endfacet
  facet normal 0.608623 -0.79346 0
    outer loop
      vertex -24.8614 42.3114 2.5
      vertex -24.8614 42.3114 0
      vertex -24.53 42.5656 2.5
    endloop
  endfacet
  facet normal 0.382796 -0.923833 0
    outer loop
      vertex -24.1441 42.7255 0
      vertex -24.1441 42.7255 2.5
      vertex -24.53 42.5656 0
    endloop
  endfacet
  facet normal 0.382796 -0.923833 0
    outer loop
      vertex -24.53 42.5656 2.5
      vertex -24.53 42.5656 0
      vertex -24.1441 42.7255 2.5
    endloop
  endfacet
  facet normal 0.130485 -0.99145 0
    outer loop
      vertex -23.73 42.78 0
      vertex -23.73 42.78 2.5
      vertex -24.1441 42.7255 0
    endloop
  endfacet
  facet normal 0.130485 -0.99145 0
    outer loop
      vertex -24.1441 42.7255 2.5
      vertex -24.1441 42.7255 0
      vertex -23.73 42.78 2.5
    endloop
  endfacet
  facet normal -0.130485 -0.99145 0
    outer loop
      vertex -23.3159 42.7255 0
      vertex -23.3159 42.7255 2.5
      vertex -23.73 42.78 0
    endloop
  endfacet
  facet normal -0.130485 -0.99145 -0
    outer loop
      vertex -23.73 42.78 2.5
      vertex -23.73 42.78 0
      vertex -23.3159 42.7255 2.5
    endloop
  endfacet
  facet normal -0.382796 -0.923833 0
    outer loop
      vertex -22.93 42.5656 0
      vertex -22.93 42.5656 2.5
      vertex -23.3159 42.7255 0
    endloop
  endfacet
  facet normal -0.382796 -0.923833 -0
    outer loop
      vertex -23.3159 42.7255 2.5
      vertex -23.3159 42.7255 0
      vertex -22.93 42.5656 2.5
    endloop
  endfacet
  facet normal -0.608623 -0.79346 0
    outer loop
      vertex -22.5986 42.3114 0
      vertex -22.5986 42.3114 2.5
      vertex -22.93 42.5656 0
    endloop
  endfacet
  facet normal -0.608623 -0.79346 -0
    outer loop
      vertex -22.93 42.5656 2.5
      vertex -22.93 42.5656 0
      vertex -22.5986 42.3114 2.5
    endloop
  endfacet
  facet normal -0.793344 -0.608773 0
    outer loop
      vertex -22.3443 41.98 0
      vertex -22.3443 41.98 2.5
      vertex -22.5986 42.3114 0
    endloop
  endfacet
  facet normal -0.793344 -0.608773 -0
    outer loop
      vertex -22.5986 42.3114 2.5
      vertex -22.5986 42.3114 0
      vertex -22.3443 41.98 2.5
    endloop
  endfacet
  facet normal -0.923918 -0.382591 0
    outer loop
      vertex -22.1845 41.5941 0
      vertex -22.1845 41.5941 2.5
      vertex -22.3443 41.98 0
    endloop
  endfacet
  facet normal -0.923918 -0.382591 -0
    outer loop
      vertex -22.3443 41.98 2.5
      vertex -22.3443 41.98 0
      vertex -22.1845 41.5941 2.5
    endloop
  endfacet
  facet normal -0.99145 -0.130485 0
    outer loop
      vertex -22.13 41.18 0
      vertex -22.13 41.18 2.5
      vertex -22.1845 41.5941 0
    endloop
  endfacet
  facet normal -0.99145 -0.130485 -0
    outer loop
      vertex -22.1845 41.5941 2.5
      vertex -22.1845 41.5941 0
      vertex -22.13 41.18 2.5
    endloop
  endfacet
  facet normal -0.99145 0.130485 0
    outer loop
      vertex -22.1845 40.7659 0
      vertex -22.1845 40.7659 2.5
      vertex -22.13 41.18 0
    endloop
  endfacet
  facet normal -0.99145 0.130485 0
    outer loop
      vertex -22.13 41.18 2.5
      vertex -22.13 41.18 0
      vertex -22.1845 40.7659 2.5
    endloop
  endfacet
  facet normal -0.923918 0.382591 0
    outer loop
      vertex -22.3443 40.38 0
      vertex -22.3443 40.38 2.5
      vertex -22.1845 40.7659 0
    endloop
  endfacet
  facet normal -0.923918 0.382591 0
    outer loop
      vertex -22.1845 40.7659 2.5
      vertex -22.1845 40.7659 0
      vertex -22.3443 40.38 2.5
    endloop
  endfacet
  facet normal -0.793344 0.608773 0
    outer loop
      vertex -22.5986 40.0486 0
      vertex -22.5986 40.0486 2.5
      vertex -22.3443 40.38 0
    endloop
  endfacet
  facet normal -0.793344 0.608773 0
    outer loop
      vertex -22.3443 40.38 2.5
      vertex -22.3443 40.38 0
      vertex -22.5986 40.0486 2.5
    endloop
  endfacet
  facet normal -0.608623 0.79346 0
    outer loop
      vertex -22.93 39.7944 0
      vertex -22.93 39.7944 2.5
      vertex -22.5986 40.0486 0
    endloop
  endfacet
  facet normal -0.608623 0.79346 0
    outer loop
      vertex -22.5986 40.0486 2.5
      vertex -22.5986 40.0486 0
      vertex -22.93 39.7944 2.5
    endloop
  endfacet
  facet normal -0.382796 0.923833 0
    outer loop
      vertex -23.3159 39.6345 0
      vertex -23.3159 39.6345 2.5
      vertex -22.93 39.7944 0
    endloop
  endfacet
  facet normal -0.382796 0.923833 0
    outer loop
      vertex -22.93 39.7944 2.5
      vertex -22.93 39.7944 0
      vertex -23.3159 39.6345 2.5
    endloop
  endfacet
  facet normal -0.130485 0.99145 0
    outer loop
      vertex -23.73 39.58 0
      vertex -23.73 39.58 2.5
      vertex -23.3159 39.6345 0
    endloop
  endfacet
  facet normal -0.130485 0.99145 0
    outer loop
      vertex -23.3159 39.6345 2.5
      vertex -23.3159 39.6345 0
      vertex -23.73 39.58 2.5
    endloop
  endfacet
  facet normal 0.130485 0.99145 -0
    outer loop
      vertex -24.1441 39.6345 0
      vertex -24.1441 39.6345 2.5
      vertex -23.73 39.58 0
    endloop
  endfacet
  facet normal 0.130485 0.99145 0
    outer loop
      vertex -23.73 39.58 2.5
      vertex -23.73 39.58 0
      vertex -24.1441 39.6345 2.5
    endloop
  endfacet
endsolid OpenSCAD_Model
